case,event,index,relative_singular_value,event_field_coefficient,retained
finest-broad,first,0,1.0,0.00019961264687381905,True
finest-broad,first,1,0.99871285405381,-0.00022607118034765735,True
finest-broad,first,2,0.9785673743152319,-0.00018484511047319664,True
finest-broad,first,3,0.9774770548341726,0.0002222802233849974,True
finest-broad,first,4,0.9633274297387846,-0.00017602642672873194,True
finest-broad,first,5,0.9623315484135503,0.00022048165361830658,True
finest-broad,first,6,0.951046067597423,-0.00017041954088783145,True
finest-broad,first,7,0.9501039554796216,0.00021944001091646904,True
finest-broad,first,8,0.9405548064498097,-0.0001668943668671984,True
finest-broad,first,9,0.9396455376628158,0.00021881322240406394,True
finest-broad,first,10,0.9312786151066691,-0.00016483156752222002,True
finest-broad,first,11,0.930389980347249,0.000218469876745059,True
finest-broad,first,12,0.9228862805951553,-0.0001638422218229762,True
finest-broad,first,13,0.9220106097123913,0.00021834823291255338,True
finest-broad,first,14,0.9151674369626398,-0.0001636621514435583,True
finest-broad,first,15,0.9142996825570916,0.00021841388505455963,True
finest-broad,first,16,0.9079791906714512,0.00016410265541095818,True
finest-broad,first,17,0.9071159352506929,-0.0002186444611493522,True
finest-broad,first,18,0.9012195927789634,0.00016502420549949188,True
finest-broad,first,19,0.9003584883727407,-0.00021902343258077263,True
finest-broad,first,20,0.8948131282637515,0.00016632103404708797,True
finest-broad,first,21,0.8939525590307164,-0.00021953740740007102,True
finest-broad,first,22,0.888702187063457,0.00016791147795211254,True
finest-broad,first,23,0.8878410555159052,-0.00022017487413966198,True
finest-broad,first,24,0.8828417612187446,0.00016973161376479672,True
finest-broad,first,25,0.8819793470003616,-0.00022092558784671525,True
finest-broad,first,26,0.8771959950914212,0.00017173088935442952,True
finest-broad,first,27,0.8763318583754657,-0.00022178025376301885,True
finest-broad,first,28,0.8717358556506982,0.000173869024262412,True
finest-broad,first,29,0.8708697690879523,-0.00022273035372256247,True
finest-broad,first,30,0.8664375089601583,0.00017611374730708805,True
finest-broad,first,31,0.86556940853331,-0.00022376804265866008,True
finest-broad,first,32,0.8612811580697407,0.00017843910487379223,True
finest-broad,first,33,0.8604111068550471,-0.00022488608009582856,True
finest-broad,first,34,0.856250191719845,0.00018082416947996056,True
finest-broad,first,35,0.8553783527033733,-0.00022607777926692083,True
finest-broad,first,36,0.8513305480412855,0.00018325203643651194,True
finest-broad,first,37,0.8504571634433131,-0.00022733696521875762,True
finest-broad,first,38,0.8465102304748523,0.00018570903276125052,True
finest-broad,first,39,0.8456356058542153,-0.0002286579376586753,True
finest-broad,first,40,0.8417789337080009,-0.00018818408576519802,True
finest-broad,first,41,0.8409034256441127,0.0002300354365616906,True
finest-broad,first,42,0.8371277506006594,0.00019066821393382816,True
finest-broad,first,43,0.8362517570972271,-0.00023146460973564096,True
finest-broad,first,44,0.8325489397204611,0.0001931541128987999,True
finest-broad,first,45,0.8316728927081197,-0.00023294098215518683,True
finest-broad,first,46,0.828035738912428,-0.00019563581621680757,True
finest-broad,first,47,0.8271600983879069,0.00023446042719499997,True
finest-broad,first,48,0.8235822143031687,0.00019810841550172356,True
finest-broad,first,49,0.8227074637551854,-0.00023601914005161946,True
finest-broad,first,50,0.819183136911871,-0.0002005678278834271,True
finest-broad,first,51,0.8183097797643789,0.00023761361372739824,True
finest-broad,first,52,0.8148338810062797,0.00020301060125436612,True
finest-broad,first,53,0.8139624378681312,-0.0002392406180107,True
finest-broad,first,54,0.8105303397575016,-0.00020543374961772205,True
finest-broad,first,55,0.8096613463105233,0.00024089718191184928,True
finest-broad,first,56,0.8062688547814064,0.00020783461221034,True
finest-broad,first,57,0.8054028601707639,-0.00024258058009764052,True
finest-broad,first,58,0.8020461569195504,-0.00021021073115067774,True
finest-broad,first,59,0.8011837225338564,0.00024428832391781553,True
finest-broad,first,60,0.7978593161855108,0.00021255974313608942,True
finest-broad,first,61,0.7970010147316307,-0.00024601815773536077,True
finest-broad,first,62,0.7937056992366639,-0.0002148792813328544,True
finest-broad,first,63,0.7928521140265801,-0.0002477680614050291,True
finest-broad,first,64,0.7895829330635181,0.00021716688404187177,True
finest-broad,first,65,0.7887346574391886,0.0002495362599186431,True
finest-broad,first,66,0.7854888738454202,-0.00021941990704075822,True
finest-broad,first,67,0.7846465106726077,-0.0002513212414594033,True
finest-broad,first,68,0.7814215801214442,0.00022163543670710838,True
finest-broad,first,69,0.780585741285555,0.0002531217853713607,True
finest-broad,first,70,0.7773792895824303,-0.00022381020113379434,True
finest-broad,first,71,0.7765505954185342,-0.00025493700187064036,True
finest-broad,first,72,0.7733603989144917,0.00022594047645949704,True
finest-broad,first,73,0.7725394774999973,0.00025676638569744833,True
finest-broad,first,74,0.7693634462232862,0.00022802198557702,True
finest-broad,first,75,0.7685509324550738,-0.0002586098863351248,True
finest-broad,first,76,0.7653870956475852,-0.00023004978624768596,True
finest-broad,first,77,0.7645836300155004,-0.00026046799788695716,True
finest-broad,first,78,0.7614301238343109,0.0002320181454668709,True
finest-broad,first,79,0.7606363507894511,0.00026234187220128464,True
finest-broad,first,80,0.7574914079984507,-0.00023392039671970777,True
finest-broad,first,81,0.7567079737970664,0.00026423345931431483,True
finest-broad,first,82,0.753569915332469,-0.00023574877658510466,True
finest-broad,first,83,0.7527974652139405,0.0002661456796864587,True
finest-broad,first,84,0.749664693562823,-0.00023749423708289567,True
finest-broad,first,85,0.7489038680922439,0.0002680826329182737,True
finest-broad,first,86,0.7457748624773511,-0.00023914623034686382,True
finest-broad,first,87,0.7450262928488218,0.00027004984746767797,True
finest-broad,first,88,0.7418996062675102,-0.00024069246291187214,True
finest-broad,first,89,0.7411639083223794,0.000272054575047571,True
finest-broad,first,90,0.7380381665444452,-0.00024211861850624819,True
finest-broad,first,91,0.7373159332084986,0.00027410613141397967,True
finest-broad,first,92,0.7341898358979422,-0.00024340805142741964,True
finest-broad,first,93,0.7334816276824699,0.0002762162814517389,True
finest-broad,first,94,0.7303539518725218,-0.00024454145836691395,True
finest-broad,first,95,0.7296602850165823,0.00027839965981467797,True
finest-broad,first,96,0.7265298912348442,-0.0002454965465853744,True
finest-broad,first,97,0.7258512229922798,0.00028067420743495936,True
finest-broad,first,98,0.7227170644004155,-0.00024624773303004335,True
finest-broad,first,99,0.7220537749010747,0.00028306158704498156,True
finest-broad,first,100,0.7189149098734758,-0.0002467659358200934,True
finest-broad,first,101,0.7182672799262,0.00028558751511603274,True
finest-broad,first,102,0.7151228885291983,-0.00024701856103691864,True
finest-broad,first,103,0.7144910727079794,0.0002882819109935879,True
finest-broad,first,104,0.7113404775272631,-0.0002469698490550245,True
finest-broad,first,105,0.7107244719333524,0.00029117871536259014,True
finest-broad,first,106,0.7075671635842741,-0.0002465818293539684,True
finest-broad,first,107,0.7069667678745825,0.00029431517225163073,True
finest-broad,first,108,0.7038024352414822,-0.0002458162379402383,True
finest-broad,first,109,0.7032172089626436,0.00029773031300584093,True
finest-broad,first,110,0.7000457736387389,-0.0002446378573796764,True
finest-broad,first,111,0.6994749877517769,0.0003014623547558766,True
finest-broad,first,112,0.6962966411517323,-0.00024301979207886493,True
finest-broad,first,113,0.6957392270430527,0.000305544782081814,True
finest-broad,first,114,0.6925544671057771,-0.00024095108224003953,True
finest-broad,first,115,0.692008967487653,0.0003100010965680451,True
finest-broad,first,116,0.6888186297470147,-0.00023844661978405444,True
finest-broad,first,117,0.6882831586132544,0.0003148386739995781,True
finest-broad,first,118,0.6850884339265131,-0.00023555838124658635,True
finest-broad,first,119,0.6845606557140859,0.00032004287074512583,True
finest-broad,first,120,0.6813630848116412,0.00023238551986484854,True
finest-broad,first,121,0.6808402250776902,-0.00032557328194404977,True
finest-broad,first,122,0.6776416596130984,0.00022907928879505835,True
finest-broad,first,123,0.6771205591997533,-0.00033136440007942804,True
finest-broad,first,124,0.6739230817019844,0.00022583815307091482,True
finest-broad,first,125,0.6734003017901947,-0.0003373322286869784,True
finest-broad,first,126,0.6702061038313348,-0.0002228900978865995,True
finest-broad,first,127,0.6696780798893611,0.000343386412916343,True
finest-broad,first,128,0.6664893080818124,-0.0002204634563968387,True
finest-broad,first,129,0.6659525383281737,0.0003494448736331465,True
finest-broad,first,130,0.6627711283131212,0.00021875290328271185,True
finest-broad,first,131,0.6622223712346074,-0.00035544637543003313,True
finest-broad,first,132,0.6590498962068844,0.0002178903635993047,True
finest-broad,first,133,0.6584863466748354,-0.0003613571950454619,True
finest-broad,first,134,0.6553239060156544,-0.00021792916088581038,True
finest-broad,first,135,0.6547433229760896,0.000367170734055217,True
finest-broad,first,136,0.6515914883514302,-0.00021884454422425417,True
finest-broad,first,137,0.6509922574011318,0.00037290175921132946,True
finest-broad,first,138,0.6478510815795312,0.00022054798786120904,True
finest-broad,first,139,0.6472322087624192,-0.000378578338966675,True
finest-broad,first,140,0.6441012908810348,0.0002229092687441732,True
finest-broad,first,141,0.6434623354068437,-0.00038423420811520954,True
finest-broad,first,142,0.6403409287067094,-0.00022578008226936105,True
finest-broad,first,143,0.6396818894598139,0.0003899030539193902,True
finest-broad,first,144,0.6365690345715473,-0.00022901479922487998,True
finest-broad,first,145,0.6358902078753516,0.0003956150121206896,True
finest-broad,first,146,0.6327848756202831,0.00023248634866582116,True
finest-broad,first,147,0.63208670088492,-0.00040139495006700306,True
finest-broad,first,148,0.6289879314730138,0.00023609706588423597,True
finest-broad,first,149,0.6282708387610128,0.00040726190089935253,True
finest-broad,first,150,0.6251778675275983,-0.0002397852975289053,True
finest-broad,first,151,0.6244421382089792,0.00041322910891514186,True
finest-broad,first,152,0.6213545005741431,0.0002435287045025907,True
finest-broad,first,153,0.6206001499993697,-0.00041930436709708847,True
finest-broad,first,154,0.617517759845335,0.0002473448440371842,True
finest-broad,first,155,0.6167444495318443,-0.0004254905541781748,True
finest-broad,first,156,0.6136676459967216,-0.00025128907820381037,True
finest-broad,first,157,0.6128746317936953,0.0004317864434141531,True
finest-broad,first,158,0.6098041902878563,0.0002554494532386731,True
finest-broad,first,159,0.6089903115920371,-0.00043818791745564193,True
finest-broad,first,160,0.6059274164512743,0.00025993816802095796,True
finest-broad,first,161,0.6050911290280084,-0.00044468966299344217,True
finest-broad,first,162,0.602037308152501,-0.000264879722996386,True
finest-broad,first,163,0.6011767591014603,0.0004512872516250385,True
finest-broad,first,164,0.5981337851373882,-0.0002703967240051813,True
finest-broad,first,165,0.5972469233770058,-0.00045797930923890175,True
finest-broad,first,166,0.594216690707945,0.0002765952738692244,True
finest-broad,first,167,0.5933014011416893,-0.000464769342660486,True
finest-broad,first,168,0.5902857918733384,-0.0002835524456746805,True
finest-broad,first,169,0.589340037658041,0.0004716668186145999,True
finest-broad,first,170,0.5863407915888578,-0.00029130813383144175,True
finest-broad,first,171,0.5853627479243904,-0.00047868728439169405,True
finest-broad,first,172,0.5823813504699397,0.00029986260790608265,True
finest-broad,first,173,0.5813695154991805,-0.0004858515949113088,True
finest-broad,first,174,0.5784071138973691,-0.0003091797170692066,True
finest-broad,first,175,0.5773603870219427,0.0004931845401894203,True
finest-broad,first,176,0.5744177399465027,-0.00031919444849559046,True
finest-broad,first,177,0.5733354637564931,-0.0005007132629195543,True
finest-broad,first,178,0.5704129241240956,0.0003298228446581584,True
finest-broad,first,179,0.5692948916907057,-0.0005084658117184578,True
finest-broad,first,180,0.566392418173215,-0.00034097224572223703,True
finest-broad,first,181,0.5652388515436614,0.0005164700476654056,True
finest-broad,first,182,0.5623560417406883,-0.00035255028385337297,True
finest-broad,first,183,0.5611675496398959,-0.000524752980795285,True
finest-broad,first,184,0.5583036870683064,0.00036447173385271867,True
finest-broad,first,185,0.5570812101852426,-0.0005333405068284839,True
finest-broad,first,186,0.5542353178163695,-0.00037666296686396963,True
finest-broad,first,187,0.5529800691279327,0.0005422574579419194,True
finest-broad,first,188,0.5501509635940163,0.00038906421652362596,True
finest-broad,first,189,0.5488643695519144,-0.0005515278669730005,True
finest-broad,first,190,0.5460507118317606,0.00040163011516829405,True
finest-broad,first,191,0.544734358420374,-0.0005611753559413355,True
finest-broad,first,192,0.5419346984258664,-0.0004143290276083219,True
finest-broad,first,193,0.5405902844389683,0.0005712235820370665,True
finest-broad,first,194,0.537803098251516,0.00042714166463512647,True
finest-broad,first,195,0.5364323968105169,-0.0005816966974581775,True
finest-broad,first,196,0.5336561162880202,0.00044005935765937084,True
finest-broad,first,197,0.5322609446814713,0.00059261979875282,True
finest-broad,first,198,0.5294939797889119,-0.00045308226269436306,True
finest-broad,first,199,0.5280761771192645,0.0006040193552669508,True
finest-broad,first,200,0.525316931690178,0.0004662176607787574,True
finest-broad,first,201,0.5238783434991019,-0.0006159236152787943,True
finest-broad,first,202,0.521125225284568,0.00047947844294499804,True
finest-broad,first,203,0.5196676942143018,0.0006283629935578745,True
finest-broad,first,204,0.5169191200885193,-0.000492881811948839,True
finest-broad,first,205,0.5154444816544079,0.000641370446464213,True
finest-broad,first,206,0.512698878776191,0.0005064481967581051,True
finest-broad,first,207,0.5112089614199042,-0.0006549818412934105,True
finest-broad,first,208,0.5084647650373408,-0.0005202003542170312,True
finest-broad,first,209,0.5069613937622433,0.000669236325945448,True
finest-broad,first,210,0.5042170422201664,-0.0005341626205497819,True
finest-broad,first,211,0.5027020452539067,-0.0006841767035091755,True
finest-broad,first,212,0.499955972637722,0.0005483602693888336,True
finest-broad,first,213,0.4984311907061592,-0.0006998498141570276,True
finest-broad,first,214,0.49568181744098083,-0.000562818929734625,True
finest-broad,first,215,0.49414911536235934,0.0007163069237788206,True
finest-broad,first,216,0.49139483698951386,0.0005775640143446664,True
finest-broad,first,217,0.4898561174022225,-0.0007336041148260834,True
finest-broad,first,218,0.48709529168060667,0.0005926201048155481,True
finest-broad,first,219,0.48555251079636763,0.0007518026696545411,True
finest-broad,first,220,0.48278344322889155,-0.0006080102326239187,True
finest-broad,first,221,0.48123862854890626,0.0007709694297564171,True
finest-broad,first,222,0.47845955642244575,0.000623754984356559,True
finest-broad,first,223,0.47691482635518534,-0.0007911771053669925,True
finest-broad,first,224,0.47412390141932553,-0.0006398713430182088,True
finest-broad,first,225,0.4725814866756672,0.0008125044987221448,True
finest-broad,first,226,0.46977675669336927,-0.0006563711543814705,True
finest-broad,first,227,0.46823902317476085,-0.0008350365910494393,True
finest-broad,first,228,0.46541841279326257,0.0006732590768344091,True
finest-broad,first,229,0.46388788537800785,-0.0008588644297129696,True
finest-broad,first,230,0.4610491771482518,-0.0006905298351486646,True
finest-broad,first,231,0.4595285632348176,0.0008840847418141429,True
finest-broad,first,232,0.4566693802420427,0.0007081645560206435,True
finest-broad,first,233,0.45516159099489173,-0.0009107992028936663,True
finest-broad,first,234,0.4522793835862579,0.0007261259265322818,True
finest-broad,first,235,0.4507875493516599,0.0009391133216553984,True
finest-broad,first,236,0.44787959005397215,-0.0007443519128958434,True
finest-broad,first,237,0.44640706408916575,0.0009691349946012105,True
finest-broad,first,238,0.4434704572656988,0.0007627478697125108,True
finest-broad,first,239,0.4420207983845672,-0.0010009729867192598,True
finest-broad,first,240,0.43905251480124596,-0.0007811771989228998,True
finest-broad,first,241,0.43762943437621643,0.0010347359668239381,True
finest-broad,first,242,0.43462638590674113,-0.0007994515721170256,True
finest-broad,first,243,0.4332336376280147,0.0010705333081602912,True
finest-broad,first,244,0.430192813770201,0.0008173236694421027,True
finest-broad,first,245,0.42883399607160205,-0.0011084795650638775,True
finest-broad,first,246,0.4257526907164051,-0.0008344893816069682,True
finest-broad,first,247,0.42443092406346405,0.001148704892914695,True
finest-broad,first,248,0.42130708465322797,0.0008506137879259378,True
finest-broad,first,249,0.42002452505270743,-0.0011913725115795504,True
finest-broad,first,250,0.4168572490536691,-0.00086540661144673,True
finest-broad,first,251,0.41561441782571223,-0.0012366997218002961,True
finest-broad,first,252,0.412404589361435,0.0008787844113538082,True
finest-broad,first,253,0.4111995572067839,0.001284970147722112,True
finest-broad,first,254,0.4079505429418158,-0.00089115160585404,True
finest-broad,first,255,0.40677812110236766,-0.0013365175698316937,True
finest-broad,first,256,0.40349632702806865,0.0009037737668191508,True
finest-broad,first,257,0.40234757320641856,0.0013916738200799228,True
finest-broad,first,258,0.39904255216993345,0.0009190760834404274,True
finest-broad,first,259,0.3979049945606569,-0.001450720149788015,True
finest-broad,first,260,0.39458881001140217,-0.0009405590640688666,True
finest-broad,first,261,0.39344765513605956,0.0015139267685573274,True
finest-broad,first,262,0.3901334632197807,0.0009721284837517543,True
finest-broad,first,263,0.38897360945022474,-0.0015817159572771716,True
finest-broad,first,264,0.3856738369151962,-0.0010170932678740924,True
finest-broad,first,265,0.3844820260489243,0.001654844648903377,True
finest-broad,first,266,0.38120677697136607,0.0010774550862841738,True
finest-broad,first,267,0.37997312369248676,-0.0017344576924162214,True
finest-broad,first,268,0.3767293037245434,-0.0011538893213024848,True
finest-broad,first,269,0.3754478394029048,0.001821993507929258,True
finest-broad,first,270,0.37223908007163153,0.0012462624437159615,True
finest-broad,first,271,0.3709074521965957,-0.0019190459742531943,True
finest-broad,first,272,0.36773458900965095,0.0013542676440497017,True
finest-broad,first,273,0.3663533065698248,0.0020272707777904946,True
finest-broad,first,274,0.3632150805156565,-0.0014778906350022417,True
finest-broad,first,275,0.3617866636912162,0.0021483491461231057,True
finest-broad,first,276,0.35868040377032895,0.0016176417934565667,True
finest-broad,first,277,0.35720864752341164,-0.002283979222703408,True
finest-broad,first,278,0.3541308177920194,-0.0017746123857838195,True
finest-broad,first,279,0.3526202445498337,0.0024358616562973586,True
finest-broad,first,280,0.34956682953693397,0.0019504305377885933,True
finest-broad,first,281,0.3480223279390888,-0.0026056549102664414,True
finest-broad,first,282,0.3449890747402568,0.0021471668048862417,True
finest-broad,first,283,0.34341569040905745,0.002794881956835827,True
finest-broad,first,284,0.34039823901315197,-0.002367209367596715,True
finest-broad,first,285,0.3388010791261331,0.0030047707047985155,True
finest-broad,first,286,0.33579501041344195,0.0026131079586278676,True
finest-broad,first,287,0.3341792310674044,-0.003236007409912284,True
finest-broad,first,288,0.33118005432277103,-0.0028873738473112133,True
finest-broad,first,289,0.3295509099949026,0.0034883773452763014,True
finest-broad,first,290,0.3265540033377398,0.003192217968643832,True
finest-broad,first,291,0.3249169478592593,-0.0037602615165038505,True
finest-broad,first,292,0.3219174572257023,0.003529208963630361,True
finest-broad,first,293,0.3202782949328351,0.004047953308215635,True
finest-broad,first,294,0.3172709901808008,-0.0038988376634651795,True
finest-broad,first,295,0.3156360848701401,-0.004344756046828991,True
finest-broad,first,296,0.31261516463688266,0.004299986375268635,True
finest-broad,first,297,0.3109917237125348,-0.0046398241371424665,True
finest-broad,first,298,0.30795055312813124,-0.004729324128181618,True
finest-broad,first,299,0.3063470160570886,-0.00491672284071428,True
finest-broad,first,300,0.3032777729715728,0.005180689465613528,True
finest-broad,first,301,0.30170434732161727,0.005151722304193369,True
finest-broad,first,302,0.2985975447235395,-0.005644592101352383,True
finest-broad,first,303,0.2970669466382638,-0.005311963179720406,True
finest-broad,first,304,0.2939107989814418,0.00610808639204653,True
finest-broad,first,305,0.2924392518198379,0.005353999757197174,True
finest-broad,first,306,0.2892188895671361,-0.006555490164729379,True
finest-broad,first,307,0.2878273528037624,-0.00522435352425683,True
finest-broad,first,308,0.28452406136551994,-0.006970832343870474,True
finest-broad,first,309,0.28323928909298685,0.004867092297811186,True
finest-broad,first,310,0.27983058487299006,0.0073435553033493525,True
finest-broad,first,311,0.2786842751967726,0.004252770619353081,True
finest-broad,first,312,0.2751477524215643,-0.007678514662738429,True
finest-broad,first,313,0.2741679323500246,-0.0034618604489104407,True
finest-broad,first,314,0.27049745240207174,0.00799758408303122,True
finest-broad,first,315,0.26967725976172263,0.002839575723626285,True
finest-broad,first,316,0.26592138573445123,-0.008276827611162454,True
finest-broad,first,317,0.2651588560996616,-0.0028607057980698657,True
finest-broad,first,318,0.2614368247200518,-0.008399781793882337,True
finest-broad,first,319,0.26055440732997853,0.0031293997309184076,True
finest-broad,first,320,0.25698070260773753,0.008168264316963398,True
finest-broad,first,321,0.25587486358765793,0.0029111535338453808,True
finest-broad,first,322,0.25248705606047833,-0.007380087262193834,True
finest-broad,first,323,0.251154436916453,-0.0021725104724971385,True
finest-broad,first,324,0.24793405696775847,0.006053581074656123,True
finest-broad,first,325,0.24641167384111248,0.0010741834138084706,True
finest-broad,first,326,0.24332552968335366,-0.004343411752167481,True
finest-broad,first,327,0.24165467058972642,-0.00023492987352764287,True
finest-broad,first,328,0.2386722797100782,0.002434467075528548,True
finest-broad,first,329,0.2368872126938822,0.0016072291597725552,True
finest-broad,first,330,0.2339845091441907,-0.0005161306035748259,True
finest-broad,first,331,0.2321112933074887,-0.0028857069918080446,True
finest-broad,first,332,0.22927007909681135,-0.001221031242851823,True
finest-broad,first,333,0.22732809359242065,0.003910906512300832,True
finest-broad,first,334,0.22453468394269174,-0.002596196995868932,True
finest-broad,first,335,0.22253839536866887,-0.004540892121112777,True
finest-broad,first,336,0.21978239763515175,0.003461131371933996,True
finest-broad,first,337,0.2177427721405139,0.0046791563415021905,True
finest-broad,first,338,0.21501615960538514,-0.0037304287919222266,True
finest-broad,first,339,0.21294168636875985,0.004304208129156502,True
finest-broad,first,340,0.2102381294605937,0.003411270682067885,True
finest-broad,first,341,0.20813554436719586,-0.003492660618053371,True
finest-broad,first,342,0.20544993080173027,-0.0026229025529024563,True
finest-broad,first,343,0.20332473152855562,0.002426405683562429,True
finest-broad,first,344,0.20065281652768752,-0.0015956850585544862,True
finest-broad,first,345,0.1985096391599023,-0.0013752758241254836,True
finest-broad,first,346,0.19584778183273047,0.0006418099926917755,True
finest-broad,first,347,0.19369068965143083,0.000650464800333498,True
finest-broad,first,348,0.19103564333449558,-9.536063497951989e-05,True
finest-broad,first,349,0.18886836536124219,-0.0005311965213581952,True
finest-broad,first,350,0.18621709697093042,0.00022816290319595115,True
finest-broad,first,351,0.184043247354634,-0.0011768103786973215,True
finest-broad,first,352,0.18139276375063249,-0.001158271348297583,True
finest-broad,first,353,0.1792160731935058,0.002546245178362249,True
finest-broad,first,354,0.1765632309181362,0.0027769551229461253,True
finest-broad,first,355,0.1743878298885429,-0.0043532824315751315,True
finest-broad,first,356,0.17172909681215437,-0.0047237201754498775,True
finest-broad,first,357,0.16955991301650702,0.0060848847261468055,True
finest-broad,first,358,0.16689103204369843,-0.006433463604805696,True
finest-broad,first,359,0.164734416207407,-0.007098666320931256,True
finest-broad,first,360,0.16204988213491997,0.007263460712476401,True
finest-broad,first,361,0.1599146940506079,0.006794024925108177,True
finest-broad,first,362,0.15720687178111287,-0.0066823324171434205,True
finest-broad,first,363,0.15510654351298309,-0.004824337555022677,True
finest-broad,first,364,0.1523640787491649,0.0044748138516948945,True
finest-broad,first,365,0.15032090936765152,-0.0012948486915225206,True
finest-broad,first,366,0.14752573423289458,-0.0008953887301656734,True
finest-broad,first,367,0.14558065069305742,0.0031117133196519506,True
finest-broad,first,368,0.1427026479262366,-0.00329729642149492,True
finest-broad,first,369,0.1409378843279968,-0.0071050499890064735,True
finest-broad,first,370,0.13793218419623887,0.006963617880007505,True
finest-broad,first,371,0.13649926276720972,0.008976761397426487,True
finest-broad,first,372,0.13337271553640423,-0.00902096119201129,True
finest-broad,first,373,0.13225109688894912,-0.008834090636337477,True
finest-broad,first,374,0.12913982144292516,-0.010427235091745365,True
finest-broad,first,375,0.12772031473757278,0.008187131089672933,True
finest-broad,first,376,0.12474452983109979,0.009603634478414773,True
finest-broad,first,377,0.1229519955619683,-0.0049478649527242985,True
finest-broad,first,378,0.12011632715787747,-0.0052510139506461995,True
finest-broad,first,379,0.11811919504743112,0.0004275351831913665,True
finest-broad,first,380,0.11537127893905669,-0.0011385312073447723,True
finest-broad,first,381,0.11326484210741983,-0.00642757810686897,True
finest-broad,first,382,0.1105696026322794,0.007518505576471416,True
finest-broad,first,383,0.10840153571030794,-0.01117296852864312,True
finest-broad,first,384,0.10573751980636054,-0.011852716535490903,True
finest-broad,first,385,0.10353499122702382,0.012999674872097427,True
finest-broad,first,386,0.10088751121548016,0.012680703041438545,True
finest-broad,first,387,0.09866959615497435,-0.011069676622558651,True
finest-broad,first,388,0.09602634459806596,-0.009635144760195573,True
finest-broad,first,389,0.0938112641826997,0.005763563468004054,True
finest-broad,first,390,0.09115843729113601,0.003647330462427547,True
finest-broad,first,391,0.08897250992258218,-0.0013265559825432365,True
finest-broad,first,392,0.08628811259701917,0.003299595623556454,True
finest-broad,first,393,0.0841926828989511,0.007797729363485139,True
finest-broad,first,394,0.08142649858333348,-0.008807832750141745,True
finest-broad,first,395,0.07967990652969933,-0.010497805345421005,True
finest-broad,first,396,0.07684628190115543,-0.008669851935278455,True
finest-broad,first,397,0.07623606309188595,0.009358431132316427,True
finest-broad,first,398,0.07345243595661576,0.010755200496237835,True
finest-broad,first,399,0.07158625082655311,0.009384279350922623,True
finest-broad,first,400,0.06893426614236448,-0.00816145015546268,True
finest-broad,first,401,0.06671923684182866,-0.00446916765669959,True
finest-broad,first,402,0.06415343017812779,0.002142554148152932,True
finest-broad,first,403,0.061842042551385264,0.001753657194223735,True
finest-broad,first,404,0.05931479811796436,0.004104265707997856,True
finest-broad,first,405,0.05696469980128696,-0.0069168121010460175,True
finest-broad,first,406,0.054457816527363215,-0.008251541526506114,True
finest-broad,first,407,0.05209132390499049,0.009210202638792742,True
finest-broad,first,408,0.04959583432831321,0.009014532841308083,True
finest-broad,first,409,0.04722657592791832,-0.008061433048203203,True
finest-broad,first,410,0.04473630722634211,-0.006536349667757795,True
finest-broad,first,411,0.04238027940069427,0.004289457334430855,True
finest-broad,first,412,0.039887284531510823,0.0022256642429217,True
finest-broad,first,413,0.03759668570926135,-0.0003528760268958488,True
finest-broad,first,414,0.035093929714575076,0.0017235167106310794,True
finest-broad,first,415,0.03396360568965118,0.002537053107497503,True
finest-broad,first,416,0.03229058845290681,0.003030673857423826,True
finest-broad,first,417,0.03018763688446515,0.004668296546833823,True
finest-broad,first,418,0.02773302785116554,0.004936536931069465,True
finest-broad,first,419,0.025420177999067907,-0.004741710231902627,True
finest-broad,first,420,0.023005625929121837,-0.004098865216493021,True
finest-broad,first,421,0.020738835855877713,-0.0029489308830093477,True
finest-broad,first,422,0.0186789242733706,0.001338744400725863,True
finest-broad,first,423,0.018296598287538206,0.0016576016805445392,True
finest-broad,first,424,0.01601056671554785,-0.0008948919624366038,True
finest-broad,first,425,0.01381963874795771,-5.7691929865658993e-05,True
finest-broad,first,426,0.011678978465967466,-0.0006353663970472645,True
finest-broad,first,427,0.009709899307101583,-0.0009066652768124498,True
finest-broad,first,428,0.008001182430719319,-0.0008029243760242951,True
finest-broad,first,429,0.007633598431684271,-0.0001998227381601173,True
finest-broad,first,430,0.00675641074293812,0.0004712328846702346,True
finest-broad,first,431,0.004113504512940867,5.7974052866045964e-05,True
finest-broad,first,432,0.0016028344282998654,2.4424084386297468e-05,True
finest-broad,first,433,0.0008332336753928954,1.198498756234209e-05,True
finest-broad,first,434,0.00031658117506829354,5.266726713785175e-06,True
finest-broad,first,435,0.00015645272129734635,2.2225777028119496e-06,True
finest-broad,first,436,5.9460327483867494e-05,1.0580626765319477e-06,True
finest-broad,first,437,2.7424769964095303e-05,3.855149177729222e-07,True
finest-broad,first,438,1.0666961138984344e-05,1.9892881210936667e-07,True
finest-broad,first,439,4.519698005066749e-06,6.389440915084564e-08,True
finest-broad,first,440,1.8298731062873935e-06,3.503811505184457e-08,True
finest-broad,first,441,7.059687424017205e-07,1.0266140848288406e-08,True
finest-broad,first,442,2.99781287101121e-07,5.764948953773454e-09,True
finest-broad,first,443,1.0546460549424385e-07,1.6187124187375651e-09,True
finest-broad,first,444,4.674645565168276e-08,8.809892147447563e-10,True
finest-broad,first,445,1.5216983726976517e-08,2.5013872815629285e-10,True
finest-broad,first,446,6.905326047265876e-09,1.2422393974153448e-10,True
finest-broad,first,447,2.1395928897052684e-09,3.768536396159655e-11,True
finest-broad,first,448,9.619379985452344e-10,1.6118215493481296e-11,True
finest-broad,first,449,2.9479394792841636e-10,5.460145403256455e-12,True
finest-broad,first,450,1.2618991377443552e-10,1.949648270682192e-12,True
finest-broad,first,451,3.981218479820828e-11,7.554189587485368e-13,False
finest-broad,first,452,1.5647468923080942e-11,2.2483404369233957e-13,False
finest-broad,first,453,5.248047720857549e-12,9.889424240325478e-14,False
finest-broad,first,454,1.849788219183755e-12,2.5420704725994118e-14,False
finest-broad,first,455,6.705371938881984e-13,1.2081119150597273e-14,False
finest-broad,first,456,2.110376185200447e-13,2.8486270535028095e-15,False
finest-broad,first,457,8.23017061426313e-14,1.370868678729549e-15,False
finest-broad,first,458,2.352743125324058e-14,3.4223418645609847e-16,False
finest-broad,first,459,9.561532998063355e-15,1.6004780486859807e-16,False
finest-broad,first,460,3.728227285442725e-15,-2.0234727854963723e-17,False
finest-broad,first,461,2.8845248329027085e-15,4.12714183737325e-17,False
finest-broad,first,462,2.7789331203765823e-15,-5.807186270499248e-17,False
finest-broad,first,463,2.6918834260588285e-15,-3.6454818394879276e-17,False
finest-broad,first,464,2.4971103009068548e-15,-4.598227375461578e-17,False
finest-broad,first,465,2.297741141945172e-15,-7.843707667026545e-18,False
finest-broad,first,466,2.2403868592574092e-15,-8.500864573491002e-18,False
finest-broad,first,467,2.0507543452505955e-15,-1.054510837174961e-18,False
finest-broad,first,468,1.998925751054018e-15,-1.0698968642991859e-17,False
finest-broad,first,469,1.870086371553052e-15,3.06766222566811e-17,False
finest-broad,first,470,1.6767983606908061e-15,6.586001159228768e-17,False
finest-broad,first,471,1.5304216285059322e-15,-3.4123038583439694e-17,False
finest-broad,first,472,1.4439094362231284e-15,1.45066868105704e-17,False
finest-broad,first,473,1.3635316054106084e-15,-2.2874959236892257e-17,False
finest-broad,first,474,1.228020885705002e-15,-4.032981699200586e-17,False
finest-broad,first,475,1.1219123508775268e-15,-4.770136692059083e-17,False
finest-broad,first,476,1.0857013889343558e-15,-1.9068745523676183e-18,False
finest-broad,first,477,1.0608367849748218e-15,-3.748085938475731e-17,False
finest-broad,first,478,1.0414392966165645e-15,1.4043520252406016e-17,False
finest-broad,first,479,9.95820652821989e-16,4.3877505517501656e-17,False
finest-broad,first,480,9.352542505992325e-16,-4.783300354327057e-18,False
finest-broad,first,481,9.193778769093265e-16,2.7395418859327596e-17,False
finest-broad,first,482,8.585800274703771e-16,-1.174020133651082e-17,False
finest-broad,first,483,8.474722886328868e-16,8.69980012906564e-17,False
finest-broad,first,484,8.273082644393359e-16,-2.197224264042189e-18,False
finest-broad,first,485,7.768973629347159e-16,-5.622871687394314e-17,False
finest-broad,first,486,7.638271972799052e-16,7.004614309779927e-18,False
finest-broad,first,487,7.478712440080055e-16,2.6158214087160187e-17,False
finest-broad,first,488,7.287825705942698e-16,1.2464680603570683e-17,False
finest-broad,first,489,7.194860460641693e-16,1.173320910246036e-17,False
finest-broad,first,490,6.798666835243691e-16,-1.4642020494299318e-17,False
finest-broad,first,491,6.648984443296843e-16,2.032731852953102e-17,False
finest-broad,first,492,6.592900492745512e-16,-3.802516086278943e-17,False
finest-broad,first,493,6.384882443199172e-16,2.970542527801575e-17,False
finest-broad,first,494,6.311484522082845e-16,2.626478072923283e-18,False
finest-broad,first,495,6.196978885581078e-16,1.706060347383578e-17,False
finest-broad,first,496,6.11195570592776e-16,-1.8325192638830748e-18,False
finest-broad,first,497,5.978455946607909e-16,5.508379817237643e-17,False
finest-broad,first,498,5.919922167250464e-16,-6.706625178149134e-18,False
finest-broad,first,499,5.836861928956647e-16,6.032955252506096e-17,False
finest-broad,first,500,5.814780896853145e-16,-3.0477280914044004e-17,False
finest-broad,first,501,5.694639452090405e-16,3.110930602759183e-17,False
finest-broad,first,502,5.464361255572537e-16,6.092971874630158e-18,False
finest-broad,first,503,5.461348588308926e-16,-9.101675630603296e-18,False
finest-broad,first,504,5.424051574227493e-16,1.8035532255970723e-17,False
finest-broad,first,505,5.310133316403964e-16,3.986270286297029e-17,False
finest-broad,first,506,5.272786087259876e-16,1.6647026066281668e-17,False
finest-broad,first,507,5.220664023178529e-16,-3.3438608533861353e-18,False
finest-broad,first,508,5.035465841492321e-16,1.8414606520957728e-17,False
finest-broad,first,509,4.993964878120231e-16,1.7832174804201347e-17,False
finest-broad,first,510,4.933501993343509e-16,-1.476505433866066e-17,False
finest-broad,first,511,4.892740018732121e-16,1.5688505217891594e-17,False
finest-broad,first,512,4.736107498834889e-16,3.975590706075011e-17,False
finest-broad,first,513,4.68754269865106e-16,-2.531873392643411e-17,False
finest-broad,first,514,4.612178028043922e-16,-3.056312485685283e-17,False
finest-broad,first,515,4.609392630216155e-16,7.368637335940325e-18,False
finest-broad,first,516,4.493702906703318e-16,-1.968341905315899e-17,False
finest-broad,first,517,4.470286047128623e-16,1.6521592847606142e-17,False
finest-broad,first,518,4.372113416400182e-16,-1.2472159569297723e-17,False
finest-broad,first,519,4.304077659260824e-16,-2.510903818093649e-18,False
finest-broad,first,520,4.2534525831026627e-16,4.199221506884271e-18,False
finest-broad,first,521,4.233664046919339e-16,3.826067547775314e-18,False
finest-broad,first,522,4.211997024759576e-16,-1.0411754892926287e-18,False
finest-broad,first,523,4.1276833489833403e-16,6.5734917299558474e-18,False
finest-broad,first,524,4.0632527529546583e-16,-1.2542098543745955e-17,False
finest-broad,first,525,4.013018390792318e-16,-2.357681544222767e-17,False
finest-broad,first,526,3.9700232642465653e-16,1.4780778279329205e-17,False
finest-broad,first,527,3.922895283966599e-16,-3.94938939042224e-18,False
finest-broad,first,528,3.906016813591548e-16,-1.1795838099368346e-17,False
finest-broad,first,529,3.85699218367463e-16,2.4083284964101946e-17,False
finest-broad,first,530,3.81408777854953e-16,7.317747127741543e-18,False
finest-broad,first,531,3.801785044803108e-16,1.4091995732910742e-17,False
finest-broad,first,532,3.713002535486357e-16,1.3108810399632404e-17,False
finest-broad,first,533,3.655160247611252e-16,3.972101019015636e-18,False
finest-broad,first,534,3.6371950594545005e-16,-2.716445659185344e-18,False
finest-broad,first,535,3.5927028103145794e-16,8.198657706175872e-18,False
finest-broad,first,536,3.529783064129e-16,-1.8927150653534974e-17,False
finest-broad,first,537,3.464185498000418e-16,1.4997290003019018e-17,False
finest-broad,first,538,3.4306511140209506e-16,2.4475278242920474e-17,False
finest-broad,first,539,3.419317394417702e-16,-1.0668623418437212e-17,False
finest-broad,first,540,3.324263280780254e-16,-2.834708468624015e-18,False
finest-broad,first,541,3.289146396422609e-16,-1.848298588996516e-17,False
finest-broad,first,542,3.277841111043275e-16,1.3612426381977338e-18,False
finest-broad,first,543,3.2507932051287025e-16,-1.05937425691639e-17,False
finest-broad,first,544,3.208538302219911e-16,-1.138694480831643e-17,False
finest-broad,first,545,3.2015572960368367e-16,1.1884493223464349e-17,False
finest-broad,first,546,3.133672112544674e-16,-1.550339641930111e-17,False
finest-broad,first,547,3.10185456304006e-16,1.3273545958614397e-17,False
finest-broad,first,548,3.085271776329714e-16,5.643869804519533e-18,False
finest-broad,first,549,3.054411046230172e-16,2.4539970470252448e-18,False
finest-broad,first,550,3.041941582321414e-16,4.6840877118747977e-17,False
finest-broad,first,551,3.012208874106867e-16,1.2216978967206963e-17,False
finest-broad,first,552,2.974777790737717e-16,-8.998138066571249e-18,False
finest-broad,first,553,2.9135357134807507e-16,2.442043573424658e-17,False
finest-broad,first,554,2.866261908996273e-16,1.180333116561964e-17,False
finest-broad,first,555,2.835536911634928e-16,4.6156062263595804e-18,False
finest-broad,first,556,2.806279717282282e-16,5.991685591103616e-18,False
finest-broad,first,557,2.7825394206423276e-16,2.7063496039331535e-17,False
finest-broad,first,558,2.7742941822847563e-16,5.393386139033097e-18,False
finest-broad,first,559,2.703685634832949e-16,7.898150253434674e-18,False
finest-broad,first,560,2.6731042594131554e-16,1.3249109612535404e-17,False
finest-broad,first,561,2.634574651145212e-16,-8.534578233656216e-18,False
finest-broad,first,562,2.6086396398019774e-16,-2.137627286615029e-17,False
finest-broad,first,563,2.5720284643246545e-16,5.9919085258470015e-18,False
finest-broad,first,564,2.519979167885754e-16,8.94629815307595e-19,False
finest-broad,first,565,2.5062607745984304e-16,4.111754563944021e-18,False
finest-broad,first,566,2.4692441390312443e-16,-9.492396131766256e-18,False
finest-broad,first,567,2.4383234368970266e-16,1.3211300094529421e-17,False
finest-broad,first,568,2.4007933330867386e-16,4.1718927365744196e-18,False
finest-broad,first,569,2.3880386722390514e-16,-4.660892980423567e-18,False
finest-broad,first,570,2.3309979591100563e-16,-1.8013321434235187e-19,False
finest-broad,first,571,2.298569257497558e-16,-9.809699222365545e-18,False
finest-broad,first,572,2.270368087415291e-16,1.3426434248606596e-17,False
finest-broad,first,573,2.2231973129495997e-16,-1.0809229626867185e-17,False
finest-broad,first,574,2.1785884408667444e-16,-3.259266158131432e-17,False
finest-broad,first,575,2.1326546326433874e-16,2.224301090621436e-17,False
finest-broad,first,576,2.1251839593267226e-16,-1.6235074496782151e-18,False
finest-broad,first,577,2.1023859097477252e-16,1.5869117659423734e-18,False
finest-broad,first,578,2.0549994769915917e-16,9.538685020275786e-18,False
finest-broad,first,579,2.0458003828976147e-16,1.5305377921692275e-18,False
finest-broad,first,580,2.0147828941816406e-16,-1.1556202038799781e-17,False
finest-broad,first,581,2.0140561332862694e-16,-1.3867281865018929e-18,False
finest-broad,first,582,1.9638025190604715e-16,-2.5980977064168573e-17,False
finest-broad,first,583,1.9605310612457933e-16,-1.1130232144374273e-17,False
finest-broad,first,584,1.9383667009703664e-16,5.209075729568857e-18,False
finest-broad,first,585,1.9105320650363092e-16,-1.1401670562239061e-20,False
finest-broad,first,586,1.8304759105670923e-16,8.417499783070557e-18,False
finest-broad,first,587,1.779879789785106e-16,2.6515607254121475e-17,False
finest-broad,first,588,1.7483231548038698e-16,-1.0811415554887389e-17,False
finest-broad,first,589,1.7416813916971755e-16,5.248918845251885e-18,False
finest-broad,first,590,1.7243087306512241e-16,5.4135815667805955e-18,False
finest-broad,first,591,1.723336759350972e-16,1.1162072029635814e-17,False
finest-broad,first,592,1.7166912389098665e-16,-5.261077316579967e-19,False
finest-broad,first,593,1.6875251115234728e-16,3.6382634335475285e-18,False
finest-broad,first,594,1.6819693674700124e-16,-1.861044670756657e-17,False
finest-broad,first,595,1.6772854380781392e-16,-2.6941410835014542e-17,False
finest-broad,first,596,1.6606097367188256e-16,-1.1136674654965112e-17,False
finest-broad,first,597,1.651344258830158e-16,1.280113854379747e-17,False
finest-broad,first,598,1.6500116256724041e-16,-5.2224890328231685e-18,False
finest-broad,first,599,1.634874912474813e-16,-5.9199137705545915e-18,False
finest-broad,first,600,1.6199160755987122e-16,-8.005620295178474e-18,False
finest-broad,first,601,1.6083411345207893e-16,3.396995707629955e-18,False
finest-broad,first,602,1.5936717683745057e-16,1.0143178010820312e-17,False
finest-broad,first,603,1.5596706416346476e-16,-1.692598065642412e-17,False
finest-broad,first,604,1.552019891209697e-16,-5.502703899932168e-18,False
finest-broad,first,605,1.5405954954178276e-16,3.0178818256652743e-18,False
finest-broad,first,606,1.5250216710422853e-16,-6.111538045842249e-18,False
finest-broad,first,607,1.5127658695156986e-16,1.3041519388469474e-17,False
finest-broad,first,608,1.4823358168140302e-16,-8.030078267996366e-19,False
finest-broad,first,609,1.4784929546433167e-16,-5.098959143113839e-19,False
finest-broad,first,610,1.4685975563123353e-16,-7.133936483740209e-18,False
finest-broad,first,611,1.4257484441939887e-16,-2.4864096772837404e-19,False
finest-broad,first,612,1.400465353881956e-16,1.8773174155858606e-17,False
finest-broad,first,613,1.3946311508182337e-16,-1.6143901926841386e-17,False
finest-broad,first,614,1.3522345207194162e-16,-6.1357624241754824e-18,False
finest-broad,first,615,1.339463035546101e-16,4.693490861358219e-18,False
finest-broad,first,616,1.3297020716525935e-16,-1.2949130839431813e-18,False
finest-broad,first,617,1.308512989898712e-16,-1.1197686988099953e-19,False
finest-broad,first,618,1.271714981505358e-16,-2.2650793617672698e-17,False
finest-broad,first,619,1.2457423349492747e-16,7.271991539513123e-18,False
finest-broad,first,620,1.1900137374533375e-16,-2.0465362957046234e-17,False
finest-broad,first,621,1.1759277953324793e-16,-1.0591992828964037e-17,False
finest-broad,first,622,1.165984510849461e-16,-1.968855517238268e-17,False
finest-broad,first,623,1.1213031143855403e-16,3.897957807306644e-18,False
finest-broad,first,624,1.0876095822647985e-16,-1.1465420171157823e-17,False
finest-broad,first,625,1.0606508077024645e-16,-4.515236650192419e-18,False
finest-broad,first,626,1.018772368139238e-16,-3.1025397872539417e-18,False
finest-broad,first,627,9.987232778703848e-17,6.641039162078163e-18,False
finest-broad,first,628,9.739749970911771e-17,7.856183838547151e-18,False
finest-broad,first,629,9.031892236481359e-17,-1.2647792249001838e-17,False
finest-broad,first,630,8.903129946746811e-17,-2.0587001136976413e-17,False
finest-broad,first,631,8.496538300364182e-17,1.685506335947493e-19,False
finest-broad,first,632,8.171568113186818e-17,1.839411387191767e-17,False
finest-broad,first,633,7.761352455787762e-17,-4.971935243121382e-18,False
finest-broad,first,634,7.180675101850313e-17,2.4876041971377463e-18,False
finest-broad,first,635,6.802427436644929e-17,-2.6881931136816196e-18,False
finest-broad,first,636,6.72051120562552e-17,-3.977378759360345e-19,False
finest-broad,first,637,6.132121672516431e-17,-1.3759739664956645e-17,False
finest-broad,first,638,4.881951676289499e-17,1.2976319626837517e-17,False
finest-broad,first,639,3.195615460678541e-17,-2.77874037741373e-17,False
finest-broad,first,640,1.4324787041718753e-17,1.869037868846734e-17,False
finest-broad,last,0,1.0,0.00040669321365490086,True
finest-broad,last,1,0.99871285405381,-0.000728385964344294,True
finest-broad,last,2,0.9785673743152319,-0.0017932596226723514,True
finest-broad,last,3,0.9774770548341726,0.000870692157370598,True
finest-broad,last,4,0.9633274297387846,-0.002829641127525257,True
finest-broad,last,5,0.9623315484135503,-0.0036277686650401514,True
finest-broad,last,6,0.951046067597423,0.006883631511625922,True
finest-broad,last,7,0.9501039554796216,-0.0029367155463939465,True
finest-broad,last,8,0.9405548064498097,-0.005308055694311095,True
finest-broad,last,9,0.9396455376628158,0.000928098891938572,True
finest-broad,last,10,0.9312786151066691,0.0071439225033827275,True
finest-broad,last,11,0.930389980347249,0.0035748432065675502,True
finest-broad,last,12,0.9228862805951553,0.0040730899392441376,True
finest-broad,last,13,0.9220106097123913,-0.006886814748596501,True
finest-broad,last,14,0.9151674369626398,-0.00368876387968919,True
finest-broad,last,15,0.9142996825570916,-0.0072782242805422784,True
finest-broad,last,16,0.9079791906714512,0.005288697117971141,True
finest-broad,last,17,0.9071159352506929,0.0034514398712548653,True
finest-broad,last,18,0.9012195927789634,0.003931153178076809,True
finest-broad,last,19,0.9003584883727407,0.0008441710913790363,True
finest-broad,last,20,0.8948131282637515,0.002456607768905017,True
finest-broad,last,21,0.8939525590307164,-0.0002416034290943891,True
finest-broad,last,22,0.888702187063457,0.0014977947068731546,True
finest-broad,last,23,0.8878410555159052,-0.0005712014685991259,True
finest-broad,last,24,0.8828417612187446,0.0009460958386263419,True
finest-broad,last,25,0.8819793470003616,-0.0006217170947489918,True
finest-broad,last,26,0.8771959950914212,0.0006296949375770111,True
finest-broad,last,27,0.8763318583754657,-0.000588130273655239,True
finest-broad,last,28,0.8717358556506982,0.00043998174335781274,True
finest-broad,last,29,0.8708697690879523,-0.0005370710822165007,True
finest-broad,last,30,0.8664375089601583,0.00031926539130448843,True
finest-broad,last,31,0.86556940853331,-0.0004884706617429984,True
finest-broad,last,32,0.8612811580697407,0.0002378326170389336,True
finest-broad,last,33,0.8604111068550471,-0.00044698448773587625,True
finest-broad,last,34,0.856250191719845,0.00018001872732435924,True
finest-broad,last,35,0.8553783527033733,-0.0004126989316518812,True
finest-broad,last,36,0.8513305480412855,0.0001371865039855203,True
finest-broad,last,37,0.8504571634433131,-0.0003845617935975913,True
finest-broad,last,38,0.8465102304748523,0.00010432433834701636,True
finest-broad,last,39,0.8456356058542153,-0.00036141581231521365,True
finest-broad,last,40,0.8417789337080009,-7.837589876703738e-05,True
finest-broad,last,41,0.8409034256441127,0.0003422685076354067,True
finest-broad,last,42,0.8371277506006594,5.73906269341235e-05,True
finest-broad,last,43,0.8362517570972271,-0.0003263291596524143,True
finest-broad,last,44,0.8325489397204611,4.007261535550717e-05,True
finest-broad,last,45,0.8316728927081197,-0.0003129826344779688,True
finest-broad,last,46,0.828035738912428,-2.5530145033396403e-05,True
finest-broad,last,47,0.8271600983879069,0.000301752578304233,True
finest-broad,last,48,0.8235822143031687,1.3130588598496887e-05,True
finest-broad,last,49,0.8227074637551854,-0.00029226869628655363,True
finest-broad,last,50,0.819183136911871,-2.4129927277779235e-06,True
finest-broad,last,51,0.8183097797643789,0.0002842409429501268,True
finest-broad,last,52,0.8148338810062797,-6.966491818950725e-06,True
finest-broad,last,53,0.8139624378681312,-0.0002774400213774465,True
finest-broad,last,54,0.8105303397575016,1.5269778653265315e-05,True
finest-broad,last,55,0.8096613463105233,0.00027168286364876793,True
finest-broad,last,56,0.8062688547814064,-2.2700167779294618e-05,True
finest-broad,last,57,0.8054028601707639,-0.00026682184088660496,True
finest-broad,last,58,0.8020461569195504,2.9418214064142082e-05,True
finest-broad,last,59,0.8011837225338564,0.0002627367091607104,True
finest-broad,last,60,0.7978593161855108,-3.555277792192542e-05,True
finest-broad,last,61,0.7970010147316307,-0.000259328550032944,True
finest-broad,last,62,0.7937056992366639,4.12088856371614e-05,True
finest-broad,last,63,0.7928521140265801,-0.0002565151663858669,True
finest-broad,last,64,0.7895829330635181,-4.647343080837748e-05,True
finest-broad,last,65,0.7887346574391886,0.0002542275441837571,True
finest-broad,last,66,0.7854888738454202,5.141938646381894e-05,True
finest-broad,last,67,0.7846465106726077,-0.0002524070989215911,True
finest-broad,last,68,0.7814215801214442,-5.610897208369921e-05,True
finest-broad,last,69,0.780585741285555,0.00025100350246764564,True
finest-broad,last,70,0.7773792895824303,6.0596076270914816e-05,True
finest-broad,last,71,0.7765505954185342,-0.0002499729405648721,True
finest-broad,last,72,0.7733603989144917,-6.49281424870785e-05,True
finest-broad,last,73,0.7725394774999973,0.0002492766899766717,True
finest-broad,last,74,0.7693634462232862,-6.914766337755266e-05,True
finest-broad,last,75,0.7685509324550738,-0.0002488799317840347,True
finest-broad,last,76,0.7653870956475852,7.329338736605424e-05,True
finest-broad,last,77,0.7645836300155004,-0.00024875073694988496,True
finest-broad,last,78,0.7614301238343109,-7.740131234800174e-05,True
finest-broad,last,79,0.7606363507894511,0.0002488591742359337,True
finest-broad,last,80,0.7574914079984507,8.15055209361135e-05,True
finest-broad,last,81,0.7567079737970664,0.00024917650049328835,True
finest-broad,last,82,0.753569915332469,8.56388968405082e-05,True
finest-broad,last,83,0.7527974652139405,0.0002496744003649719,True
finest-broad,last,84,0.749664693562823,8.983375054079517e-05,True
finest-broad,last,85,0.7489038680922439,0.0002503242473847907,True
finest-broad,last,86,0.7457748624773511,9.412237289224545e-05,True
finest-broad,last,87,0.7450262928488218,0.00025109636196350655,True
finest-broad,last,88,0.7418996062675102,9.853752640645797e-05,True
finest-broad,last,89,0.7411639083223794,0.00025195924441164495,True
finest-broad,last,90,0.7380381665444452,0.00010311287443710469,True
finest-broad,last,91,0.7373159332084986,0.0002528787635862055,True
finest-broad,last,92,0.7341898358979422,0.00010788333700016403,True
finest-broad,last,93,0.7334816276824699,0.0002538172847795701,True
finest-broad,last,94,0.7303539518725218,0.00011288534685317217,True
finest-broad,last,95,0.7296602850165823,0.00025473272531164004,True
finest-broad,last,96,0.7265298912348442,0.00011815695872456387,True
finest-broad,last,97,0.7258512229922798,0.0002555775348435171,True
finest-broad,last,98,0.7227170644004155,0.00012373773583662352,True
finest-broad,last,99,0.7220537749010747,0.0002562976127018076,True
finest-broad,last,100,0.7189149098734758,0.00012966829859006475,True
finest-broad,last,101,0.7182672799262,0.00025683120114056634,True
finest-broad,last,102,0.7151228885291983,0.00013598936873061463,True
finest-broad,last,103,0.7144910727079794,0.0002571078383339693,True
finest-broad,last,104,0.7113404775272631,0.0001427400795582421,True
finest-broad,last,105,0.7107244719333524,0.0002570475272964941,True
finest-broad,last,106,0.7075671635842741,0.00014995525684662362,True
finest-broad,last,107,0.7069667678745825,0.00025656038763322546,True
finest-broad,last,108,0.7038024352414822,0.0001576613285163945,True
finest-broad,last,109,0.7032172089626436,0.0002555472140591883,True
finest-broad,last,110,0.7000457736387389,0.0001658705411118467,True
finest-broad,last,111,0.6994749877517769,0.00025390156365184103,True
finest-broad,last,112,0.6962966411517323,0.0001745733304249167,True
finest-broad,last,113,0.6957392270430527,0.00025151419282493163,True
finest-broad,last,114,0.6925544671057771,0.00018372912787846768,True
finest-broad,last,115,0.692008967487653,0.0002482807579117771,True
finest-broad,last,116,0.6888186297470147,0.00019325669048973963,True
finest-broad,last,117,0.6882831586132544,0.0002441134758185373,True
finest-broad,last,118,0.6850884339265131,0.00020302620298607346,True
finest-broad,last,119,0.6845606557140859,0.00023895663122697482,True
finest-broad,last,120,0.6813630848116412,-0.00021285658492660838,True
finest-broad,last,121,0.6808402250776902,-0.0002328042053733133,True
finest-broad,last,122,0.6776416596130984,-0.00022252186231704212,True
finest-broad,last,123,0.6771205591997533,-0.00022571569006168263,True
finest-broad,last,124,0.6739230817019844,-0.00023176911647130883,True
finest-broad,last,125,0.6734003017901947,-0.00021782431617661,True
finest-broad,last,126,0.6702061038313348,0.00024034696026428818,True
finest-broad,last,127,0.6696780798893611,0.00020933210048164238,True
finest-broad,last,128,0.6664893080818124,0.0002480388374694187,True
finest-broad,last,129,0.6659525383281737,0.00020048948040493218,True
finest-broad,last,130,0.6627711283131212,-0.0002546923355725956,True
finest-broad,last,131,0.6622223712346074,-0.00019156302465785934,True
finest-broad,last,132,0.6590498962068844,-0.0002602364659739097,True
finest-broad,last,133,0.6584863466748354,-0.00018279968708985407,True
finest-broad,last,134,0.6553239060156544,0.00026468330856520067,True
finest-broad,last,135,0.6547433229760896,0.0001743971598524431,True
finest-broad,last,136,0.6515914883514302,0.00026811582852073713,True
finest-broad,last,137,0.6509922574011318,0.000166486603010707,True
finest-broad,last,138,0.6478510815795312,-0.0002706671583822524,True
finest-broad,last,139,0.6472322087624192,-0.0001591288367150997,True
finest-broad,last,140,0.6441012908810348,-0.0002724972109133294,True
finest-broad,last,141,0.6434623354068437,-0.0001523210148010464,True
finest-broad,last,142,0.6403409287067094,0.00027377103757045696,True
finest-broad,last,143,0.6396818894598139,0.00014600926573872172,True
finest-broad,last,144,0.6365690345715473,0.0002746413043817487,True
finest-broad,last,145,0.6358902078753516,0.00014010335507847125,True
finest-broad,last,146,0.6327848756202831,-0.00027523558079896516,True
finest-broad,last,147,0.63208670088492,-0.0001344909064584165,True
finest-broad,last,148,0.6289879314730138,-0.0002756481463270458,True
finest-broad,last,149,0.6282708387610128,0.0001290501469490079,True
finest-broad,last,150,0.6251778675275983,0.0002759356499615379,True
finest-broad,last,151,0.6244421382089792,0.00012366106575012643,True
finest-broad,last,152,0.6213545005741431,-0.000276116009469675,True
finest-broad,last,153,0.6206001499993697,-0.00011821522886246402,True
finest-broad,last,154,0.617517759845335,-0.00027617019287478196,True
finest-broad,last,155,0.6167444495318443,-0.00011262439478169504,True
finest-broad,last,156,0.6136676459967216,0.0002760467786980872,True
finest-broad,last,157,0.6128746317936953,0.00010682771075428011,True
finest-broad,last,158,0.6098041902878563,-0.0002756692717133199,True
finest-broad,last,159,0.6089903115920371,-0.0001007968493818578,True
finest-broad,last,160,0.6059274164512743,-0.00027494595197145904,True
finest-broad,last,161,0.6050911290280084,-9.45382012075141e-05,True
finest-broad,last,162,0.602037308152501,0.0002737815698020885,True
finest-broad,last,163,0.6011767591014603,8.80913656331576e-05,True
finest-broad,last,164,0.5981337851373882,0.0002720896285441166,True
finest-broad,last,165,0.5972469233770058,-8.152374517595467e-05,True
finest-broad,last,166,0.594216690707945,-0.00026980358439985256,True
finest-broad,last,167,0.5933014011416893,-7.492190000150167e-05,True
finest-broad,last,168,0.5902857918733384,0.000266885282703548,True
finest-broad,last,169,0.589340037658041,6.838112670774038e-05,True
finest-broad,last,170,0.5863407915888578,0.00026332942183539005,True
finest-broad,last,171,0.5853627479243904,-6.199512882746855e-05,True
finest-broad,last,172,0.5823813504699397,-0.0002591636484162704,True
finest-broad,last,173,0.5813695154991805,-5.5847472521344503e-05,True
finest-broad,last,174,0.5784071138973691,0.0002544447548968471,True
finest-broad,last,175,0.5773603870219427,5.000587782045268e-05,True
finest-broad,last,176,0.5744177399465027,0.00024925209747170014,True
finest-broad,last,177,0.5733354637564931,-4.451958676042313e-05,True
finest-broad,last,178,0.5704129241240956,-0.00024367963295411868,True
finest-broad,last,179,0.5692948916907057,-3.94193820703688e-05,True
finest-broad,last,180,0.566392418173215,0.0002378278982239675,True
finest-broad,last,181,0.5652388515436614,3.471946864376445e-05,True
finest-broad,last,182,0.5623560417406883,0.00023179693950056823,True
finest-broad,last,183,0.5611675496398959,-3.0420372542643226e-05,True
finest-broad,last,184,0.5583036870683064,-0.00022568078541539802,True
finest-broad,last,185,0.5570812101852426,-2.6512155585073097e-05,True
finest-broad,last,186,0.5542353178163695,0.00021956366729862614,True
finest-broad,last,187,0.5529800691279327,2.297746675179567e-05,True
finest-broad,last,188,0.5501509635940163,-0.00021351789313585952,True
finest-broad,last,189,0.5488643695519144,-1.9794166900986965e-05,True
finest-broad,last,190,0.5460507118317606,-0.00020760310138088895,True
finest-broad,last,191,0.544734358420374,-1.6937427827529375e-05,True
finest-broad,last,192,0.5419346984258664,0.00020186654614138806,True
finest-broad,last,193,0.5405902844389683,1.4381312003631268e-05,True
finest-broad,last,194,0.537803098251516,-0.00019634406796454926,True
finest-broad,last,195,0.5364323968105169,-1.2099894965637165e-05,True
finest-broad,last,196,0.5336561162880202,-0.00019106145290749777,True
finest-broad,last,197,0.5322609446814713,1.0068013378312703e-05,True
finest-broad,last,198,0.5294939797889119,0.00018603595024193985,True
finest-broad,last,199,0.5280761771192645,8.261722247007668e-06,True
finest-broad,last,200,0.525316931690178,-0.0001812777877737571,True
finest-broad,last,201,0.5238783434991019,-6.658534791887639e-06,True
finest-broad,last,202,0.521125225284568,-0.00017679158318802314,True
finest-broad,last,203,0.5196676942143018,5.2375046850192516e-06,True
finest-broad,last,204,0.5169191200885193,0.00017257759603966222,True
finest-broad,last,205,0.5154444816544079,3.9791962803993515e-06,True
finest-broad,last,206,0.512698878776191,-0.0001686327978867464,True
finest-broad,last,207,0.5112089614199042,-2.865575841409974e-06,True
finest-broad,last,208,0.5084647650373408,0.00016495175946235673,True
finest-broad,last,209,0.5069613937622433,1.8798461243738458e-06,True
finest-broad,last,210,0.5042170422201664,0.00016152736624850623,True
finest-broad,last,211,0.5027020452539067,-1.006237936694173e-06,True
finest-broad,last,212,0.499955972637722,-0.0001583513798415755,True
finest-broad,last,213,0.4984311907061592,-2.2976509328728585e-07,True
finest-broad,last,214,0.49568181744098083,0.00015541486412918226,True
finest-broad,last,215,0.49414911536235934,-4.640569318325889e-07,True
finest-broad,last,216,0.49139483698951386,-0.00015270849406160067,True
finest-broad,last,217,0.4898561174022225,1.0895339297972323e-06,True
finest-broad,last,218,0.48709529168060667,-0.00015022276171942144,True
finest-broad,last,219,0.48555251079636763,-1.661168238408676e-06,True
finest-broad,last,220,0.48278344322889155,0.00014794809001278836,True
finest-broad,last,221,0.48123862854890626,-2.1941031232118996e-06,True
finest-broad,last,222,0.47845955642244575,-0.00014587485888322641,True
finest-broad,last,223,0.47691482635518534,2.704659910794146e-06,True
finest-broad,last,224,0.47412390141932553,0.00014399334215359973,True
finest-broad,last,225,0.4725814866756672,-3.2109998717477542e-06,True
finest-broad,last,226,0.46977675669336927,0.0001422935446546256,True
finest-broad,last,227,0.46823902317476085,3.7339530244300645e-06,True
finest-broad,last,228,0.46541841279326257,-0.00014076491801621275,True
finest-broad,last,229,0.46388788537800785,4.298068157335139e-06,True
finest-broad,last,230,0.4610491771482518,0.00013939591807578686,True
finest-broad,last,231,0.4595285632348176,-4.932951892823195e-06,True
finest-broad,last,232,0.4566693802420427,-0.0001381733450764929,True
finest-broad,last,233,0.45516159099489173,5.674977422197686e-06,True
finest-broad,last,234,0.4522793835862579,-0.00013708137676604943,True
finest-broad,last,235,0.4507875493516599,-6.569450216505114e-06,True
finest-broad,last,236,0.44787959005397215,0.00013610016053453155,True
finest-broad,last,237,0.44640706408916575,-7.673306569651065e-06,True
finest-broad,last,238,0.4434704572656988,-0.00013520377060208608,True
finest-broad,last,239,0.4420207983845672,9.058366744498794e-06,True
finest-broad,last,240,0.43905251480124596,0.00013435726054848555,True
finest-broad,last,241,0.43762943437621643,-1.0815021037009243e-05,True
finest-broad,last,242,0.43462638590674113,0.00013351246437602103,True
finest-broad,last,243,0.4332336376280147,-1.3055911740463272e-05,True
finest-broad,last,244,0.430192813770201,-0.0001326021724696175,True
finest-broad,last,245,0.42883399607160205,1.591855682102209e-05,True
finest-broad,last,246,0.4257526907164051,0.0001315324729900186,True
finest-broad,last,247,0.42443092406346405,-1.9564779161188705e-05,True
finest-broad,last,248,0.42130708465322797,-0.0001301737245402484,True
finest-broad,last,249,0.42002452505270743,2.4173173205856772e-05,True
finest-broad,last,250,0.4168572490536691,0.00012835240138621616,True
finest-broad,last,251,0.41561441782571223,2.9919011141551324e-05,True
finest-broad,last,252,0.412404589361435,-0.00012584962444230524,True
finest-broad,last,253,0.4111995572067839,-3.6935552096585935e-05,True
finest-broad,last,254,0.4079505429418158,0.00012241723115687697,True
finest-broad,last,255,0.40677812110236766,4.525547087462938e-05,True
finest-broad,last,256,0.40349632702806865,-0.00011782449398524633,True
finest-broad,last,257,0.40234757320641856,-5.474603468211031e-05,True
finest-broad,last,258,0.39904255216993345,-0.00011193776111104731,True
finest-broad,last,259,0.3979049945606569,6.507485572043038e-05,True
finest-broad,last,260,0.39458881001140217,0.00010480446152168718,True
finest-broad,last,261,0.39344765513605956,-7.575232310403645e-05,True
finest-broad,last,262,0.3901334632197807,-9.668384177434474e-05,True
finest-broad,last,263,0.38897360945022474,8.625912243363988e-05,True
finest-broad,last,264,0.3856738369151962,8.798660669998652e-05,True
finest-broad,last,265,0.3844820260489243,-9.619603652917198e-05,True
finest-broad,last,266,0.38120677697136607,-7.915426449083496e-05,True
finest-broad,last,267,0.37997312369248676,0.00010536836292967717,True
finest-broad,last,268,0.3767293037245434,7.055099135289927e-05,True
finest-broad,last,269,0.3754478394029048,-0.00011377560568430339,True
finest-broad,last,270,0.37223908007163153,-6.241346046812008e-05,True
finest-broad,last,271,0.3709074521965957,0.00012154613690981892,True
finest-broad,last,272,0.36773458900965095,-5.485403795699178e-05,True
finest-broad,last,273,0.3663533065698248,-0.00012886909036932808,True
finest-broad,last,274,0.3632150805156565,4.789021434739364e-05,True
finest-broad,last,275,0.3617866636912162,-0.00013594906667496672,True
finest-broad,last,276,0.35868040377032895,-4.147783015737859e-05,True
finest-broad,last,277,0.35720864752341164,0.00014298472423060154,True
finest-broad,last,278,0.3541308177920194,3.5537545083067647e-05,True
finest-broad,last,279,0.3526202445498337,-0.00015016332225526382,True
finest-broad,last,280,0.34956682953693397,-2.9972260462400834e-05,True
finest-broad,last,281,0.3480223279390888,0.0001576637386914767,True
finest-broad,last,282,0.3449890747402568,-2.4676762602605124e-05,True
finest-broad,last,283,0.34341569040905745,-0.00016566341998272517,True
finest-broad,last,284,0.34039823901315197,1.954163484349061e-05,True
finest-broad,last,285,0.3388010791261331,-0.0001743471799219468,True
finest-broad,last,286,0.33579501041344195,-1.4453121863366348e-05,True
finest-broad,last,287,0.3341792310674044,0.00018391727543571755,True
finest-broad,last,288,0.33118005432277103,9.289947133142864e-06,True
finest-broad,last,289,0.3295509099949026,-0.00019460503014172702,True
finest-broad,last,290,0.3265540033377398,-3.917370215397755e-06,True
finest-broad,last,291,0.3249169478592593,0.00020668477646793064,True
finest-broad,last,292,0.3219174572257023,1.8219653304169796e-06,True
finest-broad,last,293,0.3202782949328351,-0.000220491244617386,True
finest-broad,last,294,0.3172709901808008,-8.121743603132956e-06,True
finest-broad,last,295,0.3156360848701401,0.00023644180129215884,True
finest-broad,last,296,0.31261516463688266,1.523295965229341e-05,True
finest-broad,last,297,0.3109917237125348,0.00025506499950841434,True
finest-broad,last,298,0.30795055312813124,-2.349728547192585e-05,True
finest-broad,last,299,0.3063470160570886,0.00027703619156739295,True
finest-broad,last,300,0.3032777729715728,3.3402571364832396e-05,True
finest-broad,last,301,0.30170434732161727,-0.00030321782678675597,True
finest-broad,last,302,0.2985975447235395,-4.567982272452994e-05,True
finest-broad,last,303,0.2970669466382638,0.0003346918254197902,True
finest-broad,last,304,0.2939107989814418,6.14819164839327e-05,True
finest-broad,last,305,0.2924392518198379,-0.0003727411136984889,True
finest-broad,last,306,0.2892188895671361,-8.273215360616114e-05,True
finest-broad,last,307,0.2878273528037624,0.00041865187932221896,True
finest-broad,last,308,0.28452406136551994,-0.00011284198673914943,True
finest-broad,last,309,0.28323928909298685,-0.00047297750702149745,True
finest-broad,last,310,0.27983058487299006,0.000158228667886247,True
finest-broad,last,311,0.2786842751967726,-0.0005333316828570966,True
finest-broad,last,312,0.2751477524215643,-0.00023114855159263157,True
finest-broad,last,313,0.2741679323500246,0.0005886171675395442,True
finest-broad,last,314,0.27049745240207174,0.0003498886969553578,True
finest-broad,last,315,0.26967725976172263,-0.0006074553735864034,True
finest-broad,last,316,0.26592138573445123,-0.0005039845820108559,True
finest-broad,last,317,0.2651588560996616,0.0005418668351481605,True
finest-broad,last,318,0.2614368247200518,-0.0006013580790901462,True
finest-broad,last,319,0.26055440732997853,-0.0004171115533091939,True
finest-broad,last,320,0.25698070260773753,0.0006030326100244166,True
finest-broad,last,321,0.25587486358765793,-0.00031592624290024805,True
finest-broad,last,322,0.25248705606047833,-0.0005536347680045821,True
finest-broad,last,323,0.251154436916453,0.00025192488311963986,True
finest-broad,last,324,0.24793405696775847,0.0004905818729782328,True
finest-broad,last,325,0.24641167384111248,-0.00021155066929661254,True
finest-broad,last,326,0.24332552968335366,-0.00043073962336582876,True
finest-broad,last,327,0.24165467058972642,-0.000184846570477501,True
finest-broad,last,328,0.2386722797100782,0.0003793252700410965,True
finest-broad,last,329,0.2368872126938822,0.00016638074630605427,True
finest-broad,last,330,0.2339845091441907,-0.00033673734848993633,True
finest-broad,last,331,0.2321112933074887,-0.0001531971838131205,True
finest-broad,last,332,0.22927007909681135,0.00030184859051469835,True
finest-broad,last,333,0.22732809359242065,0.00014361266780945177,True
finest-broad,last,334,0.22453468394269174,0.0002732789439077882,True
finest-broad,last,335,0.22253839536866887,-0.00013662328263321408,True
finest-broad,last,336,0.21978239763515175,-0.00024980125875673594,True
finest-broad,last,337,0.2177427721405139,0.00013160904105711906,True
finest-broad,last,338,0.21501615960538514,0.0002304278300663995,True
finest-broad,last,339,0.21294168636875985,0.00012818079537807176,True
finest-broad,last,340,0.2102381294605937,-0.00021439508310910403,True
finest-broad,last,341,0.20813554436719586,-0.0001260978178895942,True
finest-broad,last,342,0.20544993080173027,0.00020112430515124616,True
finest-broad,last,343,0.20332473152855562,0.00012522265325529732,True
finest-broad,last,344,0.20065281652768752,0.00019018375758916687,True
finest-broad,last,345,0.1985096391599023,-0.0001254972416130314,True
finest-broad,last,346,0.19584778183273047,-0.0001812590187528936,True
finest-broad,last,347,0.19369068965143083,0.00012693268603801002,True
finest-broad,last,348,0.19103564333449558,0.00017413254854588617,True
finest-broad,last,349,0.18886836536124219,-0.0001296095350623131,True
finest-broad,last,350,0.18621709697093042,-0.0001686722058118916,True
finest-broad,last,351,0.184043247354634,-0.0001336884577136123,True
finest-broad,last,352,0.18139276375063249,0.0001648290088226505,True
finest-broad,last,353,0.1792160731935058,0.00013943408879654777,True
finest-broad,last,354,0.1765632309181362,-0.00016264613974750945,True
finest-broad,last,355,0.1743878298885429,-0.0001472589102063846,True
finest-broad,last,356,0.17172909681215437,0.0001622845669735265,True
finest-broad,last,357,0.16955991301650702,0.000157801342729983,True
finest-broad,last,358,0.16689103204369843,0.00016407771580976148,True
finest-broad,last,359,0.164734416207407,-0.00017206693493975082,True
finest-broad,last,360,0.16204988213491997,-0.0001686440219370491,True
finest-broad,last,361,0.1599146940506079,0.0001916930512713099,True
finest-broad,last,362,0.15720687178111287,0.0001771287139097627,True
finest-broad,last,363,0.15510654351298309,-0.0002194663072753786,True
finest-broad,last,364,0.1523640787491649,-0.00019177028735298932,True
finest-broad,last,365,0.15032090936765152,-0.0002603583161650187,True
finest-broad,last,366,0.14752573423289458,0.00021740294285092947,True
finest-broad,last,367,0.14558065069305742,-0.0003234200646713664,True
finest-broad,last,368,0.1427026479262366,-0.00026610889821310327,True
finest-broad,last,369,0.1409378843279968,0.0004224831204700317,True
finest-broad,last,370,0.13793218419623887,0.0003728202382965923,True
finest-broad,last,371,0.13649926276720972,-0.0005457436649869315,True
finest-broad,last,372,0.13337271553640423,-0.0005807185520767305,True
finest-broad,last,373,0.13225109688894912,0.0004872604859263517,True
finest-broad,last,374,0.12913982144292516,-0.0005815393195080231,True
finest-broad,last,375,0.12772031473757278,-0.00022091874127425697,True
finest-broad,last,376,0.12474452983109979,0.0004102817287813362,True
finest-broad,last,377,0.1229519955619683,9.021503453904054e-05,True
finest-broad,last,378,0.12011632715787747,-0.00028518030777325724,True
finest-broad,last,379,0.11811919504743112,3.067298870512323e-05,True
finest-broad,last,380,0.11537127893905669,0.00020887901680707193,True
finest-broad,last,381,0.11326484210741983,3.746447128804533e-06,True
finest-broad,last,382,0.1105696026322794,-0.00016011879842980494,True
finest-broad,last,383,0.10840153571030794,2.836630721359337e-05,True
finest-broad,last,384,0.10573751980636054,0.00012646917399180573,True
finest-broad,last,385,0.10353499122702382,-4.986259259203461e-05,True
finest-broad,last,386,0.10088751121548016,-0.0001012143986318632,True
finest-broad,last,387,0.09866959615497435,7.271905998236291e-05,True
finest-broad,last,388,0.09602634459806596,8.013463945368163e-05,True
finest-broad,last,389,0.0938112641826997,-0.00010227164415373544,True
finest-broad,last,390,0.09115843729113601,-5.934884831201608e-05,True
finest-broad,last,391,0.08897250992258218,-0.00014917603993864782,True
finest-broad,last,392,0.08628811259701917,3.181369900323745e-05,True
finest-broad,last,393,0.0841926828989511,0.0002452844971633078,True
finest-broad,last,394,0.08142649858333348,3.234262115286692e-05,True
finest-broad,last,395,0.07967990652969933,-0.0005243237214820141,True
finest-broad,last,396,0.07684628190115543,0.0006557470578687472,True
finest-broad,last,397,0.07623606309188595,0.0006903866484704435,True
finest-broad,last,398,0.07345243595661576,-0.0005261442527245508,True
finest-broad,last,399,0.07158625082655311,0.000191140059892918,True
finest-broad,last,400,0.06893426614236448,0.0002601336851799677,True
finest-broad,last,401,0.06671923684182866,-0.00013883216157613553,True
finest-broad,last,402,0.06415343017812779,-0.00016976959648588933,True
finest-broad,last,403,0.061842042551385264,-0.0001239842873638513,True
finest-broad,last,404,0.05931479811796436,0.00012962689421586505,True
finest-broad,last,405,0.05696469980128696,0.00012223882710488384,True
finest-broad,last,406,0.054457816527363215,-0.00011006924280498242,True
finest-broad,last,407,0.05209132390499049,-0.0001307458684779932,True
finest-broad,last,408,0.04959583432831321,0.00010309808168473551,True
finest-broad,last,409,0.04722657592791832,0.00015414204256778734,True
finest-broad,last,410,0.04473630722634211,-0.00010951450223764024,True
finest-broad,last,411,0.04238027940069427,-0.0002126143142880299,True
finest-broad,last,412,0.039887284531510823,0.00014714795142625547,True
finest-broad,last,413,0.03759668570926135,-0.0004242788075818434,True
finest-broad,last,414,0.035093929714575076,-0.000496646081020012,True
finest-broad,last,415,0.03396360568965118,0.0018283066138774734,True
finest-broad,last,416,0.03229058845290681,-0.0009169396528784293,True
finest-broad,last,417,0.03018763688446515,0.00014639947263931307,True
finest-broad,last,418,0.02773302785116554,-0.00024211255488900633,True
finest-broad,last,419,0.025420177999067907,-4.529475765542875e-05,True
finest-broad,last,420,0.023005625929121837,0.00013477852428534612,True
finest-broad,last,421,0.020738835855877713,1.8892049633842332e-06,True
finest-broad,last,422,0.0186789242733706,0.00016096386309859853,True
finest-broad,last,423,0.018296598287538206,-0.00016598928331969324,True
finest-broad,last,424,0.01601056671554785,-5.8183176191364275e-05,True
finest-broad,last,425,0.01381963874795771,-0.00011708276393122727,True
finest-broad,last,426,0.011678978465967466,5.108950436326249e-05,True
finest-broad,last,427,0.009709899307101583,-0.00020328350400878735,True
finest-broad,last,428,0.008001182430719319,0.0002993479067049744,True
finest-broad,last,429,0.007633598431684271,-0.002847197634046821,True
finest-broad,last,430,0.00675641074293812,-0.00019018939411718673,True
finest-broad,last,431,0.004113504512940867,0.0006276405750207376,True
finest-broad,last,432,0.0016028344282998654,-0.0023877387585192495,True
finest-broad,last,433,0.0008332336753928954,-0.002043666142948607,True
finest-broad,last,434,0.00031658117506829354,0.002116529280280383,True
finest-broad,last,435,0.00015645272129734635,0.0023386509502289687,True
finest-broad,last,436,5.9460327483867494e-05,-0.0008056143446905303,True
finest-broad,last,437,2.7424769964095303e-05,-0.0026590454079530403,True
finest-broad,last,438,1.0666961138984344e-05,-0.00063950726970015,True
finest-broad,last,439,4.519698005066749e-06,0.002642716504298061,True
finest-broad,last,440,1.8298731062873935e-06,0.0017227909167583997,True
finest-broad,last,441,7.059687424017205e-07,-0.0015929588193609593,True
finest-broad,last,442,2.99781287101121e-07,-0.0029559582457675524,True
finest-broad,last,443,1.0546460549424385e-07,0.0009802845610700393,True
finest-broad,last,444,4.674645565168276e-08,0.003051289220195841,True
finest-broad,last,445,1.5216983726976517e-08,0.0003072023692755827,True
finest-broad,last,446,6.905326047265876e-09,-0.002702750590892349,True
finest-broad,last,447,2.1395928897052684e-09,-0.0016753781777790566,True
finest-broad,last,448,9.619379985452344e-10,0.0021460574497689185,True
finest-broad,last,449,2.9479394792841636e-10,0.002421304066991145,True
finest-broad,last,450,1.2618991377443552e-10,-0.0007741981408260719,True
finest-broad,last,451,3.981218479820828e-11,-0.003230295817219006,False
finest-broad,last,452,1.5647468923080942e-11,-0.00021760408794130212,False
finest-broad,last,453,5.248047720857549e-12,0.003195503916029739,False
finest-broad,last,454,1.849788219183755e-12,0.001212742367268794,False
finest-broad,last,455,6.705371938881984e-13,-0.002396004259345568,False
finest-broad,last,456,2.110376185200447e-13,-0.002374461789149132,False
finest-broad,last,457,8.23017061426313e-14,0.0014928377010097389,False
finest-broad,last,458,2.352743125324058e-14,0.002864345474412131,False
finest-broad,last,459,9.561532998063355e-15,-9.006374175818669e-05,False
finest-broad,last,460,3.728227285442725e-15,-0.0017014256123783129,False
finest-broad,last,461,2.8845248329027085e-15,-0.0006568441806678877,False
finest-broad,last,462,2.7789331203765823e-15,0.000582109109155637,False
finest-broad,last,463,2.6918834260588285e-15,-0.0005318345619470383,False
finest-broad,last,464,2.4971103009068548e-15,0.00011334757360178116,False
finest-broad,last,465,2.297741141945172e-15,0.00045791005698959085,False
finest-broad,last,466,2.2403868592574092e-15,-0.0016304323123728245,False
finest-broad,last,467,2.0507543452505955e-15,-8.804344509884965e-05,False
finest-broad,last,468,1.998925751054018e-15,-0.00027200889894507936,False
finest-broad,last,469,1.870086371553052e-15,-0.0007530371600513578,False
finest-broad,last,470,1.6767983606908061e-15,-0.002136920797433294,False
finest-broad,last,471,1.5304216285059322e-15,0.0006893749224318906,False
finest-broad,last,472,1.4439094362231284e-15,0.0008860009463039246,False
finest-broad,last,473,1.3635316054106084e-15,-0.0005682209595274109,False
finest-broad,last,474,1.228020885705002e-15,0.0003940022182439888,False
finest-broad,last,475,1.1219123508775268e-15,-1.2973479611268978e-05,False
finest-broad,last,476,1.0857013889343558e-15,6.945167808147801e-05,False
finest-broad,last,477,1.0608367849748218e-15,0.0015956051351004251,False
finest-broad,last,478,1.0414392966165645e-15,-2.2632244415746576e-05,False
finest-broad,last,479,9.95820652821989e-16,-6.111430016242649e-05,False
finest-broad,last,480,9.352542505992325e-16,0.0011686124751655775,False
finest-broad,last,481,9.193778769093265e-16,0.00041547759377267413,False
finest-broad,last,482,8.585800274703771e-16,0.0017494842729665378,False
finest-broad,last,483,8.474722886328868e-16,-0.0002623469937426476,False
finest-broad,last,484,8.273082644393359e-16,-0.00012793835262799795,False
finest-broad,last,485,7.768973629347159e-16,0.003301523096416921,False
finest-broad,last,486,7.638271972799052e-16,-0.0005483985772457031,False
finest-broad,last,487,7.478712440080055e-16,0.00027661607269522997,False
finest-broad,last,488,7.287825705942698e-16,-0.00027148144815140917,False
finest-broad,last,489,7.194860460641693e-16,-0.002917888947201872,False
finest-broad,last,490,6.798666835243691e-16,-0.0023038155651843623,False
finest-broad,last,491,6.648984443296843e-16,0.0007750301664773478,False
finest-broad,last,492,6.592900492745512e-16,-0.0002928314269755573,False
finest-broad,last,493,6.384882443199172e-16,0.0032610453775151716,False
finest-broad,last,494,6.311484522082845e-16,0.00275896389940508,False
finest-broad,last,495,6.196978885581078e-16,0.0013148386967394507,False
finest-broad,last,496,6.11195570592776e-16,0.002230825524697383,False
finest-broad,last,497,5.978455946607909e-16,0.003622275540747481,False
finest-broad,last,498,5.919922167250464e-16,-0.004162787122396446,False
finest-broad,last,499,5.836861928956647e-16,0.0011374948949509052,False
finest-broad,last,500,5.814780896853145e-16,0.008076699815580029,False
finest-broad,last,501,5.694639452090405e-16,-6.666175868567515e-05,False
finest-broad,last,502,5.464361255572537e-16,0.000450305011935067,False
finest-broad,last,503,5.461348588308926e-16,-0.0003432886876949007,False
finest-broad,last,504,5.424051574227493e-16,-5.8175126189584496e-05,False
finest-broad,last,505,5.310133316403964e-16,0.0015812134710579961,False
finest-broad,last,506,5.272786087259876e-16,-0.0003215541453933247,False
finest-broad,last,507,5.220664023178529e-16,-0.0024359532770785366,False
finest-broad,last,508,5.035465841492321e-16,-0.002413216144717735,False
finest-broad,last,509,4.993964878120231e-16,0.004188241270499621,False
finest-broad,last,510,4.933501993343509e-16,-0.0010230147661999301,False
finest-broad,last,511,4.892740018732121e-16,-0.0005049449961459605,False
finest-broad,last,512,4.736107498834889e-16,0.004099082846122771,False
finest-broad,last,513,4.68754269865106e-16,0.000676253642372339,False
finest-broad,last,514,4.612178028043922e-16,0.0003837394704182947,False
finest-broad,last,515,4.609392630216155e-16,-0.0011973635068593155,False
finest-broad,last,516,4.493702906703318e-16,0.0017222280698101172,False
finest-broad,last,517,4.470286047128623e-16,0.0003114056233230193,False
finest-broad,last,518,4.372113416400182e-16,-0.0005185150427265082,False
finest-broad,last,519,4.304077659260824e-16,0.0014791723467760564,False
finest-broad,last,520,4.2534525831026627e-16,0.0005346999662250157,False
finest-broad,last,521,4.233664046919339e-16,0.0005170364458053349,False
finest-broad,last,522,4.211997024759576e-16,0.0012304041785568163,False
finest-broad,last,523,4.1276833489833403e-16,0.0010705524860823252,False
finest-broad,last,524,4.0632527529546583e-16,0.0004010510896947813,False
finest-broad,last,525,4.013018390792318e-16,0.0031768671347413295,False
finest-broad,last,526,3.9700232642465653e-16,0.0023740635950465078,False
finest-broad,last,527,3.922895283966599e-16,0.0003355742344504,False
finest-broad,last,528,3.906016813591548e-16,0.0001314126703937381,False
finest-broad,last,529,3.85699218367463e-16,0.0022984900435776296,False
finest-broad,last,530,3.81408777854953e-16,0.0020716565324010905,False
finest-broad,last,531,3.801785044803108e-16,-0.0007408052359315571,False
finest-broad,last,532,3.713002535486357e-16,0.00028886705587264266,False
finest-broad,last,533,3.655160247611252e-16,-0.002625076378020538,False
finest-broad,last,534,3.6371950594545005e-16,-0.0012616697315120345,False
finest-broad,last,535,3.5927028103145794e-16,0.0014694459984850583,False
finest-broad,last,536,3.529783064129e-16,-0.0012879204047235577,False
finest-broad,last,537,3.464185498000418e-16,0.0018306524299452525,False
finest-broad,last,538,3.4306511140209506e-16,-0.0014869383756652582,False
finest-broad,last,539,3.419317394417702e-16,0.0004102974768863213,False
finest-broad,last,540,3.324263280780254e-16,-0.0006622739464966597,False
finest-broad,last,541,3.289146396422609e-16,-0.0007865112029840841,False
finest-broad,last,542,3.277841111043275e-16,-0.0008364616561701471,False
finest-broad,last,543,3.2507932051287025e-16,0.001162521593244268,False
finest-broad,last,544,3.208538302219911e-16,-0.0007363190894298969,False
finest-broad,last,545,3.2015572960368367e-16,0.0006846733403386839,False
finest-broad,last,546,3.133672112544674e-16,0.0003532729078736116,False
finest-broad,last,547,3.10185456304006e-16,0.003813782629217582,False
finest-broad,last,548,3.085271776329714e-16,0.0023210349232888755,False
finest-broad,last,549,3.054411046230172e-16,-0.00048444390161038995,False
finest-broad,last,550,3.041941582321414e-16,-0.002934110992214584,False
finest-broad,last,551,3.012208874106867e-16,-0.002054317912712591,False
finest-broad,last,552,2.974777790737717e-16,0.0029438832778891414,False
finest-broad,last,553,2.9135357134807507e-16,0.0018466730201507848,False
finest-broad,last,554,2.866261908996273e-16,-0.0007840639270209223,False
finest-broad,last,555,2.835536911634928e-16,0.0015501673587790458,False
finest-broad,last,556,2.806279717282282e-16,-0.0011095794281272314,False
finest-broad,last,557,2.7825394206423276e-16,0.0012310569337125913,False
finest-broad,last,558,2.7742941822847563e-16,-0.001070304792423068,False
finest-broad,last,559,2.703685634832949e-16,0.001238540751472102,False
finest-broad,last,560,2.6731042594131554e-16,-0.0004898409959581836,False
finest-broad,last,561,2.634574651145212e-16,6.77430473514965e-05,False
finest-broad,last,562,2.6086396398019774e-16,0.0005828054756022607,False
finest-broad,last,563,2.5720284643246545e-16,-0.0022970056536528896,False
finest-broad,last,564,2.519979167885754e-16,-0.0013052570468719564,False
finest-broad,last,565,2.5062607745984304e-16,-0.0013427377832966715,False
finest-broad,last,566,2.4692441390312443e-16,-0.0007504133790173474,False
finest-broad,last,567,2.4383234368970266e-16,-0.0012335963407763943,False
finest-broad,last,568,2.4007933330867386e-16,0.000910469263203259,False
finest-broad,last,569,2.3880386722390514e-16,-0.002841474896181236,False
finest-broad,last,570,2.3309979591100563e-16,0.0003593777852084422,False
finest-broad,last,571,2.298569257497558e-16,0.0001574736849992732,False
finest-broad,last,572,2.270368087415291e-16,0.0005455068787926585,False
finest-broad,last,573,2.2231973129495997e-16,-0.0011891726244457072,False
finest-broad,last,574,2.1785884408667444e-16,-0.0005009619790702263,False
finest-broad,last,575,2.1326546326433874e-16,-0.0007139759329656294,False
finest-broad,last,576,2.1251839593267226e-16,-0.0014171961306830188,False
finest-broad,last,577,2.1023859097477252e-16,0.0019517125884070008,False
finest-broad,last,578,2.0549994769915917e-16,0.0010343166288797488,False
finest-broad,last,579,2.0458003828976147e-16,-0.00015154613500642893,False
finest-broad,last,580,2.0147828941816406e-16,0.0003716876804644521,False
finest-broad,last,581,2.0140561332862694e-16,-0.0004796824447364288,False
finest-broad,last,582,1.9638025190604715e-16,0.0006498860921163453,False
finest-broad,last,583,1.9605310612457933e-16,-0.0005018068626845893,False
finest-broad,last,584,1.9383667009703664e-16,-0.0016109126354962248,False
finest-broad,last,585,1.9105320650363092e-16,0.0006782653850140296,False
finest-broad,last,586,1.8304759105670923e-16,-0.00038306569787357304,False
finest-broad,last,587,1.779879789785106e-16,-0.00014037602128687206,False
finest-broad,last,588,1.7483231548038698e-16,0.001482637684253848,False
finest-broad,last,589,1.7416813916971755e-16,-3.597693533791202e-05,False
finest-broad,last,590,1.7243087306512241e-16,-0.0007222071691266736,False
finest-broad,last,591,1.723336759350972e-16,-0.0015312322914734827,False
finest-broad,last,592,1.7166912389098665e-16,0.0017463031274785872,False
finest-broad,last,593,1.6875251115234728e-16,0.00031511754239122624,False
finest-broad,last,594,1.6819693674700124e-16,-0.0003903853172076734,False
finest-broad,last,595,1.6772854380781392e-16,0.00015085242919665837,False
finest-broad,last,596,1.6606097367188256e-16,0.001477509850791993,False
finest-broad,last,597,1.651344258830158e-16,0.0004182742963217281,False
finest-broad,last,598,1.6500116256724041e-16,-0.0015626822327990762,False
finest-broad,last,599,1.634874912474813e-16,-0.0010836486191674805,False
finest-broad,last,600,1.6199160755987122e-16,-0.0006840164442025802,False
finest-broad,last,601,1.6083411345207893e-16,0.0011392355287244658,False
finest-broad,last,602,1.5936717683745057e-16,-0.00120761977633524,False
finest-broad,last,603,1.5596706416346476e-16,0.0008392813175859648,False
finest-broad,last,604,1.552019891209697e-16,-0.001730409045968208,False
finest-broad,last,605,1.5405954954178276e-16,-0.0015410707071221103,False
finest-broad,last,606,1.5250216710422853e-16,0.000558534159626339,False
finest-broad,last,607,1.5127658695156986e-16,-0.001202510163315269,False
finest-broad,last,608,1.4823358168140302e-16,0.0011905130271675105,False
finest-broad,last,609,1.4784929546433167e-16,-0.00046395080893665234,False
finest-broad,last,610,1.4685975563123353e-16,9.689773371311075e-05,False
finest-broad,last,611,1.4257484441939887e-16,0.0003194257122652011,False
finest-broad,last,612,1.400465353881956e-16,0.00048792485161603104,False
finest-broad,last,613,1.3946311508182337e-16,-0.0008216013766534782,False
finest-broad,last,614,1.3522345207194162e-16,0.0013520933179143012,False
finest-broad,last,615,1.339463035546101e-16,7.059072719424101e-05,False
finest-broad,last,616,1.3297020716525935e-16,0.0014378346486556284,False
finest-broad,last,617,1.308512989898712e-16,0.0014746792948181662,False
finest-broad,last,618,1.271714981505358e-16,-0.000861712017576544,False
finest-broad,last,619,1.2457423349492747e-16,-0.0005321986789470494,False
finest-broad,last,620,1.1900137374533375e-16,-0.002027569605980181,False
finest-broad,last,621,1.1759277953324793e-16,-0.0010698427629413456,False
finest-broad,last,622,1.165984510849461e-16,-0.001007241248472359,False
finest-broad,last,623,1.1213031143855403e-16,0.003299846933732714,False
finest-broad,last,624,1.0876095822647985e-16,0.0009946366699294439,False
finest-broad,last,625,1.0606508077024645e-16,-0.00023138007303050037,False
finest-broad,last,626,1.018772368139238e-16,0.002233192052941756,False
finest-broad,last,627,9.987232778703848e-17,0.001732702495608026,False
finest-broad,last,628,9.739749970911771e-17,-0.00043987367630393974,False
finest-broad,last,629,9.031892236481359e-17,0.0014715202396976775,False
finest-broad,last,630,8.903129946746811e-17,-0.001772395850905034,False
finest-broad,last,631,8.496538300364182e-17,-0.00040837409021403164,False
finest-broad,last,632,8.171568113186818e-17,-0.0006178915249949,False
finest-broad,last,633,7.761352455787762e-17,-0.0006388716695132277,False
finest-broad,last,634,7.180675101850313e-17,0.0006719351300020338,False
finest-broad,last,635,6.802427436644929e-17,-0.0012406818219607295,False
finest-broad,last,636,6.72051120562552e-17,0.0007801808464286853,False
finest-broad,last,637,6.132121672516431e-17,0.0002364014153771993,False
finest-broad,last,638,4.881951676289499e-17,-0.0006693988508910492,False
finest-broad,last,639,3.195615460678541e-17,-7.274846356391345e-05,False
finest-broad,last,640,1.4324787041718753e-17,0.0007119835587082739,False
finest-carrier,first,0,1.0,7.966619731587992e-06,True
finest-carrier,first,1,0.99871285405381,-1.0958390085975803e-05,True
finest-carrier,first,2,0.9785673743152319,-7.111795714947037e-06,True
finest-carrier,first,3,0.9774770548341726,1.0653792241260824e-05,True
finest-carrier,first,4,0.9633274297387846,-6.5808579655026e-06,True
finest-carrier,first,5,0.9623315484135503,1.0475129062766005e-05,True
finest-carrier,first,6,0.951046067597423,-6.220863216041072e-06,True
finest-carrier,first,7,0.9501039554796216,1.0349365831737691e-05,True
finest-carrier,first,8,0.9405548064498097,-5.9700271402575296e-06,True
finest-carrier,first,9,0.9396455376628158,1.0254804577876825e-05,True
finest-carrier,first,10,0.9312786151066691,-5.795032126425821e-06,True
finest-carrier,first,11,0.930389980347249,1.0182275843356036e-05,True
finest-carrier,first,12,0.9228862805951553,-5.675219325152381e-06,True
finest-carrier,first,13,0.9220106097123913,1.0126995330159898e-05,True
finest-carrier,first,14,0.9151674369626398,-5.596692696893661e-06,True
finest-carrier,first,15,0.9142996825570916,1.008605004968476e-05,True
finest-carrier,first,16,0.9079791906714512,5.5495973512097664e-06,True
finest-carrier,first,17,0.9071159352506929,-1.0057447756754448e-05,True
finest-carrier,first,18,0.9012195927789634,5.5266804547697e-06,True
finest-carrier,first,19,0.9003584883727407,-1.0039705602250429e-05,True
finest-carrier,first,20,0.8948131282637515,5.52245615594159e-06,True
finest-carrier,first,21,0.8939525590307164,-1.0031652717101225e-05,True
finest-carrier,first,22,0.888702187063457,5.532687368784554e-06,True
finest-carrier,first,23,0.8878410555159052,-1.003232684487878e-05,True
finest-carrier,first,24,0.8828417612187446,5.5540473962554915e-06,True
finest-carrier,first,25,0.8819793470003616,-1.0040915871569713e-05,True
finest-carrier,first,26,0.8771959950914212,5.583889859570946e-06,True
finest-carrier,first,27,0.8763318583754657,-1.0056722349924815e-05,True
finest-carrier,first,28,0.8717358556506982,5.620086940691158e-06,True
finest-carrier,first,29,0.8708697690879523,-1.0079140556687027e-05,True
finest-carrier,first,30,0.8664375089601583,5.6609123595123346e-06,True
finest-carrier,first,31,0.86556940853331,-1.0107640771989656e-05,True
finest-carrier,first,32,0.8612811580697407,5.70495458906958e-06,True
finest-carrier,first,33,0.8604111068550471,-1.0141757937347224e-05,True
finest-carrier,first,34,0.856250191719845,5.751051086771638e-06,True
finest-carrier,first,35,0.8553783527033733,-1.0181083094579252e-05,True
finest-carrier,first,36,0.8513305480412855,5.798237500794403e-06,True
finest-carrier,first,37,0.8504571634433131,-1.0225256667953304e-05,True
finest-carrier,first,38,0.8465102304748523,5.84570778975532e-06,True
finest-carrier,first,39,0.8456356058542153,-1.0273963020113427e-05,True
finest-carrier,first,40,0.8417789337080009,-5.892782458765397e-06,True
finest-carrier,first,41,0.8409034256441127,1.0326925924027405e-05,True
finest-carrier,first,42,0.8371277506006594,5.938882938845324e-06,True
finest-carrier,first,43,0.8362517570972271,-1.0383904718672168e-05,True
finest-carrier,first,44,0.8325489397204611,5.983510684958687e-06,True
finest-carrier,first,45,0.8316728927081197,-1.0444690993839196e-05,True
finest-carrier,first,46,0.828035738912428,-6.026229941519083e-06,True
finest-carrier,first,47,0.8271600983879069,1.0509105698179266e-05,True
finest-carrier,first,48,0.8235822143031687,6.066653380754803e-06,True
finest-carrier,first,49,0.8227074637551854,-1.0576996594295495e-05,True
finest-carrier,first,50,0.819183136911871,-6.1044300008977295e-06,True
finest-carrier,first,51,0.8183097797643789,1.0648236004702648e-05,True
finest-carrier,first,52,0.8148338810062797,6.1392348007816704e-06,True
finest-carrier,first,53,0.8139624378681312,-1.0722718804572616e-05,True
finest-carrier,first,54,0.8105303397575016,-6.170759842254717e-06,True
finest-carrier,first,55,0.8096613463105233,1.0800360625011913e-05,True
finest-carrier,first,56,0.8062688547814064,6.198706380600322e-06,True
finest-carrier,first,57,0.8054028601707639,-1.0881096235564734e-05,True
finest-carrier,first,58,0.8020461569195504,-6.222777795645926e-06,True
finest-carrier,first,59,0.8011837225338564,1.096487807661088e-05,True
finest-carrier,first,60,0.7978593161855108,6.2426730934474774e-06,True
finest-carrier,first,61,0.7970010147316307,-1.1051674913935513e-05,True
finest-carrier,first,62,0.7937056992366639,-6.2580807772846805e-06,True
finest-carrier,first,63,0.7928521140265801,-1.1141470587042113e-05,True
finest-carrier,first,64,0.7895829330635181,6.268672905815393e-06,True
finest-carrier,first,65,0.7887346574391886,1.123426282110255e-05,True
finest-carrier,first,66,0.7854888738454202,-6.274099169430071e-06,True
finest-carrier,first,67,0.7846465106726077,-1.133006206939519e-05,True
finest-carrier,first,68,0.7814215801214442,6.273980823470023e-06,True
finest-carrier,first,69,0.780585741285555,1.1428890348667742e-05,True
finest-carrier,first,70,0.7773792895824303,-6.267904319750192e-06,True
finest-carrier,first,71,0.7765505954185342,-1.1530780023168291e-05,True
finest-carrier,first,72,0.7733603989144917,6.255414476300476e-06,True
finest-carrier,first,73,0.7725394774999973,1.163577248356709e-05,True
finest-carrier,first,74,0.7693634462232862,6.236007021353642e-06,True
finest-carrier,first,75,0.7685509324550738,-1.1743916654492738e-05,True
finest-carrier,first,76,0.7653870956475852,-6.209120340609749e-06,True
finest-carrier,first,77,0.7645836300155004,-1.1855267246486965e-05,True
finest-carrier,first,78,0.7614301238343109,6.174126250813846e-06,True
finest-carrier,first,79,0.7606363507894511,1.196988264446694e-05,True
finest-carrier,first,80,0.7574914079984507,-6.130319618183351e-06,True
finest-carrier,first,81,0.7567079737970664,1.2087822291447591e-05,True
finest-carrier,first,82,0.753569915332469,-6.076906643584935e-06,True
finest-carrier,first,83,0.7527974652139405,1.2209143382204992e-05,True
finest-carrier,first,84,0.749664693562823,-6.0129916538220285e-06,True
finest-carrier,first,85,0.7489038680922439,1.2333896619887501e-05,True
finest-carrier,first,86,0.7457748624773511,-5.937562281925843e-06,True
finest-carrier,first,87,0.7450262928488218,1.2462120706946949e-05,True
finest-carrier,first,88,0.7418996062675102,-5.8494730082405125e-06,True
finest-carrier,first,89,0.7411639083223794,1.2593835130642185e-05,True
finest-carrier,first,90,0.7380381665444452,-5.747427197096046e-06,True
finest-carrier,first,91,0.7373159332084986,1.2729030657420289e-05,True
finest-carrier,first,92,0.7341898358979422,-5.6299580466524576e-06,True
finest-carrier,first,93,0.7334816276824699,1.2867656760351956e-05,True
finest-carrier,first,94,0.7303539518725218,-5.495409340652916e-06,True
finest-carrier,first,95,0.7296602850165823,1.3009604965796618e-05,True
finest-carrier,first,96,0.7265298912348442,-5.341917651526427e-06,True
finest-carrier,first,97,0.7258512229922798,1.3154686823328477e-05,True
finest-carrier,first,98,0.7227170644004155,-5.1673988360172594e-06,True
finest-carrier,first,99,0.7220537749010747,1.3302604902342111e-05,True
finest-carrier,first,100,0.7189149098734758,-4.969543475325052e-06,True
finest-carrier,first,101,0.7182672799262,1.3452914968497216e-05,True
finest-carrier,first,102,0.7151228885291983,-4.745828558426727e-06,True
finest-carrier,first,103,0.7144910727079794,1.3604977445726719e-05,True
finest-carrier,first,104,0.7113404775272631,-4.493556374653679e-06,True
finest-carrier,first,105,0.7107244719333524,1.375789672024085e-05,True
finest-carrier,first,106,0.7075671635842741,-4.209936263283908e-06,True
finest-carrier,first,107,0.7069667678745825,1.3910448310150136e-05,True
finest-carrier,first,108,0.7038024352414822,-3.892230018678501e-06,True
finest-carrier,first,109,0.7032172089626436,1.406099722259608e-05,True
finest-carrier,first,110,0.7000457736387389,-3.5379856788713824e-06,True
finest-carrier,first,111,0.6994749877517769,1.4207417018825416e-05,True
finest-carrier,first,112,0.6962966411517323,-3.1453834219732026e-06,True
finest-carrier,first,113,0.6957392270430527,1.4347029185957016e-05,True
finest-carrier,first,114,0.6925544671057771,-2.7137048901495984e-06,True
finest-carrier,first,115,0.692008967487653,1.4476596209597847e-05,True
finest-carrier,first,116,0.6888186297470147,-2.243904855298685e-06,True
finest-carrier,first,117,0.6882831586132544,1.4592415940266191e-05,True
finest-carrier,first,118,0.6850884339265131,-1.7392053410251524e-06,True
finest-carrier,first,119,0.6845606557140859,1.4690570418513544e-05,True
finest-carrier,first,120,0.6813630848116412,1.2055531371306306e-06,True
finest-carrier,first,121,0.6808402250776902,-1.4767364034865858e-05,True
finest-carrier,first,122,0.6776416596130984,6.517137836190867e-07,True
finest-carrier,first,123,0.6771205591997533,-1.4819929000464628e-05,True
finest-carrier,first,124,0.6739230817019844,8.877810092883459e-08,True
finest-carrier,first,125,0.6734003017901947,-1.4846883645572371e-05,True
finest-carrier,first,126,0.6702061038313348,4.710119828795079e-07,True
finest-carrier,first,127,0.6696780798893611,1.484884048146749e-05,True
finest-carrier,first,128,0.6664893080818124,1.0159620482486144e-06,True
finest-carrier,first,129,0.6659525383281737,1.4828544802843637e-05,True
finest-carrier,first,130,0.6627711283131212,-1.5367380208639201e-06,True
finest-carrier,first,131,0.6622223712346074,-1.4790527018166957e-05,True
finest-carrier,first,132,0.6590498962068844,-2.0277872462523256e-06,True
finest-carrier,first,133,0.6584863466748354,-1.4740337223568264e-05,True
finest-carrier,first,134,0.6553239060156544,2.4880004939869528e-06,True
finest-carrier,first,135,0.6547433229760896,1.4683589642523657e-05,True
finest-carrier,first,136,0.6515914883514302,2.9205357541234886e-06,True
finest-carrier,first,137,0.6509922574011318,1.462508345281478e-05,True
finest-carrier,first,138,0.6478510815795312,-3.3319910818210995e-06,True
finest-carrier,first,139,0.6472322087624192,-1.45681832874602e-05,True
finest-carrier,first,140,0.6441012908810348,-3.7312393273947152e-06,True
finest-carrier,first,141,0.6434623354068437,-1.4514512011859938e-05,True
finest-carrier,first,142,0.6403409287067094,4.1282165942120144e-06,True
finest-carrier,first,143,0.6396818894598139,1.446390745298407e-05,True
finest-carrier,first,144,0.6365690345715473,4.532855198759527e-06,True
finest-carrier,first,145,0.6358902078753516,1.4414554363809092e-05,True
finest-carrier,first,146,0.6327848756202831,-4.9542418772685765e-06,True
finest-carrier,first,147,0.63208670088492,-1.4363211498233484e-05,True
finest-carrier,first,148,0.6289879314730138,-5.400003726485216e-06,True
finest-carrier,first,149,0.6282708387610128,1.4305484768564003e-05,True
finest-carrier,first,150,0.6251778675275983,5.875888221530993e-06,True
finest-carrier,first,151,0.6244421382089792,1.4236129325665954e-05,True
finest-carrier,first,152,0.6213545005741431,-6.38550256021548e-06,True
finest-carrier,first,153,0.6206001499993697,-1.4149384160603044e-05,True
finest-carrier,first,154,0.617517759845335,-6.930197886848969e-06,True
finest-carrier,first,155,0.6167444495318443,-1.4039347985902091e-05,True
finest-carrier,first,156,0.6136676459967216,7.5091105349602915e-06,True
finest-carrier,first,157,0.6128746317936953,1.3900394681884127e-05,True
finest-carrier,first,158,0.6098041902878563,-8.119390603723506e-06,True
finest-carrier,first,159,0.6089903115920371,-1.3727604206500014e-05,True
finest-carrier,first,160,0.6059274164512743,-8.756645730666927e-06,True
finest-carrier,first,161,0.6050911290280084,-1.3517158746249786e-05,True
finest-carrier,first,162,0.602037308152501,9.415599207902298e-06,True
finest-carrier,first,163,0.6011767591014603,1.326663620042832e-05,True
finest-carrier,first,164,0.5981337851373882,1.0090912343802984e-05,True
finest-carrier,first,165,0.5972469233770058,-1.297513599782819e-05,True
finest-carrier,first,166,0.594216690707945,-1.0778069308082305e-05,True
finest-carrier,first,167,0.5933014011416893,-1.2643200860912573e-05,True
finest-carrier,first,168,0.5902857918733384,1.147419238009407e-05,True
finest-carrier,first,169,0.589340037658041,1.2272545050749857e-05,True
finest-carrier,first,170,0.5863407915888578,1.217866326489795e-05,True
finest-carrier,first,171,0.5853627479243904,-1.1865646658361904e-05,True
finest-carrier,first,172,0.5823813504699397,-1.2893471301289255e-05,True
finest-carrier,first,173,0.5813695154991805,-1.1425289393036112e-05,True
finest-carrier,first,174,0.5784071138973691,1.362327418184657e-05,True
finest-carrier,first,175,0.5773603870219427,1.095413880772178e-05,True
finest-carrier,first,176,0.5744177399465027,1.4375216994962237e-05,True
finest-carrier,first,177,0.5733354637564931,-1.0454413823517388e-05,True
finest-carrier,first,178,0.5704129241240956,-1.5158593011468985e-05,True
finest-carrier,first,179,0.5692948916907057,-9.927680561984455e-06,True
finest-carrier,first,180,0.566392418173215,1.5984439375615513e-05,True
finest-carrier,first,181,0.5652388515436614,9.374765622168585e-06,True
finest-carrier,first,182,0.5623560417406883,1.6865148315996388e-05,True
finest-carrier,first,183,0.5611675496398959,-8.795767671160233e-06,True
finest-carrier,first,184,0.5583036870683064,-1.7814150145368204e-05,True
finest-carrier,first,185,0.5570812101852426,-8.190140290029677e-06,True
finest-carrier,first,186,0.5542353178163695,1.8845698003582756e-05,True
finest-carrier,first,187,0.5529800691279327,7.556822047941156e-06,True
finest-carrier,first,188,0.5501509635940163,-1.997476237802012e-05,True
finest-carrier,first,189,0.5488643695519144,-6.894397445951388e-06,True
finest-carrier,first,190,0.5460507118317606,-2.121702850413166e-05,True
finest-carrier,first,191,0.544734358420374,-6.20128137712052e-06,True
finest-carrier,first,192,0.5419346984258664,2.2588981640809903e-05,True
finest-carrier,first,193,0.5405902844389683,5.475928340206071e-06,True
finest-carrier,first,194,0.537803098251516,-2.4108062322972307e-05,True
finest-carrier,first,195,0.5364323968105169,-4.717075364432776e-06,True
finest-carrier,first,196,0.5336561162880202,-2.5792873990001153e-05,True
finest-carrier,first,197,0.5322609446814713,3.9240348019513836e-06,True
finest-carrier,first,198,0.5294939797889119,2.766342702360592e-05,True
finest-carrier,first,199,0.5280761771192645,3.0970605862888987e-06,True
finest-carrier,first,200,0.525316931690178,-2.9741404753949976e-05,True
finest-carrier,first,201,0.5238783434991019,-2.2378201967877423e-06,True
finest-carrier,first,202,0.521125225284568,-3.2050437341904106e-05,True
finest-carrier,first,203,0.5196676942143018,1.3500154995769624e-06,True
finest-carrier,first,204,0.5169191200885193,3.461636779209708e-05,True
finest-carrier,first,205,0.5154444816544079,4.402101008973907e-07,True
finest-carrier,first,206,0.512698878776191,-3.746748993624298e-05,True
finest-carrier,first,207,0.5112089614199042,4.810596559045698e-07,True
finest-carrier,first,208,0.5084647650373408,4.063473016280013e-05,True
finest-carrier,first,209,0.5069613937622433,-1.3977865388075003e-06,True
finest-carrier,first,210,0.5042170422201664,4.415173177979509e-05,True
finest-carrier,first,211,0.5027020452539067,2.286468012878098e-06,True
finest-carrier,first,212,0.499955972637722,-4.80547815358603e-05,True
finest-carrier,first,213,0.4984311907061592,3.1133687177582944e-06,True
finest-carrier,first,214,0.49568181744098083,5.238248970414638e-05,True
finest-carrier,first,215,0.49414911536235934,-3.830819553810593e-06,True
finest-carrier,first,216,0.49139483698951386,-5.717509514151643e-05,True
finest-carrier,first,217,0.4898561174022225,4.372219827638085e-06,True
finest-carrier,first,218,0.48709529168060667,-6.24732107622706e-05,True
finest-carrier,first,219,0.48555251079636763,-4.6453014514518435e-06,True
finest-carrier,first,220,0.48278344322889155,6.83157476632235e-05,True
finest-carrier,first,221,0.48123862854890626,-4.52307878590949e-06,True
finest-carrier,first,222,0.47845955642244575,-7.473665130459477e-05,True
finest-carrier,first,223,0.47691482635518534,3.831742953476244e-06,True
finest-carrier,first,224,0.47412390141932553,8.175994336684695e-05,True
finest-carrier,first,225,0.4725814866756672,-2.3345695623663925e-06,True
finest-carrier,first,226,0.46977675669336927,8.939238060699422e-05,True
finest-carrier,first,227,0.46823902317476085,-2.892905053785406e-07,True
finest-carrier,first,228,0.46541841279326257,-9.761281085921586e-05,True
finest-carrier,first,229,0.46388788537800785,-4.472439349013663e-06,True
finest-carrier,first,230,0.4610491771482518,0.00010635702350690085,True
finest-carrier,first,231,0.4595285632348176,1.0794652417807242e-05,True
finest-carrier,first,232,0.4566693802420427,-0.00011549656164693304,True
finest-carrier,first,233,0.45516159099489173,-2.0027303103333952e-05,True
finest-carrier,first,234,0.4522793835862579,-0.00012480960090629172,True
finest-carrier,first,235,0.4507875493516599,3.318739573642103e-05,True
finest-carrier,first,236,0.44787959005397215,0.00013394163193064466,True
finest-carrier,first,237,0.44640706408916575,5.160043655002478e-05,True
finest-carrier,first,238,0.4434704572656988,-0.00014235333616509854,True
finest-carrier,first,239,0.4420207983845672,-7.696882000236633e-05,True
finest-carrier,first,240,0.43905251480124596,0.00014925269866690097,True
finest-carrier,first,241,0.43762943437621643,0.0001114382914673021,True
finest-carrier,first,242,0.43462638590674113,0.00015350787194258716,True
finest-carrier,first,243,0.4332336376280147,0.00015764935189952175,True
finest-carrier,first,244,0.430192813770201,-0.0001535359706533223,True
finest-carrier,first,245,0.42883399607160205,-0.00021875432445135103,True
finest-carrier,first,246,0.4257526907164051,0.00014715929910621975,True
finest-carrier,first,247,0.42443092406346405,0.00029837778858401613,True
finest-carrier,first,248,0.42130708465322797,-0.00013141146915919007,True
finest-carrier,first,249,0.42002452505270743,-0.00040050557226576104,True
finest-carrier,first,250,0.4168572490536691,0.00010225733579479497,True
finest-carrier,first,251,0.41561441782571223,-0.0005293155562804271,True
finest-carrier,first,252,0.412404589361435,-5.4162308566888337e-05,True
finest-carrier,first,253,0.4111995572067839,0.0006890156380512349,True
finest-carrier,first,254,0.4079505429418158,-2.057170058147527e-05,True
finest-carrier,first,255,0.40677812110236766,-0.0008838031679221209,True
finest-carrier,first,256,0.40349632702806865,0.00013272468978634948,True
finest-carrier,first,257,0.40234757320641856,0.0011180210296724137,True
finest-carrier,first,258,0.39904255216993345,0.0002970901459398466,True
finest-carrier,first,259,0.3979049945606569,-0.0013963465438121935,True
finest-carrier,first,260,0.39458881001140217,-0.0005326910295047131,True
finest-carrier,first,261,0.39344765513605956,0.0017234390607695923,True
finest-carrier,first,262,0.3901334632197807,0.0008611867387840998,True
finest-carrier,first,263,0.38897360945022474,-0.002102232221125084,True
finest-carrier,first,264,0.3856738369151962,-0.0013027286692377522,True
finest-carrier,first,265,0.3844820260489243,0.002530389750592235,True
finest-carrier,first,266,0.38120677697136607,0.001869544879076933,True
finest-carrier,first,267,0.37997312369248676,-0.0029951993074813243,True
finest-carrier,first,268,0.3767293037245434,-0.0025582839893307403,True
finest-carrier,first,269,0.3754478394029048,0.0034677454991108624,True
finest-carrier,first,270,0.37223908007163153,0.003342105286138694,True
finest-carrier,first,271,0.3709074521965957,-0.0038974055299236185,True
finest-carrier,first,272,0.36773458900965095,0.0041633110918730554,True
finest-carrier,first,273,0.3663533065698248,0.004207971225243486,True
finest-carrier,first,274,0.3632150805156565,-0.004927733804782706,True
finest-carrier,first,275,0.3617866636912162,0.00429729848151571,True
finest-carrier,first,276,0.35868040377032895,0.005503111922834341,True
finest-carrier,first,277,0.35720864752341164,-0.0040431082473537565,True
finest-carrier,first,278,0.3541308177920194,-0.005724788728947436,True
finest-carrier,first,279,0.3526202445498337,0.0033179189991419332,True
finest-carrier,first,280,0.34956682953693397,0.005412588933567875,True
finest-carrier,first,281,0.3480223279390888,-0.002015492485227129,True
finest-carrier,first,282,0.3449890747402568,0.004401990880780229,True
finest-carrier,first,283,0.34341569040905745,8.902487437083696e-05,True
finest-carrier,first,284,0.34039823901315197,-0.002590050882749908,True
finest-carrier,first,285,0.3388010791261331,-0.002402812504057615,True
finest-carrier,first,286,0.33579501041344195,-8.466328968550129e-06,True
finest-carrier,first,287,0.3341792310674044,0.005251872735961341,True
finest-carrier,first,288,0.33118005432277103,0.003206365021942644,True
finest-carrier,first,289,0.3295509099949026,-0.008075184572387012,True
finest-carrier,first,290,0.3265540033377398,-0.006609939223999221,True
finest-carrier,first,291,0.3249169478592593,0.010329756546053743,True
finest-carrier,first,292,0.3219174572257023,-0.009629848364279301,True
finest-carrier,first,293,0.3202782949328351,-0.011388176825248371,True
finest-carrier,first,294,0.3172709901808008,0.01155937041699343,True
finest-carrier,first,295,0.3156360848701401,0.010684727645051892,True
finest-carrier,first,296,0.31261516463688266,-0.011729192209204637,True
finest-carrier,first,297,0.3109917237125348,0.007918159698772836,True
finest-carrier,first,298,0.30795055312813124,0.009721424183343333,True
finest-carrier,first,299,0.3063470160570886,0.0032632606068908297,True
finest-carrier,first,300,0.3032777729715728,-0.005589841564473733,True
finest-carrier,first,301,0.30170434732161727,0.002491278863619818,True
finest-carrier,first,302,0.2985975447235395,6.628341757880129e-07,True
finest-carrier,first,303,0.2970669466382638,-0.00797861921509077,True
finest-carrier,first,304,0.2939107989814418,0.005802058454411764,True
finest-carrier,first,305,0.2924392518198379,0.011541853128066295,True
finest-carrier,first,306,0.2892188895671361,-0.010269988749916976,True
finest-carrier,first,307,0.2878273528037624,-0.011778182350945758,True
finest-carrier,first,308,0.28452406136551994,-0.012043039296662842,True
finest-carrier,first,309,0.28323928909298685,0.008216912165629383,True
finest-carrier,first,310,0.27983058487299006,0.010522294044317253,True
finest-carrier,first,311,0.2786842751967726,0.0018531351655675977,True
finest-carrier,first,312,0.2751477524215643,-0.006272241788151708,True
finest-carrier,first,313,0.2741679323500246,0.004905658859218486,True
finest-carrier,first,314,0.27049745240207174,0.000907664363604879,True
finest-carrier,first,315,0.26967725976172263,-0.00941666740410508,True
finest-carrier,first,316,0.26592138573445123,0.004027904408980058,True
finest-carrier,first,317,0.2651588560996616,0.010825955685887513,True
finest-carrier,first,318,0.2614368247200518,0.008179408635469012,True
finest-carrier,first,319,0.26055440732997853,-0.00971659415960914,True
finest-carrier,first,320,0.25698070260773753,-0.009956888309712482,True
finest-carrier,first,321,0.25587486358765793,-0.005944823621763468,True
finest-carrier,first,322,0.25248705606047833,0.007316346514241003,True
finest-carrier,first,323,0.251154436916453,0.00020998945517276043,True
finest-carrier,first,324,0.24793405696775847,-0.0012713821552823368,True
finest-carrier,first,325,0.24641167384111248,0.005211463080758703,True
finest-carrier,first,326,0.24332552968335366,-0.004718897843187978,True
finest-carrier,first,327,0.24165467058972642,0.00780702132475781,True
finest-carrier,first,328,0.2386722797100782,0.007355747873208782,True
finest-carrier,first,329,0.2368872126938822,-0.006439748685146511,True
finest-carrier,first,330,0.2339845091441907,-0.005584590560239661,True
finest-carrier,first,331,0.2321112933074887,0.0021577432241515282,True
finest-carrier,first,332,0.22927007909681135,0.001078206990117872,True
finest-carrier,first,333,0.22732809359242065,0.00237757804926924,True
finest-carrier,first,334,0.22453468394269174,-0.0030343703331381982,True
finest-carrier,first,335,0.22253839536866887,-0.004586499255465555,True
finest-carrier,first,336,0.21978239763515175,0.00434661369840221,True
finest-carrier,first,337,0.2177427721405139,0.0036724136766675053,True
finest-carrier,first,338,0.21501615960538514,-0.002748447173169037,True
finest-carrier,first,339,0.21294168636875985,0.0010458205776277716,True
finest-carrier,first,340,0.2102381294605937,0.0002137929692947094,True
finest-carrier,first,341,0.20813554436719586,0.0009519250922896258,True
finest-carrier,first,342,0.20544993080173027,0.0010506968381527953,True
finest-carrier,first,343,0.20332473152855562,-0.0010578489794756834,True
finest-carrier,first,344,0.20065281652768752,0.0005457995710847041,True
finest-carrier,first,345,0.1985096391599023,8.806745643159479e-05,True
finest-carrier,first,346,0.19584778183273047,0.0002578843634868446,True
finest-carrier,first,347,0.19369068965143083,8.510991209890594e-05,True
finest-carrier,first,348,0.19103564333449558,0.00032327137107609246,True
finest-carrier,first,349,0.18886836536124219,0.0012742787955818604,True
finest-carrier,first,350,0.18621709697093042,-0.002076193311137546,True
finest-carrier,first,351,0.184043247354634,0.002629349002975849,True
finest-carrier,first,352,0.18139276375063249,0.002741996368056352,True
finest-carrier,first,353,0.1792160731935058,-0.0015998678140354394,True
finest-carrier,first,354,0.1765632309181362,-0.0004071578344930891,True
finest-carrier,first,355,0.1743878298885429,-0.0021129385030295594,True
finest-carrier,first,356,0.17172909681215437,-0.0037902995483201606,True
finest-carrier,first,357,0.16955991301650702,0.005432965119155104,True
finest-carrier,first,358,0.16689103204369843,-0.005841778831575042,True
finest-carrier,first,359,0.164734416207407,-0.0043648451508726,True
finest-carrier,first,360,0.16204988213491997,0.0026284107736038826,True
finest-carrier,first,361,0.1599146940506079,-0.0015270723670858801,True
finest-carrier,first,362,0.15720687178111287,0.004119544071051296,True
finest-carrier,first,363,0.15510654351298309,0.007345460155492659,True
finest-carrier,first,364,0.1523640787491649,-0.00830083678709301,True
finest-carrier,first,365,0.15032090936765152,0.006809921280045878,True
finest-carrier,first,366,0.14752573423289458,0.005078539871535661,True
finest-carrier,first,367,0.14558065069305742,-0.000926292420778492,True
finest-carrier,first,368,0.1427026479262366,0.0035351152684330416,True
finest-carrier,first,369,0.1409378843279968,0.00875356858795683,True
finest-carrier,first,370,0.13793218419623887,-0.009793749550940378,True
finest-carrier,first,371,0.13649926276720972,-0.008101305896552462,True
finest-carrier,first,372,0.13337271553640423,0.008786804580218771,True
finest-carrier,first,373,0.13225109688894912,0.0008530420527512758,True
finest-carrier,first,374,0.12913982144292516,0.0016721106591531807,True
finest-carrier,first,375,0.12772031473757278,0.007300412009082415,True
finest-carrier,first,376,0.12474452983109979,0.008766196160100312,True
finest-carrier,first,377,0.1229519955619683,-0.011583954954086376,True
finest-carrier,first,378,0.12011632715787747,-0.010695160654283036,True
finest-carrier,first,379,0.11811919504743112,-0.005248892232634077,True
finest-carrier,first,380,0.11537127893905669,0.0008333422892048679,True
finest-carrier,first,381,0.11326484210741983,-0.006916763981863004,True
finest-carrier,first,382,0.1105696026322794,0.010510460315038756,True
finest-carrier,first,383,0.10840153571030794,-0.01245322442276354,True
finest-carrier,first,384,0.10573751980636054,-0.010810490259087676,True
finest-carrier,first,385,0.10353499122702382,0.00491288024490573,True
finest-carrier,first,386,0.10088751121548016,-0.0006762895475829158,True
finest-carrier,first,387,0.09866959615497435,0.008042647133218176,True
finest-carrier,first,388,0.09602634459806596,0.011510703943179212,True
finest-carrier,first,389,0.0938112641826997,-0.012229600638542995,True
finest-carrier,first,390,0.09115843729113601,-0.009687888452176911,True
finest-carrier,first,391,0.08897250992258218,-0.0028101271108538837,True
finest-carrier,first,392,0.08628811259701917,-0.0026743535139626233,True
finest-carrier,first,393,0.0841926828989511,-0.00953065406276954,True
finest-carrier,first,394,0.08142649858333348,0.011684047082556966,True
finest-carrier,first,395,0.07967990652969933,0.009557967435192377,True
finest-carrier,first,396,0.07684628190115543,0.009257282634327521,True
finest-carrier,first,397,0.07623606309188595,-0.002064293598760553,True
finest-carrier,first,398,0.07345243595661576,-0.0021900755136998328,True
finest-carrier,first,399,0.07158625082655311,0.0059822391925577955,True
finest-carrier,first,400,0.06893426614236448,-0.009309984997985783,True
finest-carrier,first,401,0.06671923684182866,-0.010951863695710766,True
finest-carrier,first,402,0.06415343017812779,0.008827310771047094,True
finest-carrier,first,403,0.061842042551385264,-0.0036403432525424872,True
finest-carrier,first,404,0.05931479811796436,0.001804236862517814,True
finest-carrier,first,405,0.05696469980128696,-0.0070114344671439125,True
finest-carrier,first,406,0.054457816527363215,-0.009305309910029749,True
finest-carrier,first,407,0.05209132390499049,0.00868257668465679,True
finest-carrier,first,408,0.04959583432831321,0.005477201190085465,True
finest-carrier,first,409,0.04722657592791832,-0.0005119040902129792,True
finest-carrier,first,410,0.04473630722634211,0.0038682455094266916,True
finest-carrier,first,411,0.04238027940069427,-0.006941122293779136,True
finest-carrier,first,412,0.039887284531510823,-0.007383851797047679,True
finest-carrier,first,413,0.03759668570926135,-0.005308866127429595,True
finest-carrier,first,414,0.035093929714575076,0.0024640557629519166,True
finest-carrier,first,415,0.03396360568965118,-0.0012630122015088185,True
finest-carrier,first,416,0.03229058845290681,-0.0012104459718504828,True
finest-carrier,first,417,0.03018763688446515,-0.004379956253963779,True
finest-carrier,first,418,0.02773302785116554,-0.005181819240421846,True
finest-carrier,first,419,0.025420177999067907,0.004340029373661959,True
finest-carrier,first,420,0.023005625929121837,0.00230221596759204,True
finest-carrier,first,421,0.020738835855877713,-0.00021106872475188708,True
finest-carrier,first,422,0.0186789242733706,0.00016070321003214347,True
finest-carrier,first,423,0.018296598287538206,0.0020498482353267606,True
finest-carrier,first,424,0.01601056671554785,-0.002709320844379801,True
finest-carrier,first,425,0.01381963874795771,0.0023971372204857175,True
finest-carrier,first,426,0.011678978465967466,0.0013662678276429815,True
finest-carrier,first,427,0.009709899307101583,0.0002602193945578537,True
finest-carrier,first,428,0.008001182430719319,-0.0003855833039770808,True
finest-carrier,first,429,0.007633598431684271,-0.000111950996137805,True
finest-carrier,first,430,0.00675641074293812,0.0004129717277214987,True
finest-carrier,first,431,0.004113504512940867,1.2103613263351721e-05,True
finest-carrier,first,432,0.0016028344282998654,4.328127103958297e-06,True
finest-carrier,first,433,0.0008332336753928954,2.1205552657090486e-06,True
finest-carrier,first,434,0.00031658117506829354,8.966325919809269e-07,True
finest-carrier,first,435,0.00015645272129734635,3.864467844514833e-07,True
finest-carrier,first,436,5.9460327483867494e-05,1.7743768129619867e-07,True
finest-carrier,first,437,2.7424769964095303e-05,6.53816890040482e-08,True
finest-carrier,first,438,1.0666961138984344e-05,3.283994350475299e-08,True
finest-carrier,first,439,4.519698005066749e-06,1.080153526667684e-08,True
finest-carrier,first,440,1.8298731062873935e-06,5.729659122516612e-09,True
finest-carrier,first,441,7.059687424017205e-07,1.7049171015190087e-09,True
finest-carrier,first,442,2.99781287101121e-07,9.385601669915485e-10,True
finest-carrier,first,443,1.0546460549424385e-07,2.704225501833333e-10,True
finest-carrier,first,444,4.674645565168276e-08,1.4306053683883201e-10,True
finest-carrier,first,445,1.5216983726976517e-08,4.1559889319287616e-11,True
finest-carrier,first,446,6.905326047265876e-09,2.037352598150406e-11,True
finest-carrier,first,447,2.1395928897052684e-09,6.36450100337314e-12,True
finest-carrier,first,448,9.619379985452344e-10,2.66194949056703e-12,True
finest-carrier,first,449,2.9479394792841636e-10,9.336747420784254e-13,True
finest-carrier,first,450,1.2618991377443552e-10,3.31503918215018e-13,True
finest-carrier,first,451,3.981218479820828e-11,1.3300039951961884e-13,False
finest-carrier,first,452,1.5647468923080942e-11,3.9055190293035284e-14,False
finest-carrier,first,453,5.248047720857549e-12,1.801371161610197e-14,False
finest-carrier,first,454,1.849788219183755e-12,4.654505474722229e-15,False
finest-carrier,first,455,6.705371938881984e-13,2.2629888687159123e-15,False
finest-carrier,first,456,2.110376185200447e-13,5.086406022118267e-16,False
finest-carrier,first,457,8.23017061426313e-14,2.566252744850923e-16,False
finest-carrier,first,458,2.352743125324058e-14,7.760144407644848e-17,False
finest-carrier,first,459,9.561532998063355e-15,7.645815500835558e-17,False
finest-carrier,first,460,3.728227285442725e-15,3.6734947339748753e-17,False
finest-carrier,first,461,2.8845248329027085e-15,-1.2759901434518902e-17,False
finest-carrier,first,462,2.7789331203765823e-15,3.479956808438027e-17,False
finest-carrier,first,463,2.6918834260588285e-15,-4.113015731939404e-17,False
finest-carrier,first,464,2.4971103009068548e-15,-2.804366381093851e-17,False
finest-carrier,first,465,2.297741141945172e-15,-1.2670677684764747e-18,False
finest-carrier,first,466,2.2403868592574092e-15,-6.485517273132775e-18,False
finest-carrier,first,467,2.0507543452505955e-15,-1.8852040915264005e-17,False
finest-carrier,first,468,1.998925751054018e-15,2.3904259269163547e-17,False
finest-carrier,first,469,1.870086371553052e-15,8.816331167617533e-17,False
finest-carrier,first,470,1.6767983606908061e-15,-5.629613379881473e-17,False
finest-carrier,first,471,1.5304216285059322e-15,-1.5246800374253518e-17,False
finest-carrier,first,472,1.4439094362231284e-15,-6.719035651655752e-17,False
finest-carrier,first,473,1.3635316054106084e-15,-5.053268238168131e-18,False
finest-carrier,first,474,1.228020885705002e-15,-2.451183187875872e-17,False
finest-carrier,first,475,1.1219123508775268e-15,1.5130850487490186e-18,False
finest-carrier,first,476,1.0857013889343558e-15,2.855489278401862e-17,False
finest-carrier,first,477,1.0608367849748218e-15,-1.0897975793044808e-17,False
finest-carrier,first,478,1.0414392966165645e-15,-1.211599078998387e-17,False
finest-carrier,first,479,9.95820652821989e-16,3.401231522069138e-17,False
finest-carrier,first,480,9.352542505992325e-16,-4.5998564685017086e-17,False
finest-carrier,first,481,9.193778769093265e-16,3.1565133697700913e-18,False
finest-carrier,first,482,8.585800274703771e-16,-1.1464573301496416e-17,False
finest-carrier,first,483,8.474722886328868e-16,-4.139173580639606e-17,False
finest-carrier,first,484,8.273082644393359e-16,3.393279028955507e-17,False
finest-carrier,first,485,7.768973629347159e-16,-4.4344070724160614e-17,False
finest-carrier,first,486,7.638271972799052e-16,-4.9444765003418036e-17,False
finest-carrier,first,487,7.478712440080055e-16,3.1945994044244064e-17,False
finest-carrier,first,488,7.287825705942698e-16,-5.525998870621026e-17,False
finest-carrier,first,489,7.194860460641693e-16,2.755027272125248e-18,False
finest-carrier,first,490,6.798666835243691e-16,8.722614926461478e-18,False
finest-carrier,first,491,6.648984443296843e-16,1.2473029934541784e-18,False
finest-carrier,first,492,6.592900492745512e-16,2.2920919878026804e-18,False
finest-carrier,first,493,6.384882443199172e-16,1.6476420920230876e-18,False
finest-carrier,first,494,6.311484522082845e-16,-1.2226815014627476e-17,False
finest-carrier,first,495,6.196978885581078e-16,1.2407478154793936e-17,False
finest-carrier,first,496,6.11195570592776e-16,2.611546945150149e-17,False
finest-carrier,first,497,5.978455946607909e-16,-6.304629327273854e-18,False
finest-carrier,first,498,5.919922167250464e-16,-5.795789057475228e-17,False
finest-carrier,first,499,5.836861928956647e-16,-2.9430656255506635e-17,False
finest-carrier,first,500,5.814780896853145e-16,1.771609105214041e-17,False
finest-carrier,first,501,5.694639452090405e-16,-1.928770931250872e-17,False
finest-carrier,first,502,5.464361255572537e-16,-1.2897208657525738e-17,False
finest-carrier,first,503,5.461348588308926e-16,1.0420616178254453e-17,False
finest-carrier,first,504,5.424051574227493e-16,3.4277201004775125e-18,False
finest-carrier,first,505,5.310133316403964e-16,-7.375039821028464e-18,False
finest-carrier,first,506,5.272786087259876e-16,2.4155213225539083e-17,False
finest-carrier,first,507,5.220664023178529e-16,-3.466732163901859e-18,False
finest-carrier,first,508,5.035465841492321e-16,2.637589629529663e-19,False
finest-carrier,first,509,4.993964878120231e-16,-1.7637659153248218e-17,False
finest-carrier,first,510,4.933501993343509e-16,4.252018171170282e-17,False
finest-carrier,first,511,4.892740018732121e-16,-1.0708824227431932e-17,False
finest-carrier,first,512,4.736107498834889e-16,-2.0157599679801613e-17,False
finest-carrier,first,513,4.68754269865106e-16,-1.1057783350723507e-17,False
finest-carrier,first,514,4.612178028043922e-16,-2.254422821972169e-17,False
finest-carrier,first,515,4.609392630216155e-16,-2.620769069919956e-17,False
finest-carrier,first,516,4.493702906703318e-16,5.2561366749095684e-17,False
finest-carrier,first,517,4.470286047128623e-16,-4.500826682611901e-18,False
finest-carrier,first,518,4.372113416400182e-16,-2.949027923302861e-17,False
finest-carrier,first,519,4.304077659260824e-16,2.7564522484285507e-18,False
finest-carrier,first,520,4.2534525831026627e-16,-6.248853691596076e-17,False
finest-carrier,first,521,4.233664046919339e-16,1.4564161437910392e-17,False
finest-carrier,first,522,4.211997024759576e-16,-3.796901945900332e-18,False
finest-carrier,first,523,4.1276833489833403e-16,2.0781681636395788e-17,False
finest-carrier,first,524,4.0632527529546583e-16,-2.771994416462136e-18,False
finest-carrier,first,525,4.013018390792318e-16,-1.2482291328163482e-17,False
finest-carrier,first,526,3.9700232642465653e-16,-3.6979574076654434e-17,False
finest-carrier,first,527,3.922895283966599e-16,3.619679454011324e-17,False
finest-carrier,first,528,3.906016813591548e-16,1.2840196862577739e-17,False
finest-carrier,first,529,3.85699218367463e-16,2.5380851180048134e-18,False
finest-carrier,first,530,3.81408777854953e-16,-2.738622882398574e-17,False
finest-carrier,first,531,3.801785044803108e-16,1.174280057332162e-17,False
finest-carrier,first,532,3.713002535486357e-16,2.0737250191814855e-17,False
finest-carrier,first,533,3.655160247611252e-16,3.056995549769538e-19,False
finest-carrier,first,534,3.6371950594545005e-16,-1.550003995414516e-17,False
finest-carrier,first,535,3.5927028103145794e-16,1.1351809674003497e-17,False
finest-carrier,first,536,3.529783064129e-16,2.7940339335208603e-17,False
finest-carrier,first,537,3.464185498000418e-16,1.8196936010558894e-17,False
finest-carrier,first,538,3.4306511140209506e-16,7.670858737753113e-18,False
finest-carrier,first,539,3.419317394417702e-16,1.7190050395351653e-17,False
finest-carrier,first,540,3.324263280780254e-16,1.6460529187523062e-17,False
finest-carrier,first,541,3.289146396422609e-16,1.426764481374024e-17,False
finest-carrier,first,542,3.277841111043275e-16,4.850377617436644e-19,False
finest-carrier,first,543,3.2507932051287025e-16,1.4943922069687037e-17,False
finest-carrier,first,544,3.208538302219911e-16,-3.0011233605170555e-17,False
finest-carrier,first,545,3.2015572960368367e-16,-2.2794682643424657e-17,False
finest-carrier,first,546,3.133672112544674e-16,-2.0844424948573136e-17,False
finest-carrier,first,547,3.10185456304006e-16,2.784615459973534e-18,False
finest-carrier,first,548,3.085271776329714e-16,-1.732586448642376e-17,False
finest-carrier,first,549,3.054411046230172e-16,-1.6185339129085924e-17,False
finest-carrier,first,550,3.041941582321414e-16,-6.859875823537049e-17,False
finest-carrier,first,551,3.012208874106867e-16,2.428016887344746e-17,False
finest-carrier,first,552,2.974777790737717e-16,-1.702884659341517e-17,False
finest-carrier,first,553,2.9135357134807507e-16,3.242704043378193e-19,False
finest-carrier,first,554,2.866261908996273e-16,-1.5724139713498936e-17,False
finest-carrier,first,555,2.835536911634928e-16,-3.525222228450342e-17,False
finest-carrier,first,556,2.806279717282282e-16,-9.962913069913071e-18,False
finest-carrier,first,557,2.7825394206423276e-16,1.0817578160872178e-17,False
finest-carrier,first,558,2.7742941822847563e-16,2.0867177069688287e-17,False
finest-carrier,first,559,2.703685634832949e-16,3.0216294467549442e-18,False
finest-carrier,first,560,2.6731042594131554e-16,2.938200196822323e-18,False
finest-carrier,first,561,2.634574651145212e-16,2.4828890487841556e-17,False
finest-carrier,first,562,2.6086396398019774e-16,-1.5131254478366784e-17,False
finest-carrier,first,563,2.5720284643246545e-16,-3.1402177787729594e-17,False
finest-carrier,first,564,2.519979167885754e-16,1.8151775360734965e-17,False
finest-carrier,first,565,2.5062607745984304e-16,3.443490488073216e-17,False
finest-carrier,first,566,2.4692441390312443e-16,9.856050956455466e-19,False
finest-carrier,first,567,2.4383234368970266e-16,-3.580382302832158e-18,False
finest-carrier,first,568,2.4007933330867386e-16,1.734527056585138e-17,False
finest-carrier,first,569,2.3880386722390514e-16,-3.5096310889424105e-18,False
finest-carrier,first,570,2.3309979591100563e-16,9.927035833069841e-18,False
finest-carrier,first,571,2.298569257497558e-16,-2.0586667948376568e-17,False
finest-carrier,first,572,2.270368087415291e-16,2.528447811517733e-17,False
finest-carrier,first,573,2.2231973129495997e-16,-1.4387420821935723e-17,False
finest-carrier,first,574,2.1785884408667444e-16,2.27564304777117e-17,False
finest-carrier,first,575,2.1326546326433874e-16,1.0020632055070511e-18,False
finest-carrier,first,576,2.1251839593267226e-16,-1.6181745713482292e-17,False
finest-carrier,first,577,2.1023859097477252e-16,-9.800813014334697e-18,False
finest-carrier,first,578,2.0549994769915917e-16,2.334607690823501e-17,False
finest-carrier,first,579,2.0458003828976147e-16,-4.500848727438081e-18,False
finest-carrier,first,580,2.0147828941816406e-16,7.632295058236407e-18,False
finest-carrier,first,581,2.0140561332862694e-16,-1.4269056383764795e-17,False
finest-carrier,first,582,1.9638025190604715e-16,5.628739611452247e-20,False
finest-carrier,first,583,1.9605310612457933e-16,5.6305682088758086e-18,False
finest-carrier,first,584,1.9383667009703664e-16,1.5938899796794982e-18,False
finest-carrier,first,585,1.9105320650363092e-16,2.309755164465469e-18,False
finest-carrier,first,586,1.8304759105670923e-16,-1.7620404467552173e-17,False
finest-carrier,first,587,1.779879789785106e-16,4.283888116936145e-18,False
finest-carrier,first,588,1.7483231548038698e-16,-7.366664065305639e-18,False
finest-carrier,first,589,1.7416813916971755e-16,1.6285140695260333e-17,False
finest-carrier,first,590,1.7243087306512241e-16,1.2464589858648818e-18,False
finest-carrier,first,591,1.723336759350972e-16,8.460731878700391e-18,False
finest-carrier,first,592,1.7166912389098665e-16,5.482710840803858e-18,False
finest-carrier,first,593,1.6875251115234728e-16,-9.895957560928476e-19,False
finest-carrier,first,594,1.6819693674700124e-16,2.6539040151101412e-17,False
finest-carrier,first,595,1.6772854380781392e-16,-1.4313661263941732e-17,False
finest-carrier,first,596,1.6606097367188256e-16,-1.2040832396667625e-17,False
finest-carrier,first,597,1.651344258830158e-16,-1.4907641837097687e-17,False
finest-carrier,first,598,1.6500116256724041e-16,2.8285507687018316e-18,False
finest-carrier,first,599,1.634874912474813e-16,-8.295440085530796e-18,False
finest-carrier,first,600,1.6199160755987122e-16,2.2553207067585774e-17,False
finest-carrier,first,601,1.6083411345207893e-16,5.5965890285650315e-18,False
finest-carrier,first,602,1.5936717683745057e-16,-7.877557911913307e-18,False
finest-carrier,first,603,1.5596706416346476e-16,-6.921312448642588e-18,False
finest-carrier,first,604,1.552019891209697e-16,1.4564583432310352e-17,False
finest-carrier,first,605,1.5405954954178276e-16,-1.1499415822062669e-17,False
finest-carrier,first,606,1.5250216710422853e-16,3.788893028749509e-18,False
finest-carrier,first,607,1.5127658695156986e-16,-8.544730951849208e-18,False
finest-carrier,first,608,1.4823358168140302e-16,-1.421344986507758e-17,False
finest-carrier,first,609,1.4784929546433167e-16,-6.5961221238903994e-18,False
finest-carrier,first,610,1.4685975563123353e-16,-1.0559838848859809e-17,False
finest-carrier,first,611,1.4257484441939887e-16,-2.0832643524751017e-17,False
finest-carrier,first,612,1.400465353881956e-16,-5.176844630747502e-18,False
finest-carrier,first,613,1.3946311508182337e-16,-2.4119848003429395e-17,False
finest-carrier,first,614,1.3522345207194162e-16,-4.644318145142729e-18,False
finest-carrier,first,615,1.339463035546101e-16,8.468436147166094e-18,False
finest-carrier,first,616,1.3297020716525935e-16,1.203988862023693e-18,False
finest-carrier,first,617,1.308512989898712e-16,2.279301236783252e-17,False
finest-carrier,first,618,1.271714981505358e-16,1.216762535435916e-17,False
finest-carrier,first,619,1.2457423349492747e-16,-7.488506297407427e-18,False
finest-carrier,first,620,1.1900137374533375e-16,1.490600776427479e-18,False
finest-carrier,first,621,1.1759277953324793e-16,2.595628029597933e-17,False
finest-carrier,first,622,1.165984510849461e-16,1.5178965533444383e-17,False
finest-carrier,first,623,1.1213031143855403e-16,1.5556743560392882e-17,False
finest-carrier,first,624,1.0876095822647985e-16,-2.6542802942853292e-17,False
finest-carrier,first,625,1.0606508077024645e-16,-1.9274454004391488e-19,False
finest-carrier,first,626,1.018772368139238e-16,1.4405322022840312e-18,False
finest-carrier,first,627,9.987232778703848e-17,2.9355468848733566e-17,False
finest-carrier,first,628,9.739749970911771e-17,-4.447897470935527e-17,False
finest-carrier,first,629,9.031892236481359e-17,-4.1866073856477284e-18,False
finest-carrier,first,630,8.903129946746811e-17,1.0892476353185308e-17,False
finest-carrier,first,631,8.496538300364182e-17,-2.3055908507919018e-17,False
finest-carrier,first,632,8.171568113186818e-17,9.795927877552589e-18,False
finest-carrier,first,633,7.761352455787762e-17,-1.9057702076495027e-17,False
finest-carrier,first,634,7.180675101850313e-17,2.5938693691897396e-18,False
finest-carrier,first,635,6.802427436644929e-17,1.361016901440973e-17,False
finest-carrier,first,636,6.72051120562552e-17,1.655046506485327e-17,False
finest-carrier,first,637,6.132121672516431e-17,3.629668727330948e-17,False
finest-carrier,first,638,4.881951676289499e-17,2.1265478621093428e-17,False
finest-carrier,first,639,3.195615460678541e-17,-1.968300150979184e-17,False
finest-carrier,first,640,1.4324787041718753e-17,3.4876984539085034e-17,False
finest-carrier,last,0,1.0,0.00031149169041022856,True
finest-carrier,last,1,0.99871285405381,-0.0009520791335786541,True
finest-carrier,last,2,0.9785673743152319,-0.0005648184508354579,True
finest-carrier,last,3,0.9774770548341726,0.0020471806280440564,True
finest-carrier,last,4,0.9633274297387846,-0.002883954691660436,True
finest-carrier,last,5,0.9623315484135503,0.003847989289664522,True
finest-carrier,last,6,0.951046067597423,-0.007297646827439283,True
finest-carrier,last,7,0.9501039554796216,-0.0006769938703234582,True
finest-carrier,last,8,0.9405548064498097,0.0039717840026154425,True
finest-carrier,last,9,0.9396455376628158,-0.0067474041094602,True
finest-carrier,last,10,0.9312786151066691,-0.003736440194172868,True
finest-carrier,last,11,0.930389980347249,0.006868749276872419,True
finest-carrier,last,12,0.9228862805951553,0.005764734912533553,True
finest-carrier,last,13,0.9220106097123913,-0.004301162811660791,True
finest-carrier,last,14,0.9151674369626398,-0.008116393444659906,True
finest-carrier,last,15,0.9142996825570916,-0.0034178421516379595,True
finest-carrier,last,16,0.9079791906714512,0.0025342545126762215,True
finest-carrier,last,17,0.9071159352506929,-0.007944973918437322,True
finest-carrier,last,18,0.9012195927789634,-0.006089404188655139,True
finest-carrier,last,19,0.9003584883727407,-0.007142965274701862,True
finest-carrier,last,20,0.8948131282637515,-0.006800918536928481,True
finest-carrier,last,21,0.8939525590307164,-0.001962350463499702,True
finest-carrier,last,22,0.888702187063457,-0.004216063113491202,True
finest-carrier,last,23,0.8878410555159052,0.0011520231980299373,True
finest-carrier,last,24,0.8828417612187446,-0.001989132889012148,True
finest-carrier,last,25,0.8819793470003616,0.002109493422292417,True
finest-carrier,last,26,0.8771959950914212,-0.0007452992800791596,True
finest-carrier,last,27,0.8763318583754657,0.0021133407961876753,True
finest-carrier,last,28,0.8717358556506982,-0.000154604249032782,True
finest-carrier,last,29,0.8708697690879523,0.0018589843026614976,True
finest-carrier,last,30,0.8664375089601583,0.00010880747687469848,True
finest-carrier,last,31,0.86556940853331,0.0015937291985225702,True
finest-carrier,last,32,0.8612811580697407,0.00022381479009053997,True
finest-carrier,last,33,0.8604111068550471,0.0013764149638481977,True
finest-carrier,last,34,0.856250191719845,0.00027315584960524274,True
finest-carrier,last,35,0.8553783527033733,0.0012084968446800382,True
finest-carrier,last,36,0.8513305480412855,0.00029310865925849636,True
finest-carrier,last,37,0.8504571634433131,0.0010794130903238198,True
finest-carrier,last,38,0.8465102304748523,0.0002995823802925155,True
finest-carrier,last,39,0.8456356058542153,0.0009788899875289787,True
finest-carrier,last,40,0.8417789337080009,-0.0002997406314043852,True
finest-carrier,last,41,0.8409034256441127,-0.0008991785270355774,True
finest-carrier,last,42,0.8371277506006594,0.00029693220461601935,True
finest-carrier,last,43,0.8362517570972271,0.000834804230367132,True
finest-carrier,last,44,0.8325489397204611,0.0002927851026091048,True
finest-carrier,last,45,0.8316728927081197,0.0007819420322226439,True
finest-carrier,last,46,0.828035738912428,-0.0002881190284967074,True
finest-carrier,last,47,0.8271600983879069,-0.0007378947508815892,True
finest-carrier,last,48,0.8235822143031687,0.0002833580812715176,True
finest-carrier,last,49,0.8227074637551854,0.0007007282908388883,True
finest-carrier,last,50,0.819183136911871,-0.00027872526896144346,True
finest-carrier,last,51,0.8183097797643789,-0.0006690289291856748,True
finest-carrier,last,52,0.8148338810062797,0.0002743380304090813,True
finest-carrier,last,53,0.8139624378681312,0.0006417432773002011,True
finest-carrier,last,54,0.8105303397575016,-0.00027025698910512487,True
finest-carrier,last,55,0.8096613463105233,-0.000618071957555855,True
finest-carrier,last,56,0.8062688547814064,0.00026651172278820243,True
finest-carrier,last,57,0.8054028601707639,0.0005973979301403347,True
finest-carrier,last,58,0.8020461569195504,-0.0002631148133416912,True
finest-carrier,last,59,0.8011837225338564,-0.0005792373330587005,True
finest-carrier,last,60,0.7978593161855108,0.00026006971762801835,True
finest-carrier,last,61,0.7970010147316307,0.0005632051477663207,True
finest-carrier,last,62,0.7937056992366639,-0.000257375282641961,True
finest-carrier,last,63,0.7928521140265801,0.0005489907850037093,True
finest-carrier,last,64,0.7895829330635181,0.0002550283913956354,True
finest-carrier,last,65,0.7887346574391886,-0.0005363404193774745,True
finest-carrier,last,66,0.7854888738454202,-0.000253025545679888,True
finest-carrier,last,67,0.7846465106726077,0.0005250439899231637,True
finest-carrier,last,68,0.7814215801214442,0.0002513638348471029,True
finest-carrier,last,69,0.780585741285555,-0.0005149254759293908,True
finest-carrier,last,70,0.7773792895824303,-0.000250041547045678,True
finest-carrier,last,71,0.7765505954185342,0.0005058355036330356,True
finest-carrier,last,72,0.7733603989144917,0.0002490585725515411,True
finest-carrier,last,73,0.7725394774999973,-0.0004976456316345265,True
finest-carrier,last,74,0.7693634462232862,0.0002484166882099435,True
finest-carrier,last,75,0.7685509324550738,0.0004902438571379251,True
finest-carrier,last,76,0.7653870956475852,-0.00024811977670851656,True
finest-carrier,last,77,0.7645836300155004,0.00048353101607671856,True
finest-carrier,last,78,0.7614301238343109,0.0002481740132399795,True
finest-carrier,last,79,0.7606363507894511,-0.00047741783964741556,True
finest-carrier,last,80,0.7574914079984507,-0.00024858803884691326,True
finest-carrier,last,81,0.7567079737970664,-0.0004718224916456636,True
finest-carrier,last,82,0.753569915332469,-0.0002493731307350603,True
finest-carrier,last,83,0.7527974652139405,-0.0004666684542475161,True
finest-carrier,last,84,0.749664693562823,-0.0002505433728298529,True
finest-carrier,last,85,0.7489038680922439,-0.00046188266051004753,True
finest-carrier,last,86,0.7457748624773511,-0.00025211582324218674,True
finest-carrier,last,87,0.7450262928488218,-0.0004573937939207132,True
finest-carrier,last,88,0.7418996062675102,-0.00025411066772858775,True
finest-carrier,last,89,0.7411639083223794,-0.00045313069177670004,True
finest-carrier,last,90,0.7380381665444452,-0.0002565513383361568,True
finest-carrier,last,91,0.7373159332084986,-0.00044902080239037767,True
finest-carrier,last,92,0.7341898358979422,-0.0002594645625525469,True
finest-carrier,last,93,0.7334816276824699,-0.0004449886583215686,True
finest-carrier,last,94,0.7303539518725218,-0.00026288028844195023,True
finest-carrier,last,95,0.7296602850165823,-0.0004409543415936008,True
finest-carrier,last,96,0.7265298912348442,-0.0002668314029045355,True
finest-carrier,last,97,0.7258512229922798,-0.00043683193555397705,True
finest-carrier,last,98,0.7227170644004155,-0.00027135312044810115,True
finest-carrier,last,99,0.7220537749010747,-0.00043252798654379776,True
finest-carrier,last,100,0.7189149098734758,-0.00027648186596923574,True
finest-carrier,last,101,0.7182672799262,-0.00042794004395859563,True
finest-carrier,last,102,0.7151228885291983,-0.00028225340592928964,True
finest-carrier,last,103,0.7144910727079794,-0.0004229554195886916,True
finest-carrier,last,104,0.7113404775272631,-0.0002886999018149711,True
finest-carrier,last,105,0.7107244719333524,-0.00041745041911377736,True
finest-carrier,last,106,0.7075671635842741,-0.0002958454829666089,True
finest-carrier,last,107,0.7069667678745825,-0.0004112904636662148,True
finest-carrier,last,108,0.7038024352414822,-0.0003036998993934678,True
finest-carrier,last,109,0.7032172089626436,-0.0004043317440040545,True
finest-carrier,last,110,0.7000457736387389,-0.0003122498913710949,True
finest-carrier,last,111,0.6994749877517769,-0.00039642531657375213,True
finest-carrier,last,112,0.6962966411517323,-0.00032144822038878405,True
finest-carrier,last,113,0.6957392270430527,-0.00038742478609318136,True
finest-carrier,last,114,0.6925544671057771,-0.00033120099989829353,True
finest-carrier,last,115,0.692008967487653,-0.00037719874883653377,True
finest-carrier,last,116,0.6888186297470147,-0.0003413551628156981,True
finest-carrier,last,117,0.6882831586132544,-0.0003656486871620512,True
finest-carrier,last,118,0.6850884339265131,-0.00035168951411708617,True
finest-carrier,last,119,0.6845606557140859,-0.0003527316224376698,True
finest-carrier,last,120,0.6813630848116412,0.0003619142823529408,True
finest-carrier,last,121,0.6808402250776902,0.0003384843412569967,True
finest-carrier,last,122,0.6776416596130984,0.00037168424514790203,True
finest-carrier,last,123,0.6771205591997533,0.0003230428802783844,True
finest-carrier,last,124,0.6739230817019844,0.00038062801895710096,True
finest-carrier,last,125,0.6734003017901947,0.000306648794778177,True
finest-carrier,last,126,0.6702061038313348,-0.0003883906619960874,True
finest-carrier,last,127,0.6696780798893611,-0.0002896349134085102,True
finest-carrier,last,128,0.6664893080818124,-0.00039468033691420314,True
finest-carrier,last,129,0.6659525383281737,-0.0002723891307081664,True
finest-carrier,last,130,0.6627711283131212,0.00039930628568424063,True
finest-carrier,last,131,0.6622223712346074,0.00025530343439852645,True
finest-carrier,last,132,0.6590498962068844,0.0004021976538267043,True
finest-carrier,last,133,0.6584863466748354,0.0002387219003795242,True
finest-carrier,last,134,0.6553239060156544,-0.00040339977173771104,True
finest-carrier,last,135,0.6547433229760896,-0.00022290153186166862,True
finest-carrier,last,136,0.6515914883514302,-0.0004030520896267833,True
finest-carrier,last,137,0.6509922574011318,-0.00020799372119964057,True
finest-carrier,last,138,0.6478510815795312,0.0004013561699770384,True
finest-carrier,last,139,0.6472322087624192,0.0001940460305973311,True
finest-carrier,last,140,0.6441012908810348,0.0003985421183900786,True
finest-carrier,last,141,0.6434623354068437,0.0001810183850942346,True
finest-carrier,last,142,0.6403409287067094,-0.00039483925525829363,True
finest-carrier,last,143,0.6396818894598139,-0.00016880626436064378,True
finest-carrier,last,144,0.6365690345715473,-0.00039045380024457804,True
finest-carrier,last,145,0.6358902078753516,-0.0001572649695521617,True
finest-carrier,last,146,0.6327848756202831,0.0003855540724191333,True
finest-carrier,last,147,0.63208670088492,0.00014623157294095407,True
finest-carrier,last,148,0.6289879314730138,0.0003802624723592832,True
finest-carrier,last,149,0.6282708387610128,-0.00013554332782832944,True
finest-carrier,last,150,0.6251778675275983,-0.0003746530997868309,True
finest-carrier,last,151,0.6244421382089792,-0.00012505258503834381,True
finest-carrier,last,152,0.6213545005741431,0.00036875394339708835,True
finest-carrier,last,153,0.6206001499993697,0.00011463866519186357,True
finest-carrier,last,154,0.617517759845335,0.0003625528540132508,True
finest-carrier,last,155,0.6167444495318443,0.00010421694273414916,True
finest-carrier,last,156,0.6136676459967216,-0.0003560067304586157,True
finest-carrier,last,157,0.6128746317936953,-9.374493030058097e-05,True
finest-carrier,last,158,0.6098041902878563,0.00034905333843139244,True
finest-carrier,last,159,0.6089903115920371,8.322472717100919e-05,True
finest-carrier,last,160,0.6059274164512743,0.000341624890623926,True
finest-carrier,last,161,0.6050911290280084,7.27010937750184e-05,True
finest-carrier,last,162,0.602037308152501,-0.00033366203957847866,True
finest-carrier,last,163,0.6011767591014603,-6.225480852228661e-05,True
finest-carrier,last,164,0.5981337851373882,-0.0003251265145128462,True
finest-carrier,last,165,0.5972469233770058,5.199181683117316e-05,True
finest-carrier,last,166,0.594216690707945,0.0003160105552231011,True
finest-carrier,last,167,0.5933014011416893,4.202970090263015e-05,True
finest-carrier,last,168,0.5902857918733384,-0.0003063417294587951,True
finest-carrier,last,169,0.589340037658041,-3.248373258555927e-05,True
finest-carrier,last,170,0.5863407915888578,-0.0002961825964923915,True
finest-carrier,last,171,0.5853627479243904,2.3454855304753007e-05,True
finest-carrier,last,172,0.5823813504699397,0.00028562571138822867,True
finest-carrier,last,173,0.5813695154991805,1.5021318243792244e-05,True
finest-carrier,last,174,0.5784071138973691,-0.00027478530132549574,True
finest-carrier,last,175,0.5773603870219427,-7.234640022267012e-06,True
finest-carrier,last,176,0.5744177399465027,-0.0002637873531224304,True
finest-carrier,last,177,0.5733354637564931,1.1954548012140957e-07,True
finest-carrier,last,178,0.5704129241240956,0.0002527597949319071,True
finest-carrier,last,179,0.5692948916907057,-6.323163912122282e-06,True
finest-carrier,last,180,0.566392418173215,-0.00024182406121156646,True
finest-carrier,last,181,0.5652388515436614,1.2112071043259236e-05,True
finest-carrier,last,182,0.5623560417406883,-0.00023108878826626976,True
finest-carrier,last,183,0.5611675496398959,-1.7280062667873648e-05,True
finest-carrier,last,184,0.5583036870683064,0.00022064586548713357,True
finest-carrier,last,185,0.5570812101852426,-2.1869511652337875e-05,True
finest-carrier,last,186,0.5542353178163695,-0.0002105686684621158,True
finest-carrier,last,187,0.5529800691279327,2.5928176953283233e-05,True
finest-carrier,last,188,0.5501509635940163,0.00020091206084251443,True
finest-carrier,last,189,0.5488643695519144,-2.950599344333009e-05,True
finest-carrier,last,190,0.5460507118317606,0.00019171365946051168,True
finest-carrier,last,191,0.544734358420374,-3.26527369658151e-05,True
finest-carrier,last,192,0.5419346984258664,-0.00018299587297339283,True
finest-carrier,last,193,0.5405902844389683,3.5416450350291714e-05,True
finest-carrier,last,194,0.537803098251516,0.0001747683034744541,True
finest-carrier,last,195,0.5364323968105169,-3.784247920245214e-05,True
finest-carrier,last,196,0.5336561162880202,0.0001670302047036302,True
finest-carrier,last,197,0.5322609446814713,3.997296723224978e-05,True
finest-carrier,last,198,0.5294939797889119,-0.0001597727932216048,True
finest-carrier,last,199,0.5280761771192645,4.1846680589635565e-05,True
finest-carrier,last,200,0.525316931690178,0.0001529812955699606,True
finest-carrier,last,201,0.5238783434991019,-4.349905681688091e-05,True
finest-carrier,last,202,0.521125225284568,0.00014663667969479818,True
finest-carrier,last,203,0.5196676942143018,4.4962399787898974e-05,True
finest-carrier,last,204,0.5169191200885193,-0.0001407170632623041,True
finest-carrier,last,205,0.5154444816544079,4.626616428757722e-05,True
finest-carrier,last,206,0.512698878776191,0.00013519881840352014,True
finest-carrier,last,207,0.5112089614199042,-4.743729176269919e-05,True
finest-carrier,last,208,0.5084647650373408,-0.0001300574062174761,True
finest-carrier,last,209,0.5069613937622433,4.8500572453086886e-05,True
finest-carrier,last,210,0.5042170422201664,-0.00012526797912849327,True
finest-carrier,last,211,0.5027020452539067,-4.9479019235712664e-05,True
finest-carrier,last,212,0.499955972637722,0.00012080578822270509,True
finest-carrier,last,213,0.4984311907061592,-5.039424585291173e-05,True
finest-carrier,last,214,0.49568181744098083,-0.00011664642839215504,True
finest-carrier,last,215,0.49414911536235934,5.126684745342455e-05,True
finest-carrier,last,216,0.49139483698951386,0.0001127659480746967,True
finest-carrier,last,217,0.4898561174022225,-5.211678511122904e-05,True
finest-carrier,last,218,0.48709529168060667,0.00010914084355242427,True
finest-carrier,last,219,0.48555251079636763,5.2963778618113216e-05,True
finest-carrier,last,220,0.48278344322889155,-0.00010574795060652545,True
finest-carrier,last,221,0.48123862854890626,5.38277136061772e-05,True
finest-carrier,last,222,0.47845955642244575,0.00010256423893641364,True
finest-carrier,last,223,0.47691482635518534,-5.472907000284806e-05,True
finest-carrier,last,224,0.47412390141932553,-9.956650699400909e-05,True
finest-carrier,last,225,0.4725814866756672,5.568937876965678e-05,True
finest-carrier,last,226,0.46977675669336927,-9.67309664411058e-05,True
finest-carrier,last,227,0.46823902317476085,-5.6731712301456434e-05,True
finest-carrier,last,228,0.46541841279326257,9.403269589473975e-05,True
finest-carrier,last,229,0.46388788537800785,-5.788120974516677e-05,True
finest-carrier,last,230,0.4610491771482518,-9.144493257454453e-05,True
finest-carrier,last,231,0.4595285632348176,5.916562997480875e-05,True
finest-carrier,last,232,0.4566693802420427,8.893815774593789e-05,True
finest-carrier,last,233,0.45516159099489173,-6.061590892093725e-05,True
finest-carrier,last,234,0.4522793835862579,8.647891812845578e-05,True
finest-carrier,last,235,0.4507875493516599,6.226666926925117e-05,True
finest-carrier,last,236,0.44787959005397215,-8.40283134097577e-05,True
finest-carrier,last,237,0.44640706408916575,6.415658121716249e-05,True
finest-carrier,last,238,0.4434704572656988,8.154007721849547e-05,True
finest-carrier,last,239,0.4420207983845672,-6.632839120686769e-05,True
finest-carrier,last,240,0.43905251480124596,-7.895820333780819e-05,True
finest-carrier,last,241,0.43762943437621643,6.882830572947713e-05,True
finest-carrier,last,242,0.43462638590674113,-7.621416019158337e-05,True
finest-carrier,last,243,0.4332336376280147,7.170422338909064e-05,True
finest-carrier,last,244,0.430192813770201,7.322397507362307e-05,True
finest-carrier,last,245,0.42883399607160205,-7.500204689617173e-05,True
finest-carrier,last,246,0.4257526907164051,-6.988600210532545e-05,True
finest-carrier,last,247,0.42443092406346405,7.875902257049327e-05,True
finest-carrier,last,248,0.42130708465322797,6.608123460587739e-05,True
finest-carrier,last,249,0.42002452505270743,-8.299292548244331e-05,True
finest-carrier,last,250,0.4168572490536691,-6.167976345167497e-05,True
finest-carrier,last,251,0.41561441782571223,-8.768639882491134e-05,True
finest-carrier,last,252,0.412404589361435,5.655906475126517e-05,True
finest-carrier,last,253,0.4111995572067839,9.276779200148214e-05,True
finest-carrier,last,254,0.4079505429418158,-5.0640138771493906e-05,True
finest-carrier,last,255,0.40677812110236766,-9.809458360593216e-05,True
finest-carrier,last,256,0.40349632702806865,4.394108654216337e-05,True
finest-carrier,last,257,0.40234757320641856,0.00010345253827231788,True
finest-carrier,last,258,0.39904255216993345,3.662956611977439e-05,True
finest-carrier,last,259,0.3979049945606569,-0.00010858712265891415,True
finest-carrier,last,260,0.39458881001140217,-2.9033959635584617e-05,True
finest-carrier,last,261,0.39344765513605956,0.00011327100751246542,True
finest-carrier,last,262,0.3901334632197807,2.1578986553213806e-05,True
finest-carrier,last,263,0.38897360945022474,-0.0001173802420620919,True
finest-carrier,last,264,0.3856738369151962,-1.4664034265331872e-05,True
finest-carrier,last,265,0.3844820260489243,0.00012093173396897654,True
finest-carrier,last,266,0.38120677697136607,8.554766083861461e-06,True
finest-carrier,last,267,0.37997312369248676,-0.0001240600062543209,True
finest-carrier,last,268,0.3767293037245434,-3.345123033525814e-06,True
finest-carrier,last,269,0.3754478394029048,0.00012695844187512111,True
finest-carrier,last,270,0.37223908007163153,-1.0130726938789979e-06,True
finest-carrier,last,271,0.3709074521965957,-0.00012982569571729372,True
finest-carrier,last,272,0.36773458900965095,-4.652509741693519e-06,True
finest-carrier,last,273,0.3663533065698248,0.0001328372969449039,True
finest-carrier,last,274,0.3632150805156565,7.738634372136926e-06,True
finest-carrier,last,275,0.3617866636912162,0.00013613965105283872,True
finest-carrier,last,276,0.35868040377032895,-1.0436674141947872e-05,True
finest-carrier,last,277,0.35720864752341164,-0.00013985602962787293,True
finest-carrier,last,278,0.3541308177920194,1.2896144337115996e-05,True
finest-carrier,last,279,0.3526202445498337,0.0001440965228021673,True
finest-carrier,last,280,0.34956682953693397,-1.5246972148186464e-05,True
finest-carrier,last,281,0.3480223279390888,-0.00014896813786385724,True
finest-carrier,last,282,0.3449890747402568,-1.7601925757067017e-05,True
finest-carrier,last,283,0.34341569040905745,0.00015458401583675021,True
finest-carrier,last,284,0.34039823901315197,2.006196122723398e-05,True
finest-carrier,last,285,0.3388010791261331,0.00016107203808329978,True
finest-carrier,last,286,0.33579501041344195,-2.2722809107354877e-05,True
finest-carrier,last,287,0.3341792310674044,-0.0001685835767064089,True
finest-carrier,last,288,0.33118005432277103,2.568229338361457e-05,True
finest-carrier,last,289,0.3295509099949026,0.00017730331160535788,True
finest-carrier,last,290,0.3265540033377398,-2.9048648892124302e-05,True
finest-carrier,last,291,0.3249169478592593,-0.00018746114719706645,True
finest-carrier,last,292,0.3219174572257023,-3.2950721805618796e-05,True
finest-carrier,last,293,0.3202782949328351,0.0001993474042214389,True
finest-carrier,last,294,0.3172709901808008,3.7551659944832486e-05,True
finest-carrier,last,295,0.3156360848701401,-0.0002133326171709278,True
finest-carrier,last,296,0.31261516463688266,-4.3068850695028e-05,True
finest-carrier,last,297,0.3109917237125348,-0.00022989326157122844,True
finest-carrier,last,298,0.30795055312813124,4.980498995374338e-05,True
finest-carrier,last,299,0.3063470160570886,-0.00024964401689240076,True
finest-carrier,last,300,0.3032777729715728,-5.819937249129457e-05,True
finest-carrier,last,301,0.30170434732161727,0.0002733741571287672,True
finest-carrier,last,302,0.2985975447235395,6.891725223520357e-05,True
finest-carrier,last,303,0.2970669466382638,-0.0003020759099885263,True
finest-carrier,last,304,0.2939107989814418,-8.301425753094147e-05,True
finest-carrier,last,305,0.2924392518198379,0.00033692383551535817,True
finest-carrier,last,306,0.2892188895671361,0.00010225650025773941,True
finest-carrier,last,307,0.2878273528037624,-0.0003790831167929318,True
finest-carrier,last,308,0.28452406136551994,0.00012977802029840075,True
finest-carrier,last,309,0.28323928909298685,0.0004290057987293617,True
finest-carrier,last,310,0.27983058487299006,-0.00017146448091221882,True
finest-carrier,last,311,0.2786842751967726,0.0004843296166745275,True
finest-carrier,last,312,0.2751477524215643,0.000238506050084546,True
finest-carrier,last,313,0.2741679323500246,-0.0005343989410647632,True
finest-carrier,last,314,0.27049745240207174,-0.0003473729044345896,True
finest-carrier,last,315,0.26967725976172263,0.000549400298947495,True
finest-carrier,last,316,0.26592138573445123,0.00048761233127001967,True
finest-carrier,last,317,0.2651588560996616,-0.00048459182438909457,True
finest-carrier,last,318,0.2614368247200518,0.0005747418933995674,True
finest-carrier,last,319,0.26055440732997853,0.00036537999782691646,True
finest-carrier,last,320,0.25698070260773753,-0.0005743567263306432,True
finest-carrier,last,321,0.25587486358765793,0.0002695705779109025,True
finest-carrier,last,322,0.25248705606047833,0.0005276574583360944,True
finest-carrier,last,323,0.251154436916453,-0.00020905043382782112,True
finest-carrier,last,324,0.24793405696775847,-0.0004687711459885778,True
finest-carrier,last,325,0.24641167384111248,0.00017071002592856498,True
finest-carrier,last,326,0.24332552968335366,0.0004130518913179258,True
finest-carrier,last,327,0.24165467058972642,0.00014509498911888954,True
finest-carrier,last,328,0.2386722797100782,-0.000365220772549234,True
finest-carrier,last,329,0.2368872126938822,-0.0001270723539670866,True
finest-carrier,last,330,0.2339845091441907,0.0003255961115038243,True
finest-carrier,last,331,0.2321112933074887,0.00011384966423216234,True
finest-carrier,last,332,0.22927007909681135,-0.00029310560746830764,True
finest-carrier,last,333,0.22732809359242065,-0.00010383052114979938,True
finest-carrier,last,334,0.22453468394269174,-0.0002664516370471982,True
finest-carrier,last,335,0.22253839536866887,9.605272683843286e-05,True
finest-carrier,last,336,0.21978239763515175,0.00024448141597302887,True
finest-carrier,last,337,0.2177427721405139,-8.990880402649255e-05,True
finest-carrier,last,338,0.21501615960538514,-0.00022626433783863893,True
finest-carrier,last,339,0.21294168636875985,-8.500043759358082e-05,True
finest-carrier,last,340,0.2102381294605937,0.00021107588597948262,True
finest-carrier,last,341,0.20813554436719586,8.105885559445334e-05,True
finest-carrier,last,342,0.20544993080173027,-0.00019835952983106046,True
finest-carrier,last,343,0.20332473152855562,-7.789934243231099e-05,True
finest-carrier,last,344,0.20065281652768752,-0.00018768964947514773,True
finest-carrier,last,345,0.1985096391599023,7.539436156049859e-05,True
finest-carrier,last,346,0.19584778183273047,0.0001787414495856695,True
finest-carrier,last,347,0.19369068965143083,-7.34573883282573e-05,True
finest-carrier,last,348,0.19103564333449558,-0.00017126827526362404,True
finest-carrier,last,349,0.18886836536124219,7.203331134262523e-05,True
finest-carrier,last,350,0.18621709697093042,0.00016508527778297765,True
finest-carrier,last,351,0.184043247354634,7.109323713631788e-05,True
finest-carrier,last,352,0.18139276375063249,-0.0001600583020763929,True
finest-carrier,last,353,0.1792160731935058,-7.063267933506762e-05,True
finest-carrier,last,354,0.1765632309181362,0.00015609726198204064,True
finest-carrier,last,355,0.1743878298885429,7.067289894921713e-05,True
finest-carrier,last,356,0.17172909681215437,-0.00015315390380503467,True
finest-carrier,last,357,0.16955991301650702,-7.126583746309723e-05,True
finest-carrier,last,358,0.16689103204369843,-0.00015122485138058093,True
finest-carrier,last,359,0.164734416207407,7.25037224344006e-05,True
finest-carrier,last,360,0.16204988213491997,0.00015036268083925267,True
finest-carrier,last,361,0.1599146940506079,-7.453453033525319e-05,True
finest-carrier,last,362,0.15720687178111287,-0.00015070184924421487,True
finest-carrier,last,363,0.15510654351298309,7.758059404268955e-05,True
finest-carrier,last,364,0.1523640787491649,0.00015251619493043608,True
finest-carrier,last,365,0.15032090936765152,8.192937970259728e-05,True
finest-carrier,last,366,0.14752573423289458,-0.0001563484339797573,True
finest-carrier,last,367,0.14558065069305742,8.76875314686125e-05,True
finest-carrier,last,368,0.1427026479262366,0.0001632723045983388,True
finest-carrier,last,369,0.1409378843279968,-9.293698928717252e-05,True
finest-carrier,last,370,0.13793218419623887,-0.0001744626261967396,True
finest-carrier,last,371,0.13649926276720972,8.24615097269049e-05,True
finest-carrier,last,372,0.13337271553640423,0.0001715837463445724,True
finest-carrier,last,373,0.13225109688894912,-4.435336476360047e-06,True
finest-carrier,last,374,0.12913982144292516,0.00010137916527153987,True
finest-carrier,last,375,0.12772031473757278,-8.597460621414744e-05,True
finest-carrier,last,376,0.12474452983109979,-3.791322983336971e-05,True
finest-carrier,last,377,0.1229519955619683,0.00012241375322520487,True
finest-carrier,last,378,0.12011632715787747,3.4694721987990745e-06,True
finest-carrier,last,379,0.11811919504743112,0.00014269881080149956,True
finest-carrier,last,380,0.11537127893905669,1.6505292273815432e-05,True
finest-carrier,last,381,0.11326484210741983,-0.00016020960257974562,True
finest-carrier,last,382,0.1105696026322794,-3.0466376637552604e-05,True
finest-carrier,last,383,0.10840153571030794,-0.00017964081338658796,True
finest-carrier,last,384,0.10573751980636054,4.239779562267068e-05,True
finest-carrier,last,385,0.10353499122702382,0.00020441048776874876,True
finest-carrier,last,386,0.10088751121548016,-5.4782347838898654e-05,True
finest-carrier,last,387,0.09866959615497435,-0.0002391691896004385,True
finest-carrier,last,388,0.09602634459806596,7.02221769710969e-05,True
finest-carrier,last,389,0.0938112641826997,0.00029279250837777184,True
finest-carrier,last,390,0.09115843729113601,-9.338564429782706e-05,True
finest-carrier,last,391,0.08897250992258218,0.0003865799930301937,True
finest-carrier,last,392,0.08628811259701917,0.0001372246129615665,True
finest-carrier,last,393,0.0841926828989511,-0.0005871326910022615,True
finest-carrier,last,394,0.08142649858333348,-0.0002641849943127972,True
finest-carrier,last,395,0.07967990652969933,0.0011708677074460628,True
finest-carrier,last,396,0.07684628190115543,-0.0015337010200449838,True
finest-carrier,last,397,0.07623606309188595,-0.001356266706448816,True
finest-carrier,last,398,0.07345243595661576,0.0010945582188280787,True
finest-carrier,last,399,0.07158625082655311,-0.00022627927605236794,True
finest-carrier,last,400,0.06893426614236448,-0.0005045540622338623,True
finest-carrier,last,401,0.06671923684182866,0.0001095244948045216,True
finest-carrier,last,402,0.06415343017812779,0.00030408059337164666,True
finest-carrier,last,403,0.061842042551385264,6.882970229882443e-05,True
finest-carrier,last,404,0.05931479811796436,-0.00021094047479039456,True
finest-carrier,last,405,0.05696469980128696,-4.843673726265261e-05,True
finest-carrier,last,406,0.054457816527363215,0.00015851517954780495,True
finest-carrier,last,407,0.05209132390499049,3.6733299019643534e-05,True
finest-carrier,last,408,0.04959583432831321,-0.00012589362602734633,True
finest-carrier,last,409,0.04722657592791832,-3.0336232005508794e-05,True
finest-carrier,last,410,0.04473630722634211,0.00010513197378780817,True
finest-carrier,last,411,0.04238027940069427,2.9647460197151758e-05,True
finest-carrier,last,412,0.039887284531510823,-9.449635473991291e-05,True
finest-carrier,last,413,0.03759668570926135,4.592864541050483e-05,True
finest-carrier,last,414,0.035093929714575076,0.00011999653944153628,True
finest-carrier,last,415,0.03396360568965118,-0.00017463173161096917,True
finest-carrier,last,416,0.03229058845290681,9.726468049559458e-05,True
finest-carrier,last,417,0.03018763688446515,5.4165027625609666e-05,True
finest-carrier,last,418,0.02773302785116554,2.8905635155392066e-05,True
finest-carrier,last,419,0.025420177999067907,-8.075479491457014e-05,True
finest-carrier,last,420,0.023005625929121837,-9.918901057193286e-06,True
finest-carrier,last,421,0.020738835855877713,-0.00022431632856098542,True
finest-carrier,last,422,0.0186789242733706,-0.001178037610619719,True
finest-carrier,last,423,0.018296598287538206,0.0004396945200417557,True
finest-carrier,last,424,0.01601056671554785,0.00019297813970653116,True
finest-carrier,last,425,0.01381963874795771,0.00011415877830343434,True
finest-carrier,last,426,0.011678978465967466,-0.0001121867140857419,True
finest-carrier,last,427,0.009709899307101583,0.0002022278400497816,True
finest-carrier,last,428,0.008001182430719319,-0.0003415490461706056,True
finest-carrier,last,429,0.007633598431684271,0.0026797152038578608,True
finest-carrier,last,430,0.00675641074293812,0.00016556171280942975,True
finest-carrier,last,431,0.004113504512940867,0.002509625031592003,True
finest-carrier,last,432,0.0016028344282998654,0.001471662365317922,True
finest-carrier,last,433,0.0008332336753928954,-5.174747660353519e-05,True
finest-carrier,last,434,0.00031658117506829354,-0.0030216357451182552,True
finest-carrier,last,435,0.00015645272129734635,-2.947888093526845e-05,True
finest-carrier,last,436,5.9460327483867494e-05,0.003250221733986837,True
finest-carrier,last,437,2.7424769964095303e-05,-6.0646989474001786e-05,True
finest-carrier,last,438,1.0666961138984344e-05,-0.001827144105546933,True
finest-carrier,last,439,4.519698005066749e-06,-0.002709977451516056,True
finest-carrier,last,440,1.8298731062873935e-06,0.0029449932296436248,True
finest-carrier,last,441,7.059687424017205e-07,0.0012546512586563657,True
finest-carrier,last,442,2.99781287101121e-07,-0.0010420891025838788,True
finest-carrier,last,443,1.0546460549424385e-07,-0.0023547192272425086,True
finest-carrier,last,444,4.674645565168276e-08,-3.7095832348199706e-06,True
finest-carrier,last,445,1.5216983726976517e-08,0.0037128124919349097,True
finest-carrier,last,446,6.905326047265876e-09,-0.0006418002755106618,True
finest-carrier,last,447,2.1395928897052684e-09,-0.001759813468377006,True
finest-carrier,last,448,9.619379985452344e-10,-0.001991831157647032,True
finest-carrier,last,449,2.9479394792841636e-10,0.0029423705829723533,True
finest-carrier,last,450,1.2618991377443552e-10,0.0017806600087017295,True
finest-carrier,last,451,3.981218479820828e-11,-0.0026491545565971836,False
finest-carrier,last,452,1.5647468923080942e-11,-0.0011263718633248722,False
finest-carrier,last,453,5.248047720857549e-12,0.0005497755218219413,False
finest-carrier,last,454,1.849788219183755e-12,0.003641716768841439,False
finest-carrier,last,455,6.705371938881984e-13,-0.0012639832594698456,False
finest-carrier,last,456,2.110376185200447e-13,-0.002528214189340701,False
finest-carrier,last,457,8.23017061426313e-14,0.00021958395978624267,False
finest-carrier,last,458,2.352743125324058e-14,0.0018923872121350347,False
finest-carrier,last,459,9.561532998063355e-15,0.0018337242757151086,False
finest-carrier,last,460,3.728227285442725e-15,-0.0026586895988661144,False
finest-carrier,last,461,2.8845248329027085e-15,-0.00036895154445775244,False
finest-carrier,last,462,2.7789331203765823e-15,0.0010309516497024396,False
finest-carrier,last,463,2.6918834260588285e-15,-0.0005538917742200703,False
finest-carrier,last,464,2.4971103009068548e-15,6.621766720951738e-05,False
finest-carrier,last,465,2.297741141945172e-15,0.000640607037596815,False
finest-carrier,last,466,2.2403868592574092e-15,-0.001258156275666456,False
finest-carrier,last,467,2.0507543452505955e-15,-0.00035153114796939003,False
finest-carrier,last,468,1.998925751054018e-15,-0.0002142357081036447,False
finest-carrier,last,469,1.870086371553052e-15,-0.0011782893485769487,False
finest-carrier,last,470,1.6767983606908061e-15,-0.0017927936384930598,False
finest-carrier,last,471,1.5304216285059322e-15,0.0003257561855198149,False
finest-carrier,last,472,1.4439094362231284e-15,0.0001528006299116718,False
finest-carrier,last,473,1.3635316054106084e-15,0.000616288356674893,False
finest-carrier,last,474,1.228020885705002e-15,-0.00042870969459728105,False
finest-carrier,last,475,1.1219123508775268e-15,-9.074194808528822e-06,False
finest-carrier,last,476,1.0857013889343558e-15,-0.00031477011218591266,False
finest-carrier,last,477,1.0608367849748218e-15,-0.000355236541782924,False
finest-carrier,last,478,1.0414392966165645e-15,0.0001399438088901484,False
finest-carrier,last,479,9.95820652821989e-16,-0.00012944411993085362,False
finest-carrier,last,480,9.352542505992325e-16,0.001441669171142462,False
finest-carrier,last,481,9.193778769093265e-16,-0.000190020876887872,False
finest-carrier,last,482,8.585800274703771e-16,-0.000860182370703056,False
finest-carrier,last,483,8.474722886328868e-16,-5.0876083851776055e-06,False
finest-carrier,last,484,8.273082644393359e-16,0.00021622795086666488,False
finest-carrier,last,485,7.768973629347159e-16,0.0014583712703347496,False
finest-carrier,last,486,7.638271972799052e-16,0.0021466862930482633,False
finest-carrier,last,487,7.478712440080055e-16,0.0012168832684872558,False
finest-carrier,last,488,7.287825705942698e-16,0.0006731730967808204,False
finest-carrier,last,489,7.194860460641693e-16,0.002283388615583638,False
finest-carrier,last,490,6.798666835243691e-16,0.004381259882685846,False
finest-carrier,last,491,6.648984443296843e-16,0.0010694231995372371,False
finest-carrier,last,492,6.592900492745512e-16,-0.001346019998996119,False
finest-carrier,last,493,6.384882443199172e-16,0.0012251806435177933,False
finest-carrier,last,494,6.311484522082845e-16,-0.004281542101738537,False
finest-carrier,last,495,6.196978885581078e-16,-0.00095404935838747,False
finest-carrier,last,496,6.11195570592776e-16,-4.405506585739483e-05,False
finest-carrier,last,497,5.978455946607909e-16,-0.003471681965688006,False
finest-carrier,last,498,5.919922167250464e-16,-0.00018840315905457557,False
finest-carrier,last,499,5.836861928956647e-16,-0.002148811195385725,False
finest-carrier,last,500,5.814780896853145e-16,-0.0012616808505217776,False
finest-carrier,last,501,5.694639452090405e-16,0.00012244037536882681,False
finest-carrier,last,502,5.464361255572537e-16,-0.0002335291396643028,False
finest-carrier,last,503,5.461348588308926e-16,-0.00012434497303700153,False
finest-carrier,last,504,5.424051574227493e-16,0.0001390333703221118,False
finest-carrier,last,505,5.310133316403964e-16,-0.0014722510342091287,False
finest-carrier,last,506,5.272786087259876e-16,-0.0008259519684017796,False
finest-carrier,last,507,5.220664023178529e-16,0.0009230109421355734,False
finest-carrier,last,508,5.035465841492321e-16,0.00031622909643149914,False
finest-carrier,last,509,4.993964878120231e-16,0.0005098050252490531,False
finest-carrier,last,510,4.933501993343509e-16,0.0011132581571497839,False
finest-carrier,last,511,4.892740018732121e-16,0.00026581908643279835,False
finest-carrier,last,512,4.736107498834889e-16,0.00170931467259824,False
finest-carrier,last,513,4.68754269865106e-16,0.0005683842922013331,False
finest-carrier,last,514,4.612178028043922e-16,-0.0010074614493790722,False
finest-carrier,last,515,4.609392630216155e-16,-0.0011392112343715885,False
finest-carrier,last,516,4.493702906703318e-16,0.0018239573620766863,False
finest-carrier,last,517,4.470286047128623e-16,-1.951765311774134e-05,False
finest-carrier,last,518,4.372113416400182e-16,-7.484544401918509e-05,False
finest-carrier,last,519,4.304077659260824e-16,0.0002117919615118126,False
finest-carrier,last,520,4.2534525831026627e-16,0.0004810758128543913,False
finest-carrier,last,521,4.233664046919339e-16,-0.0009533849905367787,False
finest-carrier,last,522,4.211997024759576e-16,0.00012813107708546474,False
finest-carrier,last,523,4.1276833489833403e-16,-7.408277450399249e-05,False
finest-carrier,last,524,4.0632527529546583e-16,7.879235383023313e-05,False
finest-carrier,last,525,4.013018390792318e-16,-0.0007567717207281305,False
finest-carrier,last,526,3.9700232642465653e-16,0.0008505242275315075,False
finest-carrier,last,527,3.922895283966599e-16,-0.0003895790942977076,False
finest-carrier,last,528,3.906016813591548e-16,0.0015386977355204864,False
finest-carrier,last,529,3.85699218367463e-16,0.000805121717810326,False
finest-carrier,last,530,3.81408777854953e-16,0.0007828679090100307,False
finest-carrier,last,531,3.801785044803108e-16,-0.0015200514597602775,False
finest-carrier,last,532,3.713002535486357e-16,0.0010605804806005147,False
finest-carrier,last,533,3.655160247611252e-16,-0.0021505556012890413,False
finest-carrier,last,534,3.6371950594545005e-16,-0.000983582391754685,False
finest-carrier,last,535,3.5927028103145794e-16,0.0001139557635880669,False
finest-carrier,last,536,3.529783064129e-16,0.0007705903763811912,False
finest-carrier,last,537,3.464185498000418e-16,-4.077814805352978e-05,False
finest-carrier,last,538,3.4306511140209506e-16,0.0005495174449024485,False
finest-carrier,last,539,3.419317394417702e-16,-0.0008080017344707219,False
finest-carrier,last,540,3.324263280780254e-16,0.0011079114623272959,False
finest-carrier,last,541,3.289146396422609e-16,-0.0010148424824286625,False
finest-carrier,last,542,3.277841111043275e-16,-0.0010010668221459434,False
finest-carrier,last,543,3.2507932051287025e-16,0.0005491471681498504,False
finest-carrier,last,544,3.208538302219911e-16,0.00029287092186456595,False
finest-carrier,last,545,3.2015572960368367e-16,0.0009580082408746681,False
finest-carrier,last,546,3.133672112544674e-16,0.00017996478344268108,False
finest-carrier,last,547,3.10185456304006e-16,0.00019781672279491148,False
finest-carrier,last,548,3.085271776329714e-16,-0.00038181333933148473,False
finest-carrier,last,549,3.054411046230172e-16,-0.0004161429279061552,False
finest-carrier,last,550,3.041941582321414e-16,-0.0011357705528909066,False
finest-carrier,last,551,3.012208874106867e-16,-9.914618433272204e-05,False
finest-carrier,last,552,2.974777790737717e-16,0.0009168180169026168,False
finest-carrier,last,553,2.9135357134807507e-16,0.0004267545107086893,False
finest-carrier,last,554,2.866261908996273e-16,-0.00018601791489135578,False
finest-carrier,last,555,2.835536911634928e-16,-0.00027383520208668684,False
finest-carrier,last,556,2.806279717282282e-16,-0.0006188364635660359,False
finest-carrier,last,557,2.7825394206423276e-16,0.001492516460891286,False
finest-carrier,last,558,2.7742941822847563e-16,0.0007092008581472993,False
finest-carrier,last,559,2.703685634832949e-16,0.00042447532380938355,False
finest-carrier,last,560,2.6731042594131554e-16,-0.0010852511408868885,False
finest-carrier,last,561,2.634574651145212e-16,-0.00026640205387871757,False
finest-carrier,last,562,2.6086396398019774e-16,-0.0002277767376861544,False
finest-carrier,last,563,2.5720284643246545e-16,0.00018256696137822686,False
finest-carrier,last,564,2.519979167885754e-16,-0.0006425093219439112,False
finest-carrier,last,565,2.5062607745984304e-16,-0.0009447874583956692,False
finest-carrier,last,566,2.4692441390312443e-16,-0.0011440918790088497,False
finest-carrier,last,567,2.4383234368970266e-16,-0.0005000165332766703,False
finest-carrier,last,568,2.4007933330867386e-16,0.0013276501152491497,False
finest-carrier,last,569,2.3880386722390514e-16,-0.0022993110045622565,False
finest-carrier,last,570,2.3309979591100563e-16,-0.0002302195107120473,False
finest-carrier,last,571,2.298569257497558e-16,-0.0010580663344164274,False
finest-carrier,last,572,2.270368087415291e-16,0.0014739563921532166,False
finest-carrier,last,573,2.2231973129495997e-16,-0.0006039165757300416,False
finest-carrier,last,574,2.1785884408667444e-16,-0.001036031520082878,False
finest-carrier,last,575,2.1326546326433874e-16,0.0011875572171540902,False
finest-carrier,last,576,2.1251839593267226e-16,3.819105438946718e-05,False
finest-carrier,last,577,2.1023859097477252e-16,-0.0005098141141457358,False
finest-carrier,last,578,2.0549994769915917e-16,-0.00032194789737654574,False
finest-carrier,last,579,2.0458003828976147e-16,3.735261733234998e-05,False
finest-carrier,last,580,2.0147828941816406e-16,-0.0003922705582919235,False
finest-carrier,last,581,2.0140561332862694e-16,0.0001760821994720312,False
finest-carrier,last,582,1.9638025190604715e-16,0.0006509801344218376,False
finest-carrier,last,583,1.9605310612457933e-16,0.0009897056212538429,False
finest-carrier,last,584,1.9383667009703664e-16,-0.0009147797312840595,False
finest-carrier,last,585,1.9105320650363092e-16,0.001281215491863499,False
finest-carrier,last,586,1.8304759105670923e-16,0.0012141876041007356,False
finest-carrier,last,587,1.779879789785106e-16,6.463107528604164e-05,False
finest-carrier,last,588,1.7483231548038698e-16,0.00038588951826489415,False
finest-carrier,last,589,1.7416813916971755e-16,-0.001308125529741545,False
finest-carrier,last,590,1.7243087306512241e-16,-0.0012134960039225,False
finest-carrier,last,591,1.723336759350972e-16,-0.0021677150854501515,False
finest-carrier,last,592,1.7166912389098665e-16,-0.0004900842839157709,False
finest-carrier,last,593,1.6875251115234728e-16,-0.00136890364427978,False
finest-carrier,last,594,1.6819693674700124e-16,-0.0006426337175495385,False
finest-carrier,last,595,1.6772854380781392e-16,-7.800404687984662e-05,False
finest-carrier,last,596,1.6606097367188256e-16,0.0013340142366473947,False
finest-carrier,last,597,1.651344258830158e-16,-0.000657192545305478,False
finest-carrier,last,598,1.6500116256724041e-16,-0.00028154125451225557,False
finest-carrier,last,599,1.634874912474813e-16,-0.00012326064517853645,False
finest-carrier,last,600,1.6199160755987122e-16,0.0020462777895720037,False
finest-carrier,last,601,1.6083411345207893e-16,0.00023734473256656837,False
finest-carrier,last,602,1.5936717683745057e-16,-0.0008086189234287241,False
finest-carrier,last,603,1.5596706416346476e-16,0.0006172951107559646,False
finest-carrier,last,604,1.552019891209697e-16,-0.0010694131901535823,False
finest-carrier,last,605,1.5405954954178276e-16,0.00027529196436753786,False
finest-carrier,last,606,1.5250216710422853e-16,0.0010050506641210584,False
finest-carrier,last,607,1.5127658695156986e-16,0.0003352946235557135,False
finest-carrier,last,608,1.4823358168140302e-16,0.0023236702376170904,False
finest-carrier,last,609,1.4784929546433167e-16,-0.0006822577655762435,False
finest-carrier,last,610,1.4685975563123353e-16,-0.0005183743923670499,False
finest-carrier,last,611,1.4257484441939887e-16,0.0003632309660009397,False
finest-carrier,last,612,1.400465353881956e-16,-0.00012761088104921447,False
finest-carrier,last,613,1.3946311508182337e-16,0.00010236086622479468,False
finest-carrier,last,614,1.3522345207194162e-16,-0.0005795635224975168,False
finest-carrier,last,615,1.339463035546101e-16,-0.00017416110835443354,False
finest-carrier,last,616,1.3297020716525935e-16,0.0004654532510707975,False
finest-carrier,last,617,1.308512989898712e-16,0.0007683870901326667,False
finest-carrier,last,618,1.271714981505358e-16,-0.0008916238193561191,False
finest-carrier,last,619,1.2457423349492747e-16,-0.0010258976603033344,False
finest-carrier,last,620,1.1900137374533375e-16,-0.0004221158803546476,False
finest-carrier,last,621,1.1759277953324793e-16,-0.0013911931393515355,False
finest-carrier,last,622,1.165984510849461e-16,-0.0007873159575017101,False
finest-carrier,last,623,1.1213031143855403e-16,-0.0005684515811086,False
finest-carrier,last,624,1.0876095822647985e-16,0.0005282472195322232,False
finest-carrier,last,625,1.0606508077024645e-16,0.0003063770234495834,False
finest-carrier,last,626,1.018772368139238e-16,0.0010888024599717367,False
finest-carrier,last,627,9.987232778703848e-17,0.0004480925731718201,False
finest-carrier,last,628,9.739749970911771e-17,-0.0020969850229015973,False
finest-carrier,last,629,9.031892236481359e-17,0.0006265681583173378,False
finest-carrier,last,630,8.903129946746811e-17,0.0006043270671018896,False
finest-carrier,last,631,8.496538300364182e-17,0.0004940370741570736,False
finest-carrier,last,632,8.171568113186818e-17,0.00040401951762861096,False
finest-carrier,last,633,7.761352455787762e-17,-0.000376833130812112,False
finest-carrier,last,634,7.180675101850313e-17,-0.001052838170636982,False
finest-carrier,last,635,6.802427436644929e-17,0.00017293323349935958,False
finest-carrier,last,636,6.72051120562552e-17,0.00079848367991319,False
finest-carrier,last,637,6.132121672516431e-17,0.0005853083545713908,False
finest-carrier,last,638,4.881951676289499e-17,-0.0005518092104681206,False
finest-carrier,last,639,3.195615460678541e-17,0.00045062434475198813,False
finest-carrier,last,640,1.4324787041718753e-17,-0.0005646601283445243,False
finest-new,first,0,1.0,4.968856589928298e-05,True
finest-new,first,1,0.99871285405381,-9.613989921465423e-05,True
finest-new,first,2,0.9785673743152319,-4.1588388177167854e-05,True
finest-new,first,3,0.9774770548341726,9.289531965125108e-05,True
finest-new,first,4,0.9633274297387846,-3.6550724939482976e-05,True
finest-new,first,5,0.9623315484135503,9.093661009315912e-05,True
finest-new,first,6,0.951046067597423,-3.311040136498284e-05,True
finest-new,first,7,0.9501039554796216,8.955753055482154e-05,True
finest-new,first,8,0.9405548064498097,-3.06865721296502e-05,True
finest-new,first,9,0.9396455376628158,8.853871431810534e-05,True
finest-new,first,10,0.9312786151066691,-2.897001113145205e-05,True
finest-new,first,11,0.930389980347249,8.778204354931245e-05,True
finest-new,first,12,0.9228862805951553,-2.777076598042634e-05,True
finest-new,first,13,0.9220106097123913,8.723338826962427e-05,True
finest-new,first,14,0.9151674369626398,-2.6961917244032005e-05,True
finest-new,first,15,0.9142996825570916,8.685836082496851e-05,True
finest-new,first,16,0.9079791906714512,2.6453849627102674e-05,True
finest-new,first,17,0.9071159352506929,-8.663288004645446e-05,True
finest-new,first,18,0.9012195927789634,2.6180763101285663e-05,True
finest-new,first,19,0.9003584883727407,-8.653891348727656e-05,True
finest-new,first,20,0.8948131282637515,2.609291044643752e-05,True
finest-new,first,21,0.8939525590307164,-8.656232266087902e-05,True
finest-new,first,22,0.888702187063457,2.615181976264026e-05,True
finest-new,first,23,0.8878410555159052,-8.669166499745055e-05,True
finest-new,first,24,0.8828417612187446,2.632720053051899e-05,True
finest-new,first,25,0.8819793470003616,-8.69174733550288e-05,True
finest-new,first,26,0.8771959950914212,2.6594857077202463e-05,True
finest-new,first,27,0.8763318583754657,-8.723179343184807e-05,True
finest-new,first,28,0.8717358556506982,2.693523315111511e-05,True
finest-new,first,29,0.8708697690879523,-8.762787016019453e-05,True
finest-new,first,30,0.8664375089601583,2.733236673727851e-05,True
finest-new,first,31,0.86556940853331,-8.809992523075492e-05,True
finest-new,first,32,0.8612811580697407,2.7773119937331317e-05,True
finest-new,first,33,0.8604111068550471,-8.864299311088981e-05,True
finest-new,first,34,0.856250191719845,2.8246598341982098e-05,True
finest-new,first,35,0.8553783527033733,-8.925279615491933e-05,True
finest-new,first,36,0.8513305480412855,2.8743704171952145e-05,True
finest-new,first,37,0.8504571634433131,-8.99256467485252e-05,True
finest-new,first,38,0.8465102304748523,2.9256785986096407e-05,True
finest-new,first,39,0.8456356058542153,-9.065836870255293e-05,True
finest-new,first,40,0.8417789337080009,-2.9779359549508375e-05,True
finest-new,first,41,0.8409034256441127,9.144823270930549e-05,True
finest-new,first,42,0.8371277506006594,3.0305882112170118e-05,True
finest-new,first,43,0.8362517570972271,-9.229290230289728e-05,True
finest-new,first,44,0.8325489397204611,3.0831567426854984e-05,True
finest-new,first,45,0.8316728927081197,-9.31903878192099e-05,True
finest-new,first,46,0.828035738912428,-3.135223224701334e-05,True
finest-new,first,47,0.8271600983879069,9.41390065440891e-05,True
finest-new,first,48,0.8235822143031687,3.1864167384957564e-05,True
finest-new,first,49,0.8227074637551854,-9.513734770311563e-05,True
finest-new,first,50,0.819183136911871,-3.2364028034111217e-05,True
finest-new,first,51,0.8183097797643789,9.618424125935761e-05,True
finest-new,first,52,0.8148338810062797,3.2848739204198484e-05,True
finest-new,first,53,0.8139624378681312,-9.727872970117344e-05,True
finest-new,first,54,0.8105303397575016,-3.3315412942554454e-05,True
finest-new,first,55,0.8096613463105233,9.842004214152362e-05,True
finest-new,first,56,0.8062688547814064,3.37612745987481e-05,True
finest-new,first,57,0.8054028601707639,-9.960757015325639e-05,True
finest-new,first,58,0.8020461569195504,-3.418359583068092e-05,True
finest-new,first,59,0.8011837225338564,0.00010084084482169935,True
finest-new,first,60,0.7978593161855108,3.457963235290699e-05,True
finest-new,first,61,0.7970010147316307,-0.00010211951453556176,True
finest-new,first,62,0.7937056992366639,-3.494656465633645e-05,True
finest-new,first,63,0.7928521140265801,-0.00010344332305354052,True
finest-new,first,64,0.7895829330635181,3.528144007741195e-05,True
finest-new,first,65,0.7887346574391886,0.00010481208738445494,True
finest-new,first,66,0.7854888738454202,-3.5581114690241005e-05,True
finest-new,first,67,0.7846465106726077,-0.00010622567500459738,True
finest-new,first,68,0.7814215801214442,3.5842193543847514e-05,True
finest-new,first,69,0.780585741285555,0.00010768397990648302,True
finest-new,first,70,0.7773792895824303,-3.6060967775482044e-05,True
finest-new,first,71,0.7765505954185342,-0.00010918689692772664,True
finest-new,first,72,0.7733603989144917,3.623334710706033e-05,True
finest-new,first,73,0.7725394774999973,0.00011073429374417502,True
finest-new,first,74,0.7693634462232862,3.635478618672154e-05,True
finest-new,first,75,0.7685509324550738,-0.00011232597982510043,True
finest-new,first,76,0.7653870956475852,-3.6420203179992315e-05,True
finest-new,first,77,0.7645836300155004,-0.00011396167152924008,True
finest-new,first,78,0.7614301238343109,3.6423888966947655e-05,True
finest-new,first,79,0.7606363507894511,0.00011564095236571735,True
finest-new,first,80,0.7574914079984507,-3.6359405292059396e-05,True
finest-new,first,81,0.7567079737970664,0.00011736322723490557,True
finest-new,first,82,0.753569915332469,-3.621947029217114e-05,True
finest-new,first,83,0.7527974652139405,0.00011912766918661069,True
finest-new,first,84,0.749664693562823,-3.5995830074893366e-05,True
finest-new,first,85,0.7489038680922439,0.00012093315686179607,True
finest-new,first,86,0.7457748624773511,-3.5679115558226455e-05,True
finest-new,first,87,0.7450262928488218,0.00012277820029120144,True
finest-new,first,88,0.7418996062675102,-3.525868481731567e-05,True
finest-new,first,89,0.7411639083223794,0.0001246608520736896,True
finest-new,first,90,0.7380381665444452,-3.4722453016036146e-05,True
finest-new,first,91,0.7373159332084986,0.00012657860011805862,True
finest-new,first,92,0.7341898358979422,-3.405671511515032e-05,True
finest-new,first,93,0.7334816276824699,0.00012852823707978697,True
finest-new,first,94,0.7303539518725218,-3.324597164558605e-05,True
finest-new,first,95,0.7296602850165823,0.0001305057003816006,True
finest-new,first,96,0.7265298912348442,-3.227277596081972e-05,True
finest-new,first,97,0.7258512229922798,0.00013250587539789693,True
finest-new,first,98,0.7227170644004155,-3.111763397877463e-05,True
finest-new,first,99,0.7220537749010747,0.00013452235333591192,True
finest-new,first,100,0.7189149098734758,-2.975900637685554e-05,True
finest-new,first,101,0.7182672799262,0.00013654713530410464,True
finest-new,first,102,0.7151228885291983,-2.8173490645686802e-05,True
finest-new,first,103,0.7144910727079794,0.00013857027649233822,True
finest-new,first,104,0.7113404775272631,-2.6336298061084213e-05,True
finest-new,first,105,0.7107244719333524,0.0001405794719630865,True
finest-new,first,106,0.7075671635842741,-2.4222188098678427e-05,True
finest-new,first,107,0.7069667678745825,0.00014255960270668602,True
finest-new,first,108,0.7038024352414822,-2.1807074020605824e-05,True
finest-new,first,109,0.7032172089626436,0.00014449229383837016,True
finest-new,first,110,0.7000457736387389,-1.9070550317564432e-05,True
finest-new,first,111,0.6994749877517769,0.00014635559384750736,True
finest-new,first,112,0.6962966411517323,-1.59995767586958e-05,True
finest-new,first,113,0.6957392270430527,0.0001481239696756474,True
finest-new,first,114,0.6925544671057771,-1.259341866737508e-05,True
finest-new,first,115,0.692008967487653,0.0001497689195629577,True
finest-new,first,116,0.6888186297470147,-8.869602103889117e-06,True
finest-new,first,117,0.6882831586132544,0.0001512605964326918,True
finest-new,first,118,0.6850884339265131,-4.8700343987002e-06,True
finest-new,first,119,0.6845606557140859,0.00015257082244314021,True
finest-new,first,120,0.6813630848116412,6.656327728123161e-07,True
finest-new,first,121,0.6808402250776902,-0.00015367762940380762,True
finest-new,first,122,0.6776416596130984,-3.6428738169121895e-06,True
finest-new,first,123,0.6771205591997533,-0.00015457087782359605,True
finest-new,first,124,0.6739230817019844,-7.930245001399343e-06,True
finest-new,first,125,0.6734003017901947,-0.00015525767510689197,True
finest-new,first,126,0.6702061038313348,1.2059042706529854e-05,True
finest-new,first,127,0.6696780798893611,0.0001557656452330911,True
finest-new,first,128,0.6664893080818124,1.589730803973819e-05,True
finest-new,first,129,0.6659525383281737,0.00015614221554624127,True
finest-new,first,130,0.6627711283131212,-1.9337365011955877e-05,True
finest-new,first,131,0.6622223712346074,-0.0001564492910784332,True
finest-new,first,132,0.6590498962068844,-2.2310549083294177e-05,True
finest-new,first,133,0.6584863466748354,-0.00015675449397242747,True
finest-new,first,134,0.6553239060156544,2.4794074510594302e-05,True
finest-new,first,135,0.6547433229760896,0.0001571214728136013,True
finest-new,first,136,0.6515914883514302,2.680919047458495e-05,True
finest-new,first,137,0.6509922574011318,0.00015760185041343525,True
finest-new,first,138,0.6478510815795312,-2.8412506054130012e-05,True
finest-new,first,139,0.6472322087624192,-0.00015823033254527916,True
finest-new,first,140,0.6441012908810348,-2.9683683259137196e-05,True
finest-new,first,141,0.6434623354068437,-0.000159023155424847,True
finest-new,first,142,0.6403409287067094,3.07125305194288e-05,True
finest-new,first,143,0.6396818894598139,0.00015997912664584898,True
finest-new,first,144,0.6365690345715473,3.1587529011217835e-05,True
finest-new,first,145,0.6358902078753516,0.0001610822295848888,True
finest-new,first,146,0.6327848756202831,-3.238670349790718e-05,True
finest-new,first,147,0.63208670088492,-0.00016230493592357843,True
finest-new,first,148,0.6289879314730138,-3.3170929297687626e-05,True
finest-new,first,149,0.6282708387610128,0.00016361172055464585,True
finest-new,first,150,0.6251778675275983,3.3979368146402856e-05,True
finest-new,first,151,0.6244421382089792,0.0001649625904869566,True
finest-new,first,152,0.6213545005741431,-3.482668903990936e-05,True
finest-new,first,153,0.6206001499993697,-0.00016631662768422798,True
finest-new,first,154,0.617517759845335,-3.570192175613821e-05,True
finest-new,first,155,0.6167444495318443,-0.00016763558399870174,True
finest-new,first,156,0.6136676459967216,3.6569055089945296e-05,True
finest-new,first,157,0.6128746317936953,0.0001688874745637882,True
finest-new,first,158,0.6098041902878563,-3.736967361811098e-05,True
finest-new,first,159,0.6089903115920371,-0.000170049942701537,True
finest-new,first,160,0.6059274164512743,-3.802789466871962e-05,True
finest-new,first,161,0.6050911290280084,-0.00017111299143277996,True
finest-new,first,162,0.602037308152501,3.84575575286824e-05,True
finest-new,first,163,0.6011767591014603,0.0001720805900144017,True
finest-new,first,164,0.5981337851373882,3.857108586931885e-05,True
finest-new,first,165,0.5972469233770058,-0.00017297074971779416,True
finest-new,first,166,0.594216690707945,-3.828888209079225e-05,True
finest-new,first,167,0.5933014011416893,-0.00017381393684290974,True
finest-new,first,168,0.5902857918733384,3.754777652147802e-05,True
finest-new,first,169,0.589340037658041,0.00017465007148486614,True
finest-new,first,170,0.5863407915888578,3.630713601485026e-05,True
finest-new,first,171,0.5853627479243904,-0.00017552469680669116,True
finest-new,first,172,0.5823813504699397,-3.455174158175029e-05,True
finest-new,first,173,0.5813695154991805,-0.00017648505622159153,True
finest-new,first,174,0.5784071138973691,3.22912850711489e-05,True
finest-new,first,175,0.5773603870219427,0.00017757673755918664,True
finest-new,first,176,0.5744177399465027,2.9557036251561386e-05,True
finest-new,first,177,0.5733354637564931,-0.0001788412962156166,True
finest-new,first,178,0.5704129241240956,-2.639667741659838e-05,True
finest-new,first,179,0.5692948916907057,-0.00018031497416863285,True
finest-new,first,180,0.566392418173215,2.2868417564519856e-05,True
finest-new,first,181,0.5652388515436614,0.00018202839493084883,True
finest-new,first,182,0.5623560417406883,1.9035339739787213e-05,True
finest-new,first,183,0.5611675496398959,-0.00018400698552176352,True
finest-new,first,184,0.5583036870683064,-1.4960628108893841e-05,True
finest-new,first,185,0.5570812101852426,-0.000186271849259354,True
finest-new,first,186,0.5542353178163695,1.070398962161375e-05,True
finest-new,first,187,0.5529800691279327,0.0001888408522499873,True
finest-new,first,188,0.5501509635940163,-6.3193118779343015e-06,True
finest-new,first,189,0.5488643695519144,-0.00019172975336924212,True
finest-new,first,190,0.5460507118317606,-1.853418819194838e-06,True
finest-new,first,191,0.544734358420374,-0.00019495327493528427,True
finest-new,first,192,0.5419346984258664,-2.654302972367939e-06,True
finest-new,first,193,0.5405902844389683,0.0001985260654001788,True
finest-new,first,194,0.537803098251516,7.1716537154304895e-06,True
finest-new,first,195,0.5364323968105169,-0.00020246354270197172,True
finest-new,first,196,0.5336561162880202,1.1672967805936992e-05,True
finest-new,first,197,0.5322609446814713,0.00020678262936421854,True
finest-new,first,198,0.5294939797889119,-1.613823665754062e-05,True
finest-new,first,199,0.5280761771192645,0.00021150240192561006,True
finest-new,first,200,0.525316931690178,2.0552135234059586e-05,True
finest-new,first,201,0.5238783434991019,-0.00021664468169144588,True
finest-new,first,202,0.521125225284568,2.4903035642483013e-05,True
finest-new,first,203,0.5196676942143018,0.00022223459417391263,True
finest-new,first,204,0.5169191200885193,-2.9182054605949607e-05,True
finest-new,first,205,0.5154444816544079,0.00022830112295161531,True
finest-new,first,206,0.512698878776191,3.3382153977745634e-05,True
finest-new,first,207,0.5112089614199042,-0.0002348776812799077,True
finest-new,first,208,0.5084647650373408,-3.7497293499312185e-05,True
finest-new,first,209,0.5069613937622433,0.00024200272220075051,True
finest-new,first,210,0.5042170422201664,-4.152162086561306e-05,True
finest-new,first,211,0.5027020452539067,-0.0002497204052873057,True
finest-new,first,212,0.499955972637722,4.5448673845787704e-05,True
finest-new,first,213,0.4984311907061592,-0.0002580813353312433,True
finest-new,first,214,0.49568181744098083,-4.92705608886918e-05,True
finest-new,first,215,0.49414911536235934,0.00026714338473775946,True
finest-new,first,216,0.49139483698951386,5.297707873113379e-05,True
finest-new,first,217,0.4898561174022225,-0.00027697260626994733,True
finest-new,first,218,0.48709529168060667,5.655471663568741e-05,True
finest-new,first,219,0.48555251079636763,0.00028764423477067224,True
finest-new,first,220,0.48278344322889155,-5.9985485760770417e-05,True
finest-new,first,221,0.48123862854890626,0.00029924376350194627,True
finest-new,first,222,0.47845955642244575,6.32454976212065e-05,True
finest-new,first,223,0.47691482635518534,-0.0003118680596874472,True
finest-new,first,224,0.47412390141932553,-6.630319652878458e-05,True
finest-new,first,225,0.4725814866756672,0.000325626449986493,True
finest-new,first,226,0.46977675669336927,-6.911712642020416e-05,True
finest-new,first,227,0.46823902317476085,-0.00034064165292699674,True
finest-new,first,228,0.46541841279326257,7.16330823936635e-05,True
finest-new,first,229,0.46388788537800785,-0.0003570503514986282,True
finest-new,first,230,0.4610491771482518,-7.37804632079367e-05,True
finest-new,first,231,0.4595285632348176,0.00037500307063326784,True
finest-new,first,232,0.4566693802420427,7.546760886416312e-05,True
finest-new,first,233,0.45516159099489173,-0.0003946628319506113,True
finest-new,first,234,0.4522793835862579,7.657589264986085e-05,True
finest-new,first,235,0.4507875493516599,0.0004162017792607522,True
finest-new,first,236,0.44787959005397215,-7.695237537442987e-05,True
finest-new,first,237,0.44640706408916575,0.000439794582884093,True
finest-new,first,238,0.4434704572656988,7.640099809418041e-05,True
finest-new,first,239,0.4420207983845672,-0.00046560693934810025,True
finest-new,first,240,0.43905251480124596,-7.467274681525656e-05,True
finest-new,first,241,0.43762943437621643,0.0004937769475444992,True
finest-new,first,242,0.43462638590674113,-7.145627723768271e-05,True
finest-new,first,243,0.4332336376280147,0.0005243867727851172,True
finest-new,first,244,0.430192813770201,6.637269815691208e-05,True
finest-new,first,245,0.42883399607160205,-0.0005574223186268351,True
finest-new,first,246,0.4257526907164051,-5.898246261304564e-05,True
finest-new,first,247,0.42443092406346405,0.0005927206577532822,True
finest-new,first,248,0.42130708465322797,4.8819613137652244e-05,True
finest-new,first,249,0.42002452505270743,-0.000629910514347668,True
finest-new,first,250,0.4168572490536691,-3.547885287308318e-05,True
finest-new,first,251,0.41561441782571223,-0.0006683624582777821,True
finest-new,first,252,0.412404589361435,1.8788979366441112e-05,True
finest-new,first,253,0.4111995572067839,0.0007071837959468136,True
finest-new,first,254,0.4079505429418158,9.051577744217201e-07,True
finest-new,first,255,0.40677812110236766,-0.0007453131570374637,True
finest-new,first,256,0.40349632702806865,-2.2392743036775627e-05,True
finest-new,first,257,0.40234757320641856,0.0007817704173447113,True
finest-new,first,258,0.39904255216993345,-4.334802823608861e-05,True
finest-new,first,259,0.3979049945606569,-0.0008160595427886377,True
finest-new,first,260,0.39458881001140217,6.045464430708848e-05,True
finest-new,first,261,0.39344765513605956,0.0008485879440437057,True
finest-new,first,262,0.3901334632197807,-7.004468950119333e-05,True
finest-new,first,263,0.38897360945022474,-0.0008808516026068873,True
finest-new,first,264,0.3856738369151962,6.898962318987287e-05,True
finest-new,first,265,0.3844820260489243,0.0009152267788870088,True
finest-new,first,266,0.38120677697136607,-5.53060822502528e-05,True
finest-new,first,267,0.37997312369248676,-0.000954499639073395,True
finest-new,first,268,0.3767293037245434,2.8165724092385053e-05,True
finest-new,first,269,0.3754478394029048,0.0010014431068271906,True
finest-new,first,270,0.37223908007163153,1.2549516804619595e-05,True
finest-new,first,271,0.3709074521965957,-0.0010586351024459244,True
finest-new,first,272,0.36773458900965095,6.680883708613205e-05,True
finest-new,first,273,0.3663533065698248,0.0011284990004711995,True
finest-new,first,274,0.3632150805156565,-0.00013487804212323896,True
finest-new,first,275,0.3617866636912162,0.0012134514593859181,True
finest-new,first,276,0.35868040377032895,0.0002175893211627636,True
finest-new,first,277,0.35720864752341164,-0.0013160637249716091,True
finest-new,first,278,0.3541308177920194,-0.0003164723715347677,True
finest-new,first,279,0.3526202445498337,0.001439191596841374,True
finest-new,first,280,0.34956682953693397,0.0004338032903597488,True
finest-new,first,281,0.3480223279390888,-0.001586059595824998,True
finest-new,first,282,0.3449890747402568,0.0005726113645362705,True
finest-new,first,283,0.34341569040905745,0.0017602935151258597,True
finest-new,first,284,0.34039823901315197,-0.0007366608961036524,True
finest-new,first,285,0.3388010791261331,0.0019658918433312464,True
finest-new,first,286,0.33579501041344195,0.0009304061606843264,True
finest-new,first,287,0.3341792310674044,-0.002207117450020467,True
finest-new,first,288,0.33118005432277103,-0.001158903698653417,True
finest-new,first,289,0.3295509099949026,0.0024882794124370727,True
finest-new,first,290,0.3265540033377398,0.001427655866700436,True
finest-new,first,291,0.3249169478592593,-0.0028133617596166347,True
finest-new,first,292,0.3219174572257023,0.0017423516903358708,True
finest-new,first,293,0.3202782949328351,0.0031854412960061924,True
finest-new,first,294,0.3172709901808008,-0.0021084654797616518,True
finest-new,first,295,0.3156360848701401,-0.00360582054772397,True
finest-new,first,296,0.31261516463688266,0.00253067161802244,True
finest-new,first,297,0.3109917237125348,-0.0040727845776860755,True
finest-new,first,298,0.30795055312813124,-0.0030120377915900053,True
finest-new,first,299,0.3063470160570886,-0.004579873569621849,True
finest-new,first,300,0.3032777729715728,0.00355297190672248,True
finest-new,first,301,0.30170434732161727,0.0051135538954180364,True
finest-new,first,302,0.2985975447235395,-0.004149922918268123,True
finest-new,first,303,0.2970669466382638,-0.00565019888108746,True
finest-new,first,304,0.2939107989814418,0.004793871937286604,True
finest-new,first,305,0.2924392518198379,0.006152473917271957,True
finest-new,first,306,0.2892188895671361,-0.005468681136820361,True
finest-new,first,307,0.2878273528037624,-0.006565990573759786,True
finest-new,first,308,0.28452406136551994,-0.006149320861860333,True
finest-new,first,309,0.28323928909298685,0.006819930862974264,True
finest-new,first,310,0.27983058487299006,0.006799590787714734,True
finest-new,first,311,0.2786842751967726,0.006844616165004894,True
finest-new,first,312,0.2751477524215643,-0.007367495412917421,True
finest-new,first,313,0.2741679323500246,-0.006641979829003148,True
finest-new,first,314,0.27049745240207174,0.007779348661216128,True
finest-new,first,315,0.26967725976172263,0.006446124899528715,True
finest-new,first,316,0.26592138573445123,-0.00802434125119681,True
finest-new,first,317,0.2651588560996616,-0.006664938387729324,True
finest-new,first,318,0.2614368247200518,-0.008419312253588425,True
finest-new,first,319,0.26055440732997853,0.007040564867896641,True
finest-new,first,320,0.25698070260773753,0.008993221647346885,True
finest-new,first,321,0.25587486358765793,0.007021306685592054,True
finest-new,first,322,0.25248705606047833,-0.00924711201627261,True
finest-new,first,323,0.251154436916453,-0.006536469120901765,True
finest-new,first,324,0.24793405696775847,0.008902813372088963,True
finest-new,first,325,0.24641167384111248,0.005643463231418969,True
finest-new,first,326,0.24332552968335366,-0.007955196314154627,True
finest-new,first,327,0.24165467058972642,0.004410333809321955,True
finest-new,first,328,0.2386722797100782,0.006516372070700091,True
finest-new,first,329,0.2368872126938822,-0.0029327621640397737,True
finest-new,first,330,0.2339845091441907,-0.004749835325347091,True
finest-new,first,331,0.2321112933074887,0.0013453852853991624,True
finest-new,first,332,0.22927007909681135,0.00285415679938616,True
finest-new,first,333,0.22732809359242065,0.00018218096438590294,True
finest-new,first,334,0.22453468394269174,0.0010515096777553921,True
finest-new,first,335,0.22253839536866887,-0.0014633681445288722,True
finest-new,first,336,0.21978239763515175,0.0004346345601370384,True
finest-new,first,337,0.2177427721405139,0.0023250373027231042,True
finest-new,first,338,0.21501615960538514,-0.0014141840697358761,True
finest-new,first,339,0.21294168636875985,0.0026462257048494144,True
finest-new,first,340,0.2102381294605937,0.0017722741119597799,True
finest-new,first,341,0.20813554436719586,-0.0023977539624486016,True
finest-new,first,342,0.20544993080173027,-0.001508548847208979,True
finest-new,first,343,0.20332473152855562,0.001671826563956515,True
finest-new,first,344,0.20065281652768752,-0.000761151497625903,True
finest-new,first,345,0.1985096391599023,-0.0006891243501152384,True
finest-new,first,346,0.19584778183273047,-0.00019763693727725557,True
finest-new,first,347,0.19369068965143083,-0.00022741252358961312,True
finest-new,first,348,0.19103564333449558,0.0010034511190701383,True
finest-new,first,349,0.18886836536124219,0.0007167460567604915,True
finest-new,first,350,0.18621709697093042,-0.0012804556671360985,True
finest-new,first,351,0.184043247354634,0.000475881680879901,True
finest-new,first,352,0.18139276375063249,0.0007489584777535217,True
finest-new,first,353,0.1792160731935058,0.0006311904669040983,True
finest-new,first,354,0.1765632309181362,0.0006651457685107807,True
finest-new,first,355,0.1743878298885429,-0.002482973645795807,True
finest-new,first,356,0.17172909681215437,-0.0027544191842438985,True
finest-new,first,357,0.16955991301650702,0.004665270474784493,True
finest-new,first,358,0.16689103204369843,-0.0050239744588606175,True
finest-new,first,359,0.164734416207407,-0.006522554234063674,True
finest-new,first,360,0.16204988213491997,0.006780237872826538,True
finest-new,first,361,0.1599146940506079,0.007307595413568358,True
finest-new,first,362,0.15720687178111287,-0.007313191159158549,True
finest-new,first,363,0.15510654351298309,-0.0064100987021815685,True
finest-new,first,364,0.1523640787491649,0.006136221529107149,True
finest-new,first,365,0.15032090936765152,-0.0036122960982061377,True
finest-new,first,366,0.14752573423289458,-0.003215492645257118,True
finest-new,first,367,0.14558065069305742,0.0006966746824502077,True
finest-new,first,368,0.1427026479262366,-0.0008917685176759822,True
finest-new,first,369,0.1409378843279968,-0.005385475862329082,True
finest-new,first,370,0.13793218419623887,0.005036541519816472,True
finest-new,first,371,0.13649926276720972,0.008593767602615508,True
finest-new,first,372,0.13337271553640423,-0.007797139264324768,True
finest-new,first,373,0.13225109688894912,-0.009649193923875381,True
finest-new,first,374,0.12913982144292516,-0.010280999521091913,True
finest-new,first,375,0.12772031473757278,0.009957803049974337,True
finest-new,first,376,0.12474452983109979,0.011110684648704872,True
finest-new,first,377,0.1229519955619683,-0.007720067641342153,True
finest-new,first,378,0.12011632715787747,-0.008080969831047337,True
finest-new,first,379,0.11811919504743112,-0.0028619458920898628,True
finest-new,first,380,0.11537127893905669,0.0021822546236852894,True
finest-new,first,381,0.11326484210741983,-0.0033999084940839917,True
finest-new,first,382,0.1105696026322794,0.004651798302198355,True
finest-new,first,383,0.10840153571030794,-0.009165496902433757,True
finest-new,first,384,0.10573751980636054,-0.010196863349469756,True
finest-new,first,385,0.10353499122702382,0.012473574207189544,True
finest-new,first,386,0.10088751121548016,0.012572196019774958,True
finest-new,first,387,0.09866959615497435,-0.012019870322484279,True
finest-new,first,388,0.09602634459806596,-0.010897942326704707,True
finest-new,first,389,0.0938112641826997,0.007715609895659714,True
finest-new,first,390,0.09115843729113601,0.005679256807036981,True
finest-new,first,391,0.08897250992258218,0.0008475500824694499,True
finest-new,first,392,0.08628811259701917,0.0012888813911945758,True
finest-new,first,393,0.0841926828989511,0.006226720440194635,True
finest-new,first,394,0.08142649858333348,-0.00748306809005491,True
finest-new,first,395,0.07967990652969933,-0.010180772134745567,True
finest-new,first,396,0.07684628190115543,-0.007919329076767286,True
finest-new,first,397,0.07623606309188595,0.009834165212341213,True
finest-new,first,398,0.07345243595661576,0.010879669364133948,True
finest-new,first,399,0.07158625082655311,0.010363243061425916,True
finest-new,first,400,0.06893426614236448,-0.009340602318173243,True
finest-new,first,401,0.06671923684182866,-0.00598858380441797,True
finest-new,first,402,0.06415343017812779,0.003716083592214533,True
finest-new,first,403,0.061842042551385264,0.00023245500422200047,True
finest-new,first,404,0.05931479811796436,0.002739731601275656,True
finest-new,first,405,0.05696469980128696,-0.005856784339864865,True
finest-new,first,406,0.054457816527363215,-0.007475123125037066,True
finest-new,first,407,0.05209132390499049,0.008815763756108189,True
finest-new,first,408,0.04959583432831321,0.008895449314367958,True
finest-new,first,409,0.04722657592791832,-0.008246457805692227,True
finest-new,first,410,0.04473630722634211,-0.006880469590842955,True
finest-new,first,411,0.04238027940069427,0.004776254545040776,True
finest-new,first,412,0.039887284531510823,0.002720784189302651,True
finest-new,first,413,0.03759668570926135,0.00012682003543004123,True
finest-new,first,414,0.035093929714575076,0.0013515948397152253,True
finest-new,first,415,0.03396360568965118,0.0023535083351736105,True
finest-new,first,416,0.03229058845290681,0.0028010617437208467,True
finest-new,first,417,0.03018763688446515,0.004522618677600005,True
finest-new,first,418,0.02773302785116554,0.004902829739693387,True
finest-new,first,419,0.025420177999067907,-0.0047956384877244716,True
finest-new,first,420,0.023005625929121837,-0.004212919573375925,True
finest-new,first,421,0.020738835855877713,-0.0030842770167453853,True
finest-new,first,422,0.0186789242733706,0.0014119749084857201,True
finest-new,first,423,0.018296598287538206,0.001785557506733247,True
finest-new,first,424,0.01601056671554785,-0.0010197523633811705,True
finest-new,first,425,0.01381963874795771,3.5299880287508416e-05,True
finest-new,first,426,0.011678978465967466,-0.0005718590801679208,True
finest-new,first,427,0.009709899307101583,-0.0008713585215217496,True
finest-new,first,428,0.008001182430719319,-0.0007838980307871176,True
finest-new,first,429,0.007633598431684271,-0.0002109874556149917,True
finest-new,first,430,0.00675641074293812,0.00046387842847165565,True
finest-new,first,431,0.004113504512940867,6.363240866862405e-05,True
finest-new,first,432,0.0016028344282998654,2.6138616749486405e-05,True
finest-new,first,433,0.0008332336753928954,1.2635300432495457e-05,True
finest-new,first,434,0.00031658117506829354,5.437398548602735e-06,True
finest-new,first,435,0.00015645272129734635,2.2598540184480538e-06,True
finest-new,first,436,5.9460327483867494e-05,1.0536193384798433e-06,True
finest-new,first,437,2.7424769964095303e-05,3.7754708310836775e-07,True
finest-new,first,438,1.0666961138984344e-05,1.9088118965624915e-07,True
finest-new,first,439,4.519698005066749e-06,6.01902082921216e-08,True
finest-new,first,440,1.8298731062873935e-06,3.23563612479276e-08,True
finest-new,first,441,7.059687424017205e-07,9.284863615955548e-09,True
finest-new,first,442,2.99781287101121e-07,5.115059296346492e-09,True
finest-new,first,443,1.0546460549424385e-07,1.403211431268579e-09,True
finest-new,first,444,4.674645565168276e-08,7.493632122947436e-10,True
finest-new,first,445,1.5216983726976517e-08,2.0730780774809683e-10,True
finest-new,first,446,6.905326047265876e-09,1.0101712313935692e-10,True
finest-new,first,447,2.1395928897052684e-09,2.97919646554754e-11,True
finest-new,first,448,9.619379985452344e-10,1.2480810657249863e-11,True
finest-new,first,449,2.9479394792841636e-10,4.102541101500528e-12,True
finest-new,first,450,1.2618991377443552e-10,1.4311945666506367e-12,True
finest-new,first,451,3.981218479820828e-11,5.373989149694915e-13,False
finest-new,first,452,1.5647468923080942e-11,1.5538964626356616e-13,False
finest-new,first,453,5.248047720857549e-12,6.618613947954374e-14,False
finest-new,first,454,1.849788219183755e-12,1.638757899417375e-14,False
finest-new,first,455,6.705371938881984e-13,7.50020234672201e-15,False
finest-new,first,456,2.110376185200447e-13,1.6711620878629817e-15,False
finest-new,first,457,8.23017061426313e-14,7.658065610969891e-16,False
finest-new,first,458,2.352743125324058e-14,1.7700394642978243e-16,False
finest-new,first,459,9.561532998063355e-15,7.661487800888623e-17,False
finest-new,first,460,3.728227285442725e-15,-3.8761312295681375e-17,False
finest-new,first,461,2.8845248329027085e-15,2.282029618168464e-17,False
finest-new,first,462,2.7789331203765823e-15,-5.4932949356406473e-17,False
finest-new,first,463,2.6918834260588285e-15,-2.522101600459567e-17,False
finest-new,first,464,2.4971103009068548e-15,-4.3457742113510185e-17,False
finest-new,first,465,2.297741141945172e-15,-9.634383019296853e-18,False
finest-new,first,466,2.2403868592574092e-15,-5.681110345504154e-18,False
finest-new,first,467,2.0507543452505955e-15,2.114208063912013e-18,False
finest-new,first,468,1.998925751054018e-15,-3.595227852379081e-18,False
finest-new,first,469,1.870086371553052e-15,2.81618034396071e-17,False
finest-new,first,470,1.6767983606908061e-15,3.49455847182319e-17,False
finest-new,first,471,1.5304216285059322e-15,-2.0194909902260305e-17,False
finest-new,first,472,1.4439094362231284e-15,1.9440360176730762e-17,False
finest-new,first,473,1.3635316054106084e-15,-1.145630836497011e-17,False
finest-new,first,474,1.228020885705002e-15,-2.513518417212676e-17,False
finest-new,first,475,1.1219123508775268e-15,-4.976504982778325e-17,False
finest-new,first,476,1.0857013889343558e-15,1.7583116044458374e-18,False
finest-new,first,477,1.0608367849748218e-15,-3.999830334054821e-17,False
finest-new,first,478,1.0414392966165645e-15,1.6336219821084655e-17,False
finest-new,first,479,9.95820652821989e-16,5.19067569874419e-17,False
finest-new,first,480,9.352542505992325e-16,-9.87501721923213e-18,False
finest-new,first,481,9.193778769093265e-16,2.8074267972286496e-17,False
finest-new,first,482,8.585800274703771e-16,-1.605109154674875e-17,False
finest-new,first,483,8.474722886328868e-16,6.414042781507542e-17,False
finest-new,first,484,8.273082644393359e-16,-3.3877086350389217e-18,False
finest-new,first,485,7.768973629347159e-16,-5.289633661369892e-17,False
finest-new,first,486,7.638271972799052e-16,1.0606965841370555e-17,False
finest-new,first,487,7.478712440080055e-16,9.747842394706601e-18,False
finest-new,first,488,7.287825705942698e-16,1.8654250552451668e-17,False
finest-new,first,489,7.194860460641693e-16,2.2698349597247434e-17,False
finest-new,first,490,6.798666835243691e-16,-2.2887213957841127e-17,False
finest-new,first,491,6.648984443296843e-16,2.2052414044299918e-17,False
finest-new,first,492,6.592900492745512e-16,-3.2453869594699625e-17,False
finest-new,first,493,6.384882443199172e-16,2.1081922955752784e-17,False
finest-new,first,494,6.311484522082845e-16,4.43777546740758e-18,False
finest-new,first,495,6.196978885581078e-16,2.312470642442377e-17,False
finest-new,first,496,6.11195570592776e-16,-5.184122081484217e-18,False
finest-new,first,497,5.978455946607909e-16,4.6023058974108824e-17,False
finest-new,first,498,5.919922167250464e-16,5.50866651907855e-19,False
finest-new,first,499,5.836861928956647e-16,5.3157665310836254e-17,False
finest-new,first,500,5.814780896853145e-16,-1.401754801319352e-17,False
finest-new,first,501,5.694639452090405e-16,2.4535845073363426e-17,False
finest-new,first,502,5.464361255572537e-16,6.748742516901275e-18,False
finest-new,first,503,5.461348588308926e-16,-8.369829829065315e-18,False
finest-new,first,504,5.424051574227493e-16,6.213349780426957e-18,False
finest-new,first,505,5.310133316403964e-16,3.6950234054678403e-17,False
finest-new,first,506,5.272786087259876e-16,2.2948103786481487e-17,False
finest-new,first,507,5.220664023178529e-16,1.1236498688502737e-17,False
finest-new,first,508,5.035465841492321e-16,2.7591050694601374e-17,False
finest-new,first,509,4.993964878120231e-16,2.2537725695636283e-17,False
finest-new,first,510,4.933501993343509e-16,-6.6830323621405596e-18,False
finest-new,first,511,4.892740018732121e-16,8.50270882169506e-18,False
finest-new,first,512,4.736107498834889e-16,3.510550925162967e-17,False
finest-new,first,513,4.68754269865106e-16,-2.1826685240019664e-17,False
finest-new,first,514,4.612178028043922e-16,-2.3853436202514856e-17,False
finest-new,first,515,4.609392630216155e-16,6.6755908947620894e-18,False
finest-new,first,516,4.493702906703318e-16,-2.3439247834485764e-17,False
finest-new,first,517,4.470286047128623e-16,1.2425168343118414e-17,False
finest-new,first,518,4.372113416400182e-16,-1.0414967604930645e-17,False
finest-new,first,519,4.304077659260824e-16,-3.642343691239892e-18,False
finest-new,first,520,4.2534525831026627e-16,1.1749080330269655e-17,False
finest-new,first,521,4.233664046919339e-16,-1.4736370000917504e-18,False
finest-new,first,522,4.211997024759576e-16,2.411600744256225e-18,False
finest-new,first,523,4.1276833489833403e-16,2.3286701122804475e-18,False
finest-new,first,524,4.0632527529546583e-16,-1.9485909212920392e-17,False
finest-new,first,525,4.013018390792318e-16,-2.027986105518458e-17,False
finest-new,first,526,3.9700232642465653e-16,1.1019244175176601e-17,False
finest-new,first,527,3.922895283966599e-16,-6.413202669585993e-19,False
finest-new,first,528,3.906016813591548e-16,-1.3874823520026879e-17,False
finest-new,first,529,3.85699218367463e-16,1.3698144549978118e-17,False
finest-new,first,530,3.81408777854953e-16,1.029603237018095e-17,False
finest-new,first,531,3.801785044803108e-16,1.4808842538639057e-17,False
finest-new,first,532,3.713002535486357e-16,1.3325153297538224e-17,False
finest-new,first,533,3.655160247611252e-16,8.270496966967669e-18,False
finest-new,first,534,3.6371950594545005e-16,-8.788254351082746e-19,False
finest-new,first,535,3.5927028103145794e-16,9.77720386630052e-18,False
finest-new,first,536,3.529783064129e-16,-1.9582371509840977e-17,False
finest-new,first,537,3.464185498000418e-16,2.261837201271865e-18,False
finest-new,first,538,3.4306511140209506e-16,1.6754237883849183e-17,False
finest-new,first,539,3.419317394417702e-16,-1.3122762794238577e-17,False
finest-new,first,540,3.324263280780254e-16,-4.883196414912404e-19,False
finest-new,first,541,3.289146396422609e-16,-2.1984484274204424e-17,False
finest-new,first,542,3.277841111043275e-16,-4.228329127633833e-18,False
finest-new,first,543,3.2507932051287025e-16,-1.1317111833560445e-17,False
finest-new,first,544,3.208538302219911e-16,-6.4897368105261075e-18,False
finest-new,first,545,3.2015572960368367e-16,5.9502396824832236e-18,False
finest-new,first,546,3.133672112544674e-16,-1.0986458571763757e-17,False
finest-new,first,547,3.10185456304006e-16,8.19200401917463e-18,False
finest-new,first,548,3.085271776329714e-16,1.6162840083426254e-17,False
finest-new,first,549,3.054411046230172e-16,-2.307267410639042e-18,False
finest-new,first,550,3.041941582321414e-16,4.786478156571627e-17,False
finest-new,first,551,3.012208874106867e-16,1.2733231591342318e-17,False
finest-new,first,552,2.974777790737717e-16,-1.0725102679162421e-17,False
finest-new,first,553,2.9135357134807507e-16,2.3991565430848486e-17,False
finest-new,first,554,2.866261908996273e-16,1.6300997876284973e-17,False
finest-new,first,555,2.835536911634928e-16,2.910163818174653e-18,False
finest-new,first,556,2.806279717282282e-16,3.8507596303136856e-18,False
finest-new,first,557,2.7825394206423276e-16,2.0089613362398154e-17,False
finest-new,first,558,2.7742941822847563e-16,1.8649722973261324e-18,False
finest-new,first,559,2.703685634832949e-16,8.492970935991311e-18,False
finest-new,first,560,2.6731042594131554e-16,1.64193349415444e-17,False
finest-new,first,561,2.634574651145212e-16,-5.292582632890053e-18,False
finest-new,first,562,2.6086396398019774e-16,-2.3827199664696345e-17,False
finest-new,first,563,2.5720284643246545e-16,9.830821206869678e-18,False
finest-new,first,564,2.519979167885754e-16,-2.936643495722338e-18,False
finest-new,first,565,2.5062607745984304e-16,-3.5507859334357283e-19,False
finest-new,first,566,2.4692441390312443e-16,-1.7871216955415868e-17,False
finest-new,first,567,2.4383234368970266e-16,6.873104455099558e-18,False
finest-new,first,568,2.4007933330867386e-16,1.5189364415071318e-17,False
finest-new,first,569,2.3880386722390514e-16,-4.505879088953329e-18,False
finest-new,first,570,2.3309979591100563e-16,-1.6176019053786714e-18,False
finest-new,first,571,2.298569257497558e-16,-1.1535984390601469e-17,False
finest-new,first,572,2.270368087415291e-16,2.044452497218759e-17,False
finest-new,first,573,2.2231973129495997e-16,-1.5639831785771865e-17,False
finest-new,first,574,2.1785884408667444e-16,-2.7523321016431082e-17,False
finest-new,first,575,2.1326546326433874e-16,1.7367899706379098e-17,False
finest-new,first,576,2.1251839593267226e-16,-6.081283112008061e-18,False
finest-new,first,577,2.1023859097477252e-16,-3.202738304578759e-18,False
finest-new,first,578,2.0549994769915917e-16,4.6208483100465406e-18,False
finest-new,first,579,2.0458003828976147e-16,-2.8256384373727267e-18,False
finest-new,first,580,2.0147828941816406e-16,-1.5182512308988636e-17,False
finest-new,first,581,2.0140561332862694e-16,-2.4129616074482777e-18,False
finest-new,first,582,1.9638025190604715e-16,-2.1553691623819783e-17,False
finest-new,first,583,1.9605310612457933e-16,-2.0831181246409232e-17,False
finest-new,first,584,1.9383667009703664e-16,1.6203161109178154e-17,False
finest-new,first,585,1.9105320650363092e-16,-2.144014831140237e-18,False
finest-new,first,586,1.8304759105670923e-16,1.3035676627289924e-17,False
finest-new,first,587,1.779879789785106e-16,2.824909356722648e-17,False
finest-new,first,588,1.7483231548038698e-16,-8.829198624822229e-18,False
finest-new,first,589,1.7416813916971755e-16,5.035692193798274e-18,False
finest-new,first,590,1.7243087306512241e-16,2.3692244430185103e-18,False
finest-new,first,591,1.723336759350972e-16,4.970822206449151e-18,False
finest-new,first,592,1.7166912389098665e-16,-2.7556378095242737e-19,False
finest-new,first,593,1.6875251115234728e-16,3.6541490018329896e-18,False
finest-new,first,594,1.6819693674700124e-16,-2.0500198115531828e-17,False
finest-new,first,595,1.6772854380781392e-16,-2.868451922551622e-17,False
finest-new,first,596,1.6606097367188256e-16,-8.104740130620543e-18,False
finest-new,first,597,1.651344258830158e-16,1.552002518610786e-17,False
finest-new,first,598,1.6500116256724041e-16,-2.0582310993871774e-18,False
finest-new,first,599,1.634874912474813e-16,-1.4830077195520257e-17,False
finest-new,first,600,1.6199160755987122e-16,-3.2560068665364367e-18,False
finest-new,first,601,1.6083411345207893e-16,8.06873809159903e-18,False
finest-new,first,602,1.5936717683745057e-16,1.0119072119831093e-17,False
finest-new,first,603,1.5596706416346476e-16,-1.846672161582398e-17,False
finest-new,first,604,1.552019891209697e-16,-7.770431195367144e-18,False
finest-new,first,605,1.5405954954178276e-16,-7.228619529427258e-18,False
finest-new,first,606,1.5250216710422853e-16,-8.452571387460082e-18,False
finest-new,first,607,1.5127658695156986e-16,1.7194335128151302e-17,False
finest-new,first,608,1.4823358168140302e-16,-6.16828494598179e-19,False
finest-new,first,609,1.4784929546433167e-16,-7.611102787631954e-19,False
finest-new,first,610,1.4685975563123353e-16,-2.872259965126418e-18,False
finest-new,first,611,1.4257484441939887e-16,3.747958092198734e-18,False
finest-new,first,612,1.400465353881956e-16,1.7841230517003227e-17,False
finest-new,first,613,1.3946311508182337e-16,-1.8956261200964935e-17,False
finest-new,first,614,1.3522345207194162e-16,-8.628903244839531e-19,False
finest-new,first,615,1.339463035546101e-16,8.460456834242633e-18,False
finest-new,first,616,1.3297020716525935e-16,-3.861862783023458e-18,False
finest-new,first,617,1.308512989898712e-16,-4.0186903422720114e-18,False
finest-new,first,618,1.271714981505358e-16,-2.666768802490516e-17,False
finest-new,first,619,1.2457423349492747e-16,1.156413970228381e-17,False
finest-new,first,620,1.1900137374533375e-16,-2.831736080016152e-17,False
finest-new,first,621,1.1759277953324793e-16,-5.8918638820952545e-18,False
finest-new,first,622,1.165984510849461e-16,-2.3758248761566588e-17,False
finest-new,first,623,1.1213031143855403e-16,3.0164896026246495e-18,False
finest-new,first,624,1.0876095822647985e-16,-1.0476024636710658e-17,False
finest-new,first,625,1.0606508077024645e-16,-4.5890969062896296e-18,False
finest-new,first,626,1.018772368139238e-16,-5.329039870237612e-18,False
finest-new,first,627,9.987232778703848e-17,5.453604358632333e-18,False
finest-new,first,628,9.739749970911771e-17,5.000053112796104e-18,False
finest-new,first,629,9.031892236481359e-17,-1.5202705297247925e-17,False
finest-new,first,630,8.903129946746811e-17,-2.2364053268484824e-17,False
finest-new,first,631,8.496538300364182e-17,-3.3253279963387846e-18,False
finest-new,first,632,8.171568113186818e-17,2.221042337836457e-17,False
finest-new,first,633,7.761352455787762e-17,-7.458121684944392e-18,False
finest-new,first,634,7.180675101850313e-17,2.489022455356439e-19,False
finest-new,first,635,6.802427436644929e-17,-1.0798554548481421e-17,False
finest-new,first,636,6.72051120562552e-17,5.361329191547158e-18,False
finest-new,first,637,6.132121672516431e-17,-1.824528339171761e-17,False
finest-new,first,638,4.881951676289499e-17,1.6474863617792578e-17,False
finest-new,first,639,3.195615460678541e-17,-1.6978796991638858e-17,False
finest-new,first,640,1.4324787041718753e-17,1.3745510477666835e-17,False
finest-new,last,0,1.0,0.0005790010366439904,True
finest-new,last,1,0.99871285405381,-0.00037896746289374945,True
finest-new,last,2,0.9785673743152319,-0.001601143116158688,True
finest-new,last,3,0.9774770548341726,0.00040687859528147234,True
finest-new,last,4,0.9633274297387846,-0.0032405278229266136,True
finest-new,last,5,0.9623315484135503,-0.0019897953621189996,True
finest-new,last,6,0.951046067597423,0.0023265658343074955,True
finest-new,last,7,0.9501039554796216,-0.007800809895776681,True
finest-new,last,8,0.9405548064498097,0.005691207668061761,True
finest-new,last,9,0.9396455376628158,0.004712138420197159,True
finest-new,last,10,0.9312786151066691,-0.0038168117033698518,True
finest-new,last,11,0.930389980347249,-0.007057822397040245,True
finest-new,last,12,0.9228862805951553,0.0009658613585239498,True
finest-new,last,13,0.9220106097123913,0.006908269459325855,True
finest-new,last,14,0.9151674369626398,0.008239977520166282,True
finest-new,last,15,0.9142996825570916,-0.0027954169154388495,True
finest-new,last,16,0.9079791906714512,0.0013524629306571644,True
finest-new,last,17,0.9071159352506929,0.009343756117974845,True
finest-new,last,18,0.9012195927789634,0.006673775240734165,True
finest-new,last,19,0.9003584883727407,0.005641748707356575,True
finest-new,last,20,0.8948131282637515,0.00562700815890595,True
finest-new,last,21,0.8939525590307164,0.0011900220843070845,True
finest-new,last,22,0.888702187063457,0.003215223768627615,True
finest-new,last,23,0.8878410555159052,-0.0009090131984407761,True
finest-new,last,24,0.8828417612187446,0.0015207301547539153,True
finest-new,last,25,0.8819793470003616,-0.0014570622410722996,True
finest-new,last,26,0.8771959950914212,0.0006153150104155766,True
finest-new,last,27,0.8763318583754657,-0.0014155098868794353,True
finest-new,last,28,0.8717358556506982,0.00017446808191259736,True
finest-new,last,29,0.8708697690879523,-0.0012306407424736265,True
finest-new,last,30,0.8664375089601583,-3.713589488505431e-05,True
finest-new,last,31,0.86556940853331,-0.0010473764362194673,True
finest-new,last,32,0.8612811580697407,-0.00014102610963874512,True
finest-new,last,33,0.8604111068550471,-0.0008979489127205875,True
finest-new,last,34,0.856250191719845,-0.00019382783493715364,True
finest-new,last,35,0.8553783527033733,-0.0007819238334155651,True
finest-new,last,36,0.8513305480412855,-0.00022147862401012517,True
finest-new,last,37,0.8504571634433131,-0.0006922506856675469,True
finest-new,last,38,0.8465102304748523,-0.00023614359985656166,True
finest-new,last,39,0.8456356058542153,-0.0006222047049456521,True
finest-new,last,40,0.8417789337080009,0.00024377780164606413,True
finest-new,last,41,0.8409034256441127,0.0005666521165143709,True
finest-new,last,42,0.8371277506006594,-0.00024744504888486583,True
finest-new,last,43,0.8362517570972271,-0.0005219005941663709,True
finest-new,last,44,0.8325489397204611,-0.00024880223277251384,True
finest-new,last,45,0.8316728927081197,-0.00048532435036585035,True
finest-new,last,46,0.828035738912428,0.0002487879516596794,True
finest-new,last,47,0.8271600983879069,0.00045504309394341644,True
finest-new,last,48,0.8235822143031687,-0.00024795642513204114,True
finest-new,last,49,0.8227074637551854,-0.0004296913574072078,True
finest-new,last,50,0.819183136911871,0.0002466469975470501,True
finest-new,last,51,0.8183097797643789,0.0004082611081784241,True
finest-new,last,52,0.8148338810062797,-0.00024507408621617387,True
finest-new,last,53,0.8139624378681312,-0.0003899955993199905,True
finest-new,last,54,0.8105303397575016,0.00024337693097629807,True
finest-new,last,55,0.8096613463105233,0.0003743174415379306,True
finest-new,last,56,0.8062688547814064,-0.00024164817248279586,True
finest-new,last,57,0.8054028601707639,-0.0003607792866792635,True
finest-new,last,58,0.8020461569195504,0.00023995084190290227,True
finest-new,last,59,0.8011837225338564,0.00034902951159420054,True
finest-new,last,60,0.7978593161855108,-0.0002383287794525664,True
finest-new,last,61,0.7970010147316307,-0.000338787958947739,True
finest-new,last,62,0.7937056992366639,0.00023681320581943197,True
finest-new,last,63,0.7928521140265801,-0.00032982851141956783,True
finest-new,last,64,0.7895829330635181,-0.00023542697566438683,True
finest-new,last,65,0.7887346574391886,0.0003219663755934405,True
finest-new,last,66,0.7854888738454202,0.00023418739832182362,True
finest-new,last,67,0.7846465106726077,-0.00031504865785125774,True
finest-new,last,68,0.7814215801214442,-0.00023310815254273392,True
finest-new,last,69,0.780585741285555,0.0003089472720679291,True
finest-new,last,70,0.7773792895824303,0.00023220061695570734,True
finest-new,last,71,0.7765505954185342,-0.0003035535189191515,True
finest-new,last,72,0.7733603989144917,-0.00023147481721293793,True
finest-new,last,73,0.7725394774999973,0.00029877387592749954,True
finest-new,last,74,0.7693634462232862,-0.00023094011793413954,True
finest-new,last,75,0.7685509324550738,-0.00029452667155529453,True
finest-new,last,76,0.7653870956475852,0.00023060574246946047,True
finest-new,last,77,0.7645836300155004,-0.00029073940812872595,True
finest-new,last,78,0.7614301238343109,-0.0002304811748113876,True
finest-new,last,79,0.7606363507894511,0.00028734656150379627,True
finest-new,last,80,0.7574914079984507,0.00023057647909594596,True
finest-new,last,81,0.7567079737970664,0.0002842877294759045,True
finest-new,last,82,0.753569915332469,0.00023090255905220308,True
finest-new,last,83,0.7527974652139405,0.0002815060320955002,True
finest-new,last,84,0.749664693562823,0.00023147136996680664,True
finest-new,last,85,0.7489038680922439,0.0002789466894580364,True
finest-new,last,86,0.7457748624773511,0.00023229608749210235,True
finest-new,last,87,0.7450262928488218,0.0002765557190722615,True
finest-new,last,88,0.7418996062675102,0.00023339122961495406,True
finest-new,last,89,0.7411639083223794,0.0002742787077916996,True
finest-new,last,90,0.7380381665444452,0.00023477271914062978,True
finest-new,last,91,0.7373159332084986,0.000272059624356813,True
finest-new,last,92,0.7341898358979422,0.00023645786292097952,True
finest-new,last,93,0.7334816276824699,0.00026983964969929443,True
finest-new,last,94,0.7303539518725218,0.00023846520945559893,True
finest-new,last,95,0.7296602850165823,0.00026755601545772626,True
finest-new,last,96,0.7265298912348442,0.00024081422695025202,True
finest-new,last,97,0.7258512229922798,0.00026514085952186343,True
finest-new,last,98,0.7227170644004155,0.0002435247179795204,True
finest-new,last,99,0.7220537749010747,0.0002625201348384407,True
finest-new,last,100,0.7189149098734758,0.0002466158536485267,True
finest-new,last,101,0.7182672799262,0.00025961264973385016,True
finest-new,last,102,0.7151228885291983,0.0002501046703105788,True
finest-new,last,103,0.7144910727079794,0.00025632938197471967,True
finest-new,last,104,0.7113404775272631,0.0002540038302308532,True
finest-new,last,105,0.7107244719333524,0.0002525733032583288,True
finest-new,last,106,0.7075671635842741,0.00025831841701837426,True
finest-new,last,107,0.7069667678745825,0.0002482400830354265,True
finest-new,last,108,0.7038024352414822,0.00026304154470279046,True
finest-new,last,109,0.7032172089626436,0.00024322020965550814,True
finest-new,last,110,0.7000457736387389,0.00026814865573312406,True
finest-new,last,111,0.6994749877517769,0.00023740324959276553,True
finest-new,last,112,0.6962966411517323,0.0002735906433727743,True
finest-new,last,113,0.6957392270430527,0.00023068509220004654,True
finest-new,last,114,0.6925544671057771,0.0002792864448996304,True
finest-new,last,115,0.692008967487653,0.00022297895138457605,True
finest-new,last,116,0.6888186297470147,0.00028511655631240334,True
finest-new,last,117,0.6882831586132544,0.000214230380284874,True
finest-new,last,118,0.6850884339265131,0.00029091989686014317,True
finest-new,last,119,0.6845606557140859,0.00020443533591024658,True
finest-new,last,120,0.6813630848116412,-0.0002964971690125709,True
finest-new,last,121,0.6808402250776902,-0.00019365833227248552,True
finest-new,last,122,0.6776416596130984,-0.00030162354013142103,True
finest-new,last,123,0.6771205591997533,-0.00018204543284760204,True
finest-new,last,124,0.6739230817019844,-0.00030607135717559096,True
finest-new,last,125,0.6734003017901947,-0.00016982558228154584,True
finest-new,last,126,0.6702061038313348,0.00030963978348314767,True
finest-new,last,127,0.6696780798893611,0.00015729530206092746,True
finest-new,last,128,0.6664893080818124,0.00031218434328818414,True
finest-new,last,129,0.6659525383281737,0.00014478678053195062,True
finest-new,last,130,0.6627711283131212,-0.00031363794869134404,True
finest-new,last,131,0.6622223712346074,-0.0001326260448937025,True
finest-new,last,132,0.6590498962068844,-0.0003140175275962055,True
finest-new,last,133,0.6584863466748354,-0.0001210923379783617,True
finest-new,last,134,0.6553239060156544,0.00031341560137736825,True
finest-new,last,135,0.6547433229760896,0.00011038909139098269,True
finest-new,last,136,0.6515914883514302,0.00031198097656991744,True
finest-new,last,137,0.6509922574011318,0.00010063162500903034,True
finest-new,last,138,0.6478510815795312,-0.00030989478521520396,True
finest-new,last,139,0.6472322087624192,-9.185043589212559e-05,True
finest-new,last,140,0.6441012908810348,-0.0003073473520471144,True
finest-new,last,141,0.6434623354068437,-8.400495780387472e-05,True
finest-new,last,142,0.6403409287067094,0.00030451920885081116,True
finest-new,last,143,0.6396818894598139,7.700191673466271e-05,True
finest-new,last,144,0.6365690345715473,0.00030156744414594147,True
finest-new,last,145,0.6358902078753516,7.071383247817485e-05,True
finest-new,last,146,0.6327848756202831,-0.00029861715172895757,True
finest-new,last,147,0.63208670088492,-6.499528626001879e-05,True
finest-new,last,148,0.6289879314730138,-0.00029575707733622516,True
finest-new,last,149,0.6282708387610128,5.9696270736861484e-05,True
finest-new,last,150,0.6251778675275983,0.00029303845128653995,True
finest-new,last,151,0.6244421382089792,5.467291206091222e-05,True
finest-new,last,152,0.6213545005741431,-0.00029047620110363604,True
finest-new,last,153,0.6206001499993697,-4.979616204374596e-05,True
finest-new,last,154,0.617517759845335,-0.0002880520662669657,True
finest-new,last,155,0.6167444495318443,-4.495890406376631e-05,True
finest-new,last,156,0.6136676459967216,0.0002857194302891086,True
finest-new,last,157,0.6128746317936953,4.008151970761378e-05,True
finest-new,last,158,0.6098041902878563,-0.0002834098218176967,True
finest-new,last,159,0.6089903115920371,-3.51155376376338e-05,True
finest-new,last,160,0.6059274164512743,-0.00028104094898554225,True
finest-new,last,161,0.6050911290280084,-3.0044736108461582e-05,True
finest-new,last,162,0.602037308152501,0.00027852583722826746,True
finest-new,last,163,0.6011767591014603,2.4883155770844898e-05,True
finest-new,last,164,0.5981337851373882,0.0002757822578035986,True
finest-new,last,165,0.5972469233770058,-1.9669940570239462e-05,True
finest-new,last,166,0.594216690707945,-0.00027274134677398806,True
finest-new,last,167,0.5933014011416893,-1.4461622261239358e-05,True
finest-new,last,168,0.5902857918733384,0.0002693542881465504,True
finest-new,last,169,0.589340037658041,9.32310873400065e-06,True
finest-new,last,170,0.5863407915888578,0.0002655962253387251,True
finest-new,last,171,0.5853627479243904,-4.3189312950690925e-06,True
finest-new,last,172,0.5823813504699397,-0.0002614670839227373,True
finest-new,last,173,0.5813695154991805,4.938796386535466e-07,True
finest-new,last,174,0.5784071138973691,0.00025698955691406,True
finest-new,last,175,0.5773603870219427,-5.070481184072456e-06,True
finest-new,last,176,0.5744177399465027,0.0002522049480087711,True
finest-new,last,177,0.5733354637564931,9.380332670097363e-06,True
finest-new,last,178,0.5704129241240956,-0.000247167791156695,True
finest-new,last,179,0.5692948916907057,1.3407142372912202e-05,True
finest-new,last,180,0.566392418173215,0.0002419401614231509,True
finest-new,last,181,0.5652388515436614,-1.714732593260239e-05,True
finest-new,last,182,0.5623560417406883,0.00023658642103730338,True
finest-new,last,183,0.5611675496398959,2.060768142567684e-05,True
finest-new,last,184,0.5583036870683064,-0.00023116888915304882,True
finest-new,last,185,0.5570812101852426,2.380285260442196e-05,True
finest-new,last,186,0.5542353178163695,0.0002257446608490974,True
finest-new,last,187,0.5529800691279327,-2.6752960622588186e-05,True
finest-new,last,188,0.5501509635940163,-0.00022036358320201105,True
finest-new,last,189,0.5488643695519144,2.9481606266261723e-05,True
finest-new,last,190,0.5460507118317606,-0.00021506724877685352,True
finest-new,last,191,0.544734358420374,3.2014311847644315e-05,True
finest-new,last,192,0.5419346984258664,0.00020988879074910772,True
finest-new,last,193,0.5405902844389683,-3.437738919039133e-05,True
finest-new,last,194,0.537803098251516,-0.00020485324541309752,True
finest-new,last,195,0.5364323968105169,3.659717822086992e-05,True
finest-new,last,196,0.5336561162880202,-0.00019997826756766297,True
finest-new,last,197,0.5322609446814713,-3.869958645937186e-05,True
finest-new,last,198,0.5294939797889119,0.00019527502364164874,True
finest-new,last,199,0.5280761771192645,-4.070986156140104e-05,True
finest-new,last,200,0.525316931690178,-0.00019074913234349612,True
finest-new,last,201,0.5238783434991019,4.265253867080562e-05,True
finest-new,last,202,0.521125225284568,-0.000186401564257946,True
finest-new,last,203,0.5196676942143018,-4.455151653816787e-05,True
finest-new,last,204,0.5169191200885193,0.0001822294458219886,True
finest-new,last,205,0.5154444816544079,-4.643022833317243e-05,True
finest-new,last,206,0.512698878776191,-0.00017822673831326946,True
finest-new,last,207,0.5112089614199042,4.8311883597045946e-05,True
finest-new,last,208,0.5084647650373408,0.00017438477945345477,True
finest-new,last,209,0.5069613937622433,-5.021976646127212e-05,True
finest-new,last,210,0.5042170422201664,0.00017069268537344274,True
finest-new,last,211,0.5027020452539067,5.21775821821109e-05,True
finest-new,last,212,0.499955972637722,-0.00016713761555146238,True
finest-new,last,213,0.4984311907061592,5.4209849447527606e-05,True
finest-new,last,214,0.49568181744098083,0.0001637049042758513,True
finest-new,last,215,0.49414911536235934,-5.6342340056183574e-05,True
finest-new,last,216,0.49139483698951386,-0.0001603780602158998,True
finest-new,last,217,0.4898561174022225,5.860257061078948e-05,True
finest-new,last,218,0.48709529168060667,-0.00015713863147120963,True
finest-new,last,219,0.48555251079636763,-6.1020352824931376e-05,True
finest-new,last,220,0.48278344322889155,0.00015396592730527157,True
finest-new,last,221,0.48123862854890626,-6.362840966161418e-05,True
finest-new,last,222,0.47845955642244575,-0.00015083657965882138,True
finest-new,last,223,0.47691482635518534,6.64630632037669e-05,True
finest-new,last,224,0.47412390141932553,0.00014772391721654506,True
finest-new,last,225,0.4725814866756672,-6.956499571199289e-05,True
finest-new,last,226,0.46977675669336927,0.00014459711181043312,True
finest-new,last,227,0.46823902317476085,7.298007565505668e-05,True
finest-new,last,228,0.46541841279326257,-0.00014142004074371782,True
finest-new,last,229,0.46388788537800785,7.676022208984108e-05,True
finest-new,last,230,0.4610491771482518,0.0001381497888802915,True
finest-new,last,231,0.4595285632348176,-8.096424784684211e-05,True
finest-new,last,232,0.4566693802420427,-0.00013473469155578178,True
finest-new,last,233,0.45516159099489173,8.565856544289274e-05,True
finest-new,last,234,0.4522793835862579,-0.0001311117963203228,True
finest-new,last,235,0.4507875493516599,-9.091754556759862e-05,True
finest-new,last,236,0.44787959005397215,0.0001272036064196131,True
finest-new,last,237,0.44640706408916575,-9.682316636392699e-05,True
finest-new,last,238,0.4434704572656988,-0.00012291398206825356,True
finest-new,last,239,0.4420207983845672,0.00010346335657632685,True
finest-new,last,240,0.43905251480124596,0.00011812316267991055,True
finest-new,last,241,0.43762943437621643,-0.00011092809036489808,True
finest-new,last,242,0.43462638590674113,0.00011268213071014303,True
finest-new,last,243,0.4332336376280147,-0.00011930182796029339,True
finest-new,last,244,0.430192813770201,-0.00010640715438954989,True
finest-new,last,245,0.42883399607160205,0.00012865037484401223,True
finest-new,last,246,0.4257526907164051,9.907665361007305e-05,True
finest-new,last,247,0.42443092406346405,-0.0001389998941643745,True
finest-new,last,248,0.42130708465322797,-9.043499582346231e-05,True
finest-new,last,249,0.42002452505270743,0.00015030628392528574,True
finest-new,last,250,0.4168572490536691,8.021173719258118e-05,True
finest-new,last,251,0.41561441782571223,0.00016241572536802423,True
finest-new,last,252,0.412404589361435,-6.816910265086874e-05,True
finest-new,last,253,0.4111995572067839,-0.00017502393380324036,True
finest-new,last,254,0.4079505429418158,5.419001931611675e-05,True
finest-new,last,255,0.40677812110236766,0.00018765385901781627,True
finest-new,last,256,0.40349632702806865,-3.840233386660611e-05,True
finest-new,last,257,0.40234757320641856,-0.00019968508704556814,True
finest-new,last,258,0.39904255216993345,-2.1292280973006504e-05,True
finest-new,last,259,0.3979049945606569,0.00021046566023135257,True
finest-new,last,260,0.39458881001140217,3.7138727515621377e-06,True
finest-new,last,261,0.39344765513605956,-0.00021949378445684152,True
finest-new,last,262,0.3901334632197807,1.327817094695183e-05,True
finest-new,last,263,0.38897360945022474,0.00022658384129897993,True
finest-new,last,264,0.3856738369151962,-2.871965884683494e-05,True
finest-new,last,265,0.3844820260489243,-0.0002319086032338085,True
finest-new,last,266,0.38120677697136607,4.198565669481234e-05,True
finest-new,last,267,0.37997312369248676,0.00023589512768772854,True
finest-new,last,268,0.3767293037245434,-5.286955922303302e-05,True
finest-new,last,269,0.3754478394029048,-0.00023905995664985253,True
finest-new,last,270,0.37223908007163153,6.150499746355266e-05,True
finest-new,last,271,0.3709074521965957,0.00024188186976261772,True
finest-new,last,272,0.36773458900965095,6.822467970769759e-05,True
finest-new,last,273,0.3663533065698248,-0.00024474654128319064,True
finest-new,last,274,0.3632150805156565,-7.343474058095049e-05,True
finest-new,last,275,0.3617866636912162,-0.0002479447539794887,True
finest-new,last,276,0.35868040377032895,7.75343222064759e-05,True
finest-new,last,277,0.35720864752341164,0.00025169462542475404,True
finest-new,last,278,0.3541308177920194,-8.087713812260598e-05,True
finest-new,last,279,0.3526202445498337,-0.0002561684933497468,True
finest-new,last,280,0.34956682953693397,8.376099710347713e-05,True
finest-new,last,281,0.3480223279390888,0.0002615165173241081,True
finest-new,last,282,0.3449890747402568,8.643240756152137e-05,True
finest-new,last,283,0.34341569040905745,-0.00026788556174090904,True
finest-new,last,284,0.34039823901315197,-8.909783882330264e-05,True
finest-new,last,285,0.3388010791261331,-0.00027543449823132655,True
finest-new,last,286,0.33579501041344195,9.193722181310266e-05,True
finest-new,last,287,0.3341792310674044,0.0002843477110083396,True
finest-new,last,288,0.33118005432277103,-9.511798430214088e-05,True
finest-new,last,289,0.3295509099949026,-0.0002948485682325935,True
finest-new,last,290,0.3265540033377398,9.880958890926666e-05,True
finest-new,last,291,0.3249169478592593,0.00030721449157401396,True
finest-new,last,292,0.3219174572257023,0.00010319966673905852,True
finest-new,last,293,0.3202782949328351,-0.00032179517810833,True
finest-new,last,294,0.3172709901808008,-0.00010851389709081123,True
finest-new,last,295,0.3156360848701401,0.000339035446961845,True
finest-new,last,296,0.31261516463688266,0.00011504328369384332,True
finest-new,last,297,0.3109917237125348,0.00035950379682029416,True
finest-new,last,298,0.30795055312813124,-0.000123185161658654,True
finest-new,last,299,0.3063470160570886,0.0003839262261457524,True
finest-new,last,300,0.3032777729715728,0.0001335095470956165,True
finest-new,last,301,0.30170434732161727,-0.00041321990707920845,True
finest-new,last,302,0.2985975447235395,-0.0001468733865778431,True
finest-new,last,303,0.2970669466382638,0.00044850676823744837,True
finest-new,last,304,0.2939107989814418,0.0001646290211094986,True
finest-new,last,305,0.2924392518198379,-0.0004910464057469212,True
finest-new,last,306,0.2892188895671361,-0.0001890267490964755,True
finest-new,last,307,0.2878273528037624,0.0005419174519035794,True
finest-new,last,308,0.28452406136551994,-0.00022403261544893944,True
finest-new,last,309,0.28323928909298685,-0.0006009885572250168,True
finest-new,last,310,0.27983058487299006,0.000277016814102269,True
finest-new,last,311,0.2786842751967726,-0.0006640289691728709,True
finest-new,last,312,0.2751477524215643,-0.0003617104175621492,True
finest-new,last,313,0.2741679323500246,0.0007155093242284213,True
finest-new,last,314,0.27049745240207174,0.0004970658201360131,True
finest-new,last,315,0.26967725976172263,-0.0007152464765593101,True
finest-new,last,316,0.26592138573445123,-0.0006645122177181149,True
finest-new,last,317,0.2651588560996616,0.0006081016221496649,True
finest-new,last,318,0.2614368247200518,-0.0007548266286200901,True
finest-new,last,319,0.26055440732997853,-0.0004368990193570034,True
finest-new,last,320,0.25698070260773753,0.000732608953155903,True
finest-new,last,321,0.25587486358765793,-0.00030475404736639397,True
finest-new,last,322,0.25248705606047833,-0.0006556961526173464,True
finest-new,last,323,0.251154436916453,0.00022266945470732522,True
finest-new,last,324,0.24793405696775847,0.0005680099914271835,True
finest-new,last,325,0.24641167384111248,-0.00017106448290784093,True
finest-new,last,326,0.24332552968335366,-0.0004880317051861525,True
finest-new,last,327,0.24165467058972642,-0.00013668401276480035,True
finest-new,last,328,0.2386722797100782,0.00042062275403897666,True
finest-new,last,329,0.2368872126938822,0.00011247360141574009,True
finest-new,last,330,0.2339845091441907,-0.00036532780677670147,True
finest-new,last,331,0.2321112933074887,-9.463269326371183e-05,True
finest-new,last,332,0.22927007909681135,0.0003202046359763945,True
finest-new,last,333,0.22732809359242065,8.099978980879042e-05,True
finest-new,last,334,0.22453468394269174,0.0002832253595214178,True
finest-new,last,335,0.22253839536866887,-7.027474589949564e-05,True
finest-new,last,336,0.21978239763515175,-0.00025267591759795563,True
finest-new,last,337,0.2177427721405139,6.163582714080518e-05,True
finest-new,last,338,0.21501615960538514,0.00022720594839258928,True
finest-new,last,339,0.21294168636875985,5.454142414407468e-05,True
finest-new,last,340,0.2102381294605937,-0.00020577774466513119,True
finest-new,last,341,0.20813554436719586,-4.862186313082016e-05,True
finest-new,last,342,0.20544993080173027,0.00018759877310771156,True
finest-new,last,343,0.20332473152855562,4.361748978899425e-05,True
finest-new,last,344,0.20065281652768752,0.0001720625054771429,True
finest-new,last,345,0.1985096391599023,-3.9341740460436064e-05,True
finest-new,last,346,0.19584778183273047,-0.00015870226558929978,True
finest-new,last,347,0.19369068965143083,3.565835367224476e-05,True
finest-new,last,348,0.19103564333449558,0.00014715684122728365,True
finest-new,last,349,0.18886836536124219,-3.2466950280660236e-05,True
finest-new,last,350,0.18621709697093042,-0.0001371453781399952,True
finest-new,last,351,0.184043247354634,-2.9693802383291268e-05,True
finest-new,last,352,0.18139276375063249,0.00012844927939573226,True
finest-new,last,353,0.1792160731935058,2.7286003393493937e-05,True
finest-new,last,354,0.1765632309181362,-0.0001208993817942567,True
finest-new,last,355,0.1743878298885429,-2.5208040594989914e-05,True
finest-new,last,356,0.17172909681215437,0.00011436725174904035,True
finest-new,last,357,0.16955991301650702,2.3440232102308767e-05,True
finest-new,last,358,0.16689103204369843,0.00010875999611157898,True
finest-new,last,359,0.164734416207407,-2.1978685199486318e-05,True
finest-new,last,360,0.16204988213491997,-0.00010401860363077483,True
finest-new,last,361,0.1599146940506079,2.0836046932905873e-05,True
finest-new,last,362,0.15720687178111287,0.0001001206937706089,True
finest-new,last,363,0.15510654351298309,-2.00395595142741e-05,True
finest-new,last,364,0.1523640787491649,-9.708972087629192e-05,True
finest-new,last,365,0.15032090936765152,-1.9608624113348207e-05,True
finest-new,last,366,0.14752573423289458,9.501150448604432e-05,True
finest-new,last,367,0.14558065069305742,-1.9416484518992316e-05,True
finest-new,last,368,0.1427026479262366,-9.401801319019906e-05,True
finest-new,last,369,0.1409378843279968,1.8378632106158654e-05,True
finest-new,last,370,0.13793218419623887,9.357623993286363e-05,True
finest-new,last,371,0.13649926276720972,-9.94205450050389e-06,True
finest-new,last,372,0.13337271553640423,-8.342045464535667e-05,True
finest-new,last,373,0.13225109688894912,-2.5991258875139155e-05,True
finest-new,last,374,0.12913982144292516,-4.9655151086972263e-05,True
finest-new,last,375,0.12772031473757278,6.200513259239984e-05,True
finest-new,last,376,0.12474452983109979,2.6432935665387787e-05,True
finest-new,last,377,0.1229519955619683,-7.449983415424042e-05,True
finest-new,last,378,0.12011632715787747,-1.55494042912724e-05,True
finest-new,last,379,0.11811919504743112,-8.108724413094578e-05,True
finest-new,last,380,0.11537127893905669,9.982971805581957e-06,True
finest-new,last,381,0.11326484210741983,8.72813677754755e-05,True
finest-new,last,382,0.1105696026322794,-6.4392867948522e-06,True
finest-new,last,383,0.10840153571030794,9.509851430255481e-05,True
finest-new,last,384,0.10573751980636054,3.4029619812420256e-06,True
finest-new,last,385,0.10353499122702382,-0.00010624154912899137,True
finest-new,last,386,0.10088751121548016,1.6186425824722418e-07,True
finest-new,last,387,0.09866959615497435,0.00012327509076144998,True
finest-new,last,388,0.09602634459806596,-5.5275444855701865e-06,True
finest-new,last,389,0.0938112641826997,-0.00015129222682031289,True
finest-new,last,390,0.09115843729113601,1.5238762176563865e-05,True
finest-new,last,391,0.08897250992258218,-0.00020270652787039882,True
finest-new,last,392,0.08628811259701917,-3.6694275830243775e-05,True
finest-new,last,393,0.0841926828989511,0.00031670043096041796,True
finest-new,last,394,0.08142649858333348,0.00010625028205108467,True
finest-new,last,395,0.07967990652969933,-0.0006587650349629843,True
finest-new,last,396,0.07684628190115543,0.000860421007417189,True
finest-new,last,397,0.07623606309188595,0.000824579685092645,True
finest-new,last,398,0.07345243595661576,-0.0006633876917552184,True
finest-new,last,399,0.07158625082655311,0.00019022180087068782,True
finest-new,last,400,0.06893426614236448,0.0003317476553233247,True
finest-new,last,401,0.06671923684182866,-0.00013036395529696988,True
finest-new,last,402,0.06415343017812779,-0.000222363265954594,True
finest-new,last,403,0.061842042551385264,-0.00011659026246165543,True
finest-new,last,404,0.05931479811796436,0.0001761552611526555,True
finest-new,last,405,0.05696469980128696,0.00011801358895425042,True
finest-new,last,406,0.054457816527363215,-0.00015581383780539752,True
finest-new,last,407,0.05209132390499049,-0.00013052331111034922,True
finest-new,last,408,0.04959583432831321,0.00015116662335740735,True
finest-new,last,409,0.04722657592791832,0.0001583862186878895,True
finest-new,last,410,0.04473630722634211,-0.00016248279555802436,True
finest-new,last,411,0.04238027940069427,-0.00022146205189714494,True
finest-new,last,412,0.039887284531510823,0.00020771853494169987,True
finest-new,last,413,0.03759668570926135,-0.00043542448647259437,True
finest-new,last,414,0.035093929714575076,-0.0005615129399268764,True
finest-new,last,415,0.03396360568965118,0.001784086854929088,True
finest-new,last,416,0.03229058845290681,-0.0008716577771928285,True
finest-new,last,417,0.03018763688446515,4.119330027137709e-05,True
finest-new,last,418,0.02773302785116554,-0.00019004003488678846,True
finest-new,last,419,0.025420177999067907,0.00011553732608765246,True
finest-new,last,420,0.023005625929121837,4.356969709916714e-05,True
finest-new,last,421,0.020738835855877713,0.00045514077496428077,True
finest-new,last,422,0.0186789242733706,0.002404428527007946,True
finest-new,last,423,0.018296598287538206,-0.0008544226994883963,True
finest-new,last,424,0.01601056671554785,-0.00034814386533145556,True
finest-new,last,425,0.01381963874795771,-0.00011901303443790243,True
finest-new,last,426,0.011678978465967466,0.0001221281176430922,True
finest-new,last,427,0.009709899307101583,-0.00011601675023556442,True
finest-new,last,428,0.008001182430719319,0.00017636664105319052,True
finest-new,last,429,0.007633598431684271,-0.001272298032150919,True
finest-new,last,430,0.00675641074293812,-7.889107066055625e-05,True
finest-new,last,431,0.004113504512940867,-0.00037724585977161665,True
finest-new,last,432,0.0016028344282998654,-0.0030399405314948513,True
finest-new,last,433,0.0008332336753928954,0.00039889830642718887,True
finest-new,last,434,0.00031658117506829354,0.0030206987109210656,True
finest-new,last,435,0.00015645272129734635,0.00022937659246637123,True
finest-new,last,436,5.9460327483867494e-05,-0.0021765955135706395,True
finest-new,last,437,2.7424769964095303e-05,-0.002407211874284549,True
finest-new,last,438,1.0666961138984344e-05,0.0030092624458410958,True
finest-new,last,439,4.519698005066749e-06,0.0011996695920828253,True
finest-new,last,440,1.8298731062873935e-06,-0.0009561577698288425,True
finest-new,last,441,7.059687424017205e-07,-0.0028387789860598225,True
finest-new,last,442,2.99781287101121e-07,0.0003430574361178979,True
finest-new,last,443,1.0546460549424385e-07,0.0032799897062346737,True
finest-new,last,444,4.674645565168276e-08,-2.3582483692074592e-05,True
finest-new,last,445,1.5216983726976517e-08,-0.0017963913252487737,True
finest-new,last,446,6.905326047265876e-09,-0.0023424357213340315,True
finest-new,last,447,2.1395928897052684e-09,0.003102431381951887,True
finest-new,last,448,9.619379985452344e-10,0.001716418451694354,True
finest-new,last,449,2.9479394792841636e-10,-0.0018787461755531637,True
finest-new,last,450,1.2618991377443552e-10,-0.0021520539596302625,True
finest-new,last,451,3.981218479820828e-11,0.00041497439712257276,False
finest-new,last,452,1.5647468923080942e-11,0.003750154077841931,False
finest-new,last,453,5.248047720857549e-12,-0.0007913699875058605,False
finest-new,last,454,1.849788219183755e-12,-0.0020449149407184442,False
finest-new,last,455,6.705371938881984e-13,-0.0011353903309580355,False
finest-new,last,456,2.110376185200447e-13,0.002419510980507697,False
finest-new,last,457,8.23017061426313e-14,0.0021643532725581175,False
finest-new,last,458,2.352743125324058e-14,-0.003178797391467565,False
finest-new,last,459,9.561532998063355e-15,-0.0015138270096878093,False
finest-new,last,460,3.728227285442725e-15,0.0005981450394982335,False
finest-new,last,461,2.8845248329027085e-15,0.0002477676488914926,False
finest-new,last,462,2.7789331203765823e-15,-0.0005052069299482722,False
finest-new,last,463,2.6918834260588285e-15,0.0003518142010872421,False
finest-new,last,464,2.4971103009068548e-15,0.00010877353730048954,False
finest-new,last,465,2.297741141945172e-15,9.082792291902117e-05,False
finest-new,last,466,2.2403868592574092e-15,0.000409123245379697,False
finest-new,last,467,2.0507543452505955e-15,-0.00017684522053923067,False
finest-new,last,468,1.998925751054018e-15,-3.851047414418501e-05,False
finest-new,last,469,1.870086371553052e-15,-8.428002104004326e-05,False
finest-new,last,470,1.6767983606908061e-15,0.0023605111339726217,False
finest-new,last,471,1.5304216285059322e-15,-0.00013526399007381956,False
finest-new,last,472,1.4439094362231284e-15,0.0007363299901286097,False
finest-new,last,473,1.3635316054106084e-15,0.0006471138460217938,False
finest-new,last,474,1.228020885705002e-15,4.102751160984929e-05,False
finest-new,last,475,1.1219123508775268e-15,0.000599398050458072,False
finest-new,last,476,1.0857013889343558e-15,0.002424504515791088,False
finest-new,last,477,1.0608367849748218e-15,-1.751894749608796e-05,False
finest-new,last,478,1.0414392966165645e-15,-0.0008682774031659748,False
finest-new,last,479,9.95820652821989e-16,0.0006048929131025006,False
finest-new,last,480,9.352542505992325e-16,-0.0013846478440156856,False
finest-new,last,481,9.193778769093265e-16,6.168175864311484e-05,False
finest-new,last,482,8.585800274703771e-16,0.0007335594187972398,False
finest-new,last,483,8.474722886328868e-16,-4.055865154217242e-05,False
finest-new,last,484,8.273082644393359e-16,0.00039488622107212995,False
finest-new,last,485,7.768973629347159e-16,-0.0036662279590364212,False
finest-new,last,486,7.638271972799052e-16,-0.002536523147516025,False
finest-new,last,487,7.478712440080055e-16,-0.0007941582872119411,False
finest-new,last,488,7.287825705942698e-16,-0.0007497072839027419,False
finest-new,last,489,7.194860460641693e-16,-0.0004314939452291478,False
finest-new,last,490,6.798666835243691e-16,-0.003047159524186569,False
finest-new,last,491,6.648984443296843e-16,-0.001997008434848316,False
finest-new,last,492,6.592900492745512e-16,0.001974419772419714,False
finest-new,last,493,6.384882443199172e-16,-0.0015495149357201107,False
finest-new,last,494,6.311484522082845e-16,0.0039133285960128265,False
finest-new,last,495,6.196978885581078e-16,-0.0002020364482474714,False
finest-new,last,496,6.11195570592776e-16,-0.002569707145400549,False
finest-new,last,497,5.978455946607909e-16,0.0022866415058910338,False
finest-new,last,498,5.919922167250464e-16,0.005252098515340946,False
finest-new,last,499,5.836861928956647e-16,-0.0017321926089547256,False
finest-new,last,500,5.814780896853145e-16,-0.00226396774889344,False
finest-new,last,501,5.694639452090405e-16,9.889110270503066e-05,False
finest-new,last,502,5.464361255572537e-16,-0.002111444985710337,False
finest-new,last,503,5.461348588308926e-16,0.0007487875074872019,False
finest-new,last,504,5.424051574227493e-16,0.0003464228190448896,False
finest-new,last,505,5.310133316403964e-16,0.002972456440460375,False
finest-new,last,506,5.272786087259876e-16,0.0006434665639198936,False
finest-new,last,507,5.220664023178529e-16,-0.0027183775648030764,False
finest-new,last,508,5.035465841492321e-16,0.0010798459043435472,False
finest-new,last,509,4.993964878120231e-16,-0.0003956414546622243,False
finest-new,last,510,4.933501993343509e-16,-0.0001781573838036157,False
finest-new,last,511,4.892740018732121e-16,-0.00021886695684411562,False
finest-new,last,512,4.736107498834889e-16,-0.0007740303207304761,False
finest-new,last,513,4.68754269865106e-16,0.00023248595931189424,False
finest-new,last,514,4.612178028043922e-16,0.0008058691131808271,False
finest-new,last,515,4.609392630216155e-16,0.0006745882326488621,False
finest-new,last,516,4.493702906703318e-16,0.001917366246065908,False
finest-new,last,517,4.470286047128623e-16,-0.0009059313265791119,False
finest-new,last,518,4.372113416400182e-16,-0.0018690191109135982,False
finest-new,last,519,4.304077659260824e-16,2.7740287889200033e-05,False
finest-new,last,520,4.2534525831026627e-16,-0.0009339565261210589,False
finest-new,last,521,4.233664046919339e-16,0.001981918891574696,False
finest-new,last,522,4.211997024759576e-16,-0.0008166983563436614,False
finest-new,last,523,4.1276833489833403e-16,-0.0013109305517952422,False
finest-new,last,524,4.0632527529546583e-16,-0.0016356744755141363,False
finest-new,last,525,4.013018390792318e-16,-0.0009364268160735886,False
finest-new,last,526,3.9700232642465653e-16,0.000317801535568845,False
finest-new,last,527,3.922895283966599e-16,0.0005250052696426902,False
finest-new,last,528,3.906016813591548e-16,-0.0003289355189946768,False
finest-new,last,529,3.85699218367463e-16,-0.0008266181919003283,False
finest-new,last,530,3.81408777854953e-16,0.00011561918019305214,False
finest-new,last,531,3.801785044803108e-16,0.0003407409173549681,False
finest-new,last,532,3.713002535486357e-16,-0.0007732623014345673,False
finest-new,last,533,3.655160247611252e-16,0.0009465348410772753,False
finest-new,last,534,3.6371950594545005e-16,0.0002717760978144267,False
finest-new,last,535,3.5927028103145794e-16,-0.001492375933980968,False
finest-new,last,536,3.529783064129e-16,0.0011257030900795415,False
finest-new,last,537,3.464185498000418e-16,-0.0010925759701520485,False
finest-new,last,538,3.4306511140209506e-16,-0.0008973465171605583,False
finest-new,last,539,3.419317394417702e-16,0.0010977363598686505,False
finest-new,last,540,3.324263280780254e-16,0.0007226523507636631,False
finest-new,last,541,3.289146396422609e-16,-0.0006566119924371077,False
finest-new,last,542,3.277841111043275e-16,-0.001163951428641911,False
finest-new,last,543,3.2507932051287025e-16,-0.00018139750064695895,False
finest-new,last,544,3.208538302219911e-16,-0.000456531420785936,False
finest-new,last,545,3.2015572960368367e-16,0.0014404670712570584,False
finest-new,last,546,3.133672112544674e-16,0.0008141875376375247,False
finest-new,last,547,3.10185456304006e-16,-0.00046704693519536916,False
finest-new,last,548,3.085271776329714e-16,-0.00014042756474272761,False
finest-new,last,549,3.054411046230172e-16,0.00017772651772826628,False
finest-new,last,550,3.041941582321414e-16,0.0005829873917723415,False
finest-new,last,551,3.012208874106867e-16,0.00039080165508971563,False
finest-new,last,552,2.974777790737717e-16,0.0014681068799041292,False
finest-new,last,553,2.9135357134807507e-16,-0.00019350067386490185,False
finest-new,last,554,2.866261908996273e-16,0.0003712344085100586,False
finest-new,last,555,2.835536911634928e-16,0.00031406284566197923,False
finest-new,last,556,2.806279717282282e-16,0.0008985093643290096,False
finest-new,last,557,2.7825394206423276e-16,-6.216307056349723e-05,False
finest-new,last,558,2.7742941822847563e-16,-5.261039526045207e-05,False
finest-new,last,559,2.703685634832949e-16,0.0003103342029475028,False
finest-new,last,560,2.6731042594131554e-16,0.0013038603316834984,False
finest-new,last,561,2.634574651145212e-16,-0.00130855381318612,False
finest-new,last,562,2.6086396398019774e-16,0.0008324508920899892,False
finest-new,last,563,2.5720284643246545e-16,-0.000294372979965274,False
finest-new,last,564,2.519979167885754e-16,-0.00027690800721164304,False
finest-new,last,565,2.5062607745984304e-16,0.0010457510044881374,False
finest-new,last,566,2.4692441390312443e-16,-0.00024887721929779357,False
finest-new,last,567,2.4383234368970266e-16,-0.00035834354874107234,False
finest-new,last,568,2.4007933330867386e-16,-0.0002687009388780233,False
finest-new,last,569,2.3880386722390514e-16,0.0008188860839339346,False
finest-new,last,570,2.3309979591100563e-16,-0.0014215261129091486,False
finest-new,last,571,2.298569257497558e-16,-0.0007688397225004397,False
finest-new,last,572,2.270368087415291e-16,0.0001151930398839673,False
finest-new,last,573,2.2231973129495997e-16,-0.0004887694713001881,False
finest-new,last,574,2.1785884408667444e-16,0.0007443541409434161,False
finest-new,last,575,2.1326546326433874e-16,0.0005370742583148738,False
finest-new,last,576,2.1251839593267226e-16,-0.000770399679054574,False
finest-new,last,577,2.1023859097477252e-16,-0.0017237776454763704,False
finest-new,last,578,2.0549994769915917e-16,5.7091274047683024e-05,False
finest-new,last,579,2.0458003828976147e-16,0.0012973629429568385,False
finest-new,last,580,2.0147828941816406e-16,-6.575373179020053e-05,False
finest-new,last,581,2.0140561332862694e-16,-0.00029786807366715117,False
finest-new,last,582,1.9638025190604715e-16,0.0013308401794403367,False
finest-new,last,583,1.9605310612457933e-16,0.00018443818943209006,False
finest-new,last,584,1.9383667009703664e-16,-0.0011166704284228674,False
finest-new,last,585,1.9105320650363092e-16,-0.00033935940262136107,False
finest-new,last,586,1.8304759105670923e-16,-0.00036851173490040835,False
finest-new,last,587,1.779879789785106e-16,8.051526053507821e-05,False
finest-new,last,588,1.7483231548038698e-16,6.387671607393325e-05,False
finest-new,last,589,1.7416813916971755e-16,-8.459925148323203e-06,False
finest-new,last,590,1.7243087306512241e-16,-0.00103248476569426,False
finest-new,last,591,1.723336759350972e-16,-0.00020074684637664988,False
finest-new,last,592,1.7166912389098665e-16,0.0009145266650733416,False
finest-new,last,593,1.6875251115234728e-16,0.0002940506071420452,False
finest-new,last,594,1.6819693674700124e-16,-9.205958242633227e-05,False
finest-new,last,595,1.6772854380781392e-16,0.0003739412991170927,False
finest-new,last,596,1.6606097367188256e-16,-0.000263984078219487,False
finest-new,last,597,1.651344258830158e-16,-0.0008416728635287355,False
finest-new,last,598,1.6500116256724041e-16,0.0005647229490588337,False
finest-new,last,599,1.634874912474813e-16,0.0005851019853853785,False
finest-new,last,600,1.6199160755987122e-16,0.0012924622842027686,False
finest-new,last,601,1.6083411345207893e-16,0.0005707115984292572,False
finest-new,last,602,1.5936717683745057e-16,-0.000548210280412004,False
finest-new,last,603,1.5596706416346476e-16,-0.0001593433589431985,False
finest-new,last,604,1.552019891209697e-16,0.0006307717446287562,False
finest-new,last,605,1.5405954954178276e-16,0.0012831860023085056,False
finest-new,last,606,1.5250216710422853e-16,-0.0012087995760846244,False
finest-new,last,607,1.5127658695156986e-16,0.0005713263730654702,False
finest-new,last,608,1.4823358168140302e-16,0.0010907894195211537,False
finest-new,last,609,1.4784929546433167e-16,-0.00046924919414054016,False
finest-new,last,610,1.4685975563123353e-16,-0.0004257806979042171,False
finest-new,last,611,1.4257484441939887e-16,-0.001954926914592038,False
finest-new,last,612,1.400465353881956e-16,-0.0011651081219505879,False
finest-new,last,613,1.3946311508182337e-16,0.0007364012585838522,False
finest-new,last,614,1.3522345207194162e-16,-0.0014205436260432676,False
finest-new,last,615,1.339463035546101e-16,-0.00106554754500365,False
finest-new,last,616,1.3297020716525935e-16,0.00046743963340168066,False
finest-new,last,617,1.308512989898712e-16,-0.0011096805294218092,False
finest-new,last,618,1.271714981505358e-16,-0.0014746309067374397,False
finest-new,last,619,1.2457423349492747e-16,0.00067822961148982,False
finest-new,last,620,1.1900137374533375e-16,0.00025598182188447195,False
finest-new,last,621,1.1759277953324793e-16,-0.0003296281242001419,False
finest-new,last,622,1.165984510849461e-16,-0.00020613945679161038,False
finest-new,last,623,1.1213031143855403e-16,-0.00019972069727342419,False
finest-new,last,624,1.0876095822647985e-16,-0.0004965524465196378,False
finest-new,last,625,1.0606508077024645e-16,0.000549228991029497,False
finest-new,last,626,1.018772368139238e-16,-0.0006217801119320169,False
finest-new,last,627,9.987232778703848e-17,-0.00012562905826125453,False
finest-new,last,628,9.739749970911771e-17,0.0003087741500845902,False
finest-new,last,629,9.031892236481359e-17,0.0002917783527939803,False
finest-new,last,630,8.903129946746811e-17,0.001807056724959117,False
finest-new,last,631,8.496538300364182e-17,-0.0005869814630531618,False
finest-new,last,632,8.171568113186818e-17,-0.00036483723052422863,False
finest-new,last,633,7.761352455787762e-17,0.0006548646445158698,False
finest-new,last,634,7.180675101850313e-17,-0.0005162648523760721,False
finest-new,last,635,6.802427436644929e-17,-0.000778552483216433,False
finest-new,last,636,6.72051120562552e-17,0.0007447757462974016,False
finest-new,last,637,6.132121672516431e-17,0.00010135991852381728,False
finest-new,last,638,4.881951676289499e-17,0.0007893674164753858,False
finest-new,last,639,3.195615460678541e-17,0.0005107387414740499,False
finest-new,last,640,1.4324787041718753e-17,-0.00026454072549560084,False
