time,radius,case,a,chi
0.0,0.1,2,0.0,0.001
0.0,0.5,2,0.0,0.0009967976370970266
0.0,0.9,2,0.0,0.0009893498192978024
0.0,1.3,2,0.0,0.0009777148541461828
0.0,1.7000000000000002,2,0.0,0.0009619839146771653
0.0,2.1,2,0.0,0.0009422804664150834
0.0,2.5,2,0.0,0.0009187595454389356
0.0,2.9000000000000004,2,0.0,0.0008916069485641374
0.0,3.3000000000000003,2,0.0,0.0008610384214358908
0.0,3.7,2,0.0,0.0008272989611286134
0.0,4.1000000000000005,2,0.0,0.0007906623873687301
0.0,4.5,2,0.0,0.0007514313797234615
0.0,4.9,2,0.0,0.0007099382219377775
0.0,5.300000000000001,2,0.0,0.0006665465249685973
0.0,5.7,2,0.0,0.0006216541841495663
0.0,6.1000000000000005,2,0.0,0.0005756976924006762
0.0,6.5,2,0.0,0.0005291575396391092
0.0,6.9,2,0.0,0.00048256353189220387
0.0,7.300000000000001,2,0.0,0.00043649713969123703
0.0,7.7,2,0.0,0.0003915853587424521
0.0,8.1,2,0.0,0.0003484781650639259
0.0,8.5,2,0.0,0.0003078029794675603
0.0,8.9,2,0.0,0.0002700990146645588
0.0,9.3,2,0.0,0.00023575009642073886
0.0,9.700000000000001,2,0.0,0.0002049433212868788
0.0,10.100000000000001,2,0.0,0.0001776704448296881
0.0,10.5,2,0.0,0.00015376637652095567
0.0,10.9,2,0.0,0.00013296421883354055
0.0,11.3,2,0.0,0.00011494725568586976
0.0,11.700000000000001,2,0.0,9.938784708431212e-05
0.0,12.100000000000001,2,0.0,8.597184630681707e-05
0.0,12.5,2,0.0,7.441145475971489e-05
0.0,12.9,2,0.0,6.445032776573065e-05
0.0,13.3,2,0.0,5.586409704074442e-05
0.0,13.700000000000001,2,0.0,4.845848608869121e-05
0.0,14.100000000000001,2,0.0,4.20663567014415e-05
0.0,14.5,2,0.0,3.6544443721497534e-05
0.0,14.9,2,0.0,3.177017268737201e-05
0.0,15.3,2,2.818193643725394e-06,2.7638743808523998e-05
0.0,15.700000000000001,2,7.563964663838827e-05,2.4060549374682424e-05
0.0,16.1,2,0.00039349722931934783,2.0958931279834297e-05
0.0,16.5,2,0.0010909090909090912,1.8268256484828092e-05
0.0,16.900000000000002,2,0.00210771264458575,1.5932276531291527e-05
0.0,17.3,2,0.0031615011495141673,1.3902734415875848e-05
0.0,17.7,2,0.003871140538757064,1.2138183666562312e-05
0.0,18.1,2,0.003956139040876358,1.0602987866034515e-05
0.0,18.5,2,0.0033879413262832324,9.26647285640869e-06
0.0,18.900000000000002,2,0.002401011435616635,8.102207800100987e-06
0.0,19.3,2,0.001360772629567663,7.087394878102138e-06
0.0,19.700000000000003,2,0.0005732624371460492,6.202350577057665e-06
0.0,20.1,2,0.00015216805811424974,5.430064239421664e-06
0.0,20.5,2,1.5760266524888224e-05,4.7558218579850005e-06
0.0,20.900000000000002,2,2.5845614660792906e-08,4.1668850351930014e-06
0.0,21.3,2,0.0,3.6522166502279726e-06
0.0,21.700000000000003,2,0.0,3.2022461314767315e-06
0.0,22.1,2,0.0,2.8086683621022383e-06
0.0,22.5,2,0.0,2.4642711893973464e-06
0.0,22.900000000000002,2,0.0,2.1627872960574207e-06
0.0,23.3,2,0.0,1.898766849919512e-06
0.0,23.700000000000003,2,0.0,1.6674679000425633e-06
0.0,24.1,2,0.0,1.4647619494136018e-06
0.0,24.5,2,0.0,1.287052523059382e-06
0.0,24.900000000000002,2,0.0,1.1312048773014456e-06
0.0,25.3,2,0.0,9.94485271536199e-07
0.0,25.700000000000003,2,0.0,8.745084566982261e-07
0.0,26.1,2,0.0,7.691922314663094e-07
0.0,26.5,2,0.0,6.767180840938778e-07
0.0,26.900000000000002,2,0.0,5.954970793029217e-07
0.0,27.3,2,0.0,5.241402699784043e-07
0.0,27.700000000000003,2,0.0,4.61433015778407e-07
0.0,28.1,2,0.0,4.063126780230979e-07
0.0,28.5,2,0.0,3.5784923467755846e-07
0.0,28.900000000000002,2,0.0,3.152284228567651e-07
0.0,29.3,2,0.0,2.7773707069960587e-07
0.0,29.700000000000003,2,0.0,2.4475032706596485e-07
0.0,30.1,2,0.0,2.1572053747259178e-07
0.0,30.5,2,0.0,1.9016754898392413e-07
0.0,30.900000000000002,2,0.0,1.676702562455778e-07
0.0,31.3,2,0.0,1.4785922619569976e-07
0.0,31.700000000000003,2,0.0,1.3041026081052453e-07
0.0,32.1,2,0.0,1.1503877604301046e-07
0.0,32.5,2,0.0,1.0149489132908237e-07
0.0,32.9,2,0.0,8.955913803245399e-08
0.0,33.300000000000004,2,0.0,7.903870728972436e-08
0.0,33.7,2,0.0,6.976416817004425e-08
0.0,34.1,2,0.0,6.158659610683572e-08
0.0,34.5,2,0.0,5.437505938850801e-08
0.0,34.9,2,0.0,4.80144182784552e-08
0.0,35.300000000000004,2,0.0,4.240339721554749e-08
0.0,35.7,2,0.0,3.7452895648186226e-08
0.0,36.1,2,0.0,3.3084507483740754e-08
0.0,36.5,2,0.0,2.92292229819371e-08
0.0,36.9,2,0.0,2.5826290263942652e-08
0.0,37.300000000000004,2,0.0,2.282221651603873e-08
0.0,37.7,2,0.0,2.0169891496124177e-08
0.0,38.1,2,0.0,1.7827818153098562e-08
0.0,38.5,2,0.0,1.575943708681407e-08
0.0,38.900000000000006,2,0.0,1.3932533247252289e-08
0.0,39.300000000000004,2,0.0,1.231871472829432e-08
0.0,39.7,2,0.0,1.0892954781961427e-08
0.0,0.1,5,0.0,0.001
0.0,0.5,5,0.0,0.0009967976370970266
0.0,0.9,5,0.0,0.0009893498192978024
0.0,1.3,5,0.0,0.0009777148541461828
0.0,1.7000000000000002,5,0.0,0.0009619839146771653
0.0,2.1,5,2.8871801390730305e-07,0.0009422804664150834
0.0,2.5,5,0.00013725830020304801,0.0009187595454389356
0.0,2.9000000000000004,5,0.0009815211196854653,0.0008916069485641374
0.0,3.3000000000000003,5,0.002562531361615586,0.0008610384214358908
0.0,3.7,5,0.0038658439724572682,0.0008272989611286134
0.0,4.1000000000000005,5,0.0038545414042320506,0.0007906623873687301
0.0,4.5,5,0.002590412055442751,0.0007514313797234615
0.0,4.9,5,0.001091706670965619,0.0007099382219377775
0.0,5.300000000000001,5,0.00022500103726390082,0.0006665465249685973
0.0,5.7,5,8.33654580315846e-06,0.0006216541841495663
0.0,6.1000000000000005,5,0.0,0.0005756976924006762
0.0,6.5,5,0.0,0.0005291575396391092
0.0,6.9,5,0.0,0.00048256353189220387
0.0,7.300000000000001,5,0.0,0.00043649713969123703
0.0,7.7,5,0.0,0.0003915853587424521
0.0,8.1,5,0.0,0.0003484781650639259
0.0,8.5,5,0.0,0.0003078029794675603
0.0,8.9,5,0.0,0.0002700990146645588
0.0,9.3,5,0.0,0.00023575009642073886
0.0,9.700000000000001,5,0.0,0.0002049433212868788
0.0,10.100000000000001,5,0.0,0.0001776704448296881
0.0,10.5,5,0.0,0.00015376637652095567
0.0,10.9,5,0.0,0.00013296421883354055
0.0,11.3,5,0.0,0.00011494725568586976
0.0,11.700000000000001,5,0.0,9.938784708431212e-05
0.0,12.100000000000001,5,0.0,8.597184630681707e-05
0.0,12.5,5,0.0,7.441145475971489e-05
0.0,12.9,5,0.0,6.445032776573065e-05
0.0,13.3,5,0.0,5.586409704074442e-05
0.0,13.700000000000001,5,0.0,4.845848608869121e-05
0.0,14.100000000000001,5,0.0,4.20663567014415e-05
0.0,14.5,5,0.0,3.6544443721497534e-05
0.0,14.9,5,0.0,3.177017268737201e-05
0.0,15.3,5,2.818193643725394e-06,2.7638743808523998e-05
0.0,15.700000000000001,5,7.563964663838827e-05,2.4060549374682424e-05
0.0,16.1,5,0.00039349722931934783,2.0958931279834297e-05
0.0,16.5,5,0.0010909090909090912,1.8268256484828092e-05
0.0,16.900000000000002,5,0.00210771264458575,1.5932276531291527e-05
0.0,17.3,5,0.0031615011495141673,1.3902734415875848e-05
0.0,17.7,5,0.003871140538757064,1.2138183666562312e-05
0.0,18.1,5,0.003956139040876358,1.0602987866034515e-05
0.0,18.5,5,0.0033879413262832324,9.26647285640869e-06
0.0,18.900000000000002,5,0.002401011435616635,8.102207800100987e-06
0.0,19.3,5,0.001360772629567663,7.087394878102138e-06
0.0,19.700000000000003,5,0.0005732624371460492,6.202350577057665e-06
0.0,20.1,5,0.00015216805811424974,5.430064239421664e-06
0.0,20.5,5,1.5760266524888224e-05,4.7558218579850005e-06
0.0,20.900000000000002,5,2.5845614660792906e-08,4.1668850351930014e-06
0.0,21.3,5,0.0,3.6522166502279726e-06
0.0,21.700000000000003,5,0.0,3.2022461314767315e-06
0.0,22.1,5,0.0,2.8086683621022383e-06
0.0,22.5,5,0.0,2.4642711893973464e-06
0.0,22.900000000000002,5,0.0,2.1627872960574207e-06
0.0,23.3,5,0.0,1.898766849919512e-06
0.0,23.700000000000003,5,0.0,1.6674679000425633e-06
0.0,24.1,5,0.0,1.4647619494136018e-06
0.0,24.5,5,0.0,1.287052523059382e-06
0.0,24.900000000000002,5,0.0,1.1312048773014456e-06
0.0,25.3,5,0.0,9.94485271536199e-07
0.0,25.700000000000003,5,0.0,8.745084566982261e-07
0.0,26.1,5,0.0,7.691922314663094e-07
0.0,26.5,5,0.0,6.767180840938778e-07
0.0,26.900000000000002,5,0.0,5.954970793029217e-07
0.0,27.3,5,0.0,5.241402699784043e-07
0.0,27.700000000000003,5,0.0,4.61433015778407e-07
0.0,28.1,5,0.0,4.063126780230979e-07
0.0,28.5,5,0.0,3.5784923467755846e-07
0.0,28.900000000000002,5,0.0,3.152284228567651e-07
0.0,29.3,5,0.0,2.7773707069960587e-07
0.0,29.700000000000003,5,0.0,2.4475032706596485e-07
0.0,30.1,5,0.0,2.1572053747259178e-07
0.0,30.5,5,0.0,1.9016754898392413e-07
0.0,30.900000000000002,5,0.0,1.676702562455778e-07
0.0,31.3,5,0.0,1.4785922619569976e-07
0.0,31.700000000000003,5,0.0,1.3041026081052453e-07
0.0,32.1,5,0.0,1.1503877604301046e-07
0.0,32.5,5,0.0,1.0149489132908237e-07
0.0,32.9,5,0.0,8.955913803245399e-08
0.0,33.300000000000004,5,0.0,7.903870728972436e-08
0.0,33.7,5,0.0,6.976416817004425e-08
0.0,34.1,5,0.0,6.158659610683572e-08
0.0,34.5,5,0.0,5.437505938850801e-08
0.0,34.9,5,0.0,4.80144182784552e-08
0.0,35.300000000000004,5,0.0,4.240339721554749e-08
0.0,35.7,5,0.0,3.7452895648186226e-08
0.0,36.1,5,0.0,3.3084507483740754e-08
0.0,36.5,5,0.0,2.92292229819371e-08
0.0,36.9,5,0.0,2.5826290263942652e-08
0.0,37.300000000000004,5,0.0,2.282221651603873e-08
0.0,37.7,5,0.0,2.0169891496124177e-08
0.0,38.1,5,0.0,1.7827818153098562e-08
0.0,38.5,5,0.0,1.575943708681407e-08
0.0,38.900000000000006,5,0.0,1.3932533247252289e-08
0.0,39.300000000000004,5,0.0,1.231871472829432e-08
0.0,39.7,5,0.0,1.0892954781961427e-08
2.0,0.1,2,2.6711325675948493e-245,0.0006781895890725014
2.0,0.5,2,4.3202980945916935e-235,0.0006760177807671885
2.0,0.9,2,1.2868002837060528e-224,0.0006709667502796283
2.0,1.3,2,2.7889561882999646e-214,0.0006630760410882793
2.0,1.7000000000000002,2,3.9530849591095314e-204,0.0006524074856590769
2.0,2.1,2,3.5719921924277035e-194,0.0006390448168484532
2.0,2.5,2,2.0472629554152663e-184,0.0006230931783035503
2.0,2.9000000000000004,2,7.452857913473775e-175,0.0006046785752621345
2.0,3.3000000000000003,2,1.7288230998159412e-165,0.0005839473239370441
2.0,3.7,2,2.563671714177917e-156,0.0005610655785577449
2.0,4.1000000000000005,2,2.4363137182240415e-147,0.000536219040589111
2.0,4.5,2,1.4857349146867943e-138,0.0005096129839626234
2.0,4.9,2,5.814070535923094e-130,0.0004814727598867611
2.0,5.300000000000001,2,1.4578175654884186e-121,0.0004520449653979662
2.0,5.7,2,2.3349528693301536e-113,0.0004215994488842268
2.0,6.1000000000000005,2,2.3776214768592593e-105,0.00039043223526227057
2.0,6.5,2,1.5291434538371178e-97,0.00035886918780328567
2.0,6.9,2,6.158638888098323e-90,0.0003272696154995718
2.0,7.300000000000001,2,1.5366590533231055e-82,0.0002960278657181682
2.0,7.7,2,2.343940134111405e-75,0.0002655691605663272
2.0,8.1,2,2.150446935090526e-68,0.00023633430719045386
2.0,8.5,2,1.1635240451829891e-61,0.00020874881604722285
2.0,8.9,2,3.626060969509181e-55,0.000183178375775039
2.0,9.3,2,6.328550041771182e-49,0.00015988329318137676
2.0,9.700000000000001,2,5.9824574703887404e-43,0.0001389904553313732
2.0,10.100000000000001,2,2.943299223769963e-37,0.00012049427102601295
2.0,10.5,2,7.182034815996014e-32,0.00010428277763811939
2.0,10.9,2,8.194289138354263e-27,9.017496806219773e-05
2.0,11.3,2,4.062386749313789e-22,7.795604874547357e-05
2.0,11.700000000000001,2,7.974769151375559e-18,6.740381763767767e-05
2.0,12.100000000000001,2,5.496933813866732e-14,5.8305223677217195e-05
2.0,12.5,2,1.1350047607342659e-10,5.046508482576023e-05
2.0,12.9,2,5.687182082285595e-08,4.3709550763414304e-05
2.0,13.3,2,5.391911083777214e-06,3.788645722869789e-05
2.0,13.700000000000001,2,8.960903054051597e-05,3.286404789981349e-05
2.0,14.100000000000001,2,0.0004500504639451757,2.8528971361925603e-05
2.0,14.5,2,0.0012383489804127167,2.4784066657226846e-05
2.0,14.9,2,0.002384796514985881,2.1546205045010962e-05
2.0,15.3,2,0.0035690709526359273,1.87443123835987e-05
2.0,15.700000000000001,2,0.004361771568505839,1.6317617643982132e-05
2.0,16.1,2,0.0044495532871750045,1.4214132085705795e-05
2.0,16.5,2,0.003803828104640488,1.238934405541467e-05
2.0,16.900000000000002,2,0.002690741333211127,1.0805106426059957e-05
2.0,17.3,2,0.0015213569084045464,9.428691793327068e-06
2.0,17.7,2,0.0006381286915576556,8.231991585320574e-06
2.0,18.1,2,0.00016698512364882425,7.190837549594816e-06
2.0,18.5,2,1.545001922379987e-05,6.2844267871106735e-06
2.0,18.900000000000002,2,-4.761428278809701e-07,5.4948341750985915e-06
2.0,19.3,2,-3.5941831819063415e-07,4.806598466694755e-06
2.0,19.700000000000003,2,-7.305378636277212e-07,4.206370505164509e-06
2.0,20.1,2,-8.018362101930944e-07,3.682613837148512e-06
2.0,20.5,2,-5.386402201313578e-07,3.2253495739735704e-06
2.0,20.900000000000002,2,-1.018514126843927e-07,2.8259386651571207e-06
2.0,21.3,2,2.7679425800911796e-07,2.4768958486384152e-06
2.0,21.700000000000003,2,4.2474058598507246e-07,2.1717304609752045e-06
2.0,22.1,2,3.320202541256721e-07,1.904810057166479e-06
2.0,22.5,2,1.3164577649141233e-07,1.6712434292666016e-06
2.0,22.900000000000002,2,9.62778779667103e-09,1.4667801470027295e-06
2.0,23.3,2,7.808884445052624e-11,1.2877241901349913e-06
2.0,23.700000000000003,2,1.085361208852985e-13,1.130859616202998e-06
2.0,24.1,2,3.653007055769758e-17,9.933865209043397e-07
2.0,24.5,2,3.7443362515630865e-21,8.728658118236575e-07
2.0,24.900000000000002,2,1.3720905445008212e-25,7.67171537970845e-07
2.0,25.3,2,2.022976956640176e-30,6.744497045255724e-07
2.0,25.700000000000003,2,1.3136492788050208e-35,5.930826600520504e-07
2.0,26.1,2,4.034104529551934e-41,5.216582769843468e-07
2.0,26.5,2,6.202840955216688e-47,4.5894325931974585e-07
2.0,26.900000000000002,2,5.002702948109387e-53,4.0386000746031073e-07
2.0,27.3,2,2.1989375521119847e-59,3.554665517277115e-07
2.0,27.700000000000003,2,5.437492245847336e-66,3.1293913550819106e-07
2.0,28.1,2,7.766717374149142e-73,2.7555708815519416e-07
2.0,28.5,2,6.55076407472794e-80,2.426896782696701e-07
2.0,28.900000000000002,2,3.3228359282547635e-87,2.1378468111996293e-07
2.0,29.3,2,1.0290716263615446e-94,1.883584308693128e-07
2.0,29.700000000000003,2,1.969891164029963e-102,1.6598715988748352e-07
2.0,30.1,2,2.3537098429475544e-110,1.4629945452463755e-07
2.0,30.5,2,1.7686589456091567e-118,1.2896967998779635e-07
2.0,30.900000000000002,2,8.403608542250241e-127,1.1371224694751719e-07
2.0,31.3,2,2.5333796648249252e-135,1.0027660969282797e-07
2.0,31.700000000000003,2,4.8527732473433826e-144,8.844290045132945e-08
2.0,32.1,2,5.904009477253282e-153,7.801811724306917e-08
2.0,32.5,2,4.551387429214574e-162,6.88327936340731e-08
2.0,32.9,2,2.213525590956337e-171,6.073808824766866e-08
2.0,33.300000000000004,2,6.747705984817701e-181,5.360324009153897e-08
2.0,33.7,2,1.278071170092397e-190,4.731334284729072e-08
2.0,34.1,2,1.487256235181781e-200,4.176739740231745e-08
2.0,34.5,2,1.0483949140299867e-210,3.6876607213600345e-08
2.0,34.9,2,4.3998717821452116e-221,3.256288569347885e-08
2.0,35.300000000000004,2,1.0763441650258016e-231,2.8757548795808947e-08
2.0,35.7,2,1.495938584634397e-242,2.5400169440955678e-08
2.0,36.1,2,1.144969913171124e-253,2.243757342159687e-08
2.0,36.5,2,4.646137176642879e-265,1.9822959040141313e-08
2.0,36.9,2,9.539856151408157e-277,1.7515124995875183e-08
2.0,37.300000000000004,2,9.353577076678418e-289,1.5477793011543482e-08
2.0,37.7,2,4.070768451016661e-301,1.3679013404456434e-08
2.0,38.1,2,7.158853291e-314,1.2090643300451458e-08
2.0,38.5,2,0.0,1.06878884895658e-08
2.0,38.900000000000006,2,0.0,9.448901055507435e-09
2.0,39.300000000000004,2,0.0,8.354425898939144e-09
2.0,39.7,2,0.0,7.387490136236971e-09
2.0,0.1,5,2.2385673968465742e-06,0.0006781895890724251
2.0,0.5,5,5.730170767568097e-06,0.000676017780766572
2.0,0.9,5,5.264689001334977e-06,0.000670966750300786
2.0,1.3,5,7.39001799990252e-07,0.0006630760414291804
2.0,1.7000000000000002,5,-3.4660336174892913e-06,0.0006524074872636051
2.0,2.1,5,-4.11814113521493e-06,0.0006390448206446959
2.0,2.5,5,-1.7618402374739562e-06,0.0006230931840649945
2.0,2.9000000000000004,5,6.835612045121284e-07,0.0006046785818702125
2.0,3.3000000000000003,5,1.5054343110100332e-06,0.0005839473303499138
2.0,3.7,5,1.4017455275730226e-06,0.0005610655840996769
2.0,4.1000000000000005,5,-1.179456114197709e-06,0.0005362190447680431
2.0,4.5,5,7.101098370797068e-05,0.0005096129862689034
2.0,4.9,5,0.000586055412864499,0.0004814727596805732
2.0,5.300000000000001,5,0.0016141287634338396,0.00045204496273123975
2.0,5.7,5,0.00252952623305501,0.00042159944565851984
2.0,6.1000000000000005,5,0.00260061951641041,0.00039043223340667644
2.0,6.5,5,0.0017936738425961055,0.0003588691872592058
2.0,6.9,5,0.0007749747423125619,0.0003272696154192622
2.0,7.300000000000001,5,0.00016716535588453624,0.000296027865712687
2.0,7.7,5,1.0027058423960291e-05,0.0002655691605662251
2.0,8.1,5,1.0068349761035239e-07,0.00023633430719045354
2.0,8.5,5,1.8864130636380342e-10,0.00020874881604722285
2.0,8.9,5,8.541974431919348e-14,0.000183178375775039
2.0,9.3,5,1.156819613583988e-17,0.00015988329318137676
2.0,9.700000000000001,5,5.495892390492703e-22,0.0001389904553313732
2.0,10.100000000000001,5,1.0332067917120693e-26,0.00012049427102601295
2.0,10.5,5,1.5618149706828886e-31,0.00010428277763811939
2.0,10.9,5,8.194289138676253e-27,9.017496806219773e-05
2.0,11.3,5,4.062386749313789e-22,7.795604874547357e-05
2.0,11.700000000000001,5,7.974769151375559e-18,6.740381763767767e-05
2.0,12.100000000000001,5,5.496933813866732e-14,5.8305223677217195e-05
2.0,12.5,5,1.1350047607342659e-10,5.046508482576023e-05
2.0,12.9,5,5.687182082285595e-08,4.3709550763414304e-05
2.0,13.3,5,5.391911083777214e-06,3.788645722869789e-05
2.0,13.700000000000001,5,8.960903054051597e-05,3.286404789981349e-05
2.0,14.100000000000001,5,0.0004500504639451757,2.8528971361925603e-05
2.0,14.5,5,0.0012383489804127167,2.4784066657226846e-05
2.0,14.9,5,0.002384796514985881,2.1546205045010962e-05
2.0,15.3,5,0.0035690709526359273,1.87443123835987e-05
2.0,15.700000000000001,5,0.004361771568505839,1.6317617643982132e-05
2.0,16.1,5,0.0044495532871750045,1.4214132085705795e-05
2.0,16.5,5,0.003803828104640488,1.238934405541467e-05
2.0,16.900000000000002,5,0.002690741333211127,1.0805106426059957e-05
2.0,17.3,5,0.0015213569084045464,9.428691793327068e-06
2.0,17.7,5,0.0006381286915576556,8.231991585320574e-06
2.0,18.1,5,0.00016698512364882425,7.190837549594816e-06
2.0,18.5,5,1.545001922379987e-05,6.2844267871106735e-06
2.0,18.900000000000002,5,-4.761428278809701e-07,5.4948341750985915e-06
2.0,19.3,5,-3.5941831819063415e-07,4.806598466694755e-06
2.0,19.700000000000003,5,-7.305378636277212e-07,4.206370505164509e-06
2.0,20.1,5,-8.018362101930944e-07,3.682613837148512e-06
2.0,20.5,5,-5.386402201313578e-07,3.2253495739735704e-06
2.0,20.900000000000002,5,-1.018514126843927e-07,2.8259386651571207e-06
2.0,21.3,5,2.7679425800911796e-07,2.4768958486384152e-06
2.0,21.700000000000003,5,4.2474058598507246e-07,2.1717304609752045e-06
2.0,22.1,5,3.320202541256721e-07,1.904810057166479e-06
2.0,22.5,5,1.3164577649141233e-07,1.6712434292666016e-06
2.0,22.900000000000002,5,9.62778779667103e-09,1.4667801470027295e-06
2.0,23.3,5,7.808884445052624e-11,1.2877241901349913e-06
2.0,23.700000000000003,5,1.085361208852985e-13,1.130859616202998e-06
2.0,24.1,5,3.653007055769758e-17,9.933865209043397e-07
2.0,24.5,5,3.7443362515630865e-21,8.728658118236575e-07
2.0,24.900000000000002,5,1.3720905445008212e-25,7.67171537970845e-07
2.0,25.3,5,2.022976956640176e-30,6.744497045255724e-07
2.0,25.700000000000003,5,1.3136492788050208e-35,5.930826600520504e-07
2.0,26.1,5,4.034104529551934e-41,5.216582769843468e-07
2.0,26.5,5,6.202840955216688e-47,4.5894325931974585e-07
2.0,26.900000000000002,5,5.002702948109387e-53,4.0386000746031073e-07
2.0,27.3,5,2.1989375521119847e-59,3.554665517277115e-07
2.0,27.700000000000003,5,5.437492245847336e-66,3.1293913550819106e-07
2.0,28.1,5,7.766717374149142e-73,2.7555708815519416e-07
2.0,28.5,5,6.55076407472794e-80,2.426896782696701e-07
2.0,28.900000000000002,5,3.3228359282547635e-87,2.1378468111996293e-07
2.0,29.3,5,1.0290716263615446e-94,1.883584308693128e-07
2.0,29.700000000000003,5,1.969891164029963e-102,1.6598715988748352e-07
2.0,30.1,5,2.3537098429475544e-110,1.4629945452463755e-07
2.0,30.5,5,1.7686589456091567e-118,1.2896967998779635e-07
2.0,30.900000000000002,5,8.403608542250241e-127,1.1371224694751719e-07
2.0,31.3,5,2.5333796648249252e-135,1.0027660969282797e-07
2.0,31.700000000000003,5,4.8527732473433826e-144,8.844290045132945e-08
2.0,32.1,5,5.904009477253282e-153,7.801811724306917e-08
2.0,32.5,5,4.551387429214574e-162,6.88327936340731e-08
2.0,32.9,5,2.213525590956337e-171,6.073808824766866e-08
2.0,33.300000000000004,5,6.747705984817701e-181,5.360324009153897e-08
2.0,33.7,5,1.278071170092397e-190,4.731334284729072e-08
2.0,34.1,5,1.487256235181781e-200,4.176739740231745e-08
2.0,34.5,5,1.0483949140299867e-210,3.6876607213600345e-08
2.0,34.9,5,4.3998717821452116e-221,3.256288569347885e-08
2.0,35.300000000000004,5,1.0763441650258016e-231,2.8757548795808947e-08
2.0,35.7,5,1.495938584634397e-242,2.5400169440955678e-08
2.0,36.1,5,1.144969913171124e-253,2.243757342159687e-08
2.0,36.5,5,4.646137176642879e-265,1.9822959040141313e-08
2.0,36.9,5,9.539856151408157e-277,1.7515124995875183e-08
2.0,37.300000000000004,5,9.353577076678418e-289,1.5477793011543482e-08
2.0,37.7,5,4.070768451016661e-301,1.3679013404456434e-08
2.0,38.1,5,7.158853291e-314,1.2090643300451458e-08
2.0,38.5,5,0.0,1.06878884895658e-08
2.0,38.900000000000006,5,0.0,9.448901055507435e-09
2.0,39.300000000000004,5,0.0,8.354425898939144e-09
2.0,39.7,5,0.0,7.387490136236971e-09
4.0,0.1,2,2.257425466545408e-143,-8.011761881725658e-05
4.0,0.5,2,4.522949548078351e-137,-7.986105204310301e-05
4.0,0.9,2,2.283560963550803e-130,-7.926434813075346e-05
4.0,1.3,2,1.1166612159563003e-123,-7.833217864516617e-05
4.0,1.7000000000000002,2,4.6197103927536886e-117,-7.707184830959246e-05
4.0,2.1,2,1.5370751275958617e-110,-7.549324909080601e-05
4.0,2.5,2,4.002265948092128e-104,-7.360880235015538e-05
4.0,2.9000000000000004,2,8.005880927878812e-98,-7.14333939519935e-05
4.0,3.3000000000000003,2,1.2122963886621853e-91,-6.89843092038414e-05
4.0,3.7,2,1.3715721347776833e-85,-6.628117697004605e-05
4.0,4.1000000000000005,2,1.144962540601537e-79,-6.334593530694863e-05
4.0,4.5,2,6.963770201924716e-74,-6.0202834430685346e-05
4.0,4.9,2,3.045630889481121e-68,-5.687849634103475e-05
4.0,5.300000000000001,2,9.445565339484208e-63,-5.340205285768296e-05
4.0,5.7,2,2.0461942257839307e-57,-4.980538253401353e-05
4.0,6.1000000000000005,2,3.045572423668203e-52,-4.612345621614815e-05
4.0,6.5,2,3.058242865954679e-47,-4.2394769628198466e-05
4.0,6.9,2,2.0300483934434428e-42,-3.8661769526659166e-05
4.0,7.300000000000001,2,8.705226345547586e-38,-3.49710418502926e-05
4.0,7.7,2,2.3489863707578735e-33,-3.137281985663216e-05
4.0,8.1,2,3.8691912778540955e-29,-2.7919177889902175e-05
4.0,8.5,2,3.7548847076909474e-25,-2.466038319757042e-05
4.0,8.9,2,2.0589569510248436e-21,-2.1639635995941144e-05
4.0,9.3,2,6.06927968181394e-18,-1.8887687282606993e-05
4.0,9.700000000000001,2,9.05641585283822e-15,-1.641952661033274e-05
4.0,10.100000000000001,2,6.354754775196685e-12,-1.4234493318564333e-05
4.0,10.5,2,1.9136337049120426e-09,-1.2319360653010674e-05
4.0,10.9,2,2.2108516275408075e-07,-1.0652745361632082e-05
4.0,11.3,2,8.669012115384464e-06,-9.20927287728328e-06
4.0,11.700000000000001,2,0.00010857406189757999,-7.96269345612111e-06
4.0,12.100000000000001,2,0.000525519834812341,-6.8878384176339375e-06
4.0,12.5,2,0.0014326672464351434,-5.961650040082471e-06
4.0,12.9,2,0.0027466309253974088,-5.16359062049692e-06
4.0,13.3,2,0.004097218726052461,-4.475684331827373e-06
4.0,13.700000000000001,2,0.004993203741265576,-3.8823662310321384e-06
4.0,14.100000000000001,2,0.005080654007621928,-3.3702456301742034e-06
4.0,14.5,2,0.004332823573027453,-2.9278444922419446e-06
4.0,14.9,2,0.0030575262369288525,-2.545342467745313e-06
4.0,15.3,2,0.0017237469426886404,-2.2143432693476734e-06
4.0,15.700000000000001,2,0.0007191388707615738,-1.9276677607101708e-06
4.0,16.1,2,0.00018459161033605514,-1.6791742946754212e-06
4.0,16.5,2,1.4027708645088827e-05,-1.4636045240390776e-06
4.0,16.900000000000002,2,-1.5914121378190544e-06,-1.2764519698922276e-06
4.0,17.3,2,4.683127519644344e-08,-1.113850407905663e-06
4.0,17.7,2,-4.1397705741377684e-08,-9.724792557383705e-07
4.0,18.1,2,-5.107843094433575e-08,-8.494834174242752e-07
4.0,18.5,2,-3.126055082515302e-08,-7.424053602099728e-07
4.0,18.900000000000002,2,-3.289798676065495e-08,-6.491275150207486e-07
4.0,19.3,2,4.6076520867098895e-08,-5.678233806786387e-07
4.0,19.700000000000003,2,2.680844992010216e-07,-4.969159659803595e-07
4.0,20.1,2,4.4483979002330493e-07,-4.3504242189269454e-07
4.0,20.5,2,4.057287582332403e-07,-3.810239009577228e-07
4.0,20.900000000000002,2,1.0628530365897059e-07,-3.3383983635728354e-07
4.0,21.3,2,-3.248884270334813e-07,-2.926059630813348e-07
4.0,21.700000000000003,2,-6.626844815064426e-07,-2.5655551217571544e-07
4.0,22.1,2,-7.25706483565281e-07,-2.2502309958609262e-07
4.0,22.5,2,-4.889586693977636e-07,-1.9743090666185206e-07
4.0,22.900000000000002,2,-9.073667322397537e-08,-1.7327681247293815e-07
4.0,23.3,2,2.533801560199235e-07,-1.521241908427181e-07
4.0,23.700000000000003,2,3.8801870093717377e-07,-1.335931291709585e-07
4.0,24.1,2,3.0081644038064466e-07,-1.1735286316800751e-07
4.0,24.5,2,1.1615474757721798e-07,-1.0311525274664768e-07
4.0,24.900000000000002,2,1.1464198695573098e-08,-9.06291505130034e-08
4.0,25.3,2,2.728958975219008e-10,-7.96755363817202e-08
4.0,25.700000000000003,2,1.9857400549042872e-12,-7.006331049016818e-08
4.0,26.1,2,5.354320830446874e-15,-6.162565236153267e-08
4.0,26.5,2,6.138268842315623e-18,-5.421686763209583e-08
4.0,26.900000000000002,2,3.309334423938014e-21,-4.7709654999164575e-08
4.0,27.3,2,9.061677311397644e-25,-4.1992735684078415e-08
4.0,27.700000000000003,2,1.3391875201894245e-28,-3.696879590700008e-08
4.0,28.1,2,1.1221718085187601e-32,-3.255269986026468e-08
4.0,28.5,2,5.554294614514569e-37,-2.86699366319431e-08
4.0,28.900000000000002,2,1.6809033991246168e-41,-2.5255269627808333e-08
4.0,29.3,2,3.203542064199041e-46,-2.225156139978119e-08
4.0,29.700000000000003,2,3.9445382399594624e-51,-1.9608750522949453e-08
4.0,30.1,2,3.2087940135064785e-56,-1.72829603648939e-08
4.0,30.5,2,1.7587778484348914e-61,-1.5235722339118242e-08
4.0,30.900000000000002,2,6.609630289184862e-67,-1.343329859555625e-08
4.0,31.3,2,1.7297839286667342e-72,-1.1846091131902025e-08
4.0,31.700000000000003,2,3.196704337960108e-78,-1.0448126057765658e-08
4.0,32.1,2,4.224232156844922e-84,-9.216603250066726e-09
4.0,32.5,2,4.036788373679629e-90,-8.13150293722683e-09
4.0,32.9,2,2.8184429211745863e-96,-7.175241871092387e-09
4.0,33.300000000000004,2,1.4511005696279814e-102,-6.332372714180536e-09
4.0,33.7,2,5.556019792239407e-109,-5.589321107291373e-09
4.0,34.1,2,1.5941985940585163e-115,-4.934155607032256e-09
4.0,34.5,2,3.452008077566755e-122,-4.3563863100844626e-09
4.0,34.9,2,5.677044323678517e-129,-3.846788524504071e-09
4.0,35.300000000000004,2,7.132146666664667e-136,-3.3972483195105734e-09
4.0,35.7,2,6.881275953605652e-143,-3.0006271939681842e-09
4.0,36.1,2,5.123497043137927e-150,-2.6506434585802623e-09
4.0,36.5,2,2.9567962257115897e-157,-2.3417682350124006e-09
4.0,36.9,2,1.3279031600776023e-164,-2.069134243003374e-09
4.0,37.300000000000004,2,4.6576863064773934e-172,-1.8284557794388685e-09
4.0,37.7,2,1.280111956725838e-179,-1.6159584960043568e-09
4.0,38.1,2,2.764839814223431e-187,-1.4283177584399122e-09
4.0,38.5,2,4.705111053354936e-195,-1.2626045240538948e-09
4.0,38.900000000000006,2,6.323407509257034e-203,-1.1162378080261645e-09
4.0,39.300000000000004,2,6.725012429816535e-211,-9.869429257398527e-10
4.0,39.7,2,5.669641038023532e-219,-8.727148001705202e-10
4.0,0.1,5,-5.114665423064097e-06,-8.011760080292806e-05
4.0,0.5,5,-4.055675538985795e-06,-7.986103567235742e-05
4.0,0.9,5,-1.7781193793989405e-06,-7.926433438093706e-05
4.0,1.3,5,5.881980115420275e-07,-7.833216726747493e-05
4.0,1.7000000000000002,5,2.474158888307955e-06,-7.707183879093125e-05
4.0,2.1,5,3.7506292852648837e-06,-7.549324101967632e-05
4.0,2.5,5,5.272081465561778e-06,-7.360879541564907e-05
4.0,2.9000000000000004,5,6.583406482948768e-06,-7.143338791606672e-05
4.0,3.3000000000000003,5,7.935234370023346e-06,-6.898430388440838e-05
4.0,3.7,5,9.303616363680859e-06,-6.628117223010394e-05
4.0,4.1000000000000005,5,1.0798100224909822e-05,-6.334593104838162e-05
4.0,4.5,5,1.2365447048345268e-05,-6.020283059250811e-05
4.0,4.9,5,1.3999046270838041e-05,-5.687849290259601e-05
4.0,5.300000000000001,5,1.58349507044338e-05,-5.340204984808271e-05
4.0,5.7,5,1.800761091067193e-05,-4.9805380049906064e-05
4.0,6.1000000000000005,5,1.4544667912057045e-05,-4.612345445163351e-05
4.0,6.5,5,6.309046394368061e-05,-4.239476892417845e-05
4.0,6.9,5,0.0004400428695430467,-3.866177043889005e-05
4.0,7.300000000000001,5,0.0012105900578779048,-3.4971044440101746e-05
4.0,7.7,5,0.0019184205514737374,-3.137282268043482e-05
4.0,8.1,5,0.0019976240683306098,-2.7919179480591696e-05
4.0,8.5,5,0.0013951534436057247,-2.466038367338545e-05
4.0,8.9,5,0.0006113669612627685,-2.1639636071715986e-05
4.0,9.3,5,0.00013681407148307312,-1.888768728868448e-05
4.0,9.700000000000001,5,1.0924839349712432e-05,-1.6419526610524843e-05
4.0,10.100000000000001,5,2.675332121889185e-07,-1.423449331856644e-05
4.0,10.5,5,4.101488207589556e-09,-1.2319360653010679e-05
4.0,10.9,5,2.2109198126006306e-07,-1.0652745361632082e-05
4.0,11.3,5,8.669012124475577e-06,-9.20927287728328e-06
4.0,11.700000000000001,5,0.00010857406189758568,-7.96269345612111e-06
4.0,12.100000000000001,5,0.000525519834812341,-6.8878384176339375e-06
4.0,12.5,5,0.0014326672464351434,-5.961650040082471e-06
4.0,12.9,5,0.0027466309253974088,-5.16359062049692e-06
4.0,13.3,5,0.004097218726052461,-4.475684331827373e-06
4.0,13.700000000000001,5,0.004993203741265576,-3.8823662310321384e-06
4.0,14.100000000000001,5,0.005080654007621928,-3.3702456301742034e-06
4.0,14.5,5,0.004332823573027453,-2.9278444922419446e-06
4.0,14.9,5,0.0030575262369288525,-2.545342467745313e-06
4.0,15.3,5,0.0017237469426886404,-2.2143432693476734e-06
4.0,15.700000000000001,5,0.0007191388707615738,-1.9276677607101708e-06
4.0,16.1,5,0.00018459161033605514,-1.6791742946754212e-06
4.0,16.5,5,1.4027708645088827e-05,-1.4636045240390776e-06
4.0,16.900000000000002,5,-1.5914121378190544e-06,-1.2764519698922276e-06
4.0,17.3,5,4.683127519644344e-08,-1.113850407905663e-06
4.0,17.7,5,-4.1397705741377684e-08,-9.724792557383705e-07
4.0,18.1,5,-5.107843094433575e-08,-8.494834174242752e-07
4.0,18.5,5,-3.126055082515302e-08,-7.424053602099728e-07
4.0,18.900000000000002,5,-3.289798676065495e-08,-6.491275150207486e-07
4.0,19.3,5,4.6076520867098895e-08,-5.678233806786387e-07
4.0,19.700000000000003,5,2.680844992010216e-07,-4.969159659803595e-07
4.0,20.1,5,4.4483979002330493e-07,-4.3504242189269454e-07
4.0,20.5,5,4.057287582332403e-07,-3.810239009577228e-07
4.0,20.900000000000002,5,1.0628530365897059e-07,-3.3383983635728354e-07
4.0,21.3,5,-3.248884270334813e-07,-2.926059630813348e-07
4.0,21.700000000000003,5,-6.626844815064426e-07,-2.5655551217571544e-07
4.0,22.1,5,-7.25706483565281e-07,-2.2502309958609262e-07
4.0,22.5,5,-4.889586693977636e-07,-1.9743090666185206e-07
4.0,22.900000000000002,5,-9.073667322397537e-08,-1.7327681247293815e-07
4.0,23.3,5,2.533801560199235e-07,-1.521241908427181e-07
4.0,23.700000000000003,5,3.8801870093717377e-07,-1.335931291709585e-07
4.0,24.1,5,3.0081644038064466e-07,-1.1735286316800751e-07
4.0,24.5,5,1.1615474757721798e-07,-1.0311525274664768e-07
4.0,24.900000000000002,5,1.1464198695573098e-08,-9.06291505130034e-08
4.0,25.3,5,2.728958975219008e-10,-7.96755363817202e-08
4.0,25.700000000000003,5,1.9857400549042872e-12,-7.006331049016818e-08
4.0,26.1,5,5.354320830446874e-15,-6.162565236153267e-08
4.0,26.5,5,6.138268842315623e-18,-5.421686763209583e-08
4.0,26.900000000000002,5,3.309334423938014e-21,-4.7709654999164575e-08
4.0,27.3,5,9.061677311397644e-25,-4.1992735684078415e-08
4.0,27.700000000000003,5,1.3391875201894245e-28,-3.696879590700008e-08
4.0,28.1,5,1.1221718085187601e-32,-3.255269986026468e-08
4.0,28.5,5,5.554294614514569e-37,-2.86699366319431e-08
4.0,28.900000000000002,5,1.6809033991246168e-41,-2.5255269627808333e-08
4.0,29.3,5,3.203542064199041e-46,-2.225156139978119e-08
4.0,29.700000000000003,5,3.9445382399594624e-51,-1.9608750522949453e-08
4.0,30.1,5,3.2087940135064785e-56,-1.72829603648939e-08
4.0,30.5,5,1.7587778484348914e-61,-1.5235722339118242e-08
4.0,30.900000000000002,5,6.609630289184862e-67,-1.343329859555625e-08
4.0,31.3,5,1.7297839286667342e-72,-1.1846091131902025e-08
4.0,31.700000000000003,5,3.196704337960108e-78,-1.0448126057765658e-08
4.0,32.1,5,4.224232156844922e-84,-9.216603250066726e-09
4.0,32.5,5,4.036788373679629e-90,-8.13150293722683e-09
4.0,32.9,5,2.8184429211745863e-96,-7.175241871092387e-09
4.0,33.300000000000004,5,1.4511005696279814e-102,-6.332372714180536e-09
4.0,33.7,5,5.556019792239407e-109,-5.589321107291373e-09
4.0,34.1,5,1.5941985940585163e-115,-4.934155607032256e-09
4.0,34.5,5,3.452008077566755e-122,-4.3563863100844626e-09
4.0,34.9,5,5.677044323678517e-129,-3.846788524504071e-09
4.0,35.300000000000004,5,7.132146666664667e-136,-3.3972483195105734e-09
4.0,35.7,5,6.881275953605652e-143,-3.0006271939681842e-09
4.0,36.1,5,5.123497043137927e-150,-2.6506434585802623e-09
4.0,36.5,5,2.9567962257115897e-157,-2.3417682350124006e-09
4.0,36.9,5,1.3279031600776023e-164,-2.069134243003374e-09
4.0,37.300000000000004,5,4.6576863064773934e-172,-1.8284557794388685e-09
4.0,37.7,5,1.280111956725838e-179,-1.6159584960043568e-09
4.0,38.1,5,2.764839814223431e-187,-1.4283177584399122e-09
4.0,38.5,5,4.705111053354936e-195,-1.2626045240538948e-09
4.0,38.900000000000006,5,6.323407509257034e-203,-1.1162378080261645e-09
4.0,39.300000000000004,5,6.725012429816535e-211,-9.869429257398527e-10
4.0,39.7,5,5.669641038023532e-219,-8.727148001705202e-10
6.0,0.1,2,4.0429506051939386e-92,-0.0007868593882790892
6.0,0.5,2,1.9716220154366637e-87,-0.0007843395793532611
6.0,0.9,2,2.4287162120453964e-82,-0.000778479194880121
6.0,1.3,2,2.9282072732589775e-77,-0.0007693241146433725
6.0,1.7000000000000002,2,3.012823879571864e-72,-0.0007569460789199978
6.0,2.1,2,2.508753161670406e-67,-0.0007414422376134697
6.0,2.5,2,1.640795790576675e-62,-0.000722934582198893
6.0,2.9000000000000004,2,8.250566064326941e-58,-0.000701569308516823
6.0,3.3000000000000003,2,3.133254246627322e-53,-0.0006775161779242923
6.0,3.7,2,8.839216697153378e-49,-0.0006509679685461954
6.0,4.1000000000000005,2,1.822356020650691e-44,-0.0006221401378953327
6.0,4.5,2,2.6996389738460035e-40,-0.0005912708521417097
6.0,4.9,2,2.8222965315590677e-36,-0.0005586215718071764
6.0,5.300000000000001,2,2.0417528774591157e-32,-0.00052447840755583
6.0,5.7,2,1.0001721556101672e-28,-0.0004891544470695761
6.0,6.1000000000000005,2,3.2375887205271557e-25,-0.00045299314893755793
6.0,6.5,2,6.735581528297972e-22,-0.00041637259123016517
6.0,6.9,2,8.721535211774383e-19,-0.00037970965688699976
6.0,7.300000000000001,2,6.7690851823377e-16,-0.0003434618815643493
6.0,7.7,2,3.0111796108616423e-13,-0.0003081226228369522
6.0,8.1,2,7.274001535394845e-11,-0.00027420332055068543
6.0,8.5,2,8.938524672123251e-09,-0.0002421976667631476
6.0,8.9,2,5.171124368448387e-07,-0.0002125299461395799
6.0,9.3,2,1.2972310860421125e-05,-0.00018550217564399546
6.0,9.700000000000001,2,0.0001343807025329055,-0.00016126157398604665
6.0,10.100000000000001,2,0.0006268817903461385,-0.00013980165396708459
6.0,10.5,2,0.0016928699284510438,-0.00012099251255089053
6.0,10.9,2,0.003229779250500426,-0.00010462413889673551
6.0,11.3,2,0.0047996626712271204,-9.044732195574444e-05
6.0,11.700000000000001,2,0.005828846133445455,-7.820425508845925e-05
6.0,12.100000000000001,2,0.00591095468963123,-6.764774896037454e-05
6.0,12.5,2,0.005024173499749311,-5.8551346509999956e-05
6.0,12.9,2,0.0035331953908773533,-5.0713340486938354e-05
6.0,13.3,2,0.0019837249944755146,-4.3957184568384684e-05
6.0,13.700000000000001,2,0.000821739960851436,-3.813001044128172e-05
6.0,14.100000000000001,2,0.00020594292987903909,-3.310030381412699e-05
6.0,14.5,2,1.1271611950942452e-05,-2.8755335134670203e-05
6.0,14.9,2,-4.123722335657729e-06,-2.499865552406512e-05
6.0,15.3,2,-7.423201846543093e-07,-2.174780227465484e-05
6.0,15.700000000000001,2,-1.0016859647738298e-06,-1.893226671353781e-05
6.0,16.1,2,-8.042010324616318e-07,-1.649172968840676e-05
6.0,16.5,2,-6.07705375364436e-07,-1.4374547226355326e-05
6.0,16.900000000000002,2,-4.7440366897454484e-07,-1.2536459701247573e-05
6.0,17.3,2,-3.7366366402305865e-07,-1.0939495639066283e-05
6.0,17.7,2,-2.883806013736934e-07,-9.551042496626719e-06
6.0,18.1,2,-2.1927491090409004e-07,-8.343059426901256e-06
6.0,18.5,2,-1.734257147256509e-07,-7.29141018320532e-06
6.0,18.900000000000002,2,-1.3025616112961076e-07,-6.37529741511119e-06
6.0,19.3,2,-1.002507779993803e-07,-5.576782446768441e-06
6.0,19.700000000000003,2,-7.356465209321953e-08,-4.880377122761757e-06
6.0,20.1,2,-5.3313535855609504e-08,-4.272696449158466e-06
6.0,20.5,2,-3.193159133138489e-08,-3.742162572713183e-06
6.0,20.900000000000002,2,-3.5526220291592926e-08,-3.278752167008767e-06
6.0,21.3,2,4.529757238434231e-08,-2.873780571041922e-06
6.0,21.700000000000003,2,2.4480370167649043e-07,-2.5197170916778936e-06
6.0,22.1,2,4.0717583274051405e-07,-2.210026770627877e-06
6.0,22.5,2,3.698047311399702e-07,-1.939034658579666e-06
6.0,22.900000000000002,2,9.480671569868383e-08,-1.7018092587316328e-06
6.0,23.3,2,-2.99372855937993e-07,-1.4940623200565523e-06
6.0,23.700000000000003,2,-6.081394086908402e-07,-1.31206259443889e-06
6.0,24.1,2,-6.652002357452459e-07,-1.1525615356815e-06
6.0,24.5,2,-4.462635152531826e-07,-1.0127292240680426e-06
6.0,24.900000000000002,2,-8.054815686257538e-08,-8.900990574376834e-07
6.0,25.3,2,2.3549083532978456e-07,-7.825199666214536e-07
6.0,25.700000000000003,2,3.5834366155734753e-07,-6.881150962521234e-07
6.0,26.1,2,2.7755860228608375e-07,-6.052460468930029e-07
6.0,26.5,2,1.0421049165606548e-07,-5.324819056968551e-07
6.0,26.900000000000002,2,1.2459482507193168e-08,-4.6857240419171183e-07
6.0,27.3,2,4.964256571234241e-10,-4.124246364479495e-07
6.0,27.700000000000003,2,7.783604753405308e-12,-3.630828514383029e-07
6.0,28.1,2,5.4990946406427204e-14,-3.197109020542034e-07
6.0,28.5,2,1.9353090145276846e-16,-2.8157699182508145e-07
6.0,28.900000000000002,2,3.6592202375134915e-19,-2.4804041044193456e-07
6.0,29.3,2,3.9421702402580834e-22,-2.1853999200624874e-07
6.0,29.700000000000003,2,2.5364835643770773e-25,-1.9258406659861084e-07
6.0,30.1,2,1.0131025782848187e-28,-1.6974170720559979e-07
6.0,30.5,2,2.594460591168737e-32,-1.4963510103313468e-07
6.0,30.900000000000002,2,4.378993548783862e-36,-1.3193289742446038e-07
6.0,31.3,2,4.9884002376532494e-40,-1.1634440454581716e-07
6.0,31.700000000000003,2,3.9158485123673886e-44,-1.0261452417303315e-07
6.0,32.1,2,2.157347791014483e-48,-9.051932870721398e-08
6.0,32.5,2,8.4784128558083e-53,-7.986219730715056e-08
6.0,32.9,2,2.4117944053937817e-57,-7.047043903929576e-08
6.0,33.300000000000004,2,5.031546129393342e-62,-6.219234045985083e-08
6.0,33.7,2,7.790489244659731e-67,-5.489458326823703e-08
6.0,34.1,2,9.049651386662462e-72,-4.845998478694077e-08
6.0,34.5,2,7.965245289396986e-77,-4.2785520183402356e-08
6.0,34.9,2,5.360519681592484e-82,-3.7780590687158676e-08
6.0,35.300000000000004,2,2.781509035503644e-87,-3.33655066829052e-08
6.0,35.7,2,1.1214121901083883e-92,-2.9470158574594527e-08
6.0,36.1,2,3.5379872007977856e-98,-2.603285180048339e-08
6.0,36.5,2,8.792722478012489e-104,-2.2999285405895946e-08
6.0,36.9,2,1.7319421559267091e-109,-2.0321656211080284e-08
6.0,37.300000000000004,2,2.7193738934304287e-115,-1.795787289904713e-08
6.0,37.7,2,3.4217240727414825e-121,-1.5870866338526826e-08
6.0,38.1,2,3.4675557688083667e-127,-1.4027984189689826e-08
6.0,38.5,2,2.8433209355980566e-133,-1.240045934918934e-08
6.0,38.900000000000006,2,1.894718848851432e-139,-1.0962943105901658e-08
6.0,39.300000000000004,2,1.0302760737616177e-145,-9.693095024966546e-09
6.0,39.7,2,4.588975934190091e-152,-8.571222577441401e-09
6.0,0.1,5,1.7567890136984402e-05,-0.0007868593938981653
6.0,0.5,5,1.5898048537639903e-05,-0.000784339584393037
6.0,0.9,5,1.6579577675280127e-05,-0.0007784791985955157
6.0,1.3,5,2.0948289285128753e-05,-0.0007693241164240126
6.0,1.7000000000000002,5,2.4595597618636568e-05,-0.0007569460786406416
6.0,2.1,5,2.4925400255299996e-05,-0.0007414422359679362
6.0,2.5,5,2.316777426771987e-05,-0.0007229345802339507
6.0,2.9000000000000004,5,2.2370063146532953e-05,-0.0007015693068086662
6.0,3.3000000000000003,5,2.389762459343292e-05,-0.0006775161765128486
6.0,3.7,5,2.6534417406361256e-05,-0.0006509679673149514
6.0,4.1000000000000005,5,2.852845668453397e-05,-0.0006221401367397057
6.0,4.5,5,3.016564618922501e-05,-0.0005912708509808519
6.0,4.9,5,3.166988645050373e-05,-0.0005586215705754221
6.0,5.300000000000001,5,3.2900739564099076e-05,-0.0005244784061968737
6.0,5.7,5,3.381542031092189e-05,-0.000489154445533671
6.0,6.1000000000000005,5,3.435216184164897e-05,-0.00045299314718189607
6.0,6.5,5,3.4428391374702025e-05,-0.00041637258922370805
6.0,6.9,5,3.396558716169884e-05,-0.0003797096546223894
6.0,7.300000000000001,5,3.316830240305204e-05,-0.0003434618790810531
6.0,7.7,5,3.32165962810328e-05,-0.00030812262026087345
6.0,8.1,5,2.4823237105224058e-05,-0.00027420331815618027
6.0,8.5,5,5.7698999232725245e-05,-0.00024219766505790096
6.0,8.9,5,0.0003598382545188931,-0.00021252994599851852
6.0,9.3,5,0.0009990417693864823,-0.00018550217745325772
6.0,9.700000000000001,5,0.00170199707354365,-0.0001612615763825221
6.0,10.100000000000001,5,0.0022634464482272913,-0.00013980165540645778
6.0,10.5,5,0.0028378503644743928,-0.00012099251301817328
6.0,10.9,5,0.0037336089135086934,-0.0001046241389863734
6.0,11.3,5,0.004915821842378002,-9.044732196575855e-05
6.0,11.700000000000001,5,0.005840052194480352,-7.820425508900218e-05
6.0,12.100000000000001,5,0.0059113848713304076,-6.76477489603873e-05
6.0,12.5,5,0.005024180540941623,-5.85513465100001e-05
6.0,12.9,5,0.0035331954446571503,-5.0713340486938354e-05
6.0,13.3,5,0.0019837249946832395,-4.3957184568384684e-05
6.0,13.700000000000001,5,0.0008217399608518702,-3.813001044128172e-05
6.0,14.100000000000001,5,0.0002059429298790395,-3.310030381412699e-05
6.0,14.5,5,1.1271611950942452e-05,-2.8755335134670203e-05
6.0,14.9,5,-4.123722335657729e-06,-2.499865552406512e-05
6.0,15.3,5,-7.423201846543093e-07,-2.174780227465484e-05
6.0,15.700000000000001,5,-1.0016859647738298e-06,-1.893226671353781e-05
6.0,16.1,5,-8.042010324616318e-07,-1.649172968840676e-05
6.0,16.5,5,-6.07705375364436e-07,-1.4374547226355326e-05
6.0,16.900000000000002,5,-4.7440366897454484e-07,-1.2536459701247573e-05
6.0,17.3,5,-3.7366366402305865e-07,-1.0939495639066283e-05
6.0,17.7,5,-2.883806013736934e-07,-9.551042496626719e-06
6.0,18.1,5,-2.1927491090409004e-07,-8.343059426901256e-06
6.0,18.5,5,-1.734257147256509e-07,-7.29141018320532e-06
6.0,18.900000000000002,5,-1.3025616112961076e-07,-6.37529741511119e-06
6.0,19.3,5,-1.002507779993803e-07,-5.576782446768441e-06
6.0,19.700000000000003,5,-7.356465209321953e-08,-4.880377122761757e-06
6.0,20.1,5,-5.3313535855609504e-08,-4.272696449158466e-06
6.0,20.5,5,-3.193159133138489e-08,-3.742162572713183e-06
6.0,20.900000000000002,5,-3.5526220291592926e-08,-3.278752167008767e-06
6.0,21.3,5,4.529757238434231e-08,-2.873780571041922e-06
6.0,21.700000000000003,5,2.4480370167649043e-07,-2.5197170916778936e-06
6.0,22.1,5,4.0717583274051405e-07,-2.210026770627877e-06
6.0,22.5,5,3.698047311399702e-07,-1.939034658579666e-06
6.0,22.900000000000002,5,9.480671569868383e-08,-1.7018092587316328e-06
6.0,23.3,5,-2.99372855937993e-07,-1.4940623200565523e-06
6.0,23.700000000000003,5,-6.081394086908402e-07,-1.31206259443889e-06
6.0,24.1,5,-6.652002357452459e-07,-1.1525615356815e-06
6.0,24.5,5,-4.462635152531826e-07,-1.0127292240680426e-06
6.0,24.900000000000002,5,-8.054815686257538e-08,-8.900990574376834e-07
6.0,25.3,5,2.3549083532978456e-07,-7.825199666214536e-07
6.0,25.700000000000003,5,3.5834366155734753e-07,-6.881150962521234e-07
6.0,26.1,5,2.7755860228608375e-07,-6.052460468930029e-07
6.0,26.5,5,1.0421049165606548e-07,-5.324819056968551e-07
6.0,26.900000000000002,5,1.2459482507193168e-08,-4.6857240419171183e-07
6.0,27.3,5,4.964256571234241e-10,-4.124246364479495e-07
6.0,27.700000000000003,5,7.783604753405308e-12,-3.630828514383029e-07
6.0,28.1,5,5.4990946406427204e-14,-3.197109020542034e-07
6.0,28.5,5,1.9353090145276846e-16,-2.8157699182508145e-07
6.0,28.900000000000002,5,3.6592202375134915e-19,-2.4804041044193456e-07
6.0,29.3,5,3.9421702402580834e-22,-2.1853999200624874e-07
6.0,29.700000000000003,5,2.5364835643770773e-25,-1.9258406659861084e-07
6.0,30.1,5,1.0131025782848187e-28,-1.6974170720559979e-07
6.0,30.5,5,2.594460591168737e-32,-1.4963510103313468e-07
6.0,30.900000000000002,5,4.378993548783862e-36,-1.3193289742446038e-07
6.0,31.3,5,4.9884002376532494e-40,-1.1634440454581716e-07
6.0,31.700000000000003,5,3.9158485123673886e-44,-1.0261452417303315e-07
6.0,32.1,5,2.157347791014483e-48,-9.051932870721398e-08
6.0,32.5,5,8.4784128558083e-53,-7.986219730715056e-08
6.0,32.9,5,2.4117944053937817e-57,-7.047043903929576e-08
6.0,33.300000000000004,5,5.031546129393342e-62,-6.219234045985083e-08
6.0,33.7,5,7.790489244659731e-67,-5.489458326823703e-08
6.0,34.1,5,9.049651386662462e-72,-4.845998478694077e-08
6.0,34.5,5,7.965245289396986e-77,-4.2785520183402356e-08
6.0,34.9,5,5.360519681592484e-82,-3.7780590687158676e-08
6.0,35.300000000000004,5,2.781509035503644e-87,-3.33655066829052e-08
6.0,35.7,5,1.1214121901083883e-92,-2.9470158574594527e-08
6.0,36.1,5,3.5379872007977856e-98,-2.603285180048339e-08
6.0,36.5,5,8.792722478012489e-104,-2.2999285405895946e-08
6.0,36.9,5,1.7319421559267091e-109,-2.0321656211080284e-08
6.0,37.300000000000004,5,2.7193738934304287e-115,-1.795787289904713e-08
6.0,37.7,5,3.4217240727414825e-121,-1.5870866338526826e-08
6.0,38.1,5,3.4675557688083667e-127,-1.4027984189689826e-08
6.0,38.5,5,2.8433209355980566e-133,-1.240045934918934e-08
6.0,38.900000000000006,5,1.894718848851432e-139,-1.0962943105901658e-08
6.0,39.300000000000004,5,1.0302760737616177e-145,-9.693095024966546e-09
6.0,39.7,5,4.588975934190091e-152,-8.571222577441401e-09
8.0,0.1,2,1.893663193449374e-58,-0.0009871621653490313
8.0,0.5,2,6.655312580230072e-55,-0.0009840009158615791
8.0,0.9,2,5.728149070857687e-51,-0.0009766487165206717
8.0,1.3,2,4.750922928535537e-47,-0.0009651631261265913
8.0,1.7000000000000002,2,3.3048724657584822e-43,-0.0009496341469449717
8.0,2.1,2,1.823499538513949e-39,-0.0009301836590758308
8.0,2.5,2,7.719420849477504e-36,-0.0009069647078062402
8.0,2.9000000000000004,2,2.4446373893673286e-32,-0.0008801607042106135
8.0,3.3000000000000003,2,5.663015349774771e-29,-0.0008499846236912252
8.0,3.7,2,9.387276542699056e-26,-0.0008166783175556316
8.0,4.1000000000000005,2,1.0882974877789445e-22,-0.0007805120897686109
8.0,4.5,2,8.607684551165025e-20,-0.0007417847336863756
8.0,4.9,2,4.517682134246884e-17,-0.000700824266857528
8.0,5.300000000000001,2,1.5243934944143153e-14,-0.0006579896319528888
8.0,5.7,2,3.18769485758423e-12,-0.0006136736159782671
8.0,6.1000000000000005,2,3.956286647939072e-10,-0.0005683071081197979
8.0,6.5,2,2.7693088431508723e-08,-0.0005223644298428891
8.0,6.9,2,1.0306364096842783e-06,-0.0004763685857207982
8.0,7.300000000000001,2,1.9172240212978878e-05,-0.0004308935816770547
8.0,7.7,2,0.00017115045449185535,-0.0003865583644616013
8.0,8.1,2,0.0007658927565341367,-0.0003440045661976425
8.0,8.5,2,0.0020433839048483,-0.0003038515534331543
8.0,8.9,2,0.0038747211740106386,-0.0002666316170352441
8.0,9.3,2,0.005733429700632868,-0.0002327236556405188
8.0,9.700000000000001,2,0.006936815494676411,-0.000202312364079261
8.0,10.100000000000001,2,0.007007940086062863,-0.00017538960389348952
8.0,10.5,2,0.005931474136103914,-0.00015179240412027098
8.0,10.9,2,0.004149484013841528,-0.000131257293770481
8.0,11.3,2,0.0023114784577880835,-0.00011347162279854128
8.0,11.700000000000001,2,0.0009413183650810371,-9.811195741848451e-05
8.0,12.100000000000001,2,0.000220095912565343,-8.486818385074183e-05
8.0,12.5,2,-3.955645808308403e-06,-7.345619817240992e-05
8.0,12.9,2,-1.6945720180473763e-05,-6.362294656807689e-05
8.0,13.3,2,-9.356826878191353e-06,-5.514694110301715e-05
8.0,13.700000000000001,2,-8.508997872120687e-06,-4.783639931423277e-05
8.0,14.100000000000001,2,-6.6301724616435236e-06,-4.152632862835784e-05
8.0,14.5,2,-5.2522747699006755e-06,-3.6075303044598146e-05
8.0,14.9,2,-4.211981333419823e-06,-3.136232163655823e-05
8.0,15.3,2,-3.3654920637698254e-06,-2.728392996440041e-05
8.0,15.700000000000001,2,-2.679930538850255e-06,-2.3751670640278174e-05
8.0,16.1,2,-2.1316101700796528e-06,-2.0689869641434495e-05
8.0,16.5,2,-1.698539634141818e-06,-1.803373647977587e-05
8.0,16.900000000000002,2,-1.3536405356490608e-06,-1.572774477589684e-05
8.0,17.3,2,-1.0705391278023843e-06,-1.3724257017696615e-05
8.0,17.7,2,-8.494276213896298e-07,-1.1982358796655392e-05
8.0,18.1,2,-6.725804446895351e-07,-1.0466871174455216e-05
8.0,18.5,2,-5.314376326220476e-07,-9.147513770791085e-06
8.0,18.900000000000002,2,-4.179433615287953e-07,-7.998195053138246e-06
8.0,19.3,2,-3.295929848698316e-07,-6.996409869382532e-06
8.0,19.700000000000003,2,-2.5757094383175504e-07,-6.1227273935917105e-06
8.0,20.1,2,-1.9973168084797232e-07,-5.3603553430884445e-06
8.0,20.5,2,-1.5394618689492854e-07,-4.6947686023919795e-06
8.0,20.900000000000002,2,-1.1743630321449243e-07,-4.113392303818745e-06
8.0,21.3,2,-8.803962749628196e-08,-3.6053310162684513e-06
8.0,21.700000000000003,2,-6.537647396333069e-08,-3.161137030981288e-06
8.0,22.1,2,-5.0449005666003705e-08,-2.772611848646845e-06
8.0,22.5,2,-2.9174383959021374e-08,-2.4326359031020964e-06
8.0,22.900000000000002,2,-3.452114611973626e-08,-2.1350223342065323e-06
8.0,23.3,2,4.282070834926567e-08,-1.8743912724428033e-06
8.0,23.700000000000003,2,2.2611976866504701e-07,-1.646061642041242e-06
8.0,24.1,2,3.7493595016651256e-07,-1.4459579459008083e-06
8.0,24.5,2,3.3909826972001075e-07,-1.2705298790871267e-06
8.0,24.900000000000002,2,8.522697275818592e-08,-1.116682940449562e-06
8.0,25.3,2,-2.7837970452255667e-07,-9.817184840039525e-07
8.0,25.700000000000003,2,-5.62424967386966e-07,-8.632818815163686e-07
8.0,26.1,2,-6.138583654031085e-07,-7.593176620971218e-07
8.0,26.5,2,-4.1101842590272075e-07,-6.680306592947093e-07
8.0,26.900000000000002,2,-7.292918115154252e-08,-5.87852335919446e-07
8.0,27.3,2,2.1823061860570485e-07,-5.174115755801393e-07
8.0,27.700000000000003,2,3.30438775105991e-07,-4.555093309811724e-07
8.0,28.1,2,2.568616660665455e-07,-4.010966051551139e-07
8.0,28.5,2,9.491586522893906e-08,-3.532553153022883e-07
8.0,28.900000000000002,2,1.3032115525004455e-08,-3.1118165170523526e-07
8.0,29.3,2,7.165151463075889e-10,-2.741715979059835e-07
8.0,29.700000000000003,2,1.7966204325788784e-11,-2.416083243429645e-07
8.0,30.1,2,2.2833946591288456e-13,-2.129512070929727e-07
8.0,30.5,2,1.5932845188423345e-15,-1.8772625722375744e-07
8.0,30.900000000000002,2,6.4892619251427614e-18,-1.6551777535600773e-07
8.0,31.3,2,1.6189704093205422e-20,-1.4596107105558517e-07
8.0,31.700000000000003,2,2.5725296421382024e-23,-1.2873610821786843e-07
8.0,32.1,2,2.688812387037965e-26,-1.1356195616723617e-07
8.0,32.5,2,1.8994749938003431e-29,-1.0019194220217944e-07
8.0,32.9,2,9.282676023643862e-33,-8.840941513331995e-08
8.0,33.300000000000004,2,3.202083260136477e-36,-7.802404129711019e-08
8.0,33.7,2,7.935758157813081e-40,-6.886856484639799e-08
8.0,34.1,2,1.435283129880165e-43,-6.079597304614107e-08
8.0,34.5,2,1.9210909643258465e-47,-5.367701503150771e-08
8.0,34.9,2,1.926970623138894e-51,-4.739802918185684e-08
8.0,35.300000000000004,2,1.4650579282995227e-55,-4.1859040069515885e-08
8.0,35.7,2,8.530545677506837e-60,-3.6972090978643554e-08
8.0,36.1,2,3.840121505707574e-64,-3.265978236135912e-08
8.0,36.5,2,1.3481132618215467e-68,-2.8853990395680918e-08
8.0,36.9,2,3.7204230500662394e-73,-2.5494743110084632e-08
8.0,37.300000000000004,2,8.131158297415097e-78,-2.2529234409305836e-08
8.0,37.7,2,1.4170445025670542e-82,-1.9910958832902838e-08
8.0,38.1,2,1.9817743141149971e-87,-1.7598952051627732e-08
8.0,38.5,2,2.2374125120846473e-92,-1.5557123999679148e-08
8.0,38.900000000000006,2,2.0505562457637463e-97,-1.3753673190428454e-08
8.0,39.300000000000004,2,1.5335237742131814e-102,-1.2160572201217798e-08
8.0,39.7,2,9.404216562690566e-108,-1.0753115567031598e-08
8.0,0.1,5,5.09541357600078e-05,-0.0009871621844572671
8.0,0.5,5,5.0808934963314735e-05,-0.0009840009349852755
8.0,0.9,5,5.1072245526689984e-05,-0.0009766487356139121
8.0,1.3,5,5.160800834665856e-05,-0.0009651631449850301
8.0,1.7000000000000002,5,5.230163701134067e-05,-0.000949634165120942
8.0,2.1,5,5.280719195085159e-05,-0.0009301836758103055
8.0,2.5,5,5.216427569234121e-05,-0.0009069647220807291
8.0,2.9000000000000004,5,5.204924963866149e-05,-0.0008801607150206166
8.0,3.3000000000000003,5,5.320055037242508e-05,-0.0008499846306615765
8.0,3.7,5,5.411035917290755e-05,-0.0008166783214932424
8.0,4.1000000000000005,5,5.309090842978216e-05,-0.0007805120921115763
8.0,4.5,5,5.026267740032012e-05,-0.000741784735365611
8.0,4.9,5,4.725216454932421e-05,-0.0007008242681089362
8.0,5.300000000000001,5,4.505730087880586e-05,-0.0006579896327778205
8.0,5.7,5,4.314644578685217e-05,-0.000613673616360409
8.0,6.1000000000000005,5,4.0575400047049635e-05,-0.0005683071080426874
8.0,6.5,5,3.775155157945189e-05,-0.0005223644292894549
8.0,6.9,5,3.585620171370474e-05,-0.0004763685846777081
8.0,7.300000000000001,5,5.114597276207406e-05,-0.0004308935801368816
8.0,7.7,5,0.00020040411752409644,-0.00038655836239279666
8.0,8.1,5,0.000792630131462321,-0.00034400456347099894
8.0,8.5,5,0.0020678623015507416,-0.0003038515498892468
8.0,8.9,5,0.003897011623783908,-0.000266631612740262
8.0,9.3,5,0.005753428037762067,-0.00023272365102888835
8.0,9.700000000000001,5,0.0069572143448841115,-0.00020231235983074304
8.0,10.100000000000001,5,0.007018679426393395,-0.00017538960070546462
8.0,10.5,5,0.005968183363235043,-0.00015179240261338584
8.0,10.9,5,0.004442134472444404,-0.00013125729445290715
8.0,11.3,5,0.0031342612895912114,-0.00011347162538825455
8.0,11.700000000000001,5,0.002254509862812898,-9.811196025700295e-05
8.0,12.100000000000001,5,0.0015917909637283313,-8.486818550618326e-05
8.0,12.5,5,0.0009559986527698421,-7.34561987307522e-05
8.0,12.9,5,0.0004070169412923143,-6.36229466796363e-05
8.0,13.3,5,9.151004068160242e-05,-5.514694111560294e-05
8.0,13.700000000000001,5,2.7021735144127655e-06,-4.783639931497218e-05
8.0,14.100000000000001,5,-6.054137710310452e-06,-4.152632862837996e-05
8.0,14.5,5,-5.237766941986244e-06,-3.6075303044598485e-05
8.0,14.9,5,-4.211789326793058e-06,-3.136232163655823e-05
8.0,15.3,5,-3.3654906426296978e-06,-2.728392996440041e-05
8.0,15.700000000000001,5,-2.679930532651793e-06,-2.3751670640278174e-05
8.0,16.1,5,-2.13161017006305e-06,-2.0689869641434495e-05
8.0,16.5,5,-1.6985396341417913e-06,-1.803373647977587e-05
8.0,16.900000000000002,5,-1.3536405356490608e-06,-1.572774477589684e-05
8.0,17.3,5,-1.0705391278023843e-06,-1.3724257017696615e-05
8.0,17.7,5,-8.494276213896298e-07,-1.1982358796655392e-05
8.0,18.1,5,-6.725804446895351e-07,-1.0466871174455216e-05
8.0,18.5,5,-5.314376326220476e-07,-9.147513770791085e-06
8.0,18.900000000000002,5,-4.179433615287953e-07,-7.998195053138246e-06
8.0,19.3,5,-3.295929848698316e-07,-6.996409869382532e-06
8.0,19.700000000000003,5,-2.5757094383175504e-07,-6.1227273935917105e-06
8.0,20.1,5,-1.9973168084797232e-07,-5.3603553430884445e-06
8.0,20.5,5,-1.5394618689492854e-07,-4.6947686023919795e-06
8.0,20.900000000000002,5,-1.1743630321449243e-07,-4.113392303818745e-06
8.0,21.3,5,-8.803962749628196e-08,-3.6053310162684513e-06
8.0,21.700000000000003,5,-6.537647396333069e-08,-3.161137030981288e-06
8.0,22.1,5,-5.0449005666003705e-08,-2.772611848646845e-06
8.0,22.5,5,-2.9174383959021374e-08,-2.4326359031020964e-06
8.0,22.900000000000002,5,-3.452114611973626e-08,-2.1350223342065323e-06
8.0,23.3,5,4.282070834926567e-08,-1.8743912724428033e-06
8.0,23.700000000000003,5,2.2611976866504701e-07,-1.646061642041242e-06
8.0,24.1,5,3.7493595016651256e-07,-1.4459579459008083e-06
8.0,24.5,5,3.3909826972001075e-07,-1.2705298790871267e-06
8.0,24.900000000000002,5,8.522697275818592e-08,-1.116682940449562e-06
8.0,25.3,5,-2.7837970452255667e-07,-9.817184840039525e-07
8.0,25.700000000000003,5,-5.62424967386966e-07,-8.632818815163686e-07
8.0,26.1,5,-6.138583654031085e-07,-7.593176620971218e-07
8.0,26.5,5,-4.1101842590272075e-07,-6.680306592947093e-07
8.0,26.900000000000002,5,-7.292918115154252e-08,-5.87852335919446e-07
8.0,27.3,5,2.1823061860570485e-07,-5.174115755801393e-07
8.0,27.700000000000003,5,3.30438775105991e-07,-4.555093309811724e-07
8.0,28.1,5,2.568616660665455e-07,-4.010966051551139e-07
8.0,28.5,5,9.491586522893906e-08,-3.532553153022883e-07
8.0,28.900000000000002,5,1.3032115525004455e-08,-3.1118165170523526e-07
8.0,29.3,5,7.165151463075889e-10,-2.741715979059835e-07
8.0,29.700000000000003,5,1.7966204325788784e-11,-2.416083243429645e-07
8.0,30.1,5,2.2833946591288456e-13,-2.129512070929727e-07
8.0,30.5,5,1.5932845188423345e-15,-1.8772625722375744e-07
8.0,30.900000000000002,5,6.4892619251427614e-18,-1.6551777535600773e-07
8.0,31.3,5,1.6189704093205422e-20,-1.4596107105558517e-07
8.0,31.700000000000003,5,2.5725296421382024e-23,-1.2873610821786843e-07
8.0,32.1,5,2.688812387037965e-26,-1.1356195616723617e-07
8.0,32.5,5,1.8994749938003431e-29,-1.0019194220217944e-07
8.0,32.9,5,9.282676023643862e-33,-8.840941513331995e-08
8.0,33.300000000000004,5,3.202083260136477e-36,-7.802404129711019e-08
8.0,33.7,5,7.935758157813081e-40,-6.886856484639799e-08
8.0,34.1,5,1.435283129880165e-43,-6.079597304614107e-08
8.0,34.5,5,1.9210909643258465e-47,-5.367701503150771e-08
8.0,34.9,5,1.926970623138894e-51,-4.739802918185684e-08
8.0,35.300000000000004,5,1.4650579282995227e-55,-4.1859040069515885e-08
8.0,35.7,5,8.530545677506837e-60,-3.6972090978643554e-08
8.0,36.1,5,3.840121505707574e-64,-3.265978236135912e-08
8.0,36.5,5,1.3481132618215467e-68,-2.8853990395680918e-08
8.0,36.9,5,3.7204230500662394e-73,-2.5494743110084632e-08
8.0,37.300000000000004,5,8.131158297415097e-78,-2.2529234409305836e-08
8.0,37.7,5,1.4170445025670542e-82,-1.9910958832902838e-08
8.0,38.1,5,1.9817743141149971e-87,-1.7598952051627732e-08
8.0,38.5,5,2.2374125120846473e-92,-1.5557123999679148e-08
8.0,38.900000000000006,5,2.0505562457637463e-97,-1.3753673190428454e-08
8.0,39.300000000000004,5,1.5335237742131814e-102,-1.2160572201217798e-08
8.0,39.7,5,9.404216562690566e-108,-1.0753115567031598e-08
10.0,0.1,2,8.674860999924314e-35,-0.0005521069960830215
10.0,0.5,2,3.4343239923517547e-32,-0.000550338951200571
10.0,0.9,2,3.131674352215623e-29,-0.000546226963668362
10.0,1.3,2,2.6591331362926877e-26,-0.0005398032253141641
10.0,1.7000000000000002,2,1.8230862443041872e-23,-0.0005311180731388475
10.0,2.1,2,9.491990361092396e-21,-0.0005202396729678364
10.0,2.5,2,3.6056636739727764e-18,-0.000507253620880581
10.0,2.9000000000000004,2,9.662439572334526e-16,-0.0004922624961222643
10.0,3.3000000000000003,2,1.7678866783987546e-13,-0.00047538541286397103
10.0,3.7,2,2.133205459503673e-11,-0.0004567576351825453
10.0,4.1000000000000005,2,1.6333557291679792e-09,-0.00043653034034885947
10.0,4.5,2,7.595907202367271e-08,-0.00041487063937876235
10.0,4.9,2,2.042506802385637e-06,-0.0003919619880050337
10.0,5.300000000000001,2,3.018652793130577e-05,-0.00036800513799425315
10.0,5.7,2,0.00023657733730929217,-0.00034321976983409065
10.0,6.1000000000000005,2,0.0010051959959406088,-0.00031784687412274147
10.0,6.5,2,0.002620364799133689,-0.00029215173278250665
10.0,6.9,2,0.004886428186360195,-0.0002664268558534928
10.0,7.300000000000001,2,0.007134619664989958,-0.0002409932775628097
10.0,7.7,2,0.00853980777455046,-0.0002161971662282981
10.0,8.1,2,0.008552645610385589,-0.00019239737753134198
10.0,8.5,2,0.007184912925734268,-0.00016994031495855052
10.0,8.9,2,0.004987029506435844,-0.00014912368248661855
10.0,9.3,2,0.0027446153172162326,-0.00013015939401287587
10.0,9.700000000000001,2,0.00108311600227909,-0.00011315074752517717
10.0,10.100000000000001,2,0.00021284241907468615,-9.809319156159723e-05
10.0,10.5,2,-5.4494408668355114e-05,-8.48955786628596e-05
10.0,10.9,2,-6.54391440846909e-05,-7.341055292815581e-05
10.0,11.3,2,-5.145285770898947e-05,-6.346325322990983e-05
10.0,11.700000000000001,2,-4.730648453319464e-05,-5.487278723659346e-05
10.0,12.100000000000001,2,-4.045550506253112e-05,-4.746571232692674e-05
10.0,12.5,2,-3.469219737718499e-05,-4.108313285834127e-05
10.0,12.9,2,-2.937031566646143e-05,-3.55835191148753e-05
10.0,13.3,2,-2.4532987380535926e-05,-3.084299577221071e-05
10.0,13.700000000000001,2,-2.030527007362632e-05,-2.6754301393355245e-05
10.0,14.100000000000001,2,-1.6685586999918925e-05,-2.322515777928537e-05
10.0,14.5,2,-1.3627972581980286e-05,-2.0176467207727192e-05
10.0,14.9,2,-1.1071622259914709e-05,-1.7540555432515704e-05
10.0,15.3,2,-8.952633542960113e-06,-1.5259561725507282e-05
10.0,15.700000000000001,2,-7.2154380646933214e-06,-1.3284013009991554e-05
10.0,16.1,2,-5.806137133182219e-06,-1.1571585774101618e-05
10.0,16.5,2,-4.658037528785963e-06,-1.0086043520942792e-05
10.0,16.900000000000002,2,-3.7298227989893025e-06,-8.7963310459946e-06
10.0,17.3,2,-2.9842941670756088e-06,-7.675805284062025e-06
10.0,17.7,2,-2.382761951371289e-06,-6.701583314223416e-06
10.0,18.1,2,-1.9020144008346499e-06,-5.853989990424202e-06
10.0,18.5,2,-1.5167858923419503e-06,-5.116089868149034e-06
10.0,18.900000000000002,2,-1.2074482623429162e-06,-4.473290273261722e-06
10.0,19.3,2,-9.599582609010316e-07,-3.913004350169774e-06
10.0,19.700000000000003,2,-7.63758372206138e-07,-3.4243646766205583e-06
10.0,20.1,2,-6.058467869352998e-07,-2.9979795357860507e-06
10.0,20.5,2,-4.795849995096912e-07,-2.62572521010723e-06
10.0,20.900000000000002,2,-3.791774969573359e-07,-2.300568731994841e-06
10.0,21.3,2,-2.9880692740985085e-07,-2.0164164222763152e-06
10.0,21.700000000000003,2,-2.343415592240782e-07,-1.7679842951381114e-06
10.0,22.1,2,-1.8271014032993495e-07,-1.5506870322199795e-06
10.0,22.5,2,-1.414434981377909e-07,-1.360542749121425e-06
10.0,22.900000000000002,2,-1.086433904716154e-07,-1.194091212342028e-06
10.0,23.3,2,-8.199349576303605e-08,-1.048323528193729e-06
10.0,23.700000000000003,2,-5.902351567355183e-08,-9.206216296180096e-07
10.0,24.1,2,-4.5695425387165856e-08,-8.087061421433912e-07
10.0,24.5,2,-2.7143664996941808e-08,-7.105914247116307e-07
10.0,24.900000000000002,2,-3.35109304163516e-08,-6.245467616177065e-07
10.0,25.3,2,4.019276676850489e-08,-5.490628339950744e-07
10.0,25.700000000000003,2,2.112003874004905e-07,-4.828227277959289e-07
10.0,26.1,2,3.473324274960325e-07,-4.246768439266623e-07
10.0,26.5,2,3.13144444539653e-07,-3.736211683034524e-07
10.0,26.900000000000002,2,7.685128949096916e-08,-3.2877843774777244e-07
10.0,27.3,2,-2.60315761650506e-07,-2.893818040586315e-07
10.0,27.700000000000003,2,-5.226461015196497e-07,-2.5476065512260297e-07
10.0,28.1,2,-5.68957437138904e-07,-2.2432830009308116e-07
10.0,28.5,2,-3.79336547613434e-07,-1.9757126677560322e-07
10.0,28.900000000000002,2,-6.453644594661116e-08,-1.7403999447736076e-07
10.0,29.3,2,2.0532172810541744e-07,-1.5334073562395892e-07
10.0,29.700000000000003,2,3.065989018693725e-07,-1.351285051786482e-07
10.0,30.1,2,2.3781613234702598e-07,-1.1910093896238669e-07
10.0,30.5,2,8.739880974228714e-08,-1.0499294091078361e-07
10.0,30.900000000000002,2,1.3355677213874463e-08,-9.257201557528374e-08
10.0,31.3,2,9.220798228615658e-10,-8.163419617054663e-08
10.0,31.700000000000003,2,3.204254788851365e-11,-7.200049051762226e-08
10.0,32.1,2,6.115843189309908e-13,-6.351377761348601e-08
10.0,32.5,2,6.855040258524495e-15,-5.6036096510325675e-08
10.0,32.9,2,4.752636506540126e-17,-4.944627691549155e-08
10.0,33.300000000000004,2,2.123997202661005e-19,-4.363786759841832e-08
10.0,33.7,2,6.327897614643226e-22,-3.851732446177109e-08
10.0,34.1,2,1.292349585099071e-24,-3.400242512690139e-08
10.0,34.5,2,1.8525851156904835e-27,-3.0020881206374045e-08
10.0,34.9,2,1.902254677145966e-30,-2.650912318148351e-08
10.0,35.300000000000004,2,1.4240317394318678e-33,-2.3411236049579707e-08
10.0,35.7,2,7.893594870130298e-37,-2.0678026722782988e-08
10.0,36.1,2,3.2848860406484695e-40,-1.8266206604829225e-08
10.0,36.5,2,1.0389937416152516e-43,-1.6137674896598282e-08
10.0,36.9,2,2.525691090181505e-47,-1.4258890026677617e-08
10.0,37.300000000000004,2,4.766500664981343e-51,-1.2600318208362363e-08
10.0,37.7,2,7.047940300211652e-55,-1.1135949520971487e-08
10.0,38.1,2,8.234253270293177e-59,-9.842873128995352e-09
10.0,38.5,2,7.660371512530151e-63,-8.700904311329245e-09
10.0,38.900000000000006,2,5.715396924008394e-67,-7.692256895405567e-09
10.0,39.300000000000004,2,3.4426593950037713e-71,-6.801255495295071e-09
10.0,39.7,2,1.684499109882383e-75,-6.0140826543088765e-09
10.0,0.1,5,8.99524195579007e-05,-0.0005521070053817836
10.0,0.5,5,8.946998498391729e-05,-0.0005503389605740701
10.0,0.9,5,8.834512406650975e-05,-0.0005462269732122203
10.0,1.3,5,8.659247275755999e-05,-0.0005398032351141299
10.0,1.7000000000000002,5,8.41859659493651e-05,-0.0005311180832619541
10.0,2.1,5,8.114477713259105e-05,-0.0005202396834492899
10.0,2.5,5,7.751914311733877e-05,-0.0005072536317048748
10.0,2.9000000000000004,5,7.335132948943454e-05,-0.0004922625071974628
10.0,3.3000000000000003,5,6.875234292984242e-05,-0.0004753854239896473
10.0,3.7,5,6.399301980055948e-05,-0.00045675764601785094
10.0,4.1000000000000005,5,5.8946309907454125e-05,-0.00043653035039186686
10.0,4.5,5,5.3401359288633776e-05,-0.0004148706480013608
10.0,4.9,5,5.029478300828474e-05,-0.0003919619946024851
10.0,5.300000000000001,5,7.456862217351766e-05,-0.00036800514233141236
10.0,5.7,5,0.0002775580342525438,-0.0003432197723111598
10.0,6.1000000000000005,5,0.001042207704332292,-0.0003178468752932811
10.0,6.5,5,0.0026528794594088316,-0.00029215173260023237
10.0,6.9,5,0.004915010538690259,-0.00026642685380300703
10.0,7.300000000000001,5,0.007160555398410924,-0.00024099327333482358
10.0,7.7,5,0.008563840702245426,-0.00021619716008860096
10.0,8.1,5,0.008574815253760344,-0.0001923973702150236
10.0,8.5,5,0.007205376379857352,-0.00016994030730015333
10.0,8.9,5,0.005005998373450331,-0.00014912367508168123
10.0,9.3,5,0.002762277712084887,-0.00013015938710937984
10.0,9.700000000000001,5,0.001099622200855717,-0.00011315074112909969
10.0,10.100000000000001,5,0.00022832418853284994,-9.809318560763631e-05
10.0,10.5,5,-3.9778325042412376e-05,-8.489557312675648e-05
10.0,10.9,5,-5.132905833079027e-05,-7.341054785445606e-05
10.0,11.3,5,-3.8906170870676064e-05,-6.346324871296717e-05
10.0,11.700000000000001,5,-3.276550707745909e-05,-5.487278340433236e-05
10.0,12.100000000000001,5,-3.5747499998183456e-05,-4.746570936152916e-05
10.0,12.5,5,-8.550757495303826e-06,-4.108313106277473e-05
10.0,12.9,5,0.00021839947484951722,-3.558351894658249e-05
10.0,13.3,5,0.000680399677826665,-3.0842997217682095e-05
10.0,13.700000000000001,5,0.001106100082854196,-2.6754303276323663e-05
10.0,14.100000000000001,5,0.00115950603215025,-2.3225158944425183e-05
10.0,14.5,5,0.0008093641494152652,-2.017646761716812e-05
10.0,14.9,5,0.0003534723798302213,-1.7540555518755025e-05
10.0,15.3,5,8.050862022693373e-05,-1.525956173624063e-05
10.0,15.700000000000001,5,3.90288865243975e-06,-1.3284013010748998e-05
10.0,16.1,5,-5.100764787781287e-06,-1.1571585774131613e-05
10.0,16.5,5,-4.633987317284868e-06,-1.0086043520943493e-05
10.0,16.900000000000002,5,-3.7293561461376037e-06,-8.796331045994608e-06
10.0,17.3,5,-2.9842887432874206e-06,-7.675805284062025e-06
10.0,17.7,5,-2.382761911933214e-06,-6.701583314223416e-06
10.0,18.1,5,-1.9020144006486077e-06,-5.853989990424202e-06
10.0,18.5,5,-1.5167858923413654e-06,-5.116089868149034e-06
10.0,18.900000000000002,5,-1.2074482623429152e-06,-4.473290273261722e-06
10.0,19.3,5,-9.599582609010316e-07,-3.913004350169774e-06
10.0,19.700000000000003,5,-7.63758372206138e-07,-3.4243646766205583e-06
10.0,20.1,5,-6.058467869352998e-07,-2.9979795357860507e-06
10.0,20.5,5,-4.795849995096912e-07,-2.62572521010723e-06
10.0,20.900000000000002,5,-3.791774969573359e-07,-2.300568731994841e-06
10.0,21.3,5,-2.9880692740985085e-07,-2.0164164222763152e-06
10.0,21.700000000000003,5,-2.343415592240782e-07,-1.7679842951381114e-06
10.0,22.1,5,-1.8271014032993495e-07,-1.5506870322199795e-06
10.0,22.5,5,-1.414434981377909e-07,-1.360542749121425e-06
10.0,22.900000000000002,5,-1.086433904716154e-07,-1.194091212342028e-06
10.0,23.3,5,-8.199349576303605e-08,-1.048323528193729e-06
10.0,23.700000000000003,5,-5.902351567355183e-08,-9.206216296180096e-07
10.0,24.1,5,-4.5695425387165856e-08,-8.087061421433912e-07
10.0,24.5,5,-2.7143664996941808e-08,-7.105914247116307e-07
10.0,24.900000000000002,5,-3.35109304163516e-08,-6.245467616177065e-07
10.0,25.3,5,4.019276676850489e-08,-5.490628339950744e-07
10.0,25.700000000000003,5,2.112003874004905e-07,-4.828227277959289e-07
10.0,26.1,5,3.473324274960325e-07,-4.246768439266623e-07
10.0,26.5,5,3.13144444539653e-07,-3.736211683034524e-07
10.0,26.900000000000002,5,7.685128949096916e-08,-3.2877843774777244e-07
10.0,27.3,5,-2.60315761650506e-07,-2.893818040586315e-07
10.0,27.700000000000003,5,-5.226461015196497e-07,-2.5476065512260297e-07
10.0,28.1,5,-5.68957437138904e-07,-2.2432830009308116e-07
10.0,28.5,5,-3.79336547613434e-07,-1.9757126677560322e-07
10.0,28.900000000000002,5,-6.453644594661116e-08,-1.7403999447736076e-07
10.0,29.3,5,2.0532172810541744e-07,-1.5334073562395892e-07
10.0,29.700000000000003,5,3.065989018693725e-07,-1.351285051786482e-07
10.0,30.1,5,2.3781613234702598e-07,-1.1910093896238669e-07
10.0,30.5,5,8.739880974228714e-08,-1.0499294091078361e-07
10.0,30.900000000000002,5,1.3355677213874463e-08,-9.257201557528374e-08
10.0,31.3,5,9.220798228615658e-10,-8.163419617054663e-08
10.0,31.700000000000003,5,3.204254788851365e-11,-7.200049051762226e-08
10.0,32.1,5,6.115843189309908e-13,-6.351377761348601e-08
10.0,32.5,5,6.855040258524495e-15,-5.6036096510325675e-08
10.0,32.9,5,4.752636506540126e-17,-4.944627691549155e-08
10.0,33.300000000000004,5,2.123997202661005e-19,-4.363786759841832e-08
10.0,33.7,5,6.327897614643226e-22,-3.851732446177109e-08
10.0,34.1,5,1.292349585099071e-24,-3.400242512690139e-08
10.0,34.5,5,1.8525851156904835e-27,-3.0020881206374045e-08
10.0,34.9,5,1.902254677145966e-30,-2.650912318148351e-08
10.0,35.300000000000004,5,1.4240317394318678e-33,-2.3411236049579707e-08
10.0,35.7,5,7.893594870130298e-37,-2.0678026722782988e-08
10.0,36.1,5,3.2848860406484695e-40,-1.8266206604829225e-08
10.0,36.5,5,1.0389937416152516e-43,-1.6137674896598282e-08
10.0,36.9,5,2.525691090181505e-47,-1.4258890026677617e-08
10.0,37.300000000000004,5,4.766500664981343e-51,-1.2600318208362363e-08
10.0,37.7,5,7.047940300211652e-55,-1.1135949520971487e-08
10.0,38.1,5,8.234253270293177e-59,-9.842873128995352e-09
10.0,38.5,5,7.660371512530151e-63,-8.700904311329245e-09
10.0,38.900000000000006,5,5.715396924008394e-67,-7.692256895405567e-09
10.0,39.300000000000004,5,3.4426593950037713e-71,-6.801255495295071e-09
10.0,39.7,5,1.684499109882383e-75,-6.0140826543088765e-09
12.0,0.1,2,3.729754590787134e-18,0.00023829547774876665
12.0,0.5,2,1.9735459529861023e-16,0.00023753236939817566
12.0,0.9,2,2.1386740304631107e-14,0.00023575758865205496
12.0,1.3,2,2.0200058230914156e-12,0.00023298502988252018
12.0,1.7000000000000002,2,1.428177925450766e-10,0.00022923641913528967
12.0,2.1,2,7.016696270848801e-09,0.0002245411775917493
12.0,2.5,2,2.265184442081913e-07,0.00021893624954164747
12.0,2.9000000000000004,2,4.564275883783058e-06,0.00021246590941411309
12.0,3.3000000000000003,2,5.468883125018015e-05,0.000205181568311674
12.0,3.7,2,0.00037611812729656174,0.0001971416078300912
12.0,4.1000000000000005,2,0.0014965444832377957,0.0001884112778443306
12.0,4.5,2,0.003764912984175754,0.00017906270511248556
12.0,4.9,2,0.006830798402658706,0.0001691750705027981
12.0,5.300000000000001,2,0.009746060502308841,0.0001588350204210215
12.0,5.7,2,0.011434984747551249,0.00014813737252748304
12.0,6.1000000000000005,2,0.011258790137731978,0.00013718614297901125
12.0,6.5,2,0.009331800443579848,0.0001260958314223064
12.0,6.9,2,0.0064251910957920195,0.0001149926879341026
12.0,7.300000000000001,2,0.0035448258349041546,0.00010401527348163297
12.0,7.7,2,0.0014452550180000722,9.331299779212222e-05
12.0,8.1,2,0.00035045963348449567,8.304074710857527e-05
12.0,8.5,2,4.912782852856073e-06,7.334803303919434e-05
12.0,8.9,2,-2.480516437933512e-05,6.436334761579472e-05
12.0,9.3,2,-2.476573293362144e-05,5.6178154842537504e-05
12.0,9.700000000000001,2,-3.862386341135833e-05,4.883703902069034e-05
12.0,10.100000000000001,2,-4.6052142757223556e-05,4.2338035562091676e-05
12.0,10.5,2,-5.29546183228741e-05,3.664180414946316e-05
12.0,10.9,2,-5.714684297617497e-05,3.168474430448992e-05
12.0,11.3,2,-5.910013660448635e-05,2.739138399909106e-05
12.0,11.700000000000001,2,-5.910531457933543e-05,2.368364807446792e-05
12.0,12.100000000000001,2,-5.735573483785008e-05,2.0486676749726767e-05
12.0,12.5,2,-5.417961892464535e-05,1.7731888881970718e-05
12.0,12.9,2,-4.997349122377133e-05,1.5358198657825613e-05
12.0,13.3,2,-4.5127728765136714e-05,1.3312140099927498e-05
12.0,13.700000000000001,2,-3.999406391608089e-05,1.1547417973271796e-05
12.0,14.100000000000001,2,-3.4862495869611376e-05,1.0024203976465644e-05
12.0,14.5,2,-2.9946454016962454e-05,8.708358647360654e-06
12.0,14.9,2,-2.5394108207933276e-05,7.570673020962897e-06
12.0,15.3,2,-2.1305716100195553e-05,6.586173754543507e-06
12.0,15.700000000000001,2,-1.7712552586399486e-05,5.7335077098614835e-06
12.0,16.1,2,-1.4606776330750785e-05,4.994407583181959e-06
12.0,16.5,2,-1.1972541801821662e-05,4.3532332979872144e-06
12.0,16.900000000000002,2,-9.756586545845198e-06,3.796581085258464e-06
12.0,17.3,2,-7.91928680906026e-06,3.3129515083826384e-06
12.0,17.7,2,-6.404076913694968e-06,2.892468054768034e-06
12.0,18.1,2,-5.163495983631686e-06,2.5266387268765476e-06
12.0,18.5,2,-4.1545410617199335e-06,2.208154015965649e-06
12.0,18.900000000000002,2,-3.33656753873292e-06,1.9307155810788885e-06
12.0,19.3,2,-2.6744009733456794e-06,1.6888908155540566e-06
12.0,19.700000000000003,2,-2.141254173358267e-06,1.4779892388301323e-06
12.0,20.1,2,-1.7124256548555357e-06,1.293957300006468e-06
12.0,20.5,2,-1.368514059062489e-06,1.1332887291237537e-06
12.0,20.900000000000002,2,-1.091779055387259e-06,9.92948034132881e-07
12.0,21.3,2,-8.705496099167452e-07,8.703051282445684e-07
12.0,21.700000000000003,2,-6.931415916380671e-07,7.630793952461885e-07
12.0,22.1,2,-5.504993607054007e-07,6.692917696404984e-07
12.0,22.5,2,-4.3635867121547774e-07,5.872236330836883e-07
12.0,22.900000000000002,2,-3.4532028261866465e-07,5.15381516215921e-07
12.0,23.3,2,-2.7241803428067677e-07,4.524667518951847e-07
12.0,23.700000000000003,2,-2.1353988987643104e-07,3.973493572637775e-07
12.0,24.1,2,-1.6630936684411313e-07,3.490455322925889e-07
12.0,24.5,2,-1.2897909342607552e-07,3.0669825503519156e-07
12.0,24.900000000000002,2,-9.932459528017167e-08,2.6956053173845397e-07
12.0,25.3,2,-7.66380283844988e-08,2.3698092563962072e-07
12.0,25.700000000000003,2,-5.4490528578113397e-08,2.0839104374768173e-07
12.0,26.1,2,-4.15013801329963e-08,1.8329470782566757e-07
12.0,26.5,2,-2.5526512475288197e-08,1.612585755422081e-07
12.0,26.900000000000002,2,-3.295655256951834e-08,1.419040114928679e-07
12.0,27.3,2,3.854128680830591e-08,1.249000364570344e-07
12.0,27.700000000000003,2,1.9801181267828484e-07,1.0995720765204074e-07
12.0,28.1,2,3.239981022869793e-07,9.682230353713912e-08
12.0,28.5,2,2.9073415082869884e-07,8.527370446079992e-08
12.0,28.900000000000002,2,6.918843247704875e-08,7.511737560347173e-08
12.0,29.3,2,-2.454087722964262e-07,6.618337163607992e-08
12.0,29.700000000000003,2,-4.892886268105496e-07,5.832279362033844e-08
12.0,30.1,2,-5.313452886642904e-07,5.1405138199523534e-08
12.0,30.5,2,-3.534809229608894e-07,4.5315987302006506e-08
12.0,30.900000000000002,2,-5.882561606886667e-08,3.995499360287929e-08
12.0,31.3,2,1.9409208535363068e-07,3.5234123029124684e-08
12.0,31.700000000000003,2,2.8681958322398494e-07,3.107612079369904e-08
12.0,32.1,2,2.2050203211172148e-07,2.7413171924431265e-08
12.0,32.5,2,8.113697193956093e-08,2.418573111763264e-08
12.0,32.9,2,1.3520727507602584e-08,2.1341500081711726e-08
12.0,33.300000000000004,2,1.1097422306736275e-09,1.8834533417220735e-08
12.0,33.7,2,4.9242541082905756e-11,1.6624456570517265e-08
12.0,34.1,2,1.2731304109948236e-12,1.4675781553236333e-08
12.0,34.5,2,2.0321557150824253e-14,1.2957307985447835e-08
12.0,34.9,2,2.0954292041660207e-16,1.1441598636829107e-08
12.0,35.300000000000004,2,1.447363452031618e-18,1.0104520041568108e-08
12.0,35.7,2,6.8987303390978e-21,8.924839978468435e-09
12.0,36.1,2,2.3260335278358878e-23,7.883874663062029e-09
12.0,36.5,2,5.665798070310046e-26,6.96517941521848e-09
12.0,36.9,2,1.0152669870960162e-28,6.154277362388989e-09
12.0,37.300000000000004,2,1.3596946850514648e-31,5.438421431371859e-09
12.0,37.7,2,1.3800569921193585e-34,4.806385484245756e-09
12.0,38.1,2,1.0748054074374484e-37,4.248280978769843e-09
12.0,38.5,2,6.494787037736692e-41,3.755395990529244e-09
12.0,38.900000000000006,2,3.075795490319502e-44,3.3200538322796964e-09
12.0,39.300000000000004,2,1.1520269378702229e-47,2.935488853077287e-09
12.0,39.7,2,3.441056217892867e-51,2.5957373025356923e-09
12.0,0.1,5,8.12994647650798e-05,0.00023829547644208925
12.0,0.5,5,8.029504645197107e-05,0.00023753236804942098
12.0,0.9,5,7.81958345349307e-05,0.00023575758720365808
12.0,1.3,5,7.5045987430701e-05,0.00023298502827354703
12.0,1.7000000000000002,5,7.108639659038633e-05,0.00022923641730033617
12.0,2.1,5,6.65900242342255e-05,0.00022454117546070074
12.0,2.5,5,6.201471548017252e-05,0.00021893624704079129
12.0,2.9000000000000004,5,6.149427325744996e-05,0.0002124659064689373
12.0,3.3000000000000003,5,0.00010688989697203534,0.000205181564854358
12.0,3.7,5,0.00042385276364305846,0.00019714160383219376
12.0,4.1000000000000005,5,0.0015401484108288274,0.000188411273419346
12.0,4.5,5,0.0038048013121045232,0.0001790627006035982
12.0,4.9,5,0.006867385450493611,0.00016917506632816456
12.0,5.300000000000001,5,0.009779670001380598,0.00015883501677240098
12.0,5.7,5,0.011466084839960904,0.00014813736924002737
12.0,6.1000000000000005,5,0.011287558668021348,0.00013718613972029425
12.0,6.5,5,0.009358087754388731,0.00012609582802911265
12.0,6.9,5,0.006449511085040129,0.00011499268458877675
12.0,7.300000000000001,5,0.0035680424863441564,0.0001040152705207445
12.0,7.7,5,0.0014676532799907202,9.33129953463938e-05
12.0,8.1,5,0.00037145680212896014,8.304074508953973e-05
12.0,8.5,5,2.389794532747464e-05,7.334803140119161e-05
12.0,8.9,5,-7.6028367359585425e-06,6.436334640958225e-05
12.0,9.3,5,-8.51272183065829e-06,5.61781541182198e-05
12.0,9.700000000000001,5,-2.293180132724819e-05,4.883703880186508e-05
12.0,10.100000000000001,5,-3.104406725333469e-05,4.233803585963247e-05
12.0,10.5,5,-3.864207742914961e-05,3.664180496944994e-05
12.0,10.9,5,-4.348036379221679e-05,3.168474564703922e-05
12.0,11.3,5,-4.600381863632308e-05,2.7391385850786952e-05
12.0,11.700000000000001,5,-4.65547478679172e-05,2.3683650398350584e-05
12.0,12.100000000000001,5,-4.5404033970162344e-05,2.0486679476930284e-05
12.0,12.5,5,-4.2735859350418736e-05,1.773189190903351e-05
12.0,12.9,5,-3.8508487278966706e-05,1.535820185067634e-05
12.0,13.3,5,-3.515477993868097e-05,1.3312143301210984e-05
12.0,13.700000000000001,5,-2.7440902680548387e-05,1.154742100325179e-05
12.0,14.100000000000001,5,-3.276974753915651e-05,1.0024206601372338e-05
12.0,14.5,5,-1.005666665945205e-05,8.708360510953403e-06
12.0,14.9,5,0.00019017295217320357,7.57067357634204e-06
12.0,15.3,5,0.0005961969617855288,6.586172859334066e-06
12.0,15.700000000000001,5,0.0009685035837673885,5.733506301643194e-06
12.0,16.1,5,0.001013788082736783,4.994406663151319e-06
12.0,16.5,5,0.0007069797143383372,4.353232960632943e-06
12.0,16.900000000000002,5,0.00030940832044668997,3.7965810102652625e-06
12.0,17.3,5,7.275053168136275e-05,3.312951498224054e-06
12.0,17.7,5,4.580701449736719e-06,2.8924680539443336e-06
12.0,18.1,5,-4.3434351399787714e-06,2.526638726836587e-06
12.0,18.5,5,-4.11938986081251e-06,2.2081540159644512e-06
12.0,18.900000000000002,5,-3.3356589531697308e-06,1.9307155810788677e-06
12.0,19.3,5,-2.6743861769303132e-06,1.6888908155540566e-06
12.0,19.700000000000003,5,-2.1412540157616307e-06,1.4779892388301323e-06
12.0,20.1,5,-1.712425653722472e-06,1.293957300006468e-06
12.0,20.5,5,-1.3685140590568429e-06,1.1332887291237537e-06
12.0,20.900000000000002,5,-1.0917790553872393e-06,9.92948034132881e-07
12.0,21.3,5,-8.705496099167452e-07,8.703051282445684e-07
12.0,21.700000000000003,5,-6.931415916380671e-07,7.630793952461885e-07
12.0,22.1,5,-5.504993607054007e-07,6.692917696404984e-07
12.0,22.5,5,-4.3635867121547774e-07,5.872236330836883e-07
12.0,22.900000000000002,5,-3.4532028261866465e-07,5.15381516215921e-07
12.0,23.3,5,-2.7241803428067677e-07,4.524667518951847e-07
12.0,23.700000000000003,5,-2.1353988987643104e-07,3.973493572637775e-07
12.0,24.1,5,-1.6630936684411313e-07,3.490455322925889e-07
12.0,24.5,5,-1.2897909342607552e-07,3.0669825503519156e-07
12.0,24.900000000000002,5,-9.932459528017167e-08,2.6956053173845397e-07
12.0,25.3,5,-7.66380283844988e-08,2.3698092563962072e-07
12.0,25.700000000000003,5,-5.4490528578113397e-08,2.0839104374768173e-07
12.0,26.1,5,-4.15013801329963e-08,1.8329470782566757e-07
12.0,26.5,5,-2.5526512475288197e-08,1.612585755422081e-07
12.0,26.900000000000002,5,-3.295655256951834e-08,1.419040114928679e-07
12.0,27.3,5,3.854128680830591e-08,1.249000364570344e-07
12.0,27.700000000000003,5,1.9801181267828484e-07,1.0995720765204074e-07
12.0,28.1,5,3.239981022869793e-07,9.682230353713912e-08
12.0,28.5,5,2.9073415082869884e-07,8.527370446079992e-08
12.0,28.900000000000002,5,6.918843247704875e-08,7.511737560347173e-08
12.0,29.3,5,-2.454087722964262e-07,6.618337163607992e-08
12.0,29.700000000000003,5,-4.892886268105496e-07,5.832279362033844e-08
12.0,30.1,5,-5.313452886642904e-07,5.1405138199523534e-08
12.0,30.5,5,-3.534809229608894e-07,4.5315987302006506e-08
12.0,30.900000000000002,5,-5.882561606886667e-08,3.995499360287929e-08
12.0,31.3,5,1.9409208535363068e-07,3.5234123029124684e-08
12.0,31.700000000000003,5,2.8681958322398494e-07,3.107612079369904e-08
12.0,32.1,5,2.2050203211172148e-07,2.7413171924431265e-08
12.0,32.5,5,8.113697193956093e-08,2.418573111763264e-08
12.0,32.9,5,1.3520727507602584e-08,2.1341500081711726e-08
12.0,33.300000000000004,5,1.1097422306736275e-09,1.8834533417220735e-08
12.0,33.7,5,4.9242541082905756e-11,1.6624456570517265e-08
12.0,34.1,5,1.2731304109948236e-12,1.4675781553236333e-08
12.0,34.5,5,2.0321557150824253e-14,1.2957307985447835e-08
12.0,34.9,5,2.0954292041660207e-16,1.1441598636829107e-08
12.0,35.300000000000004,5,1.447363452031618e-18,1.0104520041568108e-08
12.0,35.7,5,6.8987303390978e-21,8.924839978468435e-09
12.0,36.1,5,2.3260335278358878e-23,7.883874663062029e-09
12.0,36.5,5,5.665798070310046e-26,6.96517941521848e-09
12.0,36.9,5,1.0152669870960162e-28,6.154277362388989e-09
12.0,37.300000000000004,5,1.3596946850514648e-31,5.438421431371859e-09
12.0,37.7,5,1.3800569921193585e-34,4.806385484245756e-09
12.0,38.1,5,1.0748054074374484e-37,4.248280978769843e-09
12.0,38.5,5,6.494787037736692e-41,3.755395990529244e-09
12.0,38.900000000000006,5,3.075795490319502e-44,3.3200538322796964e-09
12.0,39.300000000000004,5,1.1520269378702229e-47,2.935488853077287e-09
12.0,39.7,5,3.441056217892867e-51,2.5957373025356923e-09
14.0,0.1,2,2.529978799836342e-07,0.0008753260855519495
14.0,0.5,2,1.7303484471680838e-06,0.0008725229756962066
14.0,0.9,2,1.8668010795964584e-05,0.0008660037109291787
14.0,1.3,2,0.0001546852592865175,0.0008558193292048396
14.0,1.7000000000000002,2,0.0008457220138269856,0.000842049636438325
14.0,2.1,2,0.0029327453957408447,0.0008248027052946461
14.0,2.5,2,0.006764836861676367,0.0008042142442541043
14.0,2.9000000000000004,2,0.01150920347555801,0.0007804468878566412
14.0,3.3000000000000003,2,0.015612981000443865,0.0007536894823528241
14.0,3.7,2,0.017582047485113154,0.0007241564741099631
14.0,4.1000000000000005,2,0.01673235309018972,0.0006920875385269494
14.0,4.5,2,0.013482416277746568,0.000657747617583866
14.0,4.9,2,0.009076480161661162,0.0006214275717183848
14.0,5.300000000000001,2,0.0049387074891272436,0.0005834456840465529
14.0,5.7,2,0.002034165136625477,0.000544150245230649
14.0,6.1000000000000005,2,0.000566822076157382,0.0005039233286810372
14.0,6.5,2,0.00012094209871804323,0.0004631855185192082
14.0,6.9,2,9.199906158271196e-05,0.0004224005667816411
14.0,7.300000000000001,2,9.860100040658514e-05,0.00038207744928734705
14.0,7.7,2,8.174724637034021e-05,0.0003427649916160259
14.0,8.1,2,7.170447158312829e-05,0.00030503213486365963
14.0,8.5,2,5.9070276311505565e-05,0.00026942807709885247
14.0,8.9,2,4.739368253240649e-05,0.00023642480559005866
14.0,9.3,2,3.5216158909786774e-05,0.00020635829335537416
14.0,9.700000000000001,2,2.2902502869516412e-05,0.000179392311164635
14.0,10.100000000000001,2,1.0771198092259973e-05,0.00015551964268364758
14.0,10.5,2,-9.852463238875551e-07,0.00013459578005578892
14.0,10.9,2,-1.2127048619401949e-05,0.00011638710106289687
14.0,11.3,2,-2.2335315608428618e-05,0.00010061637597097653
14.0,11.700000000000001,2,-3.129886132109823e-05,8.699681302857246e-05
14.0,12.100000000000001,2,-3.8737793996904695e-05,7.525343146764585e-05
14.0,12.5,2,-4.443493509634997e-05,6.513431369813282e-05
14.0,12.9,2,-4.8277756724521626e-05,5.641507454028859e-05
14.0,13.3,2,-5.027240413473508e-05,4.889931856522463e-05
14.0,13.700000000000001,2,-5.053006474228356e-05,4.241699045476573e-05
14.0,14.100000000000001,2,-4.925006308272896e-05,3.6821789731072914e-05
14.0,14.5,2,-4.672309537656725e-05,3.198831261559187e-05
14.0,14.9,2,-4.328035154719986e-05,2.780926643680515e-05
14.0,15.3,2,-3.9236153217180874e-05,2.419291716081695e-05
14.0,15.700000000000001,2,-3.4904235839432113e-05,2.106082878259376e-05
14.0,16.1,2,-3.052845242960619e-05,1.8345900426090315e-05
14.0,16.5,2,-2.6313765663838646e-05,1.5990681743825893e-05
14.0,16.900000000000002,2,-2.2389053659596405e-05,1.3945936955147479e-05
14.0,17.3,2,-1.8843002624706248e-05,1.2169425407154292e-05
14.0,17.7,2,-1.5710427218724278e-05,1.062486788278074e-05
14.0,18.1,2,-1.2993582092461284e-05,9.281070859092765e-06
14.0,18.5,2,-1.0676483839158697e-05,8.111184411154134e-06
14.0,18.900000000000002,2,-8.72593946056754e-06,7.092072906631025e-06
14.0,19.3,2,-7.099095734669406e-06,6.203780793428034e-06
14.0,19.700000000000003,2,-5.754382316023659e-06,5.429078557377703e-06
14.0,20.1,2,-4.650596275395657e-06,4.753076310085535e-06
14.0,20.5,2,-3.749183350890908e-06,4.162894486369611e-06
14.0,20.900000000000002,2,-3.016932554009555e-06,3.647382828299144e-06
14.0,21.3,2,-2.4236530197366634e-06,3.196880253403548e-06
14.0,21.700000000000003,2,-1.9442312359415e-06,2.8030093904904084e-06
14.0,22.1,2,-1.5583686597337153e-06,2.45850055558654e-06
14.0,22.5,2,-1.2471950461779999e-06,2.1570407657068107e-06
14.0,22.900000000000002,2,-9.968192365051904e-07,1.8931440773540304e-06
14.0,23.3,2,-7.958973298758321e-07,1.662040113042315e-06
14.0,23.700000000000003,2,-6.34692680563363e-07,1.4595781218049016e-06
14.0,24.1,2,-5.05527378623221e-07,1.282144324385214e-06
14.0,24.5,2,-4.017302592111202e-07,1.1265906337943313e-06
14.0,24.900000000000002,2,-3.180263524293432e-07,9.90173128078428e-07
14.0,25.3,2,-2.514417652216611e-07,8.704988934290977e-07
14.0,25.700000000000003,2,-1.979205704587655e-07,7.654800595564146e-07
14.0,26.1,2,-1.5469166909086634e-07,6.732940216192031e-07
14.0,26.5,2,-1.1952474433840282e-07,5.923489890410691e-07
14.0,26.900000000000002,2,-9.092421706760703e-08,5.2125412545189e-07
14.0,27.3,2,-7.081228187620672e-08,4.5879364929425824e-07
14.0,27.700000000000003,2,-5.17662250373335e-08,4.039043542478403e-07
14.0,28.1,2,-3.701441915934246e-08,3.556560849935997e-07
14.0,28.5,2,-2.4862000822356874e-08,3.1323476900886647e-07
14.0,28.900000000000002,2,-3.202553734953748e-08,2.759276607664186e-07
14.0,29.3,2,3.681299904238959e-08,2.4311050234398223e-07
14.0,29.700000000000003,2,1.865817019459964e-07,2.142363452466969e-07
14.0,30.1,2,3.0402060148729377e-07,1.888258132248535e-07
14.0,30.5,2,2.717938974711654e-07,1.6645861589274038e-07
14.0,30.900000000000002,2,6.33993937858928e-08,1.467661487515656e-07
14.0,31.3,2,-2.3133519631916312e-07,1.2942503740724138e-07
14.0,31.700000000000003,2,-4.5885886847389936e-07,1.1415150287395176e-07
14.0,32.1,2,-4.968743303214737e-07,1.006964413127517e-07
14.0,32.5,2,-3.2959901468981485e-07,8.884112574840452e-08
14.0,32.9,2,-5.415424382568187e-08,7.839344955924922e-08
14.0,33.300000000000004,2,1.832283594303891e-07,6.91846421181505e-08
14.0,33.7,2,2.7002136135529246e-07,6.10663961120484e-08
14.0,34.1,2,2.0492277110116316e-07,5.390835398338046e-08
14.0,34.5,2,7.580607473797742e-08,4.759590778984665e-08
14.0,34.9,2,1.358027476465608e-08,4.2028272716745514e-08
14.0,35.300000000000004,2,1.2792020720881079e-09,3.711679962379394e-08
14.0,35.7,2,6.880008913191313e-11,3.278349647411303e-08
14.0,36.1,2,2.2566799360125184e-12,2.8959732369706806e-08
14.0,36.5,2,4.751547480648823e-14,2.5585101284884225e-08
14.0,36.9,2,6.686876690664299e-16,2.2606425515468306e-08
14.0,37.300000000000004,2,6.497644753887166e-18,1.9976881406318038e-08
14.0,37.7,2,4.477590679503179e-20,1.7655232133712038e-08
14.0,38.1,2,2.2377775541852484e-22,1.560515424642335e-08
14.0,38.5,2,8.267178186429123e-25,1.379464634789498e-08
14.0,38.900000000000006,2,2.295185881133981e-27,1.2195509764557329e-08
14.0,39.300000000000004,2,4.8578936010349765e-30,1.078289232041578e-08
14.0,39.7,2,7.93897554196206e-33,9.534887450171996e-09
14.0,0.1,5,-3.9276204315218305e-07,0.000875326087693164
14.0,0.5,5,1.7058607310725996e-06,0.0008725229778377815
14.0,0.9,5,1.993492395694659e-05,0.0008660037130665051
14.0,1.3,5,0.00015780785326040072,0.0008558193313016773
14.0,1.7000000000000002,5,0.0008511199195760453,0.000842049638365426
14.0,2.1,5,0.0029406290251459905,0.0008248027069332436
14.0,2.5,5,0.0067752177056807795,0.0008042142460366818
14.0,2.9000000000000004,5,0.01152193681354184,0.000780446890937439
14.0,3.3000000000000003,5,0.015627810329678426,0.0007536894877152674
14.0,3.7,5,0.0175986446040652,0.0007241564815810606
14.0,4.1000000000000005,5,0.016750361956531692,0.0006920875466581053
14.0,4.5,5,0.013501476916930174,0.0006577476244479963
14.0,4.9,5,0.009096255293214969,0.0006214275759210743
14.0,5.300000000000001,5,0.0049589066150389225,0.000583445685239042
14.0,5.7,5,0.0020545457320830652,0.0005441502439391518
14.0,6.1000000000000005,5,0.0005871729574328486,0.000503923325763871
14.0,6.5,5,0.00014109776348061233,0.0004631855146853514
14.0,6.9,5,0.00011187758930986408,0.00042240056240909555
14.0,7.300000000000001,5,0.000118042984649455,0.00038207744451794446
14.0,7.7,5,0.00010080458432892047,0.00034276498655582023
14.0,8.1,5,9.018103978434476e-05,0.000305032129716102
14.0,8.5,5,7.663083529217743e-05,0.00026942807216311093
14.0,8.9,5,6.422141711823067e-05,0.0002364248011620691
14.0,9.3,5,5.184810767920161e-05,0.0002063582895695214
14.0,9.700000000000001,5,3.942170802204446e-05,0.00017939230790938498
14.0,10.100000000000001,5,2.6583560324610152e-05,0.00015551963974234857
14.0,10.5,5,1.3548790572602378e-05,0.0001345957773165643
14.0,10.9,5,1.2273896066450718e-06,0.00011638709854510644
14.0,11.3,5,-9.509400334194631e-06,0.00010061637374102637
14.0,11.700000000000001,5,-1.87501189594352e-05,8.699681115493029e-05
14.0,12.100000000000001,5,-2.658046788661052e-05,7.525343001186817e-05
14.0,12.5,5,-3.273011364622677e-05,6.513431271494128e-05
14.0,12.9,5,-3.700249168796707e-05,5.641507407578734e-05
14.0,13.3,5,-3.937828895089093e-05,4.8899318651088345e-05
14.0,13.700000000000001,5,-3.993532191240121e-05,4.241699109976475e-05
14.0,14.100000000000001,5,-3.900504593291331e-05,3.6821790912669754e-05
14.0,14.5,5,-3.706163043348296e-05,3.198831427560147e-05
14.0,14.9,5,-3.335766109478423e-05,2.780926848242769e-05
14.0,15.3,5,-3.0702775194145845e-05,2.419291946741162e-05
14.0,15.700000000000001,5,-2.351491411189411e-05,2.1060831194161258e-05
14.0,16.1,5,-3.0212081266365624e-05,1.8345902721992265e-05
14.0,16.5,5,-1.0921634727999477e-05,1.5990683569892247e-05
14.0,16.900000000000002,5,0.0001688175850078367,1.3945937728493562e-05
14.0,17.3,5,0.0005315195921281111,1.2169424885518414e-05
14.0,17.7,5,0.0008618768045489688,1.0624866819187453e-05
14.0,18.1,5,0.0009000295767082887,9.28107012335611e-06
14.0,18.5,5,0.0006266840054130912,8.111184130046875e-06
14.0,18.900000000000002,5,0.0002747825740433256,7.092072840949893e-06
14.0,19.3,5,6.65744682812184e-05,6.203780783842968e-06
14.0,19.700000000000003,5,5.079101196224255e-06,5.429078556505777e-06
14.0,20.1,5,-3.7285079446709534e-06,4.753076310035772e-06
14.0,20.5,5,-3.701798861720904e-06,4.162894486367786e-06
14.0,20.900000000000002,5,-3.0153975647471165e-06,3.6473828282991e-06
14.0,21.3,5,-2.423620444378725e-06,3.196880253403548e-06
14.0,21.700000000000003,5,-1.944230767885283e-06,2.8030093904904084e-06
14.0,22.1,5,-1.5583686550510728e-06,2.45850055558654e-06
14.0,22.5,5,-1.2471950461445942e-06,2.1570407657068107e-06
14.0,22.900000000000002,5,-9.968192365050176e-07,1.8931440773540304e-06
14.0,23.3,5,-7.958973298758315e-07,1.662040113042315e-06
14.0,23.700000000000003,5,-6.34692680563363e-07,1.4595781218049016e-06
14.0,24.1,5,-5.05527378623221e-07,1.282144324385214e-06
14.0,24.5,5,-4.017302592111202e-07,1.1265906337943313e-06
14.0,24.900000000000002,5,-3.180263524293432e-07,9.90173128078428e-07
14.0,25.3,5,-2.514417652216611e-07,8.704988934290977e-07
14.0,25.700000000000003,5,-1.979205704587655e-07,7.654800595564146e-07
14.0,26.1,5,-1.5469166909086634e-07,6.732940216192031e-07
14.0,26.5,5,-1.1952474433840282e-07,5.923489890410691e-07
14.0,26.900000000000002,5,-9.092421706760703e-08,5.2125412545189e-07
14.0,27.3,5,-7.081228187620672e-08,4.5879364929425824e-07
14.0,27.700000000000003,5,-5.17662250373335e-08,4.039043542478403e-07
14.0,28.1,5,-3.701441915934246e-08,3.556560849935997e-07
14.0,28.5,5,-2.4862000822356874e-08,3.1323476900886647e-07
14.0,28.900000000000002,5,-3.202553734953748e-08,2.759276607664186e-07
14.0,29.3,5,3.681299904238959e-08,2.4311050234398223e-07
14.0,29.700000000000003,5,1.865817019459964e-07,2.142363452466969e-07
14.0,30.1,5,3.0402060148729377e-07,1.888258132248535e-07
14.0,30.5,5,2.717938974711654e-07,1.6645861589274038e-07
14.0,30.900000000000002,5,6.33993937858928e-08,1.467661487515656e-07
14.0,31.3,5,-2.3133519631916312e-07,1.2942503740724138e-07
14.0,31.700000000000003,5,-4.5885886847389936e-07,1.1415150287395176e-07
14.0,32.1,5,-4.968743303214737e-07,1.006964413127517e-07
14.0,32.5,5,-3.2959901468981485e-07,8.884112574840452e-08
14.0,32.9,5,-5.415424382568187e-08,7.839344955924922e-08
14.0,33.300000000000004,5,1.832283594303891e-07,6.91846421181505e-08
14.0,33.7,5,2.7002136135529246e-07,6.10663961120484e-08
14.0,34.1,5,2.0492277110116316e-07,5.390835398338046e-08
14.0,34.5,5,7.580607473797742e-08,4.759590778984665e-08
14.0,34.9,5,1.358027476465608e-08,4.2028272716745514e-08
14.0,35.300000000000004,5,1.2792020720881079e-09,3.711679962379394e-08
14.0,35.7,5,6.880008913191313e-11,3.278349647411303e-08
14.0,36.1,5,2.2566799360125184e-12,2.8959732369706806e-08
14.0,36.5,5,4.751547480648823e-14,2.5585101284884225e-08
14.0,36.9,5,6.686876690664299e-16,2.2606425515468306e-08
14.0,37.300000000000004,5,6.497644753887166e-18,1.9976881406318038e-08
14.0,37.7,5,4.477590679503179e-20,1.7655232133712038e-08
14.0,38.1,5,2.2377775541852484e-22,1.560515424642335e-08
14.0,38.5,5,8.267178186429123e-25,1.379464634789498e-08
14.0,38.900000000000006,5,2.295185881133981e-27,1.2195509764557329e-08
14.0,39.300000000000004,5,4.8578936010349765e-30,1.078289232041578e-08
14.0,39.7,5,7.93897554196206e-33,9.534887450171996e-09
16.0,0.1,2,0.029999728413606305,0.0009489790671289834
16.0,0.5,2,0.03265351406761658,0.0009459401985290835
16.0,0.9,2,0.03695681381761643,0.0009388725848357666
16.0,1.3,2,0.0395709015961331,0.0009278314596645661
16.0,1.7000000000000002,2,0.038233324695527364,0.0009129032289192496
16.0,2.1,2,0.03266736132443985,0.0008942050114489132
16.0,2.5,2,0.024292303527489727,0.0008718839806143282
16.0,2.9000000000000004,2,0.01536975776223214,0.0008461165434193918
16.0,3.3000000000000003,2,0.007963338094723554,0.0008171075032211167
16.0,3.7,2,0.0031592557393396053,0.0007850893745165621
16.0,4.1000000000000005,2,0.0008666363325172508,0.000750321993657844
16.0,4.5,2,0.0002026954441490136,0.0007130925785597706
16.0,4.9,2,0.00016730969355784652,0.0006737164460841616
16.0,5.300000000000001,2,0.00018235637683597258,0.0006325386474835778
16.0,5.7,2,0.00016084836375019124,0.0005899367725548394
16.0,6.1000000000000005,2,0.00015120117517633614,0.000546325041327305
16.0,6.5,2,0.00013939199851003813,0.000502159427176124
16.0,6.9,2,0.00013008843027845728,0.00045794270409334653
16.0,7.300000000000001,2,0.00012046776450078119,0.0004142266750130008
16.0,7.7,2,0.00011148051729688568,0.0003716063455716668
16.0,8.1,2,0.00010288060442237999,0.00033069852941529186
16.0,8.5,2,9.430746359303969e-05,0.00029209863588314857
16.0,8.9,2,8.56767277646074e-05,0.0002563183667397276
16.0,9.3,2,7.691742208957864e-05,0.0002237219648268993
16.0,9.700000000000001,2,6.796537132105567e-05,0.00019448698109654876
16.0,10.100000000000001,2,5.8757686338504544e-05,0.00016860559199832425
16.0,10.5,2,4.9273197812756275e-05,0.00014592113030927986
16.0,10.9,2,3.950574424465502e-05,0.0001261803160713604
16.0,11.3,2,2.9503726755493898e-05,0.00010908259253070916
16.0,11.700000000000001,2,1.936458373325398e-05,9.431703634066194e-05
16.0,12.100000000000001,2,9.235718012311376e-06,8.15855289647165e-05
16.0,12.5,2,-6.887227625443717e-07,7.061495567416427e-05
16.0,12.9,2,-1.0175997364947488e-05,6.116205083902758e-05
16.0,13.3,2,-1.8946426850015404e-05,5.301389374896353e-05
16.0,13.700000000000001,2,-2.671460486824172e-05,4.598612016131341e-05
16.0,14.100000000000001,2,-3.3239200851792776e-05,3.992011948915522e-05
16.0,14.5,2,-3.830730241418101e-05,3.467993615731309e-05
16.0,14.9,2,-4.1805375042020366e-05,3.0149249612733432e-05
16.0,15.3,2,-4.3706698319002434e-05,2.6228607076903125e-05
16.0,15.700000000000001,2,-4.409335474820258e-05,2.2832972722085826e-05
16.0,16.1,2,-4.3130303706106286e-05,1.9889599611358773e-05
16.0,16.5,2,-4.1060641982741784e-05,1.7336203357468294e-05
16.0,16.900000000000002,2,-3.815474218002649e-05,1.5119405340715637e-05
16.0,17.3,2,-3.469870830790236e-05,1.3193410665082475e-05
16.0,17.7,2,-3.095750141274386e-05,1.1518887487105643e-05
16.0,18.1,2,-2.715458872895092e-05,1.0062017583065845e-05
16.0,18.5,2,-2.3466920847272697e-05,8.793691806874806e-06
16.0,18.900000000000002,2,-2.0019646763876616e-05,7.688827830533039e-06
16.0,19.3,2,-1.6889466401034822e-05,6.725790980647853e-06
16.0,19.700000000000003,2,-1.4114645139172997e-05,5.885901991898094e-06
16.0,20.1,2,-1.1701516296341695e-05,5.1530180818370755e-06
16.0,20.5,2,-9.635761559047424e-06,4.5131759410009945e-06
16.0,20.900000000000002,2,-7.891301930127882e-06,3.954287072976307e-06
16.0,21.3,2,-6.432558054470613e-06,3.4658774591120796e-06
16.0,21.700000000000003,2,-5.224535671451851e-06,3.0388648079568137e-06
16.0,22.1,2,-4.229888282480632e-06,2.6653677216523543e-06
16.0,22.5,2,-3.4163576871499764e-06,2.3385420062765777e-06
16.0,22.900000000000002,2,-2.7537340107892004e-06,2.0524401005793526e-06
16.0,23.3,2,-2.215501407494485e-06,1.8018902226515451e-06
16.0,23.700000000000003,2,-1.780507273773519e-06,1.5823923573904926e-06
16.0,24.1,2,-1.4293025989462403e-06,1.3900286463529338e-06
16.0,24.5,2,-1.1454040671569288e-06,1.2213861100816475e-06
16.0,24.900000000000002,2,-9.166051040683918e-07,1.0734899431881428e-06
16.0,25.3,2,-7.329812596308349e-07,9.437458841094891e-07
16.0,25.700000000000003,2,-5.850342263874809e-07,8.29890382428288e-07
16.0,26.1,2,-4.661601359617285e-07,7.299474734847748e-07
16.0,26.5,2,-3.7087774030064053e-07,6.421914282521088e-07
16.0,26.900000000000002,2,-2.937522857935168e-07,5.651143807440665e-07
16.0,27.3,2,-2.3229979518776463e-07,4.973982493888092e-07
16.0,27.700000000000003,2,-1.826406549287494e-07,4.378903659812141e-07
16.0,28.1,2,-1.438216368201032e-07,3.855823086410149e-07
16.0,28.5,2,-1.1208354302309256e-07,3.3959150586660147e-07
16.0,28.900000000000002,2,-8.456392628070742e-08,2.991452391446616e-07
16.0,29.3,2,-6.525537967665516e-08,2.6356672321809584e-07
16.0,29.700000000000003,2,-4.939087167748043e-08,2.3226298734364023e-07
16.0,30.1,2,-3.3237619299325877e-08,2.047143187924307e-07
16.0,30.5,2,-2.418751372372721e-08,1.8046506239673965e-07
16.0,30.900000000000002,2,-3.103406230794111e-08,1.5911559791394453e-07
16.0,31.3,2,3.5186920666855894e-08,1.4031534103242555e-07
16.0,31.700000000000003,2,1.7618483387284124e-07,1.237566345517269e-07
16.0,32.1,2,2.8577698800357727e-07,1.0916941411271773e-07
16.0,32.5,2,2.542569378670414e-07,9.631654824136775e-08
16.0,32.9,2,5.729347595178116e-08,8.49897657520143e-08
16.0,33.300000000000004,2,-2.2016529223222855e-07,7.500609503033817e-08
16.0,33.7,2,-4.333961761802777e-07,6.620474963511824e-08
16.0,34.1,2,-4.6726832397041614e-07,5.8444403239638243e-08
16.0,34.5,2,-3.0791337960520767e-07,5.160080436355222e-08
16.0,34.9,2,-4.918873345654667e-08,4.556468778342163e-08
16.0,35.300000000000004,2,1.729319999511768e-07,4.023994509093389e-08
16.0,35.7,2,2.5530028233596845e-07,3.5542021709428115e-08
16.0,36.1,2,1.9096933106892413e-07,3.1396511882124436e-08
16.0,36.5,2,7.119236851852556e-08,2.7737926795854743e-08
16.0,36.9,2,1.3567602671014594e-08,2.4508614176789673e-08
16.0,37.300000000000004,2,1.4314067701301093e-09,2.1657810453435233e-08
16.0,37.7,2,9.004820456374238e-11,1.9140808982470072e-08
16.0,38.1,2,3.583354721427741e-12,1.6918229922488435e-08
16.0,38.5,2,9.44589473071003e-14,1.4955379160495762e-08
16.0,38.900000000000006,2,1.7108384612119967e-15,1.3221685281726113e-08
16.0,39.300000000000004,2,2.1929381817791212e-17,1.169020495573365e-08
16.0,39.7,2,2.0384084382473157e-19,1.0337188317400666e-08
16.0,0.1,5,0.029958049468374832,0.000948979047716235
16.0,0.5,5,0.03261244036854029,0.0009459401800689147
16.0,0.9,5,0.0369170392320188,0.0009388725711178453
16.0,1.3,5,0.039533223592411,0.0009278314561412837
16.0,1.7000000000000002,5,0.03819844763998278,0.0009129032391614027
16.0,2.1,5,0.03263590912934686,0.0008942050346632875
16.0,2.5,5,0.02426481600527034,0.0008718840119866801
16.0,2.9000000000000004,5,0.015346632575980455,0.0008461165765488858
16.0,3.3000000000000003,5,0.007944806973283237,0.0008171075328081454
16.0,3.7,5,0.0031453845774015105,0.0007850893978077815
16.0,4.1000000000000005,5,0.0008573284734256037,0.000750322010317821
16.0,4.5,5,0.00019769146485854115,0.0007130925896216499
16.0,4.9,5,0.00016624064645914954,0.0006737164528727538
16.0,5.300000000000001,5,0.0001847705967478632,0.000632538651030966
16.0,5.7,5,0.00016625943293615623,0.0005899367735158621
16.0,6.1000000000000005,5,0.00015910712201814577,0.0005463250401193072
16.0,6.5,5,0.00014931269100347088,0.0005021594241164989
16.0,6.9,5,0.00014159481474891695,0.0004579426994917083
16.0,7.300000000000001,5,0.00013316738730951072,0.00041422666921492676
16.0,7.7,5,0.00012505520991386876,0.000371606338951483
16.0,8.1,5,0.00011704817376002766,0.00033069852233156866
16.0,8.5,5,0.00010882977629653585,0.00029209862862750375
16.0,8.9,5,0.00010040004925791577,0.0002563183595126803
16.0,9.3,5,9.164980937089447e-05,0.00022372195776213484
16.0,9.700000000000001,5,8.267872031551185e-05,0.00019448697432101702
16.0,10.100000000000001,5,7.324792652463795e-05,0.00016860558567934696
16.0,10.5,5,6.32155872641884e-05,0.00014592112463136472
16.0,10.9,5,5.302515576313347e-05,0.00012618031115820775
16.0,11.3,5,4.302926496146836e-05,0.00010908258836014169
16.0,11.700000000000001,5,3.292790792502723e-05,9.431703273066934e-05
16.0,12.100000000000001,5,2.231958748755121e-05,8.158552568337881e-05
16.0,12.5,5,1.14288972204334e-05,7.06149525799385e-05
16.0,12.9,5,1.0477242858996282e-06,6.116204790391588e-05
16.0,13.3,5,-8.088659530502676e-06,5.301389100168049e-05
16.0,13.700000000000001,5,-1.6021766525794824e-05,4.598611765034733e-05
16.0,14.100000000000001,5,-2.2818238925230163e-05,3.9920117271511326e-05
16.0,14.5,5,-2.8204268742603295e-05,3.467993429562985e-05
16.0,14.9,5,-3.20322385803601e-05,3.0149248171697055e-05
16.0,15.3,5,-3.429031011726098e-05,2.6228606116505507e-05
16.0,15.700000000000001,5,-3.493667868031856e-05,2.2832972288128445e-05
16.0,16.1,5,-3.4085943070392323e-05,1.988959972508193e-05
16.0,16.5,5,-3.2615211404422985e-05,1.7336204008225604e-05
16.0,16.900000000000002,5,-2.945947997378477e-05,1.511940648403648e-05
16.0,17.3,5,-2.7177421678168536e-05,1.3193412220485745e-05
16.0,17.7,5,-2.0475170401968905e-05,1.1518889336624963e-05
16.0,18.1,5,-2.8306491332155218e-05,1.0062019536352365e-05
16.0,18.5,5,-1.1622046308641297e-05,8.793693528271828e-06
16.0,18.900000000000002,5,0.00015200305035225728,7.688828719232145e-06
16.0,19.3,5,0.0004802631113370761,6.725790720339932e-06
16.0,19.700000000000003,5,0.0007769075106207568,5.885901185877274e-06
16.0,20.1,5,0.0008088358971329997,5.153017487980689e-06
16.0,20.5,5,0.0005619969372228632,4.513175704534706e-06
16.0,20.900000000000002,5,0.0002469189332563701,3.954287015048259e-06
16.0,21.3,5,6.152680987666345e-05,3.465877450071934e-06
16.0,21.700000000000003,5,5.450955240972022e-06,3.0388648070495347e-06
16.0,22.1,5,-3.216635867512712e-06,2.665367721593106e-06
16.0,22.5,5,-3.3559413304365927e-06,2.3385420062740053e-06
16.0,22.900000000000002,5,-2.751381510743005e-06,2.052440100579277e-06
16.0,23.3,5,-2.2154394924906677e-06,1.8018902226515445e-06
16.0,23.700000000000003,5,-1.7805061393008043e-06,1.5823923573904926e-06
16.0,24.1,5,-1.4293025841047044e-06,1.3900286463529338e-06
16.0,24.5,5,-1.1454040670152753e-06,1.2213861100816475e-06
16.0,24.900000000000002,5,-9.166051040673874e-07,1.0734899431881428e-06
16.0,25.3,5,-7.329812596308298e-07,9.437458841094891e-07
16.0,25.700000000000003,5,-5.850342263874809e-07,8.29890382428288e-07
16.0,26.1,5,-4.661601359617285e-07,7.299474734847748e-07
16.0,26.5,5,-3.7087774030064053e-07,6.421914282521088e-07
16.0,26.900000000000002,5,-2.937522857935168e-07,5.651143807440665e-07
16.0,27.3,5,-2.3229979518776463e-07,4.973982493888092e-07
16.0,27.700000000000003,5,-1.826406549287494e-07,4.378903659812141e-07
16.0,28.1,5,-1.438216368201032e-07,3.855823086410149e-07
16.0,28.5,5,-1.1208354302309256e-07,3.3959150586660147e-07
16.0,28.900000000000002,5,-8.456392628070742e-08,2.991452391446616e-07
16.0,29.3,5,-6.525537967665516e-08,2.6356672321809584e-07
16.0,29.700000000000003,5,-4.939087167748043e-08,2.3226298734364023e-07
16.0,30.1,5,-3.3237619299325877e-08,2.047143187924307e-07
16.0,30.5,5,-2.418751372372721e-08,1.8046506239673965e-07
16.0,30.900000000000002,5,-3.103406230794111e-08,1.5911559791394453e-07
16.0,31.3,5,3.5186920666855894e-08,1.4031534103242555e-07
16.0,31.700000000000003,5,1.7618483387284124e-07,1.237566345517269e-07
16.0,32.1,5,2.8577698800357727e-07,1.0916941411271773e-07
16.0,32.5,5,2.542569378670414e-07,9.631654824136775e-08
16.0,32.9,5,5.729347595178116e-08,8.49897657520143e-08
16.0,33.300000000000004,5,-2.2016529223222855e-07,7.500609503033817e-08
16.0,33.7,5,-4.333961761802777e-07,6.620474963511824e-08
16.0,34.1,5,-4.6726832397041614e-07,5.8444403239638243e-08
16.0,34.5,5,-3.0791337960520767e-07,5.160080436355222e-08
16.0,34.9,5,-4.918873345654667e-08,4.556468778342163e-08
16.0,35.300000000000004,5,1.729319999511768e-07,4.023994509093389e-08
16.0,35.7,5,2.5530028233596845e-07,3.5542021709428115e-08
16.0,36.1,5,1.9096933106892413e-07,3.1396511882124436e-08
16.0,36.5,5,7.119236851852556e-08,2.7737926795854743e-08
16.0,36.9,5,1.3567602671014594e-08,2.4508614176789673e-08
16.0,37.300000000000004,5,1.4314067701301093e-09,2.1657810453435233e-08
16.0,37.7,5,9.004820456374238e-11,1.9140808982470072e-08
16.0,38.1,5,3.583354721427741e-12,1.6918229922488435e-08
16.0,38.5,5,9.44589473071003e-14,1.4955379160495762e-08
16.0,38.900000000000006,5,1.7108384612119967e-15,1.3221685281726113e-08
16.0,39.300000000000004,5,2.1929381817791212e-17,1.169020495573365e-08
16.0,39.7,5,2.0384084382473157e-19,1.0337188317400666e-08
18.0,0.1,2,0.0035866824778679344,0.00041185363676809
18.0,0.5,2,0.0031811787998996446,0.00041053441934556597
18.0,0.9,2,0.0023309185553458877,0.00040746633299548513
18.0,1.3,2,0.0013586173949174888,0.0004026735490796867
18.0,1.7000000000000002,2,0.0005780754923590626,0.00039619385529168
18.0,2.1,2,0.00015680564016505718,0.000388078302498654
18.0,2.5,2,0.00012033283481127977,0.00037839080418341825
18.0,2.9000000000000004,2,0.00026919541632261794,0.00036720781105478137
18.0,3.3000000000000003,2,0.00030880153020233374,0.00035461808515626286
18.0,3.7,2,0.0002628527081848791,0.0003407224699182179
18.0,4.1000000000000005,2,0.0002398251242272752,0.0003256337084173229
18.0,4.5,2,0.0002175816499784799,0.00030947644473184016
18.0,4.9,2,0.00020065347839586537,0.00029238752257525967
18.0,5.300000000000001,2,0.00018494999035107606,0.00027451669122072734
18.0,5.7,2,0.00017212572973691442,0.00025602782166963097
18.0,6.1000000000000005,2,0.00016073067575830962,0.00023710068220232996
18.0,6.5,2,0.00015042438243876845,0.00021793316170462545
18.0,6.9,2,0.0001411428751641095,0.0001987434601316993
18.0,7.300000000000001,2,0.00013270142192907262,0.000179771055587325
18.0,7.7,2,0.00012488365917950504,0.00016127417579191506
18.0,8.1,2,0.0001175284924374304,0.00014352051296621216
18.0,8.5,2,0.0001105216637562588,0.00012676847003777563
18.0,8.9,2,0.0001037565681549933,0.00011124012152026421
18.0,9.3,2,9.715105210172596e-05,9.709354592955102e-05
18.0,9.700000000000001,2,9.0630347604258e-05,8.440579897631156e-05
18.0,10.100000000000001,2,8.41158531295409e-05,7.317348529177404e-05
18.0,10.5,2,7.754057262814083e-05,6.33286125155773e-05
18.0,10.9,2,7.082793604280585e-05,5.4761259115112084e-05
18.0,11.3,2,6.391980308576142e-05,4.7340985803361804e-05
18.0,11.700000000000001,2,5.6773314583279334e-05,4.09328542837177e-05
18.0,12.100000000000001,2,4.933493460144699e-05,3.5407483458088994e-05
18.0,12.5,2,4.1571553518031085e-05,3.0646343691872526e-05
18.0,12.9,2,3.349871620971906e-05,2.6543859626224637e-05
18.0,13.3,2,2.514238157309595e-05,2.300762535704468e-05
18.0,13.700000000000001,2,1.6584269893446702e-05,1.9957628262070923e-05
18.0,14.100000000000001,2,7.951980933532826e-06,1.7325032607198406e-05
18.0,14.5,2,-5.849339661745958e-07,1.5050834764562307e-05
18.0,14.9,2,-8.806147902342177e-06,1.3084552563892397e-05
18.0,15.3,2,-1.646791001996787e-05,1.1383024328717122e-05
18.0,15.700000000000001,2,-2.3316627274599093e-05,9.909345235186287e-06
18.0,16.1,2,-2.9112003490936546e-05,8.631943746015661e-06
18.0,16.5,2,-3.366770520350526e-05,7.523788987224582e-06
18.0,16.900000000000002,2,-3.686007696099353e-05,6.561715111595343e-06
18.0,17.3,2,-3.865428121882862e-05,5.725847538103318e-06
18.0,17.7,2,-3.9109256341204605e-05,4.999116588119759e-06
18.0,18.1,2,-3.836388643812662e-05,4.366845440742425e-06
18.0,18.5,2,-3.661921582725068e-05,3.816400971806835e-06
18.0,18.900000000000002,2,-3.411457250184137e-05,3.336897662974021e-06
18.0,19.3,2,-3.1100326480763984e-05,2.918946252135137e-06
18.0,19.700000000000003,2,-2.781190622478051e-05,2.554440102538664e-06
18.0,20.1,2,-2.4450482435570687e-05,2.2363733906949907e-06
18.0,20.5,2,-2.117596219861463e-05,1.958686164320608e-06
18.0,20.900000000000002,2,-1.810322028843466e-05,1.7161321203983458e-06
18.0,21.3,2,-1.530307914229393e-05,1.5041656210185693e-06
18.0,21.700000000000003,2,-1.2813448652246152e-05,1.3188450217002427e-06
18.0,22.1,2,-1.0641883894231325e-05,1.1567498518732981e-06
18.0,22.5,2,-8.77935225271917e-06,1.0149097757171212e-06
18.0,22.900000000000002,2,-7.201712365746121e-06,8.907435862936102e-07
18.0,23.3,2,-5.8809183989896436e-06,7.820067573241691e-07
18.0,23.700000000000003,2,-4.78374521164175e-06,6.867463039111186e-07
18.0,24.1,2,-3.878958602714146e-06,6.032618936856751e-07
18.0,24.5,2,-3.1377360472769815e-06,5.30072309759035e-07
18.0,24.900000000000002,2,-2.532873177010236e-06,4.6588650164788874e-07
18.0,25.3,2,-2.0408675360168845e-06,4.095785741239102e-07
18.0,25.700000000000003,2,-1.6418535226909232e-06,3.6016615994115447e-07
18.0,26.1,2,-1.3195702245802458e-06,3.167917034296676e-07
18.0,26.5,2,-1.0593378480334208e-06,2.787062504966367e-07
18.0,26.900000000000002,2,-8.489575457869084e-07,2.452553988005772e-07
18.0,27.3,2,-6.79883718374191e-07,2.158671114579863e-07
18.0,27.700000000000003,2,-5.432301371730496e-07,1.9004113987257592e-07
18.0,28.1,2,-4.3377602331208387e-07,1.6733983720141944e-07
18.0,28.5,2,-3.452682793843869e-07,1.4738017457389834e-07
18.0,28.900000000000002,2,-2.745371384746139e-07,1.2982679834097372e-07
18.0,29.3,2,-2.1684256187218826e-07,1.1438598904356518e-07
18.0,29.700000000000003,2,-1.7031737339137372e-07,1.0080040200219911e-07
18.0,30.1,2,-1.334057163760143e-07,8.884448590317572e-08
18.0,30.5,2,-1.0475361958733191e-07,7.832048989156818e-08
18.0,30.900000000000002,2,-7.994385238130514e-08,6.905498182187687e-08
18.0,31.3,2,-6.005724717691555e-08,6.089581075683555e-08
18.0,31.700000000000003,2,-4.7442804621802645e-08,5.370945579205592e-08
18.0,32.1,2,-3.006852775015227e-08,4.737871102719952e-08
18.0,32.5,2,-2.3676132198502574e-08,4.1800663182626166e-08
18.0,32.9,2,-2.9817971987908896e-08,3.688492412485679e-08
18.0,33.300000000000004,2,3.437542514893202e-08,3.25520855432508e-08
18.0,33.7,2,1.678192043350142e-07,2.8732367325174876e-08
18.0,34.1,2,2.705261202326503e-07,2.5364434901477483e-08
18.0,34.5,2,2.397075627223033e-07,2.239436405830606e-08
18.0,34.9,2,5.304236288814949e-08,1.9774734504936888e-08
18.0,35.300000000000004,2,-2.0907822225014344e-07,1.746383590983298e-08
18.0,35.7,2,-4.102781404722935e-07,1.5424972217931064e-08
18.0,36.1,2,-4.416505960898202e-07,1.3625851886156591e-08
18.0,36.5,2,-2.892708941941767e-07,1.2038053258381455e-08
18.0,36.9,2,-4.4104983262684314e-08,1.063655567806049e-08
18.0,37.300000000000004,2,1.6357629480177965e-07,9.39932813403035e-09
18.0,37.7,2,2.420796852128292e-07,8.306968276726418e-09
18.0,38.1,2,1.7848215611460452e-07,7.3423855488549365e-09
18.0,38.5,2,6.714750086217575e-08,6.490522964273334e-09
18.0,38.900000000000006,2,1.3504628350207547e-08,5.738112757098362e-09
18.0,39.300000000000004,2,1.5677668406658089e-09,5.073461722968024e-09
18.0,39.7,2,1.1243865028194854e-10,4.4862625976409195e-09
18.0,0.1,5,0.003558315734420527,0.0004118537823208161
18.0,0.5,5,0.0031528872319665415,0.00041053455421898147
18.0,0.9,5,0.002302585458468186,0.0004074664465280752
18.0,1.3,5,0.0013302903461924588,0.0004026736371558148
18.0,1.7000000000000002,5,0.0005498185225877877,0.00039619391978506217
18.0,2.1,5,0.00012875782636812057,0.00038807834839689557
18.0,2.5,5,9.270260065040663e-05,0.00037839083667457
18.0,2.9000000000000004,5,0.0002422873697935933,0.00036720783424550236
18.0,3.3000000000000003,5,0.0002829726223283916,0.0003546181018797244
18.0,3.7,5,0.0002385082157313528,0.0003407224819316285
18.0,4.1000000000000005,5,0.0002174049881113863,0.00032563371683193754
18.0,4.5,5,0.0001975066006152493,0.00030947645042062695
18.0,4.9,5,0.00018329947182671325,0.00029238752636663037
18.0,5.300000000000001,5,0.00017059876673012288,0.00027451669392583925
18.0,5.7,5,0.0001609517135419373,0.0002560278240246631
18.0,6.1000000000000005,5,0.00015277856963594495,0.0002371006847823509
18.0,6.5,5,0.0001456316394579821,0.00021793316485112712
18.0,6.9,5,0.0001393347373736345,0.00019874346392292582
18.0,7.300000000000001,5,0.0001336173985675668,0.00017977105986389128
18.0,7.7,5,0.00012822559662447694,0.00016127418022931844
18.0,8.1,5,0.00012296047376519906,0.00014352051716953553
18.0,8.5,5,0.0001177066858314338,0.00012676847363220806
18.0,8.9,5,0.00011237291927600776,0.00011124012422139506
18.0,9.3,5,0.00010689063044170526,9.709354758680245e-05
18.0,9.700000000000001,5,0.0001012328481962546,8.440579958244068e-05
18.0,10.100000000000001,5,9.53609609348669e-05,7.317348495290132e-05
18.0,10.5,5,8.920391919536265e-05,6.332861139203134e-05
18.0,10.9,5,8.278473545755556e-05,5.476125736427907e-05
18.0,11.3,5,7.598880713996056e-05,4.7340983558845484e-05
18.0,11.700000000000001,5,6.893623047993931e-05,4.09328516815237e-05
18.0,12.100000000000001,5,6.13950711191567e-05,3.540748067410547e-05
18.0,12.5,5,5.324721749997929e-05,3.0646340934513955e-05
18.0,12.9,5,4.4898977272765875e-05,2.654385707590757e-05
18.0,13.3,5,3.662003381153952e-05,2.3007623079211746e-05
18.0,13.700000000000001,5,2.8150908870796213e-05,1.9957626169913777e-05
18.0,14.100000000000001,5,1.914544755532605e-05,1.7325030544876572e-05
18.0,14.5,5,9.828778601658446e-06,1.505083263333261e-05
18.0,14.9,5,8.802121074530014e-07,1.3084550352265936e-05
18.0,15.3,5,-7.049666284052158e-06,1.1383022072780198e-05
18.0,15.700000000000001,5,-1.4022915441325721e-05,9.90934299090562e-06
18.0,16.1,5,-2.0031092126744125e-05,8.631941581002321e-06
18.0,16.5,5,-2.4814170042988808e-05,7.5237869791296835e-06
18.0,16.900000000000002,5,-2.820895504692675e-05,6.561713345628912e-06
18.0,17.3,5,-3.027741053416685e-05,5.725846101351552e-06
18.0,17.7,5,-3.105650270107582e-05,4.9991155607804534e-06
18.0,18.1,5,-3.0295469302080504e-05,4.3668448854369855e-06
18.0,18.5,5,-2.901810553652713e-05,3.816400924241262e-06
18.0,18.900000000000002,5,-2.643261395174482e-05,3.3368981282755294e-06
18.0,19.3,5,-2.4275328603937044e-05,2.9189471990561396e-06
18.0,19.700000000000003,5,-1.8023486851765208e-05,2.5544414592225738e-06
18.0,20.1,5,-2.6784570338131984e-05,2.2363750092765344e-06
18.0,20.5,5,-1.2121121115831756e-05,1.9586877413704074e-06
18.0,20.900000000000002,5,0.00013846919045768947,1.716133054006757e-06
18.0,21.3,5,0.00043859149368395917,1.5041655426139147e-06
18.0,21.700000000000003,5,0.0007075542528030227,1.3188444111732445e-06
18.0,22.1,5,0.0007341413723811721,1.1567493695761297e-06
18.0,22.5,5,0.000508754080243633,1.0149095755581252e-06
18.0,22.900000000000002,5,0.00022404629084319405,8.907435350010576e-07
18.0,23.3,5,5.731266610645834e-05,7.820067488152892e-07
18.0,23.700000000000003,5,5.7328074160621665e-06,6.867463029805738e-07
18.0,24.1,5,-2.7838703428434597e-06,6.03261893617526e-07
18.0,24.5,5,-3.0637457706117134e-06,5.300723097556224e-07
18.0,24.900000000000002,5,-2.5295128200736055e-06,4.6588650164776936e-07
18.0,25.3,5,-2.040761693806908e-06,4.095785741239075e-07
18.0,25.700000000000003,5,-1.6418511476260582e-06,3.6016615994115447e-07
18.0,26.1,5,-1.319570185726698e-06,3.167917034296676e-07
18.0,26.5,5,-1.0593378475608029e-06,2.787062504966367e-07
18.0,26.900000000000002,5,-8.489575457825601e-07,2.452553988005772e-07
18.0,27.3,5,-6.798837183741605e-07,2.158671114579863e-07
18.0,27.700000000000003,5,-5.432301371730495e-07,1.9004113987257592e-07
18.0,28.1,5,-4.3377602331208387e-07,1.6733983720141944e-07
18.0,28.5,5,-3.452682793843869e-07,1.4738017457389834e-07
18.0,28.900000000000002,5,-2.745371384746139e-07,1.2982679834097372e-07
18.0,29.3,5,-2.1684256187218826e-07,1.1438598904356518e-07
18.0,29.700000000000003,5,-1.7031737339137372e-07,1.0080040200219911e-07
18.0,30.1,5,-1.334057163760143e-07,8.884448590317572e-08
18.0,30.5,5,-1.0475361958733191e-07,7.832048989156818e-08
18.0,30.900000000000002,5,-7.994385238130514e-08,6.905498182187687e-08
18.0,31.3,5,-6.005724717691555e-08,6.089581075683555e-08
18.0,31.700000000000003,5,-4.7442804621802645e-08,5.370945579205592e-08
18.0,32.1,5,-3.006852775015227e-08,4.737871102719952e-08
18.0,32.5,5,-2.3676132198502574e-08,4.1800663182626166e-08
18.0,32.9,5,-2.9817971987908896e-08,3.688492412485679e-08
18.0,33.300000000000004,5,3.437542514893202e-08,3.25520855432508e-08
18.0,33.7,5,1.678192043350142e-07,2.8732367325174876e-08
18.0,34.1,5,2.705261202326503e-07,2.5364434901477483e-08
18.0,34.5,5,2.397075627223033e-07,2.239436405830606e-08
18.0,34.9,5,5.304236288814949e-08,1.9774734504936888e-08
18.0,35.300000000000004,5,-2.0907822225014344e-07,1.746383590983298e-08
18.0,35.7,5,-4.102781404722935e-07,1.5424972217931064e-08
18.0,36.1,5,-4.416505960898202e-07,1.3625851886156591e-08
18.0,36.5,5,-2.892708941941767e-07,1.2038053258381455e-08
18.0,36.9,5,-4.4104983262684314e-08,1.063655567806049e-08
18.0,37.300000000000004,5,1.6357629480177965e-07,9.39932813403035e-09
18.0,37.7,5,2.420796852128292e-07,8.306968276726418e-09
18.0,38.1,5,1.7848215611460452e-07,7.3423855488549365e-09
18.0,38.5,5,6.714750086217575e-08,6.490522964273334e-09
18.0,38.900000000000006,5,1.3504628350207547e-08,5.738112757098362e-09
18.0,39.300000000000004,5,1.5677668406658089e-09,5.073461722968024e-09
18.0,39.7,5,1.1243865028194854e-10,4.4862625976409195e-09
20.0,0.1,2,-0.03274593889668422,-0.00039035388366668347
20.0,0.5,2,-0.03484979980688125,-0.0003891038219457595
20.0,0.9,2,-0.038348694812656486,-0.0003861966346637484
20.0,1.3,2,-0.04028437903554031,-0.00038165518818022255
20.0,1.7000000000000002,2,-0.03826962778192636,-0.0003755149830087846
20.0,2.1,2,-0.03202572280075811,-0.0003678239846921002
20.0,2.5,2,-0.023261404111958227,-0.00035864256432343396
20.0,2.9000000000000004,2,-0.014307168469652154,-0.00034804330613870854
20.0,3.3000000000000003,2,-0.00713336289754466,-0.0003361105994934689
20.0,3.7,2,-0.002629521201865458,-0.0003229401912074323
20.0,4.1000000000000005,2,-0.0005487011082679489,-0.0003086389565577957
20.0,4.5,2,8.376826976860565e-05,-0.00029332498744646224
20.0,4.9,2,0.00019282952784421592,-0.0002771279627076111
20.0,5.300000000000001,2,0.0001919827197116346,-0.0002601898192687983
20.0,5.7,2,0.00017917420588123482,-0.00024266588280605323
20.0,6.1000000000000005,2,0.00016724355644945135,-0.0002247265440543508
20.0,6.5,2,0.0001567974300947106,-0.0002065593665939855
20.0,6.9,2,0.00014754774060591502,-0.00018837116394191346
20.0,7.300000000000001,2,0.0001392259625757719,-0.00017038891668902896
20.0,7.7,2,0.00013166160770923085,-0.0001528573762027989
20.0,8.1,2,0.00012469176148160332,-0.00013603026423755727
20.0,8.5,2,0.00011821359431774522,-0.0001201524979646256
20.0,8.9,2,0.00011212951272974882,-0.00010543456204603403
20.0,9.3,2,0.00010637454290540247,-9.202628502769778e-05
20.0,9.700000000000001,2,0.00010089320106520483,-8.000070116738265e-05
20.0,10.100000000000001,2,9.561556699991983e-05,-6.93545923354041e-05
20.0,10.5,2,9.048556567973676e-05,-6.0023514693992997e-05
20.0,10.9,2,8.546216277141527e-05,-5.1903283496392134e-05
20.0,11.3,2,8.04933078068706e-05,-4.487026705173433e-05
20.0,11.700000000000001,2,7.550970684036327e-05,-3.879656945912311e-05
20.0,12.100000000000001,2,7.046637519123696e-05,-3.355956199031339e-05
20.0,12.5,2,6.530534434755882e-05,-2.904690105369077e-05
20.0,12.9,2,5.996224358660502e-05,-2.5158521262354897e-05
20.0,13.3,2,5.439259590954407e-05,-2.1806839377725086e-05
20.0,13.700000000000001,2,4.8538172419458256e-05,-1.891601863562182e-05
20.0,14.100000000000001,2,4.2370634894826236e-05,-1.6420815827472857e-05
20.0,14.5,2,3.5860895774442455e-05,-1.4265306698715261e-05
20.0,14.9,2,2.9015428471008567e-05,-1.2401643704353545e-05
20.0,15.3,2,2.1864578686039764e-05,-1.0788917727468154e-05
20.0,15.700000000000001,2,1.4475859710421372e-05,-9.392149952724794e-06
20.0,16.1,2,6.965412771063142e-06,-8.181416502433066e-06
20.0,16.5,2,-5.136335906252901e-07,-7.131097180527296e-06
20.0,16.900000000000002,2,-7.76634396675576e-06,-6.21923509860363e-06
20.0,17.3,2,-1.4567405623280144e-05,-5.42699286255072e-06
20.0,17.7,2,-2.0684131538070882e-05,-4.738191595247883e-06
20.0,18.1,2,-2.5898212142195546e-05,-4.138920398703709e-06
20.0,18.5,2,-3.002958673588045e-05,-3.617205416460521e-06
20.0,18.900000000000002,2,-3.2960139389919986e-05,-3.162729195623812e-06
20.0,19.3,2,-3.464944671349625e-05,-2.766592455627339e-06
20.0,19.700000000000003,2,-3.513867966764149e-05,-2.4211116079837338e-06
20.0,20.1,2,-3.454451948856941e-05,-2.119646434161765e-06
20.0,20.5,2,-3.304372717970554e-05,-1.8564532299686288e-06
20.0,20.900000000000002,2,-3.084765394410477e-05,-1.626559482766139e-06
20.0,21.3,2,-2.817796514152069e-05,-1.4256567818076095e-06
20.0,21.700000000000003,2,-2.5246909133450547e-05,-1.2500091904223173e-06
20.0,22.1,2,-2.2236444078226657e-05,-1.0963747488546305e-06
20.0,22.5,2,-1.9293099103069853e-05,-9.61938143633951e-07
20.0,22.900000000000002,2,-1.652152809978634e-05,-8.442528864437534e-07
20.0,23.3,2,-1.3989612259275993e-05,-7.41191602966382e-07
20.0,23.700000000000003,2,-1.1731796088274383e-05,-6.509032481635322e-07
20.0,24.1,2,-9.759145721964327e-06,-5.717762454021631e-07
20.0,24.5,2,-8.06268275468893e-06,-5.024066983963014e-07
20.0,24.900000000000002,2,-6.623849630202142e-06,-4.415709522050357e-07
20.0,25.3,2,-5.416187902917544e-06,-3.8820188689115723e-07
20.0,25.700000000000003,2,-4.411301320076838e-06,-3.413684184045672e-07
20.0,26.1,2,-3.5820977699641584e-06,-3.002577583568227e-07
20.0,26.5,2,-2.9013420772515194e-06,-2.6416004959538255e-07
20.0,26.900000000000002,2,-2.344716217896231e-06,-2.3245504963815758e-07
20.0,27.3,2,-1.8916967469236817e-06,-2.04600580757073e-07
20.0,27.700000000000003,2,-1.5234269783722465e-06,-1.8012250532283153e-07
20.0,28.1,2,-1.2255528666570831e-06,-1.5860601911643352e-07
20.0,28.5,2,-9.844902008285603e-07,-1.3968808450583906e-07
20.0,28.900000000000002,2,-7.90016805498074e-07,-1.230508502897922e-07
20.0,29.3,2,-6.328805917507308e-07,-1.0841592620891376e-07
20.0,29.700000000000003,2,-5.064289312971718e-07,-9.553939825438466e-08
20.0,30.1,2,-4.0409888470996814e-07,-8.420748650679643e-08
20.0,30.5,2,-3.222028247609799e-07,-7.423276068052999e-08
20.0,30.900000000000002,2,-2.5623887632568133e-07,-6.545084009070842e-08
20.0,31.3,2,-2.0334243285248326e-07,-5.771751465884721e-08
20.0,31.700000000000003,2,-1.6048266092850262e-07,-5.090623207786621e-08
20.0,32.1,2,-1.248187158880093e-07,-4.49059035846456e-08
20.0,32.5,2,-9.767396869003805e-08,-3.9618987110873395e-08
20.0,32.9,2,-7.591726759491439e-08,-3.495981204390695e-08
20.0,33.300000000000004,2,-5.551938096779224e-08,-3.085311454856879e-08
20.0,33.7,2,-4.546431856204092e-08,-2.7232756480735413e-08
20.0,34.1,2,-2.7479823337507056e-08,-2.404060445429577e-08
20.0,34.5,2,-2.3763556187645493e-08,-2.122554867929329e-08
20.0,34.9,2,-2.9379629721120507e-08,-1.874264383697862e-08
20.0,35.300000000000004,2,3.289669539950554e-08,-1.655235655361788e-08
20.0,35.7,2,1.5957377283676653e-07,-1.4619906026372905e-08
20.0,36.1,2,2.5601291347228096e-07,-1.291468608324746e-08
20.0,36.5,2,2.2564087693351343e-07,-1.140975846103379e-08
20.0,36.9,2,4.82712703349953e-08,-1.0081408390235305e-08
20.0,37.300000000000004,2,-1.9937088254889e-07,-8.908754710347841e-09
20.0,37.7,2,-3.8879365656081035e-07,-7.873407726576664e-09
20.0,38.1,2,-4.182140944287034e-07,-6.959168878535007e-09
20.0,38.5,2,-2.732283605432407e-07,-6.151767040096703e-09
20.0,38.900000000000006,2,-3.941175501163449e-08,-5.438626921725369e-09
20.0,39.300000000000004,2,1.5531824362061738e-07,-4.80866561529805e-09
20.0,39.7,2,2.300142803894976e-07,-4.252113817309876e-09
20.0,0.1,5,-0.032758019385875844,-0.00039035393013856103
20.0,0.5,5,-0.03486188541017874,-0.00038910386169011354
20.0,0.9,5,-0.03836100320832889,-0.00038619666081624986
20.0,1.3,5,-0.04029703210566921,-0.00038165519816835174
20.0,1.7000000000000002,5,-0.03828274100158125,-0.00037551497900884575
20.0,2.1,5,-0.03203939150922962,-0.00036782397217658444
20.0,2.5,5,-0.023275712801564746,-0.0003586425494290273
20.0,2.9000000000000004,5,-0.014322164701770767,-0.0003480432932153001
20.0,3.3000000000000003,5,-0.007149065062197973,-0.0003361105899829878
20.0,3.7,5,-0.0026458828577040055,-0.0003229401842385834
20.0,4.1000000000000005,5,-0.0005656282672522444,-0.0003086389505164034
20.0,4.5,5,6.643503533413054e-05,-0.00029332498123273696
20.0,4.9,5,0.00017532981662104233,-0.00027712795595862607
20.0,5.300000000000001,5,0.00017461146852490792,-0.00026018981207642956
20.0,5.7,5,0.0001622867690357594,-0.00024266587545643113
20.0,6.1000000000000005,5,0.00015123365924213592,-0.00022472653685321148
20.0,6.5,5,0.00014206951072958705,-0.0002065593597570653
20.0,6.9,5,0.000134472057634133,-0.00018837115755190954
20.0,7.300000000000001,5,0.0001281229391228126,-0.00017038891070921398
20.0,7.7,5,0.00012277356351445386,-0.0001528573705219843
20.0,8.1,5,0.00011815912408376413,-0.00013603025872016276
20.0,8.5,5,0.00011407936611141339,-0.00012015249249157118
20.0,8.9,5,0.00011034145871091451,-0.00010543455654352377
20.0,9.3,5,0.00010679177771350133,-9.20262794851805e-05
20.0,9.700000000000001,5,0.0001033249436053675,-8.000069564620274e-05
20.0,10.100000000000001,5,9.981185629763491e-05,-6.935458696651859e-05
20.0,10.5,5,9.619539535717489e-05,-6.002350965937377e-05
20.0,10.9,5,9.242682259583007e-05,-5.190327899065244e-05
20.0,11.3,5,8.847054134129663e-05,-4.487026323259679e-05
20.0,11.700000000000001,5,8.427205322380199e-05,-3.87965664086699e-05
20.0,12.100000000000001,5,7.982810533845788e-05,-3.355955970910071e-05
20.0,12.5,5,7.509255593609343e-05,-2.9046899489462087e-05
20.0,12.9,5,7.005379660107903e-05,-2.515852034903637e-05
20.0,13.3,5,6.463778945364098e-05,-2.180683905310957e-05
20.0,13.700000000000001,5,5.892161581803643e-05,-1.8916018820181507e-05
20.0,14.100000000000001,5,5.27115530443486e-05,-1.642081639159889e-05
20.0,14.5,5,4.591507988064148e-05,-1.426530746589015e-05
20.0,14.9,5,3.889005518857146e-05,-1.24016445031713e-05
20.0,15.3,5,3.18554265503805e-05,-1.0788918474947112e-05
20.0,15.700000000000001,5,2.4584552389650738e-05,-9.392150700364384e-06
20.0,16.1,5,1.678047863384945e-05,-8.181417373405082e-06
20.0,16.5,5,8.64282862451161e-06,-7.131098260910355e-06
20.0,16.900000000000002,5,7.937630040512734e-07,-6.219236405569578e-06
20.0,17.3,5,-6.2031582292147645e-06,-5.426994371712505e-06
20.0,17.7,5,-1.2409224328375868e-05,-4.738193261384827e-06
20.0,18.1,5,-1.781289169274396e-05,-4.138922161531448e-06
20.0,18.5,5,-2.217488626887757e-05,-3.61720720088625e-06
20.0,18.900000000000002,5,-2.5262155835359685e-05,-3.162730912887518e-06
20.0,19.3,5,-2.7085610051392156e-05,-2.7665940076860783e-06
20.0,19.700000000000003,5,-2.7927595577950102e-05,-2.4211128951292114e-06
20.0,20.1,5,-2.7347306008219704e-05,-2.1196473650410165e-06
20.0,20.5,5,-2.608389225470925e-05,-1.8564537323055303e-06
20.0,20.900000000000002,5,-2.4075390810206027e-05,-1.6265595084167812e-06
20.0,21.3,5,-2.1893520184484844e-05,-1.4256563147216423e-06
20.0,21.700000000000003,5,-1.6090847141788552e-05,-1.2500082545517322e-06
20.0,22.1,5,-2.5627683257232155e-05,-1.0963734427630818e-06
20.0,22.5,5,-1.2497447131996658e-05,-9.619367290342805e-07
20.0,22.900000000000002,5,0.00012741823465232924,-8.442519533485241e-07
20.0,23.3,5,0.0004040802471575967,-7.411915552484197e-07
20.0,23.700000000000003,5,0.0006498134032502473,-6.509037084920267e-07
20.0,24.1,5,0.0006718469979880011,-5.717766387463173e-07
20.0,24.5,5,0.00046416314262639807,-5.024068686253933e-07
20.0,24.900000000000002,5,0.0002049537712512477,-4.4157099775627614e-07
20.0,25.3,5,5.373400559702627e-05,-3.8820189488520436e-07
20.0,25.700000000000003,5,5.948443634714515e-06,-3.4136841934819097e-07
20.0,26.1,5,-2.413218158588805e-06,-3.0025775843316834e-07
20.0,26.5,5,-2.8134319512167794e-06,-2.641600495997026e-07
20.0,26.900000000000002,5,-2.340163307003543e-06,-2.3245504963833201e-07
20.0,27.3,5,-1.8915296414983816e-06,-2.046005807570779e-07
20.0,27.700000000000003,5,-1.523422523010957e-06,-1.8012250532283156e-07
20.0,28.1,5,-1.225552778515871e-06,-1.5860601911643352e-07
20.0,28.5,5,-9.844901995108707e-07,-1.3968808450583906e-07
20.0,28.900000000000002,5,-7.900168054829503e-07,-1.230508502897922e-07
20.0,29.3,5,-6.328805917505958e-07,-1.0841592620891376e-07
20.0,29.700000000000003,5,-5.064289312971709e-07,-9.553939825438466e-08
20.0,30.1,5,-4.0409888470996814e-07,-8.420748650679643e-08
20.0,30.5,5,-3.222028247609799e-07,-7.423276068052999e-08
20.0,30.900000000000002,5,-2.5623887632568133e-07,-6.545084009070842e-08
20.0,31.3,5,-2.0334243285248326e-07,-5.771751465884721e-08
20.0,31.700000000000003,5,-1.6048266092850262e-07,-5.090623207786621e-08
20.0,32.1,5,-1.248187158880093e-07,-4.49059035846456e-08
20.0,32.5,5,-9.767396869003805e-08,-3.9618987110873395e-08
20.0,32.9,5,-7.591726759491439e-08,-3.495981204390695e-08
20.0,33.300000000000004,5,-5.551938096779224e-08,-3.085311454856879e-08
20.0,33.7,5,-4.546431856204092e-08,-2.7232756480735413e-08
20.0,34.1,5,-2.7479823337507056e-08,-2.404060445429577e-08
20.0,34.5,5,-2.3763556187645493e-08,-2.122554867929329e-08
20.0,34.9,5,-2.9379629721120507e-08,-1.874264383697862e-08
20.0,35.300000000000004,5,3.289669539950554e-08,-1.655235655361788e-08
20.0,35.7,5,1.5957377283676653e-07,-1.4619906026372905e-08
20.0,36.1,5,2.5601291347228096e-07,-1.291468608324746e-08
20.0,36.5,5,2.2564087693351343e-07,-1.140975846103379e-08
20.0,36.9,5,4.82712703349953e-08,-1.0081408390235305e-08
20.0,37.300000000000004,5,-1.9937088254889e-07,-8.908754710347841e-09
20.0,37.7,5,-3.8879365656081035e-07,-7.873407726576664e-09
20.0,38.1,5,-4.182140944287034e-07,-6.959168878535007e-09
20.0,38.5,5,-2.732283605432407e-07,-6.151767040096703e-09
20.0,38.900000000000006,5,-3.941175501163449e-08,-5.438626921725369e-09
20.0,39.300000000000004,5,1.5531824362061738e-07,-4.80866561529805e-09
20.0,39.7,5,2.300142803894976e-07,-4.252113817309876e-09
22.0,0.1,2,0.00013571181919017403,-0.0009413258848754684
22.0,0.5,2,-5.988737693286894e-05,-0.0009383115071355761
22.0,0.9,2,4.81129528079407e-06,-0.0009313008248170442
22.0,1.3,2,0.0002074360262263135,-0.0009203484827534588
22.0,1.7000000000000002,2,-0.00039685527734361205,-0.0009055399228090436
22.0,2.1,2,-0.00275899733332646,-0.0008869910867630024
22.0,2.5,2,-0.0069334602639173305,-0.0008648480436605564
22.0,2.9000000000000004,2,-0.011872787366501653,-0.0008392863150053475
22.0,3.3000000000000003,2,-0.015910564028128543,-0.0008105097927996231
22.0,3.7,2,-0.017598814336267424,-0.0007787495580431109
22.0,4.1000000000000005,2,-0.016406651827701853,-0.000744263206935857
22.0,4.5,2,-0.012915589338771523,-0.0007073351017803465
22.0,4.9,2,-0.008456832133868402,-0.0006682775192327173
22.0,5.300000000000001,2,-0.004434612221573363,-0.0006274325313368502
22.0,5.7,2,-0.0017059782039764498,-0.0005851747299284388
22.0,6.1000000000000005,2,-0.00037191101145693224,-0.0005419151026442872
22.0,6.5,2,5.7918736220092557e-05,-0.0004981060159248636
22.0,6.9,2,0.00014017284976162084,-0.00045424621668654105
22.0,7.300000000000001,2,0.00014335548030901227,-0.000410883064110306
22.0,7.7,2,0.0001363151731045244,-0.0003686067642030386
22.0,8.1,2,0.00012916612206204317,-0.00032802915300426006
22.0,8.5,2,0.0001226505810841054,-0.0002897408344565035
22.0,8.9,2,0.00011667290614924158,-0.00025424938035456345
22.0,9.3,2,0.00011113839989800656,-0.00022191609368359222
22.0,9.700000000000001,2,0.00010596985828570423,-0.00019291709237547781
22.0,10.100000000000001,2,0.00010110626789447358,-0.00016724461609000764
22.0,10.5,2,9.651661312004534e-05,-0.0001447432621999464
22.0,10.9,2,9.215160981370769e-05,-0.0001251617951539911
22.0,11.3,2,8.796905644474793e-05,-0.0001082020842029138
22.0,11.700000000000001,2,8.393797551729038e-05,-9.355571567831774e-05
22.0,12.100000000000001,2,8.00057707763143e-05,-8.092697736068527e-05
22.0,12.5,2,7.614541553970145e-05,-7.004495900631321e-05
22.0,12.9,2,7.23048544148925e-05,-6.0668358527481625e-05
22.0,13.3,2,6.845071328222403e-05,-5.258597381584523e-05
22.0,13.700000000000001,2,6.45294342054018e-05,-4.5614928735731096e-05
22.0,14.100000000000001,2,6.0502724812422075e-05,-3.9597892946117005e-05
22.0,14.5,2,5.631715331618583e-05,-3.440000827498981e-05
22.0,14.9,2,5.192840233961915e-05,-2.9905893107022276e-05
22.0,15.3,2,4.729159483100999e-05,-2.6016897467376056e-05
22.0,15.700000000000001,2,4.236221144386085e-05,-2.264867197224319e-05
22.0,16.1,2,3.711043095873997e-05,-1.972905693839823e-05
22.0,16.5,2,3.1517632331455924e-05,-1.7196270778886065e-05
22.0,16.900000000000002,2,2.5583253904183088e-05,-1.4997365784875636e-05
22.0,17.3,2,1.9336166750054448e-05,-1.3086916752754206e-05
22.0,17.7,2,1.2839541129304943e-05,-1.1425909358825476e-05
22.0,18.1,2,6.19393494067021e-06,-9.980798389597402e-06
22.0,18.5,2,-4.605550558191702e-07,-8.722709692737465e-06
22.0,18.900000000000002,2,-6.946900274813593e-06,-7.626763423515896e-06
22.0,19.3,2,-1.30607411206038e-05,-6.6714995555661185e-06
22.0,19.700000000000003,2,-1.858734551044387e-05,-5.838389607719756e-06
22.0,20.1,2,-2.332390726750318e-05,-5.111421101180739e-06
22.0,20.5,2,-2.7101989865177466e-05,-4.476743433070623e-06
22.0,20.900000000000002,2,-2.980715431293906e-05,-3.92236567795242e-06
22.0,21.3,2,-3.1395553938401855e-05,-3.437898356193091e-06
22.0,21.700000000000003,2,-3.1898925264899914e-05,-3.0143324828129204e-06
22.0,22.1,2,-3.141654453209498e-05,-2.6438502741832937e-06
22.0,22.5,2,-3.0104300234779202e-05,-2.3196627781292702e-06
22.0,22.900000000000002,2,-2.8150959241853124e-05,-2.0358704351989954e-06
22.0,23.3,2,-2.575695805243013e-05,-1.7873431992917975e-06
22.0,23.700000000000003,2,-2.3114245113668182e-05,-1.5696173646240734e-06
22.0,24.1,2,-2.0389588375339702e-05,-1.3788066803935645e-06
22.0,24.5,2,-1.7716944234393356e-05,-1.211525699228855e-06
22.0,24.900000000000002,2,-1.5193781859744636e-05,-1.0648236129148467e-06
22.0,25.3,2,-1.2882868168383529e-05,-9.361270887050568e-07
22.0,25.700000000000003,2,-1.0819023466053491e-05,-8.231908393237282e-07
22.0,26.1,2,-9.011498912410033e-06,-7.240548455410199e-07
22.0,26.5,2,-7.454218143619367e-06,-6.3700730719747e-07
22.0,26.900000000000002,2,-6.1314589560595145e-06,-5.605525315004497e-07
22.0,27.3,2,-5.019765877417844e-06,-4.933830804305132e-07
22.0,27.700000000000003,2,-4.093099735663916e-06,-4.343555955430726e-07
22.0,28.1,2,-3.32727545968679e-06,-3.8246980080235225e-07
22.0,28.5,2,-2.6977149544229933e-06,-3.368502543021852e-07
22.0,28.900000000000002,2,-2.1826684202384043e-06,-2.9673047953271117e-07
22.0,29.3,2,-1.762861077514477e-06,-2.6143915787021937e-07
22.0,29.700000000000003,2,-1.4214126764166507e-06,-2.303881076984641e-07
22.0,30.1,2,-1.1446229698920009e-06,-2.0306181320399508e-07
22.0,30.5,2,-9.205137574116695e-07,-1.7900829828707305e-07
22.0,30.900000000000002,2,-7.392605030474218e-07,-1.578311688392732e-07
22.0,31.3,2,-5.932081527461842e-07,-1.3918267045903927e-07
22.0,31.700000000000003,2,-4.7493641068124805e-07,-1.2275762915600732e-07
22.0,32.1,2,-3.7968487359700657e-07,-1.0828816029217584e-07
22.0,32.5,2,-3.0266102779273957e-07,-9.553904631771338e-08
22.0,32.9,2,-2.4014093541986336e-07,-8.430369707022999e-08
22.0,33.300000000000004,2,-1.905073203053016e-07,-7.440061779487636e-08
22.0,33.7,2,-1.5132190546483152e-07,-6.567031987217869e-08
22.0,34.1,2,-1.1810012817695509e-07,-5.797261774309315e-08
22.0,34.5,2,-9.137907088758059e-08,-5.118426288466628e-08
22.0,34.9,2,-7.22232393601348e-08,-4.519687207249934e-08
22.0,35.300000000000004,2,-5.178366693419033e-08,-3.9915112701500636e-08
22.0,35.7,2,-4.312909147626182e-08,-3.5255112738503406e-08
22.0,36.1,2,-2.4666839908161624e-08,-3.114306704977516e-08
22.0,36.5,2,-2.3185519177746322e-08,-2.7514015467365327e-08
22.0,36.9,2,-2.8214759102289976e-08,-2.4310771105124917e-08
22.0,37.300000000000004,2,3.237066952212095e-08,-2.1482980172291085e-08
22.0,37.7,2,1.5312089361655726e-07,-1.8986296913295425e-08
22.0,38.1,2,2.440253461639761e-07,-1.6781659374988783e-08
22.0,38.5,2,2.137735826465107e-07,-1.4834653507908476e-08
22.0,38.900000000000006,2,4.391436662582033e-08,-1.3114954681094012e-08
22.0,39.300000000000004,2,-1.9148295722912093e-07,-1.1595837060847488e-08
22.0,39.7,2,-3.697765135595194e-07,-1.0253742500069688e-08
22.0,0.1,5,0.00013115406227452988,-0.0009413259099777719
22.0,0.5,5,-6.450640002001415e-05,-0.0009383115332632404
22.0,0.9,5,5.3268978286368557e-08,-0.0009313008537563783
22.0,1.3,5,0.0002024787708509409,-0.0009203485161522328
22.0,1.7000000000000002,5,-0.00040208424885842186,-0.0009055399607493997
22.0,2.1,5,-0.0027645637533970763,-0.000886991126628957
22.0,2.5,5,-0.0069394402357219834,-0.0008648480803356885
22.0,2.9000000000000004,5,-0.011879265009282727,-0.0008392863427143961
22.0,3.3000000000000003,5,-0.015917612620074587,-0.0008105098077608383
22.0,3.7,5,-0.017606503160391942,-0.0007787495603057249
22.0,4.1000000000000005,5,-0.016415050160889153,-0.0007442632001660408
22.0,4.5,5,-0.01292475073278736,-0.0007073350911480634
22.0,4.9,5,-0.008466794134277488,-0.0006682775088862339
22.0,5.300000000000001,5,-0.004445384274884474,-0.0006274325230971207
22.0,5.7,5,-0.0017175290220974707,-0.0005851747236943886
22.0,6.1000000000000005,5,-0.0003841682416519364,-0.0005419150976878226
22.0,6.5,5,4.5080669372672e-05,-0.0004981060117151371
22.0,6.9,5,0.0001269408715962728,-0.00045424621295000653
22.0,7.300000000000001,5,0.00012997828532014695,-0.00041088306071240566
22.0,7.7,5,0.00012309403925465513,-0.0003686067610927306
22.0,8.1,5,0.00011643657468579255,-0.00032802915018135983
22.0,8.5,5,0.00011077225203824424,-0.0002897408319245277
22.0,8.9,5,0.00010599678502658728,-0.000254249378066702
22.0,9.3,5,0.00010196685812139933,-0.00022191609151419545
22.0,9.700000000000001,5,9.854959179238416e-05,-0.00019291709013829036
22.0,10.100000000000001,5,9.558812397596699e-05,-0.00016724461359022264
22.0,10.5,5,9.297422024762473e-05,-0.00014474325928649488
22.0,10.9,5,9.055697417424934e-05,-0.00012516179174931177
22.0,11.3,5,8.823256579287358e-05,-0.00010820208031038197
22.0,11.700000000000001,5,8.589832627562967e-05,-9.355571137853082e-05
22.0,12.100000000000001,5,8.348307888373434e-05,-8.092697280240058e-05
22.0,12.5,5,8.092414338519849e-05,-7.004495438797343e-05
22.0,12.9,5,7.81756490505872e-05,-6.066835406408973e-05
22.0,13.3,5,7.522802864969997e-05,-5.258596969599132e-05
22.0,13.700000000000001,5,7.200916585606233e-05,-4.5614925085995065e-05
22.0,14.100000000000001,5,6.853376742078915e-05,-3.959788982198735e-05
22.0,14.5,5,6.475431083684049e-05,-3.4400005682391585e-05
22.0,14.9,5,6.0666116867394e-05,-2.9905891034603393e-05
22.0,15.3,5,5.6198136049085436e-05,-2.6016895902798975e-05
22.0,15.700000000000001,5,5.1431037729190055e-05,-2.2648670883232066e-05
22.0,16.1,5,4.615702613099715e-05,-1.9729056241236678e-05
22.0,16.5,5,4.033956649260783e-05,-1.7196270335900657e-05
22.0,16.900000000000002,5,3.4280504588261864e-05,-1.4997365447322193e-05
22.0,17.3,5,2.8161728350013375e-05,-1.3086916438957875e-05
22.0,17.7,5,2.1796467959101732e-05,-1.1425909105753496e-05
22.0,18.1,5,1.4906797663615033e-05,-9.980798306019283e-06
22.0,18.5,5,7.67638327488733e-06,-8.722709865155791e-06
22.0,18.900000000000002,5,6.802334109760045e-07,-7.626763884173809e-06
22.0,19.3,5,-5.584868531451399e-06,-6.671500300776964e-06
22.0,19.700000000000003,5,-1.1150714590122516e-05,-5.838390613127153e-06
22.0,20.1,5,-1.600088994757636e-05,-5.111422325276434e-06
22.0,20.5,5,-1.998876033293619e-05,-4.476744815935879e-06
22.0,20.900000000000002,5,-2.2892774077160295e-05,-3.922367140687785e-06
22.0,21.3,5,-2.4516514183057667e-05,-3.437899803596592e-06
22.0,21.700000000000003,5,-2.5292877017670344e-05,-3.0143338095886725e-06
22.0,22.1,5,-2.495605075132319e-05,-2.6438513734470677e-06
22.0,22.5,5,-2.3604216083028206e-05,-2.319663552381421e-06
22.0,22.900000000000002,5,-2.2136702242842127e-05,-2.0358708025926842e-06
22.0,23.3,5,-1.982160174581194e-05,-1.7873431020903334e-06
22.0,23.700000000000003,5,-1.4484359775538612e-05,-1.56961678124853e-06
22.0,24.1,5,-2.4741059659860486e-05,-1.3788056576665483e-06
22.0,24.5,5,-1.2843750780419803e-05,-1.2115244517473868e-06
22.0,24.900000000000002,5,0.00011822160403538732,-1.0648227093119742e-06
22.0,25.3,5,0.00037508151525285875,-9.361269547681938e-07
22.0,25.700000000000003,5,0.0006009627216262541,-8.231911832755026e-07
22.0,26.1,5,0.000619090347858854,-7.240551671761921e-07
22.0,26.5,5,0.0004262819624846289,-6.370074524806869e-07
22.0,26.900000000000002,5,0.00018879095421474806,-5.605525720375399e-07
22.0,27.3,5,5.0650763817868856e-05,-4.933830879270022e-07
22.0,27.700000000000003,5,6.113602218114627e-06,-4.3435559649103404e-07
22.0,28.1,5,-2.0915814502785792e-06,-3.824698008861046e-07
22.0,28.5,5,-2.5956889196108286e-06,-3.368502543074607e-07
22.0,28.900000000000002,5,-2.1767469631027854e-06,-2.9673047953295273e-07
22.0,29.3,5,-1.7626129802656813e-06,-2.614391578702274e-07
22.0,29.700000000000003,5,-1.4214049983405907e-06,-2.3038810769846435e-07
22.0,30.1,5,-1.1446227908804544e-06,-2.0306181320399508e-07
22.0,30.5,5,-9.20513754213533e-07,-1.7900829828707305e-07
22.0,30.900000000000002,5,-7.39260503002987e-07,-1.578311688392732e-07
22.0,31.3,5,-5.932081527456979e-07,-1.3918267045903927e-07
22.0,31.700000000000003,5,-4.7493641068124387e-07,-1.2275762915600732e-07
22.0,32.1,5,-3.7968487359700657e-07,-1.0828816029217584e-07
22.0,32.5,5,-3.0266102779273957e-07,-9.553904631771338e-08
22.0,32.9,5,-2.4014093541986336e-07,-8.430369707022999e-08
22.0,33.300000000000004,5,-1.905073203053016e-07,-7.440061779487636e-08
22.0,33.7,5,-1.5132190546483152e-07,-6.567031987217869e-08
22.0,34.1,5,-1.1810012817695509e-07,-5.797261774309315e-08
22.0,34.5,5,-9.137907088758059e-08,-5.118426288466628e-08
22.0,34.9,5,-7.22232393601348e-08,-4.519687207249934e-08
22.0,35.300000000000004,5,-5.178366693419033e-08,-3.9915112701500636e-08
22.0,35.7,5,-4.312909147626182e-08,-3.5255112738503406e-08
22.0,36.1,5,-2.4666839908161624e-08,-3.114306704977516e-08
22.0,36.5,5,-2.3185519177746322e-08,-2.7514015467365327e-08
22.0,36.9,5,-2.8214759102289976e-08,-2.4310771105124917e-08
22.0,37.300000000000004,5,3.237066952212095e-08,-2.1482980172291085e-08
22.0,37.7,5,1.5312089361655726e-07,-1.8986296913295425e-08
22.0,38.1,5,2.440253461639761e-07,-1.6781659374988783e-08
22.0,38.5,5,2.137735826465107e-07,-1.4834653507908476e-08
22.0,38.900000000000006,5,4.391436662582033e-08,-1.3114954681094012e-08
22.0,39.300000000000004,5,-1.9148295722912093e-07,-1.1595837060847488e-08
22.0,39.7,5,-3.697765135595194e-07,-1.0253742500069688e-08
24.0,0.1,2,-2.2388217243687798e-05,-0.000886429585750572
24.0,0.5,2,1.48451679147412e-07,-0.0008835909372641204
24.0,0.9,2,-8.36433848952274e-06,-0.0008769890262612963
24.0,1.3,2,-3.577587362141559e-06,-0.0008666755565187574
24.0,1.7000000000000002,2,-1.3235235985765046e-05,-0.0008527313749294727
24.0,2.1,2,-1.320198130416251e-06,-0.0008352659583451244
24.0,2.5,2,-2.8261129042199407e-05,-0.0008144167683396684
24.0,2.9000000000000004,2,-1.2552280624400614e-05,-0.0007903485178055986
24.0,3.3000000000000003,2,7.352421899470695e-05,-0.0007632523679332551
24.0,3.7,2,-0.00019237642337308078,-0.0007333452657493862
24.0,4.1000000000000005,2,-0.0014342345664749507,-0.000700869628348045
24.0,4.5,2,-0.0038904435423723397,-0.000666093553774236
24.0,4.9,2,-0.007081449854174623,-0.0006293116877231265
24.0,5.300000000000001,2,-0.009970748906508155,-0.0005908467769502717
24.0,5.7,2,-0.011489372414500154,-0.0005510520330665255
24.0,6.1000000000000005,2,-0.011088221301307264,-0.0005103146157275863
24.0,6.5,2,-0.008994293821838337,-0.000469060307650147
24.0,6.9,2,-0.006047152935567944,-0.0004277584180313332
24.0,7.300000000000001,2,-0.003249023731725297,-0.0003869241267519851
24.0,7.7,2,-0.001280593047581221,-0.0003471131493319283
24.0,8.1,2,-0.000289898092675892,-0.000308901691233247
24.0,8.5,2,4.13567610270576e-05,-0.0002728459862372892
24.0,8.9,2,0.00010939496409379316,-0.000239424046888647
24.0,9.3,2,0.00011400690939267151,-0.0002089761196963728
24.0,9.700000000000001,2,0.00010949377551252521,-0.0001816680551332767
24.0,10.100000000000001,2,0.00010457274788467533,-0.00015749254561215557
24.0,10.5,2,0.00010000567009063923,-0.00013630325008518542
24.0,10.9,2,9.577686064888807e-05,-0.0001178635825740065
24.0,11.3,2,9.181786570335715e-05,-0.00010189279635177548
24.0,11.700000000000001,2,8.809231642101378e-05,-8.81004613677885e-05
24.0,12.100000000000001,2,8.455668585897485e-05,-7.620810840143926e-05
24.0,12.5,2,8.118272214462373e-05,-6.59606240074749e-05
24.0,12.9,2,7.793520960470575e-05,-5.713077644479325e-05
24.0,13.3,2,7.479084504200825e-05,-4.951967881658638e-05
24.0,13.700000000000001,2,7.171391305277118e-05,-4.2955118499578e-05
24.0,14.100000000000001,2,6.868089782860961e-05,-3.728893907196118e-05
24.0,14.5,2,6.565718848149776e-05,-3.239414590774343e-05
24.0,14.9,2,6.261059580309959e-05,-2.816208524150937e-05
24.0,15.3,2,5.950974015161963e-05,-2.4499859317937446e-05
24.0,15.700000000000001,2,5.631554818848155e-05,-2.1328037110272988e-05
24.0,16.1,2,5.2989542387535e-05,-1.8578666527716867e-05
24.0,16.5,2,4.949342097194304e-05,-1.619356845107149e-05
24.0,16.900000000000002,2,4.578587045131019e-05,-1.4122882555429076e-05
24.0,17.3,2,4.182591504484928e-05,-1.2323832395964641e-05
24.0,17.7,2,3.757719425897462e-05,-1.07596785942326e-05
24.0,18.1,2,3.301095830214917e-05,-9.398831979942532e-06
24.0,18.5,2,2.8110217875604938e-05,-8.214102077855918e-06
24.0,18.900000000000002,2,2.2875723474129655e-05,-7.182059819722526e-06
24.0,19.3,2,1.733248360311532e-05,-6.282496556282072e-06
24.0,19.700000000000003,2,1.1535745021862659e-05,-5.497964254596314e-06
24.0,20.1,2,5.5760454814287086e-06,-4.813384181308421e-06
24.0,20.5,2,-4.1829285617500114e-07,-4.215713419188633e-06
24.0,20.900000000000002,2,-6.28480621864259e-06,-3.6936602838303937e-06
24.0,21.3,2,-1.1836924311312802e-05,-3.2374411450418042e-06
24.0,21.700000000000003,2,-1.687695897172564e-05,-2.838572357280366e-06
24.0,22.1,2,-2.121530033886473e-05,-2.4896920046763345e-06
24.0,22.5,2,-2.4694287919616708e-05,-2.1844070021071564e-06
24.0,22.900000000000002,2,-2.7204563029371676e-05,-1.9171617919943583e-06
24.0,23.3,2,-2.8700585976547036e-05,-1.6831254600105132e-06
24.0,23.700000000000003,2,-2.9206178350803443e-05,-1.4780945812052672e-06
24.0,24.1,2,-2.8807794326701095e-05,-1.298409517811947e-06
24.0,24.5,2,-2.7644958925583065e-05,-1.1408822348355358e-06
24.0,24.900000000000002,2,-2.5887571374344896e-05,-1.0027339902438987e-06
24.0,25.3,2,-2.371910931298833e-05,-8.815415016252767e-07
24.0,25.700000000000003,2,-2.131387573549495e-05,-7.751903974688652e-07
24.0,26.1,2,-1.882565067253412e-05,-6.818349350196494e-07
24.0,26.5,2,-1.637868651847073e-05,-5.998631136241254e-07
24.0,26.900000000000002,2,-1.4063306890950646e-05,-5.278664375440652e-07
24.0,27.3,2,-1.1939024760034813e-05,-4.6461368908645783e-07
24.0,27.700000000000003,2,-1.0037643178240135e-05,-4.0902816423324547e-07
24.0,28.1,2,-8.370036955579304e-06,-3.601679007115357e-07
24.0,28.5,2,-6.931298070793708e-06,-3.172084944377142e-07
24.0,28.900000000000002,2,-5.707286390867481e-06,-2.7942815639914743e-07
24.0,29.3,2,-4.677340130634201e-06,-2.461947100625138e-07
24.0,29.700000000000003,2,-3.817880692501017e-06,-2.1695427077240238e-07
24.0,30.1,2,-3.1065835094532095e-06,-1.9122138423466434e-07
24.0,30.5,2,-2.520796105278345e-06,-1.6857043172843265e-07
24.0,30.900000000000002,2,-2.041379270424543e-06,-1.4862813576591764e-07
24.0,31.3,2,-1.6498659313646765e-06,-1.3106702220500364e-07
24.0,31.700000000000003,2,-1.331521611990188e-06,-1.1559971402321867e-07
24.0,32.1,2,-1.0730737284085711e-06,-1.0197394863285314e-07
24.0,32.5,2,-8.634001660847079e-07,-8.996822508673614e-08
24.0,32.9,2,-6.940639237093075e-07,-7.938799999431852e-08
24.0,33.300000000000004,2,-5.569693123380553e-07,-7.00623616499772e-08
24.0,33.7,2,-4.462885845207021e-07,-6.184112108125434e-08
24.0,34.1,2,-3.5745664767447464e-07,-5.459226673485471e-08
24.0,34.5,2,-2.8569885379334444e-07,-4.8199736496737466e-08
24.0,34.9,2,-2.2694371771376984e-07,-4.2561466789344024e-08
24.0,35.300000000000004,2,-1.7925165888992712e-07,-3.7587683711188934e-08
24.0,35.7,2,-1.4230866994146208e-07,-3.3199405699853924e-08
24.0,36.1,2,-1.1219384307462902e-07,-2.93271311170904e-08
24.0,36.5,2,-8.59948941958815e-08,-2.590968755944141e-08
24.0,36.9,2,-6.875627716859398e-08,-2.289322265910141e-08
24.0,37.300000000000004,2,-4.927177136731108e-08,-2.023031871611282e-08
24.0,37.7,2,-4.1446530190103366e-08,-1.7879215744660297e-08
24.0,38.1,2,-2.290663742769886e-08,-1.5803129468488954e-08
24.0,38.5,2,-2.3379041247483407e-08,-1.3969652500194704e-08
24.0,38.900000000000006,2,-2.788999300369915e-08,-1.2350228420182674e-08
24.0,39.300000000000004,2,3.101706026541523e-08,-1.0919689762830565e-08
24.0,39.7,2,1.464146519899657e-07,-9.65585204343958e-09
24.0,0.1,5,-2.496741216837389e-05,-0.0008864295110179058
24.0,0.5,5,-2.4577998228577915e-06,-0.0008835908641017498
24.0,0.9,5,-1.1010366649780728e-05,-0.0008769889567345074
24.0,1.3,5,-6.282509360038239e-06,-0.0008666754926655533
24.0,1.7000000000000002,5,-1.6045153571250463e-05,-0.0008527313188249238
24.0,2.1,5,-4.26492946334079e-06,-0.0008352659121893493
24.0,2.5,5,-3.136959854549572e-05,-0.0008144167344724427
24.0,2.9000000000000004,5,-1.5862124276244316e-05,-0.0007903484983434983
24.0,3.3000000000000003,5,6.998116504301695e-05,-0.0007632523638027863
24.0,3.7,5,-0.0001961999471033452,-0.0007333452755419408
24.0,4.1000000000000005,5,-0.0014383822389622339,-0.0007008696478241914
24.0,4.5,5,-0.0038949640839168404,-0.0006660935766415329
24.0,4.9,5,-0.007086390007264438,-0.0006293117076053501
24.0,5.300000000000001,5,-0.009976163106059165,-0.0005908467896118751
24.0,5.7,5,-0.011495314092357704,-0.0005510520376384009
24.0,6.1000000000000005,5,-0.011094742068865807,-0.0005103146142471731
24.0,6.5,5,-0.009001443930130972,-0.00046906030333963334
24.0,6.9,5,-0.006054964679070939,-0.00042775841350296026
24.0,7.300000000000001,5,-0.003257511328485278,-0.0003869241231731628
24.0,7.7,5,-0.0012897464421522343,-0.00034711314669204937
24.0,8.1,5,-0.0002996756051751553,-0.00030890168909995526
24.0,8.5,5,3.1051813930463655e-05,-0.0002728459842384653
24.0,8.9,5,9.870310107481488e-05,-0.00023942404482872297
24.0,9.3,5,0.00010312405117872895,-0.00020897611756513396
24.0,9.700000000000001,5,9.867355790004013e-05,-0.00018166805307389783
24.0,10.100000000000001,5,9.409492387506305e-05,-0.00015749254383392043
24.0,10.5,5,9.018168797094989e-05,-0.00013630324875263134
24.0,10.9,5,8.690107271935343e-05,-0.00011786358172697297
24.0,11.3,5,8.415839083061492e-05,-0.00010189279588760549
24.0,11.700000000000001,5,8.186186389105045e-05,-8.810046107992636e-05
24.0,12.100000000000001,5,7.990660383273795e-05,-7.620810804467401e-05
24.0,12.5,5,7.817430982477117e-05,-6.59606233583935e-05
24.0,12.9,5,7.657251875249009e-05,-5.713077534042966e-05
24.0,13.3,5,7.500032514338298e-05,-4.951967717151354e-05
24.0,13.700000000000001,5,7.33811745660656e-05,-4.295511630997766e-05
24.0,14.100000000000001,5,7.166298698465445e-05,-3.7288936412028105e-05
24.0,14.5,5,6.977254930324641e-05,-3.2394142916202325e-05
24.0,14.9,5,6.769151138777028e-05,-2.8162082093789146e-05
24.0,15.3,5,6.539764320555872e-05,-2.4499856187322958e-05
24.0,15.700000000000001,5,6.28449494952157e-05,-2.132803413232738e-05
24.0,16.1,5,6.001703571616585e-05,-1.8578663785524065e-05
24.0,16.5,5,5.690860757769915e-05,-1.6193565988205904e-05
24.0,16.900000000000002,5,5.348019258549924e-05,-1.4122880400770935e-05
24.0,17.3,5,4.970713861883984e-05,-1.2323830577234403e-05
24.0,17.7,5,4.563110964874148e-05,-1.0759677119812866e-05
24.0,18.1,5,4.106419571187002e-05,-9.398830807730584e-06
24.0,18.5,5,3.5985410390280375e-05,-8.21410110772954e-06
24.0,18.900000000000002,5,3.0665283492493984e-05,-7.182058928378815e-06
24.0,19.3,5,2.5261490358273654e-05,-6.282495670190551e-06
24.0,19.700000000000003,5,1.960029804734887e-05,-5.497963405000339e-06
24.0,20.1,5,1.3441287464345326e-05,-4.813383470152906e-06
24.0,20.5,5,6.943761499990481e-06,-4.215712937853652e-06
24.0,20.900000000000002,5,6.322051639964194e-07,-3.6936600820076243e-06
24.0,21.3,5,-5.0717573151087e-06,-3.2374412424777897e-06
24.0,21.700000000000003,5,-1.0167801173983018e-05,-2.8385727547413235e-06
24.0,22.1,5,-1.4569633782360757e-05,-2.489692685508361e-06
24.0,22.5,5,-1.817360317546813e-05,-2.1844079295299352e-06
24.0,22.900000000000002,5,-2.092203495824897e-05,-1.9171629066589276e-06
24.0,23.3,5,-2.246225260848057e-05,-1.683126680486527e-06
24.0,23.700000000000003,5,-2.308935445779198e-05,-1.4780958085037175e-06
24.0,24.1,5,-2.3010050236662447e-05,-1.298410641938483e-06
24.0,24.5,5,-2.1549150443614726e-05,-1.140883144630629e-06
24.0,24.900000000000002,5,-2.0575497314866045e-05,-1.0027345806258132e-06
24.0,25.3,5,-1.8034762264283565e-05,-8.815416809300087e-07
24.0,25.700000000000003,5,-1.3115687279592882e-05,-7.751901036257077e-07
24.0,26.1,5,-2.3998273008527287e-05,-6.818341637080973e-07
24.0,26.5,5,-1.315024393867106e-05,-5.998620298116113e-07
24.0,26.900000000000002,5,0.00011041693833911353,-5.278655815410621e-07
24.0,27.3,5,0.00035039272231599547,-4.6461349788193913e-07
24.0,27.700000000000003,5,0.0005590927800947038,-4.090284175208963e-07
24.0,28.1,5,0.000573815226753243,-3.601681640371545e-07
24.0,28.5,5,0.00039371458507411706,-3.172086187425493e-07
24.0,28.900000000000002,5,0.0001749405943918566,-2.794281925243917e-07
24.0,29.3,5,4.796247460405845e-05,-2.4619471707928045e-07
24.0,29.700000000000003,5,6.240369724172431e-06,-2.1695427171718457e-07
24.0,30.1,5,-1.8101630424622585e-06,-1.9122138432497725e-07
24.0,30.5,5,-2.4045727523919684e-06,-1.685704317346886e-07
24.0,30.900000000000002,5,-2.033923751364959e-06,-1.486281357662375e-07
24.0,31.3,5,-1.6495151042274948e-06,-1.3106702220501574e-07
24.0,31.700000000000003,5,-1.3315092398441637e-06,-1.1559971402321898e-07
24.0,32.1,5,-1.0730733953327782e-06,-1.0197394863285314e-07
24.0,32.5,5,-8.63400159129456e-07,-8.996822508673614e-08
24.0,32.9,5,-6.940639235950764e-07,-7.938799999431852e-08
24.0,33.300000000000004,5,-5.56969312336562e-07,-7.00623616499772e-08
24.0,33.7,5,-4.4628858452068683e-07,-6.184112108125434e-08
24.0,34.1,5,-3.574566476744745e-07,-5.459226673485471e-08
24.0,34.5,5,-2.8569885379334444e-07,-4.8199736496737466e-08
24.0,34.9,5,-2.2694371771376984e-07,-4.2561466789344024e-08
24.0,35.300000000000004,5,-1.7925165888992712e-07,-3.7587683711188934e-08
24.0,35.7,5,-1.4230866994146208e-07,-3.3199405699853924e-08
24.0,36.1,5,-1.1219384307462902e-07,-2.93271311170904e-08
24.0,36.5,5,-8.59948941958815e-08,-2.590968755944141e-08
24.0,36.9,5,-6.875627716859398e-08,-2.289322265910141e-08
24.0,37.300000000000004,5,-4.927177136731108e-08,-2.023031871611282e-08
24.0,37.7,5,-4.1446530190103366e-08,-1.7879215744660297e-08
24.0,38.1,5,-2.290663742769886e-08,-1.5803129468488954e-08
24.0,38.5,5,-2.3379041247483407e-08,-1.3969652500194704e-08
24.0,38.900000000000006,5,-2.788999300369915e-08,-1.2350228420182674e-08
24.0,39.300000000000004,5,3.101706026541523e-08,-1.0919689762830565e-08
24.0,39.7,5,1.464146519899657e-07,-9.65585204343958e-09
26.0,0.1,2,-3.3933875219029895e-05,-0.0002610171585121367
26.0,0.5,2,-4.153332179414373e-05,-0.00026018130896306017
26.0,0.9,2,-4.3342986927756464e-05,-0.0002582373528822846
26.0,1.3,2,-4.418590118445081e-05,-0.00025520051079195937
26.0,1.7000000000000002,2,-4.681397289685264e-05,-0.00025109458199761047
26.0,2.1,2,-5.123452146874497e-05,-0.00024595179437355056
26.0,2.5,2,-5.385047794528019e-05,-0.00023981261526901488
26.0,2.9000000000000004,2,-6.065715964719628e-05,-0.0002327255387120935
26.0,3.3000000000000003,2,-6.465212971526918e-05,-0.000224746871588993
26.0,3.7,2,-7.49019599526733e-05,-0.0002159405499620694
26.0,4.1000000000000005,2,-7.543861024064891e-05,-0.00020637802349951032
26.0,4.5,2,-9.976947877597424e-05,-0.0001961382640052384
26.0,4.9,2,-9.612060194248287e-05,-0.00018530795775171033
26.0,5.300000000000001,2,-4.491178322452653e-05,-0.00017398195185521786
26.0,5.7,2,-0.0002221483032494471,-0.00016226404608903284
26.0,6.1000000000000005,2,-0.001075940413959329,-0.00015026814850892955
26.0,6.5,2,-0.00282747736727228,-0.00013811971407079964
26.0,6.9,2,-0.0051894449479665036,-0.00012595716246870402
26.0,7.300000000000001,2,-0.007425167638608739,-0.00011393247279076688
26.0,7.7,2,-0.008706846594346609,-0.00010220947493136001
26.0,8.1,2,-0.00854685489270846,-9.095784363241773e-05
26.0,8.5,2,-0.00704359460104476,-8.034120448734373e-05
26.0,8.9,2,-0.004803736460457751,-7.050011724509894e-05
26.0,9.3,2,-0.002614355709101021,-6.15346616422458e-05
26.0,9.700000000000001,2,-0.0010446654699594867,-5.349366512287973e-05
26.0,10.100000000000001,2,-0.00024380523158639743,-4.6375013294020916e-05
26.0,10.5,2,2.9754020769019452e-05,-4.0135651698376214e-05
26.0,10.9,2,8.869685854360415e-05,-3.470593457754996e-05
26.0,11.3,2,9.397944401131185e-05,-3.0003199602424457e-05
26.0,11.700000000000001,2,9.0977122611405e-05,-2.594192834890506e-05
26.0,12.100000000000001,2,8.742663988131841e-05,-2.2440123330187085e-05
26.0,12.5,2,8.409945592334657e-05,-1.9422664213276135e-05
26.0,12.9,2,8.098734163890833e-05,-1.6822640641931773e-05
26.0,13.3,2,7.805272449484987e-05,-1.4581488630714385e-05
26.0,13.700000000000001,2,7.525771063465351e-05,-1.2648498661053737e-05
26.0,14.100000000000001,2,7.258036106952557e-05,-1.0980044773244472e-05
26.0,14.5,2,6.999671681051155e-05,-9.538732284994594e-06
26.0,14.9,2,6.748254531063272e-05,-8.292567141053214e-06
26.0,15.3,2,6.501894444562016e-05,-7.214194779008812e-06
26.0,15.700000000000001,2,6.258382988083237e-05,-6.28022602773032e-06
26.0,16.1,2,6.015245896355565e-05,-5.47065178184885e-06
26.0,16.5,2,5.770081045046771e-05,-4.768340663689784e-06
26.0,16.900000000000002,2,5.520345437092569e-05,-4.15861082822704e-06
26.0,17.3,2,5.263156602730163e-05,-3.6288663354484536e-06
26.0,17.7,2,4.9953560063662915e-05,-3.1682889138427543e-06
26.0,18.1,2,4.7136027100757826e-05,-2.767576825137604e-06
26.0,18.5,2,4.414399945202676e-05,-2.4187235801231046e-06
26.0,18.900000000000002,2,4.0941317310121714e-05,-2.114830284206046e-06
26.0,19.3,2,3.749193083502489e-05,-1.8499463348440465e-06
26.0,19.700000000000003,2,3.376256880605012e-05,-1.618934022996274e-06
26.0,20.1,2,2.9726582901981128e-05,-1.417353302510299e-06
26.0,20.5,2,2.5368135116487428e-05,-1.2413635924236526e-06
26.0,20.900000000000002,2,2.068680549007912e-05,-1.0876399809704384e-06
26.0,21.3,2,1.5704168077177905e-05,-9.533016218192908e-07
26.0,21.700000000000003,2,1.0470839484496125e-05,-8.358504665380743e-07
26.0,22.1,2,5.069536283305079e-06,-7.331187736312993e-07
26.0,22.5,2,-3.83555356277017e-07,-6.432240822087324e-07
26.0,22.900000000000002,2,-5.738854438321392e-06,-5.645305445824494e-07
26.0,23.3,2,-1.0823771193535143e-05,-4.956156835367871e-07
26.0,23.700000000000003,2,-1.545539803654597e-05,-4.352417830869968e-07
26.0,24.1,2,-1.9456830969632674e-05,-3.823312417189406e-07
26.0,24.5,2,-2.268007714532814e-05,-3.3594531851752966e-07
26.0,24.900000000000002,2,-2.5020079274830482e-05,-2.952657880667788e-07
26.0,25.3,2,-2.6431951039471474e-05,-2.5957909181563723e-07
26.0,25.700000000000003,2,-2.6932083606008722e-05,-2.2826263394835524e-07
26.0,26.1,2,-2.659887680534941e-05,-2.007729209840306e-07
26.0,26.5,2,-2.5556541944227427e-05,-1.7663528823772658e-07
26.0,26.900000000000002,2,-2.396130345638438e-05,-1.5543499405178955e-07
26.0,27.3,2,-2.197953349803377e-05,-1.3680949483574712e-07
26.0,27.700000000000003,2,-1.9773009263876015e-05,-1.2044174074684292e-07
26.0,28.1,2,-1.748472105412879e-05,-1.0605435400849219e-07
26.0,28.5,2,-1.5228329581646256e-05,-9.340457045125189e-08
26.0,28.900000000000002,2,-1.3089331785771784e-05,-8.22798410109893e-08
26.0,29.3,2,-1.1123774269689812e-05,-7.249400426259631e-08
26.0,29.700000000000003,2,-9.36159493034464e-06,-6.388395373291035e-08
26.0,30.1,2,-7.814008624508202e-06,-5.6306734565372175e-08
26.0,30.5,2,-6.47681906344983e-06,-4.9637013085878e-08
26.0,30.900000000000002,2,-5.338054513285939e-06,-4.376487028944238e-08
26.0,31.3,2,-4.37832846112095e-06,-3.8593876680544494e-08
26.0,31.700000000000003,2,-3.5774453390647244e-06,-3.403941163985144e-08
26.0,32.1,2,-2.9132555294268085e-06,-3.0027195590439404e-08
26.0,32.5,2,-2.3663843813661587e-06,-2.6492007620574585e-08
26.0,32.9,2,-1.9176966109582976e-06,-2.3376564848003096e-08
26.0,33.300000000000004,2,-1.5512815490727681e-06,-2.063054280707802e-08
26.0,33.7,2,-1.2530797061453799e-06,-1.8209718733292945e-08
26.0,34.1,2,-1.0105089490671175e-06,-1.6075221973770796e-08
26.0,34.5,2,-8.139945447444784e-07,-1.4192877879108446e-08
26.0,34.9,2,-6.549121057205317e-07,-1.2532633361916101e-08
26.0,35.300000000000004,2,-5.257954958736166e-07,-1.106805381177671e-08
26.0,35.7,2,-4.2122216774730883e-07,-9.775882329793198e-09
26.0,36.1,2,-3.3707026748770384e-07,-8.635653392065969e-09
26.0,36.5,2,-2.697391266922881e-07,-7.629354087175214e-09
26.0,36.9,2,-2.1530633325019206e-07,-6.741126976513131e-09
26.0,37.300000000000004,2,-1.7007311585115203e-07,-5.957009395253337e-09
26.0,37.7,2,-1.3409683716783977e-07,-5.264704667858081e-09
26.0,38.1,2,-1.0653699611702677e-07,-4.653381280128297e-09
26.0,38.5,2,-8.12080423591839e-08,-4.113496545969478e-09
26.0,38.900000000000006,2,-6.472416471941353e-08,-3.636641741294236e-09
26.0,39.300000000000004,2,-4.6678457777900957e-08,-3.2154060570984874e-09
26.0,39.7,2,-3.911351081488741e-08,-2.8432570549539e-09
26.0,0.1,5,-3.6534126516698186e-05,-0.0002610171194786794
26.0,0.5,5,-4.417694110627757e-05,-0.00026018126956303634
26.0,0.9,5,-4.599038027119351e-05,-0.00025823731259252676
26.0,1.3,5,-4.682574167339883e-05,-0.00025520046910224584
26.0,1.7000000000000002,5,-4.946211630340535e-05,-0.00025109453861023556
26.0,2.1,5,-5.3892703140608555e-05,-0.00024595174947418384
26.0,2.5,5,-5.65212100965905e-05,-0.0002398125697158179
26.0,2.9000000000000004,5,-6.334711545508588e-05,-0.0002327254940308649
26.0,3.3000000000000003,5,-6.73649694681383e-05,-0.00022474682977084031
26.0,3.7,5,-7.76559869954374e-05,-0.0002159405131932169
26.0,4.1000000000000005,5,-7.824447562498238e-05,-0.00020637799393651067
26.0,4.5,5,-0.00010264755609656559,-0.00019613824362391488
26.0,4.9,5,-9.909228546908788e-05,-0.00018530794805428816
26.0,5.300000000000001,5,-4.801041383684189e-05,-0.00017398195330812214
26.0,5.7,5,-0.00022540298962020003,-0.00016226405752526717
26.0,6.1000000000000005,5,-0.0010793929422250536,-0.00015026816694379544
26.0,6.5,5,-0.0028311695573708284,-0.00013811973527555601
26.0,6.9,5,-0.00519342110881602,-0.00012595718222538593
26.0,7.300000000000001,5,-0.007429486008265744,-0.00011393248825638392
26.0,7.7,5,-0.008711562185993206,-0.00010220948536584745
26.0,8.1,5,-0.00855202378975033,-9.095785010773391e-05
26.0,8.5,5,-0.007049268515885304,-8.034120885207985e-05
26.0,8.9,5,-0.004809966007774077,-7.05001210453135e-05
26.0,9.3,5,-0.002621165335951531,-6.153466558340066e-05
26.0,9.700000000000001,5,-0.0010520583961317867,-5.349366916775251e-05
26.0,10.100000000000001,5,-0.0002517570979046974,-4.6375017093498365e-05
26.0,10.5,5,2.131459583881257e-05,-4.013565494623426e-05
26.0,10.9,5,7.988033195278327e-05,-3.470593714225577e-05
26.0,11.3,5,8.495254275462406e-05,-3.0003201537241394e-05
26.0,11.700000000000001,5,8.194963503426515e-05,-2.5941929851979863e-05
26.0,12.100000000000001,5,7.863821103637264e-05,-2.24401246656404e-05
26.0,12.5,5,7.581323194820993e-05,-1.9422665615427133e-05
26.0,12.9,5,7.346514509445745e-05,-1.6822642240050457e-05
26.0,13.3,5,7.152922656568994e-05,-1.4581490421087661e-05
26.0,13.700000000000001,5,6.992838123303779e-05,-1.2648500527739207e-05
26.0,14.100000000000001,5,6.858024059643248e-05,-1.0980046537675335e-05
26.0,14.5,5,6.740281253792022e-05,-9.538733758623742e-06
26.0,14.9,5,6.630172484121738e-05,-8.292568164328878e-06
26.0,15.3,5,6.520019709682035e-05,-7.214195244055607e-06
26.0,15.700000000000001,5,6.404054114108469e-05,-6.280225890238164e-06
26.0,16.1,5,6.276270898333113e-05,-5.470651066117009e-06
26.0,16.5,5,6.131947243833535e-05,-4.768339458155965e-06
26.0,16.900000000000002,5,5.9683106502769214e-05,-4.1586092663254e-06
26.0,17.3,5,5.783833249275965e-05,-3.6288645634251953e-06
26.0,17.7,5,5.5748453825212655e-05,-3.168287057875441e-06
26.0,18.1,5,5.339190931043415e-05,-2.767574974119728e-06
26.0,18.5,5,5.07585950403552e-05,-2.418721793116823e-06
26.0,18.900000000000002,5,4.781494842217387e-05,-2.1148286101674587e-06
26.0,19.3,5,4.454887029617726e-05,-1.8499448242350432e-06
26.0,19.700000000000003,5,4.0990871835240285e-05,-1.6189327103489388e-06
26.0,20.1,5,3.696719855528174e-05,-1.417352175414428e-06
26.0,20.5,5,3.2459515068608955e-05,-1.241362579380355e-06
26.0,20.900000000000002,5,2.7719555649574797e-05,-1.0876389787299227e-06
26.0,21.3,5,2.287970916054676e-05,-9.533005630552994e-07
26.0,21.700000000000003,5,1.77712540761426e-05,-8.358493768878848e-07
26.0,22.1,5,1.2197819832310479e-05,-7.33117748054042e-07
26.0,22.5,5,6.307961801110584e-06,-6.432232149779791e-07
26.0,22.900000000000002,5,5.96436983221236e-07,-5.645298997099176e-07
26.0,23.3,5,-4.597784464727123e-06,-4.956153017760884e-07
26.0,23.700000000000003,5,-9.307944695687162e-06,-4.3524168956498464e-07
26.0,24.1,5,-1.3396473254290911e-05,-3.8233144582047975e-07
26.0,24.5,5,-1.6661291259037754e-05,-3.359458098973592e-07
26.0,24.900000000000002,5,-1.9200641199064875e-05,-2.952665324947904e-07
26.0,25.3,5,-2.074070879892117e-05,-2.5958002916064297e-07
26.0,25.700000000000003,5,-2.1192270192650107e-05,-2.2826368056887902e-07
26.0,26.1,5,-2.1324873258184278e-05,-2.007739742518685e-07
26.0,26.5,5,-1.97778023956699e-05,-1.7663623394912884e-07
26.0,26.900000000000002,5,-1.9270669697428525e-05,-1.5543571421612965e-07
26.0,27.3,5,-1.650103961311356e-05,-1.368098725226817e-07
26.0,27.700000000000003,5,-1.1992210365224118e-05,-1.2044167993196615e-07
26.0,28.1,5,-2.337062767743239e-05,-1.0605380189461256e-07
26.0,28.5,5,-1.3378224146638805e-05,-9.34036420075347e-08
26.0,28.900000000000002,5,0.00010369990658402618,-8.227904331675795e-08
26.0,29.3,5,0.0003291145413805347,-7.249377694937456e-08
26.0,29.700000000000003,5,0.000522815225866643,-6.388413617489196e-08
26.0,30.1,5,0.0005345120379466204,-5.630695015591334e-08
26.0,30.5,5,0.00036543015938260827,-4.963711962232675e-08
26.0,30.900000000000002,5,0.00016294604680601918,-4.376490251041774e-08
26.0,31.3,5,4.559455063130545e-05,-3.859388323597044e-08
26.0,31.700000000000003,5,6.3373095521321255e-06,-3.4039412575021e-08
26.0,32.1,5,-1.5614527849730054e-06,-3.002719568643993e-08
26.0,32.5,5,-2.2359700986496387e-06,-2.6492007627816005e-08
26.0,32.9,5,-1.908552884911961e-06,-2.3376564848411875e-08
26.0,33.300000000000004,5,-1.5508046234718562e-06,-2.0630542807095374e-08
26.0,33.7,5,-1.2530608239216153e-06,-1.8209718733293507e-08
26.0,34.1,5,-1.010508371679819e-06,-1.6075221973770796e-08
26.0,34.5,5,-8.139945309018291e-07,-1.4192877879108446e-08
26.0,34.9,5,-6.549121054568982e-07,-1.2532633361916101e-08
26.0,35.300000000000004,5,-5.257954958695823e-07,-1.106805381177671e-08
26.0,35.7,5,-4.21222167747259e-07,-9.775882329793198e-09
26.0,36.1,5,-3.370702674877034e-07,-8.635653392065969e-09
26.0,36.5,5,-2.697391266922881e-07,-7.629354087175214e-09
26.0,36.9,5,-2.1530633325019206e-07,-6.741126976513131e-09
26.0,37.300000000000004,5,-1.7007311585115203e-07,-5.957009395253337e-09
26.0,37.7,5,-1.3409683716783977e-07,-5.264704667858081e-09
26.0,38.1,5,-1.0653699611702677e-07,-4.653381280128297e-09
26.0,38.5,5,-8.12080423591839e-08,-4.113496545969478e-09
26.0,38.900000000000006,5,-6.472416471941353e-08,-3.636641741294236e-09
26.0,39.300000000000004,5,-4.6678457777900957e-08,-3.2154060570984874e-09
26.0,39.7,5,-3.911351081488741e-08,-2.8432570549539e-09
28.0,0.1,2,-0.00012772761831008917,0.0005323926351594006
28.0,0.5,2,-0.00013144295404284075,0.0005306877312691764
28.0,0.9,2,-0.00013424034389561095,0.0005267225918193462
28.0,1.3,2,-0.00013812782978688074,0.0005205282576990663
28.0,1.7000000000000002,2,-0.00014304241132227858,0.0005121532660337864
28.0,2.1,2,-0.0001489538958270792,0.0005016633449200466
28.0,2.5,2,-0.00015623397773164706,0.0004891410288303184
28.0,2.9000000000000004,2,-0.00016483761653832943,0.0004746852272316735
28.0,3.3000000000000003,2,-0.0001736480316507952,0.0004584107921396392
28.0,3.7,2,-0.00018247007825355525,0.0004404481468461133
28.0,4.1000000000000005,2,-0.0001924523598958111,0.00042094305818607354
28.0,4.5,2,-0.00020047596209227304,0.0004000566573730805
28.0,4.9,2,-0.00020892896813384237,0.0003779658382846175
28.0,5.300000000000001,2,-0.0002146564977666154,0.00035486417842341497
28.0,5.7,2,-0.0002209671470669484,0.0003309635176862142
28.0,6.1000000000000005,2,-0.0002183184371773777,0.00030649626182639576
28.0,6.5,2,-0.00023060477890254717,0.0002817182627441322
28.0,6.9,2,-0.00021679695000943313,0.00025691165628083796
28.0,7.300000000000001,2,-0.000162817772650968,0.0002323861077643324
28.0,7.7,2,-0.00027866374422780087,0.0002084755063751881
28.0,8.1,2,-0.0009199788046931317,0.00018552591614927675
28.0,8.5,2,-0.002285227582570325,0.0001638713087707432
28.0,8.9,2,-0.00417406036408704,0.00014379861486858814
28.0,9.3,2,-0.006004924966124512,0.00012551200194271196
28.0,9.700000000000001,2,-0.007091330562377696,0.0001091109471182291
28.0,10.100000000000001,2,-0.007005217992186903,9.459105050461472e-05
28.0,10.5,2,-0.0058033619236255345,8.186452531924783e-05
28.0,10.9,2,-0.003975766668525528,7.078941332033373e-05
28.0,11.3,2,-0.002173479322197557,6.119717729481466e-05
28.0,11.700000000000001,2,-0.0008747431713911651,5.291339440970267e-05
28.0,12.100000000000001,2,-0.00020878327526519536,4.5770791028142494e-05
28.0,12.5,2,2.2324335897425524e-05,3.9616119394931314e-05
28.0,12.9,2,7.416843922021873e-05,3.43128895623401e-05
28.0,13.3,2,7.973259168954807e-05,2.9741644971663336e-05
28.0,13.700000000000001,2,7.770303086614137e-05,2.5798953318986892e-05
28.0,14.100000000000001,2,7.503977751888505e-05,2.2395831349902004e-05
28.0,14.5,2,7.250949615687311e-05,1.945600577169576e-05
28.0,14.9,2,7.012395039341157e-05,1.6914218886191224e-05
28.0,15.3,2,6.78527291035799e-05,1.4714676105426616e-05
28.0,15.700000000000001,2,6.567352029749333e-05,1.280967099258573e-05
28.0,16.1,2,6.35664204747307e-05,1.115839138021296e-05
28.0,16.5,2,6.151314097034727e-05,9.725894760150314e-06
28.0,16.900000000000002,2,5.9497295334531465e-05,8.482234902543952e-06
28.0,17.3,2,5.7502737746507194e-05,7.4017201680797855e-06
28.0,17.7,2,5.551204353647496e-05,6.462284794621416e-06
28.0,18.1,2,5.350608347250536e-05,5.644956252336671e-06
28.0,18.5,2,5.146397727068492e-05,4.933403885276736e-06
28.0,18.900000000000002,2,4.936294202565535e-05,4.313556154350166e-06
28.0,19.3,2,4.717812458930292e-05,3.7732757160272007e-06
28.0,19.700000000000003,2,4.488247151825052e-05,3.3020832594207916e-06
28.0,20.1,2,4.2446494363622304e-05,2.8909224757548224e-06
28.0,20.5,2,3.983822085237748e-05,2.5319597640827354e-06
28.0,20.900000000000002,2,3.702427781228855e-05,2.2184133095285627e-06
28.0,21.3,2,3.397209907285853e-05,1.944407032382232e-06
28.0,21.700000000000003,2,3.065162922955039e-05,1.7048456252204706e-06
28.0,22.1,2,2.7037313287050777e-05,1.4953074956549128e-06
28.0,22.5,2,2.311351901484609e-05,1.3119529350712445e-06
28.0,22.900000000000002,2,1.8880149160504757e-05,1.1514452549767162e-06
28.0,23.3,2,1.4356029056013022e-05,1.0108829848353577e-06
28.0,23.700000000000003,2,9.58642308565848e-06,8.877415191076921e-07
28.0,24.1,2,4.647450921171911e-06,7.798228462970073e-07
28.0,24.5,2,-3.542110197802313e-07,6.852121981971595e-07
28.0,24.900000000000002,2,-5.280065857298522e-06,6.022406308608192e-07
28.0,25.3,2,-9.970657774098211e-06,5.294526958035253e-07
28.0,25.700000000000003,2,-1.42547410701654e-05,4.655784845804591e-07
28.0,26.1,2,-1.796819949457714e-05,4.0950943517398775e-07
28.0,26.5,2,-2.0969816891153942e-05,3.6027737745692764e-07
28.0,26.900000000000002,2,-2.3160755817023394e-05,3.170363702531744e-07
28.0,27.3,2,-2.449496649106729e-05,2.790469467112363e-07
28.0,27.700000000000003,2,-2.4986986593686777e-05,2.456624396390986e-07
28.0,28.1,2,-2.4704401052387378e-05,2.1631710517004525e-07
28.0,28.5,2,-2.3761356382586085e-05,1.9051580249839425e-07
28.0,28.900000000000002,2,-2.2301277937450794e-05,1.678250205375403e-07
28.0,29.3,2,-2.0477434436646234e-05,1.4786507058347258e-07
28.0,29.700000000000003,2,-1.8440011425409318e-05,1.3030328871016376e-07
28.0,30.1,2,-1.6321758739591936e-05,1.1484811338216026e-07
28.0,30.5,2,-1.4228808832662275e-05,1.0124392280762928e-07
28.0,30.900000000000002,2,-1.2241628797170572e-05,8.926653272041555e-08
28.0,31.3,2,-1.0412464190855519e-05,7.871926871274496e-08
28.0,31.700000000000003,2,-8.770946208909758e-06,6.942953843396699e-08
28.0,32.1,2,-7.32714082060312e-06,6.124583860662141e-08
28.0,32.5,2,-6.0787125022657114e-06,5.403514039841265e-08
28.0,32.9,2,-5.0135829875576475e-06,4.7680604334361155e-08
28.0,33.300000000000004,2,-4.115605980837576e-06,4.207958256421934e-08
28.0,33.7,2,-3.364840724170022e-06,3.714187183727275e-08
28.0,34.1,2,-2.7423759284323728e-06,3.278818517380774e-08
28.0,34.5,2,-2.2290006509781136e-06,2.8948814234780417e-08
28.0,34.9,2,-1.807548742642644e-06,2.5562458007634938e-08
28.0,35.300000000000004,2,-1.463287076398698e-06,2.2575196694250374e-08
28.0,35.7,2,-1.1825331750840139e-06,1.9939592532215898e-08
28.0,36.1,2,-9.541156298529244e-07,1.7613901653054047e-08
28.0,36.5,2,-7.690290570376575e-07,1.5561383055586877e-08
28.0,36.9,2,-6.192577095467775e-07,1.3749692496731826e-08
28.0,37.300000000000004,2,-4.979430388933284e-07,1.2150350675628103e-08
28.0,37.7,2,-3.994967954965091e-07,1.073827648992541e-08
28.0,38.1,2,-3.1948764117294277e-07,9.491377328545728e-09
28.0,38.5,2,-2.5507633288042633e-07,8.39018936029637e-09
28.0,38.900000000000006,2,-2.0406267338782687e-07,7.417561638965624e-09
28.0,39.300000000000004,2,-1.6216648138104446e-07,6.558378610529986e-09
28.0,39.7,2,-1.2722186228222418e-07,5.7993162866983446e-09
28.0,0.1,5,-0.0001305020227386655,0.0005323926241939643
28.0,0.5,5,-0.00013423853219465983,0.0005306877207839167
28.0,0.9,5,-0.00013702300188453073,0.0005267225823673513
28.0,1.3,5,-0.00014088310949729446,0.0005205282496612755
28.0,1.7000000000000002,5,-0.00014575678761872502,0.0005121532596150349
28.0,2.1,5,-0.00015161000038912357,0.0005016633402308175
28.0,2.5,5,-0.0001588297607494625,0.0004891410260167801
28.0,2.9000000000000004,5,-0.0001673728876033936,0.0004746852265805905
28.0,3.3000000000000003,5,-0.00017611845943931115,0.00045841079408752596
28.0,3.7,5,-0.0001848794213268395,0.0004404481518562124
28.0,4.1000000000000005,5,-0.00019479821296999425,0.00042094306653639945
28.0,4.5,5,-0.00020276759454210014,0.00040005666895048006
28.0,4.9,5,-0.00021117625763274328,0.00037796585247977277
28.0,5.300000000000001,5,-0.00021687270116128626,0.00035486419415896347
28.0,5.7,5,-0.00022316437287757998,0.00033096353353036836
28.0,6.1000000000000005,5,-0.00022051850597474667,0.0003064962761135673
28.0,6.5,5,-0.00023282690104925514,0.0002817182736705245
28.0,6.9,5,-0.00021907059287746658,0.0002569116621378146
28.0,7.300000000000001,5,-0.0001651749737956847,0.00023238610742441724
28.0,7.7,5,-0.00028113688367389987,0.00020847549986238072
28.0,8.1,5,-0.0009226078430013905,0.0001855259049259737
28.0,8.5,5,-0.0022880550840803666,0.00016387129542359932
28.0,8.9,5,-0.004177137540428104,0.00014379860220956913
28.0,9.3,5,-0.006008300034141823,0.00012551199196430125
28.0,9.700000000000001,5,-0.00709505805544466,0.00010911094039039094
28.0,10.100000000000001,5,-0.007009352643732986,9.459104631423729e-05
28.0,10.5,5,-0.005807951558875881,8.186452236638837e-05
28.0,10.9,5,-0.003980853738624329,7.07894104868309e-05
28.0,11.3,5,-0.002179089815185652,6.119717406438863e-05
28.0,11.700000000000001,5,-0.0008808822229194494,5.2913390834150775e-05
28.0,12.100000000000001,5,-0.00021543327973081594,4.5770787422168156e-05
28.0,12.5,5,1.5223341210847157e-05,3.961611606057521e-05
28.0,12.9,5,6.670947319737957e-05,3.4312886670401936e-05
28.0,13.3,5,7.205731548409664e-05,2.9741642536145948e-05
28.0,13.700000000000001,5,6.998526171585735e-05,2.5798951215659353e-05
28.0,14.100000000000001,5,6.749532985938487e-05,2.2395829373835595e-05
28.0,14.5,5,6.536380497182645e-05,1.9456003717825006e-05
28.0,14.9,5,6.36087913613474e-05,1.691421662086311e-05
28.0,15.3,5,6.218431952925757e-05,1.471467360256311e-05
28.0,15.700000000000001,5,6.102116000277445e-05,1.2809668328129858e-05
28.0,16.1,5,6.006400284348703e-05,1.1158388698048654e-05
28.0,16.5,5,5.923279032859212e-05,9.725892230220298e-06
28.0,16.900000000000002,5,5.845468009311734e-05,8.482232686249208e-06
28.0,17.3,5,5.7662494566635933e-05,7.40171839484725e-06
28.0,17.7,5,5.680588494042712e-05,6.462283546159655e-06
28.0,18.1,5,5.582593159708532e-05,5.644955552007069e-06
28.0,18.5,5,5.469155115764184e-05,4.9334036957417396e-06
28.0,18.900000000000002,5,5.3368826696123085e-05,4.313556389333024e-06
28.0,19.3,5,5.183694009923535e-05,3.7732762662996693e-06
28.0,19.700000000000003,5,5.008949978141235e-05,3.3020840223537226e-06
28.0,20.1,5,4.8079541327183394e-05,2.8909233733285943e-06
28.0,20.5,5,4.5815926397211825e-05,2.531960739174932e-06
28.0,20.900000000000002,5,4.324831826534849e-05,2.2184143097412944e-06
28.0,21.3,5,4.037612338933797e-05,1.9444079997536208e-06
28.0,21.700000000000003,5,3.7224670827306845e-05,1.7048465127945916e-06
28.0,22.1,5,3.363108183735143e-05,1.495308298338307e-06
28.0,22.5,5,2.958243514328292e-05,1.311953705900919e-06
28.0,22.900000000000002,5,2.5315068134960978e-05,1.1514460847779612e-06
28.0,23.3,5,2.0943560378061797e-05,1.010883939825629e-06
28.0,23.700000000000003,5,1.628997058269338e-05,8.877425828262225e-07
28.0,24.1,5,1.1182371564629214e-05,7.798239346181025e-07
28.0,24.5,5,5.75876122164401e-06,6.852132193077805e-07
28.0,24.900000000000002,5,5.155141320450601e-07,6.022415127830667e-07
28.0,25.3,5,-4.230733088382801e-06,5.29453382628246e-07
28.0,25.700000000000003,5,-8.55902387014951e-06,4.655789312329298e-07
28.0,26.1,5,-1.240547235625516e-05,4.0950960883470054e-07
28.0,26.5,5,-1.543922806824102e-05,3.6027726267530386e-07
28.0,26.900000000000002,5,-1.7731178057212563e-05,3.1703597446907313e-07
28.0,27.3,5,-1.9299414938676385e-05,2.7904630467006313e-07
28.0,27.700000000000003,5,-1.961502330304578e-05,2.456616136420489e-07
28.0,28.1,5,-1.9877465851108973e-05,2.1631618249677756e-07
28.0,28.5,5,-1.825484325548969e-05,1.9051489137316964e-07
28.0,28.900000000000002,5,-1.812240693018045e-05,1.6782424244485227e-07
28.0,29.3,5,-1.5121859897895097e-05,1.4786455895552283e-07
28.0,29.700000000000003,5,-1.1075798433019302e-05,1.303031662618551e-07
28.0,30.1,5,-2.287522849035932e-05,1.1484847732630639e-07
28.0,30.5,5,-1.3523248710061192e-05,1.0124470694961401e-07
28.0,30.900000000000002,5,9.787427110708993e-05,8.926726648236098e-08
28.0,31.3,5,0.00031056775494218134,7.871951662113439e-08
28.0,31.700000000000003,5,0.0004910902585808242,6.942941139347408e-08
28.0,32.1,5,0.0005000518894375549,6.124566229823315e-08
28.0,32.5,5,0.0003406485535419091,5.403504899788596e-08
28.0,32.9,5,0.00015246242859582546,4.7680575583857596e-08
28.0,33.300000000000004,5,4.3489527163765694e-05,4.207957645130327e-08
28.0,33.7,5,6.4114716653589645e-06,3.7141870917188253e-08
28.0,34.1,5,-1.3399091133334294e-06,3.278818507299768e-08
28.0,34.5,5,-2.084469064166098e-06,2.8948814226566487e-08
28.0,34.9,5,-1.7965743403962623e-06,2.5562458007128108e-08
28.0,35.300000000000004,5,-1.462659409766309e-06,2.2575196694226455e-08
28.0,35.7,5,-1.1825056157558876e-06,1.993959253221503e-08
28.0,36.1,5,-9.541146855192305e-07,1.7613901653054034e-08
28.0,36.5,5,-7.690290314236139e-07,1.5561383055586877e-08
28.0,36.9,5,-6.192577089899483e-07,1.3749692496731826e-08
28.0,37.300000000000004,5,-4.979430388835197e-07,1.2150350675628103e-08
28.0,37.7,5,-3.994967954963678e-07,1.073827648992541e-08
28.0,38.1,5,-3.194876411729412e-07,9.491377328545728e-09
28.0,38.5,5,-2.550763328804262e-07,8.39018936029637e-09
28.0,38.900000000000006,5,-2.0406267338782687e-07,7.417561638965624e-09
28.0,39.300000000000004,5,-1.6216648138104446e-07,6.558378610529986e-09
28.0,39.7,5,-1.2722186228222418e-07,5.7993162866983446e-09
30.0,0.1,2,-0.0003213309833408335,0.0009831428930782574
30.0,0.5,2,-0.00032057642737439606,0.0009799945055313792
30.0,0.9,2,-0.0003222464744712448,0.0009726722198366065
30.0,1.3,2,-0.00032478725810348416,0.0009612333614175573
30.0,1.7000000000000002,2,-0.00032775230978144914,0.0009457675677294041
30.0,2.1,2,-0.00033064564059832473,0.0009263962250710871
30.0,2.5,2,-0.0003329461931753191,0.0009032717589868872
30.0,2.9000000000000004,2,-0.0003342057046663396,0.000876576838261041
30.0,3.3000000000000003,2,-0.0003338631628467966,0.0008465235767795498
30.0,3.7,2,-0.0003313986514179581,0.0008133528478170886
30.0,4.1000000000000005,2,-0.0003261977618878874,0.0007773338621594574
30.0,4.5,2,-0.0003180883467350072,0.0007387642039551394
30.0,4.9,2,-0.00030758537917555714,0.0006979705612797825
30.0,5.300000000000001,2,-0.0002947670777228425,0.000655310418279525
30.0,5.7,2,-0.00027918195853597833,0.0006111749600194782
30.0,6.1000000000000005,2,-0.00026292832058760713,0.0005659933100372482
30.0,6.5,2,-0.00024517152749769383,0.0005202378358677934
30.0,6.9,2,-0.00022726767503954606,0.0004744293766090191
30.0,7.300000000000001,2,-0.00020966289876799373,0.0004291395526583417
30.0,7.7,2,-0.0001935079619115833,0.0003849847374979188
30.0,8.1,2,-0.00017383899607952694,0.0003426039114201031
30.0,8.5,2,-0.00017003157538925302,0.00030261392642374016
30.0,8.9,2,-0.00014631320088334362,0.00026554500243237814
30.0,9.3,2,-9.18586435184462e-05,0.00023177467844043376
30.0,9.700000000000001,2,-0.00018031829707042404,0.00020148708043966654
30.0,10.100000000000001,2,-0.0007088854113784547,0.0001746741709819808
30.0,10.5,2,-0.0018480162456936042,0.00015117355161336495
30.0,10.9,2,-0.003435139542886946,0.000130722631862755
30.0,11.3,2,-0.0049852452529971164,0.00011300984192113375
30.0,11.700000000000001,2,-0.0059208879857975665,9.771295269175784e-05
30.0,12.100000000000001,2,-0.005875521408743809,8.452311552517396e-05
30.0,12.5,2,-0.004887284080155886,7.31574747465268e-05
30.0,12.9,2,-0.0033620289827882856,6.336411577067744e-05
30.0,13.3,2,-0.0018461454599885507,5.492251634620964e-05
30.0,13.700000000000001,2,-0.0007483813377773136,4.7641685546849886e-05
30.0,14.100000000000001,2,-0.00018235423191328306,4.135728623158584e-05
30.0,14.5,2,1.712955173725522e-05,3.5928449366645584e-05
30.0,14.9,2,6.35175002655077e-05,3.123465610585437e-05
30.0,15.3,2,6.917692986711959e-05,2.7172869601198457e-05
30.0,15.700000000000001,2,6.779014670538979e-05,2.36549918088356e-05
30.0,16.1,2,6.571900031198081e-05,2.060565668551799e-05
30.0,16.5,2,6.372162662986071e-05,1.7960337522971294e-05
30.0,16.900000000000002,2,6.182628774443946e-05,1.5663734023193612e-05
30.0,17.3,2,6.000980241840754e-05,1.3668402643557663e-05
30.0,17.7,2,5.825356779824403e-05,1.1933595573673987e-05
30.0,18.1,2,5.654254390072323e-05,1.0424277119595409e-05
30.0,18.5,2,5.486303406140819e-05,9.110290198569003e-06
30.0,18.900000000000002,2,5.3201633494135656e-05,7.965649519881213e-06
30.0,19.3,2,5.154456715285229e-05,6.9679415724118124e-06
30.0,19.700000000000003,2,4.987703193890615e-05,6.097814656954651e-06
30.0,20.1,2,4.818264434765941e-05,5.338544879224473e-06
30.0,20.5,2,4.6443300776622625e-05,4.675666287637274e-06
30.0,20.900000000000002,2,4.463926737617647e-05,4.096655245544309e-06
30.0,21.3,2,4.274868645698153e-05,3.590660722081673e-06
30.0,21.700000000000003,2,4.074667382473415e-05,3.1482735180064974e-06
30.0,22.1,2,3.860578274395239e-05,2.761328555501625e-06
30.0,22.5,2,3.629740489656819e-05,2.4227352896205127e-06
30.0,22.900000000000002,2,3.3791377195227034e-05,2.126332073525021e-06
30.0,23.3,2,3.1056613400531935e-05,1.8667609555346288e-06
30.0,23.700000000000003,2,2.8065197208859235e-05,1.6393599258566937e-06
30.0,24.1,2,2.4793765678433513e-05,1.4400700841496941e-06
30.0,24.5,2,2.1226754125487097e-05,1.2653555814469307e-06
30.0,24.900000000000002,2,1.7363524874450445e-05,1.112134513147997e-06
30.0,25.3,2,1.322053682385803e-05,9.777192124415822e-07
30.0,25.700000000000003,2,8.839450393986156e-06,8.597646228463223e-07
30.0,26.1,2,4.2897250258232875e-06,7.56223621277679e-07
30.0,26.5,2,-3.2913112271824104e-07,6.653083257629944e-07
30.0,26.900000000000002,2,-4.88946961119968e-06,5.854565603259656e-07
30.0,27.3,2,-9.242421079467119e-06,5.153027679479599e-07
30.0,27.700000000000003,2,-1.3228036924143789e-05,4.536527637310412e-07
30.0,28.1,2,-1.6691050393008478e-05,3.9946180658635945e-07
30.0,28.5,2,-1.9499569796292805e-05,3.518155409877862e-07
30.0,28.900000000000002,2,-2.1558448649208333e-05,3.0991342277882485e-07
30.0,29.3,2,-2.2823141179305312e-05,2.7305429667058195e-07
30.0,29.700000000000003,2,-2.3303467884476582e-05,2.406238393259857e-07
30.0,30.1,2,-2.306159557838495e-05,2.1208362153834061e-07
30.0,30.5,2,-2.2201768798544835e-05,1.8696157655824111e-07
30.0,30.900000000000002,2,-2.0856114698057338e-05,1.648436899197115e-07
30.0,31.3,2,-1.9167245278620847e-05,1.453667502985509e-07
30.0,31.700000000000003,2,-1.7275266995316125e-05,1.2821202213657237e-07
30.0,32.1,2,-1.5303594047529994e-05,1.1309971962269106e-07
30.0,32.5,2,-1.335247890892185e-05,9.978417826767645e-08
30.0,32.9,2,-1.1496922004341628e-05,8.804963455555546e-08
30.0,33.300000000000004,2,-9.786753132135724e-06,7.770653604269285e-08
30.0,33.7,2,-8.250040820490904e-06,6.858831419615792e-08
30.0,34.1,2,-6.897424774233532e-06,6.054856080565225e-08
30.0,34.5,2,-5.726351864469273e-06,5.3458556437707975e-08
30.0,34.9,2,-4.726843815848295e-06,4.720510624135467e-08
30.0,35.300000000000004,2,-3.882780146300859e-06,4.168864438201616e-08
30.0,35.7,2,-3.176886432762063e-06,3.682157338463615e-08
30.0,36.1,2,-2.5909913063999138e-06,3.252680885931476e-08
30.0,36.5,2,-2.107242950589361e-06,2.8736503706488282e-08
30.0,36.9,2,-1.7100991006113325e-06,2.5390929172880225e-08
30.0,37.300000000000004,2,-1.3853835651701783e-06,2.2437493104068654e-08
30.0,37.7,2,-1.1203509674301462e-06,1.9829878347861526e-08
30.0,38.1,2,-9.045033690813798e-07,1.7527286448248136e-08
30.0,38.5,2,-7.291964093495063e-07,1.5493773589454185e-08
30.0,38.900000000000006,2,-5.871067021922173e-07,1.3697667339643218e-08
30.0,39.300000000000004,2,-4.722303233383153e-07,1.2111054197335008e-08
30.0,39.7,2,-3.7953015917416406e-07,1.0709329246474364e-08
30.0,0.1,5,-0.00032357927605944456,0.0009831428842895307
30.0,0.5,5,-0.0003227500752887299,0.0009799944966549586
30.0,0.9,5,-0.00032438724814807537,0.0009726722106360518
30.0,1.3,5,-0.00032691042509751516,0.0009612333514883324
30.0,1.7000000000000002,5,-0.00032984822393016287,0.0009457675566450259
30.0,2.1,5,-0.00033270310068569205,0.0009263962126285996
30.0,2.5,5,-0.00033496527562824484,0.0009032717453684539
30.0,2.9000000000000004,5,-0.0003361814534104228,0.0008765768239868063
30.0,3.3000000000000003,5,-0.00033578996540693427,0.0008465235624902992
30.0,3.7,5,-0.00033327720185387177,0.0008133528340440945
30.0,4.1000000000000005,5,-0.000328024403302714,0.0007773338492440357
30.0,4.5,5,-0.000319867204185273,0.0007387641921620296
30.0,4.9,5,-0.0003093166682825237,0.0006979705509920286
30.0,5.300000000000001,5,-0.00029645152973968624,0.000655310410112224
30.0,5.7,5,-0.0002808249332106367,0.000611174954746484
30.0,6.1000000000000005,5,-0.0002645372170896361,0.0005659933083633257
30.0,6.5,5,-0.0002467538323154215,0.000520237838166016
30.0,6.9,5,-0.0002288340028223303,0.0004744293827396292
30.0,7.300000000000001,5,-0.00021122363966278332,0.00042913956190342774
30.0,7.7,5,-0.00019507495508445607,0.00038498474858294774
30.0,8.1,5,-0.00017542915416636197,0.0003426039226025098
30.0,8.5,5,-0.00017166636942488704,0.0003026139356942048
30.0,8.9,5,-0.0001480135524054477,0.00026554500793827775
30.0,9.3,5,-9.364820539028228e-05,0.00023177467905766526
30.0,9.700000000000001,5,-0.00018223050399506998,0.0002014870762080004
30.0,10.100000000000001,5,-0.000710952608526582,0.0001746741631453664
30.0,10.5,5,-0.0018502708162568106,0.00015117354220949892
30.0,10.9,5,-0.003437625489796065,0.00013072262301817364
30.0,11.3,5,-0.0049880055298419,0.00011300983514008427
30.0,11.700000000000001,5,-0.005923967005216069,9.771294844462858e-05
30.0,12.100000000000001,5,-0.005878967360012674,8.452311331210035e-05
30.0,12.5,5,-0.004891133770348634,7.31574735633182e-05
30.0,12.9,5,-0.0033663255438411625,6.336411468509119e-05
30.0,13.3,5,-0.0018509115737612052,5.4922514866021196e-05
30.0,13.700000000000001,5,-0.000753627241427552,4.764168364681902e-05
30.0,14.100000000000001,5,-0.00018805969854306058,4.1357284137387105e-05
30.0,14.5,5,1.1002732301356387e-05,3.5928447331334435e-05
30.0,14.9,5,5.705914999608489e-05,3.123465429782645e-05
30.0,15.3,5,6.250074602314944e-05,2.717286806532212e-05
30.0,15.700000000000001,5,6.105415221339296e-05,2.365499046674246e-05
30.0,16.1,5,5.911060155768132e-05,2.0605655374025953e-05
30.0,16.5,5,5.743803890031706e-05,1.7960336059525664e-05
30.0,16.900000000000002,5,5.608365933205105e-05,1.5663732271313043e-05
30.0,17.3,5,5.499428527033262e-05,1.3668400552888802e-05
30.0,17.7,5,5.412862387248858e-05,1.1933593185146335e-05
30.0,18.1,5,5.34284849589913e-05,1.0424274543654836e-05
30.0,18.5,5,5.283292813600543e-05,9.11028758286145e-06
30.0,18.900000000000002,5,5.226777299548328e-05,7.96564701969975e-06
30.0,19.3,5,5.1689094761324444e-05,6.967939328230269e-06
30.0,19.700000000000003,5,5.1039705326103225e-05,6.097812776847762e-06
30.0,20.1,5,5.0272705476249924e-05,5.338543424571689e-06
30.0,20.5,5,4.936055936371308e-05,4.675665265525963e-06
30.0,20.900000000000002,5,4.826562623559745e-05,4.096654614169651e-06
30.0,21.3,5,4.696971721908286e-05,3.5906604108843e-06
30.0,21.700000000000003,5,4.5470402739582816e-05,3.148273453591462e-06
30.0,22.1,5,4.371875780814572e-05,2.7613286792876864e-06
30.0,22.5,5,4.1736061069578303e-05,2.422735556566534e-06
30.0,22.900000000000002,5,3.9461767408414586e-05,2.126332438338048e-06
30.0,23.3,5,3.690436730890313e-05,1.866761363135938e-06
30.0,23.700000000000003,5,3.407591117397431e-05,1.639360326867765e-06
30.0,24.1,5,3.082543252273607e-05,1.44007046541809e-06
30.0,24.5,5,2.7147081822600313e-05,1.2653559858873383e-06
30.0,24.900000000000002,5,2.3261571703225006e-05,1.1121350258893761e-06
30.0,25.3,5,1.9281226443184818e-05,9.777199036622782e-07
30.0,25.700000000000003,5,1.5030470604158141e-05,8.597654894501126e-07
30.0,26.1,5,1.0350061083129702e-05,7.562245947018982e-07
30.0,26.5,5,5.3425134611515966e-06,6.653093229352484e-07
30.0,26.900000000000002,5,4.6772018512955553e-07,5.854575087721042e-07
30.0,27.3,5,-3.94043267529917e-06,5.153036040833087e-07
30.0,27.700000000000003,5,-7.909072423654198e-06,4.536534291269494e-07
30.0,28.1,5,-1.1497717748783251e-05,3.994622501254689e-07
30.0,28.5,5,-1.4391557052534768e-05,3.5181572488022704e-07
30.0,28.900000000000002,5,-1.644035754687931e-05,3.0991332914181836e-07
30.0,29.3,5,-1.8009433842293352e-05,2.730539338378768e-07
30.0,29.700000000000003,5,-1.8269200322774245e-05,2.406232450764301e-07
30.0,30.1,5,-1.861215352018327e-05,2.1208286239350605e-07
30.0,30.5,5,-1.698289340494393e-05,1.8696074760398244e-07
30.0,30.900000000000002,5,-1.7133606175687706e-05,1.6484290805307215e-07
30.0,31.3,5,-1.3851457044121716e-05,1.4536615711297913e-07
30.0,31.700000000000003,5,-1.029222116229673e-05,1.2821175959754623e-07
30.0,32.1,5,-2.250843573696966e-05,1.1309992440872262e-07
30.0,32.5,5,-1.3612584656057628e-05,9.978483057851467e-08
30.0,32.9,5,9.280205952929528e-05,8.805030226785357e-08
30.0,33.300000000000004,5,0.00029423957436783185,7.77067931854304e-08
30.0,33.7,5,0.00046311925964204144,6.858823041800822e-08
30.0,34.1,5,0.0004695746280106941,6.05484169500883e-08
30.0,34.5,5,0.00031876969383095514,5.3458477989619547e-08
30.0,34.9,5,0.00014322374456641045,4.7205080586244384e-08
30.0,35.300000000000004,5,4.160388294521651e-05,4.1688638692442493e-08
30.0,35.7,5,6.465978990899825e-06,3.682157248425064e-08
30.0,36.1,5,-1.1420483687967333e-06,3.252680875456201e-08
30.0,36.5,5,-1.9487190954355088e-06,2.8736503697330447e-08
30.0,36.9,5,-1.6971631470079008e-06,2.5390929172267664e-08
30.0,37.300000000000004,5,-1.384579565623321e-06,2.2437493104036934e-08
30.0,37.7,5,-1.1203122144803146e-06,1.982987834786024e-08
30.0,38.1,5,-9.04501897747743e-07,1.75272864482481e-08
30.0,38.5,5,-7.291963647481917e-07,1.5493773589454185e-08
30.0,38.900000000000006,5,-5.87106701099902e-07,1.3697667339643218e-08
30.0,39.300000000000004,5,-4.7223032331647586e-07,1.2111054197335008e-08
30.0,39.7,5,-3.795301591738045e-07,1.0709329246474364e-08
32.0,0.1,2,-0.0005570845664322102,0.0008011221779404576
32.0,0.5,2,-0.0005548128493969153,0.0007985566990919874
32.0,0.9,2,-0.0005478259998626582,0.0007925900990884677
32.0,1.3,2,-0.0005366990172007782,0.0007832690897043256
32.0,1.7000000000000002,2,-0.0005215482268778643,0.0007706667121052383
32.0,2.1,2,-0.0005026648556040037,0.0007548818777489676
32.0,2.5,2,-0.00048030383891136405,0.0007360387899593573
32.0,2.9000000000000004,2,-0.00045502513360453777,0.0007142862950819902
32.0,3.3000000000000003,2,-0.0004274613335462778,0.0006897972319389163
32.0,3.7,2,-0.00039836966388609717,0.0006627678729688591
32.0,4.1000000000000005,2,-0.0003685531731851437,0.0006334175805204588
32.0,4.5,2,-0.0003388310298414284,0.000601988836407302
32.0,4.9,2,-0.0003098763605169274,0.000568747837972861
32.0,5.300000000000001,2,-0.00028236326856446916,0.0005339858782393523
32.0,5.7,2,-0.00025688191633943904,0.0004980217147970341
32.0,6.1000000000000005,2,-0.00023366004407886448,0.00046120502513431196
32.0,6.5,2,-0.0002125092014459135,0.0004239207323009702
32.0,6.9,2,-0.0001935880834011478,0.000386593266560367
32.0,7.300000000000001,2,-0.0001772572676717574,0.0003496884478839586
32.0,7.7,2,-0.0001623769217768532,0.00031370857026649705
32.0,8.1,2,-0.00014957172147522275,0.0002791743449740915
32.0,8.5,2,-0.0001385067297320797,0.00024658842539162563
32.0,8.9,2,-0.00012814864099745522,0.00021638280925218855
32.0,9.3,2,-0.00012000720695116438,0.00018886500557135195
32.0,9.700000000000001,2,-0.00011245695164833935,0.0001641848924956492
32.0,10.100000000000001,2,-0.00010280790404926719,0.00014233582077000524
32.0,10.5,2,-0.00010679484082596714,0.00012318548004734003
32.0,10.9,2,-9.150983149889478e-05,0.00010652005392796376
32.0,11.3,2,-4.872924401998488e-05,9.208590993402995e-05
32.0,11.700000000000001,2,-0.00012676971945568914,7.962071977606545e-05
32.0,12.100000000000001,2,-0.0005782796943327897,6.887291992808973e-05
32.0,12.5,2,-0.0015506890771238568,5.961193486485276e-05
32.0,12.9,2,-0.0029102301562716946,5.163227724759184e-05
32.0,13.3,2,-0.0042462723111032505,4.475403992628105e-05
32.0,13.700000000000001,2,-0.005064183497715837,3.882146769902357e-05
32.0,14.100000000000001,2,-0.005043934078083867,3.370063912646036e-05
32.0,14.5,2,-0.0042097067421986685,2.9276841220228423e-05
32.0,14.9,2,-0.0029059248495390474,2.545196281452678e-05
32.0,15.3,2,-0.001601539617106386,2.2142102347886174e-05
32.0,15.700000000000001,2,-0.0006534444260922162,1.9275486862535097e-05
32.0,16.1,2,-0.00016228805892620491,1.6790693758073104e-05
32.0,16.5,2,1.3249326726243662e-05,1.4635128867009225e-05
32.0,16.900000000000002,2,5.538285089627861e-05,1.2763721918607928e-05
32.0,17.3,2,6.105386553526347e-05,1.1137810124813067e-05
32.0,17.7,2,6.011494486607432e-05,9.724189044101779e-06
32.0,18.1,2,5.8456800350123236e-05,8.4943093833981e-06
32.0,18.5,2,5.683292410073546e-05,7.423597331529053e-06
32.0,18.900000000000002,2,5.528362241404928e-05,6.490878518998258e-06
32.0,19.3,2,5.3791064331719036e-05,5.6778890800542945e-06
32.0,19.700000000000003,2,5.233956949840687e-05,4.968860095003971e-06
32.0,20.1,2,5.0916492871393565e-05,4.35016393121675e-06
32.0,20.5,2,4.951059865894119e-05,3.8100128552405668e-06
32.0,20.900000000000002,2,4.811078463131178e-05,3.3382018405283723e-06
32.0,21.3,2,4.670501486218382e-05,2.925888794473524e-06
32.0,21.700000000000003,2,4.5280070986389374e-05,2.5654065142580746e-06
32.0,22.1,2,4.3821917157312654e-05,2.25010158713278e-06
32.0,22.5,2,4.231501307460127e-05,1.974196206217398e-06
32.0,22.900000000000002,2,4.0740997254699704e-05,1.7326695029684524e-06
32.0,23.3,2,3.907943298446534e-05,1.521155524174892e-06
32.0,23.700000000000003,2,3.730840405103864e-05,1.3358554232549287e-06
32.0,24.1,2,3.540264616625797e-05,1.1734618074847715e-06
32.0,24.5,2,3.333494505814984e-05,1.0310934956411607e-06
32.0,24.900000000000002,2,3.107777659274913e-05,9.06239202979442e-07
32.0,25.3,2,2.8602054586963586e-05,7.96708890150273e-07
32.0,25.700000000000003,2,2.588165270528333e-05,7.005916971423196e-07
32.0,26.1,2,2.28942417927105e-05,6.162195396828663e-07
32.0,26.5,2,1.962500635761418e-05,5.421355793488289e-07
32.0,26.900000000000002,2,1.6072369143380805e-05,4.770668935199996e-07
32.0,27.3,2,1.2251232627278235e-05,4.1990076925939805e-07
32.0,27.700000000000003,2,8.200416650491675e-06,3.696641278108154e-07
32.0,28.1,2,3.983224689726241e-06,3.2550565564857103e-07
32.0,28.5,2,-3.0764631802152815e-07,2.8668027649933293e-07
32.0,28.900000000000002,2,-4.55331327117187e-06,2.5253564894180355e-07
32.0,29.3,2,-8.613649486416584e-06,2.225004177950694e-07
32.0,29.700000000000003,2,-1.2339074714101183e-05,1.9607398530067887e-07
32.0,30.1,2,-1.558403443925708e-05,1.7281760048315578e-07
32.0,30.5,2,-1.8221982508667232e-05,1.5234659257167443e-07
32.0,30.900000000000002,2,-2.0163719631684443e-05,1.3432359788440163e-07
32.0,31.3,2,-2.1364779928764554e-05,1.184526500254805e-07
32.0,31.700000000000003,2,-2.1832470217692932e-05,1.0447402116222413e-07
32.0,32.1,2,-2.162352468404303e-05,9.215971758426512e-08
32.0,32.5,2,-2.0834058206139738e-05,8.130954564735329e-08
32.0,32.9,2,-1.958669393980943e-05,7.17476748168665e-08
32.0,33.300000000000004,2,-1.8014493232204924e-05,6.331963348869654e-08
32.0,33.7,2,-1.6248709301344328e-05,5.588968131899418e-08
32.0,34.1,2,-1.4404779355671381e-05,4.9338509310120145e-08
32.0,34.5,2,-1.2577731245612302e-05,4.356122580141789e-08
32.0,34.9,2,-1.0837695742628031e-05,3.846559243425858e-08
32.0,35.300000000000004,2,-9.232075619471028e-06,3.3970478925105396e-08
32.0,35.7,2,-7.787841179524287e-06,3.0004509270390594e-08
32.0,36.1,2,-6.5149899150147005e-06,2.6504875234572415e-08
32.0,36.5,2,-5.412537154834143e-06,2.341629597781715e-08
32.0,36.9,2,-4.47044930359211e-06,2.0690105510890777e-08
32.0,37.300000000000004,2,-3.6744110508418076e-06,1.8283452172849964e-08
32.0,37.7,2,-3.008315900792702e-06,1.6158596357359617e-08
32.0,38.1,2,-2.45483135212014e-06,1.4282294331816327e-08
32.0,38.5,2,-1.9975645873686958e-06,1.2625257371917079e-08
32.0,38.900000000000006,2,-1.621909093828832e-06,1.1161676745231515e-08
32.0,39.300000000000004,2,-1.3145736698622505e-06,9.868806342379909e-09
32.0,39.7,2,-1.0637718169213441e-06,8.726595885605586e-09
32.0,0.1,5,-0.0005580363020388599,0.0008011221569413112
32.0,0.5,5,-0.0005557717744928298,0.000798556678199401
32.0,0.9,5,-0.0005487957444500076,0.0007925900786105818
32.0,1.3,5,-0.0005376820388650397,0.000783269070201728
32.0,1.7000000000000002,5,-0.0005225448468100095,0.0007706666942230496
32.0,2.1,5,-0.0005036808017393794,0.0007548818618884775
32.0,2.5,5,-0.0004813421724093752,0.0007360387760009723
32.0,2.9000000000000004,5,-0.00045608004287015267,0.0007142862823491483
32.0,3.3000000000000003,5,-0.0004285319214142149,0.0006897972194443301
32.0,3.7,5,-0.0003994579274492169,0.0006627678598142322
32.0,4.1000000000000005,5,-0.00036965562810162354,0.00063341756624162
32.0,4.5,5,-0.0003399477243623176,0.0006019888211101138
32.0,4.9,5,-0.00031100238740672617,0.0005687478222392969
32.0,5.300000000000001,5,-0.0002834959335748372,0.0005339858629067308
32.0,5.7,5,-0.0002580220153894377,0.0004980217007505144
32.0,6.1000000000000005,5,-0.0002348033986981972,0.00046120501319999184
32.0,6.5,5,-0.00021365404057090644,0.00042392072323449415
32.0,6.9,5,-0.00019473171744352946,0.000386593261062919
32.0,7.300000000000001,5,-0.00017840009188248093,0.0003496884465718821
32.0,7.7,5,-0.00016351842089670928,0.00031370857356811065
32.0,8.1,5,-0.0001507176328373784,0.00027917435298681256
32.0,8.5,5,-0.00013965860154635206,0.0002465884377694052
32.0,8.9,5,-0.0001293094331213989,0.00021638282518261312
32.0,9.3,5,-0.00012118674867213883,0.00018886502384676959
32.0,9.700000000000001,5,-0.00011366358349759276,0.00016418491163198127
32.0,10.100000000000001,5,-0.00010405204356037327,0.00014233583913421784
32.0,10.5,5,-0.00010809069878780902,0.00012318549601009218
32.0,10.9,5,-9.287806145158923e-05,0.0001065200660916564
32.0,11.3,5,-5.018703034517801e-05,9.208591743411016e-05
32.0,11.700000000000001,5,-0.00012834320960994225,7.962072255686402e-05
32.0,12.100000000000001,5,-0.000579995830343687,6.887291884128335e-05
32.0,12.5,5,-0.0015525757182053485,5.961193147531683e-05
32.0,12.9,5,-0.0029123280149902188,5.163227335574429e-05
32.0,13.3,5,-0.0042486139223156544,4.475403697861436e-05
32.0,13.700000000000001,5,-0.005066812054337883,3.882146635877587e-05
32.0,14.100000000000001,5,-0.005046888509001522,3.370063921832966e-05
32.0,14.5,5,-0.004213028001931621,2.9276842051182114e-05
32.0,14.9,5,-0.0029096429659991275,2.5451963650003138e-05
32.0,15.3,5,-0.0016056843605159366,2.2142102759319804e-05
32.0,15.700000000000001,5,-0.0006580198073278599,1.9275486797771433e-05
32.0,16.1,5,-0.00016728679703103763,1.6790693389642853e-05
32.0,16.5,5,7.86762554362829e-06,1.463512841332842e-05
32.0,16.900000000000002,5,4.968808823870025e-05,1.2763721544037653e-05
32.0,17.3,5,5.514870046781112e-05,1.1137809895012554e-05
32.0,17.7,5,5.414312962654794e-05,9.724188914183522e-06
32.0,18.1,5,5.257649360321805e-05,8.494309221677054e-06
32.0,18.5,5,5.123133712102715e-05,7.423596972216928e-06
32.0,18.900000000000002,5,5.0148190031461577e-05,6.4908778212942845e-06
32.0,19.3,5,4.929548627619475e-05,5.677887969882181e-06
32.0,19.700000000000003,5,4.863011996121686e-05,4.968858577984017e-06
32.0,20.1,5,4.81137048165458e-05,4.350162080904282e-06
32.0,20.5,5,4.767808619180065e-05,3.810010789418259e-06
32.0,20.900000000000002,5,4.726919572992538e-05,3.3381996970877866e-06
32.0,21.3,5,4.683498464448358e-05,2.9258867111686057e-06
32.0,21.700000000000003,5,4.633137110493565e-05,2.5654046108764475e-06
32.0,22.1,5,4.5721159809957366e-05,2.2500999490606247e-06
32.0,22.5,5,4.496939964321435e-05,1.9741948730411836e-06
32.0,22.900000000000002,5,4.405348774691576e-05,1.7326684686004287e-06
32.0,23.3,5,4.2944815337743576e-05,1.521154751628981e-06
32.0,23.700000000000003,5,4.164248847855732e-05,1.3358548669263819e-06
32.0,24.1,5,4.009915049097494e-05,1.173461429710408e-06
32.0,24.5,5,3.833749937828437e-05,1.0310932669291095e-06
32.0,24.900000000000002,5,3.629748875535601e-05,9.062390897103701e-07
32.0,25.3,5,3.399939250421119e-05,7.967088452970668e-07
32.0,25.700000000000003,5,3.144097526571801e-05,7.005916744150035e-07
32.0,26.1,5,2.847862052894807e-05,6.162195234906335e-07
32.0,26.5,5,2.5112012630493825e-05,5.421356076785483e-07
32.0,26.900000000000002,5,2.1536560924400114e-05,4.77067050086453e-07
32.0,27.3,5,1.785862950155541e-05,4.199011315246147e-07
32.0,27.700000000000003,5,1.3918051871602182e-05,3.69664709064075e-07
32.0,28.1,5,9.591411100659794e-06,3.2550640678243413e-07
32.0,28.5,5,4.974010058000344e-06,2.8668112879686074e-07
32.0,28.900000000000002,5,4.4773997204113374e-07,2.525365364848663e-07
32.0,29.3,5,-3.706814658441576e-06,2.2250127691000218e-07
32.0,29.700000000000003,5,-7.398919667144123e-06,1.9607475161326854e-07
32.0,30.1,5,-1.0708306462968292e-05,1.7281821112256639e-07
32.0,30.5,5,-1.35027803828993e-05,1.523469926393397e-07
32.0,30.900000000000002,5,-1.535969633305798e-05,1.343237478742915e-07
32.0,31.3,5,-1.685454101991019e-05,1.184525333343138e-07
32.0,31.700000000000003,5,-1.7104042433339924e-05,1.0447365027350809e-07
32.0,32.1,5,-1.7445525645677792e-05,9.215913525346127e-08
32.0,32.5,5,-1.5892650194358985e-05,8.13088285788417e-08
32.0,32.9,5,-1.6295491326469112e-05,7.174692876786612e-08
32.0,33.300000000000004,5,-1.270223320161346e-05,6.331900063528415e-08
32.0,33.7,5,-9.594192846716936e-06,5.588931564918763e-08
32.0,34.1,5,-2.2236979274799186e-05,4.933858150909504e-08
32.0,34.5,5,-1.3678715896662442e-05,4.356175926303658e-08
32.0,34.9,5,8.837209131465755e-05,3.8466194386906853e-08
32.0,35.300000000000004,5,0.0002797419877502223,3.3970737032287836e-08
32.0,35.7,5,0.0004382752031165729,3.0004459149954126e-08
32.0,36.1,5,0.00044241502183474727,2.6504758265194644e-08
32.0,36.5,5,0.00029932202858725017,2.3416228653720126e-08
32.0,36.9,5,0.00013502416348196137,2.0690082623756106e-08
32.0,37.300000000000004,5,3.990384546336039e-05,1.8283446887239198e-08
32.0,37.7,5,6.505953126072668e-06,1.615859548051794e-08
32.0,38.1,5,-9.631481275475004e-07,1.428229422396347e-08
32.0,38.5,5,-1.8252126559769663e-06,1.2625257361857454e-08
32.0,38.900000000000006,5,-1.6068919783031132e-06,1.1161676744507112e-08
32.0,39.300000000000004,5,-1.3135670852281305e-06,9.868806342339097e-09
32.0,39.7,5,-1.0637190122607974e-06,8.726595885603768e-09
34.0,0.1,2,-0.0004964613699303639,0.00010348342329504473
34.0,0.5,2,-0.0004924106789473615,0.00010315203172406506
34.0,0.9,2,-0.00048076182061409514,0.0001023813058126057
34.0,1.3,2,-0.00046329121221488044,0.00010117727941736985
34.0,1.7000000000000002,2,-0.0004410733775022705,9.954938744208625e-05
34.0,2.1,2,-0.0004154624897186683,9.751040653985832e-05
34.0,2.5,2,-0.0003878841906073767,9.507638038857957e-05
34.0,2.9000000000000004,2,-0.0003595176407803761,9.226653587117258e-05
34.0,3.3000000000000003,2,-0.0003314263530843239,8.910319907369068e-05
34.0,3.7,2,-0.000304519667399828,8.561172318603177e-05
34.0,4.1000000000000005,2,-0.0002793454106217146,8.182044425043357e-05
34.0,4.5,2,-0.0002562130334361949,7.776068515374681e-05
34.0,4.9,2,-0.0002352785968389096,7.346683278480766e-05
34.0,5.300000000000001,2,-0.00021655074544679997,6.897651641578736e-05
34.0,5.7,2,-0.00019991154327238272,6.433091371117748e-05
34.0,6.1000000000000005,2,-0.00018521801739520226,5.957519697370884e-05
34.0,6.5,2,-0.00017226162631113509,5.475909171883891e-05
34.0,6.9,2,-0.00016079243307581042,4.993742688573512e-05
34.0,7.300000000000001,2,-0.00015050723253249275,4.51703775447714e-05
34.0,7.7,2,-0.0001412771044842913,4.052282902631979e-05
34.0,8.1,2,-0.00013314826036678738,3.6062042774826664e-05
34.0,8.5,2,-0.00012580074645781157,3.185294213285038e-05
34.0,8.9,2,-0.0001188301607393135,2.79513157315899e-05
34.0,9.3,2,-0.00011283831438064899,2.439686447569909e-05
34.0,9.700000000000001,2,-0.00010718212378353646,2.1208927215783307e-05
34.0,10.100000000000001,2,-0.00010175214322157388,1.8386634681269644e-05
34.0,10.5,2,-9.746794951282327e-05,1.5912904590177493e-05
34.0,10.9,2,-9.231954940867269e-05,1.3760139211311218e-05
34.0,11.3,2,-8.921770028545652e-05,1.1895589745923378e-05
34.0,11.700000000000001,2,-8.505809535056263e-05,1.0285355249747156e-05
34.0,12.100000000000001,2,-7.942065829225377e-05,8.89689421815295e-06
34.0,12.5,2,-8.53866275187801e-05,7.700373161756907e-06
34.0,12.9,2,-7.263423992235375e-05,6.669250242875975e-06
34.0,13.3,2,-3.5165165172980334e-05,5.78037537660174e-06
34.0,13.700000000000001,2,-0.00010239084508973914,5.013774057242654e-06
34.0,14.100000000000001,2,-0.0004936963469004454,4.352258717646724e-06
34.0,14.5,2,-0.0013390009213529136,3.781017599132517e-06
34.0,14.9,2,-0.002525502237346387,3.2872799229464497e-06
34.0,15.3,2,-0.0036975138502141937,2.860067813324468e-06
34.0,15.700000000000001,2,-0.004422244440702472,2.48999928368937e-06
34.0,16.1,2,-0.004416206205471393,2.1691054147825272e-06
34.0,16.5,2,-0.0036946784061039108,1.8906322718994162e-06
34.0,16.900000000000002,2,-0.00255694432751903,1.648826874268389e-06
34.0,17.3,2,-0.001413164464920511,1.4387438471293032e-06
34.0,17.7,2,-0.0005799240934666037,1.256109258614891e-06
34.0,18.1,2,-0.00014660800858702045,1.0972295350739158e-06
34.0,18.5,2,1.023938729946131e-05,9.589198658916066e-07
34.0,18.900000000000002,2,4.8968989497638295e-05,8.38438447582902e-07
34.0,19.3,2,5.4609102370304e-05,7.334235941844308e-07
34.0,19.700000000000003,2,5.399564798459762e-05,6.41837758780392e-07
34.0,20.1,2,5.263901737163015e-05,5.619204868460262e-07
34.0,20.5,2,5.128866107630728e-05,4.921490794505648e-07
34.0,20.900000000000002,2,4.999387600479593e-05,4.3120529787474617e-07
34.0,21.3,2,4.874060965854498e-05,3.77946964648613e-07
34.0,21.700000000000003,2,4.7515822575082886e-05,3.313836691437146e-07
34.0,22.1,2,4.6309097808542386e-05,2.9065595470670354e-07
34.0,22.5,2,4.511041160427124e-05,2.5501746771416925e-07
34.0,22.900000000000002,2,4.390949838219763e-05,2.2381962931748333e-07
34.0,23.3,2,4.2696256020813286e-05,1.9649845810969147e-07
34.0,23.700000000000003,2,4.14594827946556e-05,1.7256322941752207e-07
34.0,24.1,2,4.018576605955541e-05,1.5158670546020074e-07
34.0,24.5,2,3.8860916436165125e-05,1.3319671086232214e-07
34.0,24.900000000000002,2,3.746892696199315e-05,1.1706886110006923e-07
34.0,25.3,2,3.599053843050698e-05,1.0292027919491945e-07
34.0,25.700000000000003,2,3.440544381690603e-05,9.05041601388002e-08
34.0,26.1,2,3.269021574920554e-05,7.960506416743638e-08
34.0,26.5,2,3.0819480566332894e-05,7.003483885362834e-08
34.0,26.900000000000002,2,2.876753749317294e-05,6.162908531960977e-08
34.0,27.3,2,2.650710628816431e-05,5.4244095445884125e-08
34.0,27.700000000000003,2,2.4013684450313282e-05,4.775419573547194e-08
34.0,28.1,2,2.1264918743787918e-05,4.204944109251943e-08
34.0,28.5,2,1.8247897656419215e-05,3.703360944391328e-08
34.0,28.900000000000002,2,1.4959746670681463e-05,3.262245595508395e-08
34.0,29.3,2,1.1414888465243565e-05,2.874219271537854e-08
34.0,29.700000000000003,2,7.647160648854755e-06,2.5328165267662454e-08
34.0,30.1,2,3.717323109821208e-06,2.232370102451181e-08
34.0,30.5,2,-2.889869689293131e-07,1.967910713454708e-08
34.0,30.900000000000002,2,-4.260554425983913e-06,1.7350797647099303e-08
34.0,31.3,2,-8.065135086459058e-06,1.530053237105917e-08
34.0,31.700000000000003,2,-1.1562633437805827e-05,1.3494752443607612e-08
34.0,32.1,2,-1.4614641851731679e-05,1.1903999881214322e-08
34.0,32.5,2,-1.7101754910319377e-05,1.0502410074297762e-08
34.0,32.9,2,-1.8938623233012074e-05,9.267267536944952e-09
34.0,33.300000000000004,2,-2.0081470619070776e-05,8.178616602284281e-09
34.0,33.7,2,-2.05362064647974e-05,7.218920265310069e-09
34.0,34.1,2,-2.0354022456711694e-05,6.372761719465707e-09
34.0,34.5,2,-1.9624998261445993e-05,5.6265839348105455e-09
34.0,34.9,2,-1.846262048700267e-05,4.968462804692129e-09
34.0,35.300000000000004,2,-1.699264475890065e-05,4.3879092973559835e-09
34.0,35.7,2,-1.5337024313754822e-05,3.875696202137652e-09
34.0,36.1,2,-1.3605662482124616e-05,3.423705700429405e-09
34.0,36.5,2,-1.1887611825874972e-05,3.024794943929795e-09
34.0,36.9,2,-1.0249674542035936e-05,2.672677647236369e-09
34.0,37.300000000000004,2,-8.737014040813638e-06,2.361820097991249e-09
34.0,37.7,2,-7.374698270708334e-06,2.08735000300801e-09
34.0,38.1,2,-6.173327812434259e-06,1.84497652358164e-09
34.0,38.5,2,-5.131793599316051e-06,1.6309199644059157e-09
34.0,38.900000000000006,2,-4.2409593736419794e-06,1.4418498903237608e-09
34.0,39.300000000000004,2,-3.4878587970951256e-06,1.2748307690915602e-09
34.0,39.7,2,-2.8572405240761004e-06,1.1272743884948327e-09
34.0,0.1,5,-0.0004964311198339225,0.00010348343591661022
34.0,0.5,5,-0.000492435086280935,0.00010315204351375302
34.0,0.9,5,-0.00048081595083076004,0.00010238131576309558
34.0,1.3,5,-0.0004633651245863191,0.00010117728675394766
34.0,1.7000000000000002,5,-0.00044117280468259013,9.954939172677864e-05
34.0,2.1,5,-0.00041559954331563684,9.751040774390778e-05
34.0,2.5,5,-0.0003880644474254646,9.507637891806557e-05
34.0,2.9000000000000004,5,-0.00035974427936034795,9.226653251769804e-05
34.0,3.3000000000000003,5,-0.0003317072288034779,8.910319486470379e-05
34.0,3.7,5,-0.0003048576063814879,8.561171914080966e-05
34.0,4.1000000000000005,5,-0.0002797385273178695,8.18204410990121e-05
34.0,4.5,5,-0.0002566628822659923,7.776068312026183e-05
34.0,4.9,5,-0.00023578281874988863,7.346683153344764e-05
34.0,5.300000000000001,5,-0.00021710872074590424,6.897651519306975e-05
34.0,5.7,5,-0.00020052129567536798,6.433091162857556e-05
34.0,6.1000000000000005,5,-0.00018587191516910383,5.957519330783354e-05
34.0,6.5,5,-0.00017295737605112712,5.4759086107972744e-05
34.0,6.9,5,-0.00016152491477482267,4.9937419369852104e-05
34.0,7.300000000000001,5,-0.00015127365448534843,4.517036848425705e-05
34.0,7.7,5,-0.00014207178084492582,4.0522818988576835e-05
34.0,8.1,5,-0.00013396899779348896,3.606203246310821e-05
34.0,8.5,5,-0.00012663932203614062,3.1852932369603107e-05
34.0,8.9,5,-0.00011968644799671784,2.795130744669647e-05
34.0,9.3,5,-0.0001137108322417906,2.4396858634954656e-05
34.0,9.700000000000001,5,-0.00010806847575046002,2.120892466937968e-05
34.0,10.100000000000001,5,-0.00010265300522010429,1.8386635981548593e-05
34.0,10.5,5,-9.838496626007269e-05,1.5912909864018695e-05
34.0,10.9,5,-9.325847367841978e-05,1.3760148139463352e-05
34.0,11.3,5,-9.01786731079349e-05,1.1895601625691455e-05
34.0,11.700000000000001,5,-8.605058830612835e-05,1.0285369074937256e-05
34.0,12.100000000000001,5,-8.045374247978772e-05,8.896908741744915e-06
34.0,12.5,5,-8.64722604417349e-05,7.700386977824374e-06
34.0,12.9,5,-7.37878974534948e-05,6.669261961542383e-06
34.0,13.3,5,-3.64007018306956e-05,5.7803839110214455e-06
34.0,13.700000000000001,5,-0.00010373262193777433,5.01377893651526e-06
34.0,14.100000000000001,5,-0.0004951676806444253,4.3522602729511804e-06
34.0,14.5,5,-0.001340628620986725,3.781016889610393e-06
34.0,14.9,5,-0.002527316125946085,3.287278375893836e-06
34.0,15.3,5,-0.003699549473361867,2.8600667084452898e-06
34.0,15.700000000000001,5,-0.004424537390476301,2.4899993230901273e-06
34.0,16.1,5,-0.00441879334082957,2.1691065943068996e-06
34.0,16.5,5,-0.0036975960095467788,1.890634094548842e-06
34.0,16.900000000000002,5,-0.0025602245608823773,1.6488287390610613e-06
34.0,17.3,5,-0.0014168290230831117,1.438745366549999e-06
34.0,17.7,5,-0.0005839853174299116,1.256110352763204e-06
34.0,18.1,5,-0.00015105475682752783,1.0972303268292338e-06
34.0,18.5,5,5.438968834329955e-06,9.589205374734983e-07
34.0,18.900000000000002,5,4.387372002765483e-05,8.384391517520882e-07
34.0,19.3,5,4.931620361929369e-05,7.334244066493258e-07
34.0,19.700000000000003,5,4.8627760332487834e-05,6.41838657368386e-07
34.0,20.1,5,4.7342793576246e-05,5.619213631797345e-07
34.0,20.5,5,4.623324069135694e-05,4.921497801670068e-07
34.0,20.900000000000002,5,4.535287272450621e-05,4.3120567692694986e-07
34.0,21.3,5,4.4667564152912534e-05,3.7794692492499776e-07
34.0,21.700000000000003,5,4.415084134351374e-05,3.3138318091165446e-07
34.0,22.1,5,4.3757266020263605e-05,2.906550519097523e-07
34.0,22.5,5,4.344077811536975e-05,2.5501623188709136e-07
34.0,22.900000000000002,5,4.314641216859262e-05,2.2381817093927177e-07
34.0,23.3,5,4.28182557286083e-05,1.9649689942761187e-07
34.0,23.700000000000003,5,4.242479107404245e-05,1.7256168760836634e-07
34.0,24.1,5,4.192868647570367e-05,1.5158527535022389e-07
34.0,24.5,5,4.1293084089063253e-05,1.3319545098313713e-07
34.0,24.900000000000002,5,4.0507931140299654e-05,1.1706778966279312e-07
34.0,25.3,5,3.9541994448854785e-05,1.0291938411920823e-07
34.0,25.700000000000003,5,3.8394669243358877e-05,9.05034178760274e-08
34.0,26.1,5,3.702134661337487e-05,7.96044547953661e-08
34.0,26.5,5,3.5437923889126756e-05,7.00343471689344e-08
34.0,26.900000000000002,5,3.35849720300642e-05,6.162868941496708e-08
34.0,27.3,5,3.1495219622251594e-05,5.4243757296254986e-08
34.0,27.700000000000003,5,2.9158254405112697e-05,4.775387375937533e-08
34.0,28.1,5,2.643822286506641e-05,4.204911930826653e-08
34.0,28.5,5,2.334901541087006e-05,3.7033322904158075e-08
34.0,28.900000000000002,5,2.0064067572077013e-05,3.262228844618592e-08
34.0,29.3,5,1.6669076227080538e-05,2.874222991651518e-08
34.0,29.700000000000003,5,1.2993259239770302e-05,2.532843784080427e-08
34.0,30.1,5,8.93539407224042e-06,2.232418141391593e-08
34.0,30.5,5,4.635743482884208e-06,1.9679745000665787e-08
34.0,30.900000000000002,5,4.5374537890976184e-07,1.7351539353966645e-08
34.0,31.3,5,-3.4550094422305087e-06,1.530132082311153e-08
34.0,31.700000000000003,5,-6.956800480483344e-06,1.34955244211255e-08
34.0,32.1,5,-9.997289774536922e-06,1.1904687718837964e-08
34.0,32.5,5,-1.268617186148048e-05,1.0502947897602867e-08
34.0,32.9,5,-1.4446191936426132e-05,9.267599281458732e-09
34.0,33.300000000000004,5,-1.5831139813547568e-05,8.17870406624479e-09
34.0,33.7,5,-1.6130356798841855e-05,7.218751811382328e-09
34.0,34.1,5,-1.637598498799906e-05,6.372355427250659e-09
34.0,34.5,5,-1.4925995724855204e-05,5.625994715777277e-09
34.0,34.9,5,-1.5554991557118938e-05,4.967780294549279e-09
34.0,35.300000000000004,5,-1.1682634377264997e-05,4.387269633527259e-09
34.0,35.7,5,-8.974509508025986e-06,3.875258646432993e-09
34.0,36.1,5,-2.2021182630454062e-05,3.423669268581855e-09
34.0,36.5,5,-1.3742437901472419e-05,3.025222467649387e-09
34.0,36.9,5,8.448804125454565e-05,2.6732157610234674e-09
34.0,37.300000000000004,5,0.0002667780261018942,2.3620732210153697e-09
34.0,37.7,5,0.00041606015828672433,2.0873259038066447e-09
34.0,38.1,5,0.00041804913426070345,1.8448818695348757e-09
34.0,38.5,5,0.00028193022090797643,1.6308622208099375e-09
34.0,38.900000000000006,5,0.00012769829621000746,1.4418294831061227e-09
34.0,39.300000000000004,5,3.8360799446453215e-05,1.2748258679777262e-09
34.0,39.7,5,6.533090556865802e-06,1.1272735383521607e-09
36.0,0.1,2,-2.3152757725200318e-05,-0.000660760089561627
36.0,0.5,2,-2.6153382336340415e-05,-0.0006586440926417792
36.0,0.9,2,-3.2658632142007385e-05,-0.0006537228642933409
36.0,1.3,2,-4.205760852362129e-05,-0.0006460349321186754
36.0,1.7000000000000002,2,-5.36134446385757e-05,-0.0006356405399859862
36.0,2.1,2,-6.638954501635295e-05,-0.0006226212693346577
36.0,2.5,2,-7.937683192437046e-05,-0.0006070795621409885
36.0,2.9000000000000004,2,-9.178579501874759e-05,-0.0005891381858617035
36.0,3.3000000000000003,2,-0.00010301220174071902,-0.000568939697025394
36.0,3.7,2,-0.00011254552292419159,-0.0005466459804984361
36.0,4.1000000000000005,2,-0.0001201758969750076,-0.00052243796625006
36.0,4.5,2,-0.0001258920060548622,-0.0004965156540025082
36.0,4.9,2,-0.00012971660381142205,-0.0004690986050951196
36.0,5.300000000000001,2,-0.0001318579286180541,-0.00044042708095630304
36.0,5.7,2,-0.00013255460008190645,-0.0004107639969665657
36.0,6.1000000000000005,2,-0.00013204851082922702,-0.00038039777230336995
36.0,6.5,2,-0.000130580495746964,-0.000349645897492865
36.0,6.9,2,-0.0001283542690297379,-0.0003188584488573851
36.0,7.300000000000001,2,-0.00012555874349492923,-0.00028841963985263604
36.0,7.7,2,-0.0001223252374645499,-0.00025874376368030175
36.0,8.1,2,-0.00011878764405466057,-0.0002302602953156321
36.0,8.5,2,-0.00011507913634397799,-0.000203383802199939
36.0,8.9,2,-0.00011134053441229508,-0.00017847056335171355
36.0,9.3,2,-0.00010756809118175981,-0.00015577418251130264
36.0,9.700000000000001,2,-0.00010367212096429906,-0.00013541827484408813
36.0,10.100000000000001,2,-9.986892741104859e-05,-0.00011739738792921149
36.0,10.5,2,-9.635555324434841e-05,-0.00010160243975366147
36.0,10.9,2,-9.26551575980114e-05,-8.785708731698475e-05
36.0,11.3,2,-8.920339503240516e-05,-7.595207815389131e-05
36.0,11.700000000000001,2,-8.610934032157466e-05,-6.56709462372574e-05
36.0,12.100000000000001,2,-8.252619934756592e-05,-5.680613638945045e-05
36.0,12.5,2,-8.015261375071799e-05,-4.916748724694795e-05
36.0,12.9,2,-7.634940355389962e-05,-4.2585601711562235e-05
36.0,13.3,2,-7.48313009620411e-05,-3.691220471303558e-05
36.0,13.700000000000001,2,-7.139654020670258e-05,-3.2018921426237526e-05
36.0,14.100000000000001,2,-6.741398712492978e-05,-2.779534228422414e-05
36.0,14.5,2,-7.370861483328787e-05,-2.4146852901961292e-05
36.0,14.9,2,-6.19177812303337e-05,-2.099248272983687e-05
36.0,15.3,2,-2.7646480376566527e-05,-1.826293231564968e-05
36.0,15.700000000000001,2,-8.611529361736798e-05,-1.589887769771407e-05
36.0,16.1,2,-0.0004313982302935458,-1.3849558381319795e-05
36.0,16.5,2,-0.001179206697707754,-1.2071574834558736e-05
36.0,16.900000000000002,2,-0.002231762431613585,-1.0527819021390926e-05
36.0,17.3,2,-0.0032753212224305088,-9.186514556530276e-06
36.0,17.7,2,-0.003924953979069458,-8.02037609663488e-06
36.0,18.1,2,-0.003926845904045999,-7.005899884345748e-06
36.0,18.5,2,-0.003290808629775243,-6.1227954583312995e-06
36.0,18.900000000000002,2,-0.0022817205571756486,-5.353544927897292e-06
36.0,19.3,2,-0.0012638038471786271,-4.683042663148586e-06
36.0,19.700000000000003,2,-0.0005213689788625354,-4.098267296186368e-06
36.0,20.1,2,-0.00013401986891562194,-3.5879817765893797e-06
36.0,20.5,2,7.840750048508867e-06,-3.1424716338726276e-06
36.0,20.900000000000002,2,4.378115259862806e-05,-2.7533251882725933e-06
36.0,21.3,2,4.9370040069359834e-05,-2.4132516314873686e-06
36.0,21.700000000000003,2,4.9002879283887064e-05,-2.1159276576063475e-06
36.0,22.1,2,4.7874109914970046e-05,-1.8558656960868513e-06
36.0,22.5,2,4.6729709586203156e-05,-1.6283002836338625e-06
36.0,22.900000000000002,2,4.56273371140895e-05,-1.429090252300996e-06
36.0,23.3,2,4.4556744076752685e-05,-1.2546345906625942e-06
36.0,23.700000000000003,2,4.350616288199293e-05,-1.101800025265617e-06
36.0,24.1,2,4.2465881151084e-05,-9.678586294128507e-07
36.0,24.5,2,4.1427767112907384e-05,-8.504340172534929e-07
36.0,24.900000000000002,2,4.038284024225283e-05,-7.474548980410258e-07
36.0,25.3,2,3.932123711351357e-05,-6.571149482108103e-07
36.0,25.700000000000003,2,3.8233196360766234e-05,-5.778381124248758e-07
36.0,26.1,2,3.710660789619434e-05,-5.08248574221744e-07
36.0,26.5,2,3.592827701608116e-05,-4.4714474708434043e-07
36.0,26.900000000000002,2,3.468354222996573e-05,-3.9347673097644656e-07
36.0,27.3,2,3.335430892155444e-05,-3.463267597079224e-07
36.0,27.700000000000003,2,3.192173390384725e-05,-3.0489223219163974e-07
36.0,28.1,2,3.0363594300503477e-05,-2.684709772062763e-07
36.0,28.5,2,2.8657261532655626e-05,-2.3644844892403818e-07
36.0,28.900000000000002,2,2.6777196148601963e-05,-2.0828659168053305e-07
36.0,29.3,2,2.4698378529930284e-05,-1.8351414904505302e-07
36.0,29.700000000000003,2,2.239662106059868e-05,-1.617182246765825e-07
36.0,30.1,2,1.9852462582299623e-05,-1.4253693028766008e-07
36.0,30.5,2,1.70513430657661e-05,-1.2565297891351619e-07
36.0,30.900000000000002,2,1.3991439213331915e-05,-1.1078810012982621e-07
36.0,31.3,2,1.068492428358053e-05,-9.769816921175117e-08
36.0,31.700000000000003,2,7.1640119973962655e-06,-8.616895590332893e-08
36.0,32.1,2,3.4845818746198953e-06,-7.601241119701182e-08
36.0,32.5,2,-2.7283067493481023e-07,-6.706342213916253e-08
36.0,32.9,2,-4.003194487467365e-06,-5.917697466572663e-08
36.0,33.300000000000004,2,-7.5826175408537894e-06,-5.22256726030234e-08
36.0,33.7,2,-1.0878363160332601e-05,-4.609756759362414e-08
36.0,34.1,2,-1.3758861151377569e-05,-4.069426042306456e-08
36.0,34.5,2,-1.6111571261966156e-05,-3.592923939882082e-08
36.0,34.9,2,-1.7853729506742032e-05,-3.172642602614143e-08
36.0,35.300000000000004,2,-1.894379195986597e-05,-2.801890200385084e-08
36.0,35.7,2,-1.9384994358453076e-05,-2.4747794517727424e-08
36.0,36.1,2,-1.9225457920702272e-05,-2.1861299297659824e-08
36.0,36.5,2,-1.854806749828474e-05,-1.9313823380529618e-08
36.0,36.9,2,-1.746062200415455e-05,-1.7065232175067793e-08
36.0,37.300000000000004,2,-1.6080121439296263e-05,-1.5080188012348083e-08
36.0,37.7,2,-1.4522407380646909e-05,-1.3327569454432219e-08
36.0,38.1,2,-1.2890626606658725e-05,-1.1779961985520708e-08
36.0,38.5,2,-1.1269214937841392e-05,-1.0413211494612219e-08
36.0,38.900000000000006,2,-9.722154039611981e-06,-9.206032600404794e-09
36.0,39.300000000000004,2,-8.291840197788543e-06,-8.1396647022501e-09
36.0,39.7,2,-7.002760202119332e-06,-7.19756968319864e-09
36.0,0.1,5,-2.2882183199388733e-05,-0.0006607600902507919
36.0,0.5,5,-2.5857423559340518e-05,-0.0006586440918985186
36.0,0.9,5,-3.235995692059131e-05,-0.0006537228605888681
36.0,1.3,5,-4.176894634427572e-05,-0.0006460349246897175
36.0,1.7000000000000002,5,-5.334471918485833e-05,-0.0006356405289277885
36.0,2.1,5,-6.614494105754928e-05,-0.0006226212554346674
36.0,2.5,5,-7.915802057722585e-05,-0.0006070795465842378
36.0,2.9000000000000004,5,-9.159945246210774e-05,-0.0005891381699524413
36.0,3.3000000000000003,5,-0.00010286567879747762,-0.0005689396819961965
36.0,3.7,5,-0.00011244004934987815,-0.0005466459673911267
36.0,4.1000000000000005,5,-0.00012011443782205656,-0.0005224379558165149
36.0,4.5,5,-0.00012588054323895171,-0.0004965156466012715
36.0,4.9,5,-0.00012975659675095325,-0.0004690986006206301
36.0,5.300000000000001,5,-0.00013195200872859476,-0.0004404270788673643
36.0,5.7,5,-0.00013270332519279394,-0.00041076399644477654
36.0,6.1000000000000005,5,-0.0001322509055310775,-0.00038039777250505204
36.0,6.5,5,-0.00013084026190395874,-0.0003496458977994765
36.0,6.9,5,-0.00012866890528619762,-0.00031885844902604805
36.0,7.300000000000001,5,-0.00012592685168023442,-0.0002884196400214939
36.0,7.7,5,-0.00012274310493216528,-0.000258743764252971
36.0,8.1,5,-0.00011925286986995156,-0.00023026029679707317
36.0,8.5,5,-0.00011558690790794662,-0.0002033838050509247
36.0,8.9,5,-0.00011189084051747462,-0.00017847056789413094
36.0,9.3,5,-0.00010815484224207117,-0.00015577418887595943
36.0,9.700000000000001,5,-0.00010429079125796576,-0.0001354182829390767
36.0,10.100000000000001,5,-0.00010051610752696945,-0.00011739739741408186
36.0,10.5,5,-9.702869974736997e-05,-0.00010160245002463927
36.0,10.9,5,-9.334960043263645e-05,-8.785709752803405e-05
36.0,11.3,5,-8.991517288666275e-05,-7.595208730315516e-05
36.0,11.700000000000001,5,-8.684196019297207e-05,-6.567095332393738e-05
36.0,12.100000000000001,5,-8.327619366938292e-05,-5.6806140599599866e-05
36.0,12.5,5,-8.09213142355189e-05,-4.9167488098521594e-05
36.0,12.9,5,-7.71404031732947e-05,-4.258559911166027e-05
36.0,13.3,5,-7.564607933029196e-05,-3.6912198941647886e-05
36.0,13.700000000000001,5,-7.224351136960993e-05,-3.201891309930132e-05
36.0,14.100000000000001,5,-6.830084985651674e-05,-2.7795332326094104e-05
36.0,14.5,5,-7.464334160937255e-05,-2.4146842495979053e-05
36.0,14.9,5,-6.291563898353888e-05,-2.099247317737429e-05
36.0,15.3,5,-2.872107013894281e-05,-1.8262924775793292e-05
36.0,15.700000000000001,5,-8.728570603582574e-05,-1.5898872873410246e-05
36.0,16.1,5,-0.00043268540869560636,-1.3849556288827784e-05
36.0,16.5,5,-0.0011806382547104746,-1.20715747925899e-05
36.0,16.900000000000002,5,-0.0022333610471847566,-1.052781991127212e-05
36.0,17.3,5,-0.003277122338870581,-9.186515263041572e-06
36.0,17.7,5,-0.003926987983325435,-8.020375920866892e-06
36.0,18.1,5,-0.003929146230222772,-7.005898718730752e-06
36.0,18.5,5,-0.003293411748086959,-6.1227936550938856e-06
36.0,18.900000000000002,5,-0.0022846511067793423,-5.353542983077551e-06
36.0,19.3,5,-0.0012670896682954861,-4.683040929146813e-06
36.0,19.700000000000003,5,-0.0005250170606524635,-4.098265873677838e-06
36.0,20.1,5,-0.0001380233011763581,-3.587980583750892e-06
36.0,20.5,5,3.5086143962199684e-06,-3.14247052088037e-06
36.0,20.900000000000002,5,3.9173722374439873e-05,-2.7533240152881377e-06
36.0,21.3,5,4.4575547128496886e-05,-2.4132503169487587e-06
36.0,21.700000000000003,5,4.41295807300665e-05,-2.115926205505487e-06
36.0,22.1,5,4.305527921032486e-05,-1.85586419425889e-06
36.0,22.5,5,4.212303570244923e-05,-1.6282988729095286e-06
36.0,22.900000000000002,5,4.138865877234796e-05,-1.4290890812037643e-06
36.0,23.3,5,4.08359195673623e-05,-1.254633775295801e-06
36.0,23.700000000000003,5,4.042726104773102e-05,-1.1017996273162762e-06
36.0,24.1,5,4.012385430287789e-05,-9.678586534967352e-07
36.0,24.5,5,3.989112072828344e-05,-8.504344203896852e-07
36.0,24.900000000000002,5,3.9678012365715794e-05,-7.474556030270022e-07
36.0,25.3,5,3.943322051561868e-05,-6.571158572676451e-07
36.0,25.700000000000003,5,3.912553484950287e-05,-5.778391221106274e-07
36.0,26.1,5,3.872271144328346e-05,-5.082495924673777e-07
36.0,26.5,5,3.818497856605587e-05,-4.471457086174757e-07
36.0,26.900000000000002,5,3.7503867168547015e-05,-3.934776044256759e-07
36.0,27.3,5,3.6651711902340076e-05,-3.4632754161980707e-07
36.0,27.700000000000003,5,3.5627387588336856e-05,-3.048929313567569e-07
36.0,28.1,5,3.439572157638273e-05,-2.6847160114945156e-07
36.0,28.5,5,3.296563613469879e-05,-2.3644900236344313e-07
36.0,28.900000000000002,5,3.1273853083101945e-05,-2.0828708747247994e-07
36.0,29.3,5,2.9359358816787668e-05,-1.8351461799014827e-07
36.0,29.700000000000003,5,2.7202968855395974e-05,-1.6171870473176124e-07
36.0,30.1,5,2.4673334854035405e-05,-1.4253743844694234e-07
36.0,30.5,5,2.1795643968890352e-05,-1.2565348362913944e-07
36.0,30.900000000000002,5,1.8743936151039663e-05,-1.1078851846163866e-07
36.0,31.3,5,1.56007930611951e-05,-9.769840857319623e-08
36.0,31.700000000000003,5,1.2189898171025711e-05,-8.616896941232238e-08
36.0,32.1,5,8.374608239562444e-06,-7.601220488891595e-08
36.0,32.5,5,4.3105719799049505e-06,-6.706302601731404e-08
36.0,32.9,5,4.162747354963578e-07,-5.91764261775448e-08
36.0,33.300000000000004,5,-3.2291401921167404e-06,-5.222501707366561e-08
36.0,33.7,5,-6.5850593016086215e-06,-4.6096861045028104e-08
36.0,34.1,5,-9.400227070940013e-06,-4.0693568755550935e-08
36.0,34.5,5,-1.192495659854971e-05,-3.592863313294961e-08
36.0,34.9,5,-1.364018675943237e-05,-3.172597208660662e-08
36.0,35.300000000000004,5,-1.4883052651121515e-05,-2.8018655624346672e-08
36.0,35.7,5,-1.53053352964121e-05,-2.4747788806591078e-08
36.0,36.1,5,-1.5421495905451693e-05,-2.186154003063404e-08
36.0,36.5,5,-1.4079437072977808e-05,-1.9314279183154764e-08
36.0,36.9,5,-1.4865053574265623e-05,-1.7065832996775e-08
36.0,37.300000000000004,5,-1.0770853342121771e-05,-1.5080809323723737e-08
36.0,37.7,5,-8.444079686996489e-06,-1.332805281854195e-08
36.0,38.1,5,-2.1833588152645645e-05,-1.1780085725451993e-08
36.0,38.5,5,-1.3809816141193806e-05,-1.0412877441812073e-08
36.0,38.900000000000006,5,8.106372361969667e-05,-9.205555328773324e-09
36.0,39.300000000000004,5,0.0002551173866909109,-8.139420757573515e-09
36.0,39.7,5,0.00039607340484520243,-7.197573853081933e-09
38.0,0.1,2,0.0002413715167077045,-0.0009997239315707497
38.0,0.5,2,0.0002385239331642294,-0.0009965224528496713
38.0,0.9,2,0.00023021237515558437,-0.0009890766915217123
38.0,1.3,2,0.00021737046931562089,-0.0009774449393256228
38.0,1.7000000000000002,2,0.00020030877931006224,-0.0009617183446439494
38.0,2.1,2,0.00017968685625105018,-0.000942020339683619
38.0,2.5,2,0.00015603781400966207,-0.0009185059187087898
38.0,2.9000000000000004,2,0.00013019007668673392,-0.0008913608283433533
38.0,3.3000000000000003,2,0.00010310721415756066,-0.0008608007557247092
38.0,3.7,2,7.567192748451805e-05,-0.0008270706310918719
38.0,4.1000000000000005,2,4.887102483701131e-05,-0.0007904441989437281
38.0,4.5,2,2.350954214423344e-05,-0.000751224055116131
38.0,4.9,2,2.183479853175331e-07,-0.000709742390919996
38.0,5.300000000000001,2,-2.0513592520598363e-05,-0.0006663627157802776
38.0,5.7,2,-3.844410570386568e-05,-0.0006214828136640176
38.0,6.1000000000000005,2,-5.349513386134534e-05,-0.0005755390551130757
38.0,6.5,2,-6.576967990563456e-05,-0.0005290117950764583
38.0,6.9,2,-7.5439544880852e-05,-0.00048243069036000907
38.0,7.300000000000001,2,-8.278079106491814e-05,-0.0004363770471184703
38.0,7.7,2,-8.808644727350916e-05,-0.00039147768313154487
38.0,8.1,2,-9.16780782255651e-05,-0.0003483823897930596
38.0,8.5,2,-9.383784243601953e-05,-0.0003077184112071936
38.0,8.9,2,-9.483986181393452e-05,-0.0002700248126856854
38.0,9.3,2,-9.492559184767322e-05,-0.0002356853227162833
38.0,9.700000000000001,2,-9.429173966727468e-05,-0.00020488700024167382
38.0,10.100000000000001,2,-9.307555550850729e-05,-0.00017762161608666352
38.0,10.5,2,-9.138186090331794e-05,-0.0001537241301150727
38.0,10.9,2,-8.940109641896399e-05,-0.00013292771220502314
38.0,11.3,2,-8.731671641979063e-05,-0.00011491571912083335
38.0,11.700000000000001,2,-8.504075416695573e-05,-9.936058451007165e-05
38.0,12.100000000000001,2,-8.254275040963399e-05,-8.594823533170219e-05
38.0,12.5,2,-8.024331620212847e-05,-7.4390947347437e-05
38.0,12.9,2,-7.784105162617365e-05,-6.443245191327432e-05
38.0,13.3,2,-7.527364902273446e-05,-5.5848458634883914e-05
38.0,13.700000000000001,2,-7.325948428141826e-05,-4.844476763967891e-05
38.0,14.100000000000001,2,-7.048935349228374e-05,-4.2054308021423344e-05
38.0,14.5,2,-6.89639395357419e-05,-3.653386267596221e-05
38.0,14.9,2,-6.583250688400007e-05,-3.1760882143416244e-05
38.0,15.3,2,-6.514213205944845e-05,-2.7630578963909615e-05
38.0,15.700000000000001,2,-6.192025909119166e-05,-2.40533666818378e-05
38.0,16.1,2,-5.8977590615141864e-05,-2.095263523811713e-05
38.0,16.5,2,-6.528524590968431e-05,-1.8262818908761446e-05
38.0,16.900000000000002,2,-5.408418466331086e-05,-1.5927713233943506e-05
38.0,17.3,2,-2.2184416684674998e-05,-1.3899036826531552e-05
38.0,17.7,2,-7.372975953795246e-05,-1.2135253725314877e-05
38.0,18.1,2,-0.00038301055453052483,-1.0600631919079799e-05
38.0,18.5,2,-0.0010540977639654093,-9.264460682543936e-06
38.0,18.900000000000002,2,-0.00200018410913463,-8.100352730872551e-06
38.0,19.3,2,-0.002940584329412078,-7.085606275325893e-06
38.0,19.700000000000003,2,-0.003528584421641963,-6.200634973706211e-06
38.0,20.1,2,-0.003534780358496253,-5.428480044529895e-06
38.0,20.5,2,-0.0029657284886051723,-4.754421008780212e-06
38.0,20.900000000000002,2,-0.0020591494399599453,-4.165681082986739e-06
38.0,21.3,2,-0.0011425075935672174,-3.651190334762117e-06
38.0,21.700000000000003,2,-0.0004736479119499565,-3.201365933266604e-06
38.0,22.1,2,-0.00012368626528164894,-2.807905974606641e-06
38.0,22.5,2,5.888976693024091e-06,-2.4636062992716207e-06
38.0,22.900000000000002,2,3.9498950625318325e-05,-2.1622056363542664e-06
38.0,23.3,2,4.502728465989709e-05,-1.8982574002630547e-06
38.0,23.700000000000003,2,4.485164003116473e-05,-1.6670214164611013e-06
38.0,24.1,2,4.389958817866046e-05,-1.4643704263692818e-06
38.0,24.5,2,4.291531066485228e-05,-1.2867089760847178e-06
38.0,24.900000000000002,2,4.1962915566028864e-05,-1.1309032043285135e-06
38.0,25.3,2,4.1034542261524265e-05,-9.942201394131393e-07
38.0,25.700000000000003,2,4.0120569633917884e-05,-8.742752050778774e-07
38.0,26.1,2,3.921199822806403e-05,-7.689867915689462e-07
38.0,26.5,2,3.83012925251955e-05,-6.765369094379565e-07
38.0,26.900000000000002,2,3.7380563589444154e-05,-5.953370856768909e-07
38.0,27.3,2,3.644061175651562e-05,-5.239987826954929e-07
38.0,27.700000000000003,2,3.547275062064047e-05,-4.613077227629121e-07
38.0,28.1,2,3.446571344225562e-05,-4.0620158720205517e-07
38.0,28.5,2,3.3407527839601306e-05,-3.5775063398364195e-07
38.0,28.900000000000002,2,3.2283524830134175e-05,-3.1514084162842405e-07
38.0,29.3,2,3.107777323484071e-05,-2.776592425764007e-07
38.0,29.700000000000003,2,2.977236142038254e-05,-2.446811559592773e-07
38.0,30.1,2,2.8346704974140997e-05,-2.1565906872074274e-07
38.0,30.5,2,2.677840976952921e-05,-1.9011294682970807e-07
38.0,30.900000000000002,2,2.5044434620167763e-05,-1.6762178687096772e-07
38.0,31.3,2,2.3120570969205037e-05,-1.4781624404319306e-07
38.0,31.700000000000003,2,2.0984113939102105e-05,-1.3037219585872493e-07
38.0,32.1,2,1.8615569668404514e-05,-1.150051210537529e-07
38.0,32.5,2,1.600230724012114e-05,-1.0146518978341839e-07
38.0,32.9,2,1.3140691986632581e-05,-8.953297433580123e-08
38.0,33.300000000000004,2,1.0042760869341834e-05,-7.901570038338925e-08
38.0,33.7,2,6.7381746322630855e-06,-6.974396845215686e-08
38.0,34.1,2,3.2790817989912783e-06,-6.156888449481346e-08
38.0,34.5,2,-2.584892368328043e-07,-5.435954706241861e-08
38.0,34.9,2,-3.775316573450349e-06,-4.800084605367337e-08
38.0,35.300000000000004,2,-7.154889405837355e-06,-4.239153409189838e-08
38.0,35.7,2,-1.0270589169945908e-05,-3.7442536465612037e-08
38.0,36.1,2,-1.2998111255405697e-05,-3.3075469783306705e-08
38.0,36.5,2,-1.5229720921946986e-05,-2.9221343356859184e-08
38.0,36.9,2,-1.6886588626826728e-05,-2.5819420798005015e-08
38.0,37.300000000000004,2,-1.7927866145176757e-05,-2.2816222137257396e-08
38.0,37.7,2,-1.8356247067380743e-05,-2.016464890533735e-08
38.0,38.1,2,-1.8215170568278134e-05,-1.7823216359905887e-08
38.0,38.5,2,-1.7583342825305068e-05,-1.575537882345297e-08
38.0,38.900000000000006,2,-1.6561326688666295e-05,-1.3928936137711976e-08
38.0,39.300000000000004,2,-1.526034281034618e-05,-1.2315511322808232e-08
38.0,39.7,2,-1.3789735998479135e-05,-1.0890091248833416e-08
38.0,0.1,5,0.00024165394203883644,-0.000999723902736591
38.0,0.5,5,0.0002388148431540146,-0.000996522425702653
38.0,0.9,5,0.00023050419914924888,-0.000989076667982163
38.0,1.3,5,0.00021765458684272411,-0.000977444920606557
38.0,1.7000000000000002,5,0.0002005836650760458,-0.0009617183310634076
38.0,2.1,5,0.00017995566479096103,-0.0009420203307037926
38.0,2.5,5,0.00015630062813651416,-0.0009185059131789648
38.0,2.9000000000000004,5,0.00013044361059546042,-0.0008913608248557704
38.0,3.3000000000000003,5,0.0001033508664648834,-0.0008608007529596867
38.0,3.7,5,7.590525423972148e-05,-0.0008270706280509289
38.0,4.1000000000000005,5,4.9088157630335354e-05,-0.0007904441950349672
38.0,4.5,5,2.3705761836926488e-05,-0.0007512240501269322
38.0,4.9,5,3.9236388244507876e-07,-0.0007097423849479679
38.0,5.300000000000001,5,-2.036642076206618e-05,-0.0006663627091715744
38.0,5.7,5,-3.832745048240054e-05,-0.0006214828069545611
38.0,6.1000000000000005,5,-5.341296098054119e-05,-0.0005755390489380499
38.0,6.5,5,-6.572721405557386e-05,-0.0005290117900263496
38.0,6.9,5,-7.543633768344005e-05,-0.00048243068681177775
38.0,7.300000000000001,5,-8.282036591285184e-05,-0.0004363770451197655
38.0,7.7,5,-8.817123369813016e-05,-0.0003914776824089803
38.0,8.1,5,-9.181018626913074e-05,-0.0003483823898956379
38.0,8.5,5,-9.401860530670174e-05,-0.00030771841171255864
38.0,8.9,5,-9.506980543687846e-05,-0.0002700248133640442
38.0,9.3,5,-9.52017733457881e-05,-0.00023568532358348278
38.0,9.700000000000001,5,-9.461322704253516e-05,-0.00020488700151437836
38.0,10.100000000000001,5,-9.344189302370085e-05,-0.00017762161809491627
38.0,10.5,5,-9.178905904929062e-05,-0.0001537241332198776
38.0,10.9,5,-8.984506883642498e-05,-0.00013292771673265814
38.0,11.3,5,-8.779648084424307e-05,-0.00011491572530704127
38.0,11.700000000000001,5,-8.555289392249452e-05,-9.936059244451831e-05
38.0,12.100000000000001,5,-8.308140288033497e-05,-8.594824490061327e-05
38.0,12.5,5,-8.080662514230419e-05,-7.439095818533626e-05
38.0,12.9,5,-7.842661163275816e-05,-6.443246338908651e-05
38.0,13.3,5,-7.587882735046712e-05,-5.584846990205345e-05
38.0,13.700000000000001,5,-7.388524979150325e-05,-4.844477775901096e-05
38.0,14.100000000000001,5,-7.113216853570537e-05,-4.205431612528682e-05
38.0,14.5,5,-6.962537058481064e-05,-3.6533868113903175e-05
38.0,14.9,5,-6.651809715084526e-05,-3.176088456315354e-05
38.0,15.3,5,-6.585024132618109e-05,-2.763057833255462e-05
38.0,15.700000000000001,5,-6.265934515516547e-05,-2.405336328814663e-05
38.0,16.1,5,-5.9752875013969023e-05,-2.0952629701468698e-05
38.0,16.5,5,-6.610823327551075e-05,-1.8262812166596012e-05
38.0,16.900000000000002,5,-5.4962456934093684e-05,-1.592770644014072e-05
38.0,17.3,5,-2.3136374071122554e-05,-1.389903112480847e-05
38.0,17.7,5,-7.476628727740241e-05,-1.2135249946048083e-05
38.0,18.1,5,-0.0003841567339174926,-1.0600630321338974e-05
38.0,18.5,5,-0.0010553726538391128,-9.264460877589364e-06
38.0,18.900000000000002,5,-0.0020016138142131402,-8.100353857993053e-06
38.0,19.3,5,-0.002942199342900059,-7.085607372883456e-06
38.0,19.700000000000003,5,-0.003530410474150335,-6.200635367021346e-06
38.0,20.1,5,-0.0035368549878327677,-5.428479550132166e-06
38.0,20.5,5,-0.002968076007516499,-4.7544198661831485e-06
38.0,20.900000000000002,5,-0.0020618014782139336,-4.165679700077117e-06
38.0,21.3,5,-0.0011454852541384313,-3.6511890293302147e-06
38.0,21.700000000000003,5,-0.00047696108399152367,-3.2013648176701302e-06
38.0,22.1,5,-0.00012732746469490148,-2.807904997662345e-06
38.0,22.5,5,1.9390450944771327e-06,-2.4636053366664975e-06
38.0,22.900000000000002,5,3.529338622701167e-05,-2.1622045582478758e-06
38.0,23.3,5,4.064439860528607e-05,-1.8982561186522907e-06
38.0,23.700000000000003,5,4.038970902136154e-05,-1.667019916900623e-06
38.0,24.1,5,3.9483770955074264e-05,-1.4643687744884286e-06
38.0,24.5,5,3.868338788836808e-05,-1.2867072960940576e-06
38.0,24.900000000000002,5,3.806312242158259e-05,-1.13090164079176e-06
38.0,25.3,5,3.76086188947615e-05,-9.942188197283015e-07
38.0,25.700000000000003,5,3.728416412319881e-05,-8.742742155537126e-07
38.0,26.1,5,3.7054600457802195e-05,-7.689861699766824e-07
38.0,26.5,5,3.68830963476167e-05,-6.765366489017052e-07
38.0,26.900000000000002,5,3.6726779047076456e-05,-5.953371431591267e-07
38.0,27.3,5,3.6541309371070924e-05,-5.239990889569987e-07
38.0,27.700000000000003,5,3.6293497635732934e-05,-4.613081947455811e-07
38.0,28.1,5,3.595914415032781e-05,-4.0620214393857875e-07
38.0,28.5,5,3.5500571898091013e-05,-3.5775121260307416e-07
38.0,28.900000000000002,5,3.490329405641401e-05,-3.1514140659078104e-07
38.0,29.3,5,3.414462832192716e-05,-2.7765978300333166e-07
38.0,29.700000000000003,5,3.32168152980552e-05,-2.4468167273872837e-07
38.0,30.1,5,3.2097814678442546e-05,-2.1565956252500705e-07
38.0,30.5,5,3.079216572091628e-05,-1.9011341637296928e-07
38.0,30.900000000000002,5,2.9239901364078214e-05,-1.6762223962203864e-07
38.0,31.3,5,2.7482705278156164e-05,-1.4781670658448992e-07
38.0,31.700000000000003,5,2.549897212726835e-05,-1.303727050010988e-07
38.0,32.1,5,2.3154717818723284e-05,-1.150056969784036e-07
38.0,32.5,5,2.0470491801143184e-05,-1.0146580668443337e-07
38.0,32.9,5,1.7606374904002913e-05,-8.953355275058119e-08
38.0,33.300000000000004,5,1.4652063818740038e-05,-7.901614385635042e-08
38.0,33.7,5,1.1473709729071418e-05,-6.974421680707889e-08
38.0,34.1,5,7.911998660174043e-06,-6.156892421045301e-08
38.0,34.5,5,4.0608829853270944e-06,-5.435938794594677e-08
38.0,34.9,5,3.7708027178357045e-07,-4.8000507482532474e-08
38.0,35.300000000000004,5,-3.0128540904327924e-06,-4.239104615816903e-08
38.0,35.7,5,-6.2311719304150845e-06,-3.744194339735704e-08
38.0,36.1,5,-8.911102744762745e-06,-3.3074830138156714e-08
38.0,36.5,5,-1.1246731323910093e-05,-2.9220726332419645e-08
38.0,36.9,5,-1.2949068334149558e-05,-2.581889841925589e-08
38.0,37.300000000000004,5,-1.4002453632578762e-05,-2.2815861451288142e-08
38.0,37.7,5,-1.4567273712054086e-05,-2.016450081388644e-08
38.0,38.1,5,-1.4558258925923183e-05,-1.7823308332957312e-08
38.0,38.5,5,-1.3363991383563647e-05,-1.5755703316110688e-08
38.0,38.900000000000006,5,-1.421261977432443e-05,-1.392944474288676e-08
38.0,39.300000000000004,5,-9.931892071132914e-06,-1.2316095608206978e-08
38.0,39.7,5,-8.007762053667358e-06,-1.0890598953080091e-08
40.0,0.1,2,0.00017815079130182424,-0.0006952456288073688
40.0,0.5,2,0.00017817299169912642,-0.0006930192029650953
40.0,0.9,2,0.00017783395087034038,-0.0006878411470898413
40.0,1.3,2,0.0001772096976535057,-0.0006797519992329234
40.0,1.7000000000000002,2,0.00017579654776498542,-0.0006688151471411026
40.0,2.1,2,0.00017336732780700055,-0.0006551164297916879
40.0,2.5,2,0.00016950404093062367,-0.0006387636352181002
40.0,2.9000000000000004,2,0.00016381805138643955,-0.0006198859372288546
40.0,3.3000000000000003,2,0.00015593750652429281,-0.000598633330857906
40.0,3.7,2,0.0001456816332604273,-0.0005751761476522995
40.0,4.1000000000000005,2,0.00013300215721709087,-0.0005497047578405252
40.0,4.5,2,0.00011803827748081663,-0.0005224295964298491
40.0,4.9,2,0.00010111885916667649,-0.000493581680830257
40.0,5.300000000000001,2,8.274667439745213e-05,-0.0004634138088205812
40.0,5.7,2,6.350184474391201e-05,-0.00043220261451029857
40.0,6.1000000000000005,2,4.407731215180699e-05,-0.00040025156711441816
40.0,6.5,2,2.5105204258603437e-05,-0.00036789472496957386
40.0,6.9,2,7.151463295484405e-06,-0.0003355004338148656
40.0,7.300000000000001,2,-9.337587188466494e-06,-0.0003034729598254977
40.0,7.7,2,-2.4037191735952944e-05,-0.0002722482217457225
40.0,8.1,2,-3.679702611545266e-05,-0.00024227811713732153
40.0,8.5,2,-4.756888171645246e-05,-0.00021399886387828772
40.0,8.9,2,-5.640389663352614e-05,-0.00018778535360528206
40.0,9.3,2,-6.341912324968723e-05,-0.00016390444243778062
40.0,9.700000000000001,2,-6.878187672569204e-05,-0.00014248620441865032
40.0,10.100000000000001,2,-7.269618404917785e-05,-0.000123524896341351
40.0,10.5,2,-7.536035078366748e-05,-0.00010690572573437969
40.0,10.9,2,-7.697006623752419e-05,-9.244312391304123e-05
40.0,11.3,2,-7.772681427277702e-05,-7.991689604514466e-05
40.0,11.700000000000001,2,-7.783115032491398e-05,-6.909926198060551e-05
40.0,12.100000000000001,2,-7.744155432005827e-05,-5.977182602914212e-05
40.0,12.5,2,-7.66136749596083e-05,-5.1734506371607395e-05
40.0,12.9,2,-7.539630443600818e-05,-4.4809079987116815e-05
40.0,13.3,2,-7.400906478660254e-05,-3.883954627644262e-05
40.0,13.700000000000001,2,-7.255185898939637e-05,-3.369082113151387e-05
40.0,14.100000000000001,2,-7.079368308313695e-05,-2.9246688967797954e-05
40.0,14.5,2,-6.904911158000085e-05,-2.5407537195950825e-05
40.0,14.9,2,-6.741112728357721e-05,-2.208814702776145e-05
40.0,15.3,2,-6.535438639481617e-05,-1.9215667636349988e-05
40.0,15.700000000000001,2,-6.390696789005717e-05,-1.6727818484613548e-05
40.0,16.1,2,-6.167689434564904e-05,-1.4571322861142764e-05
40.0,16.5,2,-6.058131783002399e-05,-1.2700559711407766e-05
40.0,16.900000000000002,2,-5.792773117733341e-05,-1.1076417426260128e-05
40.0,17.3,2,-5.7781866353656994e-05,-9.665332443262283e-06
40.0,17.7,2,-5.467816121318341e-05,-8.43848685819571e-06
40.0,18.1,2,-5.2540986368082605e-05,-7.371130500169111e-06
40.0,18.5,2,-5.87266635557177e-05,-6.441987005641738e-06
40.0,18.900000000000002,2,-4.7890364222747974e-05,-5.6327155263177094e-06
40.0,19.3,2,-1.789210915313208e-05,-4.9274415510028385e-06
40.0,19.700000000000003,2,-6.390989575140433e-05,-4.312392766901074e-06
40.0,20.1,2,-0.0003442549396928383,-3.7756414108499315e-06
40.0,20.5,2,-0.000953455561918926,-3.3069032638683974e-06
40.0,20.900000000000002,2,-0.001812947821047339,-2.897339966226001e-06
40.0,21.3,2,-0.0026686767667665314,-2.5393499755977347e-06
40.0,21.700000000000003,2,-0.0032052792403739236,-2.2263617685638256e-06
40.0,22.1,2,-0.003213617462831411,-1.95264989248317e-06
40.0,22.5,2,-0.002698452531537453,-1.7131982573187521e-06
40.0,22.900000000000002,2,-0.0018754393202166635,-1.5036170211401167e-06
40.0,23.3,2,-0.0010420585982387673,-1.3200865356770985e-06
40.0,23.700000000000003,2,-0.00043401630794764944,-1.1592958239834498e-06
40.0,24.1,2,-0.00011504584876609738,-1.0183741270731611e-06
40.0,24.5,2,4.274308840755572e-06,-8.948255288078611e-07
40.0,24.900000000000002,2,3.5904230651142974e-05,-7.864741190324587e-07
40.0,25.3,2,4.1367522331807024e-05,-6.914207465354683e-07
40.0,25.700000000000003,2,4.1345255066801235e-05,-6.080074818137726e-07
40.0,26.1,2,4.053405344713147e-05,-5.347867668507892e-07
40.0,26.5,2,3.967635177871973e-05,-4.704943090341528e-07
40.0,26.900000000000002,2,3.8843087620772936e-05,-4.140254180019977e-07
40.0,27.3,2,3.802841101765366e-05,-3.644144424718096e-07
40.0,27.700000000000003,2,3.7223966884897375e-05,-3.2081691801966035e-07
40.0,28.1,2,3.6421331578325495e-05,-2.82494061828537e-07
40.0,28.5,2,3.561365085490511e-05,-2.4879929665844185e-07
40.0,28.900000000000002,2,3.4793555008063376e-05,-2.191665309541405e-07
40.0,29.3,2,3.3953324832527865e-05,-1.9309996042066509e-07
40.0,29.700000000000003,2,3.308435196745221e-05,-1.701651886245841e-07
40.0,30.1,2,3.217585156766653e-05,-1.4998149144775634e-07
40.0,30.5,2,3.1216975170826265e-05,-1.3221507397329268e-07
40.0,30.900000000000002,2,3.0194186773216013e-05,-1.1657318949822707e-07
40.0,31.3,2,2.909244813256204e-05,-1.02799008859613e-07
40.0,31.700000000000003,2,2.7894190150891934e-05,-9.066714372951773e-08
40.0,32.1,2,2.6580883884940784e-05,-7.997973982194114e-08
40.0,32.5,2,2.5131010518122367e-05,-7.056306580907292e-08
40.0,32.9,2,2.3522225442906835e-05,-6.226453247078949e-08
40.0,33.300000000000004,2,2.1732473676636107e-05,-5.495008521578078e-08
40.0,33.7,2,1.9738947059556957e-05,-4.8501921655152844e-08
40.0,34.1,2,1.7524098108932776e-05,-4.2816493580000496e-08
40.0,34.5,2,1.5074688088654675e-05,-3.780275861243361e-08
40.0,34.9,2,1.2387486174577522e-05,-3.338065085908178e-08
40.0,35.300000000000004,2,9.473432477492829e-06,-2.947974278241325e-08
40.0,35.7,2,6.359976974520274e-06,-2.6038073234366805e-08
40.0,36.1,2,3.0963583476212448e-06,-2.3001119718633867e-08
40.0,36.5,2,-2.4568027834722566e-07,-2.0320896288030924e-08
40.0,36.9,2,-3.5722086762296887e-06,-1.7955161466990502e-08
40.0,37.300000000000004,2,-6.7729696406382285e-06,-1.5866722835830463e-08
40.0,37.7,2,-9.727318542619149e-06,-1.4022826513437337e-08
40.0,38.1,2,-1.2317225191479619e-05,-1.2394621133446019e-08
40.0,38.5,2,-1.4439623309936555e-05,-1.0956687277606316e-08
40.0,38.900000000000006,2,-1.601870042279779e-05,-9.686624638288684e-09
40.0,39.300000000000004,2,-1.7015481851773846e-05,-8.564690143889004e-09
40.0,39.7,2,-1.7430829695096665e-05,-7.573480790212718e-09
40.0,0.1,5,0.00017834686221629005,-0.0006952456458865704
40.0,0.5,5,0.00017835594592534881,-0.0006930192190519671
40.0,0.9,5,0.00017801237232467794,-0.0006878411609095034
40.0,1.3,5,0.00017739074896355717,-0.0006797520096993557
40.0,1.7000000000000002,5,0.00017598460253857173,-0.0006688151535945781
40.0,2.1,5,0.0001735614401267759,-0.0006551164322300932
40.0,2.5,5,0.0001697002350922831,-0.0006387636343624826
40.0,2.9000000000000004,5,0.00016401514624274724,-0.0006198859343324569
40.0,3.3000000000000003,5,0.00015613697651597886,-0.0005986333273165892
40.0,3.7,5,0.00014588200036547903,-0.0005751761445938516
40.0,4.1000000000000005,5,0.00013320063741104388,-0.0005497047558746943
40.0,4.5,5,0.00011823595345600262,-0.0005224295956322421
40.0,4.9,5,0.00010131555055994948,-0.0004935816808978388
40.0,5.300000000000001,5,8.293829662755397e-05,-0.00046341380926909925
40.0,5.7,5,6.368661990916504e-05,-0.0004322026148150896
40.0,6.1000000000000005,5,4.425287194130283e-05,-0.00040025156678337757
40.0,6.5,5,2.526864287246208e-05,-0.0003678947235995087
40.0,6.9,5,7.301383278489909e-06,-0.0003355004311716208
40.0,7.300000000000001,5,-9.207679406492813e-06,-0.00030347295593223804
40.0,7.7,5,-2.393080470204198e-05,-0.00027224821691525166
40.0,8.1,5,-3.6716977986801506e-05,-0.0002422781118947102
40.0,8.5,5,-4.7518942084472114e-05,-0.00021399885878724772
40.0,8.9,5,-5.638618603897826e-05,-0.0001877853490796036
40.0,9.3,5,-6.343703640097237e-05,-0.00016390443863633947
40.0,9.700000000000001,5,-6.883901791546391e-05,-0.00014248620126731108
40.0,10.100000000000001,5,-7.279526745248596e-05,-0.00012352489364846243
40.0,10.5,5,-7.549969944297209e-05,-0.000106905723324461
40.0,10.9,5,-7.715251259872762e-05,-9.244312171623599e-05
40.0,11.3,5,-7.795192178362325e-05,-7.991689412491412e-05
40.0,11.700000000000001,5,-7.809628848505504e-05,-6.909926051685495e-05
40.0,12.100000000000001,5,-7.774482935475904e-05,-5.977182528473209e-05
40.0,12.5,5,-7.695435992092426e-05,-5.173450665786022e-05
40.0,12.9,5,-7.577274204746103e-05,-4.480908162875218e-05
40.0,13.3,5,-7.441599767903774e-05,-3.883954956882201e-05
40.0,13.700000000000001,5,-7.298846190114689e-05,-3.369082628447751e-05
40.0,14.100000000000001,5,-7.125522478775759e-05,-2.9246696037435036e-05
40.0,14.5,5,-6.953485322842989e-05,-2.5407546016458605e-05
40.0,14.9,5,-6.791876378077242e-05,-2.208815716931996e-05
40.0,15.3,5,-6.587986188041088e-05,-1.9215678420243924e-05
40.0,15.700000000000001,5,-6.445276825564785e-05,-1.672782907064337e-05
40.0,16.1,5,-6.223953020475265e-05,-1.4571332386098297e-05
40.0,16.5,5,-6.116394790121348e-05,-1.2700567427497958e-05
40.0,16.900000000000002,5,-5.853000080769973e-05,-1.1076422794876407e-05
40.0,17.3,5,-5.841003847374585e-05,-9.665335182087616e-06
40.0,17.7,5,-5.533250678049893e-05,-8.438486973499514e-06
40.0,18.1,5,-5.3231530932856794e-05,-7.3711283265639665e-06
40.0,18.5,5,-5.9458965714062556e-05,-6.441983227369766e-06
40.0,18.900000000000002,5,-4.8677324741135324e-05,-5.632711114327745e-06
40.0,19.3,5,-1.8743810072933005e-05,-4.927437573050712e-06
40.0,19.700000000000003,5,-6.484287110840478e-05,-4.312390103251021e-06
40.0,20.1,5,-0.0003452869136638977,-3.775640482256456e-06
40.0,20.5,5,-0.0009546053978528497,-3.3069039049722725e-06
40.0,20.900000000000002,5,-0.00181424232143872,-2.8973415298718857e-06
40.0,21.3,5,-0.002670136985903392,-2.5393516391563616e-06
40.0,21.700000000000003,5,-0.0032069386447969718,-2.2263628920806427e-06
40.0,22.1,5,-0.003215502538842355,-1.9526502397200974e-06
40.0,22.5,5,-0.002700591418863505,-1.7131979768468458e-06
40.0,22.900000000000002,5,-0.0018778585652393955,-1.5036164438212994e-06
40.0,23.3,5,-0.0010447815209641597,-1.3200859437473728e-06
40.0,23.700000000000003,5,-0.0004370473940801441,-1.1592953330932934e-06
40.0,24.1,5,-0.00011838512622087014,-1.0183737070114554e-06
40.0,24.5,5,6.46946791554627e-07,-8.948250736356271e-07
40.0,24.900000000000002,5,3.203591638321136e-05,-7.864735047785389e-07
40.0,25.3,5,3.7327614777543736e-05,-6.914198763984282e-07
40.0,25.700000000000003,5,3.7230648975965355e-05,-6.080063207013469e-07
40.0,26.1,5,3.645746390937288e-05,-5.34785354604164e-07
40.0,26.5,5,3.576390743361789e-05,-4.7049274734116813e-07
40.0,26.900000000000002,5,3.523232277114555e-05,-4.1402383919817474e-07
40.0,27.3,5,3.484958477085928e-05,-3.644129754462314e-07
40.0,27.700000000000003,5,3.458877505158e-05,-3.2081566374484835e-07
40.0,28.1,5,3.441814029158074e-05,-2.824930825567074e-07
40.0,28.5,5,3.4298564190527246e-05,-2.48798615305474e-07
40.0,28.900000000000002,5,3.41901464194555e-05,-2.19166135223683e-07
40.0,29.3,5,3.405508795003648e-05,-1.930998091499104e-07
40.0,29.700000000000003,5,3.3856476897293454e-05,-1.7016522134424954e-07
40.0,30.1,5,3.357420348005757e-05,-1.4998164252045e-07
40.0,30.5,5,3.317880194862117e-05,-1.3221528844254982e-07
40.0,30.900000000000002,5,3.26514914788988e-05,-1.1657343366659411e-07
40.0,31.3,5,3.197585188309989e-05,-1.0279927023093721e-07
40.0,31.700000000000003,5,3.113277333363331e-05,-9.066742051584254e-08
40.0,32.1,5,3.0108745602889014e-05,-7.99800303322009e-08
40.0,32.5,5,2.8903163803063996e-05,-7.056336662819825e-08
40.0,32.9,5,2.7459936555376034e-05,-6.226484908029294e-08
40.0,33.300000000000004,5,2.5820795480115796e-05,-5.495044300368179e-08
40.0,33.7,5,2.3966902243029648e-05,-4.8502359010356875e-08
40.0,34.1,5,2.1781329395264103e-05,-4.2817036512361664e-08
40.0,34.5,5,1.9284331838183546e-05,-3.780338998206191e-08
40.0,34.9,5,1.6610511624698863e-05,-3.338129820957731e-08
40.0,35.300000000000004,5,1.381304027523279e-05,-2.9480309919210645e-08
40.0,35.7,5,1.0802174105039467e-05,-2.6038490876276156e-08
40.0,36.1,5,7.468809224822195e-06,-2.3001358233034964e-08
40.0,36.5,5,3.846547564853022e-06,-2.032094720921222e-08
40.0,36.9,5,3.2758724533279506e-07,-1.7955026170982695e-08
40.0,37.300000000000004,5,-2.8364527729822584e-06,-1.5866414511090983e-08
40.0,37.7,5,-5.872399360619093e-06,-1.4022374577314641e-08
40.0,38.1,5,-8.472705548089905e-06,-1.2394072543689276e-08
40.0,38.5,5,-1.0624187610218283e-05,-1.0956104718998146e-08
40.0,38.900000000000006,5,-1.2355633364852948e-05,-9.686079840012194e-09
40.0,39.300000000000004,5,-1.3219199624021365e-05,-8.564256583110334e-09
40.0,39.7,5,-1.3896634878521898e-05,-7.573222855840572e-09
42.0,0.1,2,7.858840830755827e-05,5.670754143935165e-05
42.0,0.5,2,7.917449291462372e-05,5.6525939301904206e-05
42.0,0.9,2,8.047976610333416e-05,5.6103582935476055e-05
42.0,1.3,2,8.253658311690521e-05,5.5443779729062984e-05
42.0,1.7000000000000002,2,8.52441709512117e-05,5.455170107166925e-05
42.0,2.1,2,8.848827668302588e-05,5.343434967245667e-05
42.0,2.5,2,9.209366621075127e-05,5.21005184828503e-05
42.0,2.9000000000000004,2,9.594607248990201e-05,5.056074466046336e-05
42.0,3.3000000000000003,2,9.971447812943604e-05,4.8827263409440756e-05
42.0,3.7,2,0.00010311409484135602,4.691396834208592e-05
42.0,4.1000000000000005,2,0.00010576335572507758,4.483638715585815e-05
42.0,4.5,2,0.00010732177410903924,4.261168384038956e-05
42.0,4.9,2,0.00010737831376782395,4.02587010382931e-05
42.0,5.300000000000001,2,0.00010558498090998027,3.7798057879451265e-05
42.0,5.7,2,0.00010168764121885845,3.525231772952188e-05
42.0,6.1000000000000005,2,9.552209382846679e-05,3.264623278098261e-05
42.0,6.5,2,8.711030294481662e-05,3.000705023272734e-05
42.0,6.9,2,7.664460026394819e-05,2.736481394269404e-05
42.0,7.300000000000001,2,6.442791204538019e-05,2.475249765700317e-05
42.0,7.7,2,5.091870716794416e-05,2.220565696892276e-05
42.0,8.1,2,3.664404379182336e-05,1.9761151016744475e-05
42.0,8.5,2,2.2155323017318467e-05,1.7454560456586572e-05
42.0,8.9,2,7.974044925424045e-06,1.5316464464566848e-05
42.0,9.3,2,-5.429844366135349e-06,1.3368630683879463e-05
42.0,9.700000000000001,2,-1.7677431681363717e-05,1.1621669500863774e-05
42.0,10.100000000000001,2,-2.8525449509798723e-05,1.007511103849818e-05
42.0,10.5,2,-3.7848577584971835e-05,8.71958727881877e-06
42.0,10.9,2,-4.5621690561699826e-05,7.539954770098715e-06
42.0,11.3,2,-5.190691665375721e-05,6.518246833651951e-06
42.0,11.700000000000001,2,-5.682557935162325e-05,5.635883584690812e-06
42.0,12.100000000000001,2,-6.053550325367171e-05,4.875058043553196e-06
42.0,12.5,2,-6.320786263142039e-05,4.219461849880986e-06
42.0,12.9,2,-6.49949593969868e-05,3.654568309644662e-06
42.0,13.3,2,-6.602030215368759e-05,3.167656391694373e-06
42.0,13.700000000000001,2,-6.642012003365206e-05,2.747702883592657e-06
42.0,14.100000000000001,2,-6.637548940635633e-05,2.3852192532851807e-06
42.0,14.5,2,-6.600959254441861e-05,2.072073230857181e-06
42.0,14.9,2,-6.528635941472389e-05,1.8013132889741331e-06
42.0,15.3,2,-6.427832960032733e-05,1.5670039925103582e-06
42.0,15.700000000000001,2,-6.325561289772007e-05,1.3640765802492712e-06
42.0,16.1,2,-6.203028844367595e-05,1.188197356974902e-06
42.0,16.5,2,-6.060631269116913e-05,1.0356542910400833e-06
42.0,16.900000000000002,2,-5.9443877258984266e-05,9.032603943364358e-07
42.0,17.3,2,-5.779927364220304e-05,7.882724395747693e-07
42.0,17.7,2,-5.667342931181903e-05,6.88324919006254e-07
42.0,18.1,2,-5.490728711589586e-05,6.01379408266478e-07
42.0,18.5,2,-5.4023900236582356e-05,5.256859320841004e-07
42.0,18.900000000000002,2,-5.174120702984292e-05,4.597484953071642e-07
42.0,19.3,2,-5.191494560529905e-05,4.02285184555904e-07
42.0,19.700000000000003,2,-4.887619046531018e-05,3.5218192691548027e-07
42.0,20.1,2,-4.744752196627802e-05,3.08449456857349e-07
42.0,20.5,2,-5.348760596069153e-05,2.7020339162391006e-07
42.0,20.900000000000002,2,-4.283804991862468e-05,2.3668036841470493e-07
42.0,21.3,2,-1.4376158894838248e-05,2.072666212385695e-07
42.0,21.700000000000003,2,-5.593896929880176e-05,1.8149361379926373e-07
42.0,22.1,2,-0.0003125172683000303,1.589857690101986e-07
42.0,22.5,2,-0.000870725253802767,1.3939461851554245e-07
42.0,22.900000000000002,2,-0.0016584543586615963,1.223616750370942e-07
42.0,23.3,2,-0.0024434144786370056,1.0752157851068775e-07
42.0,23.700000000000003,2,-0.0029365494768001468,9.453239496461391e-08
42.0,24.1,2,-0.002945707787709043,8.31115855400506e-08
42.0,24.5,2,-0.0024748303612101485,7.305070715129482e-08
42.0,24.900000000000002,2,-0.0017212256608275043,6.419686390889486e-08
42.0,25.3,2,-0.0009575186301249087,5.642116851013542e-08
42.0,25.700000000000003,2,-0.0004005825977440502,4.960158314587883e-08
42.0,26.1,2,-0.00010770978273002966,4.3621395151208954e-08
42.0,26.5,2,2.918803934507941e-06,3.837411014804018e-08
42.0,26.900000000000002,2,3.28439334235641e-05,3.3766768639150666e-08
42.0,27.3,2,3.8241461285667536e-05,2.9719364392902264e-08
42.0,27.700000000000003,2,3.8344101126699555e-05,2.616266996861901e-08
42.0,28.1,2,3.764727054344433e-05,2.3036358650990825e-08
42.0,28.5,2,3.689191958487656e-05,2.0287682078214904e-08
42.0,28.900000000000002,2,3.615505389800266e-05,1.7870465341439762e-08
42.0,29.3,2,3.543291562791822e-05,1.5744267615696994e-08
42.0,29.700000000000003,2,3.4717464886429645e-05,1.3873655487582328e-08
42.0,30.1,2,3.400118916804805e-05,1.2227569862338439e-08
42.0,30.5,2,3.327845968179759e-05,1.0778774619446346e-08
42.0,30.900000000000002,2,3.2541709457431014e-05,9.503376584596722e-09
42.0,31.3,2,3.1784046867323396e-05,8.380407289495012e-09
42.0,31.700000000000003,2,3.09968973830367e-05,7.391458364304476e-09
42.0,32.1,2,3.0171523003752712e-05,6.520363956022493e-09
42.0,32.5,2,2.9296044664598885e-05,5.7529246052891536e-09
42.0,32.9,2,2.8358954683311336e-05,5.076667228740392e-09
42.0,33.300000000000004,2,2.734539084169385e-05,4.4806356541354136e-09
42.0,33.7,2,2.6239070099420945e-05,3.9552063455081985e-09
42.0,34.1,2,2.5022282006638285e-05,3.4919251001442128e-09
42.0,34.5,2,2.3674363326837255e-05,3.0833622780340897e-09
42.0,34.9,2,2.2174779429698583e-05,2.722985572043676e-09
42.0,35.300000000000004,2,2.05014193742623e-05,2.4050496246923467e-09
42.0,35.7,2,1.863342240991727e-05,2.1245009795718485e-09
42.0,36.1,2,1.6553572608239503e-05,1.876895769436819e-09
42.0,36.5,2,1.4248617972154902e-05,1.6583271884154223e-09
42.0,36.9,2,1.1716061551933881e-05,1.465360481081339e-09
42.0,37.300000000000004,2,8.965034484915357e-06,1.2949744452377366e-09
42.0,37.7,2,6.0220142635885006e-06,1.1445094211232973e-09
42.0,38.1,2,2.9327114810644977e-06,1.0116219287037995e-09
42.0,38.5,2,-2.3408812189259936e-07,8.942456654537491e-10
42.0,38.900000000000006,2,-3.390148640903527e-06,7.905580625033232e-10
42.0,39.300000000000004,2,-6.429783126716328e-06,6.989514334004238e-10
42.0,39.7,2,-9.238783677196069e-06,6.180079349590522e-10
42.0,0.1,5,7.870677993192273e-05,5.670753386636479e-05
42.0,0.5,5,7.929023449693651e-05,5.652593132487573e-05
42.0,0.9,5,8.059614562610961e-05,5.6103573993963526e-05
42.0,1.3,5,8.265717097910795e-05,5.5443769275690916e-05
42.0,1.7000000000000002,5,8.536879721255137e-05,5.455168871505847e-05
42.0,2.1,5,8.861468075911161e-05,5.343433537771051e-05
42.0,2.5,5,9.222177398008603e-05,5.210050271615917e-05
42.0,2.9000000000000004,5,9.607817858992331e-05,5.056072837089397e-05
42.0,3.3000000000000003,5,9.985108006806713e-05,4.882724781771435e-05
42.0,3.7,5,0.0001032536759908751,4.6913954607896016e-05
42.0,4.1000000000000005,5,0.0001059068822444721,4.483637606183606e-05
42.0,4.5,5,0.00010747127641696969,4.261167562335671e-05
42.0,4.9,5,0.00010753197044898052,4.0258695423364964e-05
42.0,5.300000000000001,5,0.00010574113381244267,3.779805427590344e-05
42.0,5.7,5,0.00010184770000154757,3.525231548288779e-05
42.0,6.1000000000000005,5,9.568500727477242e-05,3.26462313721497e-05
42.0,6.5,5,8.727437474476208e-05,3.00070493657776e-05
42.0,6.9,5,7.680839421296972e-05,2.736481353061641e-05
42.0,7.300000000000001,5,6.458782332909893e-05,2.4752497754630064e-05
42.0,7.7,5,5.1075032933298925e-05,2.2205657703457626e-05
42.0,8.1,5,3.6794885989461695e-05,1.976115253623664e-05
42.0,8.5,5,2.2296652504552876e-05,1.7454562885694502e-05
42.0,8.9,5,8.103512327896875e-06,1.5316467853317116e-05
42.0,9.3,5,-5.317112905825829e-06,1.3368634954649253e-05
42.0,9.700000000000001,5,-1.7584066065188577e-05,1.1621674425814436e-05
42.0,10.100000000000001,5,-2.8454195429374664e-05,1.0075116277924807e-05
42.0,10.5,5,-3.780121081849071e-05,8.719592479742717e-06
42.0,10.9,5,-4.56043264809969e-05,7.539959680786539e-06
42.0,11.3,5,-5.1919372643457414e-05,6.518251374206856e-06
42.0,11.700000000000001,5,-5.687067681998899e-05,5.635887837933718e-06
42.0,12.100000000000001,5,-6.061574482436708e-05,4.875062177648018e-06
42.0,12.5,5,-6.332561685617299e-05,4.219466019043924e-06
42.0,12.9,5,-6.514879864002494e-05,3.6545725791965835e-06
42.0,13.3,5,-6.620938351107515e-05,3.16766070759893e-06
42.0,13.700000000000001,5,-6.664681112818676e-05,2.7477070775116216e-06
42.0,14.100000000000001,5,-6.663547978050473e-05,2.3852230634135244e-06
42.0,14.5,5,-6.630426806648055e-05,2.072076325809625e-06
42.0,14.9,5,-6.561168111444346e-05,1.8013152946006866e-06
42.0,15.3,5,-6.463124058094092e-05,1.5670045285438567e-06
42.0,15.700000000000001,5,-6.363702282582622e-05,1.3640753130338194e-06
42.0,16.1,5,-6.243502737608947e-05,1.1881940690174223e-06
42.0,16.5,5,-6.103283303743372e-05,1.035648957672904e-06
42.0,16.900000000000002,5,-5.989052594427893e-05,9.032532437976882e-07
42.0,17.3,5,-5.826554638649378e-05,7.882639648658231e-07
42.0,17.7,5,-5.7156235226993e-05,6.883158216432491e-07
42.0,18.1,5,-5.540862410305628e-05,6.013704863393581e-07
42.0,18.5,5,-5.454288557633579e-05,5.256779552938254e-07
42.0,18.900000000000002,5,-5.228006090323106e-05,4.5974210854542716e-07
42.0,19.3,5,-5.2477472011030365e-05,4.02280845891841e-07
42.0,19.700000000000003,5,-4.946516142894059e-05,3.5217985430487894e-07
42.0,20.1,5,-4.806838700216192e-05,3.084495636211033e-07
42.0,20.5,5,-5.4149524566598735e-05,2.702052345345791e-07
42.0,20.900000000000002,5,-4.354821378300378e-05,2.366831727190196e-07
42.0,21.3,5,-1.5148109058736566e-05,2.0726943164598889e-07
42.0,21.700000000000003,5,-5.678589408031064e-05,1.8149555353523916e-07
42.0,22.1,5,-0.00031345469034786385,1.5898631532732984e-07
42.0,22.5,5,-0.000871775041411717,1.3939376663293807e-07
42.0,22.900000000000002,5,-0.001659634746453445,1.2235989437908979e-07
42.0,23.3,5,-0.0024447504817252733,1.0751956585626277e-07
42.0,23.700000000000003,5,-0.0029380691133479306,9.453074869879828e-08
42.0,24.1,5,-0.0029474374497969903,8.311057695598343e-08
42.0,24.5,5,-0.002476793837213341,7.305026094536674e-08
42.0,24.900000000000002,5,-0.0017234532395427192,6.419671629317413e-08
42.0,25.3,5,-0.000960026380120583,5.6421072176662514e-08
42.0,25.700000000000003,5,-0.0004033790946123706,4.960142458230168e-08
42.0,26.1,5,-0.00011079360479173328,4.362119034911713e-08
42.0,26.5,5,-4.3240041859234387e-07,3.837395165586897e-08
42.0,26.900000000000002,5,2.9262929407454286e-05,3.376677730173588e-08
42.0,27.3,5,3.4496599320147746e-05,2.9719647251605165e-08
42.0,27.700000000000003,5,3.4526074412549765e-05,2.6163284288138148e-08
42.0,28.1,5,3.386084131069659e-05,2.3037293360973434e-08
42.0,28.5,5,3.3256731100056297e-05,2.0288863383036183e-08
42.0,28.900000000000002,5,3.279831225329286e-05,1.787178105797153e-08
42.0,29.3,5,3.247322802298275e-05,1.5745597219215033e-08
42.0,29.700000000000003,5,3.225811638167032e-05,1.3874893987784916e-08
42.0,30.1,5,3.212687380518209e-05,1.2228640675439528e-08
42.0,30.5,5,3.204437082092306e-05,1.0779633591619587e-08
42.0,30.900000000000002,5,3.197104735409019e-05,9.504011566439717e-09
42.0,31.3,5,3.187461594762584e-05,8.380835166804092e-09
42.0,31.700000000000003,5,3.171657717750554e-05,7.391718367403693e-09
42.0,32.1,5,3.147567105402674e-05,6.520505685447913e-09
42.0,32.5,5,3.1128898176978014e-05,5.752992919573508e-09
42.0,32.9,5,3.0654738705842164e-05,5.0766909457522485e-09
42.0,33.300000000000004,5,3.004585000525127e-05,4.4806256297247555e-09
42.0,33.7,5,2.9277191713610693e-05,3.95516391105685e-09
42.0,34.1,5,2.8341552123393532e-05,3.4918514897699337e-09
42.0,34.5,5,2.7232230431887082e-05,3.0832604781521414e-09
42.0,34.9,5,2.5900659928834177e-05,2.72284972346618e-09
42.0,35.300000000000004,5,2.4378124789540862e-05,2.404853290474825e-09
42.0,35.7,5,2.2635016834773985e-05,2.124202023099545e-09
42.0,36.1,5,2.0567739810401923e-05,1.8764600620413306e-09
42.0,36.5,5,1.8216453702103142e-05,1.6577604316607013e-09
42.0,36.9,5,1.5726770685492164e-05,1.4647245188733632e-09
42.0,37.300000000000004,5,1.3100874653313076e-05,1.2943607070372652e-09
42.0,37.7,5,1.0227399585170384e-05,1.1439914046361305e-09
42.0,38.1,5,7.062457397546275e-06,1.0112409439119364e-09
42.0,38.5,5,3.667518096338832e-06,8.940252174421587e-10
42.0,38.900000000000006,5,2.931830626053455e-07,7.905130686707848e-10
42.0,39.300000000000004,5,-2.720076490065692e-06,6.990855850170066e-10
42.0,39.7,5,-5.549419848037213e-06,6.183080926855344e-10
44.0,0.1,2,3.0715674988432565e-05,0.000772161858383121
44.0,0.5,2,3.096752748679415e-05,0.0007696891206928359
44.0,0.9,2,3.1757976887152335e-05,0.0007639382106903088
44.0,1.3,2,3.300529031263926e-05,0.0007549541503870354
44.0,1.7000000000000002,2,3.467026033904771e-05,0.0007428073388778313
44.0,2.1,2,3.6854188510800465e-05,0.0007275931100596063
44.0,2.5,2,3.9490344202334166e-05,0.0007094311753885003
44.0,2.9000000000000004,2,4.256552916263706e-05,0.0006884649987429793
44.0,3.3000000000000003,2,4.613491215652169e-05,0.0006648611696048049
44.0,3.7,2,5.011015846646801e-05,0.0006388088646159014
44.0,4.1000000000000005,2,5.443880035871248e-05,0.0006105195165544881
44.0,4.5,2,5.9032567027527206e-05,0.0005802268430928823
44.0,4.9,2,6.376358297000394e-05,0.0005481874214975764
44.0,5.300000000000001,2,6.845197636105312e-05,0.00051468201891891
44.0,5.7,2,7.284282669428107e-05,0.0004800178755641601
44.0,6.1000000000000005,2,7.665665998458272e-05,0.00044453203501316677
44.0,6.5,2,7.957508907708972e-05,0.0004085955133809371
44.0,6.9,2,8.126243876820457e-05,0.0003726174065532782
44.0,7.300000000000001,2,8.141230395699584e-05,0.0003370467034939119
44.0,7.7,2,7.975660638225097e-05,0.00030236754550915337
44.0,8.1,2,7.609908697609221e-05,0.0002690818177233225
44.0,8.5,2,7.039936873490984e-05,0.0002376739883136082
44.0,8.9,2,6.274899327326002e-05,0.0002085604145111428
44.0,9.3,2,5.337684114177367e-05,0.00018203747085734318
44.0,9.700000000000001,2,4.2667471712588e-05,0.00015824962722102299
44.0,10.100000000000001,2,3.109534872637997e-05,0.00013719052067507606
44.0,10.5,2,1.915978419496733e-05,0.00011873267888087925
44.0,10.9,2,7.344586161677802e-06,0.00010267001815752494
44.0,11.3,2,-3.926037538809632e-06,8.875798607699423e-05
44.0,11.700000000000001,2,-1.4319949997559173e-05,7.67435932932773e-05
44.0,12.100000000000001,2,-2.3610742236393915e-05,6.638426616568634e-05
44.0,12.5,2,-3.167757732975243e-05,5.7457772078169094e-05
44.0,12.9,2,-3.848928813652863e-05,4.976616324171228e-05
44.0,13.3,2,-4.407898332887166e-05,4.31361837267554e-05
44.0,13.700000000000001,2,-4.852361107799081e-05,3.7417818441170065e-05
44.0,14.100000000000001,2,-5.193533938228584e-05,3.248201449781201e-05
44.0,14.5,2,-5.445709688261827e-05,2.8218157734993185e-05
44.0,14.9,2,-5.6241074563378244e-05,2.45316099645919e-05
44.0,15.3,2,-5.7401065778661606e-05,2.1341451974621203e-05
44.0,15.700000000000001,2,-5.799716611892216e-05,1.857848766382774e-05
44.0,16.1,2,-5.8128486380600505e-05,1.6183515577463976e-05
44.0,16.5,2,-5.79806244021162e-05,1.4105848608232834e-05
44.0,16.900000000000002,2,-5.759640444659972e-05,1.2302052080096752e-05
44.0,17.3,2,-5.687567775356359e-05,1.0734869441841996e-05
44.0,17.7,2,-5.607000600388618e-05,9.372308491467303e-06
44.0,18.1,2,-5.522615814250531e-05,8.18686527133779e-06
44.0,18.5,2,-5.404052016313931e-05,7.154865563554176e-06
44.0,18.900000000000002,2,-5.3131238647843996e-05,6.2559060436053275e-06
44.0,19.3,2,-5.183081281423454e-05,5.472380173406124e-06
44.0,19.700000000000003,2,-5.0849439176360935e-05,4.789077586855791e-06
44.0,20.1,2,-4.9497560140355395e-05,4.19284814473813e-06
44.0,20.5,2,-4.8724253985929995e-05,3.6723201785744524e-06
44.0,20.900000000000002,2,-4.680138083731158e-05,3.2176592965989085e-06
44.0,21.3,2,-4.7150569042034536e-05,2.8203528091788717e-06
44.0,21.700000000000003,2,-4.41067471467544e-05,2.4730132094665286e-06
44.0,22.1,2,-4.328505732472934e-05,2.169204612164332e-06
44.0,22.5,2,-4.921166933210074e-05,1.9033082258122577e-06
44.0,22.900000000000002,2,-3.8655938037929154e-05,1.6704385320785502e-06
44.0,23.3,2,-1.1415557740526496e-05,1.4663881704777636e-06
44.0,23.700000000000003,2,-4.9332789439266306e-05,1.287556859235495e-06
44.0,24.1,2,-0.0002860711080501307,1.1308451521770916e-06
44.0,24.5,2,-0.0008015017918027204,9.935400252341355e-07
44.0,24.900000000000002,2,-0.0015288193515519358,8.732298091218399e-07
44.0,25.3,2,-0.0022537339936796585,7.67761007208707e-07
44.0,25.700000000000003,2,-0.0027096506664826617,6.752278633499102e-07
44.0,26.1,2,-0.0027188123902411056,5.939755535497222e-07
44.0,26.5,2,-0.002284977846978112,5.225907821385764e-07
44.0,26.900000000000002,2,-0.0015899272414145473,4.59865252274867e-07
44.0,27.3,2,-0.000885394764178641,4.047486340081251e-07
44.0,27.700000000000003,2,-0.0003720023274807082,3.563152234294642e-07
44.0,28.1,2,-0.00010139970361448639,3.137464630346941e-07
44.0,28.5,2,1.7674422577645668e-06,2.7632174078371394e-07
44.0,28.900000000000002,2,3.0207032341533322e-05,2.4340998446238965e-07
44.0,29.3,2,3.553966682033517e-05,2.1445945539344576e-07
44.0,29.700000000000003,2,3.574589082913245e-05,1.889873658560657e-07
44.0,30.1,2,3.514384250975436e-05,1.665707836807695e-07
44.0,30.5,2,3.4472980507923075e-05,1.4683895240343676e-07
44.0,30.900000000000002,2,3.3814987298018546e-05,1.2946671890794583e-07
44.0,31.3,2,3.316889206679644e-05,1.1416883131407075e-07
44.0,31.700000000000003,2,3.2527034943884065e-05,1.0069496600744255e-07
44.0,32.1,2,3.188308771426236e-05,8.882538499787746e-08
44.0,32.5,2,3.123044322581983e-05,7.836714243745651e-08
44.0,32.9,2,3.056369872336465e-05,6.915076980756945e-08
44.0,33.300000000000004,2,2.987514036796438e-05,6.102737813158826e-08
44.0,33.7,2,2.915759300348135e-05,5.386612375240658e-08
44.0,34.1,2,2.840194341034548e-05,4.755199165618716e-08
44.0,34.5,2,2.7598045778013212e-05,4.1983856517953634e-08
44.0,34.9,2,2.6733979874672487e-05,3.707278635479176e-08
44.0,35.300000000000004,2,2.5796294595162553e-05,3.2740557319978716e-08
44.0,35.7,2,2.47694796920066e-05,2.8918351613942117e-08
44.0,36.1,2,2.3636231457769264e-05,2.554561439053377e-08
44.0,36.5,2,2.2377497363305305e-05,2.2569049748178317e-08
44.0,36.9,2,2.0973331646530707e-05,1.994173957701618e-08
44.0,37.300000000000004,2,1.9402311525450986e-05,1.7622371394025996e-08
44.0,37.7,2,1.7645373384147377e-05,1.557456230449277e-08
44.0,38.1,2,1.5684715615976603e-05,1.3766266648040188e-08
44.0,38.5,2,1.3508593921437176e-05,1.2169255715861104e-08
44.0,38.900000000000006,2,1.1113465148370752e-05,1.0758659565575792e-08
44.0,39.300000000000004,2,8.50858270249867e-06,9.512563079363115e-09
44.0,39.7,2,5.7178827102175165e-06,8.411650225448882e-09
44.0,0.1,5,3.081120772668564e-05,0.0007721618391657039
44.0,0.5,5,3.106849958509645e-05,0.0007696891023190393
44.0,0.9,5,3.186176307378758e-05,0.0007639381940690615
44.0,1.3,5,3.310690775579254e-05,0.0007549541360191951
44.0,1.7000000000000002,5,3.476726820997191e-05,0.0007428073268578982
44.0,2.1,5,3.694856201048316e-05,0.0007275931002082443
44.0,2.5,5,3.9586119996017256e-05,0.0007094311673893937
44.0,2.9000000000000004,5,4.266449466178502e-05,0.0006884649921964618
44.0,3.3000000000000003,5,4.623607333624863e-05,0.0006648611640153038
44.0,3.7,5,5.021346557257365e-05,0.0006388088594045408
44.0,4.1000000000000005,5,5.4545783406260016e-05,0.0006105195111669164
44.0,4.5,5,5.914256008430825e-05,0.0005802268371759011
44.0,4.9,5,6.387474236130493e-05,0.0005481874150336147
44.0,5.300000000000001,5,6.856573707550273e-05,0.0005146820122121014
44.0,5.7,5,7.296062799298253e-05,0.00048001786906580983
44.0,6.1000000000000005,5,7.677680320545512e-05,0.0004445320290839187
44.0,6.5,5,7.969754113793009e-05,0.00040859550812961026
44.0,6.9,5,8.138785681156198e-05,0.0003726174018366525
44.0,7.300000000000001,5,8.154046085898294e-05,0.0003370466990531824
44.0,7.7,5,7.988885199156162e-05,0.0003023675411430089
44.0,8.1,5,7.623302817670355e-05,0.0002690818133974323
44.0,8.5,5,7.053313080688306e-05,0.00023767398416655312
44.0,8.9,5,6.28830166669501e-05,0.0002085604107859635
44.0,9.3,5,5.350887892802247e-05,0.00018203746781546206
44.0,9.700000000000001,5,4.279754646225864e-05,0.00015824962508424485
44.0,10.100000000000001,5,3.122093987191965e-05,0.00013719051960563042
44.0,10.5,5,1.9278059983782865e-05,0.00011873267897964253
44.0,10.9,5,7.451732984819229e-06,0.0001026700194525378
44.0,11.3,5,-3.830060499632148e-06,8.875798849667417e-05
44.0,11.700000000000001,5,-1.4240317627479955e-05,7.674359664778984e-05
44.0,12.100000000000001,5,-2.355024569650096e-05,6.63842701696393e-05
44.0,12.5,5,-3.1638153341166585e-05,5.7457776423053606e-05
44.0,12.9,5,-3.8472243664279516e-05,4.976616769018193e-05
44.0,13.3,5,-4.4089128915445265e-05,4.313618817975711e-05
44.0,13.700000000000001,5,-4.856313010572918e-05,3.741782294297758e-05
44.0,14.100000000000001,5,-5.2004068172936994e-05,3.248201918099531e-05
44.0,14.5,5,-5.455831083709672e-05,2.8218162738712446e-05
44.0,14.9,5,-5.637312420237206e-05,2.4531615365405096e-05
44.0,15.3,5,-5.756617468975738e-05,2.13414577499025e-05
44.0,15.700000000000001,5,-5.81952954304327e-05,1.8578493684446368e-05
44.0,16.1,5,-5.8355958789336946e-05,1.6183521615199568e-05
44.0,16.5,5,-5.823903056345626e-05,1.4105854347849862e-05
44.0,16.900000000000002,5,-5.788363204832521e-05,1.2302057136259486e-05
44.0,17.3,5,-5.7188090175959556e-05,1.0734873387416706e-05
44.0,17.7,5,-5.6407705121009606e-05,9.37231090419643e-06
44.0,18.1,5,-5.558645738003377e-05,8.186865801421963e-06
44.0,18.5,5,-5.442112096466802e-05,7.154864015077085e-06
44.0,18.900000000000002,5,-5.353023092176764e-05,6.255902448499125e-06
44.0,19.3,5,-5.224897803392261e-05,5.472374826657395e-06
44.0,19.700000000000003,5,-5.12829767443092e-05,4.789071019359625e-06
44.0,20.1,5,-4.9949595796655365e-05,4.192841038801655e-06
44.0,20.5,5,-4.9192146311221554e-05,3.6723132608994937e-06
44.0,20.900000000000002,5,-4.7288532255696886e-05,3.217653246641298e-06
44.0,21.3,5,-4.766056431712921e-05,2.8203481907622378e-06
44.0,21.700000000000003,5,-4.464029331996694e-05,2.4730104042789575e-06
44.0,22.1,5,-4.385149352345336e-05,2.1692037364576865e-06
44.0,22.5,5,-4.9813657178569924e-05,1.9033090519854648e-06
44.0,22.900000000000002,5,-3.9305105739444236e-05,1.6704404779456427e-06
44.0,23.3,5,-1.2121423710505612e-05,1.4663904107652979e-06
44.0,23.700000000000003,5,-5.010711598975922e-05,1.2875585549947608e-06
44.0,24.1,5,-0.00028693083775631036,1.1308457213134047e-06
44.0,24.5,5,-0.0008024654644776071,9.935393330022255e-07
44.0,24.900000000000002,5,-0.0015299041009278432,8.732281751101227e-07
44.0,25.3,5,-0.002254963692496175,7.677590126799382e-07
44.0,25.700000000000003,5,-0.0027110527683801996,6.752260591216526e-07
44.0,26.1,5,-0.0027204072366696945,5.93974230480257e-07
44.0,26.5,5,-0.002286793287792683,5.225899219193364e-07
44.0,26.900000000000002,5,-0.00159198778661301,4.5986464760464326e-07
44.0,27.3,5,-0.0008877184095110323,4.0474806926012017e-07
44.0,27.700000000000003,5,-0.0003745993244586967,3.5631458899746204e-07
44.0,28.1,5,-0.00010426455962512886,3.1374576373346467e-07
44.0,28.5,5,-1.3485680418678269e-06,2.7632105754743374e-07
44.0,28.900000000000002,5,2.6873700931301558e-05,2.434094350351406e-07
44.0,29.3,5,3.205012584756424e-05,2.1445915606675171e-07
44.0,29.700000000000003,5,3.218281023560788e-05,1.8898739526579788e-07
44.0,30.1,5,3.1605498119795486e-05,1.6657116019264239e-07
44.0,30.5,5,3.107325897687111e-05,1.4683963321137697e-07
44.0,30.900000000000002,5,3.067523456650978e-05,1.2946761781957353e-07
44.0,31.3,5,3.040209854190848e-05,1.1416984432710112e-07
44.0,31.700000000000003,5,3.022877038727783e-05,1.0069599366509247e-07
44.0,32.1,5,3.0131078324271077e-05,8.88263462190249e-08
44.0,32.5,5,3.007790541117121e-05,7.836798090092149e-08
44.0,32.9,5,3.0032538840198582e-05,6.915145646258797e-08
44.0,33.300000000000004,5,2.99653975421686e-05,6.102791123448705e-08
44.0,33.7,5,2.9843091736181286e-05,5.386652492538e-08
44.0,34.1,5,2.963847190083525e-05,4.75522962399535e-08
44.0,34.5,5,2.9335664108259836e-05,4.198409961767819e-08
44.0,34.9,5,2.890619931164608e-05,3.70729912897898e-08
44.0,35.300000000000004,5,2.834932104585164e-05,3.274073226618456e-08
44.0,35.7,5,2.7636230039895035e-05,2.8918496297710373e-08
44.0,36.1,5,2.6765226312893673e-05,2.554572851184438e-08
44.0,36.5,5,2.5724153763575064e-05,2.2569134842819638e-08
44.0,36.9,5,2.447977663957203e-05,1.994178841900635e-08
44.0,37.300000000000004,5,2.3067036073024946e-05,1.7622355475948757e-08
44.0,37.7,5,2.1442498957392942e-05,1.5574434622052838e-08
44.0,38.1,5,1.949172599305224e-05,1.37659835354782e-08
44.0,38.5,5,1.7249958166499492e-05,1.216880936960081e-08
44.0,38.900000000000006,5,1.489667933397156e-05,1.0758098150003418e-08
44.0,39.300000000000004,5,1.2442448696722127e-05,9.511969048024288e-09
44.0,39.7,5,9.7211529454493e-06,8.411096308502839e-09
46.0,0.1,2,1.6560362641848643e-05,0.000990637205535961
46.0,0.5,2,1.6980309323854342e-05,0.0009874648334042132
46.0,0.9,2,1.72214469456704e-05,0.000980086765494661
46.0,1.3,2,1.7709147545273497e-05,0.0009685607624417443
46.0,1.7000000000000002,2,1.8409681235393545e-05,0.0009529771424216817
46.0,2.1,2,1.924004448044741e-05,0.0009334582137002305
46.0,2.5,2,2.0346645359704473e-05,0.0009101575594690347
46.0,2.9000000000000004,2,2.1635913949444458e-05,0.0008832592354840203
46.0,3.3000000000000003,2,2.3183361222803556e-05,0.0008529769656459389
46.0,3.7,2,2.4974976987795256e-05,0.0008195534511362291
46.0,4.1000000000000005,2,2.7075329766705256e-05,0.0007832599457893801
46.0,4.5,2,2.9444411684138034e-05,0.0007443962931130113
46.0,4.9,2,3.213751707030242e-05,0.000703291663805737
46.0,5.300000000000001,2,3.514501289452706e-05,0.0006603062627655314
46.0,5.7,2,3.847274251944248e-05,0.0006158342586601902
46.0,6.1000000000000005,2,4.208450561971957e-05,0.0005703080568359771
46.0,6.5,2,4.591216150482995e-05,0.0005242036482050687
46.0,6.9,2,4.9893987730519755e-05,0.00047804587850021677
46.0,7.300000000000001,2,5.38856903444839e-05,0.0004324107745987306
46.0,7.7,2,5.771708289288096e-05,0.0003879194627471108
46.0,8.1,2,6.116103590640902e-05,0.0003452158351912032
46.0,8.5,2,6.393118093595212e-05,0.0003049214416515479
46.0,8.9,2,6.573897972145018e-05,0.0002675704513823446
46.0,9.3,2,6.629475375837062e-05,0.00023354310229843858
46.0,9.700000000000001,2,6.533576210732904e-05,0.00020302474345886297
46.0,10.100000000000001,2,6.268658183340195e-05,0.00017600720805362923
46.0,10.5,2,5.828733948988635e-05,0.00015232694746943837
46.0,10.9,2,5.2200013448406026e-05,0.00013171955692205194
46.0,11.3,2,4.461313693336339e-05,0.00011387128000158027
46.0,11.700000000000001,2,3.583205008820314e-05,9.845754129791408e-05
46.0,12.100000000000001,2,2.6243612178591842e-05,8.516713555666591e-05
46.0,12.5,2,1.6266446053551276e-05,7.371496151116505e-05
46.0,12.9,2,6.305780434203816e-06,6.384707870447917e-05
46.0,13.3,2,-3.2790200026871887e-06,5.534122380426514e-05
46.0,13.700000000000001,2,-1.219692065745427e-05,4.800494216867725e-05
46.0,14.100000000000001,2,-2.0239815503607132e-05,4.167266038082965e-05
46.0,14.5,2,-2.7287201723472136e-05,3.620245060507482e-05
46.0,14.9,2,-3.329898325309469e-05,3.147287886366723e-05
46.0,15.3,2,-3.829714061072527e-05,2.7380119358285153e-05
46.0,15.700000000000001,2,-4.234012540727018e-05,2.383540001383499e-05
46.0,16.1,2,-4.550088223342426e-05,2.0762783324756996e-05
46.0,16.5,2,-4.786675529108176e-05,1.8097258559815234e-05
46.0,16.900000000000002,2,-4.956060640819593e-05,1.578311210275905e-05
46.0,17.3,2,-5.0727362627199526e-05,1.3772542358203295e-05
46.0,17.7,2,-5.144660027646179e-05,1.2024487719608439e-05
46.0,18.1,2,-5.172198487410922e-05,1.0503637567625392e-05
46.0,18.5,2,-5.167245680556797e-05,9.179597320467986e-06
46.0,18.900000000000002,2,-5.1477333344198146e-05,8.026180829169447e-06
46.0,19.3,2,-5.101186490797207e-05,7.020807707522489e-06
46.0,19.700000000000003,2,-5.033412921963156e-05,6.143988427304451e-06
46.0,20.1,2,-4.974106421761165e-05,5.37888421081132e-06
46.0,20.5,2,-4.879698887340467e-05,4.710930928028857e-06
46.0,20.900000000000002,2,-4.801945028753174e-05,4.127517373307888e-06
46.0,21.3,2,-4.703510367865073e-05,3.6177102354549122e-06
46.0,21.700000000000003,2,-4.6091584566979115e-05,3.1720206446206323e-06
46.0,22.1,2,-4.5075849554955144e-05,2.782208817627813e-06
46.0,22.5,2,-4.431190892336366e-05,2.441121220388663e-06
46.0,22.900000000000002,2,-4.274589492582096e-05,2.1425507670619205e-06
46.0,23.3,2,-4.321419713347251e-05,1.881108220074788e-06
46.0,23.700000000000003,2,-4.014610194954307e-05,1.6520996947678684e-06
46.0,24.1,2,-3.981182917075612e-05,1.4514145851293958e-06
46.0,24.5,2,-4.563332446115519e-05,1.2754410590188849e-06
46.0,24.900000000000002,2,-3.515289440371173e-05,1.1210234206855878e-06
46.0,25.3,2,-8.888448088786155e-06,9.854440491680195e-07
46.0,25.700000000000003,2,-4.3751593455784916e-05,8.663888352519811e-07
46.0,26.1,2,-0.0002637166309921105,7.618756738539344e-07
46.0,26.5,2,-0.0007427214648399382,6.701684830061546e-07
46.0,26.900000000000002,2,-0.0014184952945175235,5.897114915560486e-07
46.0,27.3,2,-0.0020918219064072143,5.19098081124016e-07
46.0,27.700000000000003,2,-0.002515515913468878,4.570696703901118e-07
46.0,28.1,2,-0.002524178213365132,4.025287500447765e-07
46.0,28.5,2,-0.002121783886665615,3.54541643028172e-07
46.0,28.900000000000002,2,-0.0014767868497266286,3.123152273500932e-07
46.0,29.3,2,-0.0008231470007967818,2.7516169930075753e-07
46.0,29.700000000000003,2,-0.00034729258463818175,2.4247319197279024e-07
46.0,30.1,2,-9.591112973994727e-05,2.137095290478247e-07
46.0,30.5,2,7.794289318335873e-07,1.8839325650008835e-07
46.0,30.900000000000002,2,2.7910997338045197e-05,1.6610530808173423e-07
46.0,31.3,2,3.31808971853248e-05,1.4647881042548783e-07
46.0,31.700000000000003,2,3.3474782495697095e-05,1.291923371170464e-07
46.0,32.1,2,3.295234467476281e-05,1.1396392300097227e-07
46.0,32.5,2,3.2351303999344316e-05,1.0054603142727707e-07
46.0,32.9,2,3.1759584426993344e-05,8.872126244627636e-08
46.0,33.300000000000004,2,3.1176841015381876e-05,7.82986290218622e-08
46.0,33.7,2,3.059672752626591e-05,6.911030373080977e-08
46.0,34.1,2,3.001312114638531e-05,6.100877187237467e-08
46.0,34.5,2,2.9420211876062938e-05,5.3864339555206556e-08
46.0,34.9,2,2.881213821357615e-05,4.756295203932482e-08
46.0,35.300000000000004,2,2.8182763769748773e-05,4.2004282994673166e-08
46.0,35.7,2,2.7524129119118252e-05,3.710006048617189e-08
46.0,36.1,2,2.682867449868528e-05,3.277260032962604e-08
46.0,36.5,2,2.608597192225311e-05,2.8953521453441752e-08
46.0,36.9,2,2.528518552103814e-05,2.558262074232569e-08
46.0,37.300000000000004,2,2.4413389450735375e-05,2.260688682757517e-08
46.0,37.7,2,2.3455727735245978e-05,1.9979634213816325e-08
46.0,38.1,2,2.2395706863923058e-05,1.7659741653595303e-08
46.0,38.5,2,2.12154774301446e-05,1.561098171994112e-08
46.0,38.900000000000006,2,1.9895234460259677e-05,1.380143130064506e-08
46.0,39.300000000000004,2,1.8415283745136174e-05,1.2202954430186447e-08
46.0,39.7,2,1.6756675212182495e-05,1.0790749339248747e-08
46.0,0.1,5,1.662791023684322e-05,0.0009906372211923864
46.0,0.5,5,1.7059548386058196e-05,0.000987464848033308
46.0,0.9,5,1.73035710186479e-05,0.0009800867780758032
46.0,1.3,5,1.77923801794477e-05,0.0009685607726033964
46.0,1.7000000000000002,5,1.8494957542590347e-05,0.000952977150394425
46.0,2.1,5,1.93281326992073e-05,0.0009334582200067404
46.0,2.5,5,2.0436020277822738e-05,0.0009101575645711473
46.0,2.9000000000000004,5,2.1723738728136468e-05,0.0008832592395967124
46.0,3.3000000000000003,5,2.3268670548328013e-05,0.0008529769687836914
46.0,3.7,5,2.505916786668386e-05,0.0008195534532934157
46.0,4.1000000000000005,5,2.7158975014298414e-05,0.0007832599470879167
46.0,4.5,5,2.9526594664050913e-05,0.0007443962938100393
46.0,4.9,5,3.221919910439084e-05,0.0007032916641786072
46.0,5.300000000000001,5,3.5228372218953944e-05,0.0006603062629811565
46.0,5.7,5,3.855709239363378e-05,0.000615834258732744
46.0,6.1000000000000005,5,4.216889666682459e-05,0.0005703080566984375
46.0,6.5,5,4.5998567052415375e-05,0.00052420364783386
46.0,6.9,5,4.998307324902117e-05,0.00047804587800041984
46.0,7.300000000000001,5,5.397700588271645e-05,0.00043241077419255776
46.0,7.7,5,5.7810952113190335e-05,0.0003879194626746898
46.0,8.1,5,6.125616599703293e-05,0.00034521583558232475
46.0,8.5,5,6.40290671538849e-05,0.00030492144243633344
46.0,8.9,5,6.584115458000312e-05,0.0002675704522857487
46.0,9.3,5,6.639958725162131e-05,0.00023354310292586112
46.0,9.700000000000001,5,6.5443874185683e-05,0.0002030247434389784
46.0,10.100000000000001,5,6.2796045088363e-05,0.00017600720717361135
46.0,10.5,5,5.839758569799342e-05,0.00015232694574111882
46.0,10.9,5,5.2310943852819604e-05,0.0001317195545590547
46.0,11.3,5,4.472435279505192e-05,0.00011387127733787308
46.0,11.700000000000001,5,3.594020789187119e-05,9.845753869964031e-05
46.0,12.100000000000001,5,2.634836960555222e-05,8.516713336162936e-05
46.0,12.5,5,1.6366720001715708e-05,7.371495999580669e-05
46.0,12.9,5,6.39763927392988e-06,6.38470780593333e-05
46.0,13.3,5,-3.1987232030967498e-06,5.53412241063291e-05
46.0,13.700000000000001,5,-1.2128973513729673e-05,4.800494336401887e-05
46.0,14.100000000000001,5,-2.018665837879596e-05,4.167266230151906e-05
46.0,14.5,5,-2.725265222681812e-05,3.620245303095246e-05
46.0,14.9,5,-3.328490202497352e-05,3.147288160869908e-05
46.0,15.3,5,-3.830631394619384e-05,2.738012234040238e-05
46.0,15.700000000000001,5,-4.2374318686719014e-05,2.3835403274355114e-05
46.0,16.1,5,-4.5560608374590625e-05,2.076278699273567e-05
46.0,16.5,5,-4.795563923594046e-05,1.8097262786173894e-05
46.0,16.900000000000002,5,-4.9677850820434416e-05,1.578311699740142e-05
46.0,17.3,5,-5.08728951869852e-05,1.377254795026437e-05
46.0,17.7,5,-5.162200331896437e-05,1.2024493941009754e-05
46.0,18.1,5,-5.192468023218556e-05,1.0503644249395949e-05
46.0,18.5,5,-5.1903371294652705e-05,9.179604193932219e-06
46.0,18.900000000000002,5,-5.1733024352210936e-05,8.026187532522733e-06
46.0,19.3,5,-5.129318048756558e-05,7.020813804381351e-06
46.0,19.700000000000003,5,-5.06364200266441e-05,6.1439934449745354e-06
46.0,20.1,5,-5.0066470001767734e-05,5.378887702730261e-06
46.0,20.5,5,-4.913956914637778e-05,4.710932556019529e-06
46.0,20.900000000000002,5,-4.838137784059244e-05,4.127516991111981e-06
46.0,21.3,5,-4.741258969421618e-05,3.6177079431475025e-06
46.0,21.700000000000003,5,-4.648610112688069e-05,3.1720167877446033e-06
46.0,22.1,5,-4.5486811352264086e-05,2.7822039297232653e-06
46.0,22.5,5,-4.473781627916752e-05,2.4411159366915304e-06
46.0,22.900000000000002,5,-4.319203567383881e-05,2.142545743159522e-06
46.0,23.3,5,-4.367814568464128e-05,1.8811040642150792e-06
46.0,23.700000000000003,5,-4.063637083071117e-05,1.6520968951478956e-06
46.0,24.1,5,-4.032941001451123e-05,1.4514134139391482e-06
46.0,24.5,5,-4.6186537030570995e-05,1.2754414723649113e-06
46.0,24.900000000000002,5,-3.5750111250682096e-05,1.1210250153041021e-06
46.0,25.3,5,-9.538976157257608e-06,9.854461351512408e-07
46.0,25.700000000000003,5,-4.446532193935765e-05,8.663906329002334e-07
46.0,26.1,5,-0.00026451166137909357,7.618765724828727e-07
46.0,26.5,5,-0.000743612648268646,6.701682488047754e-07
46.0,26.900000000000002,5,-0.0014194987786472642,5.897103165085375e-07
46.0,27.3,5,-0.0020929633783739595,5.190964393552216e-07
46.0,27.700000000000003,5,-0.002516816554058145,4.570680598750795e-07
46.0,28.1,5,-0.002525661215967784,4.025274674483757e-07
46.0,28.5,5,-0.0021234727724207068,3.54540711848994e-07
46.0,28.900000000000002,5,-0.0014787031001354627,3.123144856755334e-07
46.0,29.3,5,-0.0008253117371013146,2.7516095784886425e-07
46.0,29.700000000000003,5,-0.0003497150445925725,2.4247234379233336e-07
46.0,30.1,5,-9.858608417190734e-05,2.1370856761589999e-07
46.0,30.5,5,-2.1326595144309782e-06,1.8839224992060177e-07
46.0,30.900000000000002,5,2.479459535904816e-05,1.6610436824359559e-07
46.0,31.3,5,2.9916747654689766e-05,1.464780591614107e-07
46.0,31.700000000000003,5,3.0138949461352918e-05,1.2919187082755173e-07
46.0,32.1,5,2.963593750889072e-05,1.1396378718726072e-07
46.0,32.5,5,2.915927498059277e-05,1.0054621428053489e-07
46.0,32.9,5,2.8805664322155723e-05,8.872170655095853e-08
46.0,33.300000000000004,5,2.8570881760970188e-05,7.829925226684445e-08
46.0,33.7,5,2.8431076003768152e-05,6.911101942512662e-08
46.0,34.1,5,2.8359646167123932e-05,6.100950259993848e-08
46.0,34.5,5,2.8329809393372816e-05,5.3865024990602445e-08
46.0,34.9,5,2.8305746851452506e-05,4.756355360343129e-08
46.0,35.300000000000004,5,2.8259350691873366e-05,4.2004786421291724e-08
46.0,35.7,5,2.81630010394849e-05,3.710047440774613e-08
46.0,36.1,5,2.798747420268789e-05,3.277294894543848e-08
46.0,36.5,5,2.7722182009281805e-05,2.8953832010178046e-08
46.0,36.9,5,2.733669706152338e-05,2.5582912067075305e-08
46.0,37.300000000000004,5,2.683265707492792e-05,2.2607164971556235e-08
46.0,37.7,5,2.6178824937172326e-05,1.9979897676648718e-08
46.0,38.1,5,2.5377351791331388e-05,1.7659988964401763e-08
46.0,38.5,5,2.4401623772792132e-05,1.5611213305034506e-08
46.0,38.900000000000006,5,2.3222450673379555e-05,1.3801638898248509e-08
46.0,39.300000000000004,5,2.1887456640322745e-05,1.2203107743357883e-08
46.0,39.7,5,2.0361928834419325e-05,1.0790796640369845e-08
48.0,0.1,2,1.673229787278519e-05,0.0005715182573878981
48.0,0.5,2,1.6604098610821317e-05,0.0005696880483331024
48.0,0.9,2,1.6651314437502288e-05,0.0005654314842376258
48.0,1.3,2,1.6671649289915497e-05,0.0005587818893837372
48.0,1.7000000000000002,2,1.6725356310403217e-05,0.0005497913714514962
48.0,2.1,2,1.6789688377085814e-05,0.0005385304938684812
48.0,2.5,2,1.6917171208315497e-05,0.0005250878630028539
48.0,2.9000000000000004,2,1.7052387123713418e-05,0.0005095696652094388
48.0,3.3000000000000003,2,1.7290821722423933e-05,0.0004920992028420675
48.0,3.7,2,1.7580997985807995e-05,0.00047281649582790714
48.0,4.1000000000000005,2,1.7983141127600522e-05,0.0004518780367566607
48.0,4.5,2,1.8503662811669396e-05,0.0004294568121670174
48.0,4.9,2,1.9189176691483305e-05,0.00040574272787805205
48.0,5.300000000000001,2,2.002892102341856e-05,0.0003809435936606742
48.0,5.7,2,2.1095590062780115e-05,0.0003552868133224018
48.0,6.1000000000000005,2,2.2399738624187563e-05,0.00032902184989274346
48.0,6.5,2,2.3973901310554693e-05,0.0003024233116405459
48.0,6.9,2,2.584144048205064e-05,0.0002757939922059327
48.0,7.300000000000001,2,2.8023018056540007e-05,0.0002494662129063791
48.0,7.7,2,3.054652558585883e-05,0.00022379831410458215
48.0,8.1,2,3.3384939577435824e-05,0.00019916177030883134
48.0,8.5,2,3.6507224803793244e-05,0.0001759151652568891
48.0,8.9,2,3.984634894973299e-05,0.00015436666909582746
48.0,9.3,2,4.328190761914341e-05,0.00013473564356032138
48.0,9.700000000000001,2,4.66642190840367e-05,0.00011712901431211213
48.0,10.100000000000001,2,4.978608904232111e-05,0.00010154206607284447
48.0,10.5,2,5.2392753125527304e-05,8.788044554353054e-05
48.0,10.9,2,5.4221830457627167e-05,7.599161857397714e-05
48.0,11.3,2,5.501262117145325e-05,6.569458160643773e-05
48.0,11.700000000000001,2,5.452800639810148e-05,5.6802087950903046e-05
48.0,12.100000000000001,2,5.260101290554823e-05,4.913459980713719e-05
48.0,12.5,2,4.9163299576702777e-05,4.252763383459064e-05
48.0,12.9,2,4.425088901694716e-05,3.683468019060225e-05
48.0,13.3,2,3.800613838232748e-05,3.192750345798409e-05
48.0,13.700000000000001,2,3.067234266555945e-05,2.769506772487917e-05
48.0,14.100000000000001,2,2.2569242043861472e-05,2.4041849623466087e-05
48.0,14.5,2,1.405350735841622e-05,2.0885972048159305e-05
48.0,14.9,2,5.478052619374952e-06,1.815738462635541e-05
48.0,15.3,2,-2.840201211165097e-06,1.5796196133445747e-05
48.0,15.700000000000001,2,-1.0641418088310907e-05,1.375119714528544e-05
48.0,16.1,2,-1.7733419471509242e-05,1.1978576785916632e-05
48.0,16.5,2,-2.399392235334317e-05,1.0440821598135549e-05
48.0,16.900000000000002,2,-2.9368051896806643e-05,9.105778325467365e-06
48.0,17.3,2,-3.3863328908807495e-05,7.945860204819828e-06
48.0,17.7,2,-3.753719412668736e-05,6.937375706231506e-06
48.0,18.1,2,-4.0467593203900617e-05,6.059959295973294e-06
48.0,18.5,2,-4.2717785806608176e-05,5.296086329971552e-06
48.0,18.900000000000002,2,-4.4344911061698645e-05,4.63065840907642e-06
48.0,19.3,2,-4.546159654990963e-05,4.050649913918906e-06
48.0,19.700000000000003,2,-4.621155623885795e-05,3.5448090584565393e-06
48.0,20.1,2,-4.6612720555901404e-05,3.1034069091592983e-06
48.0,20.5,2,-4.664705796206861e-05,2.718026541731177e-06
48.0,20.900000000000002,2,-4.652420630491029e-05,2.381383923018726e-06
48.0,21.3,2,-4.6258144722775474e-05,2.0871734106911878e-06
48.0,21.700000000000003,2,-4.568474260043721e-05,1.829933282145818e-06
48.0,22.1,2,-4.520737723049954e-05,1.604928738421655e-06
48.0,22.5,2,-4.448743252779922e-05,1.4080503923970613e-06
48.0,22.900000000000002,2,-4.376110337211992e-05,1.2357260594247881e-06
48.0,23.3,2,-4.306806375116315e-05,1.084844438198392e-06
48.0,23.700000000000003,2,-4.214554271936162e-05,9.526908619062651e-07
48.0,24.1,2,-4.1426977870685535e-05,8.368962198406272e-07
48.0,24.5,2,-4.059818980542814e-05,7.353977780040036e-07
48.0,24.900000000000002,2,-3.934041555169534e-05,6.464060699953863e-07
48.0,25.3,2,-3.987775528011454e-05,5.683688733937408e-07
48.0,25.700000000000003,2,-3.682264361959876e-05,4.999284904932656e-07
48.0,26.1,2,-3.6891741008103134e-05,4.398770265402773e-07
48.0,26.5,2,-4.257264048716523e-05,3.8712774070338665e-07
48.0,26.900000000000002,2,-3.217127674444638e-05,3.4071913621053966e-07
48.0,27.3,2,-6.72029435509782e-06,2.9983880840202744e-07
48.0,27.700000000000003,2,-3.89567921154725e-05,2.6382948756493227e-07
48.0,28.1,2,-0.00024458374068969186,2.321560531173438e-07
48.0,28.5,2,-0.0006921907185391363,2.0435198876002722e-07
48.0,28.900000000000002,2,-0.0013234640479942098,1.7997746311356987e-07
48.0,29.3,2,-0.0019519998480005288,1.586045116289814e-07
48.0,29.700000000000003,2,-0.002347518696328948,1.3982881974835732e-07
48.0,30.1,2,-0.0023553803254632,1.2329532332363043e-07
48.0,30.5,2,-0.001980001511650023,1.0871505204835904e-07
48.0,30.900000000000002,2,-0.0013782793757153872,9.585669907529529e-08
48.0,31.3,2,-0.0007688836576439095,8.452479117853185e-08
48.0,31.700000000000003,2,-0.0003257188333231523,7.454412308348426e-08
48.0,32.1,2,-9.109118520855895e-05,6.575461218481128e-08
48.0,32.5,2,-7.616820937350695e-08,5.801218335801986e-08
48.0,32.9,2,2.589440267661728e-05,5.118984810502293e-08
48.0,33.300000000000004,2,3.110340278177409e-05,4.5176640907316017e-08
48.0,33.7,2,3.147220343027621e-05,3.987549387808315e-08
48.0,34.1,2,3.101771259471144e-05,3.520125181626898e-08
48.0,34.5,2,3.0475732923378877e-05,3.107908953205354e-08
48.0,34.9,2,2.9939613387480937e-05,2.744321739471145e-08
48.0,35.300000000000004,2,2.9410579551517103e-05,2.423577330300697e-08
48.0,35.7,2,2.8882632460836475e-05,2.140585536382084e-08
48.0,36.1,2,2.8350518621772604e-05,1.890867368152725e-08
48.0,36.5,2,2.7808090922915083e-05,1.670480648975424e-08
48.0,36.9,2,2.7250762915919605e-05,1.4759547862348877e-08
48.0,37.300000000000004,2,2.6671593211518365e-05,1.304233550343626e-08
48.0,37.7,2,2.6064164407615285e-05,1.1526248645392406e-08
48.0,38.1,2,2.542051137899437e-05,1.0187567783870782e-08
48.0,38.5,2,2.473096065992568e-05,9.005389289678558e-09
48.0,38.900000000000006,2,2.3985439647450015e-05,7.96128848308527e-09
48.0,39.300000000000004,2,2.3171202637663335e-05,7.0390247101041905e-09
48.0,39.7,2,2.227430726508944e-05,6.224282033535465e-09
48.0,0.1,5,1.6832266974379355e-05,0.0005715182747604553
48.0,0.5,5,1.668104579505788e-05,0.0005696880657366151
48.0,0.9,5,1.6720131784257788e-05,0.0005654315016215601
48.0,1.3,5,1.673935461218303e-05,0.0005587819065215856
48.0,1.7000000000000002,5,1.6794339864568172e-05,0.0005497913879492321
48.0,2.1,5,1.6858864561351676e-05,0.0005385305092669236
48.0,2.5,5,1.698458489963432e-05,0.0005250878769311502
48.0,2.9000000000000004,5,1.7117963757722915e-05,0.0005095696775139476
48.0,3.3000000000000003,5,1.7356223755756878e-05,0.00049209921361909
48.0,3.7,5,1.7646933850747108e-05,0.0004728165053357044
48.0,4.1000000000000005,5,1.8048601221627832e-05,0.00045187804525044403
48.0,4.5,5,1.8568480944448203e-05,0.00042945681974852794
48.0,4.9,5,1.92546234105928e-05,0.0004057427344450786
48.0,5.300000000000001,5,2.0094660534202456e-05,0.00038094359898148053
48.0,5.7,5,2.11600710970975e-05,0.0003552868171829908
48.0,6.1000000000000005,5,2.2463949329601337e-05,0.00032902185222168025
48.0,6.5,5,2.4039309480494977e-05,0.0003024233125364382
48.0,6.9,5,2.590679891680233e-05,0.0002757939918627201
48.0,7.300000000000001,5,2.8088029570678272e-05,0.000249466211500799
48.0,7.7,5,3.06122372298802e-05,0.0002237983117309203
48.0,8.1,5,3.3451656152397744e-05,0.00019916176700809855
48.0,8.5,5,3.657662331480442e-05,0.00017591516111820242
48.0,8.9,5,3.991786535376081e-05,0.00015436666435498356
48.0,9.3,5,4.335414100094262e-05,0.00013473563861992227
48.0,9.700000000000001,5,4.673891963000642e-05,0.00011712900965465454
48.0,10.100000000000001,5,4.986280779175308e-05,0.00010154206210296724
48.0,10.5,5,5.2472797336263496e-05,8.788044243972149e-05
48.0,10.9,5,5.4305707057727874e-05,7.599161622697059e-05
48.0,11.3,5,5.509916860283155e-05,6.569457967550628e-05
48.0,11.700000000000001,5,5.461680309806133e-05,5.6802086007358146e-05
48.0,12.100000000000001,5,5.269286108633102e-05,4.913459749303349e-05
48.0,12.5,5,4.925711894667143e-05,4.252763096716426e-05
48.0,12.9,5,4.434409411745102e-05,3.6834676782385146e-05
48.0,13.3,5,3.8100169563395515e-05,3.192749967087076e-05
48.0,13.700000000000001,5,3.076590152927929e-05,2.7695063801986343e-05
48.0,14.100000000000001,5,2.265995892723347e-05,2.4041845832894426e-05
48.0,14.5,5,1.4138691195730769e-05,2.0885968645619424e-05
48.0,14.9,5,5.557244268869105e-06,1.8157381822933977e-05
48.0,15.3,5,-2.7695535229930397e-06,1.5796194059887337e-05
48.0,15.700000000000001,5,-1.058206196192166e-05,1.3751195823338825e-05
48.0,16.1,5,-1.7686522150946534e-05,1.1978576130046702e-05
48.0,16.5,5,-2.396457426521458e-05,1.0440821460588276e-05
48.0,16.900000000000002,5,-2.9355259348337073e-05,9.105778570519057e-06
48.0,17.3,5,-3.387077124046818e-05,7.945860776774848e-06
48.0,17.7,5,-3.756810069424797e-05,6.9373766576600235e-06
48.0,18.1,5,-4.052089173698692e-05,6.059960766913209e-06
48.0,18.5,5,-4.2796719012948066e-05,5.296088495480459e-06
48.0,18.900000000000002,5,-4.4449426123276856e-05,4.630661423173748e-06
48.0,19.3,5,-4.5593214990205064e-05,4.050653868982239e-06
48.0,19.700000000000003,5,-4.636759954096328e-05,3.544813962423233e-06
48.0,20.1,5,-4.67967035247341e-05,3.1034126729023273e-06
48.0,20.5,5,-4.685421445610599e-05,2.718032970373297e-06
48.0,20.900000000000002,5,-4.675660714658469e-05,2.3813907120838185e-06
48.0,21.3,5,-4.65118868700952e-05,2.087180153789846e-06
48.0,21.700000000000003,5,-4.5960269998442705e-05,1.8299394987689322e-06
48.0,22.1,5,-4.5502103653491964e-05,1.6049339281892353e-06
48.0,22.5,5,-4.480085501203371e-05,1.4080541142543135e-06
48.0,22.900000000000002,5,-4.409068638828623e-05,1.2357280202492897e-06
48.0,23.3,5,-4.341322283703051e-05,1.0848445619771964e-06
48.0,23.700000000000003,5,-4.250718656400676e-05,9.526893116421334e-07
48.0,24.1,5,-4.1802213781332945e-05,8.368933656871741e-07
48.0,24.5,5,-4.099148846148834e-05,7.353941329679876e-07
48.0,24.900000000000002,5,-3.974882330403649e-05,6.464022228751104e-07
48.0,25.3,5,-4.030695556584338e-05,5.683654274495594e-07
48.0,25.700000000000003,5,-3.727423634302922e-05,4.999259907548808e-07
48.0,26.1,5,-3.736983318469392e-05,4.3987585715450336e-07
48.0,26.5,5,-4.3083269070122744e-05,3.871280084126773e-07
48.0,26.900000000000002,5,-3.272479624139701e-05,3.4072059849937706e-07
48.0,27.3,5,-7.321617660835043e-06,2.998409091931309e-07
48.0,27.700000000000003,5,-3.961895195608715e-05,2.6383151988803755e-07
48.0,28.1,5,-0.0002453225179703711,2.3215740092289404e-07
48.0,28.5,5,-0.000693017792490035,2.0435234429617286e-07
48.0,28.900000000000002,5,-0.001324398341757482,1.7997690987292964e-07
48.0,29.3,5,-0.0019530616624386665,1.5860342461664413e-07
48.0,29.700000000000003,5,-0.002348730643924046,1.3982764049046987e-07
48.0,30.1,5,-0.0023567660967080627,1.2329434294602446e-07
48.0,30.5,5,-0.001981580164726443,1.0871432254066041e-07
48.0,30.900000000000002,5,-0.0013800715954934888,9.585609339792062e-08
48.0,31.3,5,-0.0007709098428720985,8.452414031647986e-08
48.0,31.700000000000003,5,-0.00032798827018714786,7.454331990200119e-08
48.0,32.1,5,-9.360087441427802e-05,6.575363677218583e-08
48.0,32.5,5,-2.81175443166644e-06,5.801108786528201e-08
48.0,32.9,5,2.296468610199597e-05,5.118873387559184e-08
48.0,33.300000000000004,5,2.8033051675265792e-05,4.5175629510091014e-08
48.0,33.7,5,2.8333986082769636e-05,3.9874693502986094e-08
48.0,34.1,5,2.789898232704888e-05,3.5200730096246804e-08
48.0,34.5,5,2.7474238051945508e-05,3.107886264283335e-08
48.0,34.9,5,2.715948589044003e-05,2.744325628251224e-08
48.0,35.300000000000004,5,2.6955668825818508e-05,2.4236019967466592e-08
48.0,35.7,5,2.6843350176980796e-05,2.1406240242779337e-08
48.0,36.1,5,2.6794873222491695e-05,1.8909128767750652e-08
48.0,36.5,5,2.6784428486438283e-05,1.670527379226305e-08
48.0,36.9,5,2.6780710577772784e-05,1.4759985467167208e-08
48.0,37.300000000000004,5,2.6751924217610705e-05,1.3042722129237588e-08
48.0,37.7,5,2.6676993581183254e-05,1.152658446946911e-08
48.0,38.1,5,2.6523227535024544e-05,1.0187869299600283e-08
48.0,38.5,5,2.6282849453893717e-05,9.005678381516725e-09
48.0,38.900000000000006,5,2.5926707997164983e-05,7.96158128311274e-09
48.0,39.300000000000004,5,2.5456907679189638e-05,7.039326581059124e-09
48.0,39.7,5,2.4844009831261264e-05,6.224591560245818e-09
50.0,0.1,2,1.7642255318662603e-05,-0.00021544184394327377
50.0,0.5,2,1.7497954826885135e-05,-0.0002147519226167448
50.0,0.9,2,1.7412484073433856e-05,-0.00021314735491510448
50.0,1.3,2,1.7183228783682233e-05,-0.0002106407028248355
50.0,1.7000000000000002,2,1.6960024060536444e-05,-0.00020725160885818057
50.0,2.1,2,1.66383524584102e-05,-0.00020300667250858708
50.0,2.5,2,1.6301399236199732e-05,-0.00019793929466200324
50.0,2.9000000000000004,2,1.5941879572306894e-05,-0.0001920895031214241
50.0,3.3000000000000003,2,1.5560397127430604e-05,-0.00018550377772605562
50.0,3.7,2,1.5189197811943818e-05,-0.00017823490018865925
50.0,4.1000000000000005,2,1.485755434971244e-05,-0.00017034186185338625
50.0,4.5,2,1.4542966619095236e-05,-0.00016188987184956476
50.0,4.9,2,1.4306047884179867e-05,-0.00015295051753618275
50.0,5.300000000000001,2,1.4149169397811817e-05,-0.00014360213569949195
50.0,5.7,2,1.4088455057975534e-05,-0.00013393044956628775
50.0,6.1000000000000005,2,1.4145973190234975e-05,-0.00012402949798268864
50.0,6.5,2,1.4359198486424604e-05,-0.00011400279869250875
50.0,6.9,2,1.4734689806291321e-05,-0.00010396449439191408
50.0,7.300000000000001,2,1.5302492483212733e-05,-9.4039858761881e-05
50.0,7.7,2,1.6086792259074342e-05,-8.436397379707654e-05
50.0,8.1,2,1.7129115023021494e-05,-7.507687256743027e-05
50.0,8.5,2,1.8443921658756814e-05,-6.631372872453486e-05
50.0,8.9,2,2.0046066978101838e-05,-5.819071182249688e-05
50.0,9.3,2,2.196738422863533e-05,-5.079051387135073e-05
50.0,9.700000000000001,2,2.4203767790225907e-05,-4.415344225345029e-05
50.0,10.100000000000001,2,2.674477126858111e-05,-3.827771889895969e-05
50.0,10.5,2,2.9561661514003335e-05,-3.312777438926345e-05
50.0,10.9,2,3.257660425333983e-05,-2.8646106906224683e-05
50.0,11.3,2,3.568932788124649e-05,-2.4764483783638806e-05
50.0,11.700000000000001,2,3.877095448988232e-05,-2.1412320992413596e-05
50.0,12.100000000000001,2,4.164071061482245e-05,-1.8521942084733684e-05
50.0,12.5,2,4.4084606268630236e-05,-1.6031345377391105e-05
50.0,12.9,2,4.587704518399426e-05,-1.3885302397347904e-05
50.0,13.3,2,4.678716845845985e-05,-1.2035470784008529e-05
50.0,13.700000000000001,2,4.660138666874061e-05,-1.0439990401773767e-05
50.0,14.100000000000001,2,4.5161490107833424e-05,-9.062849626911434e-06
50.0,14.5,2,4.239216828381863e-05,-7.87318332510764e-06
50.0,14.9,2,3.831154441156729e-05,-6.844586801829101e-06
50.0,15.3,2,3.3032758544980814e-05,-5.95448578654238e-06
50.0,15.700000000000001,2,2.675751178265547e-05,-5.183578135357544e-06
50.0,16.1,2,1.9757054024602145e-05,-4.515349626961555e-06
50.0,16.5,2,1.234136441645824e-05,-3.935659207755174e-06
50.0,16.900000000000002,2,4.823735174761268e-06,-3.432386010223944e-06
50.0,17.3,2,-2.5110680787557177e-06,-2.9951299872038202e-06
50.0,17.7,2,-9.429579938640573e-06,-2.6149586776242144e-06
50.0,18.1,2,-1.576055397637382e-05,-2.2841932632552037e-06
50.0,18.5,2,-2.1393513234252172e-05,-1.9962273054431133e-06
50.0,18.900000000000002,2,-2.6268719776937756e-05,-1.7453718954716433e-06
50.0,19.3,2,-3.036908315451791e-05,-1.5267221605446994e-06
50.0,19.700000000000003,2,-3.3724028113538296e-05,-1.3360421453640002e-06
50.0,20.1,2,-3.6412426118093843e-05,-1.1696670132196124e-06
50.0,20.5,2,-3.852666677533587e-05,-1.0244220071259294e-06
50.0,20.900000000000002,2,-4.011164490780628e-05,-8.975563673765847e-07
50.0,21.3,2,-4.11977665207492e-05,-7.866885481854159e-07
50.0,21.700000000000003,2,-4.191582853162311e-05,-6.897583654451037e-07
50.0,22.1,2,-4.2383780926811536e-05,-6.049830162422174e-07
50.0,22.5,2,-4.252364237919849e-05,-5.308164214133658e-07
50.0,22.900000000000002,2,-4.242971273324219e-05,-4.659132233575576e-07
50.0,23.3,2,-4.229844688855527e-05,-4.090988083272988e-07
50.0,23.700000000000003,2,-4.186175133480866e-05,-3.593453989324842e-07
50.0,24.1,2,-4.1427894045553446e-05,-3.157531088363748e-07
50.0,24.5,2,-4.09096464222403e-05,-2.7753481667383554e-07
50.0,24.900000000000002,2,-4.0183804001103234e-05,-2.440043382594863e-07
50.0,25.3,2,-3.970657103289216e-05,-2.1456702701711487e-07
50.0,25.700000000000003,2,-3.87929243043806e-05,-1.8871061355758763e-07
50.0,26.1,2,-3.8350575893127406e-05,-1.659933925436265e-07
50.0,26.5,2,-3.74549500660716e-05,-1.460290277781257e-07
50.0,26.900000000000002,2,-3.6462278739193854e-05,-1.2847209769032086e-07
50.0,27.3,2,-3.698808867149456e-05,-1.1301204232742387e-07
50.0,27.700000000000003,2,-3.398177274410251e-05,-9.937922359605895e-08
50.0,28.1,2,-3.442886727178326e-05,-8.735904800802205e-08
50.0,28.5,2,-3.992353458493969e-05,-7.679613267295773e-08
50.0,28.900000000000002,2,-2.9583100696692214e-05,-6.757039167525176e-08
50.0,29.3,2,-4.8533521756282696e-06,-5.955466823036163e-08
50.0,29.700000000000003,2,-3.4786865651142214e-05,-5.258860029333128e-08
50.0,30.1,2,-0.000228024071186149,-4.649074397499068e-08
50.0,30.5,2,-0.0006482963103748434,-4.1094458347294074e-08
50.0,30.900000000000002,2,-0.0012407456089417264,-3.627812183874635e-08
50.0,31.3,2,-0.0018300418063548092,-3.1973704628422535e-08
50.0,31.700000000000003,2,-0.0022007049129050106,-2.8151041900727016e-08
50.0,32.1,2,-0.0022075952233957708,-2.478780039654957e-08
50.0,32.5,2,-0.0018556741034344022,-2.184606131322687e-08
50.0,32.9,2,-0.001291737207177472,-1.927254685888531e-08
50.0,33.300000000000004,2,-0.0007211679936682638,-1.701268487785036e-08
50.0,33.7,2,-0.00030672116686499706,-1.502091293857965e-08
50.0,34.1,2,-8.682202732212758e-05,-1.3262493052530247e-08
50.0,34.5,2,-8.228184808520549e-07,-1.1710068420047699e-08
50.0,34.9,2,2.4108943825806e-05,-1.0340109855503368e-08
50.0,35.300000000000004,2,2.9259457864192702e-05,-9.13146502693406e-09
50.0,35.7,2,2.9693322590062456e-05,-8.065151405445669e-09
50.0,36.1,2,2.929706132153607e-05,-7.124319884752995e-09
50.0,36.5,2,2.880575322696587e-05,-6.294102012989005e-09
50.0,36.9,2,2.831695907390229e-05,-5.561397745336913e-09
50.0,37.300000000000004,2,2.78335962722913e-05,-4.914665941183193e-09
50.0,37.7,2,2.7350605238903e-05,-4.34373712277525e-09
50.0,38.1,2,2.6862227019776e-05,-3.839649499579329e-09
50.0,38.5,2,2.6363696047725487e-05,-3.394505310573055e-09
50.0,38.900000000000006,2,2.5849775897381825e-05,-3.0013447182062847e-09
50.0,39.300000000000004,2,2.5314274523374528e-05,-2.6540351575529206e-09
50.0,39.7,2,2.4751379551075753e-05,-2.347174242878297e-09
50.0,0.1,5,1.7679121479067038e-05,-0.00021544184090830634
50.0,0.5,5,1.7544138886808392e-05,-0.00021475191877557906
50.0,0.9,5,1.7462743406778007e-05,-0.00021314734943180108
50.0,1.3,5,1.7233495344841363e-05,-0.00021064069532552692
50.0,1.7000000000000002,5,1.700758867703662e-05,-0.0002072515994456364
50.0,2.1,5,1.6682857719339747e-05,-0.00020300666161086778
50.0,2.5,5,1.6344871429622674e-05,-0.0001979392828329885
50.0,2.9000000000000004,5,1.5986797010880378e-05,-0.00019208949090455824
50.0,3.3000000000000003,5,1.5607292844343384e-05,-0.00018550376561472882
50.0,3.7,5,1.5236684569693382e-05,-0.00017823488863414794
50.0,4.1000000000000005,5,1.4904785987983682e-05,-0.00017034185124748053
50.0,4.5,5,1.4590575364562883e-05,-0.00016188986245377704
50.0,4.9,5,1.435401063910014e-05,-0.00015295050939775797
50.0,5.300000000000001,5,1.4196220266990853e-05,-0.00014360212862595705
50.0,5.7,5,1.4134819922200314e-05,-0.00013393044319954002
50.0,6.1000000000000005,5,1.41931776410038e-05,-0.00012402949194636773
50.0,6.5,5,1.4406599412690802e-05,-0.00011400279273558696
50.0,6.9,5,1.4781084849883907e-05,-0.00010396448845503226
50.0,7.300000000000001,5,1.5349280826108344e-05,-9.403985294607129e-05
50.0,7.7,5,1.6134818406023328e-05,-8.436396827518088e-05
50.0,8.1,5,1.717779314889844e-05,-7.507686750416593e-05
50.0,8.5,5,1.849336209153978e-05,-6.631372425038005e-05
50.0,8.9,5,2.009526728949111e-05,-5.819070805932783e-05
50.0,9.3,5,2.2017079801669267e-05,-5.079051096861503e-05
50.0,9.700000000000001,5,2.4256042748815863e-05,-4.415344038886898e-05
50.0,10.100000000000001,5,2.6798629714573166e-05,-3.82777182249544e-05
50.0,10.5,5,2.961783350575957e-05,-3.312777494534447e-05
50.0,10.9,5,3.263464057126526e-05,-2.864610854638879e-05
50.0,11.3,5,3.5748605220936915e-05,-2.4764486168521506e-05
50.0,11.700000000000001,5,3.8833062399292235e-05,-2.141232366733922e-05
50.0,12.100000000000001,5,4.1705713779333864e-05,-1.8521944620220855e-05
50.0,12.5,5,4.415195705225686e-05,-1.6031347511563904e-05
50.0,12.9,5,4.5946831773696364e-05,-1.3885304114523359e-05
50.0,13.3,5,4.6861632456333437e-05,-1.2035472293633972e-05
50.0,13.700000000000001,5,4.6677667743473295e-05,-1.0439992032925634e-05
50.0,14.100000000000001,5,4.523958904446394e-05,-9.062851693336281e-06
50.0,14.5,5,4.247197660521574e-05,-7.8731860226957e-06
50.0,14.9,5,3.8393814899736066e-05,-6.84459017185205e-06
50.0,15.3,5,3.311466531960157e-05,-5.954489737061204e-06
50.0,15.700000000000001,5,2.683865251875659e-05,-5.183582488095786e-06
50.0,16.1,5,1.9836301000425452e-05,-4.5153541599325175e-06
50.0,16.5,5,1.2415940060097377e-05,-3.93566368666839e-06
50.0,16.900000000000002,5,4.894711050655986e-06,-3.432390218807997e-06
50.0,17.3,5,-2.449273126702103e-06,-2.995133764296059e-06
50.0,17.7,5,-9.377091851019864e-06,-2.614961951323414e-06
50.0,18.1,5,-1.5718698396315312e-05,-2.284196059659963e-06
50.0,18.5,5,-2.1366995322697503e-05,-1.9962297168292485e-06
50.0,18.900000000000002,5,-2.6257539519857768e-05,-1.7453740166278505e-06
50.0,19.3,5,-3.037610237654182e-05,-1.5267240237233282e-06
50.0,19.700000000000003,5,-3.3750963207582264e-05,-1.3360436857785878e-06
50.0,20.1,5,-3.646135757590084e-05,-1.1696680778046005e-06
50.0,20.5,5,-3.8597031209036715e-05,-1.0244223950002468e-06
50.0,20.900000000000002,5,-4.020699736003105e-05,-8.975558786955988e-07
50.0,21.3,5,-4.131621610101864e-05,-7.866870237900257e-07
50.0,21.700000000000003,5,-4.205828529807188e-05,-6.897557136837818e-07
50.0,22.1,5,-4.255037198037628e-05,-6.049792325107732e-07
50.0,22.5,5,-4.271296640803982e-05,-5.308116054450352e-07
50.0,22.900000000000002,5,-4.264136653011741e-05,-4.6590759310774e-07
50.0,23.3,5,-4.253109957252418e-05,-4.0909270368301193e-07
50.0,23.700000000000003,5,-4.211309660550589e-05,-3.5933926592190645e-07
50.0,24.1,5,-4.1698837641645824e-05,-3.157474561575331e-07
50.0,24.5,5,-4.119704371563253e-05,-2.7753014317279865e-07
50.0,24.900000000000002,5,-4.0486982794784965e-05,-2.4400104364105575e-07
50.0,25.3,5,-4.002547863570575e-05,-2.1456533257084658e-07
50.0,25.700000000000003,5,-3.912491193404724e-05,-1.8871052146466336e-07
50.0,26.1,5,-3.86985050392579e-05,-1.6599469452570232e-07
50.0,26.5,5,-3.781701108412551e-05,-1.4603134734277455e-07
50.0,26.900000000000002,5,-3.684051580254328e-05,-1.2847494042711786e-07
50.0,27.3,5,-3.7385577557739375e-05,-1.130148465307513e-07
50.0,27.700000000000003,5,-3.4401558107589025e-05,-9.938142761704936e-08
50.0,28.1,5,-3.487195585693643e-05,-8.736019403961586e-08
50.0,28.5,5,-4.0399946161768844e-05,-7.67959943709264e-08
50.0,28.900000000000002,5,-3.009809830156123e-05,-6.756907008382213e-08
50.0,29.3,5,-5.413417112885711e-06,-5.9552590544062754e-08
50.0,29.700000000000003,5,-3.5405612853352726e-05,-5.25863918684664e-08
50.0,30.1,5,-0.00022871332864097388,-4.6489007541766534e-08
50.0,30.5,5,-0.0006490707390926866,-4.109355374878555e-08
50.0,30.900000000000002,5,-0.001241620692573619,-3.6278056196383186e-08
50.0,31.3,5,-0.0018310348639710924,-3.1974193090739004e-08
50.0,31.700000000000003,5,-0.0022018398560285355,-2.8151700405470983e-08
50.0,32.1,5,-0.002208894580703887,-2.4788351489500965e-08
50.0,32.5,5,-0.0018571560386329946,-2.1846435010489605e-08
50.0,32.9,5,-0.0012934211680543874,-1.927284405158909e-08
50.0,33.300000000000004,5,-0.0007230717961558832,-1.701305968384068e-08
50.0,33.7,5,-0.0003088538075049383,-1.502147554272301e-08
50.0,34.1,5,-8.91822371464382e-05,-1.3263279163241891e-08
50.0,34.5,5,-3.398002422225445e-06,-1.1711045438645265e-08
50.0,34.9,5,2.1347664843652473e-05,-1.034119231630193e-08
50.0,35.300000000000004,5,2.6361055935121078e-05,-9.132538381389005e-09
50.0,35.7,5,2.6726322845619248e-05,-8.066103028376655e-09
50.0,36.1,5,2.6346073198465177e-05,-7.125066876501279e-09
50.0,36.5,5,2.5965277318699725e-05,-6.2946055583486945e-09
50.0,36.9,5,2.5684295716554034e-05,-5.561661660795151e-09
50.0,37.300000000000004,5,2.5504846679641364e-05,-4.914724785444694e-09
50.0,37.7,5,2.5413099202727615e-05,-4.343641792837129e-09
50.0,38.1,5,2.5381731710693473e-05,-3.839455434569512e-09
50.0,38.5,5,2.5385575697664814e-05,-3.3942640317857897e-09
50.0,38.900000000000006,5,2.539755211636178e-05,-3.0010969978058453e-09
50.0,39.300000000000004,5,2.538466633234517e-05,-2.653805024297771e-09
50.0,39.7,5,2.5330434245606975e-05,-2.3469662389707727e-09
52.0,0.1,2,1.3521195632182323e-05,-0.0008637389906606118
52.0,0.5,2,1.3674230091546051e-05,-0.0008609729891640378
52.0,0.9,2,1.3553941248713393e-05,-0.0008545400281698796
52.0,1.3,2,1.3417121575758233e-05,-0.0008444904697818167
52.0,1.7000000000000002,2,1.3259021017459196e-05,-0.0008309030631521423
52.0,2.1,2,1.3025806107064197e-05,-0.0008138844496399561
52.0,2.5,2,1.279036844810774e-05,-0.0007935685393136646
52.0,2.9000000000000004,2,1.2508109712663407e-05,-0.0007701158115011995
52.0,3.3000000000000003,2,1.2217565125478453e-05,-0.0007437126134862231
52.0,3.7,2,1.1909799279774069e-05,-0.0007145705580881525
52.0,4.1000000000000005,2,1.159456344340719e-05,-0.0006829261532819612
52.0,4.5,2,1.129328211139763e-05,-0.0006490408343203919
52.0,4.9,2,1.0997472864785307e-05,-0.0006132016066649294
52.0,5.300000000000001,2,1.0720026233789347e-05,-0.00057572253425788
52.0,5.7,2,1.0482168732395036e-05,-0.0005369472937724461
52.0,6.1000000000000005,2,1.0285653077847302e-05,-0.0004972529001541391
52.0,6.5,2,1.0128244886667836e-05,-0.0004570543703661341
52.0,6.9,2,1.0045270206212764e-05,-0.0004168093177476127
52.0,7.300000000000001,2,1.0039230629304425e-05,-0.0003770199803968068
52.0,7.7,2,1.0111259739573127e-05,-0.00033822791838493887
52.0,8.1,2,1.0297309523855607e-05,-0.0003009945410178133
52.0,8.5,2,1.0606084656314744e-05,-0.00026586177642193363
52.0,8.9,2,1.1060917317120576e-05,-0.00023329536507339118
52.0,9.3,2,1.1672842416934256e-05,-0.00020362683496140705
52.0,9.700000000000001,2,1.2471330793433354e-05,-0.0001770177921060364
52.0,10.100000000000001,2,1.3486446149184795e-05,-0.00015346111860089552
52.0,10.5,2,1.4729859139144515e-05,-0.00013281422130504236
52.0,10.9,2,1.6225636454932432e-05,-0.00011484657097833135
52.0,11.3,2,1.79835449352314e-05,-9.928460685035987e-05
52.0,11.700000000000001,2,2.0002489954304578e-05,-8.584533165804145e-05
52.0,12.100000000000001,2,2.2285793253985374e-05,-7.425740204896052e-05
52.0,12.5,2,2.4809299435201165e-05,-6.42722325267418e-05
52.0,12.9,2,2.751448128216208e-05,-5.566840663048157e-05
52.0,13.3,2,3.0322188814544266e-05,-4.8252129218309804e-05
52.0,13.700000000000001,2,3.3119190706881946e-05,-4.1855598738947526e-05
52.0,14.100000000000001,2,3.5747838720351066e-05,-3.633445493015527e-05
52.0,14.5,2,3.802090929291234e-05,-3.156495645466865e-05
52.0,14.9,2,3.9736872948251005e-05,-2.744123057703332e-05
52.0,15.3,2,4.0688702829109975e-05,-2.3872754448058878e-05
52.0,15.700000000000001,2,4.068275399208638e-05,-2.078212606714432e-05
52.0,16.1,2,3.956915494083716e-05,-1.8103129660902037e-05
52.0,16.5,2,3.7268971947038305e-05,-1.5779074895776066e-05
52.0,16.900000000000002,2,3.3788542001273875e-05,-1.3761379852262543e-05
52.0,17.3,2,2.9221341940870123e-05,-1.2008366366170707e-05
52.0,17.7,2,2.3739824431847556e-05,-1.0484238364965e-05
52.0,18.1,2,1.7578092795579404e-05,-9.158216627529316e-06
52.0,18.5,2,1.1007010291238893e-05,-8.003806192929112e-06
52.0,18.900000000000002,2,4.305729398619843e-06,-6.998175587514634e-06
52.0,19.3,2,-2.2654395807628e-06,-6.121630233815457e-06
52.0,19.700000000000003,2,-8.4873371170182e-06,-5.357165440231405e-06
52.0,20.1,2,-1.4197704693804125e-05,-4.690086644694581e-06
52.0,20.5,2,-1.929771873126385e-05,-4.107685977181862e-06
52.0,20.900000000000002,2,-2.3743881198513643e-05,-3.5989653340692136e-06
52.0,21.3,2,-2.7524725428116485e-05,-3.154397852004594e-06
52.0,21.700000000000003,2,-3.06428126569572e-05,-2.7657220975786985e-06
52.0,22.1,2,-3.313286301357859e-05,-2.425765613847783e-06
52.0,22.5,2,-3.5089133157236636e-05,-2.1282954864399383e-06
52.0,22.900000000000002,2,-3.660749669282085e-05,-1.8678928881370804e-06
52.0,23.3,2,-3.769424513194023e-05,-1.6398470568870567e-06
52.0,23.700000000000003,2,-3.838231260113155e-05,-1.4400634938158647e-06
52.0,24.1,2,-3.884530505776503e-05,-1.2649823045400436e-06
52.0,24.5,2,-3.907859847711123e-05,-1.1115049797660378e-06
52.0,24.900000000000002,2,-3.900877746205016e-05,-9.769298928525168e-07
52.0,25.3,2,-3.892286346061726e-05,-8.58897145548327e-07
52.0,25.700000000000003,2,-3.862987463275755e-05,-7.553424051049083e-07
52.0,26.1,2,-3.8209626579307915e-05,-6.644584340420641e-07
52.0,26.5,2,-3.787447915226073e-05,-5.846629896471539e-07
52.0,26.900000000000002,2,-3.7168139888354204e-05,-5.145723593301212e-07
52.0,27.3,2,-3.68420788540105e-05,-4.529795255353512e-07
52.0,27.700000000000003,2,-3.5919475705430674e-05,-3.988345550533397e-07
52.0,28.1,2,-3.569061091601439e-05,-3.5122407357845627e-07
52.0,28.5,2,-3.4749166228407784e-05,-3.0934840736926247e-07
52.0,28.900000000000002,2,-3.4022375717965875e-05,-2.724999230618572e-07
52.0,29.3,2,-3.446653965158387e-05,-2.400497814318024e-07
52.0,29.700000000000003,2,-3.150531391434059e-05,-2.114474444907055e-07
52.0,30.1,2,-3.2330959190146734e-05,-1.862301099225239e-07
52.0,30.5,2,-3.762223074601299e-05,-1.6402475152901926e-07
52.0,30.900000000000002,2,-2.729689431581899e-05,-1.4452377815479627e-07
52.0,31.3,2,-3.233213336314547e-06,-1.2744120424689624e-07
52.0,31.700000000000003,2,-3.113069125245818e-05,-1.1248160432435685e-07
52.0,32.1,2,-0.00021354541614742667,-9.934457270269924e-08
52.0,32.5,2,-0.0006098234614884774,-8.775400959966098e-08
52.0,32.9,2,-0.0011680857944175894,-7.74857105667776e-08
52.0,33.300000000000004,2,-0.0017227363424119476,-6.837724584057361e-08
52.0,33.7,2,-0.002071296334739589,-6.031505652947026e-08
52.0,34.1,2,-0.0020771305548488426,-5.32062074290501e-08
52.0,34.5,2,-0.001745763211860545,-4.695423637191881e-08
52.0,34.9,2,-0.0012151047562457661,-4.145640707244217e-08
52.0,35.300000000000004,2,-0.0006788877664001084,-3.661449081381255e-08
52.0,35.7,2,-0.0002898650171851512,-3.234343558451053e-08
52.0,36.1,2,-8.301286496315752e-05,-2.857285984164415e-08
52.0,36.5,2,-1.4784084021341701e-06,-2.5243688943837008e-08
52.0,36.9,2,2.2516842082130523e-05,-2.230449451503062e-08
52.0,37.300000000000004,2,2.761178214781096e-05,-1.9709651229023237e-08
52.0,37.7,2,2.810227232174533e-05,-1.7418664599377905e-08
52.0,38.1,2,2.7756934345977466e-05,-1.5395737909145734e-08
52.0,38.5,2,2.730922697420127e-05,-1.360929877656313e-08
52.0,38.900000000000006,2,2.68610826969448e-05,-1.2031516389924632e-08
52.0,39.300000000000004,2,2.641726181085433e-05,-1.0637856371272267e-08
52.0,39.7,2,2.597278231387292e-05,-9.406686374948132e-09
52.0,0.1,5,1.351668954625186e-05,-0.0008637389803603664
52.0,0.5,5,1.3688448378967903e-05,-0.0008609729799652533
52.0,0.9,5,1.3574214310294269e-05,-0.0008545400213027572
52.0,1.3,5,1.3439547767727103e-05,-0.0008444904659603972
52.0,1.7000000000000002,5,1.3283036780387773e-05,-0.0008309030624326385
52.0,2.1,5,1.3052106924989055e-05,-0.0008138844514530801
52.0,2.5,5,1.2819058634902737e-05,-0.0007935685426638942
52.0,2.9000000000000004,5,1.2537751986576968e-05,-0.0007701158152620025
52.0,3.3000000000000003,5,1.2246251283871414e-05,-0.0007437126166803186
52.0,3.7,5,1.1937144665828009e-05,-0.0007145705600566789
52.0,4.1000000000000005,5,1.162185691856648e-05,-0.0006829261537129523
52.0,4.5,5,1.1321388101357804e-05,-0.0006490408331830819
52.0,4.9,5,1.1025916970052956e-05,-0.0006132016041302064
52.0,5.300000000000001,5,1.0748868260088682e-05,-0.0005757225306564198
52.0,5.7,5,1.0512617186131228e-05,-0.000536947289579148
52.0,6.1000000000000005,5,1.0317602481216497e-05,-0.0004972528959450926
52.0,6.5,5,1.016030712907556e-05,-0.00045705436670884664
52.0,6.9,5,1.0077983723276784e-05,-0.0004168093150450593
52.0,7.300000000000001,5,1.0073824906895079e-05,-0.0003770199787603059
52.0,7.7,5,1.0146553782472401e-05,-0.00033822791761185637
52.0,8.1,5,1.0332406862591238e-05,-0.0003009945406928683
52.0,8.5,5,1.0641631527274603e-05,-0.0002658617760870243
52.0,8.9,5,1.1097032680966439e-05,-0.0002332953643752714
52.0,9.3,5,1.1710594849450032e-05,-0.00020362683371524505
52.0,9.700000000000001,5,1.2510545405293078e-05,-0.0001770177902784734
52.0,10.100000000000001,5,1.3525307673794941e-05,-0.0001534611162610504
52.0,10.5,5,1.4769429740758362e-05,-0.0001328142185893342
52.0,10.9,5,1.6265799090495204e-05,-0.00011484656808308822
52.0,11.3,5,1.802474982986803e-05,-9.928460403365565e-05
52.0,11.700000000000001,5,2.0046103614621583e-05,-8.584532922083563e-05
52.0,12.100000000000001,5,2.2330563305976447e-05,-7.425740027840542e-05
52.0,12.5,5,2.485571133309877e-05,-6.42722316117846e-05
52.0,12.9,5,2.7563276234468168e-05,-5.566840658630741e-05
52.0,13.3,5,3.037369071769998e-05,-4.82521298626808e-05
52.0,13.700000000000001,5,3.317132224225593e-05,-4.1855599745286316e-05
52.0,14.100000000000001,5,3.580320286718202e-05,-3.6334455944489976e-05
52.0,14.5,5,3.80796336922511e-05,-3.156495722880488e-05
52.0,14.9,5,3.979849405065138e-05,-2.7441231057775486e-05
52.0,15.3,5,4.075192359754731e-05,-2.3872754783890555e-05
52.0,15.700000000000001,5,4.074921041818817e-05,-2.078212653509032e-05
52.0,16.1,5,3.9637894264317606e-05,-1.8103130555695723e-05
52.0,16.5,5,3.7339578574873445e-05,-1.5779076434906923e-05
52.0,16.900000000000002,5,3.3861045966216246e-05,-1.3761382131100006e-05
52.0,17.3,5,2.929304971640411e-05,-1.200836936316548e-05
52.0,17.7,5,2.3812185028197013e-05,-1.0484241972152325e-05
52.0,18.1,5,1.764879358469206e-05,-9.158220681762453e-06
52.0,18.5,5,1.1073646351751203e-05,-8.00381050064251e-06
52.0,18.900000000000002,5,4.368471913309639e-06,-6.998179951666937e-06
52.0,19.3,5,-2.2094601004624913e-06,-6.121634490203862e-06
52.0,19.700000000000003,5,-8.439984264748076e-06,-5.357169494713493e-06
52.0,20.1,5,-1.4160727590108075e-05,-4.6900904898812504e-06
52.0,20.5,5,-1.9273216962409434e-05,-4.10768967164615e-06
52.0,20.900000000000002,5,-2.373385685691553e-05,-3.5989689483809507e-06
52.0,21.3,5,-2.7531280383567032e-05,-3.1544014072121012e-06
52.0,21.700000000000003,5,-3.066714009725102e-05,-2.765725526272528e-06
52.0,22.1,5,-3.317734279602165e-05,-2.425768758818163e-06
52.0,22.5,5,-3.515326324015594e-05,-2.1282981301598163e-06
52.0,22.900000000000002,5,-3.6694629690108024e-05,-1.8678947939425878e-06
52.0,23.3,5,-3.780230507503166e-05,-1.6398480060193679e-06
52.0,23.700000000000003,5,-3.851307007554048e-05,-1.4400633140295738e-06
52.0,24.1,5,-3.899792168989469e-05,-1.2649808944480513e-06
52.0,24.5,5,-3.925200495753644e-05,-1.1115023331071352e-06
52.0,24.900000000000002,5,-3.920445108336138e-05,-9.76926121501359e-07
52.0,25.3,5,-3.9136014657172556e-05,-8.58892494514e-07
52.0,25.700000000000003,5,-3.886285436232446e-05,-7.553372496287098e-07
52.0,26.1,5,-3.84589279035487e-05,-6.644532489035896e-07
52.0,26.5,5,-3.8139989823355856e-05,-5.846582864654542e-07
52.0,26.900000000000002,5,-3.744940619055111e-05,-5.145686007638797e-07
52.0,27.3,5,-3.713679285827008e-05,-4.529770405565113e-07
52.0,27.700000000000003,5,-3.622839474181287e-05,-3.9883348386065484e-07
52.0,28.1,5,-3.6014030780228184e-05,-3.5122435613772535e-07
52.0,28.5,5,-3.5085906957996e-05,-3.0934980468736367e-07
52.0,28.900000000000002,5,-3.4373778007686376e-05,-2.7250204956764025e-07
52.0,29.3,5,-3.483789624231373e-05,-2.400521418186172e-07
52.0,29.700000000000003,5,-3.18951760609553e-05,-2.1144949141011335e-07
52.0,30.1,5,-3.274487882252262e-05,-1.8623134387951507e-07
52.0,30.5,5,-3.8067393572097343e-05,-1.6402485435787858e-07
52.0,30.900000000000002,5,-2.777757309078897e-05,-1.4452272824979102e-07
52.0,31.3,5,-3.7579618772832787e-06,-1.274393065521808e-07
52.0,31.700000000000003,5,-3.1708912849422315e-05,-1.1247939658886185e-07
52.0,32.1,5,-0.00021419025074072043,-9.93426286419864e-08
52.0,32.5,5,-0.0006105506653308416,-8.77527213288976e-08
52.0,32.9,5,-0.0011689081433060384,-7.748515829484362e-08
52.0,33.300000000000004,5,-0.0017236699489657874,-6.83772244064699e-08
52.0,33.7,5,-0.0020723635165748404,-6.031523741234686e-08
52.0,34.1,5,-0.0020783528017789643,-5.3206331414064595e-08
52.0,34.5,5,-0.0017471595402947068,-4.6954222618631985e-08
52.0,34.9,5,-0.0012166942109598528,-4.145633643531506e-08
52.0,35.300000000000004,5,-0.0006806863527804443,-3.661450609558081e-08
52.0,35.7,5,-0.0002918806289090406,-3.2343651681974594e-08
52.0,36.1,5,-8.524371391773539e-05,-2.8573329738176312e-08
52.0,36.5,5,-3.9118472756808875e-06,-2.524440238295996e-08
52.0,36.9,5,1.9908057438117596e-05,-2.2305386606621152e-08
52.0,37.300000000000004,5,2.487280085800775e-05,-1.971062090033586e-08
52.0,37.7,5,2.5296343819548024e-05,-1.741960233121454e-08
52.0,38.1,5,2.4963718830615404e-05,-1.539655316110338e-08
52.0,38.5,5,2.462027110881449e-05,-1.3609936772384875e-08
52.0,38.900000000000006,5,2.4370308948775087e-05,-1.203196067288856e-08
52.0,39.300000000000004,5,2.421404538570104e-05,-1.0638120933445478e-08
52.0,39.7,5,2.4139514857601174e-05,-9.406804264988833e-09
54.0,0.1,2,6.135722459929833e-06,-0.0009561164966669509
54.0,0.5,2,6.431070861898627e-06,-0.0009530546654735202
54.0,0.9,2,6.403339220169685e-06,-0.000945933685730884
54.0,1.3,2,6.489282901479699e-06,-0.0009348093059596869
54.0,1.7000000000000002,2,6.5559879717749565e-06,-0.0009197686979709948
54.0,2.1,2,6.654748883214368e-06,-0.0009009299091018634
54.0,2.5,2,6.749767430530922e-06,-0.0008784411719189773
54.0,2.9000000000000004,2,6.848149874187105e-06,-0.0008524801298238818
54.0,3.3000000000000003,2,6.957425505481098e-06,-0.0008232530607028446
54.0,3.7,2,7.040559562741091e-06,-0.0007909942101537768
54.0,4.1000000000000005,2,7.128976106530414e-06,-0.0007559653816064071
54.0,4.5,2,7.196832050487759e-06,-0.0007184559719351417
54.0,4.9,2,7.2483894699455545e-06,-0.0006787836831215146
54.0,5.300000000000001,2,7.294563569998538e-06,-0.0006372961696261174
54.0,5.7,2,7.307752171822086e-06,-0.0005943738657467917
54.0,6.1000000000000005,2,7.324416950385427e-06,-0.0005504341095516496
54.0,6.5,2,7.3260265514771795e-06,-0.000505936305370449
54.0,6.9,2,7.320327499355855e-06,-0.00046138700952314936
54.0,7.300000000000001,2,7.314307077025617e-06,-0.0004173421757302159
54.0,7.7,2,7.323578300614043e-06,-0.0003744012853336613
54.0,8.1,2,7.339937916796132e-06,-0.0003331857919163645
54.0,8.5,2,7.383577793362702e-06,-0.00029429558395963545
54.0,8.9,2,7.468729694552327e-06,-0.0002582462124878604
54.0,9.3,2,7.598833420929898e-06,-0.00022540465938308932
54.0,9.700000000000001,2,7.791900553609022e-06,-0.00019594980878803617
54.0,10.100000000000001,2,8.056527909681834e-06,-0.00016987377485422139
54.0,10.5,2,8.422560949953107e-06,-0.00014701870872958016
54.0,10.9,2,8.903079645875208e-06,-0.00012712942381391506
54.0,11.3,2,9.50999064605088e-06,-0.00010990310338359342
54.0,11.700000000000001,2,1.0271275608112342e-05,-9.502648790175732e-05
54.0,12.100000000000001,2,1.1203794678313992e-05,-8.219921954896415e-05
54.0,12.5,2,1.2332173558891187e-05,-7.114613188788252e-05
54.0,12.9,2,1.3682745433865737e-05,-6.162213098657785e-05
54.0,13.3,2,1.526245371571716e-05,-5.34126947921715e-05
54.0,13.700000000000001,2,1.7076150135817123e-05,-4.633207127898808e-05
54.0,14.100000000000001,2,1.912614996920103e-05,-4.022045481202618e-05
54.0,14.5,2,2.1390491880624126e-05,-3.4940864832380515e-05
54.0,14.9,2,2.3823171500905903e-05,-3.0376104198094928e-05
54.0,15.3,2,2.6358392216542997e-05,-2.6425972155088115e-05
54.0,15.700000000000001,2,2.8898191998260274e-05,-2.3004795364582594e-05
54.0,16.1,2,3.130474745258269e-05,-2.0039282911213796e-05
54.0,16.5,2,3.341001775883984e-05,-1.74666844261316e-05
54.0,16.900000000000002,2,3.503017610593851e-05,-1.5233219995620494e-05
54.0,17.3,2,3.597767229858466e-05,-1.3292747859058856e-05
54.0,17.7,2,3.607720058232798e-05,-1.1605636551569525e-05
54.0,18.1,2,3.518892972632965e-05,-1.0137810346425705e-05
54.0,18.5,2,3.323279224344015e-05,-8.859940183302164e-06
54.0,18.900000000000002,2,3.0205276018093594e-05,-7.746756470199351e-06
54.0,19.3,2,2.6184239018745103e-05,-6.776464543383268e-06
54.0,19.700000000000003,2,2.1321541921878728e-05,-5.930247288269152e-06
54.0,20.1,2,1.5825570666077295e-05,-5.1918419980032374e-06
54.0,20.5,2,9.9371182450542e-06,-4.54718022806374e-06
54.0,20.900000000000002,2,3.9034176782901365e-06,-3.984080848438175e-06
54.0,21.3,2,-2.044339819957183e-06,-3.4919881000757042e-06
54.0,21.700000000000003,2,-7.706462491516674e-06,-3.061748024915619e-06
54.0,22.1,2,-1.2924491452891502e-05,-2.6854176558823978e-06
54.0,22.5,2,-1.7590875861416705e-05,-2.3561016809888122e-06
54.0,22.900000000000002,2,-2.1658958288826193e-05,-2.067811465550366e-06
54.0,23.3,2,-2.513648009651085e-05,-1.8153421150074696e-06
54.0,23.700000000000003,2,-2.8046556374597207e-05,-1.5941649162696971e-06
54.0,24.1,2,-3.0395553557439154e-05,-1.4003342814947254e-06
54.0,24.5,2,-3.221996513228524e-05,-1.2304090706923385e-06
54.0,24.900000000000002,2,-3.363599206633015e-05,-1.0813873492208377e-06
54.0,25.3,2,-3.471444936452061e-05,-9.506519628750535e-07
54.0,25.700000000000003,2,-3.5413281340901295e-05,-8.359232889864541e-07
54.0,26.1,2,-3.58457227271964e-05,-7.352161671950104e-07
54.0,26.5,2,-3.614316332309909e-05,-6.46799954226482e-07
54.0,26.900000000000002,2,-3.6137266502739734e-05,-5.691624417119199e-07
54.0,27.3,2,-3.604606003463041e-05,-5.009787887289286e-07
54.0,27.700000000000003,2,-3.5874638826589944e-05,-4.410857446037937e-07
54.0,28.1,2,-3.544671125366909e-05,-3.8846054059781994e-07
54.0,28.5,2,-3.523135937620275e-05,-3.422037284002051e-07
54.0,28.900000000000002,2,-3.457734024220875e-05,-3.0152568522111074e-07
54.0,29.3,2,-3.4368960326807964e-05,-2.6573624886964395e-07
54.0,29.700000000000003,2,-3.346174291590857e-05,-2.3423538433149563e-07
54.0,30.1,2,-3.336855802555115e-05,-2.0650195103201865e-07
54.0,30.5,2,-3.237553519973014e-05,-1.8207887018939583e-07
54.0,30.900000000000002,2,-3.192578140832791e-05,-1.6055796531454352e-07
54.0,31.3,2,-3.226390090999238e-05,-1.4157149879774304e-07
54.0,31.700000000000003,2,-2.932277284014577e-05,-1.2479553340095776e-07
54.0,32.1,2,-3.0513300735375063e-05,-1.0996363054829937e-07
54.0,32.5,2,-3.5619662496088966e-05,-9.687451852454724e-08
54.0,32.9,2,-2.5254657685459332e-05,-8.53741586974366e-08
54.0,33.300000000000004,2,-1.807772030478926e-06,-7.531663895553882e-08
54.0,33.7,2,-2.7908046146467636e-05,-6.65339630616836e-08
54.0,34.1,2,-0.0002007714835355359,-5.883792410610804e-08
54.0,34.5,2,-0.0005758377311852835,-5.204684957712076e-08
54.0,34.9,2,-0.0011037483337442023,-4.6013652046108985e-08
54.0,35.300000000000004,2,-0.0016275979475813822,-4.063938564116552e-08
54.0,35.7,2,-0.001956363187401982,-3.5865383942943054e-08
54.0,36.1,2,-0.0019611120640332796,-3.164902319657049e-08
54.0,36.5,2,-0.001647895344338775,-2.7941158836943563e-08
54.0,36.9,2,-0.0011467728244883566,-2.468257799047715e-08
54.0,37.300000000000004,2,-0.0006411689014658212,-2.1813350134515946e-08
54.0,37.7,2,-0.00027480859374127845,-1.928124437885836e-08
54.0,38.1,2,-7.959108433787497e-05,-1.7043978864914445e-08
54.0,38.5,2,-2.0579866375534168e-06,-1.506688233437273e-08
54.0,38.900000000000006,2,2.1088788322444397e-05,-1.3320006585721296e-08
54.0,39.300000000000004,2,2.613010301127028e-05,-1.1776708320827327e-08
54.0,39.7,2,2.667092072797524e-05,-1.0413240660315558e-08
54.0,0.1,5,6.190295463662703e-06,-0.0009561165182233277
54.0,0.5,5,6.452134921517201e-06,-0.0009530546861081431
54.0,0.9,5,6.412777208715494e-06,-0.0009459337042157802
54.0,1.3,5,6.495806178239072e-06,-0.0009348093211753859
54.0,1.7000000000000002,5,6.563329561279833e-06,-0.0009197687091671284
54.0,2.1,5,6.6635647537480906e-06,-0.0009009299161844272
54.0,2.5,5,6.759008856385337e-06,-0.0008784411755597006
54.0,2.9000000000000004,5,6.85700931148229e-06,-0.0008524801312692296
54.0,3.3000000000000003,5,6.9666315656266066e-06,-0.0008232530613459837
54.0,3.7,5,7.0516836760662365e-06,-0.0007909942110819549
54.0,4.1000000000000005,5,7.142562922082522e-06,-0.0007559653833398108
54.0,4.5,5,7.211989873777423e-06,-0.0007184559744375135
54.0,4.9,5,7.264513797232799e-06,-0.0006787836859971268
54.0,5.300000000000001,5,7.312190216989928e-06,-0.000637296172341348
54.0,5.7,5,7.326898014914733e-06,-0.0005943738677647384
54.0,6.1000000000000005,5,7.343961337853876e-06,-0.0005504341103810597
54.0,6.5,5,7.345960601036668e-06,-0.0005059363046043423
54.0,6.9,5,7.3418736174523125e-06,-0.00046138700692494603
54.0,7.300000000000001,5,7.33696039147828e-06,-0.00041734217134694804
54.0,7.7,5,7.346044531937963e-06,-0.0003744012795545234
54.0,8.1,5,7.3631755667167395e-06,-0.0003331857854067969
54.0,8.5,5,7.4085355601016165e-06,-0.000294295577477175
54.0,8.9,5,7.494802108415027e-06,-0.0002582462066626454
54.0,9.3,5,7.625816376030938e-06,-0.0002254046545637234
54.0,9.700000000000001,5,7.818849446609195e-06,-0.00019594980500813226
54.0,10.100000000000001,5,8.083398400526852e-06,-0.00016987377190708677
54.0,10.5,5,8.45118336069533e-06,-0.00014701870629373352
54.0,10.9,5,8.932791550199938e-06,-0.00012712942156840328
54.0,11.3,5,9.540836407970085e-06,-0.00010990310107625866
54.0,11.700000000000001,5,1.0303334690098396e-05,-9.502648536827245e-05
54.0,12.100000000000001,5,1.1235755314778657e-05,-8.219921670586707e-05
54.0,12.5,5,1.2365491316269542e-05,-7.114612872625685e-05
54.0,12.9,5,1.3717284255008679e-05,-6.162212757808957e-05
54.0,13.3,5,1.5297732626644287e-05,-5.341269129679949e-05
54.0,13.700000000000001,5,1.711232400049412e-05,-4.6332067932231024e-05
54.0,14.100000000000001,5,1.9165366473709313e-05,-4.0220451875574154e-05
54.0,14.5,5,2.1431079227077646e-05,-3.494086251429684e-05
54.0,14.9,5,2.3864686324510767e-05,-3.0376102572485087e-05
54.0,15.3,5,2.640208476221127e-05,-2.642597112189938e-05
54.0,15.700000000000001,5,2.894492549492759e-05,-2.300479467708246e-05
54.0,16.1,5,3.1353582365835246e-05,-2.003928226807893e-05
54.0,16.5,5,3.3461185178237026e-05,-1.7466683590194746e-05
54.0,16.900000000000002,5,3.508406796526703e-05,-1.5233218886253559e-05
54.0,17.3,5,3.603375276289131e-05,-1.3292746577032628e-05
54.0,17.7,5,3.613653783364402e-05,-1.1605635330980825e-05
54.0,18.1,5,3.5250176758487665e-05,-1.013780946439215e-05
54.0,18.5,5,3.3295100498575864e-05,-8.859939873529849e-06
54.0,18.900000000000002,5,3.027033931166664e-05,-7.746756874182792e-06
54.0,19.3,5,2.6249096486594443e-05,-6.7764657038671864e-06
54.0,19.700000000000003,5,2.1385890188551934e-05,-5.930249166948124e-06
54.0,20.1,5,1.588934103690274e-05,-5.1918444966171e-06
54.0,20.5,5,9.997617748221584e-06,-4.547183206391223e-06
54.0,20.900000000000002,5,3.959886219805957e-06,-3.984084146758266e-06
54.0,21.3,5,-1.9938040224735844e-06,-3.4919915731602015e-06
54.0,21.700000000000003,5,-7.66280573942493e-06,-3.0617515804995747e-06
54.0,22.1,5,-1.2891773782924971e-05,-2.6854212772062336e-06
54.0,22.5,5,-1.756763834166484e-05,-2.3561054152703785e-06
54.0,22.900000000000002,5,-2.165060821292605e-05,-2.067815378791368e-06
54.0,23.3,5,-2.5141708914223967e-05,-1.8153462343554754e-06
54.0,23.700000000000003,5,-2.806966347504101e-05,-1.5941691879410558e-06
54.0,24.1,5,-3.0435492447580397e-05,-1.400338560803441e-06
54.0,24.5,5,-3.227963634329968e-05,-1.2304131412509435e-06
54.0,24.900000000000002,5,-3.371550894237938e-05,-1.0813909559844344e-06
54.0,25.3,5,-3.481414685459618e-05,-9.506548449847265e-07
54.0,25.700000000000003,5,-3.553451615319553e-05,-8.35925208002434e-07
54.0,26.1,5,-3.5985341327528655e-05,-7.352169339724838e-07
54.0,26.5,5,-3.63050608746886e-05,-6.46799458203349e-07
54.0,26.900000000000002,5,-3.63165670795007e-05,-5.691606815593563e-07
54.0,27.3,5,-3.624508917058423e-05,-5.009758978805974e-07
54.0,27.700000000000003,5,-3.6090316782362225e-05,-4.4108200139517945e-07
54.0,28.1,5,-3.5678337372108094e-05,-3.8845635162639185e-07
54.0,28.5,5,-3.547852239418033e-05,-3.421995782095165e-07
54.0,28.900000000000002,5,-3.4838848956184365e-05,-3.0152205768685305e-07
54.0,29.3,5,-3.464283044030643e-05,-2.657335415098923e-07
54.0,29.700000000000003,5,-3.374998074792506e-05,-2.3423384336881995e-07
54.0,30.1,5,-3.367087600211861e-05,-2.0650164347676902e-07
54.0,30.5,5,-3.2689199535929424e-05,-1.8207968615985108e-07
54.0,30.900000000000002,5,-3.225596704009619e-05,-1.6055963249715439e-07
54.0,31.3,5,-3.261117325271923e-05,-1.4157360365060636e-07
54.0,31.700000000000003,5,-2.968814411942959e-05,-1.2479756588976408e-07
54.0,32.1,5,-3.0902190664352826e-05,-1.099650757948786e-07
54.0,32.5,5,-3.603681431827576e-05,-9.687499118287247e-08
54.0,32.9,5,-2.570731420352094e-05,-8.537353261151054e-08
54.0,33.300000000000004,5,-2.302494580050717e-06,-7.531510469188702e-08
54.0,33.7,5,-2.8451836990880425e-05,-6.65319671718117e-08
54.0,34.1,5,-0.00020137805850414524,-5.8835998187330135e-08
54.0,34.5,5,-0.000576522381173805,-5.204540002801696e-08
54.0,34.9,5,-0.0011045237926927813,-4.6012815018287614e-08
54.0,35.300000000000004,5,-0.0016284796956741094,-4.063902394692824e-08
54.0,35.7,5,-0.0019573708217663095,-3.586522008345771e-08
54.0,36.1,5,-0.001962265157261316,-3.1648817484671874e-08
54.0,36.5,5,-0.0016492127124424262,-2.794082343651832e-08
54.0,36.9,5,-0.0011482735613545312,-2.4682177012749847e-08
54.0,37.300000000000004,5,-0.0006428694276992097,-2.1813016375444674e-08
54.0,37.7,5,-0.00027671770432629173,-1.9281097209644827e-08
54.0,38.1,5,-8.170733071385087e-05,-1.704408827432961e-08
54.0,38.5,5,-4.368597985972307e-06,-1.5067261500670788e-08
54.0,38.900000000000006,5,1.8610350711864626e-05,-1.3320614306711006e-08
54.0,39.300000000000004,5,2.3526979677209932e-05,-1.177746213122397e-08
54.0,39.7,5,2.4002773985600818e-05,-1.0414040800438232e-08
56.0,0.1,2,3.6497837759079523e-07,-0.0004331173087297433
56.0,0.5,2,5.845461115882562e-07,-0.00043173030892483413
56.0,0.9,2,6.20178052276871e-07,-0.0004285045278354335
56.0,1.3,2,7.896504578340227e-07,-0.000423465219588693
56.0,1.7000000000000002,2,9.492370137248219e-07,-0.0004166518729729814
56.0,2.1,2,1.1911651526509183e-06,-0.0004081179632158075
56.0,2.5,2,1.4413903444395608e-06,-0.0003979306392505566
56.0,2.9000000000000004,2,1.7334886878584498e-06,-0.00038617037295572834
56.0,3.3000000000000003,2,2.0427290376598096e-06,-0.0003729306075472476
56.0,3.7,2,2.3715604207045784e-06,-0.00035831745559812463
56.0,4.1000000000000005,2,2.705107799645837e-06,-0.0003424495133812601
56.0,4.5,2,3.0360072743730017e-06,-0.00032545787697234405
56.0,4.9,2,3.3675393435004254e-06,-0.00030748646458659694
56.0,5.300000000000001,2,3.683433759481412e-06,-0.0002886927628069194
56.0,5.7,2,3.978005332903407e-06,-0.00026924910736938167
56.0,6.1000000000000005,2,4.2587114569790655e-06,-0.00024934455130145694
56.0,6.5,2,4.5030185928815136e-06,-0.00022918720350647274
56.0,6.9,2,4.732840551243638e-06,-0.00020900653253555355
56.0,7.300000000000001,2,4.92904506696521e-06,-0.00018905438364572182
56.0,7.7,2,5.099284549353618e-06,-0.0001696023196250961
56.0,8.1,2,5.245295647658629e-06,-0.00015093185603605298
56.0,8.5,2,5.375692133346515e-06,-0.00013331473879797998
56.0,8.9,2,5.480373214317147e-06,-0.00011698450877044345
56.0,9.3,2,5.582432264932763e-06,-0.00010210740585986
56.0,9.700000000000001,2,5.680072044048652e-06,-8.876446382552769e-05
56.0,10.100000000000001,2,5.77861647018492e-06,-7.695211233609246e-05
56.0,10.5,2,5.889898669304235e-06,-6.659884979957992e-05
56.0,10.9,2,6.024138858828566e-06,-5.758908076490246e-05
56.0,11.3,2,6.199708300268553e-06,-4.9785631537586704e-05
56.0,11.700000000000001,2,6.416371007202452e-06,-4.304659509965387e-05
56.0,12.100000000000001,2,6.692481143672813e-06,-3.7235906739473644e-05
56.0,12.5,2,7.050082029126346e-06,-3.222891291159124e-05
56.0,12.9,2,7.500366613878687e-06,-2.7914584145025127e-05
56.0,13.3,2,8.066220640579233e-06,-2.4195742253916396e-05
56.0,13.700000000000001,2,8.764938986543028e-06,-2.098824401194896e-05
56.0,14.100000000000001,2,9.610016816912628e-06,-1.821970114541065e-05
56.0,14.5,2,1.062798958625551e-05,-1.5828065173940207e-05
56.0,14.9,2,1.184111703554451e-05,-1.3760248439255739e-05
56.0,15.3,2,1.3259646883779603e-05,-1.1970860821589699e-05
56.0,15.700000000000001,2,1.489350310851498e-05,-1.0421091072312402e-05
56.0,16.1,2,1.674558594856324e-05,-9.077735653947996e-06
56.0,16.5,2,1.879707235733828e-05,-7.912365663376224e-06
56.0,16.900000000000002,2,2.100757938149663e-05,-6.900617232096121e-06
56.0,17.3,2,2.3317497636877737e-05,-6.0215891650507056e-06
56.0,17.7,2,2.56401764435469e-05,-5.2573319039837625e-06
56.0,18.1,2,2.7854706820122452e-05,-4.592413547802208e-06
56.0,18.5,2,2.9809906301516936e-05,-4.013551091501512e-06
56.0,18.900000000000002,2,3.133648450833179e-05,-3.509297478169999e-06
56.0,19.3,2,3.2261455068021184e-05,-3.0697767473481876e-06
56.0,19.700000000000003,2,3.242425910711564e-05,-2.686460282523579e-06
56.0,20.1,2,3.169582019942539e-05,-2.3519773728701287e-06
56.0,20.5,2,2.9998448163013336e-05,-2.0599537661442467e-06
56.0,20.900000000000002,2,2.7321560376742386e-05,-1.8048730108902513e-06
56.0,21.3,2,2.3728524742758916e-05,-1.5819569024934367e-06
56.0,21.700000000000003,2,1.935251327949359e-05,-1.387062597268338e-06
56.0,22.1,2,1.43820505347641e-05,-1.2165944993635116e-06
56.0,22.5,2,9.038848285289049e-06,-1.0674290120821204e-06
56.0,22.900000000000002,2,3.5516443321406328e-06,-9.368502222623846e-07
56.0,23.3,2,-1.868959880649648e-06,-8.224949114144427e-07
56.0,23.700000000000003,2,-7.0478939193134034e-06,-7.223057743269216e-07
56.0,24.1,2,-1.1849298375439544e-05,-6.344918799398345e-07
56.0,24.5,2,-1.6170164861790163e-05,-5.574950310466338e-07
56.0,24.900000000000002,2,-1.9942553887076717e-05,-4.899602077294752e-07
56.0,25.3,2,-2.3154705832346962e-05,-4.307084548146836e-07
56.0,25.700000000000003,2,-2.5852173515338246e-05,-3.7871167700172586e-07
56.0,26.1,2,-2.8074066071872836e-05,-3.330702161395676e-07
56.0,26.5,2,-2.9814593901118656e-05,-2.9299468469295615e-07
56.0,26.900000000000002,2,-3.1129828829284556e-05,-2.577926871453803e-07
56.0,27.3,2,-3.215482690195797e-05,-2.2685931520020504e-07
56.0,27.700000000000003,2,-3.287505907613118e-05,-1.9966902835441768e-07
56.0,28.1,2,-3.327814699610383e-05,-1.7576678627346396e-07
56.0,28.5,2,-3.358056532778884e-05,-1.5475787408538643e-07
56.0,28.900000000000002,2,-3.366074855564175e-05,-1.3629748265978392e-07
56.0,29.3,2,-3.355909972683343e-05,-1.2008157551425932e-07
56.0,29.700000000000003,2,-3.349343492159497e-05,-1.0583981159850777e-07
56.0,30.1,2,-3.308557782575623e-05,-9.333044074020597e-08
56.0,30.5,2,-3.291963420111265e-05,-8.23369679809973e-08
56.0,30.900000000000002,2,-3.232308590214195e-05,-7.266669630336576e-08
56.0,31.3,2,-3.2181866673041726e-05,-6.415104248134992e-08
56.0,31.700000000000003,2,-3.1342078338302925e-05,-5.664582803987039e-08
56.0,32.1,2,-3.1341251699561825e-05,-5.0028812970673033e-08
56.0,32.5,2,-3.027925556892679e-05,-4.419251028409688e-08
56.0,32.9,2,-3.008647535173373e-05,-3.903527300652921e-08
56.0,33.300000000000004,2,-3.0327989467589348e-05,-3.445745243780019e-08
56.0,33.7,2,-2.7397566033849145e-05,-3.0368483060695704e-08
56.0,34.1,2,-2.8911093178927422e-05,-2.670464628326025e-08
56.0,34.5,2,-3.3866574114759e-05,-2.3442149263147574e-08
56.0,34.9,2,-2.34216101818002e-05,-2.058551954253977e-08
56.0,35.300000000000004,2,-5.33111010842174e-07,-1.8133383288920216e-08
56.0,35.7,2,-2.505644871915846e-05,-1.6049541929006997e-08
56.0,36.1,2,-0.00018941150024117995,-1.426276099710742e-08
56.0,36.5,2,-0.0005456059790989882,-1.2691074017588627e-08
56.0,36.9,2,-0.0010463770018405867,-1.1269978206896617e-08
56.0,37.300000000000004,2,-0.0015426718742297615,-9.969084241729105e-09
56.0,37.7,2,-0.0018535986431628523,-8.788881235237085e-09
56.0,38.1,2,-0.001857268041973306,-7.740397100840264e-09
56.0,38.5,2,-0.0015601910884700837,-6.824454280073724e-09
56.0,38.900000000000006,2,-0.0010854625148254207,-6.027670665804881e-09
56.0,39.300000000000004,2,-0.0006073156914645949,-5.330655763731902e-09
56.0,39.7,2,-0.0002612783708148391,-4.716217910744727e-09
56.0,0.1,5,3.388843597159855e-07,-0.00043311729858394875
56.0,0.5,5,5.786295494219237e-07,-0.0004317302995902752
56.0,0.9,5,6.218969124306441e-07,-0.00042850452042567257
56.0,1.3,5,7.9375690882029e-07,-0.00042346521518977094
56.0,1.7000000000000002,5,9.528700304318399e-07,-0.00041665187241504193
56.0,2.1,5,1.19313002903832e-06,-0.00040811796676621217
56.0,2.5,5,1.4422570616827625e-06,-0.0003979306464114307
56.0,2.9000000000000004,5,1.7349746372131596e-06,-0.0003861703825208262
56.0,3.3000000000000003,5,2.0461717682624634e-06,-0.00037293061793742453
56.0,3.7,5,2.3767030120186148e-06,-0.0003583174653406867
56.0,4.1000000000000005,5,2.7106298591974594e-06,-0.00034244952152325843
56.0,4.5,5,3.0412868268540183e-06,-0.00032545788326223725
56.0,4.9,5,3.373224938602753e-06,-0.00030748646938553634
56.0,5.300000000000001,5,3.689998979530429e-06,-0.0002886927668181565
56.0,5.7,5,3.984936179671734e-06,-0.00026924911133239713
56.0,6.1000000000000005,5,4.265978694648138e-06,-0.00024934455577005967
56.0,6.5,5,4.511694811056117e-06,-0.00022918720875364496
56.0,6.9,5,4.7430372419165905e-06,-0.00020900653855784537
56.0,7.300000000000001,5,4.939671497272061e-06,-0.00018905439021309287
56.0,7.7,5,5.110786642209094e-06,-0.0001696023263386759
56.0,8.1,5,5.258974305888399e-06,-0.0001509318623898116
56.0,8.5,5,5.390735465137555e-06,-0.0001333147442599839
56.0,8.9,5,5.49573098936632e-06,-0.00011698451289072379
56.0,9.3,5,5.598580771631448e-06,-0.00010210740838457552
56.0,9.700000000000001,5,5.697226360572126e-06,-8.8764464773916e-05
56.0,10.100000000000001,5,5.797568513271926e-06,-7.695211199771197e-05
56.0,10.5,5,5.910844173946733e-06,-6.659884864095857e-05
56.0,10.9,5,6.045312124450837e-06,-5.7589079280144726e-05
56.0,11.3,5,6.221447523648712e-06,-4.978563010553521e-05
56.0,11.700000000000001,5,6.438795182683057e-06,-4.30465939040324e-05
56.0,12.100000000000001,5,6.715254692419518e-06,-3.723590577224685e-05
56.0,12.5,5,7.0745919970114e-06,-3.222891203742371e-05
56.0,12.9,5,7.52541323456528e-06,-2.7914583182725863e-05
56.0,13.3,5,8.091879101512581e-06,-2.4195741036731108e-05
56.0,13.700000000000001,5,8.79204712944994e-06,-2.0988242414433233e-05
56.0,14.100000000000001,5,9.638379918744644e-06,-1.8219699089015138e-05
56.0,14.5,5,1.065607583123805e-05,-1.5828062631820613e-05
56.0,14.9,5,1.1870230167318539e-05,-1.3760245450958075e-05
56.0,15.3,5,1.3291165507225643e-05,-1.197085750956702e-05
56.0,15.700000000000001,5,1.4925958320981525e-05,-1.042108764015996e-05
56.0,16.1,5,1.6779037030783506e-05,-9.077732349687136e-06
56.0,16.5,5,1.883206636465723e-05,-7.912362709349746e-06
56.0,16.900000000000002,5,2.1044874107797358e-05,-6.900614746255974e-06
56.0,17.3,5,2.335634449228354e-05,-6.021587110734475e-06
56.0,17.7,5,2.568161814429396e-05,-5.257330098673882e-06
56.0,18.1,5,2.78977687426793e-05,-4.592411734219325e-06
56.0,18.5,5,2.9855298559998323e-05,-4.0135490430736985e-06
56.0,18.900000000000002,5,3.1385589254179364e-05,-3.5092950913879204e-06
56.0,19.3,5,3.231114115041331e-05,-3.069774080147957e-06
56.0,19.700000000000003,5,3.247745221963839e-05,-2.68645752675523e-06
56.0,20.1,5,3.1751218820113343e-05,-2.351974782359929e-06
56.0,20.5,5,3.0054800094503834e-05,-2.0599515798513075e-06
56.0,20.900000000000002,5,2.738013170168418e-05,-1.8048714031427992e-06
56.0,21.3,5,2.3787255785773717e-05,-1.5819559685267336e-06
56.0,21.700000000000003,5,1.941142700730227e-05,-1.3870623609052737e-06
56.0,22.1,5,1.4439281496376402e-05,-1.2165949254850454e-06
56.0,22.5,5,9.094865038669006e-06,-1.0674300180986922e-06
56.0,22.900000000000002,5,3.6021754112922317e-06,-9.368516955536037e-07
56.0,23.3,5,-1.8216085147718463e-06,-8.224967400293723e-07
56.0,23.700000000000003,5,-7.009123897226151e-06,-7.223078852951231e-07
56.0,24.1,5,-1.1818156987637234e-05,-6.344942660467818e-07
56.0,24.5,5,-1.614985523841964e-05,-5.574977470903346e-07
56.0,24.900000000000002,5,-1.9933947733152184e-05,-4.89963333336122e-07
56.0,25.3,5,-2.316030195920635e-05,-4.307120409120337e-07
56.0,25.700000000000003,5,-2.5872842713052202e-05,-3.7871570168100344e-07
56.0,26.1,5,-2.811145410598358e-05,-3.330745672583677e-07
56.0,26.5,5,-2.986967547345497e-05,-2.9299916943568563e-07
56.0,26.900000000000002,5,-3.1202771201034616e-05,-2.577970565083949e-07
56.0,27.3,5,-3.2248475394499035e-05,-2.2686329123844087e-07
56.0,27.700000000000003,5,-3.2985933111898754e-05,-1.996723299349866e-07
56.0,28.1,5,-3.3409805560687246e-05,-1.7576915617449601e-07
56.0,28.5,5,-3.3729459061958e-05,-1.5475911102720386e-07
56.0,28.900000000000002,5,-3.3828412214502314e-05,-1.3629747764321787e-07
56.0,29.3,5,-3.374411436316687e-05,-1.200803464706969e-07
56.0,29.700000000000003,5,-3.369461118365497e-05,-1.0583752595815587e-07
56.0,30.1,5,-3.3301628428730554e-05,-9.332741336048371e-08
56.0,30.5,5,-3.315165328561127e-05,-8.233362501078279e-08
56.0,30.900000000000002,5,-3.2567325104430005e-05,-7.266350685209207e-08
56.0,31.3,5,-3.2438094538421e-05,-6.414843607758809e-08
56.0,31.700000000000003,5,-3.161303823017751e-05,-5.66441243030647e-08
56.0,32.1,5,-3.162334078914135e-05,-5.002818123281418e-08
56.0,32.5,5,-3.057396758562017e-05,-4.419295566849161e-08
56.0,32.9,5,-3.039634818290408e-05,-3.903663395073147e-08
56.0,33.300000000000004,5,-3.065372591415858e-05,-3.445940549334345e-08
56.0,33.7,5,-2.7741905129248408e-05,-3.037057236486405e-08
56.0,34.1,5,-2.9276204904589446e-05,-2.6706363367261582e-08
56.0,34.5,5,-3.4258008871938154e-05,-2.344306378124094e-08
56.0,34.9,5,-2.384804867021807e-05,-2.058541853217855e-08
56.0,35.300000000000004,5,-1.000036872974388e-06,-1.8132352251380294e-08
56.0,35.7,5,-2.5570216809567354e-05,-1.6047935207912034e-08
56.0,36.1,5,-0.00018998436350612,-1.4261057823080882e-08
56.0,36.5,5,-0.0005462519906078624,-1.268967934548322e-08
56.0,36.9,5,-0.0010471096764451517,-1.1269067995645629e-08
56.0,37.300000000000004,5,-0.0015435071337230924,-9.96857709341735e-09
56.0,37.7,5,-0.0018545549541794854,-8.788544411834239e-09
56.0,38.1,5,-0.0018583634042668277,-7.74000925100799e-09
56.0,38.5,5,-0.001561442352357233,-6.8239217840916255e-09
56.0,38.900000000000006,5,-0.001086886526362342,-6.027041754629957e-09
56.0,39.300000000000004,5,-0.0006089279276357741,-5.330052397512897e-09
56.0,39.7,5,-0.00026308856048411005,-4.715761712395382e-09
58.0,0.1,2,-1.7963734153238418e-06,0.0003686449513349479
58.0,0.5,2,-1.7338576261200128e-06,0.00036746441799517565
58.0,0.9,2,-1.7095476440032517e-06,0.00036471882120720417
58.0,1.3,2,-1.5948312914232396e-06,0.0003604296556788228
58.0,1.7000000000000002,2,-1.5020035486875793e-06,0.0003546305318029013
58.0,2.1,2,-1.3467231000952837e-06,0.0003473669644303037
58.0,2.5,2,-1.1706381233359089e-06,0.00033869610670878036
58.0,2.9000000000000004,2,-9.671611681598832e-07,0.00032868645150135406
58.0,3.3000000000000003,2,-7.368832430406877e-07,0.00031741753204671193
58.0,3.7,2,-4.7400294545871294e-07,0.00030497966487832333
58.0,4.1000000000000005,2,-1.9597491157966837e-07,0.0002914737918237504
58.0,4.5,2,1.1218154312049401e-07,0.00027701149379557335
58.0,4.9,2,4.2290325444252697e-07,0.00026171526523109125
58.0,5.300000000000001,2,7.610353253380112e-07,0.0002457191492579737
58.0,5.7,2,1.0991693253296553e-06,0.00022916982777330375
58.0,6.1000000000000005,2,1.4394561712843196e-06,0.00021222821143456768
58.0,6.5,2,1.783550543350497e-06,0.00019507143012445933
58.0,6.9,2,2.1149302949288913e-06,0.00017789479385826423
58.0,7.300000000000001,2,2.43603585555676e-06,0.0001609126585490358
58.0,7.7,2,2.7502765109351907e-06,0.00014435616277653978
58.0,8.1,2,3.036231188550366e-06,0.00012846491670090985
58.0,8.5,2,3.305189345560843e-06,0.00011347021559407589
58.0,8.9,2,3.5537259242024222e-06,9.957083725138585e-05
58.0,9.3,2,3.7758368482108614e-06,8.690827692125996e-05
58.0,9.700000000000001,2,3.9697629360283035e-06,7.555150679574636e-05
58.0,10.100000000000001,2,4.15066741157625e-06,6.549748794304601e-05
58.0,10.5,2,4.303994667847387e-06,5.668536145868944e-05
58.0,10.9,2,4.440754619384408e-06,4.901673840158426e-05
58.0,11.3,2,4.56631235780672e-06,4.237486471032441e-05
58.0,11.700000000000001,2,4.687318878363873e-06,3.663895874043948e-05
58.0,12.100000000000001,2,4.809029010132386e-06,3.169321176965579e-05
58.0,12.5,2,4.933103110595978e-06,2.7431526723749746e-05
58.0,12.9,2,5.080827483985562e-06,2.375940114392307e-05
58.0,13.3,2,5.2591025328482565e-06,2.0594121087208273e-05
58.0,13.700000000000001,2,5.473788933662484e-06,1.7864067420294472e-05
58.0,14.100000000000001,2,5.742339411534423e-06,1.5507627141787875e-05
58.0,14.5,2,6.074883743197766e-06,1.3471988787801017e-05
58.0,14.9,2,6.488766239292029e-06,1.1711967976828836e-05
58.0,15.3,2,7.007738289702429e-06,1.0188931505232261e-05
58.0,15.700000000000001,2,7.645080033912629e-06,8.869845167466763e-06
58.0,16.1,2,8.415647906744992e-06,7.726447630483226e-06
58.0,16.5,2,9.342645062002743e-06,6.7345417206980485e-06
58.0,16.900000000000002,2,1.0443918974560123e-05,5.873390255000936e-06
58.0,17.3,2,1.173018303793788e-05,5.1252028182321585e-06
58.0,17.7,2,1.321199867273963e-05,4.474700616999258e-06
58.0,18.1,2,1.4893682176924237e-05,3.9087476823028875e-06
58.0,18.5,2,1.6761570592405e-05,3.4160379926032714e-06
58.0,18.900000000000002,2,1.8780926445329408e-05,2.9868296267155667e-06
58.0,19.3,2,2.0896880353009344e-05,2.6127187731818137e-06
58.0,19.700000000000003,2,2.3030891924508698e-05,2.2864479489471723e-06
58.0,20.1,2,2.507550029308875e-05,2.0017436925356322e-06
58.0,20.5,2,2.6894785229318264e-05,1.7531792362788262e-06
58.0,20.900000000000002,2,2.8332908538164277e-05,1.536057668541697e-06
58.0,21.3,2,2.9228362250345808e-05,1.3463114807068243e-06
58.0,21.700000000000003,2,2.94311802846716e-05,1.180415408190702e-06
58.0,22.1,2,2.8821303125951437e-05,1.0353107726720656e-06
58.0,22.5,2,2.732591737874844e-05,9.083404509277555e-07
58.0,22.900000000000002,2,2.4932533504228813e-05,7.97193729491411e-07
58.0,23.3,2,2.1694523201762936e-05,6.998598536414369e-07
58.0,23.700000000000003,2,1.7727498673299663e-05,6.145886520205661e-07
58.0,24.1,2,1.3197517371340432e-05,5.398566781143214e-07
58.0,24.5,2,8.30395937626981e-06,4.7433778963819234e-07
58.0,24.900000000000002,2,3.259540574042727e-06,4.1687752810748874e-07
58.0,25.3,2,-1.7321353112435419e-06,3.664707288838176e-07
58.0,25.700000000000003,2,-6.500560788699806e-06,3.22241640500662e-07
58.0,26.1,2,-1.0925346219258688e-05,2.8342593070056824e-07
58.0,26.5,2,-1.4930688826825109e-05,2.4935453611202665e-07
58.0,26.900000000000002,2,-1.8459217429123714e-05,2.1944000233035843e-07
58.0,27.3,2,-2.146821889825881e-05,1.9316605261867366e-07
58.0,27.700000000000003,2,-2.3974017778909432e-05,1.7008028056588935e-07
58.0,28.1,2,-2.60527835949805e-05,1.497885988299772e-07
58.0,28.5,2,-2.773064231528815e-05,1.3194945396811137e-07
58.0,28.900000000000002,2,-2.8988778851309053e-05,1.162665334998479e-07
58.0,29.3,2,-2.994313178969647e-05,1.0248036688170676e-07
58.0,29.700000000000003,2,-3.067796530325173e-05,9.03606054374773e-08
58.0,30.1,2,-3.1089013372468836e-05,7.970077184368146e-08
58.0,30.5,2,-3.135373263465878e-05,7.031595855621596e-08
58.0,30.900000000000002,2,-3.150142133836526e-05,6.204245768030663e-08
58.0,31.3,2,-3.138670077750665e-05,5.473775635147449e-08
58.0,31.700000000000003,2,-3.138042592535572e-05,4.82799432664134e-08
58.0,32.1,2,-3.103921314478841e-05,4.256636155814961e-08
58.0,32.5,2,-3.089149175379108e-05,3.751142210640421e-08
58.0,32.9,2,-3.03684619896824e-05,3.3043256715406736e-08
58.0,33.300000000000004,2,-3.0225261822829015e-05,2.9099044720475146e-08
58.0,33.7,2,-2.9479764789702376e-05,2.5620610643347837e-08
58.0,34.1,2,-2.9555358431899162e-05,2.2552928151683133e-08
58.0,34.5,2,-2.8434508574942684e-05,1.9847793130062902e-08
58.0,34.9,2,-2.8450399680184972e-05,1.7470050975481715e-08
58.0,35.300000000000004,2,-2.860183068741697e-05,1.5399902560685784e-08
58.0,35.7,2,-2.570228849600433e-05,1.3624803522817176e-08
58.0,36.1,2,-2.748390675918863e-05,1.2120077004166262e-08
58.0,36.5,2,-3.231467872509909e-05,1.0832626091608056e-08
58.0,36.9,2,-2.1775284338800156e-05,9.68803660827149e-09
58.0,37.300000000000004,2,6.250021115903433e-07,8.621271208991771e-09
58.0,37.7,2,-2.252318328386627e-05,7.605228307329893e-09
58.0,38.1,2,-0.0001792400451445617,6.653719582028885e-09
58.0,38.5,2,-0.0005185440463463762,5.800502410956591e-09
58.0,38.900000000000006,2,-0.0009948966981590853,5.0721024775880544e-09
58.0,39.300000000000004,2,-0.0014663997745526598,4.469376491163924e-09
58.0,39.7,2,-0.0017611618120388594,3.967220311190979e-09
58.0,0.1,5,-1.81326317540327e-06,0.00036864493331586893
58.0,0.5,5,-1.739907423033008e-06,0.0003674644012582825
58.0,0.9,5,-1.7120334014427475e-06,0.00036471880720869294
58.0,1.3,5,-1.5962837844383613e-06,0.0003604296453502082
58.0,1.7000000000000002,5,-1.5030142532418982e-06,0.0003546305254407694
58.0,2.1,5,-1.346872219964621e-06,0.0003473669617257381
58.0,2.5,5,-1.1694674068846742e-06,0.00033869610685652145
58.0,2.9000000000000004,5,-9.650901355433972e-07,0.000328686453342638
58.0,3.3000000000000003,5,-7.352314119275628e-07,0.0003174175342456119
58.0,3.7,5,-4.7386719468744747e-07,0.0003049796661517805
58.0,4.1000000000000005,5,-1.9707030905548784e-07,0.0002914737912105631
58.0,4.5,5,1.112012067158236e-07,0.0002770114908862055
58.0,4.9,5,4.2287299470466035e-07,0.0002617152602499065
58.0,5.300000000000001,5,7.616456392909618e-07,0.00024571914293481544
58.0,5.7,5,1.1002056955514723e-06,0.00022916982104420722
58.0,6.1000000000000005,5,1.4415744123445254e-06,0.00021222820510395548
58.0,6.5,5,1.7869543556691763e-06,0.00019507142463785082
58.0,6.9,5,2.1187466174832367e-06,0.00017789478926374583
58.0,7.300000000000001,5,2.4402054099807163e-06,0.0001609126546177302
58.0,7.7,5,2.7558895046534747e-06,0.00014435615917966966
58.0,8.1,5,3.0429805786771105e-06,0.0001284649131441241
58.0,8.5,5,3.3118318682684215e-06,0.0001134702118712256
58.0,8.9,5,3.5609677741951463e-06,9.957083324467348e-05
58.0,9.3,5,3.7848111905905415e-06,8.690827259694914e-05
58.0,9.700000000000001,5,3.9801058374196965e-06,7.555150222076788e-05
58.0,10.100000000000001,5,4.162109916281879e-06,6.549748330773545e-05
58.0,10.5,5,4.315801006087963e-06,5.668535706805987e-05
58.0,10.9,5,4.452521617774356e-06,4.9016734609523886e-05
58.0,11.3,5,4.579594484023721e-06,4.2374861809352354e-05
58.0,11.700000000000001,5,4.701977275334187e-06,3.663895685483967e-05
58.0,12.100000000000001,5,4.824743439940683e-06,3.169321080709455e-05
58.0,12.5,5,4.9503313848078706e-06,2.743152641290085e-05
58.0,12.9,5,5.098204207065063e-06,2.375940113993742e-05
58.0,13.3,5,5.277535654822961e-06,2.0594121093509063e-05
58.0,13.700000000000001,5,5.493415807546849e-06,1.7864067272203728e-05
58.0,14.100000000000001,5,5.762087817928999e-06,1.5507626824802403e-05
58.0,14.5,5,6.095198284898959e-06,1.3471988400189892e-05
58.0,14.9,5,6.510910576981061e-06,1.1711967669756624e-05
58.0,15.3,5,7.031013685660976e-06,1.0188931433450415e-05
58.0,15.700000000000001,5,7.667800354556108e-06,8.869845464078746e-06
58.0,16.1,5,8.439736463426196e-06,7.726448398407113e-06
58.0,16.5,5,9.367945922585772e-06,6.7345430239883676e-06
58.0,16.900000000000002,5,1.0470503869744302e-05,5.873392100549405e-06
58.0,17.3,5,1.1757183048595039e-05,5.125205133985557e-06
58.0,17.7,5,1.3240786477773757e-05,4.474703245355124e-06
58.0,18.1,5,1.4923251989802201e-05,3.908750406152822e-06
58.0,18.5,5,1.679330943913708e-05,3.4160405960309077e-06
58.0,18.900000000000002,5,1.881437773696053e-05,2.986831971039702e-06
58.0,19.3,5,2.0930938822879027e-05,2.6127208539217664e-06
58.0,19.700000000000003,5,2.3068637349213093e-05,2.28644990276553e-06
58.0,20.1,5,2.5114296694270928e-05,2.0017457444793065e-06
58.0,20.5,5,2.6935807215418337e-05,1.7531816077666477e-06
58.0,20.900000000000002,5,2.8376796383628955e-05,1.5360604873776305e-06
58.0,21.3,5,2.927399815528628e-05,1.3463147330573466e-06
58.0,21.700000000000003,5,2.947934870809606e-05,1.1804189492983474e-06
58.0,22.1,5,2.8871176623367375e-05,1.0353143821776564e-06
58.0,22.5,5,2.7378098632504922e-05,9.083438997316279e-07
58.0,22.900000000000002,5,2.4985212669811786e-05,7.971968280741696e-07
58.0,23.3,5,2.174882882391645e-05,6.99862471516067e-07
58.0,23.700000000000003,5,1.7780844746983717e-05,6.145907175229286e-07
58.0,24.1,5,1.3250767543062325e-05,5.398581730025656e-07
58.0,24.5,5,8.354491167174154e-06,4.7433874355361437e-07
58.0,24.900000000000002,5,3.3068858198775456e-06,4.168780062132109e-07
58.0,25.3,5,-1.6891899667171719e-06,3.664708050008833e-07
58.0,25.700000000000003,5,-6.464326944922013e-06,3.2224135990996105e-07
58.0,26.1,5,-1.0896979398324736e-05,2.8342528035694426e-07
58.0,26.5,5,-1.4911526363159171e-05,2.4935344173564873e-07
58.0,26.900000000000002,5,-1.845174702510628e-05,2.19438358165314e-07
58.0,27.3,5,-2.1472791410435138e-05,1.9316377055594865e-07
58.0,27.700000000000003,5,-2.399357595092598e-05,1.7007733534606282e-07
58.0,28.1,5,-2.608772334400053e-05,1.4978505167876118e-07
58.0,28.5,5,-2.778115043206332e-05,1.3194545199736634e-07
58.0,28.900000000000002,5,-2.905785236552971e-05,1.162622939674249e-07
58.0,29.3,5,-3.0028738111090055e-05,1.0247615672549306e-07
58.0,29.700000000000003,5,-3.078275691060796e-05,9.035671986647285e-08
58.0,30.1,5,-3.1211224589703304e-05,7.96975093099664e-08
58.0,30.5,5,-3.149332939692244e-05,7.031358840398199e-08
58.0,30.900000000000002,5,-3.165813398129593e-05,6.204118043811219e-08
58.0,31.3,5,-3.156037700572001e-05,5.4737661952637824e-08
58.0,31.700000000000003,5,-3.15676478331244e-05,4.828097736144906e-08
58.0,32.1,5,-3.124230384879592e-05,4.256831331778037e-08
58.0,32.5,5,-3.1109145480746424e-05,3.7513945201951686e-08
58.0,32.9,5,-3.059702167508927e-05,3.304592498352979e-08
58.0,33.300000000000004,5,-3.0467300188381292e-05,2.910142801015892e-08
58.0,33.7,5,-2.973427309411866e-05,2.562234632488372e-08
58.0,34.1,5,-2.9821201810744248e-05,2.2553769870086256e-08
58.0,34.5,5,-2.8712737192149056e-05,1.9847637771032466e-08
58.0,34.9,5,-2.8741797537490315e-05,1.746895629468354e-08
58.0,35.300000000000004,5,-2.8909763913025692e-05,1.539809860023117e-08
58.0,35.7,5,-2.602875663541813e-05,1.3622679757004011e-08
58.0,36.1,5,-2.7829310558876068e-05,1.2118117178056448e-08
58.0,36.5,5,-3.268458553629167e-05,1.0831285165935162e-08
58.0,36.9,5,-2.2178074004506265e-05,9.68759654602365e-09
58.0,37.300000000000004,5,1.8328348484954805e-07,8.621740520653487e-09
58.0,37.7,5,-2.301065618249346e-05,7.606342967242492e-09
58.0,38.1,5,-0.0001797838650822521,6.6550596832681536e-09
58.0,38.5,5,-0.0005191562885234345,5.801677280935386e-09
58.0,38.900000000000006,5,-0.000995590050333434,5.072910636188098e-09
58.0,39.300000000000004,5,-0.0014671897797220283,4.469855183309669e-09
58.0,39.7,5,-0.001762067110264759,3.96756441621929e-09
60.0,0.1,2,-1.7078698054357292e-06,0.0009331399328044501
60.0,0.5,2,-1.7407160881909678e-06,0.0009301516826235501
60.0,0.9,2,-1.7434122123799669e-06,0.0009232018320873112
60.0,1.3,2,-1.7009905108133263e-06,0.0009123447898388736
60.0,1.7000000000000002,2,-1.6874528225934191e-06,0.0008976656325411264
60.0,2.1,2,-1.6504657568050822e-06,0.000879279570288087
60.0,2.5,2,-1.5953644153677332e-06,0.0008573312729531676
60.0,2.9000000000000004,2,-1.5406208879669713e-06,0.0008319941144694735
60.0,3.3000000000000003,2,-1.4576755788040458e-06,0.0008034694151690243
60.0,3.7,2,-1.3703634148183616e-06,0.0007719857910241334
60.0,4.1000000000000005,2,-1.2571593534326507e-06,0.0007377987535911222
60.0,4.5,2,-1.119523917741752e-06,0.0007011907447558379
60.0,4.9,2,-9.755709435876359e-07,0.0006624718313112006
60.0,5.300000000000001,2,-7.933370364715899e-07,0.0006219813127773518
60.0,5.7,2,-6.033951860641005e-07,0.0005800904808603978
60.0,6.1000000000000005,2,-3.82147786426316e-07,0.0005372066443306251
60.0,6.5,2,-1.4553268523007038e-07,0.0004937781674931654
60.0,6.9,2,1.0799115753487787e-07,0.0004502994337064776
60.0,7.300000000000001,2,3.80142817300171e-07,0.00040731303677525853
60.0,7.7,2,6.584061487200241e-07,0.0003654040521232686
60.0,8.1,2,9.535424089222007e-07,0.00032517899935275633
60.0,8.5,2,1.2491197085642554e-06,0.00028722335127920855
60.0,8.9,2,1.5426716410036814e-06,0.00025204027041898715
60.0,9.3,2,1.836896832632775e-06,0.00021998792122110623
60.0,9.700000000000001,2,2.1207575073719777e-06,0.00019124089133916143
60.0,10.100000000000001,2,2.3867975176159123e-06,0.0001657914867969705
60.0,10.5,2,2.640137432468754e-06,0.00014348565341843673
60.0,10.9,2,2.877698592296575e-06,0.00012407433661825994
60.0,11.3,2,3.0867897150529496e-06,0.00010726199441297551
60.0,11.700000000000001,2,3.280777019498906e-06,9.274289183867566e-05
60.0,12.100000000000001,2,3.45411647915126e-06,8.022388573878026e-05
60.0,12.5,2,3.6095850241423164e-06,6.943642024702647e-05
60.0,12.9,2,3.747190432086727e-06,6.014129116680657e-05
60.0,13.3,2,3.874055684900592e-06,5.212913313923124e-05
60.0,13.700000000000001,2,4.001596031636385e-06,4.5218660309309705e-05
60.0,14.100000000000001,2,4.12466838462987e-06,3.925390954069125e-05
60.0,14.5,2,4.252455823957024e-06,3.4101193234273456e-05
60.0,14.9,2,4.397932535751848e-06,2.964613028567117e-05
60.0,15.3,2,4.567012722281338e-06,2.579092613601538e-05
60.0,15.700000000000001,2,4.774273064623936e-06,2.2451963869552755e-05
60.0,16.1,2,5.030223379474061e-06,1.955771194377332e-05
60.0,16.5,2,5.340745625298902e-06,1.7046927696800563e-05
60.0,16.900000000000002,2,5.723264668787487e-06,1.4867125439040005e-05
60.0,17.3,2,6.197783250918122e-06,1.2973275572991734e-05
60.0,17.7,2,6.777929713106425e-06,1.1326702378080313e-05
60.0,18.1,2,7.4806771974470136e-06,9.894150789459046e-06
60.0,18.5,2,8.32771963164306e-06,8.646995896914734e-06
60.0,18.900000000000002,2,9.335664637583256e-06,7.560572602587635e-06
60.0,19.3,2,1.0514711226948092e-05,6.613606487675217e-06
60.0,19.700000000000003,2,1.1873336243071799e-05,5.7877300405719795e-06
60.0,20.1,2,1.3415378632615368e-05,5.067070841508003e-06
60.0,20.5,2,1.513101751210564e-05,4.437900286226921e-06
60.0,20.900000000000002,2,1.6990817280612606e-05,3.888333302208503e-06
60.0,21.3,2,1.8944219921898916e-05,3.408071383958597e-06
60.0,21.700000000000003,2,2.0918208625727058e-05,2.98818290827965e-06
60.0,22.1,2,2.2814976010750036e-05,2.6209157232036146e-06
60.0,22.5,2,2.4511781335928374e-05,2.2995373557647202e-06
60.0,22.900000000000002,2,2.5866324121928074e-05,2.0181982341645236e-06
60.0,23.3,2,2.672840027076151e-05,1.7718136508542531e-06
60.0,23.700000000000003,2,2.6956328243029587e-05,1.55596110202e-06
60.0,24.1,2,2.6435457074279518e-05,1.3667908685725224e-06
60.0,24.5,2,2.509549578328063e-05,1.2009486545138234e-06
60.0,24.900000000000002,2,2.2923234515434213e-05,1.0555093498393567e-06
60.0,25.3,2,1.9967709675890177e-05,9.279206566263619e-07
60.0,25.700000000000003,2,1.6336110125891154e-05,8.159549411966597e-07
60.0,26.1,2,1.2180736650325385e-05,7.176677054934815e-07
60.0,26.5,2,7.680318026091575e-06,6.31361492639284e-07
60.0,26.900000000000002,2,3.0219899002275967e-06,5.555544549685016e-07
60.0,27.3,2,-1.611096001351015e-06,4.889528926897277e-07
60.0,27.700000000000003,2,-6.050836326146805e-06,4.3042693426914304e-07
60.0,28.1,2,-1.0165043796996466e-05,3.7898861419384495e-07
60.0,28.5,2,-1.3881045540590616e-05,3.337721610066231e-07
60.0,28.900000000000002,2,-1.7174152201021184e-05,2.9401702421700226e-07
60.0,29.3,2,-2.001641088753806e-05,2.5905436090015946e-07
60.0,29.700000000000003,2,-2.2377983921713554e-05,2.2829698393408185e-07
60.0,30.1,2,-2.43094562915472e-05,2.012315557931035e-07
60.0,30.5,2,-2.590009729948096e-05,1.7741109356539425e-07
60.0,30.900000000000002,2,-2.7126032313451808e-05,1.5644637765639724e-07
60.0,31.3,2,-2.8011837638918517e-05,1.3799638940795375e-07
60.0,31.700000000000003,2,-2.8723674647271522e-05,1.2175931446292442e-07
60.0,32.1,2,-2.9175930911079082e-05,1.0746584075502176e-07
60.0,32.5,2,-2.940893292157914e-05,9.487537117564858e-08
60.0,32.9,2,-2.9608100612206295e-05,8.377437093638877e-08
60.0,33.300000000000004,2,-2.9504114632447832e-05,7.397545079821392e-08
60.0,33.7,2,-2.9494325065930773e-05,6.531623077380314e-08
60.0,34.1,2,-2.923216672310022e-05,5.765774986599015e-08
60.0,34.5,2,-2.9080268488384062e-05,5.088219911077865e-08
60.0,34.9,2,-2.866888601059867e-05,4.4889546858700265e-08
60.0,35.300000000000004,2,-2.848095806207636e-05,3.9592722834602216e-08
60.0,35.7,2,-2.7825763258383436e-05,3.491280671943713e-08
60.0,36.1,2,-2.795179532285172e-05,3.0776829730025e-08
60.0,36.5,2,-2.6813163271353376e-05,2.71207508781844e-08
60.0,36.9,2,-2.6991908261076103e-05,2.389542403240512e-08
60.0,37.300000000000004,2,-2.7036770874689938e-05,2.1069487596510302e-08
60.0,37.7,2,-2.4206422421997804e-05,1.8622146079646508e-08
60.0,38.1,2,-2.6210541518703557e-05,1.652388842139619e-08
60.0,38.5,2,-3.0920688776096415e-05,1.4718578706289996e-08
60.0,38.900000000000006,2,-2.0296610403548267e-05,1.3127375944708333e-08
60.0,39.300000000000004,2,1.6894714209724527e-06,1.1676803402991419e-08
60.0,39.7,2,-2.0261645618845763e-05,1.0327495027692028e-08
60.0,0.1,5,-1.6630203763251963e-06,0.0009331399516308043
60.0,0.5,5,-1.7291366688248495e-06,0.0009301516996819697
60.0,0.9,5,-1.7436315736897256e-06,0.0009232018454790162
60.0,1.3,5,-1.7050139292640255e-06,0.0009123447985761307
60.0,1.7000000000000002,5,-1.6917742019899509e-06,0.0008976656366326724
60.0,2.1,5,-1.6539583853585542e-06,0.0008792795705040696
60.0,2.5,5,-1.5984239566936837e-06,0.0008573312704452935
60.0,2.9000000000000004,5,-1.544050569256116e-06,0.0008319941104399655
60.0,3.3000000000000003,5,-1.461544445882563e-06,0.0008034694106855583
60.0,3.7,5,-1.3737100903529398e-06,0.0007719857869536827
60.0,4.1000000000000005,5,-1.2589247335213445e-06,0.0007377987505641349
60.0,4.5,5,-1.119744685306338e-06,0.0007011907431030271
60.0,4.9,5,-9.752933226652168e-07,0.0006624718309942185
60.0,5.300000000000001,5,-7.932552013905166e-07,0.0006219813133868702
60.0,5.7,5,-6.031996483766843e-07,0.0005800904817364426
60.0,6.1000000000000005,5,-3.8159625222188e-07,0.0005372066447865112
60.0,6.5,5,-1.4518444549177167e-07,0.0004937781670534783
60.0,6.9,5,1.0797788755180225e-07,0.0004502994322527893
60.0,7.300000000000001,5,3.806487390905374e-07,0.00040731303454007037
60.0,7.7,5,6.596178050928745e-07,0.0003654040495494732
60.0,8.1,5,9.545408359202949e-07,0.0003251789968952295
60.0,8.5,5,1.2502558455506474e-06,0.0002872233492383753
60.0,8.9,5,1.5452920050791054e-06,0.0002520402688661285
60.0,9.3,5,1.8405394241279164e-06,0.00021998792002419048
60.0,9.700000000000001,5,2.1243474321850456e-06,0.00019124089025177626
60.0,10.100000000000001,5,2.3906719255763915e-06,0.00016579148555362903
60.0,10.5,5,2.644663247179809e-06,0.0001434856517963949
60.0,10.9,5,2.8835949658102565e-06,0.00012407433446316003
60.0,11.3,5,3.09462859021538e-06,0.00010726199165173031
60.0,11.700000000000001,5,3.2892127045158042e-06,9.274288849909399e-05
60.0,12.100000000000001,5,3.4630733621381876e-06,8.022388197087544e-05
60.0,12.5,5,3.619471474430566e-06,6.943641631991832e-05
60.0,12.9,5,3.757418878047048e-06,6.014128741804248e-05
60.0,13.3,5,3.885806250292314e-06,5.212912988122116e-05
60.0,13.700000000000001,5,4.014200618572947e-06,4.521865772900271e-05
60.0,14.100000000000001,5,4.137707964626348e-06,3.925390764093008e-05
60.0,14.5,5,4.267159141063224e-06,3.4101191847084955e-05
60.0,14.9,5,4.41368147863417e-06,2.964612915037517e-05
60.0,15.3,5,4.582716326029297e-06,2.579092500279263e-05
60.0,15.700000000000001,5,4.790305605714002e-06,2.2451962580471107e-05
60.0,16.1,5,5.048453060678047e-06,1.9557710462534235e-05
60.0,16.5,5,5.359307465976683e-06,1.7046926089035298e-05
60.0,16.900000000000002,5,5.742311980314147e-06,1.4867123828337748e-05
60.0,17.3,5,6.217368890167112e-06,1.2973274100528964e-05
60.0,17.7,5,6.798966444355548e-06,1.1326701179981073e-05
60.0,18.1,5,7.502079949308074e-06,9.894149986974677e-06
60.0,18.5,5,8.350506880845683e-06,8.646995585840089e-06
60.0,18.900000000000002,5,9.358869209542944e-06,7.5605728325110995e-06
60.0,19.3,5,1.0538929734514035e-05,6.6136072361516766e-06
60.0,19.700000000000003,5,1.1899719388534908e-05,5.787731199203769e-06
60.0,20.1,5,1.3441812022052139e-05,5.067072231927527e-06
60.0,20.5,5,1.5159361308803865e-05,4.437901711503664e-06
60.0,20.900000000000002,5,1.70211803037753e-05,3.888334618568802e-06
60.0,21.3,5,1.89755742555054e-05,3.4080725622166865e-06
60.0,21.700000000000003,5,2.0951737131705416e-05,2.9881840533751226e-06
60.0,22.1,5,2.2850646240852802e-05,2.6209170378298154e-06
60.0,22.5,5,2.4549336337384818e-05,2.2995390615474195e-06
60.0,22.900000000000002,5,2.59058694790064e-05,2.018200485809687e-06
60.0,23.3,5,2.6770625206087455e-05,1.7718164816516202e-06
60.0,23.700000000000003,5,2.700012881213297e-05,1.5559644207058907e-06
60.0,24.1,5,2.6481285854070045e-05,1.3667944998239937e-06
60.0,24.5,5,2.5143438901998255e-05,1.2009523956214414e-06
60.0,24.900000000000002,5,2.2971685759286142e-05,1.055513015874567e-06
60.0,25.3,5,2.001764255861266e-05,9.279241024591006e-07
60.0,25.700000000000003,5,1.6385404129765358e-05,8.159580665302666e-07
60.0,26.1,5,1.2229924491877183e-05,7.176704549788496e-07
60.0,26.5,5,7.726896717653497e-06,6.313638554437948e-07
60.0,26.900000000000002,5,3.0659518677280595e-06,5.555564572078358e-07
60.0,27.3,5,-1.5712652110655936e-06,4.88954574585569e-07
60.0,27.700000000000003,5,-6.017526454126097e-06,4.30428314641005e-07
60.0,28.1,5,-1.0137979721735857e-05,3.789896585288749e-07
60.0,28.5,5,-1.3864285413604634e-05,3.337727727208328e-07
60.0,28.900000000000002,5,-1.7166229379604047e-05,2.9401706734314187e-07
60.0,29.3,5,-2.0021183754729677e-05,2.590537044109819e-07
60.0,29.700000000000003,5,-2.2396171334464225e-05,2.2829554693719957e-07
60.0,30.1,5,-2.4341546766904135e-05,2.0122933615505847e-07
60.0,30.5,5,-2.5948395019531116e-05,1.7740817536390025e-07
60.0,30.900000000000002,5,-2.7189740570865452e-05,1.564429241014853e-07
60.0,31.3,5,-2.8092400653067185e-05,1.3799262994576238e-07
60.0,31.700000000000003,5,-2.88215802303423e-05,1.2175552926955395e-07
60.0,32.1,5,-2.9290549201081045e-05,1.0746233988850795e-07
60.0,32.5,5,-2.953931050943841e-05,9.487246431381649e-08
60.0,32.9,5,-2.9756613470108586e-05,8.377232684659804e-08
60.0,33.300000000000004,5,-2.9666754394781084e-05,7.397445083396497e-08
60.0,33.7,5,-2.967069370108729e-05,6.531632598892043e-08
60.0,34.1,5,-2.9424093619183455e-05,5.76588356210822e-08
60.0,34.5,5,-2.9284287860017015e-05,5.088402074008222e-08
60.0,34.9,5,-2.8884717702095294e-05,4.489174110476797e-08
60.0,35.300000000000004,5,-2.870892890892676e-05,3.959488411722933e-08
60.0,35.7,5,-2.806540999591639e-05,3.491455604530261e-08
60.0,36.1,5,-2.8203611380190337e-05,3.0777867839791014e-08
60.0,36.5,5,-2.7075755189421913e-05,2.7120894787954002e-08
60.0,36.9,5,-2.7266215371712275e-05,2.3894637432278043e-08
60.0,37.300000000000004,5,-2.732743317210915e-05,2.1067907475210653e-08
60.0,37.7,5,-2.4515388332533842e-05,1.8620086969553647e-08
60.0,38.1,5,-2.653828147768754e-05,1.6521793899395737e-08
60.0,38.5,5,-3.1271721473842345e-05,1.471690944568071e-08
60.0,38.900000000000006,5,-2.0677894122204636e-05,1.3126464914212669e-08
60.0,39.300000000000004,5,1.2714817984689717e-06,1.167674027432853e-08
60.0,39.7,5,-2.072415691030323e-05,1.0328101197072794e-08
62.0,0.1,2,-1.1333877985759267e-06,0.00089704686058005
62.0,0.5,2,-1.1478760671400761e-06,0.0008941741904951577
62.0,0.9,2,-1.1597256803171004e-06,0.0008874931478433647
62.0,1.3,2,-1.1612718785813815e-06,0.0008770560373808228
62.0,1.7000000000000002,2,-1.174468307318192e-06,0.0008629446457442804
62.0,2.1,2,-1.1885463872038893e-06,0.000845269727357663
62.0,2.5,2,-1.1963710094905077e-06,0.0008241703567811942
62.0,2.9000000000000004,2,-1.217692908076287e-06,0.0007998132022993659
62.0,3.3000000000000003,2,-1.2126424883262688e-06,0.0007723917976960575
62.0,3.7,2,-1.2282622568063625e-06,0.0007421259167519165
62.0,4.1000000000000005,2,-1.2228953172341545e-06,0.0007092611886536176
62.0,4.5,2,-1.2116621816596334e-06,0.0006740691313238112
62.0,4.9,2,-1.191947427908158e-06,0.0006368478190622027
62.0,5.300000000000001,2,-1.1570854256604937e-06,0.0005979234281462541
62.0,5.7,2,-1.1099291554577967e-06,0.0005576528895511315
62.0,6.1000000000000005,2,-1.0437389762041792e-06,0.0005164277581312829
62.0,6.5,2,-9.61887684571946e-07,0.000474679056165986
62.0,6.9,2,-8.530662876136293e-07,0.0004328820448550597
62.0,7.300000000000001,2,-7.295288517608046e-07,0.00039155833093422536
62.0,7.7,2,-5.827010069191385e-07,0.0003512703593887213
62.0,8.1,2,-4.1031346776099627e-07,0.00031260118954507606
62.0,8.5,2,-2.2327376457778646e-07,0.00027611364730249565
62.0,8.9,2,-7.693180532504978e-09,0.00024229143106114812
62.0,9.3,2,2.1700588875286657e-07,0.00021147884907206935
62.0,9.700000000000001,2,4.6146032231943365e-07,0.0001838437339924476
62.0,10.100000000000001,2,7.161778484274734e-07,0.00015937868911766428
62.0,10.5,2,9.744862104316947e-07,0.0001379356207914655
62.0,10.9,2,1.232696274377956e-06,0.00011927511096851966
62.0,11.3,2,1.4943254760285223e-06,0.00010311305247266777
62.0,11.700000000000001,2,1.7448811481722984e-06,8.915553832776436e-05
62.0,12.100000000000001,2,1.983242607772411e-06,7.712076453861213e-05
62.0,12.5,2,2.2145381325892575e-06,6.675056154100625e-05
62.0,12.9,2,2.4260598249282184e-06,5.781497478745814e-05
62.0,13.3,2,2.6212685207105577e-06,5.011273395241168e-05
62.0,13.700000000000001,2,2.7983403952494936e-06,4.346956273603611e-05
62.0,14.100000000000001,2,2.9628390299274632e-06,3.773552969558768e-05
62.0,14.5,2,3.112549793218491e-06,3.278211936560724e-05
62.0,14.9,2,3.2430472798747434e-06,2.8499377581842765e-05
62.0,15.3,2,3.367399447780271e-06,2.4793295394916513e-05
62.0,15.700000000000001,2,3.489109154983992e-06,2.1583491727453846e-05
62.0,16.1,2,3.60993406638982e-06,1.8801201034612224e-05
62.0,16.5,2,3.738891647658043e-06,1.638754654936101e-05
62.0,16.900000000000002,2,3.8788449160006386e-06,1.4292069044926768e-05
62.0,17.3,2,4.038023729022922e-06,1.2471478077293036e-05
62.0,17.7,2,4.232507226884746e-06,1.0888593612055637e-05
62.0,18.1,2,4.471163560038753e-06,9.511448935295071e-06
62.0,18.5,2,4.761438756011344e-06,8.312529711642057e-06
62.0,18.900000000000002,2,5.118800567646632e-06,7.2681281243230515e-06
62.0,19.3,2,5.558936853417951e-06,6.3577945505285836e-06
62.0,19.700000000000003,2,6.09394685986171e-06,5.563871916874756e-06
62.0,20.1,2,6.739505272491921e-06,4.871099912548863e-06
62.0,20.5,2,7.515799536273603e-06,4.266277996858761e-06
62.0,20.900000000000002,2,8.44032030181904e-06,3.7379778748030216e-06
62.0,21.3,2,9.52448956628007e-06,3.2762977698469217e-06
62.0,21.700000000000003,2,1.0775616039525205e-05,2.872652165345041e-06
62.0,22.1,2,1.2196380701300465e-05,2.5195916103266445e-06
62.0,22.5,2,1.3779210798173596e-05,2.210647868460842e-06
62.0,22.900000000000002,2,1.5499671610649464e-05,1.9402004341299575e-06
62.0,23.3,2,1.7312354973811172e-05,1.703361361258546e-06
62.0,23.700000000000003,2,1.9149101751202176e-05,1.4958762236606647e-06
62.0,24.1,2,2.0918467357944722e-05,1.3140394790796706e-06
62.0,24.5,2,2.2506959015066223e-05,1.1546224057967181e-06
62.0,24.900000000000002,2,2.3783866122058516e-05,1.0148114182885294e-06
62.0,25.3,2,2.4610996733571567e-05,8.921544779890689e-07
62.0,25.700000000000003,2,2.4856843088651457e-05,7.845138124159353e-07
62.0,26.1,2,2.441297662839453e-05,6.900240502038123e-07
62.0,26.5,2,2.3209826949808822e-05,6.070556230840846e-07
62.0,26.900000000000002,2,2.1229286785344966e-05,5.34183443662489e-07
62.0,27.3,2,1.851180124000595e-05,4.701604868555002e-07
62.0,27.700000000000003,2,1.515549248627419e-05,4.138954423054779e-07
62.0,28.1,2,1.1305568131449149e-05,3.6443349983163286e-07
62.0,28.5,2,7.134552401990875e-06,3.209396046503888e-07
62.0,28.900000000000002,2,2.817868033640019e-06,2.8268382202044683e-07
62.0,29.3,2,-1.484912945254823e-06,2.490284654473978e-07
62.0,29.700000000000003,2,-5.632286517566382e-06,2.1941645188218633e-07
62.0,30.1,2,-9.49537180513912e-06,1.933603609710372e-07
62.0,30.5,2,-1.2976869863593593e-05,1.7043216134873787e-07
62.0,30.900000000000002,2,-1.604795863744255e-05,1.5025426279797903e-07
62.0,31.3,2,-1.8723133326279416e-05,1.324928037893742e-07
62.0,31.700000000000003,2,-2.0979915169491547e-05,1.1685345629949425e-07
62.0,32.1,2,-2.280403580545458e-05,1.030788394290277e-07
62.0,32.5,2,-2.4294249274481216e-05,9.094581537730908e-08
62.0,32.9,2,-2.5494620532730425e-05,8.026127722612154e-08
62.0,33.300000000000004,2,-2.6343289751854985e-05,7.085641001443451e-08
62.0,33.7,2,-2.6994237445648954e-05,6.258080921641016e-08
62.0,34.1,2,-2.7476114810484222e-05,5.5298186075206516e-08
62.0,34.5,2,-2.768714000374483e-05,4.888445986923443e-08
62.0,34.9,2,-2.7907375840623993e-05,4.32277240644369e-08
62.0,35.300000000000004,2,-2.78600447422565e-05,3.822891277940582e-08
62.0,35.7,2,-2.7821408421139404e-05,3.3802276259864026e-08
62.0,36.1,2,-2.7635606633339216e-05,2.987542484474266e-08
62.0,36.5,2,-2.7441456718667633e-05,2.638865438369004e-08
62.0,36.9,2,-2.7161880825554296e-05,2.3293037238149607e-08
62.0,37.300000000000004,2,-2.692693039046788e-05,2.0546820584098946e-08
62.0,37.7,2,-2.6361166253792875e-05,1.8111414152168118e-08
62.0,38.1,2,-2.6488227808897378e-05,1.5949578391595208e-08
62.0,38.5,2,-2.5375319449546676e-05,1.4028641152769454e-08
62.0,38.900000000000006,2,-2.5696932972859768e-05,1.232699444285831e-08
62.0,39.300000000000004,2,-2.560226535722234e-05,1.0838255447260492e-08
62.0,39.7,2,-2.2874785106122802e-05,9.565602670141406e-09
62.0,0.1,5,-1.1772107809607014e-06,0.0008970468410306588
62.0,0.5,5,-1.1622565682499044e-06,0.0008941741722987135
62.0,0.9,5,-1.1635526805288374e-06,0.0008874931325354178
62.0,1.3,5,-1.161310510146527e-06,0.0008770560259174538
62.0,1.7000000000000002,5,-1.1739307693259853e-06,0.0008629446383447582
62.0,2.1,5,-1.189041760108053e-06,0.000845269723539703
62.0,2.5,5,-1.1981664506582095e-06,0.0008241703555771
62.0,2.9000000000000004,5,-1.21997719758101e-06,0.0007998132025739072
62.0,3.3000000000000003,5,-1.2143209304498995e-06,0.00077239179844667
62.0,3.7,5,-1.2289884202900969e-06,0.0007421259172892331
62.0,4.1000000000000005,5,-1.2234455422442022e-06,0.0007092611886307409
62.0,4.5,5,-1.2131256921714284e-06,0.0006740691306628013
62.0,4.9,5,-1.1945206803616507e-06,0.0006368478178632534
62.0,5.300000000000001,5,-1.159976015842961e-06,0.0005979234266370557
62.0,5.7,5,-1.112534469708377e-06,0.0005576528880688403
62.0,6.1000000000000005,5,-1.0463034525275153e-06,0.0005164277570830463
62.0,6.5,5,-9.64575548362138e-07,0.00047467905592540687
62.0,6.9,5,-8.552681534644999e-07,0.00043288204561244253
62.0,7.300000000000001,5,-7.309654887265025e-07,0.00039155833257783584
62.0,7.7,5,-5.840770632580001e-07,0.00035127036150142796
62.0,8.1,5,-4.1172903751605127e-07,0.0003126011915435738
62.0,8.5,5,-2.2375573594801415e-07,0.0002761136486619333
62.0,8.9,5,-7.4229254149222025e-09,0.0002422914315145573
62.0,9.3,5,2.1680009917402022e-07,0.0002114788486875958
62.0,9.700000000000001,5,4.612156259218922e-07,0.00018384373310101408
62.0,10.100000000000001,5,7.170947140307589e-07,0.00015937868814251967
62.0,10.5,5,9.764429936848368e-07,0.00013793562007155308
62.0,10.9,5,1.2354096659448206e-06,0.00011927511065281972
62.0,11.3,5,1.497225210889052e-06,0.00010311305251143021
62.0,11.700000000000001,5,1.747371167581307e-06,8.915553853433312e-05
62.0,12.100000000000001,5,1.986530200411714e-06,7.712076467135416e-05
62.0,12.5,5,2.2189277990219523e-06,6.67505613656702e-05
62.0,12.9,5,2.431123435991118e-06,5.7814974111080324e-05
62.0,13.3,5,2.6276669559077203e-06,5.011273264472199e-05
62.0,13.700000000000001,5,2.805110702253695e-06,4.346956075499575e-05
62.0,14.100000000000001,5,2.970380925024178e-06,3.773552711495296e-05
62.0,14.5,5,3.1214800376994303e-06,3.278211638258494e-05
62.0,14.9,5,3.251994717661934e-06,2.8499374482019083e-05
62.0,15.3,5,3.3769823593597862e-06,2.4793292473556934e-05
62.0,15.700000000000001,5,3.500326792163091e-06,2.1583489195240973e-05
62.0,16.1,5,3.6225028034372568e-06,1.8801198951498225e-05
62.0,16.5,5,3.750957550113895e-06,1.6387544818539852e-05
62.0,16.900000000000002,5,3.891974559769489e-06,1.4292067468053215e-05
62.0,17.3,5,4.05236189299884e-06,1.247147644096326e-05
62.0,17.7,5,4.247673442734918e-06,1.08885917639158e-05
62.0,18.1,5,4.486639317630825e-06,9.511446820342854e-06
62.0,18.5,5,4.77787436189348e-06,8.312527365638608e-06
62.0,18.900000000000002,5,5.135758686079188e-06,7.268125642423715e-06
62.0,19.3,5,5.576911162023364e-06,6.357792055385215e-06
62.0,19.700000000000003,5,6.112901784932437e-06,5.5638695391898175e-06
62.0,20.1,5,6.758334512420733e-06,4.871097781872679e-06
62.0,20.5,5,7.536362874891233e-06,4.266276230425551e-06
62.0,20.900000000000002,5,8.461868639960056e-06,3.737976555798481e-06
62.0,21.3,5,9.546010891622903e-06,3.2762969186702067e-06
62.0,21.700000000000003,5,1.0799416869111683e-05,2.8726517193917256e-06
62.0,22.1,5,1.2220843753744343e-05,2.5195914308842495e-06
62.0,22.5,5,1.3804832196748353e-05,2.210647782683415e-06
62.0,22.900000000000002,5,1.5527265977144395e-05,1.940200301579861e-06
62.0,23.3,5,1.7341208715731237e-05,1.7033611376293792e-06
62.0,23.700000000000003,5,1.917977134651431e-05,1.4958759905512716e-06
62.0,24.1,5,2.095101321036335e-05,1.3140394222219985e-06
62.0,24.5,5,2.254174031414568e-05,1.1546227490924526e-06
62.0,24.900000000000002,5,2.3819836513926636e-05,1.0148123435627968e-06
62.0,25.3,5,2.4650439504977662e-05,8.921560665687549e-07
62.0,25.700000000000003,5,2.4896522303580594e-05,7.845160308589795e-07
62.0,26.1,5,2.4456074087386566e-05,6.900267776294545e-07
62.0,26.5,5,2.3253430838425248e-05,6.070586978154507e-07
62.0,26.900000000000002,5,2.1274771558070858e-05,5.341867040160543e-07
62.0,27.3,5,1.855750665788642e-05,4.701637938135243e-07
62.0,27.700000000000003,5,1.5201706048112383e-05,4.1389868786760364e-07
62.0,28.1,5,1.1350996415272748e-05,3.644366111890252e-07
62.0,28.5,5,7.177804657860679e-06,3.2094254790308243e-07
62.0,28.900000000000002,5,2.8592753530991543e-06,2.8268659892644895e-07
62.0,29.3,5,-1.4488313868111523e-06,2.490310945089901e-07
62.0,29.700000000000003,5,-5.5997416244130405e-06,2.1941893484397533e-07
62.0,30.1,5,-9.471573419461632e-06,1.9336264931974777e-07
62.0,30.5,5,-1.2960083699969718e-05,1.7043414231979664e-07
62.0,30.900000000000002,5,-1.6041254695452345e-05,1.5025577515198304e-07
62.0,31.3,5,-1.8727562155160186e-05,1.3249367679543004e-07
62.0,31.700000000000003,5,-2.099640074507377e-05,1.1685355377009693e-07
62.0,32.1,5,-2.2834524591166193e-05,1.0307809189467825e-07
62.0,32.5,5,-2.4339494367484614e-05,9.094423443732967e-08
62.0,32.9,5,-2.5554447268803293e-05,8.025895664696107e-08
62.0,33.300000000000004,5,-2.6419160746832375e-05,7.085352073495113e-08
62.0,33.7,5,-2.7087009430494712e-05,6.257759087908939e-08
62.0,34.1,5,-2.758272743445032e-05,5.5294932114491516e-08
62.0,34.5,5,-2.7810625017888583e-05,4.888149158955716e-08
62.0,34.9,5,-2.8047004375519045e-05,4.322535186648277e-08
62.0,35.300000000000004,5,-2.801279487690078e-05,3.822738758256265e-08
62.0,35.7,5,-2.7988730740659254e-05,3.380173982000394e-08
62.0,36.1,5,-2.781651242422039e-05,2.9875872879176836e-08
62.0,36.5,5,-2.7634657690879758e-05,2.638992755810853e-08
62.0,36.9,5,-2.736662759156866e-05,2.32948476304062e-08
62.0,37.300000000000004,5,-2.714200814345133e-05,2.0548806240686005e-08
62.0,37.7,5,-2.6588222156784414e-05,1.8113202176596986e-08
62.0,38.1,5,-2.6727904531822927e-05,1.5950838766832228e-08
62.0,38.5,5,-2.562514225506619e-05,1.4029129316202375e-08
62.0,38.900000000000006,5,-2.595753369130276e-05,1.2326591657700704e-08
62.0,39.300000000000004,5,-2.5877745206357176e-05,1.0837008958369816e-08
62.0,39.7,5,-2.316764353667917e-05,9.563746745248938e-09
64.0,0.1,2,-8.041291766307826e-07,0.00028359567800425846
64.0,0.5,2,-7.42661878644714e-07,0.00028268750170145154
64.0,0.9,2,-7.498308215005263e-07,0.0002805753326841218
64.0,1.3,2,-7.699745567368325e-07,0.00027727570666857793
64.0,1.7000000000000002,2,-7.775308686584426e-07,0.0002728144798655739
64.0,2.1,2,-7.935256754228144e-07,0.0002672266665032903
64.0,2.5,2,-8.090862135731002e-07,0.00026055623411962495
64.0,2.9000000000000004,2,-8.414701415899723e-07,0.0002528558739184146
64.0,3.3000000000000003,2,-8.516493109851936e-07,0.0002441867705019088
64.0,3.7,2,-8.831826398722863e-07,0.00023461840404406068
64.0,4.1000000000000005,2,-9.047063624846284e-07,0.00022422842863637372
64.0,4.5,2,-9.309391994625951e-07,0.000213102682808391
64.0,4.9,2,-9.516168305948873e-07,0.0002013354006438988
64.0,5.300000000000001,2,-9.728287065067036e-07,0.00018902970049147703
64.0,5.7,2,-9.84648405940039e-07,0.00017629842366920968
64.0,6.1000000000000005,2,-9.966477658797636e-07,0.00016326535769724116
64.0,6.5,2,-9.976328549271453e-07,0.00015006676751878865
64.0,6.9,2,-9.9152069060285e-07,0.0001368529039149936
64.0,7.300000000000001,2,-9.699942957343898e-07,0.00012378866943521757
64.0,7.7,2,-9.381561384388788e-07,0.00011105187726768282
64.0,8.1,2,-8.916450506003748e-07,9.882685761219273e-05
64.0,8.5,2,-8.256044503814001e-07,8.729154408169693e-05
64.0,8.9,2,-7.424363523049665e-07,7.659885502775491e-05
64.0,9.3,2,-6.424442391438483e-07,6.685764219411063e-05
64.0,9.700000000000001,2,-5.162121136176032e-07,5.812096637603774e-05
64.0,10.100000000000001,2,-3.7753041129212083e-07,5.038649086676004e-05
64.0,10.5,2,-2.116858371449437e-07,4.3607397782772214e-05
64.0,10.9,2,-3.2958236252132657e-08,3.7707996221905794e-05
64.0,11.3,2,1.6119659216000332e-07,3.2598465759029484e-05
64.0,11.700000000000001,2,3.690976723915468e-07,2.818588732379409e-05
64.0,12.100000000000001,2,5.901175758942696e-07,2.4381168784658612e-05
64.0,12.5,2,8.110092053388352e-07,2.1102691341932587e-05
64.0,12.9,2,1.0394772923116954e-06,1.8277757647064832e-05
64.0,13.3,2,1.2679174122520919e-06,1.5842739404535736e-05
64.0,13.700000000000001,2,1.487205296979241e-06,1.3742542043615384e-05
64.0,14.100000000000001,2,1.7019080986239176e-06,1.1929766493382075e-05
64.0,14.5,2,1.9067532216397618e-06,1.0363783054512707e-05
64.0,14.9,2,2.1018349256209233e-06,9.009829178206717e-06
64.0,15.3,2,2.2791349518095104e-06,7.838182898466312e-06
64.0,15.700000000000001,2,2.4412163228524605e-06,6.823430761236588e-06
64.0,16.1,2,2.59520994258321e-06,5.943832136041041e-06
64.0,16.5,2,2.734269762076371e-06,5.180773658605683e-06
64.0,16.900000000000002,2,2.8606482387375553e-06,4.51830411555902e-06
64.0,17.3,2,2.9798435718524095e-06,3.942739186794367e-06
64.0,17.7,2,3.0930505761399755e-06,3.4423260000084787e-06
64.0,18.1,2,3.2091346269089226e-06,3.0069587027927344e-06
64.0,18.5,2,3.3346191731180186e-06,2.627937612730206e-06
64.0,18.900000000000002,2,3.4696805311369277e-06,2.297765539555194e-06
64.0,19.3,2,3.6221297187384586e-06,2.0099755030463073e-06
64.0,19.700000000000003,2,3.8046593018115412e-06,1.758984547491906e-06
64.0,20.1,2,4.025418857742738e-06,1.5399690134812104e-06
64.0,20.5,2,4.293628624246267e-06,1.3487575822667256e-06
64.0,20.900000000000002,2,4.624408571759533e-06,1.1817394424866395e-06
64.0,21.3,2,5.03270970911459e-06,1.0357856888826603e-06
64.0,21.700000000000003,2,5.53020734664515e-06,9.08182361848182e-07
64.0,22.1,2,6.130066257962042e-06,7.965735120742817e-07
64.0,22.5,2,6.84940438050459e-06,6.989126502214819e-07
64.0,22.900000000000002,2,7.70535043124532e-06,6.134211354410155e-07
64.0,23.3,2,8.710597635569747e-06,5.385524064416922e-07
64.0,23.700000000000003,2,9.872275278808322e-06,4.7296122722151444e-07
64.0,24.1,2,1.1191624714153358e-05,4.154771670658178e-07
64.0,24.5,2,1.2661281798020909e-05,3.650814819556931e-07
64.0,24.900000000000002,2,1.4260294739653774e-05,3.208866737273912e-07
64.0,25.3,2,1.5948982506916584e-05,2.821183850334027e-07
64.0,25.700000000000003,2,1.7665322596000116e-05,2.4809973696369686e-07
64.0,26.1,2,1.932375599124545e-05,2.1823836337535153e-07
64.0,26.5,2,2.081715314006028e-05,1.9201606304546522e-07
64.0,26.900000000000002,2,2.20225621817557e-05,1.689804077353148e-07
64.0,27.3,2,2.2810790694623556e-05,1.4873729854340103e-07
64.0,27.700000000000003,2,2.305931503751726e-05,1.3094368654071832e-07
64.0,28.1,2,2.266743451647951e-05,1.1530033836189742e-07
64.0,28.5,2,2.157110596768511e-05,1.0154513845350506e-07
64.0,28.900000000000002,2,1.9753444527291318e-05,8.944753819439683e-08
64.0,29.3,2,1.7248465833851922e-05,7.880437579978065e-08
64.0,29.700000000000003,2,1.4139526472669975e-05,6.943679416960633e-08
64.0,30.1,2,1.0554388604342533e-05,6.118779188452075e-08
64.0,30.5,2,6.654828810216145e-06,5.392011221333208e-08
64.0,30.900000000000002,2,2.61649776561514e-06,4.751439797838789e-08
64.0,31.3,2,-1.4002111989012053e-06,4.186750926821885e-08
64.0,31.700000000000003,2,-5.272023972156242e-06,3.6890671565040135e-08
64.0,32.1,2,-8.902075030801385e-06,3.250707755132019e-08
64.0,32.5,2,-1.219431244649366e-05,2.864899037396484e-08
64.0,32.9,2,-1.5082258992051606e-05,2.5255076495245316e-08
64.0,33.300000000000004,2,-1.758279031826658e-05,2.226900663432842e-08
64.0,33.7,2,-1.972727114062084e-05,1.9639831914082363e-08
64.0,34.1,2,-2.14761031125012e-05,1.7323493262852257e-08
64.0,34.5,2,-2.2867779303747388e-05,1.5283924761319138e-08
64.0,34.9,2,-2.402292768175231e-05,1.3492376588709878e-08
64.0,35.300000000000004,2,-2.4874570762401486e-05,1.1924800616339378e-08
64.0,35.7,2,-2.5472087291131642e-05,1.0558516813151517e-08
64.0,36.1,2,-2.5965903773622895e-05,9.369856548501357e-09
64.0,36.5,2,-2.6173333939756295e-05,8.33372552336996e-09
64.0,36.9,2,-2.6365384620287072e-05,7.4248000242850015e-09
64.0,37.300000000000004,2,-2.6390145058604847e-05,6.619397387101958e-09
64.0,37.7,2,-2.6323568707751165e-05,5.89720788280183e-09
64.0,38.1,2,-2.6226293222515387e-05,5.242647453463431e-09
64.0,38.5,2,-2.5967151192361525e-05,4.64551227517987e-09
64.0,38.900000000000006,2,-2.580123299767544e-05,4.100329886418766e-09
64.0,39.300000000000004,2,-2.5524956923617292e-05,3.603841134750693e-09
64.0,39.7,2,-2.5070064235570106e-05,3.1516915696854117e-09
64.0,0.1,5,-8.000921323881511e-07,0.00028359568354872406
64.0,0.5,5,-7.423650388781491e-07,0.00028268750690389885
64.0,0.9,5,-7.507797216103871e-07,0.00028057533703746264
64.0,1.3,5,-7.716761610571968e-07,0.00027727570963188776
64.0,1.7000000000000002,5,-7.796739572666211e-07,0.00027281448102157573
64.0,2.1,5,-7.955458891698362e-07,0.0002672266657730885
64.0,2.5,5,-8.104186990480131e-07,0.00026055623188472063
64.0,2.9000000000000004,5,-8.420653849152901e-07,0.000252855870944609
64.0,3.3000000000000003,5,-8.522040985427571e-07,0.0002441867676855128
64.0,3.7,5,-8.846818805915732e-07,0.00023461840211391085
64.0,4.1000000000000005,5,-9.075155231639428e-07,0.0002242284279647179
64.0,4.5,5,-9.34344492223306e-07,0.00021310268340270124
64.0,4.9,5,-9.54475849336953e-07,0.00020133540227646645
64.0,5.300000000000001,5,-9.747274618922255e-07,0.00018902970285790413
64.0,5.7,5,-9.861199577554556e-07,0.00017629842648686888
64.0,6.1000000000000005,5,-9.981483553489826e-07,0.00016326536072890676
64.0,6.5,5,-9.988910440063142e-07,0.00015006677056850215
64.0,6.9,5,-9.923480143301877e-07,0.0001368529068475013
64.0,7.300000000000001,5,-9.70945640608568e-07,0.00012378867222469255
64.0,7.7,5,-9.395140053640745e-07,0.00011105188003279434
64.0,8.1,5,-8.927523942493288e-07,9.882686058686606e-05
64.0,8.5,5,-8.26323239683559e-07,8.729154751037996e-05
64.0,8.9,5,-7.436611125235004e-07,7.659885902853532e-05
64.0,9.3,5,-6.44005973362708e-07,6.685764666142577e-05
64.0,9.700000000000001,5,-5.168408032224537e-07,5.8120970979004596e-05
64.0,10.100000000000001,5,-3.774733214224064e-07,5.038649515188807e-05
64.0,10.5,5,-2.1207775509364803e-07,4.360740133791169e-05
64.0,10.9,5,-3.3717718970910286e-08,3.770799882734644e-05
64.0,11.3,5,1.6042573616089426e-07,3.259846745749343e-05
64.0,11.700000000000001,5,3.6890991275195735e-07,2.8185888381653508e-05
64.0,12.100000000000001,5,5.912676455965088e-07,2.4381169570152925e-05
64.0,12.5,5,8.125864369967852e-07,2.1102692182707736e-05
64.0,12.9,5,1.0411338922896808e-06,1.8277758730235776e-05
64.0,13.3,5,1.270197538126922e-06,1.584274075024931e-05
64.0,13.700000000000001,5,1.4895334160328337e-06,1.3742543540453775e-05
64.0,14.100000000000001,5,1.7050966765120899e-06,1.1929767958703176e-05
64.0,14.5,5,1.910707691385256e-06,1.0363784285903913e-05
64.0,14.9,5,2.105839841815715e-06,9.009829985503175e-06
64.0,15.3,5,2.2846418563817983e-06,7.838183127582031e-06
64.0,15.700000000000001,5,2.4477126965400417e-06,6.82343032378839e-06
64.0,16.1,5,2.601660674845908e-06,5.943831043537743e-06
64.0,16.5,5,2.7409687317738725e-06,5.1807720411194386e-06
64.0,16.900000000000002,5,2.8692605242618134e-06,4.518302201848655e-06
64.0,17.3,5,2.989172486349645e-06,3.9427372404433455e-06
64.0,17.7,5,3.1025169838202394e-06,3.4423242332718025e-06
64.0,18.1,5,3.2194911092407146e-06,3.0069572070543406e-06
64.0,18.5,5,3.345913257036774e-06,2.6279363384539675e-06
64.0,18.900000000000002,5,3.4817542289604073e-06,2.297764332736362e-06
64.0,19.3,5,3.6348324430949032e-06,2.009974176389293e-06
64.0,19.700000000000003,5,3.818109417529361e-06,1.7589829501255868e-06
64.0,20.1,5,4.039108916474008e-06,1.5399670708754836e-06
64.0,20.5,5,4.3090016685668966e-06,1.3487552990229648e-06
64.0,20.900000000000002,5,4.639721545357214e-06,1.1817368815026525e-06
64.0,21.3,5,5.048414168400936e-06,1.0357829467604923e-06
64.0,21.700000000000003,5,5.547921080487837e-06,9.08179553432377e-07
64.0,22.1,5,6.1471439493453515e-06,7.96570762717412e-07
64.0,22.5,5,6.868045957814026e-06,6.989100853929653e-07
64.0,22.900000000000002,5,7.724831268906356e-06,6.134188591545026e-07
64.0,23.3,5,8.730710922255055e-06,5.385504706431291e-07
64.0,23.700000000000003,5,9.893747024697338e-06,4.729596065298045e-07
64.0,24.1,5,1.1213970588923972e-05,4.154757572876865e-07
64.0,24.5,5,1.2685290435450644e-05,3.650801329520083e-07
64.0,24.900000000000002,5,1.428501335749789e-05,3.2088524994079e-07
64.0,25.3,5,1.5976224198573705e-05,2.8211682985072185e-07
64.0,25.700000000000003,5,1.769293322754225e-05,2.48098110678587e-07
64.0,26.1,5,1.9354600716383732e-05,2.18236834409008e-07
64.0,26.5,5,2.0848312681895622e-05,1.9201485453595575e-07
64.0,26.900000000000002,5,2.2056997385012285e-05,1.6897972403028238e-07
64.0,27.3,5,2.2846257292782248e-05,1.48737265126255e-07
64.0,27.700000000000003,5,2.3097004237658516e-05,1.3094432707126155e-07
64.0,28.1,5,2.270682237311646e-05,1.1530159056563839e-07
64.0,28.5,5,2.1612143335388723e-05,1.0154689117755577e-07
64.0,28.900000000000002,5,1.9795420533349083e-05,8.944966709124784e-08
64.0,29.3,5,1.729123308792403e-05,7.880676519228662e-08
64.0,29.700000000000003,5,1.4182712722504772e-05,6.94393471684575e-08
64.0,30.1,5,1.0596319321332281e-05,6.119043729890484e-08
64.0,30.5,5,6.69629950939368e-06,5.3922811495099084e-08
64.0,30.900000000000002,5,2.6536967381059964e-06,4.751714569513838e-08
64.0,31.3,5,-1.3648322884941061e-06,4.1870317911897806e-08
64.0,31.700000000000003,5,-5.242926035820029e-06,3.689354018101826e-08
64.0,32.1,5,-8.878711082090883e-06,3.250995707821526e-08
64.0,32.5,5,-1.2178929226012226e-05,2.865176480598419e-08
64.0,32.9,5,-1.5076131132381764e-05,2.525757176291311e-08
64.0,33.300000000000004,5,-1.758695222909667e-05,2.227102363665058e-08
64.0,33.7,5,-1.9742560970992174e-05,1.9641188125216577e-08
64.0,34.1,5,-2.150511965721586e-05,1.7324056869364268e-08
64.0,34.5,5,-2.291008371909918e-05,1.5283634477625073e-08
64.0,34.9,5,-2.4078676581127582e-05,1.349125001617143e-08
64.0,35.300000000000004,5,-2.494732596146478e-05,1.1922936993531102e-08
64.0,35.7,5,-2.555897911306205e-05,1.0556096180682298e-08
64.0,36.1,5,-2.60670562334576e-05,9.367132072161808e-09
64.0,36.5,5,-2.62906671807229e-05,8.331003838862543e-09
64.0,36.9,5,-2.6496776963255752e-05,7.422406641674473e-09
64.0,37.300000000000004,5,-2.6535116876694516e-05,6.617628767146306e-09
64.0,37.7,5,-2.648167295270329e-05,5.896277653577578e-09
64.0,38.1,5,-2.6397054803142786e-05,5.242640287542107e-09
64.0,38.5,5,-2.615089883609391e-05,4.64636151657136e-09
64.0,38.900000000000006,5,-2.5995538137583375e-05,4.101829087107088e-09
64.0,39.300000000000004,5,-2.5728239086156246e-05,3.605685546235578e-09
64.0,39.7,5,-2.528474937240008e-05,3.153532830887536e-09
66.0,0.1,2,-6.872397013503008e-07,-0.0005123833576753823
66.0,0.5,2,-5.931231249055195e-07,-0.0005107425213947739
66.0,0.9,2,-5.979627088352756e-07,-0.0005069263862244152
66.0,1.3,2,-6.131019444047079e-07,-0.0005009648279224823
66.0,1.7000000000000002,2,-6.094353662502794e-07,-0.0004929045619417468
66.0,2.1,2,-6.195098024203746e-07,-0.0004828088498259603
66.0,2.5,2,-6.190859636943411e-07,-0.00047075712929500686
66.0,2.9000000000000004,2,-6.349881350244418e-07,-0.0004568445993054684
66.0,3.3000000000000003,2,-6.404058164680135e-07,-0.0004411818040498131
66.0,3.7,2,-6.541490109253051e-07,-0.0004238942756323094
66.0,4.1000000000000005,2,-6.639169522723918e-07,-0.00040512231438131693
66.0,4.5,2,-6.80371782459172e-07,-0.00038502100791127617
66.0,4.9,2,-6.954591039584955e-07,-0.00036376061251862233
66.0,5.300000000000001,2,-7.13833664976161e-07,-0.00034152743605979173
66.0,5.7,2,-7.312125537955649e-07,-0.00031852535319266956
66.0,6.1000000000000005,2,-7.489779703805063e-07,-0.0002949780154337701
66.0,6.5,2,-7.655253890482836e-07,-0.00027113161774390115
66.0,6.9,2,-7.880278604817111e-07,-0.00024725762393475176
66.0,7.300000000000001,2,-7.988402241683456e-07,-0.0002236539699050654
66.0,7.7,2,-8.158070246871703e-07,-0.00020064191792350087
66.0,8.1,2,-8.212078253078445e-07,-0.00017855450504162735
66.0,8.5,2,-8.263785738470156e-07,-0.00015771321153317135
66.0,8.9,2,-8.205527151497425e-07,-0.00013839432151965247
66.0,9.3,2,-8.055525658367525e-07,-0.00012079450163691069
66.0,9.700000000000001,2,-7.830861359950709e-07,-0.00010500961783454058
66.0,10.100000000000001,2,-7.451445889736761e-07,-9.10354465499302e-05
66.0,10.5,2,-6.926501666437794e-07,-7.878739873017009e-05
66.0,10.9,2,-6.272502683701331e-07,-6.81287207831267e-05
66.0,11.3,2,-5.395144083296146e-07,-5.889713236391547e-05
66.0,11.700000000000001,2,-4.4042164265232675e-07,-5.092475521881866e-05
66.0,12.100000000000001,2,-3.212324978849812e-07,-4.405062435963418e-05
66.0,12.5,2,-1.839965120003018e-07,-3.8127275271165755e-05
66.0,12.9,2,-3.099741427965586e-08,-3.3023360705574356e-05
66.0,13.3,2,1.331293491766689e-07,-2.8623918686049075e-05
66.0,13.700000000000001,2,3.161873459185687e-07,-2.482940651983069e-05
66.0,14.100000000000001,2,5.03993487242662e-07,-2.1554186657673446e-05
66.0,14.5,2,6.981304859966921e-07,-1.872485286564889e-05
66.0,14.9,2,8.995846223312307e-07,-1.627859938801696e-05
66.0,15.3,2,1.1006146403915696e-06,-1.4161727207301506e-05
66.0,15.700000000000001,2,1.2991558797297967e-06,-1.2328321480270423e-05
66.0,16.1,2,1.489273483288708e-06,-1.073910311814577e-05
66.0,16.5,2,1.6756540555306583e-06,-9.360442876439926e-06
66.0,16.900000000000002,2,1.8537270845817582e-06,-8.163520631697443e-06
66.0,17.3,2,2.0153668006987633e-06,-7.123611259462195e-06
66.0,17.7,2,2.16637230248796e-06,-6.219479258438103e-06
66.0,18.1,2,2.307043761720593e-06,-5.432865863852134e-06
66.0,18.5,2,2.436462906096285e-06,-4.748054395540803e-06
66.0,18.900000000000002,2,2.5588994871891934e-06,-4.1515017117626405e-06
66.0,19.3,2,2.672863070284209e-06,-3.6315255902127515e-06
66.0,19.700000000000003,2,2.7796933900561204e-06,-3.1780394020624796e-06
66.0,20.1,2,2.8891365034770464e-06,-2.7823265772825263e-06
66.0,20.5,2,3.0069358159339597e-06,-2.4368483073678682e-06
66.0,20.900000000000002,2,3.135177673696563e-06,-2.1350789597546137e-06
66.0,21.3,2,3.2815045720071285e-06,-1.8713648471372143e-06
66.0,21.700000000000003,2,3.4557311782001116e-06,-1.6408030945211275e-06
66.0,22.1,2,3.664472084002537e-06,-1.4391380801987586e-06
66.0,22.5,2,3.915691211531941e-06,-1.2626731821138293e-06
66.0,22.900000000000002,2,4.222709600264274e-06,-1.1081955299087156e-06
66.0,23.3,2,4.600497076902488e-06,-9.729114933482946e-07
66.0,23.700000000000003,2,5.061886692108429e-06,-8.543909512404413e-07
66.0,24.1,2,5.61920319866015e-06,-7.50518910354099e-07
66.0,24.5,2,6.287009964572396e-06,-6.594535141320668e-07
66.0,24.900000000000002,2,7.081185811501685e-06,-5.795896965342401e-07
66.0,25.3,2,8.01530128079739e-06,-5.095277439356915e-07
66.0,25.700000000000003,2,9.09751875568526e-06,-4.480460479826097e-07
66.0,26.1,2,1.0328909673311226e-05,-3.9407751278176326e-07
66.0,26.5,2,1.1701704621469145e-05,-3.466893292741522e-07
66.0,26.900000000000002,2,1.319607892323875e-05,-3.0506590756018497e-07
66.0,27.3,2,1.477578976835853e-05,-2.684945435982229e-07
66.0,27.700000000000003,2,1.6384383926179877e-05,-2.3635306574368865e-07
66.0,28.1,2,1.794357578013724e-05,-2.0809861380475604e-07
66.0,28.5,2,1.935437592080354e-05,-1.8325705453560437e-07
66.0,28.900000000000002,2,2.050142511314149e-05,-1.6141315765661555e-07
66.0,29.3,2,2.1261647390790314e-05,-1.4220209606010516e-07
66.0,29.700000000000003,2,2.1517314260764337e-05,-1.2530274630173923e-07
66.0,30.1,2,2.117117897717556e-05,-1.1043272094132861e-07
66.0,30.5,2,2.0161045642647792e-05,-9.734450357531316e-08
66.0,30.900000000000002,2,1.8471679399637772e-05,-8.582191515699446e-08
66.0,31.3,2,1.6139517067698102e-05,-7.567647645069911e-08
66.0,31.700000000000003,2,1.3246315260580304e-05,-6.67437093595677e-08
66.0,32.1,2,9.906702984593583e-06,-5.8879644253068676e-08
66.0,32.5,2,6.259053957312715e-06,-5.19576878350673e-08
66.0,32.9,2,2.4606772407248485e-06,-4.5865825791385036e-08
66.0,33.300000000000004,2,-1.3247275315929112e-06,-4.0504183175954987e-08
66.0,33.7,2,-4.960535454346977e-06,-3.578321175648598e-08
66.0,34.1,2,-8.365577250164265e-06,-3.162285669197174e-08
66.0,34.5,2,-1.1482461295144508e-05,-2.795267669692276e-08
66.0,34.9,2,-1.4234859015958537e-05,-2.471221806646088e-08
66.0,35.300000000000004,2,-1.6591995274013857e-05,-2.1850568046202533e-08
66.0,35.7,2,-1.86138003106731e-05,-1.9324439759688557e-08
66.0,36.1,2,-2.0302990936213727e-05,-1.7095231105765427e-08
66.0,36.5,2,-2.1620702991636616e-05,-1.5126454756016314e-08
66.0,36.9,2,-2.269689814110607e-05,-1.3382923269664415e-08
66.0,37.300000000000004,2,-2.354902398460523e-05,-1.1831999717046869e-08
66.0,37.7,2,-2.4111699017478175e-05,-1.0445887404905783e-08
66.0,38.1,2,-2.459972590144986e-05,-9.20334477669154e-09
66.0,38.5,2,-2.4841956310912178e-05,-8.08978862922513e-09
66.0,38.900000000000006,2,-2.49838701421962e-05,-7.095892566336417e-09
66.0,39.300000000000004,2,-2.5065280678564143e-05,-6.215454865909146e-09
66.0,39.7,2,-2.496377294063837e-05,-5.443261779059406e-09
66.0,0.1,5,-6.575694970626296e-07,-0.0005123833582565237
66.0,0.5,5,-5.862855682159813e-07,-0.0005107425219949506
66.0,0.9,5,-5.994608726685905e-07,-0.0005069263868102164
66.0,1.3,5,-6.174187950339728e-07,-0.0005009648283510683
66.0,1.7000000000000002,5,-6.1401730574866e-07,-0.0004929045619771343
66.0,2.1,5,-6.233624050112573e-07,-0.00048280884922598005
66.0,2.5,5,-6.223003583862732e-07,-0.00047075712793578326
66.0,2.9000000000000004,5,-6.381419200032777e-07,-0.00045684459727887727
66.0,3.3000000000000003,5,-6.438162466257311e-07,-0.0004411818016694727
66.0,3.7,5,-6.574170803563337e-07,-0.0004238942733265564
66.0,4.1000000000000005,5,-6.662014838937504e-07,-0.0004051223125183756
66.0,4.5,5,-6.812447024558406e-07,-0.0003850210066498247
66.0,4.9,5,-6.954766781651864e-07,-0.00036376061176904084
66.0,5.300000000000001,5,-7.14063479283382e-07,-0.00034152743557657936
66.0,5.7,5,-7.32155704806587e-07,-0.00031852535273806484
66.0,6.1000000000000005,5,-7.50262218501656e-07,-0.000294978014911399
66.0,6.5,5,-7.667890080146432e-07,-0.00027113161722758884
66.0,6.9,5,-7.895489356221846e-07,-0.00024725762359081106
66.0,7.300000000000001,5,-8.008150212250958e-07,-0.0002236539698729827
66.0,7.7,5,-8.177103766159556e-07,-0.0002006419182345322
66.0,8.1,5,-8.227251728275489e-07,-0.00017855450561307502
66.0,8.5,5,-8.280802749970766e-07,-0.00015771321221603633
66.0,8.9,5,-8.225496058139753e-07,-0.00013839432214689885
66.0,9.3,5,-8.069467690708307e-07,-0.00012079450203790423
66.0,9.700000000000001,5,-7.839490226652456e-07,-0.00010500961782462502
66.0,10.100000000000001,5,-7.466837862183829e-07,-9.103544593151116e-05
66.0,10.5,5,-6.946904750996192e-07,-7.878739733295906e-05
66.0,10.9,5,-6.286134709938175e-07,-6.812871853741172e-05
66.0,11.3,5,-5.401087820166769e-07,-5.889712936807664e-05
66.0,11.700000000000001,5,-4.405143585064704e-07,-5.092475175370366e-05
66.0,12.100000000000001,5,-3.2128837378126774e-07,-4.405062082525853e-05
66.0,12.5,5,-1.8474282398834708e-07,-3.8127272062899034e-05
66.0,12.9,5,-3.1652467169457985e-08,-3.302335808266834e-05
66.0,13.3,5,1.3307951419490454e-07,-2.8623916693285255e-05
66.0,13.700000000000001,5,3.162676271040351e-07,-2.482940499708853e-05
66.0,14.100000000000001,5,5.048134106316326e-07,-2.1554185327174333e-05
66.0,14.5,5,6.991788585161676e-07,-1.8724851450230656e-05
66.0,14.9,5,9.008333719840729e-07,-1.6278597705596235e-05
66.0,15.3,5,1.102942782146149e-06,-1.4161725208816783e-05
66.0,15.700000000000001,5,1.3012203040495731e-06,-1.2328319233926552e-05
66.0,16.1,5,1.491495184971482e-06,-1.0739100767259676e-05
66.0,16.5,5,1.679245393287831e-06,-9.360440599539643e-06
66.0,16.900000000000002,5,1.8583737359840587e-06,-8.16351861534652e-06
66.0,17.3,5,2.019669790623276e-06,-7.1236096754556244e-06
66.0,17.7,5,2.1711738805525456e-06,-6.2194782331070155e-06
66.0,18.1,5,2.3133098059780993e-06,-5.432865440050403e-06
66.0,18.5,5,2.4431430526243787e-06,-4.74805450556903e-06
66.0,18.900000000000002,5,2.5662577501489174e-06,-4.15150218435762e-06
66.0,19.3,5,2.6807127077009516e-06,-3.631526200736582e-06
66.0,19.700000000000003,5,2.7885298247145577e-06,-3.178039949827466e-06
66.0,20.1,5,2.8984453684993034e-06,-2.7823269557756845e-06
66.0,20.5,5,3.017536652288755e-06,-2.436848534653811e-06
66.0,20.900000000000002,5,3.145448420669298e-06,-2.135079157515991e-06
66.0,21.3,5,3.293135803992853e-06,-1.8713651834812386e-06
66.0,21.700000000000003,5,3.4683901357073475e-06,-1.64080372118503e-06
66.0,22.1,5,3.676568310590076e-06,-1.4391390915558778e-06
66.0,22.5,5,3.929647125961518e-06,-1.2626746053468527e-06
66.0,22.900000000000002,5,4.236769627465089e-06,-1.1081973376057535e-06
66.0,23.3,5,4.615166314833728e-06,-9.729136213640452e-07
66.0,23.700000000000003,5,5.077453893995785e-06,-8.543933101768479e-07
66.0,24.1,5,5.635434217910756e-06,-7.505213910200103e-07
66.0,24.5,5,6.303984122506589e-06,-6.594559961857656e-07
66.0,24.900000000000002,5,7.098783945728204e-06,-5.79592068995741e-07
66.0,25.3,5,8.034429769878928e-06,-5.095299364917755e-07
66.0,25.700000000000003,5,9.116627955818631e-06,-4.4804806029678287e-07
66.0,26.1,5,1.035020841341147e-05,-3.940794233952321e-07
66.0,26.5,5,1.1723275514021764e-05,-3.466912715657349e-07
66.0,26.900000000000002,5,1.3219600137229947e-05,-3.0506801578091775e-07
66.0,27.3,5,1.480031636497325e-05,-2.6849688926131146e-07
66.0,27.700000000000003,5,1.6410804978909126e-05,-2.36355613290091e-07
66.0,28.1,5,1.797143602901174e-05,-2.0810121781656603e-07
66.0,28.5,5,1.9383978278040004e-05,-1.8325950099254895e-07
66.0,28.900000000000002,5,2.053307344667293e-05,-1.6141522975617027e-07
66.0,29.3,5,2.1294961253447042e-05,-1.422036339532345e-07
66.0,29.700000000000003,5,2.1552198329183564e-05,-1.25303676446813e-07
66.0,30.1,5,2.1208271840465764e-05,-1.1043304989749476e-07
66.0,30.5,5,2.0199068259093555e-05,-9.734428978257521e-08
66.0,30.900000000000002,5,1.8511163061355843e-05,-8.582123867671531e-08
66.0,31.3,5,1.6179654074216747e-05,-7.567541888371206e-08
66.0,31.700000000000003,5,1.328611322033631e-05,-6.674234317469961e-08
66.0,32.1,5,9.947199746369345e-06,-5.887802420087998e-08
66.0,32.5,5,6.2966234519096164e-06,-5.195584162493074e-08
66.0,32.9,5,2.4969312379161537e-06,-4.586375043308835e-08
66.0,33.300000000000004,5,-1.2925360171668852e-06,-4.0501856706284905e-08
66.0,33.7,5,-4.932722075597315e-06,-3.57806224009824e-08
66.0,34.1,5,-8.343606632401425e-06,-3.1620038338159217e-08
66.0,34.5,5,-1.1467730720701955e-05,-2.7949732241134547e-08
66.0,34.9,5,-1.4229517777400732e-05,-2.470931742818849e-08
66.0,35.300000000000004,5,-1.6595344968843496e-05,-2.1847921723512514e-08
66.0,35.7,5,-1.8628704424576455e-05,-1.9322260956218617e-08
66.0,36.1,5,-2.033099776438281e-05,-1.7093701318093113e-08
66.0,36.5,5,-2.1659653899986164e-05,-1.512570019105235e-08
66.0,36.9,5,-2.2750315011755475e-05,-1.3383000521045051e-08
66.0,37.300000000000004,5,-2.361740999070837e-05,-1.1832885942708443e-08
66.0,37.7,5,-2.419342899915415e-05,-1.0447473498649731e-08
66.0,38.1,5,-2.4696100167284053e-05,-9.205435052395427e-09
66.0,38.5,5,-2.495275555094121e-05,-8.092112749271574e-09
66.0,38.900000000000006,5,-2.5108799703533257e-05,-7.0981338437679854e-09
66.0,39.300000000000004,5,-2.5203554374307483e-05,-6.217294923499435e-09
66.0,39.7,5,-2.511344274290407e-05,-5.444435617249125e-09
68.0,0.1,2,-5.874390709065484e-07,-0.0009785821399348731
68.0,0.5,2,-5.307374126192752e-07,-0.0009754483655664523
68.0,0.9,2,-5.441415798514004e-07,-0.0009681600657710207
68.0,1.3,2,-5.409518866166332e-07,-0.0009567742990208287
68.0,1.7000000000000002,2,-5.289131291443238e-07,-0.0009413802853238737
68.0,2.1,2,-5.41998805522718e-07,-0.0009220988455562251
68.0,2.5,2,-5.289587848264221e-07,-0.0008990816950132074
68.0,2.9000000000000004,2,-5.272465986544556e-07,-0.0008725106509333906
68.0,3.3000000000000003,2,-5.279219175053116e-07,-0.0008425968379780086
68.0,3.7,2,-5.264461057468805e-07,-0.0008095800057732334
68.0,4.1000000000000005,2,-5.240114147303373e-07,-0.0007737281093217925
68.0,4.5,2,-5.257341097113974e-07,-0.0007353373453902314
68.0,4.9,2,-5.264934447533749e-07,-0.0006947328808923319
68.0,5.300000000000001,2,-5.282128960206365e-07,-0.0006522705390159151
68.0,5.7,2,-5.380212201768798e-07,-0.000608339693061467
68.0,6.1000000000000005,2,-5.415691247833414e-07,-0.0005633674872859803
68.0,6.5,2,-5.500947802267926e-07,-0.000517824120678006
68.0,6.9,2,-5.618433758483444e-07,-0.00047222805215639785
68.0,7.300000000000001,2,-5.726414851427078e-07,-0.00042714829869941744
68.0,7.7,2,-5.893791780310645e-07,-0.00038319842756487165
68.0,8.1,2,-6.009122708933256e-07,-0.0003410144943134949
68.0,8.5,2,-6.216742113344707e-07,-0.0003012104824421268
68.0,8.9,2,-6.344003267352686e-07,-0.00026431405631216774
68.0,9.3,2,-6.517649415162588e-07,-0.00023070082077091054
68.0,9.700000000000001,2,-6.632970547731664e-07,-0.00020055386426941712
68.0,10.100000000000001,2,-6.732739871159371e-07,-0.0001738651177279902
68.0,10.5,2,-6.814749411561837e-07,-0.00015047302552590372
68.0,10.9,2,-6.784763434667803e-07,-0.00013011640617280326
68.0,11.3,2,-6.725991437568442e-07,-0.00011248532730066589
68.0,11.700000000000001,2,-6.543961685096999e-07,-9.725916704325999e-05
68.0,12.100000000000001,2,-6.251009638130684e-07,-8.413050798503613e-05
68.0,12.5,2,-5.867544492690548e-07,-7.281771645931519e-05
68.0,12.9,2,-5.31270796097501e-07,-6.306993874148383e-05
68.0,13.3,2,-4.6126128907876534e-07,-5.4667612079230104e-05
68.0,13.700000000000001,2,-3.774414155612593e-07,-4.7420620307593956e-05
68.0,14.100000000000001,2,-2.7671317263560983e-07,-4.116540376737432e-05
68.0,14.5,2,-1.5726085862417486e-07,-3.576176451489474e-05
68.0,14.9,2,-2.9363261499317528e-08,-3.108975275950441e-05
68.0,15.3,2,1.1657970174900041e-07,-2.7046813644924034e-05
68.0,15.700000000000001,2,2.747894085771457e-07,-2.3545259767144087e-05
68.0,16.1,2,4.4067740939291124e-07,-2.0510076055808005e-05
68.0,16.5,2,6.13820552389517e-07,-1.7877035736838624e-05
68.0,16.900000000000002,2,7.914851033624512e-07,-1.5591094663890025e-05
68.0,17.3,2,9.744326970960892e-07,-1.3605028272530617e-05
68.0,17.7,2,1.1523789637349379e-06,-1.1878276537029685e-05
68.0,18.1,2,1.3244124526686339e-06,-1.0375965466327573e-05
68.0,18.5,2,1.4946753808631697e-06,-9.068077701946685e-06
68.0,18.900000000000002,2,1.6562415719530085e-06,-7.928748899834988e-06
68.0,19.3,2,1.807400114428761e-06,-6.935670274256339e-06
68.0,19.700000000000003,2,1.9486361364465813e-06,-6.069580754591099e-06
68.0,20.1,2,2.077148034674201e-06,-5.313834749351573e-06
68.0,20.5,2,2.197167689649914e-06,-4.654033732625552e-06
68.0,20.900000000000002,2,2.312948607715326e-06,-4.0777118648375925e-06
68.0,21.3,2,2.42191281769358e-06,-3.5740675534011664e-06
68.0,21.700000000000003,2,2.525357298509618e-06,-3.133734126775627e-06
68.0,22.1,2,2.630269129426569e-06,-2.7485836605648285e-06
68.0,22.5,2,2.740923644420057e-06,-2.4115586764037865e-06
68.0,22.900000000000002,2,2.860529755360789e-06,-2.1165271979123835e-06
68.0,23.3,2,2.997015127875874e-06,-1.8581575790033915e-06
68.0,23.700000000000003,2,3.1601999968716094e-06,-1.631810445820345e-06
68.0,24.1,2,3.3572911911342597e-06,-1.4334457324323218e-06
68.0,24.5,2,3.595128144750701e-06,-1.2595430051837935e-06
68.0,24.900000000000002,2,3.884164701979885e-06,-1.1070332034481753e-06
68.0,25.3,2,4.237869246476617e-06,-9.732398867594856e-07
68.0,25.700000000000003,2,4.669707065285815e-06,-8.558282936595264e-07
68.0,26.1,2,5.192213178541073e-06,-7.527609489683159e-07
68.0,26.5,2,5.818144078059043e-06,-6.622589692655192e-07
68.0,26.900000000000002,2,6.560945336839116e-06,-5.827684152998321e-07
68.0,27.3,2,7.433302136667695e-06,-5.129310475695552e-07
68.0,27.700000000000003,2,8.44452339832153e-06,-4.5155885284564865e-07
68.0,28.1,2,9.597539096136436e-06,-3.9761187115524063e-07
68.0,28.5,2,1.08856925584331e-05,-3.5017909185856516e-07
68.0,28.900000000000002,2,1.2289618518424502e-05,-3.084622765023852e-07
68.0,29.3,2,1.3774455380120997e-05,-2.717623711678143e-07
68.0,29.700000000000003,2,1.5287154880372925e-05,-2.3946783595933384e-07
68.0,30.1,2,1.6754481442067354e-05,-2.110440806295026e-07
68.0,30.5,2,1.808391761001674e-05,-1.8602347880157723e-07
68.0,30.900000000000002,2,1.916862088930859e-05,-1.639960115555687e-07
68.0,31.3,2,1.989515139252951e-05,-1.4460105059345543e-07
68.0,31.700000000000003,2,2.0153658742538977e-05,-1.2752077480374747e-07
68.0,32.1,2,1.9851042313296415e-05,-1.1247523946515729e-07
68.0,32.5,2,1.892444323362087e-05,-9.921857278951607e-08
68.0,32.9,2,1.735278990022462e-05,-8.753558500275748e-08
68.0,33.300000000000004,2,1.5166079971082521e-05,-7.723833975616858e-08
68.0,33.7,2,1.2445875342201931e-05,-6.816267130826878e-08
68.0,34.1,2,9.310491905684902e-06,-6.016485925742075e-08
68.0,34.5,2,5.892445809049605e-06,-5.311859064815936e-08
68.0,34.9,2,2.324762005933165e-06,-4.691218144929976e-08
68.0,35.300000000000004,2,-1.2534706283351526e-06,-4.144608208143478e-08
68.0,35.7,2,-4.6978885064416e-06,-3.663094431323022e-08
68.0,36.1,2,-7.904203404857655e-06,-3.238663983340051e-08
68.0,36.5,2,-1.0836946499372488e-05,-2.864228225303877e-08
68.0,36.9,2,-1.3460175806120445e-05,-2.533663489164632e-08
68.0,37.300000000000004,2,-1.570885734156821e-05,-2.2417848743062975e-08
68.0,37.7,2,-1.761012719982032e-05,-1.9841795440570745e-08
68.0,38.1,2,-1.9234553100310566e-05,-1.7569278838822818e-08
68.0,38.5,2,-2.0519914364510503e-05,-1.5563401554370587e-08
68.0,38.900000000000006,2,-2.1521211439260824e-05,-1.3788488313464437e-08
68.0,39.300000000000004,2,-2.2355975596391262e-05,-1.2211031726368085e-08
68.0,39.7,2,-2.289877581195712e-05,-1.0801833532805605e-08
68.0,0.1,5,-6.327219328881456e-07,-0.0009785821332247895
68.0,0.5,5,-5.453317060681553e-07,-0.0009754483590657415
68.0,0.9,5,-5.477410864526919e-07,-0.000968160059580161
68.0,1.3,5,-5.403936941507616e-07,-0.0009567742929554528
68.0,1.7000000000000002,5,-5.273070209496602e-07,-0.0009413802790481225
68.0,2.1,5,-5.409629446572886e-07,-0.0009220988388475901
68.0,2.5,5,-5.290510498234783e-07,-0.0008990816879543279
68.0,2.9000000000000004,5,-5.281539967792173e-07,-0.00087251064388731
68.0,3.3000000000000003,5,-5.288937651097131e-07,-0.0008425968313727736
68.0,3.7,5,-5.269741805289861e-07,-0.0008095799998618065
68.0,4.1000000000000005,5,-5.243348211850418e-07,-0.0007737281040863461
68.0,4.5,5,-5.266681909481653e-07,-0.0007353373406345711
68.0,4.9,5,-5.286151261793976e-07,-0.0006947328764211208
68.0,5.300000000000001,5,-5.311991126362192e-07,-0.0006522705347497299
68.0,5.7,5,-5.40960853255075e-07,-0.0006083396890109394
68.0,6.1000000000000005,5,-5.439544623494612e-07,-0.0005633674834339923
68.0,6.5,5,-5.521939733736479e-07,-0.0005178241168905687
68.0,6.9,5,-5.639420523974953e-07,-0.0004722280482093514
68.0,7.300000000000001,5,-5.744425330027058e-07,-0.00042714829440742354
68.0,7.7,5,-5.906543248523599e-07,-0.0003831984229176865
68.0,8.1,5,-6.021286486032798e-07,-0.0003410144895231787
68.0,8.5,5,-6.231404672041627e-07,-0.0003012104778742272
68.0,8.9,5,-6.355897600861842e-07,-0.00026431405235115334
68.0,9.3,5,-6.525583950289052e-07,-0.00023070081769787035
68.0,9.700000000000001,5,-6.645591005617756e-07,-0.00020055386220248602
68.0,10.100000000000001,5,-6.749813094137368e-07,-0.00017386511662899643
68.0,10.5,5,-6.824311996350822e-07,-0.00015047302524447094
68.0,10.9,5,-6.787268917110133e-07,-0.00013011640649210904
68.0,11.3,5,-6.732805951402479e-07,-0.0001124853279633896
68.0,11.700000000000001,5,-6.556889846774204e-07,-9.725916776111552e-05
68.0,12.100000000000001,5,-6.26753888015e-07,-8.413050845401455e-05
68.0,12.5,5,-5.883384548148984e-07,-7.281771640132295e-05
68.0,12.9,5,-5.320047789892621e-07,-6.306993797175314e-05
68.0,13.3,5,-4.6169390912425835e-07,-5.466761057234469e-05
68.0,13.700000000000001,5,-3.780916074564473e-07,-4.742061822243479e-05
68.0,14.100000000000001,5,-2.770578301345916e-07,-4.116540140453057e-05
68.0,14.5,5,-1.5777543837663134e-07,-3.576176221408689e-05
68.0,14.9,5,-2.9677673142895277e-08,-3.1089750778273725e-05
68.0,15.3,5,1.1671723946282201e-07,-2.7046812072704825e-05
68.0,15.700000000000001,5,2.745447337303938e-07,-2.3545258511931675e-05
68.0,16.1,5,4.413705588966602e-07,-2.0510074903191195e-05
68.0,16.5,5,6.153116441927083e-07,-1.787703444661799e-05
68.0,16.900000000000002,5,7.924953491273111e-07,-1.5591093056707864e-05
68.0,17.3,5,9.754264548576758e-07,-1.3605026273877482e-05
68.0,17.7,5,1.1546242168168626e-06,-1.1878274175364243e-05
68.0,18.1,5,1.3274394456200171e-06,-1.0375962845241174e-05
68.0,18.5,5,1.4973343256156603e-06,-9.06807497045113e-06
68.0,18.900000000000002,5,1.6597685800815273e-06,-7.928746230695468e-06
68.0,19.3,5,1.8114775385942038e-06,-6.9356678438574115e-06
68.0,19.700000000000003,5,1.9535571448811377e-06,-6.069578712955658e-06
68.0,20.1,5,2.082387058835263e-06,-5.313833180277111e-06
68.0,20.5,5,2.203284080212562e-06,-4.654032620126096e-06
68.0,20.900000000000002,5,2.3191622242485177e-06,-4.077711089185087e-06
68.0,21.3,5,2.4296640756924694e-06,-3.574066928525123e-06
68.0,21.700000000000003,5,2.533249538286205e-06,-3.133733468423968e-06
68.0,22.1,5,2.6383767995320326e-06,-2.748582855111166e-06
68.0,22.5,5,2.7507694267645847e-06,-2.4115577186958525e-06
68.0,22.900000000000002,5,2.870156678515618e-06,-2.116526183199149e-06
68.0,23.3,5,3.007367813791531e-06,-1.85815665825229e-06
68.0,23.700000000000003,5,3.171654662368864e-06,-1.6318097704362085e-06
68.0,24.1,5,3.3688918704372994e-06,-1.4334454136435405e-06
68.0,24.5,5,3.6074461868992686e-06,-1.2595430995543656e-06
68.0,24.900000000000002,5,3.897298945433725e-06,-1.1070337187797881e-06
68.0,25.3,5,4.251478227627529e-06,-9.732407941981564e-07
68.0,25.700000000000003,5,4.683805483772747e-06,-8.558295352608002e-07
68.0,26.1,5,5.2075026767578155e-06,-7.52762440394209e-07
68.0,26.5,5,5.8335221726491115e-06,-6.622606060738983e-07
68.0,26.900000000000002,5,6.577550552818032e-06,-5.827700914925981e-07
68.0,27.3,5,7.450758809108052e-06,-5.12932686686017e-07
68.0,27.700000000000003,5,8.462422966899496e-06,-4.5156044023569826e-07
68.0,28.1,5,9.617255950539512e-06,-3.976134694138103e-07
68.0,28.5,5,1.0905773277882412e-05,-3.501808252156878e-07
68.0,28.900000000000002,5,1.2311468417342091e-05,-3.0846428381828674e-07
68.0,29.3,5,1.379736495582019e-05,-2.7176474428782693e-07
68.0,29.700000000000003,5,1.5311777861639317e-05,-2.394705706374924e-07
68.0,30.1,5,1.6780484025764458e-05,-2.1104706354730368e-07
68.0,30.5,5,1.8111493552769302e-05,-1.8602651715776227e-07
68.0,30.900000000000002,5,1.919852787432515e-05,-1.6399889046460142e-07
68.0,31.3,5,1.9925783380737093e-05,-1.4460359074112684e-07
68.0,31.700000000000003,5,2.0187079779697844e-05,-1.27522866068124e-07
68.0,32.1,5,1.9885057316431983e-05,-1.124768425924108e-07
68.0,32.5,5,1.8960631926607197e-05,-9.921969904127614e-08
68.0,32.9,5,1.7389931949221708e-05,-8.753627123985044e-08
68.0,33.300000000000004,5,1.520321171084653e-05,-7.723863072141967e-08
68.0,33.7,5,1.2484197104719925e-05,-6.816260921372827e-08
68.0,34.1,5,9.347606566872637e-06,-6.016447434673035e-08
68.0,34.5,5,5.928693486305159e-06,-5.311789014211153e-08
68.0,34.9,5,2.358625080377056e-06,-4.691114314894389e-08
68.0,35.300000000000004,5,-1.223049480476116e-06,-4.144466282418885e-08
68.0,35.7,5,-4.6719659590092e-06,-3.662910679240271e-08
68.0,36.1,5,-7.882887761635148e-06,-3.2384388520399876e-08
68.0,36.5,5,-1.0823800409774346e-05,-2.863969086075448e-08
68.0,36.9,5,-1.3454551920081849e-05,-2.5333851209241407e-08
68.0,37.300000000000004,5,-1.57115032913653e-05,-2.241507533863375e-08
68.0,37.7,5,-1.762512451929202e-05,-1.983925675026353e-08
68.0,38.1,5,-1.926041441339041e-05,-1.756718820425518e-08
68.0,38.5,5,-2.0557309556082824e-05,-1.5561935724792676e-08
68.0,38.900000000000006,5,-2.1572385632579353e-05,-1.3787768777864157e-08
68.0,39.300000000000004,5,-2.2420469108928286e-05,-1.2211108960778635e-08
68.0,39.7,5,-2.29768635930673e-05,-1.0802673029043143e-08
70.0,0.1,2,-4.613745261206637e-07,-0.000814945024088089
70.0,0.5,2,-4.2931057083963864e-07,-0.00081233527448158
70.0,0.9,2,-4.509773902209751e-07,-0.0008062657127132873
70.0,1.3,2,-4.412096923605553e-07,-0.0007967838563086664
70.0,1.7000000000000002,2,-4.2566381538296115e-07,-0.0007839640063789978
70.0,2.1,2,-4.414116928885991e-07,-0.000767906780619081
70.0,2.5,2,-4.2935086164214824e-07,-0.0007487385249312487
70.0,2.9000000000000004,2,-4.2404078758054233e-07,-0.0007266106534439951
70.0,3.3000000000000003,2,-4.2376420585321114e-07,-0.0007016989868552479
70.0,3.7,2,-4.17260684943745e-07,-0.0006742031841171256
70.0,4.1000000000000005,2,-4.1377428248401347e-07,-0.0006443463930465444
70.0,4.5,2,-4.1213615838910684e-07,-0.0006123752806687381
70.0,4.9,2,-4.0889739940027564e-07,-0.0005785606398338161
70.0,5.300000000000001,2,-4.0189133194317126e-07,-0.0005431987934027985
70.0,5.7,2,-4.05604285581608e-07,-0.0005066140041725665
70.0,6.1000000000000005,2,-4.0203031441147313e-07,-0.0004691619898993934
70.0,6.5,2,-4.0590579946384617e-07,-0.00043123432351652077
70.0,6.9,2,-4.053722444738342e-07,-0.000393262767908588
70.0,7.300000000000001,2,-4.1075674629168867e-07,-0.00035572118969337806
70.0,7.7,2,-4.162855448641716e-07,-0.0003191205559338172
70.0,8.1,2,-4.225520435955976e-07,-0.00028399056119592526
70.0,8.5,2,-4.327661709960727e-07,-0.00025084251850480434
70.0,8.9,2,-4.4370890250339664e-07,-0.0002201158559103517
70.0,9.3,2,-4.5890298051642384e-07,-0.00019212336976654637
70.0,9.700000000000001,2,-4.718460562750657e-07,-0.00016701753354665666
70.0,10.100000000000001,2,-4.889917254553601e-07,-0.00014479162943151382
70.0,10.5,2,-5.044336302084639e-07,-0.00012531111924961305
70.0,10.9,2,-5.217690851665463e-07,-0.0001083584976128713
70.0,11.3,2,-5.393201075692098e-07,-9.367565896875913e-05
70.0,11.700000000000001,2,-5.511659636066057e-07,-8.099559437742176e-05
70.0,12.100000000000001,2,-5.662075138329466e-07,-7.006229049548859e-05
70.0,12.5,2,-5.710599072622168e-07,-6.0641206173268756e-05
70.0,12.9,2,-5.754810304986767e-07,-5.252343388783541e-05
70.0,13.3,2,-5.721383671652288e-07,-4.552612572010261e-05
70.0,13.700000000000001,2,-5.592160257665256e-07,-3.9490957420207517e-05
70.0,14.100000000000001,2,-5.378013920417473e-07,-3.428172126525396e-05
70.0,14.5,2,-5.062999234232741e-07,-2.978166484828182e-05
70.0,14.9,2,-4.592267149091361e-07,-2.5890897385526587e-05
70.0,15.3,2,-4.004465854490842e-07,-2.252401303900522e-05
70.0,15.700000000000001,2,-3.3035535172664296e-07,-1.9607986052991605e-05
70.0,16.1,2,-2.4021266361081995e-07,-1.708034333214565e-05
70.0,16.5,2,-1.3945263762839297e-07,-1.4887596464082666e-05
70.0,16.900000000000002,2,-2.510362363322552e-08,-1.2983905394115735e-05
70.0,17.3,2,1.0304903165026704e-07,-1.1329943491693694e-05
70.0,17.7,2,2.43467643030597e-07,-9.891935069569242e-06
70.0,18.1,2,3.935059809524457e-07,-8.64083950146004e-06
70.0,18.5,2,5.466994199048204e-07,-7.5516596531725196e-06
70.0,18.900000000000002,2,7.078402617437657e-07,-6.602855626500589e-06
70.0,19.3,2,8.734770766508547e-07,-5.775847529637718e-06
70.0,19.700000000000003,2,1.0350196982124015e-06,-5.054593235379019e-06
70.0,20.1,2,1.1938622535436729e-06,-4.425229122101058e-06
70.0,20.5,2,1.348203654354566e-06,-3.8757637481434065e-06
70.0,20.900000000000002,2,1.495458864986041e-06,-3.3958162118709e-06
70.0,21.3,2,1.6373462001636077e-06,-2.9763924292085213e-06
70.0,21.700000000000003,2,1.7701861276931806e-06,-2.609693651994632e-06
70.0,22.1,2,1.890363429228754e-06,-2.2889523696665378e-06
70.0,22.5,2,2.002256864160836e-06,-2.0082914725531293e-06
70.0,22.900000000000002,2,2.1094708273868125e-06,-1.7626032901403453e-06
70.0,23.3,2,2.211332774504071e-06,-1.547445763902126e-06
70.0,23.700000000000003,2,2.3102641641633556e-06,-1.3589534264450994e-06
70.0,24.1,2,2.4117873813208207e-06,-1.193761016072523e-06
70.0,24.5,2,2.5189891634919086e-06,-1.048937628850476e-06
70.0,24.900000000000002,2,2.6340588023657016e-06,-9.219295339608538e-07
70.0,25.3,2,2.763151701384146e-06,-8.105102428228029e-07
70.0,25.700000000000003,2,2.9155772966038243e-06,-7.127369773878158e-07
70.0,26.1,2,3.099812490217356e-06,-6.269130539397534e-07
70.0,26.5,2,3.323019292336582e-06,-5.515557235988677e-07
70.0,26.900000000000002,2,3.593847811666108e-06,-4.853687841347231e-07
70.0,27.3,2,3.924034743528057e-06,-4.2721907278937775e-07
70.0,27.700000000000003,2,4.327144642844554e-06,-3.761159861190312e-07
70.0,28.1,2,4.816490098153483e-06,-3.3119343880064404e-07
70.0,28.5,2,5.404386084445961e-06,-2.916939622932918e-07
70.0,28.900000000000002,2,6.10260607237481e-06,-2.569547641202103e-07
70.0,29.3,2,6.922235535008812e-06,-2.2639552122870704e-07
70.0,29.700000000000003,2,7.871819338754578e-06,-1.9950763872655267e-07
70.0,30.1,2,8.954593984111628e-06,-1.7584481129998985e-07
70.0,30.5,2,1.0165687497419366e-05,-1.550149214464996e-07
70.0,30.900000000000002,2,1.1488679371507173e-05,-1.366733804004387e-07
70.0,31.3,2,1.2891548845639092e-05,-1.2051781813365385e-07
70.0,31.700000000000003,2,1.4323940146382917e-05,-1.0628367179856149e-07
70.0,32.1,2,1.5716353122405974e-05,-9.374002463929148e-08
70.0,32.5,2,1.698062501770634e-05,-8.268525100043678e-08
70.0,32.9,2,1.8013900419018556e-05,-7.294254374967212e-08
70.0,33.300000000000004,2,1.870766001016756e-05,-6.435586010971142e-08
70.0,33.7,2,1.8959041924653388e-05,-5.678685778178077e-08
70.0,34.1,2,1.8683152066025672e-05,-5.01129766982425e-08
70.0,34.5,2,1.7824593912138278e-05,-4.422629071034105e-08
70.0,34.9,2,1.636343467547083e-05,-3.903251961506793e-08
70.0,35.300000000000004,2,1.431935380959042e-05,-3.44497863524128e-08
70.0,35.7,2,1.175825798612274e-05,-3.0407089064368006e-08
70.0,36.1,2,8.792141675004973e-06,-2.6842680181038937e-08
70.0,36.5,2,5.5615921855134936e-06,-2.3702482793081138e-08
70.0,36.9,2,2.20164146019745e-06,-2.093853176969936e-08
70.0,37.300000000000004,2,-1.1752039609208321e-06,-1.8507479849006083e-08
70.0,37.7,2,-4.452337759507982e-06,-1.6369465874216546e-08
70.0,38.1,2,-7.506527973944685e-06,-1.4487783982195433e-08
70.0,38.5,2,-1.0275694368872787e-05,-1.282949427791802e-08
70.0,38.900000000000006,2,-1.2763165753939325e-05,-1.1366453877086129e-08
70.0,39.300000000000004,2,-1.4924188756692845e-05,-1.007575164256608e-08
70.0,39.7,2,-1.672166690638785e-05,-8.938747801813682e-09
70.0,0.1,5,-4.3803889919781835e-07,-0.0008149450132838922
70.0,0.5,5,-4.2216649372017564e-07,-0.0008123352636768591
70.0,0.9,5,-4.4932275727290713e-07,-0.0008062657021108173
70.0,1.3,5,-4.418910914543377e-07,-0.0007967838464430612
70.0,1.7000000000000002,5,-4.2742127875264296e-07,-0.0007839639979686998
70.0,2.1,5,-4.433934880253978e-07,-0.0007679067742317238
70.0,2.5,5,-4.309039996948968e-07,-0.0007487385206761848
70.0,2.9000000000000004,5,-4.249058217146553e-07,-0.0007266106508894849
70.0,3.3000000000000003,5,-4.2424272449463836e-07,-0.0007016989852224573
70.0,3.7,5,-4.180337552600971e-07,-0.0006742031826331576
70.0,4.1000000000000005,5,-4.1534663958494487e-07,-0.00064434639125633
70.0,4.5,5,-4.1431014351128576e-07,-0.0006123752785536437
70.0,4.9,5,-4.1083740312505176e-07,-0.0005785606377155783
70.0,5.300000000000001,5,-4.0286749753299313e-07,-0.000543198791730831
70.0,5.7,5,-4.0570498631928126e-07,-0.00050661400332995
70.0,6.1000000000000005,5,-4.019863872699855e-07,-0.00046916199011260795
70.0,6.5,5,-4.0618788694165555e-07,-0.00043123432486742773
70.0,6.9,5,-4.057740088846273e-07,-0.00039326277038701163
70.0,7.300000000000001,5,-4.1104579341577105e-07,-0.0003557211932259754
70.0,7.7,5,-4.1677419156491703e-07,-0.00031912056036684195
70.0,8.1,5,-4.2350342918938174e-07,-0.0002839905662579001
70.0,8.5,5,-4.337757586784547e-07,-0.0002508425237967682
70.0,8.9,5,-4.4448487699645043e-07,-0.0002201158609568648
70.0,9.3,5,-4.5993993981036443e-07,-0.0001921233741229085
70.0,9.700000000000001,5,-4.7327128199985245e-07,-0.00016701753692027402
70.0,10.100000000000001,5,-4.899670665136749e-07,-0.00014479163176066423
70.0,10.5,5,-5.049287802832721e-07,-0.00012531112070176468
70.0,10.9,5,-5.22954642218048e-07,-0.0001083584985063829
70.0,11.3,5,-5.412602460582211e-07,-9.367565965926223e-05
70.0,11.700000000000001,5,-5.527572780950541e-07,-8.099559516035997e-05
70.0,12.100000000000001,5,-5.671592059387135e-07,-7.00622915561498e-05
70.0,12.5,5,-5.715565436548808e-07,-6.064120758271245e-05
70.0,12.9,5,-5.758624111239955e-07,-5.252343562077933e-05
70.0,13.3,5,-5.731563706813985e-07,-4.552612767117993e-05
70.0,13.700000000000001,5,-5.604672167122062e-07,-3.949095941301706e-05
70.0,14.100000000000001,5,-5.387105131843111e-07,-3.428172306794787e-05
70.0,14.5,5,-5.073351184803302e-07,-2.9781666213529606e-05
70.0,14.9,5,-4.599630720129e-07,-2.5890898116930484e-05
70.0,15.3,5,-4.01026058253634e-07,-2.252401306225098e-05
70.0,15.700000000000001,5,-3.310865778193585e-07,-1.9607985455734837e-05
70.0,16.1,5,-2.402298082368767e-07,-1.708034234421958e-05
70.0,16.5,5,-1.3987717683616168e-07,-1.488759537797283e-05
70.0,16.900000000000002,5,-2.5956538427290274e-08,-1.2983904457507366e-05
70.0,17.3,5,1.0324114892011434e-07,-1.1329942820431372e-05
70.0,17.7,5,2.442643849724188e-07,-9.891934619160172e-06
70.0,18.1,5,3.9384639106036696e-07,-8.640839104407794e-06
70.0,18.5,5,5.469234242186183e-07,-7.551659097124891e-06
70.0,18.900000000000002,5,7.092653753146474e-07,-6.602854732473048e-06
70.0,19.3,5,8.749738619883251e-07,-5.775846198857438e-06
70.0,19.700000000000003,5,1.036868013796685e-06,-5.054591457329833e-06
70.0,20.1,5,1.1959776044135077e-06,-4.425226958226881e-06
70.0,20.5,5,1.3509754542528584e-06,-3.87576131111046e-06
70.0,20.900000000000002,5,1.4986120652987858e-06,-3.3958136498186984e-06
70.0,21.3,5,1.6413846808659116e-06,-2.9763899092439045e-06
70.0,21.700000000000003,5,1.774158019435711e-06,-2.609691332527024e-06
70.0,22.1,5,1.8951347307884528e-06,-2.2889503601074728e-06
70.0,22.5,5,2.0082343381869206e-06,-2.0082897952755087e-06
70.0,22.900000000000002,5,2.114993087976079e-06,-1.7626018670376885e-06
70.0,23.3,5,2.2180742757397142e-06,-1.547444442229176e-06
70.0,23.700000000000003,5,2.3179056715652007e-06,-1.3589520374646922e-06
70.0,24.1,5,2.4191619495676857e-06,-1.193759440999377e-06
70.0,24.5,5,2.527796727141576e-06,-1.0489358417823498e-06
70.0,24.900000000000002,5,2.6430956437166078e-06,-9.219276043321505e-07
70.0,25.3,5,2.772752855148164e-06,-8.105083021574862e-07
70.0,25.700000000000003,5,2.9259235694113044e-06,-7.127351714928207e-07
70.0,26.1,5,3.110675451737133e-06,-6.269115041453751e-07
70.0,26.5,5,3.3344368440225574e-06,-5.515545092704469e-07
70.0,26.900000000000002,5,3.6058390157353513e-06,-4.853679434670221e-07
70.0,27.3,5,3.9368484674970515e-06,-4.272186100964584e-07
70.0,27.700000000000003,5,4.340032144289198e-06,-3.761158757228995e-07
70.0,28.1,5,4.8309313784737615e-06,-3.311936248515119e-07
70.0,28.5,5,5.4182974749289065e-06,-2.9169436221866005e-07
70.0,28.900000000000002,5,6.1186434232004264e-06,-2.5695528461015313e-07
70.0,29.3,5,6.9377966457464015e-06,-2.2639608825854435e-07
70.0,29.700000000000003,5,7.889184282661596e-06,-1.9950823183361865e-07
70.0,30.1,5,8.972492873199574e-06,-1.7584548467603047e-07
70.0,30.5,5,1.018477669540214e-05,-1.550157963303185e-07
70.0,30.900000000000002,5,1.1508921988474647e-05,-1.3667460532784928e-07
70.0,31.3,5,1.2913055689743515e-05,-1.2051951035143563e-07
70.0,31.700000000000003,5,1.4347175615324537e-05,-1.0628586496156125e-07
70.0,32.1,5,1.574024414533956e-05,-9.374264702564597e-08
70.0,32.5,5,1.7007341851276238e-05,-8.268814404426271e-08
70.0,32.9,5,1.8040862244227586e-05,-7.294551053720381e-08
70.0,33.300000000000004,5,1.8737706824253177e-05,-6.435871948194166e-08
70.0,33.7,5,1.8989438304536644e-05,-5.6789480285614633e-08
70.0,34.1,5,1.871568473184171e-05,-5.0115292378623294e-08
70.0,34.5,5,1.785871219873775e-05,-4.422827548341566e-08
70.0,34.9,5,1.639805666380893e-05,-3.9034175339248796e-08
70.0,35.300000000000004,5,1.4355020265125058e-05,-3.44511256748911e-08
70.0,35.7,5,1.179389534943166e-05,-3.0408125770931656e-08
70.0,36.1,5,8.827287808610512e-06,-2.6843419447215558e-08
70.0,36.5,5,5.595884473724409e-06,-2.37029088430005e-08
70.0,36.9,5,2.2339912962870454e-06,-2.0938599048666557e-08
70.0,37.300000000000004,5,-1.1470247590005977e-06,-1.8507118264459342e-08
70.0,37.7,5,-4.4268767764098195e-06,-1.636860504205961e-08
70.0,38.1,5,-7.48695470799404e-06,-1.4486389117468408e-08
70.0,38.5,5,-1.026367971933581e-05,-1.2827597238584734e-08
70.0,38.900000000000006,5,-1.275709990045149e-05,-1.1364164588466928e-08
70.0,39.300000000000004,5,-1.492736293934529e-05,-1.0073246302178742e-08
70.0,39.7,5,-1.6735473578264533e-05,-8.936241995469758e-09
72.0,0.1,2,-3.6050523943114737e-07,-0.00012679251367333122
72.0,0.5,2,-2.81525261752245e-07,-0.00012638647894033404
72.0,0.9,2,-2.959399872068254e-07,-0.0001254421534790901
72.0,1.3,2,-3.0097296004827285e-07,-0.00012396693012717313
72.0,1.7000000000000002,2,-2.8986365116720635e-07,-0.00012197236871643234
72.0,2.1,2,-2.9913627784909114e-07,-0.0001194741234286448
72.0,2.5,2,-2.941928597696825e-07,-0.00011649185131484753
72.0,2.9000000000000004,2,-2.9700779910658337e-07,-0.00011304910969556105
72.0,3.3000000000000003,2,-2.9891056951680876e-07,-0.00010917325327630478
72.0,3.7,2,-2.9552931529154276e-07,-0.00010489534573093239
72.0,4.1000000000000005,2,-2.9678678400013937e-07,-0.00010025010529753025
72.0,4.5,2,-2.969052968656886e-07,-9.527590943985894e-05
72.0,4.9,2,-2.9977530077460046e-07,-9.001488918830247e-05
72.0,5.300000000000001,2,-2.968080854343858e-07,-8.451314760429815e-05
72.0,5.7,2,-2.9913719564805586e-07,-7.882113474608985e-05
72.0,6.1000000000000005,2,-2.9597684646802046e-07,-7.299419457477789e-05
72.0,6.5,2,-3.013792612548463e-07,-6.709324957313759e-05
72.0,6.9,2,-2.9880608551042375e-07,-6.118547517228118e-05
72.0,7.300000000000001,2,-3.0247294581539444e-07,-5.5344597509579904e-05
72.0,7.7,2,-3.042410455359904e-07,-4.965011501497554e-05
72.0,8.1,2,-3.0809087391738247e-07,-4.4184439920924886e-05
72.0,8.5,2,-3.1040366919552993e-07,-3.902712475829224e-05
72.0,8.9,2,-3.162018856141237e-07,-3.4246538119849425e-05
72.0,9.3,2,-3.2133038317493617e-07,-2.9891346862340078e-05
72.0,9.700000000000001,2,-3.313332305321428e-07,-2.59852740221752e-05
72.0,10.100000000000001,2,-3.3934743266220054e-07,-2.252727449546467e-05
72.0,10.5,2,-3.5080396739598095e-07,-1.949641562749258e-05
72.0,10.9,2,-3.628939483483196e-07,-1.6858855809474377e-05
72.0,11.3,2,-3.764536366324388e-07,-1.4574436681539205e-05
72.0,11.700000000000001,2,-3.9242731177979104e-07,-1.260161531487016e-05
72.0,12.100000000000001,2,-4.0852275697354034e-07,-1.0900560525009456e-05
72.0,12.5,2,-4.240072616229982e-07,-9.43478264674843e-06
72.0,12.9,2,-4.4284367335512904e-07,-8.17178032940389e-06
72.0,13.3,2,-4.556158304305559e-07,-7.0831061230973735e-06
72.0,13.700000000000001,2,-4.734113996519848e-07,-6.144127192676466e-06
72.0,14.100000000000001,2,-4.84396750971985e-07,-5.3336509825759194e-06
72.0,14.5,2,-4.937485057325564e-07,-4.633511662665151e-06
72.0,14.9,2,-4.989598350164428e-07,-4.028167073023979e-06
72.0,15.3,2,-4.980295246929489e-07,-3.5043292130775675e-06
72.0,15.700000000000001,2,-4.874175401648379e-07,-3.050636777393365e-06
72.0,16.1,2,-4.721751872470249e-07,-2.657370698021863e-06
72.0,16.5,2,-4.447935606525046e-07,-2.3162099588282443e-06
72.0,16.900000000000002,2,-4.04042473177259e-07,-2.0200233766701024e-06
72.0,17.3,2,-3.5594496003830494e-07,-1.762692691892241e-06
72.0,17.7,2,-2.920864462787695e-07,-1.5389626115877579e-06
72.0,18.1,2,-2.1477036664589742e-07,-1.3443139609986095e-06
72.0,18.5,2,-1.2418518417508706e-07,-1.1748565211746206e-06
72.0,18.900000000000002,2,-2.227857983354662e-08,-1.027238402981384e-06
72.0,19.3,2,9.116359811649843e-08,-8.985690727576786e-07
72.0,19.700000000000003,2,2.1955776643748223e-07,-7.863535777604693e-07
72.0,20.1,2,3.544116345872873e-07,-6.884361290242609e-07
72.0,20.5,2,4.937342437586277e-07,-6.029517947977063e-07
72.0,20.900000000000002,2,6.407313338424543e-07,-5.282854084206461e-07
72.0,21.3,2,7.902606857672065e-07,-4.630368291673911e-07
72.0,21.700000000000003,2,9.39804236137027e-07,-4.0599156710879526e-07
72.0,22.1,2,1.0878057896038796e-06,-3.560957358924062e-07
72.0,22.5,2,1.2290448306547726e-06,-3.124344557117343e-07
72.0,22.900000000000002,2,1.3640596211743784e-06,-2.742131141080722e-07
72.0,23.3,2,1.4955520821618247e-06,-2.4074112182170583e-07
72.0,23.700000000000003,2,1.6199410259833055e-06,-2.1141787020472283e-07
72.0,24.1,2,1.7342701015169418e-06,-1.857205686586428e-07
72.0,24.5,2,1.8410602286872956e-06,-1.6319365997704134e-07
72.0,24.900000000000002,2,1.9421714960069484e-06,-1.434396415289291e-07
72.0,25.3,2,2.037377984924324e-06,-1.2611126865321688e-07
72.0,25.700000000000003,2,2.129428702402489e-06,-1.1090512813699178e-07
72.0,26.1,2,2.2240001749303986e-06,-9.755639617444184e-08
72.0,26.5,2,2.3253194367423128e-06,-8.583437249319735e-08
72.0,26.900000000000002,2,2.4359229597551098e-06,-7.553832696268703e-08
72.0,27.3,2,2.5601554851979e-06,-6.649340721272026e-08
72.0,27.700000000000003,2,2.705370100719286e-06,-5.8546711088724734e-08
72.0,28.1,2,2.8799341953560374e-06,-5.156386693153773e-08
72.0,28.5,2,3.091764184085061e-06,-4.542641036671924e-08
72.0,28.900000000000002,2,3.349056220185516e-06,-4.0029955228348784e-08
72.0,29.3,2,3.6615662131785274e-06,-3.5282868758320067e-08
72.0,29.700000000000003,2,4.040955103361323e-06,-3.110509246615287e-08
72.0,30.1,2,4.500279728855039e-06,-2.7426911335368722e-08
72.0,30.5,2,5.0528790668521215e-06,-2.4187685403174762e-08
72.0,30.900000000000002,2,5.710907594191444e-06,-2.1334633526417435e-08
72.0,31.3,2,6.484404066522745e-06,-1.882168516719385e-08
72.0,31.700000000000003,2,7.380754917548531e-06,-1.6608345175562798e-08
72.0,32.1,2,8.402769568899037e-06,-1.4658589293597098e-08
72.0,32.5,2,9.54537976509564e-06,-1.2939981593729878e-08
72.0,32.9,2,1.0792857593967379e-05,-1.142327490779557e-08
72.0,33.300000000000004,2,1.2116023308056954e-05,-1.0082565076870136e-08
72.0,33.7,2,1.346888555872211e-05,-8.895705232688306e-09
72.0,34.1,2,1.4787303150597093e-05,-7.844444905180465e-09
72.0,34.5,2,1.598968662008298e-05,-6.913894101936579e-09
72.0,34.9,2,1.697907694799644e-05,-6.0913808347640465e-09
72.0,35.300000000000004,2,1.7650422663376173e-05,-5.365229388713197e-09
72.0,35.7,2,1.790226216610291e-05,-4.7240719068501205e-09
72.0,36.1,2,1.7649945648414307e-05,-4.156948498155435e-09
72.0,36.5,2,1.6840840503183676e-05,-3.6539413148569747e-09
72.0,36.9,2,1.5462972909101066e-05,-3.206821308142827e-09
72.0,37.300000000000004,2,1.3542192453973824e-05,-2.8093201222522897e-09
72.0,37.7,2,1.1136129439230794e-05,-2.4569789310836102e-09
72.0,38.1,2,8.334283280300905e-06,-2.146740208825994e-09
72.0,38.5,2,5.264899672427907e-06,-1.876402437634141e-09
72.0,38.900000000000006,2,2.0764732367149537e-06,-1.6439276135881737e-09
72.0,39.300000000000004,2,-1.1108550563500167e-06,-1.4466440914679508e-09
72.0,39.7,2,-4.2135136541801005e-06,-1.280649071172073e-09
72.0,0.1,5,-3.5178268132777266e-07,-0.00012679252513765683
72.0,0.5,5,-2.8048262042046674e-07,-0.00012638648963138874
72.0,0.9,5,-2.9812370982132257e-07,-0.00012544216248278983
72.0,1.3,5,-3.041911728459017e-07,-0.00012396693678084505
72.0,1.7000000000000002,5,-2.928701898537202e-07,-0.00012197237268794591
72.0,2.1,5,-3.0140161238609007e-07,-0.00011947412474901696
72.0,2.5,5,-2.9581150228435393e-07,-0.00011649185037659658
72.0,2.9000000000000004,5,-2.984235873682742e-07,-0.00011304910721046886
72.0,3.3000000000000003,5,-3.0047885110450117e-07,-0.00010917325016660171
72.0,3.7,5,-2.971551764253801e-07,-0.00010489534293883167
72.0,4.1000000000000005,5,-2.979440113959096e-07,-0.00010025010354599513
72.0,4.5,5,-2.9711148474904037e-07,-9.527590903088278e-05
72.0,4.9,5,-2.9915679208606733e-07,-9.001488993654069e-05
72.0,5.300000000000001,5,-2.961562085007629e-07,-8.451314895081137e-05
72.0,5.7,5,-2.9925943989472876e-07,-7.88211360051881e-05
72.0,6.1000000000000005,5,-2.9696304659937885e-07,-7.299419519571579e-05
72.0,6.5,5,-3.0265995231323143e-07,-6.709324929708897e-05
72.0,6.9,5,-2.9996252899195494e-07,-6.118547403470817e-05
72.0,7.300000000000001,5,-3.0367719524957214e-07,-5.534459573019793e-05
72.0,7.7,5,-3.056924751570392e-07,-4.9650112870078695e-05
72.0,8.1,5,-3.0947023133937526e-07,-4.418443767559237e-05
72.0,8.5,5,-3.114161951932268e-07,-3.902712267042628e-05
72.0,8.9,5,-3.1718930300925506e-07,-3.4246536467447577e-05
72.0,9.3,5,-3.2255862791249075e-07,-2.9891345933226975e-05
72.0,9.700000000000001,5,-3.3232663662351894e-07,-2.5985274044274716e-05
72.0,10.100000000000001,5,-3.399634464509212e-07,-2.2527275540505204e-05
72.0,10.5,5,-3.5184937282448013e-07,-1.9496417550094138e-05
72.0,10.9,5,-3.6444260381768195e-07,-1.6858858268583726e-05
72.0,11.3,5,-3.773525989747243e-07,-1.4574439244974346e-05
72.0,11.700000000000001,5,-3.9249285632042576e-07,-1.2601617601157988e-05
72.0,12.100000000000001,5,-4.0879466664713067e-07,-1.0900562317815603e-05
72.0,12.5,5,-4.2485575537295545e-07,-9.434783935292715e-06
72.0,12.9,5,-4.4413683378033583e-07,-8.171781269374629e-06
72.0,13.3,5,-4.570827301285923e-07,-7.083106950415417e-06
72.0,13.700000000000001,5,-4.7432279611637963e-07,-6.144128136463921e-06
72.0,14.100000000000001,5,-4.8500002792579e-07,-5.333652210287167e-06
72.0,14.5,5,-4.946146912769039e-07,-4.6335132625076995e-06
72.0,14.9,5,-4.996394229586346e-07,-4.0281690568477955e-06
72.0,15.3,5,-4.988350110802325e-07,-3.504331520283354e-06
72.0,15.700000000000001,5,-4.883454357672154e-07,-3.050639274354152e-06
72.0,16.1,5,-4.728331757273542e-07,-2.657373184580956e-06
72.0,16.5,5,-4.459597962890569e-07,-2.3162121989272016e-06
72.0,16.900000000000002,5,-4.047271458935427e-07,-2.020025157559755e-06
72.0,17.3,5,-3.5587322687380763e-07,-1.7626938946319897e-06
72.0,17.7,5,-2.9278153400494785e-07,-1.538963259779522e-06
72.0,18.1,5,-2.157517119599015e-07,-1.3443142181282106e-06
72.0,18.5,5,-1.244011380535674e-07,-1.1748566303803773e-06
72.0,18.900000000000002,5,-2.1914427226174937e-08,-1.0272385928091324e-06
72.0,19.3,5,9.087534828846663e-08,-8.985694714649467e-07
72.0,19.700000000000003,5,2.1964648807317862e-07,-7.863541739208761e-07
72.0,20.1,5,3.548913542885453e-07,-6.884367912713674e-07
72.0,20.5,5,4.944918637307163e-07,-6.029523335029051e-07
72.0,20.900000000000002,5,6.417447993593162e-07,-5.28285645050711e-07
72.0,21.3,5,7.915352325894031e-07,-4.6303664343822784e-07
72.0,21.700000000000003,5,9.413031480947171e-07,-4.0599091200919605e-07
72.0,22.1,5,1.0900190477757046e-06,-3.5609463041229664e-07
72.0,22.5,5,1.231756857791984e-06,-3.124329720734227e-07
72.0,22.900000000000002,5,1.3664036732820944e-06,-2.742113677438209e-07
72.0,23.3,5,1.4994670036010862e-06,-2.407392593971593e-07
72.0,23.700000000000003,5,1.6238712419276377e-06,-2.1141604511786005e-07
72.0,24.1,5,1.7382650278645833e-06,-1.8571890195098256e-07
72.0,24.5,5,1.8466304258340913e-06,-1.6319219914580503e-07
72.0,24.900000000000002,5,1.9473679282441216e-06,-1.434383394288978e-07
72.0,25.3,5,2.043625239717778e-06,-1.2610999864793682e-07
72.0,25.700000000000003,5,2.1361257826432676e-06,-1.109037333283798e-07
72.0,26.1,5,2.2313011742497785e-06,-9.755475133442457e-08
72.0,26.5,5,2.3331201772283728e-06,-8.583243001332172e-08
72.0,26.900000000000002,5,2.444308782616219e-06,-7.55361280203608e-08
72.0,27.3,5,2.5693429195101464e-06,-6.64910586221659e-08
72.0,27.700000000000003,5,2.7144849925973384e-06,-5.854434505841672e-08
72.0,28.1,5,2.8905916389120066e-06,-5.156160508906481e-08
72.0,28.5,5,3.101781171706598e-06,-4.5424344762409996e-08
72.0,28.900000000000002,5,3.36086247342137e-06,-4.0028145433139624e-08
72.0,29.3,5,3.672766379302677e-06,-3.528134525127345e-08
72.0,29.700000000000003,5,4.053841631370872e-06,-3.110385733074266e-08
72.0,30.1,5,4.512801333377307e-06,-2.7425935227121217e-08
72.0,30.5,5,5.066809903523084e-06,-2.4186907965415338e-08
72.0,30.900000000000002,5,5.725157688559926e-06,-2.1333976354401967e-08
72.0,31.3,5,6.499454158083636e-06,-1.88210800720645e-08
72.0,31.700000000000003,5,7.396765655239154e-06,-1.6607769588100747e-08
72.0,32.1,5,8.41968105585801e-06,-1.4658092200536538e-08
72.0,32.5,5,9.563279302798378e-06,-1.2939683472996542e-08
72.0,32.9,5,1.0811681208104189e-05,-1.1423335489226274e-08
72.0,33.300000000000004,5,1.2136739430578747e-05,-1.0083128797213849e-08
72.0,33.7,5,1.3489872289562441e-05,-8.896847200521593e-09
72.0,34.1,5,1.4811025889483087e-05,-7.846141733671677e-09
72.0,34.5,5,1.601340854747451e-05,-6.916032189322231e-09
72.0,34.9,5,1.7005806932219517e-05,-6.0937957450614986e-09
72.0,35.300000000000004,5,1.7677907139920127e-05,-5.367755247946158e-09
72.0,35.7,5,1.7931333867276844e-05,-4.726577995196488e-09
72.0,36.1,5,1.7680696041385526e-05,-4.159351481884524e-09
72.0,36.5,5,1.6872777753930764e-05,-3.6561971611630648e-09
72.0,36.9,5,1.549594173716321e-05,-3.208909768318493e-09
72.0,37.300000000000004,5,1.3576117019139404e-05,-2.811232087631812e-09
72.0,37.7,5,1.1169716410221224e-05,-2.4587077816281323e-09
72.0,38.1,5,8.367347970111843e-06,-2.148272049002204e-09
72.0,38.5,5,5.298024806863815e-06,-1.877702742497415e-09
72.0,38.900000000000006,5,2.106174647162244e-06,-1.6449301092418353e-09
72.0,39.300000000000004,5,-1.0834769675590333e-06,-1.4472527021740281e-09
72.0,39.7,5,-4.188960920281729e-06,-1.2807592262672829e-09
74.0,0.1,2,-2.580391573970581e-07,0.0006429662237339955
74.0,0.5,2,-1.4354944661042527e-07,0.0006409072136634565
74.0,0.9,2,-1.43985735708546e-07,0.0006361185208489912
74.0,1.3,2,-1.6136454324502995e-07,0.0006286376348138453
74.0,1.7000000000000002,2,-1.5919501129421523e-07,0.0006185231764223773
74.0,2.1,2,-1.6115094413309648e-07,0.0006058545295164555
74.0,2.5,2,-1.6136531226256228e-07,0.0005907313767591899
74.0,2.9000000000000004,2,-1.7007008478537927e-07,0.0005732731789501354
74.0,3.3000000000000003,2,-1.723713061347845e-07,0.0005536186530004592
74.0,3.7,2,-1.7643847956898723e-07,0.0005319253235444022
74.0,4.1000000000000005,2,-1.836015228089682e-07,0.0005083692472655591
74.0,4.5,2,-1.831430852547436e-07,0.0004831450368032253
74.0,4.9,2,-1.9091963784282772e-07,0.00045646633930880224
74.0,5.300000000000001,2,-1.9588946697214896e-07,0.00042856694426970303
74.0,5.7,2,-2.0128552223040345e-07,0.0003997026848600262
74.0,6.1000000000000005,2,-2.022179907749642e-07,0.0003701542112116165
74.0,6.5,2,-2.1015725530121722e-07,0.0003402304620902099
74.0,6.9,2,-2.113598690970391e-07,0.00031027208493544155
74.0,7.300000000000001,2,-2.1626042735846698e-07,0.0002806529458138368
74.0,7.7,2,-2.1954750355099877e-07,0.0002517761820476789
74.0,8.1,2,-2.2403661988445643e-07,0.0002240597066432102
74.0,8.5,2,-2.2836821018261267e-07,0.00019790693048852168
74.0,8.9,2,-2.3239409753676233e-07,0.00017366454969739751
74.0,9.3,2,-2.34594350930986e-07,0.00015157935174734736
74.0,9.700000000000001,2,-2.4124487610952365e-07,0.0001317716336604243
74.0,10.100000000000001,2,-2.437064667311953e-07,0.0001142360945317616
74.0,10.5,2,-2.5272047828558895e-07,9.88665864587294e-05
74.0,10.9,2,-2.56050909864886e-07,8.549150285244246e-05
74.0,11.3,2,-2.657060242986892e-07,7.3907205313143e-05
74.0,11.700000000000001,2,-2.7269537404662197e-07,6.390303174504332e-05
74.0,12.100000000000001,2,-2.8310881575707724e-07,5.527699607748592e-05
74.0,12.5,2,-2.949324409167197e-07,4.784405377017712e-05
74.0,12.9,2,-3.063492786119418e-07,4.143938466677153e-05
74.0,13.3,2,-3.2058375482712417e-07,3.5918728570454114e-05
74.0,13.700000000000001,2,-3.3517292889160984e-07,3.115717294727829e-05
74.0,14.100000000000001,2,-3.489199036548255e-07,2.7047253515028503e-05
74.0,14.5,2,-3.672947264229429e-07,2.3496854826804912e-05
74.0,14.9,2,-3.809682932859502e-07,2.042716457249223e-05
74.0,15.3,2,-3.9799185684624774e-07,1.7770799254896246e-05
74.0,15.700000000000001,2,-4.126213020767796e-07,1.547014402340491e-05
74.0,16.1,2,-4.2476477579139253e-07,1.3475910785888817e-05
74.0,16.5,2,-4.3355706311105937e-07,1.1745900447015934e-05
74.0,16.900000000000002,2,-4.4123263573597726e-07,1.0243947743731722e-05
74.0,17.3,2,-4.390675446043286e-07,8.939025285983797e-06
74.0,17.7,2,-4.328425948779811e-07,7.804484225930324e-06
74.0,18.1,2,-4.2058982080631424e-07,6.817411057900437e-06
74.0,18.5,2,-3.954642103175229e-07,5.958082637796445e-06
74.0,18.900000000000002,2,-3.6225473935381047e-07,5.209504116257007e-06
74.0,19.3,2,-3.1809382998971705e-07,4.557016796230919e-06
74.0,19.700000000000003,2,-2.6291572985404055e-07,3.9879648626507386e-06
74.0,20.1,2,-1.935661467689666e-07,3.4914115965011236e-06
74.0,20.5,2,-1.1104749363910838e-07,3.057897228342534e-06
74.0,20.900000000000002,2,-2.0752123305815266e-08,2.679232039572233e-06
74.0,21.3,2,8.273472313311501e-08,2.3483195588229277e-06
74.0,21.700000000000003,2,1.990112394598955e-07,2.0590055751287775e-06
74.0,22.1,2,3.2179453679551684e-07,1.8059491942618048e-06
74.0,22.5,2,4.512462351630616e-07,1.5845124842034933e-06
74.0,22.900000000000002,2,5.852417022957675e-07,1.390665634239826e-06
74.0,23.3,2,7.209373594857756e-07,1.2209051008073697e-06
74.0,23.700000000000003,2,8.5961430978768e-07,1.0721828327232216e-06
74.0,24.1,2,9.97930916265315e-07,9.418451567186783e-07
74.0,24.5,2,1.1299011913501195e-06,8.275801440665481e-07
74.0,24.900000000000002,2,1.255749419255373e-06,7.273723347570887e-07
74.0,25.3,2,1.3771957565024875e-06,6.394637385858744e-07
74.0,25.700000000000003,2,1.4920224520422527e-06,5.623201746856538e-07
74.0,26.1,2,1.5990586452275563e-06,4.946022127616489e-07
74.0,26.5,2,1.7006559185484255e-06,4.351401145479827e-07
74.0,26.900000000000002,2,1.7981355074371128e-06,3.8291218072226367e-07
74.0,27.3,2,1.8905966036237974e-06,3.3702586884137677e-07
74.0,27.700000000000003,2,1.9790418186870275e-06,2.9670111366449996e-07
74.0,28.1,2,2.068041234081581e-06,2.612555149773977e-07
74.0,28.5,2,2.1628864889095967e-06,2.3009134756467767e-07
74.0,28.900000000000002,2,2.267379293248487e-06,2.0268448832121712e-07
74.0,29.3,2,2.3850933207390762e-06,1.7857523354708134e-07
74.0,29.700000000000003,2,2.5216645372277226e-06,1.573606912516029e-07
74.0,30.1,2,2.6850644547256073e-06,1.3868821875031584e-07
74.0,30.5,2,2.8840216790007854e-06,1.2224942036612725e-07
74.0,30.900000000000002,2,3.1270383463208682e-06,1.0777449756763288e-07
74.0,31.3,2,3.423120225526455e-06,9.502704289734689e-08
74.0,31.700000000000003,2,3.782617784879198e-06,8.379947923673004e-08
74.0,32.1,2,4.216920004310635e-06,7.390923572480761e-08
74.0,32.5,2,4.738043061631748e-06,6.519557573544172e-08
74.0,32.9,2,5.358317262397538e-06,5.751692800946583e-08
74.0,33.300000000000004,2,6.088786986762499e-06,5.074864592141362e-08
74.0,33.7,2,6.9371609282162145e-06,4.478119553855739e-08
74.0,34.1,2,7.906372361005084e-06,3.951871212783606e-08
74.0,34.5,2,8.991869416694472e-06,3.4877696205263796e-08
74.0,34.9,2,1.0178209031743628e-05,3.078553689325399e-08
74.0,35.300000000000004,2,1.1436916215423714e-05,2.7178717225500017e-08
74.0,35.7,2,1.2723595626673373e-05,2.4000913572431284e-08
74.0,36.1,2,1.397613802356046e-05,2.1201471952901495e-08
74.0,36.5,2,1.5117243557433737e-05,1.873466471021466e-08
74.0,36.9,2,1.605771063081948e-05,1.6559708778708775e-08
74.0,37.300000000000004,2,1.6701623679483673e-05,1.4641068500722318e-08
74.0,37.7,2,1.6954597007596077e-05,1.2948432995325672e-08
74.0,38.1,2,1.6732973593621306e-05,1.1456054661471374e-08
74.0,38.5,2,1.5978480461004734e-05,1.0141616368941941e-08
74.0,38.900000000000006,2,1.4673388949428634e-05,8.985083301991661e-09
74.0,39.300000000000004,2,1.2847799586126775e-05,7.967912690694353e-09
74.0,39.7,2,1.0570027842723904e-05,7.072696645303417e-09
74.0,0.1,5,-2.905852007964457e-07,0.0006429662353762744
74.0,0.5,5,-1.5305609514819725e-07,0.0006409072237645214
74.0,0.9,5,-1.4497498442925574e-07,0.0006361185277402087
74.0,1.3,5,-1.590457867370456e-07,0.0006286376376046654
74.0,1.7000000000000002,5,-1.5602837377450747e-07,0.0006185231750980412
74.0,2.1,5,-1.5847743830504398e-07,0.0006058545247689043
74.0,2.5,5,-1.5974062689402344e-07,0.0005907313696793942
74.0,2.9000000000000004,5,-1.6939362794972077e-07,0.0005732731707321238
74.0,3.3000000000000003,5,-1.7213915005263565e-07,0.0005536186447428062
74.0,3.7,5,-1.7617224431908963e-07,0.0005319253161446324
74.0,4.1000000000000005,5,-1.8325730761185225e-07,0.0005083692413531565
74.0,4.5,5,-1.8317818491256403e-07,0.0004831450326733845
74.0,4.9,5,-1.9187347658109308e-07,0.0004564663368727135
74.0,5.300000000000001,5,-1.9778409716425496e-07,0.0004285669430739943
74.0,5.7,5,-2.034558858552256e-07,0.0003997026842128083
74.0,6.1000000000000005,5,-2.038592332475038e-07,0.0003701542103950066
74.0,6.5,5,-2.1106113283555718e-07,0.0003402304605822848
74.0,6.9,5,-2.1195843038994059e-07,0.0003102720825506424
74.0,7.300000000000001,5,-2.1691006408439764e-07,0.00028065294271015077
74.0,7.7,5,-2.2008251862007137e-07,0.00025177617861516817
74.0,8.1,5,-2.2426340176575587e-07,0.00022405970334031525
74.0,8.5,5,-2.2859233905328094e-07,0.00019790692770250208
74.0,8.9,5,-2.3292398178072952e-07,0.0001736645476743969
74.0,9.3,5,-2.351363906554832e-07,0.00015157935058966152
74.0,9.700000000000001,5,-2.4155297539902037e-07,0.00013177163335387267
74.0,10.100000000000001,5,-2.442360497802345e-07,0.00011423609496447459
74.0,10.5,5,-2.536239119496747e-07,9.886658742091685e-05
74.0,10.9,5,-2.5654510279162204e-07,8.549150403923209e-05
74.0,11.3,5,-2.6566959379527545e-07,7.390720636199934e-05
74.0,11.700000000000001,5,-2.732572705646222e-07,6.390303231796813e-05
74.0,12.100000000000001,5,-2.845669271179576e-07,5.5276995962544666e-05
74.0,12.5,5,-2.9632365821813584e-07,4.7844052953735436e-05
74.0,12.9,5,-3.0723825385361345e-07,4.143938333516411e-05
74.0,13.3,5,-3.210450079932722e-07,3.591872703424676e-05
74.0,13.700000000000001,5,-3.354019825423292e-07,3.115717152121623e-05
74.0,14.100000000000001,5,-3.4959772737457493e-07,2.7047252407994825e-05
74.0,14.5,5,-3.682952911528534e-07,2.349685408706506e-05
74.0,14.9,5,-3.8172565922082244e-07,2.0427164101345518e-05
74.0,15.3,5,-3.9891090808285377e-07,1.777079886755092e-05
74.0,15.700000000000001,5,-4.134794834815102e-07,1.547014351960489e-05
74.0,16.1,5,-4.2542652065127113e-07,1.3475910000174323e-05
74.0,16.5,5,-4.344238200792884e-07,1.1745899270372669e-05
74.0,16.900000000000002,5,-4.4159794011456933e-07,1.024394612827863e-05
74.0,17.3,5,-4.397324161298973e-07,8.939023248607199e-06
74.0,17.7,5,-4.342539494468123e-07,7.804481855925247e-06
74.0,18.1,5,-4.2115687307610044e-07,6.817408518218294e-06
74.0,18.5,5,-3.9557671085758637e-07,5.9580801432281435e-06
74.0,18.900000000000002,5,-3.629378667926021e-07,5.209501881901493e-06
74.0,19.3,5,-3.191459184967717e-07,4.557014969393172e-06
74.0,19.700000000000003,5,-2.631662039466417e-07,3.9879634681654414e-06
74.0,20.1,5,-1.9377455997409463e-07,3.491410525484256e-06
74.0,20.5,5,-1.1144511128730891e-07,3.057896281474777e-06
74.0,20.900000000000002,5,-2.090001872768216e-08,2.6792310083316637e-06
74.0,21.3,5,8.263765627891072e-08,2.348318307858769e-06
74.0,21.700000000000003,5,1.9929891474594875e-07,2.0590040891185596e-06
74.0,22.1,5,3.2225291919556965e-07,1.8059475724828428e-06
74.0,22.5,5,4.518336009236361e-07,1.584510893429746e-06
74.0,22.900000000000002,5,5.858157096053203e-07,1.390664248459511e-06
74.0,23.3,5,7.227461781469672e-07,1.2209040555042625e-06
74.0,23.700000000000003,5,8.606874850171587e-07,1.0721822053470222e-06
74.0,24.1,5,9.997578207613372e-07,9.418449668810248e-07
74.0,24.5,5,1.1326537168121297e-06,8.275803596446031e-07
74.0,24.900000000000002,5,1.2579428936523195e-06,7.273728762618835e-07
74.0,25.3,5,1.3806088471684822e-06,6.394644864755481e-07
74.0,25.700000000000003,5,1.4956225133051902e-06,5.623209896456203e-07
74.0,26.1,5,1.6031369265094228e-06,4.946029726872007e-07
74.0,26.5,5,1.7052350466184152e-06,4.3514075722980815e-07
74.0,26.900000000000002,5,1.8034059456006616e-06,3.82912731257599e-07
74.0,27.3,5,1.8962095482336226e-06,3.3702643407986025e-07
74.0,27.700000000000003,5,1.9851418737452836e-06,2.967018421824275e-07
74.0,28.1,5,2.075156587996103e-06,2.612565401599276e-07
74.0,28.5,5,2.1696492978427096e-06,2.3009274017198253e-07
74.0,28.900000000000002,5,2.275792619627101e-06,2.0268623846663096e-07
74.0,29.3,5,2.3929701470678207e-06,1.7857726484750186e-07
74.0,29.700000000000003,5,2.530872317930255e-06,1.573628937215142e-07
74.0,30.1,5,2.6943274747441427e-06,1.3869048127783938e-07
74.0,30.5,5,2.8940400162682346e-06,1.2225164998369772e-07
74.0,30.900000000000002,5,3.137433749516158e-06,1.0777662483921042e-07
74.0,31.3,5,3.4342347384353124e-06,9.502902147466447e-08
74.0,31.700000000000003,5,3.794137869749932e-06,8.380128781608953e-08
74.0,32.1,5,4.2290594790983566e-06,7.391088370102632e-08
74.0,32.5,5,4.750887196730698e-06,6.51971058497119e-08
74.0,32.9,5,5.37184667825152e-06,5.7518406685301737e-08
74.0,33.300000000000004,5,6.10277087743905e-06,5.0750137324829137e-08
74.0,33.7,5,6.952396895931778e-06,4.478272580767058e-08
74.0,34.1,5,7.92222311968063e-06,3.9520239385805256e-08
74.0,34.5,5,9.008544982567086e-06,3.487910352238906e-08
74.0,34.9,5,1.0196514821581052e-05,3.078665684194348e-08
74.0,35.300000000000004,5,1.1455465427663798e-05,2.717938144242115e-08
74.0,35.7,5,1.2744711911911372e-05,2.4001007080606904e-08
74.0,36.1,5,1.3997269211703616e-05,2.1200968192067234e-08
74.0,36.5,5,1.514061473329122e-05,1.87336265214394e-08
74.0,36.9,5,1.6082431823860388e-05,1.6558258038806763e-08
74.0,37.300000000000004,5,1.6727819560441316e-05,1.4639342234184714e-08
74.0,37.7,5,1.6982223121190416e-05,1.2946547546041495e-08
74.0,38.1,5,1.6762150673463672e-05,1.1454090498346238e-08
74.0,38.5,5,1.6008365439519703e-05,1.0139621789935151e-08
74.0,38.900000000000006,5,1.4704969722239133e-05,8.983086204553655e-09
74.0,39.300000000000004,5,1.2880124027498343e-05,7.965930913145554e-09
74.0,39.7,5,1.0601341493624376e-05,7.07074558204435e-09
76.0,0.1,2,-9.208518299445928e-08,0.0009988986832366038
76.0,0.5,2,-5.435145898651555e-08,0.0009956998476434765
76.0,0.9,2,-5.496230377807683e-08,0.0009882602334791526
76.0,1.3,2,-6.04042797561292e-08,0.000976638084201419
76.0,1.7000000000000002,2,-6.315639585643225e-08,0.0009609244725164246
76.0,2.1,2,-6.540402820881365e-08,0.0009412427279243672
76.0,2.5,2,-6.833772404346222e-08,0.0009177477155568948
76.0,2.9000000000000004,2,-7.614385817059307e-08,0.0008906250272949427
76.0,3.3000000000000003,2,-7.48155569691512e-08,0.0008600901708345122
76.0,3.7,2,-8.253380079675977e-08,0.0008263878731189754
76.0,4.1000000000000005,2,-9.312342947786793e-08,0.0007897916520575275
76.0,4.5,2,-9.283212441599533e-08,0.0007506038536638722
76.0,4.9,2,-1.006910549957554e-07,0.000709156395563107
76.0,5.300000000000001,2,-1.0685207663310405e-07,0.000665812488140117
76.0,5.7,2,-1.1441096232852665e-07,0.0006209695884770595
76.0,6.1000000000000005,2,-1.1949673349102324e-07,0.0005750637088358577
76.0,6.5,2,-1.2775891509658278e-07,0.000528574810120249
76.0,6.9,2,-1.3293222606194314e-07,0.0004820321151053044
76.0,7.300000000000001,2,-1.401913007613114e-07,0.00043601645421135755
76.0,7.7,2,-1.4564350520254089e-07,0.0003911541328951364
76.0,8.1,2,-1.4996437252476031e-07,0.00034809441154069504
76.0,8.5,2,-1.579155226449673e-07,0.00030746401996586736
76.0,8.9,2,-1.6266569123002718e-07,0.00026980157672301257
76.0,9.3,2,-1.6881181470743536e-07,0.000235490484291402
76.0,9.700000000000001,2,-1.7391841757231606e-07,0.00020471763262246438
76.0,10.100000000000001,2,-1.776238934125495e-07,0.00017747478620273454
76.0,10.5,2,-1.847073817428492e-07,0.00015359703671427515
76.0,10.9,2,-1.8745853183718188e-07,0.00013281778136962598
76.0,11.3,2,-1.9526358824651336e-07,0.00011482065377223
76.0,11.700000000000001,2,-1.9755654321728093e-07,9.927837543086356e-05
76.0,12.100000000000001,2,-2.0537714793473572e-07,8.587714591139574e-05
76.0,12.5,2,-2.095531711791866e-07,7.432948352028138e-05
76.0,12.9,2,-2.1739440460580999e-07,6.437932550818708e-05
76.0,13.3,2,-2.2533545650982266e-07,5.580255005818078e-05
76.0,13.700000000000001,2,-2.3281161423239896e-07,4.840509394322851e-05
76.0,14.100000000000001,2,-2.441891293066174e-07,4.202000257175051e-05
76.0,14.5,2,-2.5302189734075513e-07,3.6504168621525056e-05
76.0,14.9,2,-2.6540484903689093e-07,3.1735153246115884e-05
76.0,15.3,2,-2.786119588438823e-07,2.7608272987257322e-05
76.0,15.700000000000001,2,-2.9071161376343716e-07,2.4034019536506958e-05
76.0,16.1,2,-3.069300217546177e-07,2.0935819315886578e-05
76.0,16.5,2,-3.213439980838397e-07,1.82481110008923e-05
76.0,16.900000000000002,2,-3.362233403636849e-07,1.591470717859423e-05
76.0,17.3,2,-3.5168218673668766e-07,1.3887403264646319e-05
76.0,17.7,2,-3.6648308024303015e-07,1.21247982361871e-05
76.0,18.1,2,-3.7630574944188565e-07,1.0591295273915325e-05
76.0,18.5,2,-3.8815365329017084e-07,9.25625463515483e-06
76.0,18.900000000000002,2,-3.9381039426260743e-07,8.093275170571837e-06
76.0,19.3,2,-3.9334663675136405e-07,7.0795844700131355e-06
76.0,19.700000000000003,2,-3.8992622160103235e-07,6.195520650795175e-06
76.0,20.1,2,-3.781534485133517e-07,5.424091422089457e-06
76.0,20.5,2,-3.580771285105862e-07,4.7505983761468864e-06
76.0,20.900000000000002,2,-3.2722849469934634e-07,4.1623164567876e-06
76.0,21.3,2,-2.882682207240894e-07,3.648220174176046e-06
76.0,21.700000000000003,2,-2.3967591552118e-07,3.1987493925969816e-06
76.0,22.1,2,-1.7570668433327318e-07,2.8056085546483455e-06
76.0,22.5,2,-1.015565690398329e-07,2.4615941862269004e-06
76.0,22.900000000000002,2,-1.8755835965956965e-08,2.160446499261756e-06
76.0,23.3,2,7.618198387636018e-08,1.896721763350148e-06
76.0,23.700000000000003,2,1.8087478801306374e-07,1.6656827002464581e-06
76.0,24.1,2,2.9428243537364254e-07,1.4632044328229503e-06
76.0,24.5,2,4.1556253746993625e-07,1.2856936392867007e-06
76.0,24.900000000000002,2,5.393064656543838e-07,1.1300187454994287e-06
76.0,25.3,2,6.639615291860937e-07,9.934493497380442e-07
76.0,25.700000000000003,2,7.917774834949082e-07,8.736035399352933e-07
76.0,26.1,2,9.201336613235008e-07,7.684021481621356e-07
76.0,26.5,2,1.0443545201745878e-06,6.760291664786148e-07
76.0,26.900000000000002,2,1.1637392082307935e-06,5.948975621360258e-07
76.0,27.3,2,1.2783113292479274e-06,5.236197276405788e-07
76.0,27.700000000000003,2,1.3858561414225887e-06,4.6098189074009405e-07
76.0,28.1,2,1.485530067647751e-06,4.0592196290367557e-07
76.0,28.5,2,1.5797128693820092e-06,3.5751040633196314e-07
76.0,28.900000000000002,2,1.6706977825232194e-06,3.1493368306187903e-07
76.0,29.3,2,1.7587346570533368e-06,2.7747978394312664e-07
76.0,29.700000000000003,2,1.8442899643647285e-06,2.445253648011697e-07
76.0,30.1,2,1.9302164063517022e-06,2.1552421408456758e-07
76.0,30.5,2,2.0210069754380166e-06,1.8999704778702941e-07
76.0,30.900000000000002,2,2.121170556011648e-06,1.675227785573606e-07
76.0,31.3,2,2.2348982967298795e-06,1.477313114689507e-07
76.0,31.700000000000003,2,2.36675196342207e-06,1.3029764761646087e-07
76.0,32.1,2,2.522650045423259e-06,1.1493684781610672e-07
76.0,32.5,2,2.7105495037117866e-06,1.0139941150387758e-07
76.0,32.9,2,2.939837985189509e-06,8.946686017708309e-08
76.0,33.300000000000004,2,3.220097494982388e-06,7.894759545280748e-08
76.0,33.7,2,3.5611724114352448e-06,6.967322475781021e-08
76.0,34.1,2,3.973718034990106e-06,6.149546405842736e-08
76.0,34.5,2,4.468636272229129e-06,5.4283568286731465e-08
76.0,34.9,2,5.056752048387267e-06,4.792217442748987e-08
76.0,35.300000000000004,2,5.748339996873164e-06,4.2309505913114445e-08
76.0,35.7,2,6.550842541385103e-06,3.7355958080998406e-08
76.0,36.1,2,7.46724102192908e-06,3.2983026275098434e-08
76.0,36.5,2,8.494527057150001e-06,2.9122366924878043e-08
76.0,36.9,2,9.619649667633525e-06,2.5714678849881382e-08
76.0,37.300000000000004,2,1.0816575228097471e-05,2.2708229167493844e-08
76.0,37.7,2,1.204401242832618e-05,2.0057190617813748e-08
76.0,38.1,2,1.3242636148365343e-05,1.7720247723492214e-08
76.0,38.5,2,1.4336344022853404e-05,1.5659898543211116e-08
76.0,38.900000000000006,2,1.5236359695827659e-05,1.3842499990247276e-08
76.0,39.300000000000004,2,1.5850051517160064e-05,1.2238649477806018e-08
76.0,39.7,2,1.6091599958415002e-05,1.0823319228374205e-08
76.0,0.1,5,-6.18889813561482e-08,0.0009988986565259564
76.0,0.5,5,-4.477614327024414e-08,0.00099569982252541
76.0,0.9,5,-5.256843280873829e-08,0.0009882602118041607
76.0,1.3,5,-6.099498115603634e-08,0.0009766380672064387
76.0,1.7000000000000002,5,-6.502218505127597e-08,0.000960924460605179
76.0,2.1,5,-6.753817273783429e-08,0.0009412427206343941
76.0,2.5,5,-7.005949974772109e-08,0.0009177477117469958
76.0,2.9000000000000004,5,-7.712661248543176e-08,0.0008906250255035206
76.0,3.3000000000000003,5,-7.516887980867363e-08,0.0008600901696798812
76.0,3.7,5,-8.271366251891704e-08,0.0008263878715958062
76.0,4.1000000000000005,5,-9.35981437623924e-08,0.0007897916496479654
76.0,4.5,5,-9.367532644324876e-08,0.0007506038502856321
76.0,4.9,5,-1.014464047190405e-07,0.0007091563914475805
76.0,5.300000000000001,5,-1.0688645293696566e-07,0.0006658124837263086
76.0,5.7,5,-1.1352493026649162e-07,0.0006209695843402801
76.0,6.1000000000000005,5,-1.1818922067411556e-07,0.0005750637056079511
76.0,6.5,5,-1.2678111787982903e-07,0.0005285748083560256
76.0,6.9,5,-1.3256457168133777e-07,0.0004820321151081083
76.0,7.300000000000001,5,-1.401149622338549e-07,0.0004360164558960241
76.0,7.7,5,-1.4556647785590316e-07,0.000391154135778297
76.0,8.1,5,-1.5006377058160742e-07,0.0003480944148889434
76.0,8.5,5,-1.5839853724575306e-07,0.000307464023041764
76.0,8.9,5,-1.6325619203296313e-07,0.0002698015790129445
76.0,9.3,5,-1.6920249732266445e-07,0.00023549048561706957
76.0,9.700000000000001,5,-1.7436646337884576e-07,0.00020471763311131943
76.0,10.100000000000001,5,-1.783590366709812e-07,0.0001774747861660172
76.0,10.5,5,-1.8529262670876894e-07,0.0001535970365099633
76.0,10.9,5,-1.8773251918713968e-07,0.0001328177813072611
76.0,11.3,5,-1.9598862234043744e-07,0.00011482065407300455
76.0,11.700000000000001,5,-1.989015336383426e-07,9.927837622098273e-05
76.0,12.100000000000001,5,-2.062392257391842e-07,8.587714721886946e-05
76.0,12.5,5,-2.0952079294522016e-07,7.432948526373577e-05
76.0,12.9,5,-2.1733513470995034e-07,6.437932749217689e-05
76.0,13.3,5,-2.2572490566068902e-07,5.580255200023853e-05
76.0,13.700000000000001,5,-2.3362255090351785e-07,4.840509554376556e-05
76.0,14.100000000000001,5,-2.4529271117777806e-07,4.202000360872979e-05
76.0,14.5,5,-2.537918119958608e-07,3.650416902884741e-05
76.0,14.9,5,-2.6586174024653877e-07,3.1735153135472395e-05
76.0,15.3,5,-2.7929792006963293e-07,2.760827259961216e-05
76.0,15.700000000000001,5,-2.912621318432146e-07,2.4034019145313357e-05
76.0,16.1,5,-3.074707382053138e-07,2.093581912717257e-05
76.0,16.5,5,-3.221088728958245e-07,1.8248111092806977e-05
76.0,16.900000000000002,5,-3.3681902981515544e-07,1.5914707498426547e-05
76.0,17.3,5,-3.5270987356742176e-07,1.3887403670795274e-05
76.0,17.7,5,-3.673029283880766e-07,1.212479855513606e-05
76.0,18.1,5,-3.76306101974251e-07,1.059129534516658e-05
76.0,18.5,5,-3.889091846418828e-07,9.256254334435888e-06
76.0,18.900000000000002,5,-3.950324834144236e-07,8.093274419381379e-06
76.0,19.3,5,-3.9394319486911196e-07,7.079583244705897e-06
76.0,19.700000000000003,5,-3.901085178744558e-07,6.195518996022946e-06
76.0,20.1,5,-3.7893788411277574e-07,5.424089459098688e-06
76.0,20.5,5,-3.589080090221904e-07,4.750596289569945e-06
76.0,20.900000000000002,5,-3.276112711911129e-07,4.162314451204854e-06
76.0,21.3,5,-2.888131639922086e-07,3.648218409899698e-06
76.0,21.700000000000003,5,-2.399766157652229e-07,3.19874792745646e-06
76.0,22.1,5,-1.761916962176699e-07,2.805607321557247e-06
76.0,22.5,5,-1.0183825215646873e-07,2.4615930215472916e-06
76.0,22.900000000000002,5,-1.8898165022927545e-08,2.1604452114100617e-06
76.0,23.3,5,7.651980679900178e-08,1.896720210441618e-06
76.0,23.700000000000003,5,1.8047846978109246e-07,1.665680841677842e-06
76.0,24.1,5,2.9499346651115865e-07,1.4632023354996956e-06
76.0,24.5,5,4.1628416931682394e-07,1.2856914433792611e-06
76.0,24.900000000000002,5,5.39646661199126e-07,1.1300166132458555e-06
76.0,25.3,5,6.654812412620764e-07,9.934474224845483e-07
76.0,25.700000000000003,5,7.930781658800174e-07,8.73601916040988e-07
76.0,26.1,5,9.217201861491781e-07,7.684008780069324e-07
76.0,26.5,5,1.04665615000733e-06,6.760282529284112e-07
76.0,26.900000000000002,5,1.1661740488191163e-06,5.94896959919625e-07
76.0,27.3,5,1.2811658924603504e-06,5.236193456859755e-07
76.0,27.700000000000003,5,1.3892990963814548e-06,4.609816079125881e-07
76.0,28.1,5,1.489372698903727e-06,4.0592166180225726e-07
76.0,28.5,5,1.5838478253064941e-06,3.5751001628297447e-07
76.0,28.900000000000002,5,1.6757643349912237e-06,3.1493321247743725e-07
76.0,29.3,5,1.763737612944486e-06,2.774793232575544e-07
76.0,29.700000000000003,5,1.8502999748319903e-06,2.4452505546310535e-07
76.0,30.1,5,1.9364733633266304e-06,2.1552419725864103e-07
76.0,30.5,5,2.0276920243981355e-06,1.8999741692236655e-07
76.0,30.900000000000002,5,2.1287866018333155e-06,1.6752355608268867e-07
76.0,31.3,5,2.242376278697621e-06,1.4773245512461345e-07
76.0,31.700000000000003,5,2.3753743295591177e-06,1.3029907635536077e-07
76.0,32.1,5,2.5313376072821966e-06,1.1493847031266264e-07
76.0,32.5,5,2.719884569363607e-06,1.014011447511815e-07
76.0,32.9,5,2.949725544164078e-06,8.946863629559861e-08
76.0,33.300000000000004,5,3.2304097491835733e-06,7.894936330886867e-08
76.0,33.7,5,3.5721568041432615e-06,6.967495398272042e-08
76.0,34.1,5,3.984902502293328e-06,6.149715298539283e-08
76.0,34.5,5,4.481149716152593e-06,5.428524955646628e-08
76.0,34.9,5,5.0689567634324205e-06,4.7923908784568996e-08
76.0,35.300000000000004,5,5.7620678188650385e-06,4.2311359030223505e-08
76.0,35.7,5,6.5648867571731705e-06,3.735796512803316e-08
76.0,36.1,5,7.4821740177824935e-06,3.29851586248101e-08
76.0,36.5,5,8.510823129988874e-06,2.9124518503065705e-08
76.0,36.9,5,9.636026524592914e-06,2.5716682876373834e-08
76.0,37.300000000000004,5,1.0835151185962384e-05,2.2709901899009597e-08
76.0,37.7,5,1.206317824063159e-05,2.0058384522010163e-08
76.0,38.1,5,1.3263211001294275e-05,1.772089079873875e-08
76.0,38.5,5,1.4358276710353584e-05,1.5660003387379914e-08
76.0,38.900000000000006,5,1.525981743623645e-05,1.3842142031333438e-08
76.0,39.300000000000004,5,1.5874693450180898e-05,1.223792905071433e-08
76.0,39.7,5,1.6118400829824726e-05,1.0822327566921842e-08
78.0,0.1,2,6.585333669303175e-08,0.0007119191565103112
78.0,0.5,2,-1.3061116744070197e-08,0.0007096393349147892
78.0,0.9,2,-2.1544717984866994e-08,0.0007043370950793167
78.0,1.3,2,-7.056038230049658e-09,0.0006960539470161183
78.0,1.7000000000000002,2,-1.2024834173866334e-08,0.0006848547982019052
78.0,2.1,2,-1.5681794585854366e-08,0.0006708275456958425
78.0,2.5,2,-1.7001710499378143e-08,0.0006540825622367983
78.0,2.9000000000000004,2,-2.3608244339260615e-08,0.0006347521197559716
78.0,3.3000000000000003,2,-2.1388490934345583e-08,0.0006129898113647744
78.0,3.7,2,-2.5704857706306316e-08,0.0005889700548301297
78.0,4.1000000000000005,2,-3.229127946984963e-08,0.0005628877872863283
78.0,4.5,2,-3.43881480719372e-08,0.0005349584917064173
78.0,4.9,2,-4.21269368139995e-08,0.0005054187268431079
78.0,5.300000000000001,2,-4.4076296228040075e-08,0.00047452735393996813
78.0,5.7,2,-5.0385083838199374e-08,0.00044256764203055317
78.0,6.1000000000000005,2,-5.651152154767453e-08,0.00040985033860203136
78.0,6.5,2,-6.196348382508122e-08,0.00037671751352263337
78.0,6.9,2,-6.77022727413082e-08,0.0003435463457978118
78.0,7.300000000000001,2,-7.54984115216006e-08,0.00031075079542101285
78.0,7.7,2,-8.270103472594957e-08,0.0002787772326609966
78.0,8.1,2,-8.710547235207241e-08,0.00024808838795203805
78.0,8.5,2,-9.55620361980647e-08,0.00021913093434259057
78.0,8.9,2,-9.944316942868362e-08,0.0001922887480654404
78.0,9.3,2,-1.0872222165658654e-07,0.00016783508275953305
78.0,9.700000000000001,2,-1.137658090306649e-07,0.00014590313709098458
78.0,10.100000000000001,2,-1.206356044274272e-07,0.0001264870427743885
78.0,10.5,2,-1.2640222004871421e-07,0.00010946926938276951
78.0,10.9,2,-1.3197722202650988e-07,9.465980742785441e-05
78.0,11.3,2,-1.3852268722758312e-07,8.183317998257145e-05
78.0,11.700000000000001,2,-1.434874738692737e-07,7.075613291598612e-05
78.0,12.100000000000001,2,-1.497583802799396e-07,6.120501844291666e-05
78.0,12.5,2,-1.5373315531471075e-07,5.2974947042176415e-05
78.0,12.9,2,-1.5983997703525296e-07,4.588342234890985e-05
78.0,13.3,2,-1.637694756121291e-07,3.977071287094373e-05
78.0,13.700000000000001,2,-1.7001555210010698e-07,3.449851001774571e-05
78.0,14.100000000000001,2,-1.7558715293048628e-07,2.9947825257345303e-05
78.0,14.5,2,-1.8117456234115883e-07,2.601666545068385e-05
78.0,14.9,2,-1.8963004683602575e-07,2.2617767256417922e-05
78.0,15.3,2,-1.9472614957768648e-07,1.96765211988086e-05
78.0,15.700000000000001,2,-2.0520287054489727e-07,1.7129133217534956e-05
78.0,16.1,2,-2.1272077114842593e-07,1.4921028468880006e-05
78.0,16.5,2,-2.2290163238500308e-07,1.3005481488504005e-05
78.0,16.900000000000002,2,-2.3472903804071168e-07,1.1342448403127123e-05
78.0,17.3,2,-2.457525113720937e-07,9.897574942518272e-06
78.0,17.7,2,-2.5874132153658354e-07,8.641355290779133e-06
78.0,18.1,2,-2.732752541613903e-07,7.54841942381844e-06
78.0,18.5,2,-2.867211030136123e-07,6.596929431739775e-06
78.0,18.900000000000002,2,-3.002586350842108e-07,5.768067941557916e-06
78.0,19.3,2,-3.166413522307718e-07,5.045604075127619e-06
78.0,19.700000000000003,2,-3.276498801948583e-07,4.415524518644296e-06
78.0,20.1,2,-3.3951731532473916e-07,3.865719313524444e-06
78.0,20.5,2,-3.50097181600378e-07,3.3857138322857993e-06
78.0,20.900000000000002,2,-3.553122143880568e-07,2.966439934767814e-06
78.0,21.3,2,-3.5680783711567264e-07,2.600040448617695e-06
78.0,21.700000000000003,2,-3.5285094475076863e-07,2.2797019690876707e-06
78.0,22.1,2,-3.443957972549557e-07,1.9995116878432656e-06
78.0,22.5,2,-3.2626395248017054e-07,1.754334639397835e-06
78.0,22.900000000000002,2,-2.9785784853841694e-07,1.5397083696131701e-06
78.0,23.3,2,-2.6375630462271127e-07,1.3517524992437082e-06
78.0,23.700000000000003,2,-2.1892285757591895e-07,1.1870909571668646e-06
78.0,24.1,2,-1.6124907721008636e-07,1.0427848902477919e-06
78.0,24.5,2,-9.396134944275826e-08,9.162745540293671e-07
78.0,24.900000000000002,2,-1.614841158745287e-08,8.053288872391484e-07
78.0,25.3,2,7.120671844195792e-08,7.080018645108752e-07
78.0,25.700000000000003,2,1.6610355884113567e-07,6.22594943415534e-07
78.0,26.1,2,2.706771213058715e-07,5.476249119082322e-07
78.0,26.5,2,3.8378021497912413e-07,4.817963109184225e-07
78.0,26.900000000000002,2,4.997155155656656e-07,4.23977551159073e-07
78.0,27.3,2,6.166244501370732e-07,3.7317998144773896e-07
78.0,27.700000000000003,2,7.354887682047903e-07,3.285394423017481e-07
78.0,28.1,2,8.541255241670124e-07,2.8930008303304684e-07
78.0,28.5,2,9.694330986918288e-07,2.54800304121983e-07
78.0,28.900000000000002,2,1.0812875578878644e-06,2.2446062779712729e-07
78.0,29.3,2,1.1900029686360633e-06,1.977732272419595e-07
78.0,29.700000000000003,2,1.293481635754307e-06,1.7429286224796187e-07
78.0,30.1,2,1.3895356639183881e-06,1.5362905735170597e-07
78.0,30.5,2,1.4788826044388026e-06,1.3543941005650435e-07
78.0,30.900000000000002,2,1.564142917062129e-06,1.1942386217984585e-07
78.0,31.3,2,1.6470905506734442e-06,1.0531966268398563e-07
78.0,31.700000000000003,2,1.7283856798215793e-06,9.289673292566748e-08
78.0,32.1,2,1.8097220870359493e-06,8.195329524897025e-08
78.0,32.5,2,1.8949495872583102e-06,7.231186821610069e-08
78.0,32.9,2,1.988878010973602e-06,6.381588210821751e-08
78.0,33.300000000000004,2,2.0961807106588396e-06,5.632709172036928e-08
78.0,33.7,2,2.2217766749893696e-06,4.972370356382046e-08
78.0,34.1,2,2.371205975365523e-06,4.38988900077746e-08
78.0,34.5,2,2.5508350756356415e-06,3.8759324117020375e-08
78.0,34.9,2,2.7686209468906183e-06,3.422355800542281e-08
78.0,35.300000000000004,2,3.033915611527814e-06,3.022032444122131e-08
78.0,35.7,2,3.3566420902630984e-06,2.6686969485453974e-08
78.0,36.1,2,3.7477050131575333e-06,2.3568160253167138e-08
78.0,36.5,2,4.2184323419843984e-06,2.08148667537061e-08
78.0,36.9,2,4.7791002003640925e-06,1.838354904549838e-08
78.0,37.300000000000004,2,5.439130340890272e-06,1.6235534829909198e-08
78.0,37.7,2,6.205698516370619e-06,1.4336639036153236e-08
78.0,38.1,2,7.0810283921785996e-06,1.2657020954768171e-08
78.0,38.5,2,8.06102698852633e-06,1.1171100154683062e-08
78.0,38.900000000000006,2,9.132415839122275e-06,9.857229485357938e-09
78.0,39.300000000000004,2,1.0270622320514236e-05,8.69692979301395e-09
78.0,39.7,2,1.1437724651000542e-05,7.67381497064256e-09
78.0,0.1,5,5.683048451120309e-08,0.0007119191728950439
78.0,0.5,5,-1.71243037668849e-08,0.0007096393503062745
78.0,0.9,5,-2.442875283118882e-08,0.0007043371081634371
78.0,1.3,5,-9.331296142829994e-09,0.0006960539566085207
78.0,1.7000000000000002,5,-1.35820730164907e-08,0.0006848548035209731
78.0,2.1,5,-1.647711063232327e-08,0.0006708275466661089
78.0,2.5,5,-1.7248393457757287e-08,0.0006540825596172083
78.0,2.9000000000000004,5,-2.3698527715981112e-08,0.000634752114960081
78.0,3.3000000000000003,5,-2.1654731401500696e-08,0.0006129898060206817
78.0,3.7,5,-2.6180025569249596e-08,0.0005889700502844026
78.0,4.1000000000000005,5,-3.266537091840884e-08,0.0005628877842786718
78.0,4.5,5,-3.426069338485449e-08,0.00053495849032384
78.0,4.9,5,-4.141574094409667e-08,0.0005054187266983942
78.0,5.300000000000001,5,-4.322682344902674e-08,0.0004745273544237571
78.0,5.7,5,-5.009875276207394e-08,0.0004425676425078902
78.0,6.1000000000000005,5,-5.714706854724026e-08,0.000409850338518843
78.0,6.5,5,-6.319465862367014e-08,0.0003767175124671344
78.0,6.9,5,-6.886304883118405e-08,0.0003435463435689034
78.0,7.300000000000001,5,-7.62767196870357e-08,0.0003107507921026914
78.0,7.7,5,-8.33326959923188e-08,0.00027877722864907343
78.0,8.1,5,-8.782894718381055e-08,0.00024808838387904865
78.0,8.5,5,-9.618518928828309e-08,0.00021913093090062373
78.0,8.9,5,-9.973731530146168e-08,0.00019228874579088162
78.0,9.3,5,-1.0892526648627762e-07,0.00016783508187038807
78.0,9.700000000000001,5,-1.1417247235596915e-07,0.00014590313744259907
78.0,10.100000000000001,5,-1.2101359197052972e-07,0.00012648704394444424
78.0,10.5,5,-1.2653163970905086e-07,0.00010946927084184322
78.0,10.9,5,-1.322734676853779e-07,9.465980872063204e-05
78.0,11.3,5,-1.3914935701218538e-07,8.183318084915325e-05
78.0,11.700000000000001,5,-1.4369254113001942e-07,7.07561333192355e-05
78.0,12.100000000000001,5,-1.4931547669695794e-07,6.120501851572017e-05
78.0,12.5,5,-1.537056327072435e-07,5.2974947000464054e-05
78.0,12.9,5,-1.6074030735878335e-07,4.5883422416547644e-05
78.0,13.3,5,-1.648319036731946e-07,3.9770713237021995e-05
78.0,13.700000000000001,5,-1.7073967908265028e-07,3.4498510817569024e-05
78.0,14.100000000000001,5,-1.7595689805381583e-07,2.9947826556689138e-05
78.0,14.5,5,-1.8125402422232343e-07,2.6016667223800234e-05
78.0,14.9,5,-1.8997902756784485e-07,2.2617769369420868e-05
78.0,15.3,5,-1.9540474374945053e-07,1.9676523421784247e-05
78.0,15.700000000000001,5,-2.0569690989049395e-07,1.7129135278918877e-05
78.0,16.1,5,-2.1334836695241358e-07,1.4921030139900646e-05
78.0,16.5,5,-2.2362357585264233e-07,1.300548266243904e-05
78.0,16.900000000000002,5,-2.3523487347587702e-07,1.134244913059549e-05
78.0,17.3,5,-2.4639662559866734e-07,9.897575403975337e-06
78.0,17.7,5,-2.5902672993349426e-07,8.64135571943631e-06
78.0,18.1,5,-2.7368608462712635e-07,7.548420016067699e-06
78.0,18.5,5,-2.8798393569358557e-07,6.596930284472846e-06
78.0,18.900000000000002,5,-3.0084847196891025e-07,5.768069037173444e-06
78.0,19.3,5,-3.166928947463284e-07,5.045605308225603e-06
78.0,19.700000000000003,5,-3.283272024518675e-07,4.415525740855534e-06
78.0,20.1,5,-3.4055933961799297e-07,3.865720372410761e-06
78.0,20.5,5,-3.5060538564183877e-07,3.385714594097519e-06
78.0,20.900000000000002,5,-3.556402976119703e-07,2.9664402965690445e-06
78.0,21.3,5,-3.5760010158703456e-07,2.600040351014081e-06
78.0,21.700000000000003,5,-3.5338073799029907e-07,2.2797014141473518e-06
78.0,22.1,5,-3.450875876119627e-07,1.999510753565063e-06
78.0,22.5,5,-3.2668846572121744e-07,1.7543334747037969e-06
78.0,22.900000000000002,5,-2.98321088528064e-07,1.5397071591815766e-06
78.0,23.3,5,-2.6422173435350037e-07,1.351751404342603e-06
78.0,23.700000000000003,5,-2.1960201278937965e-07,1.1870900558164604e-06
78.0,24.1,5,-1.6111952900333007e-07,1.042784146031208e-06
78.0,24.5,5,-9.439992152723645e-08,9.162738312291286e-07
78.0,24.900000000000002,5,-1.654094879417764e-08,8.053280074539757e-07
78.0,25.3,5,7.17328170133872e-08,7.080006783609924e-07
78.0,25.700000000000003,5,1.6589444742195507e-07,6.225933848401984e-07
78.0,26.1,5,2.709925252391822e-07,5.476230135695079e-07
78.0,26.5,5,3.8461114499948476e-07,4.817941814338131e-07
78.0,26.900000000000002,5,5.001463353564281e-07,4.239753326876859e-07
78.0,27.3,5,6.178373764376215e-07,3.731778105144199e-07
78.0,27.700000000000003,5,7.367380260459012e-07,3.28537426795577e-07
78.0,28.1,5,8.557595917121146e-07,2.8929829351293687e-07
78.0,28.5,5,9.713344240537454e-07,2.5479876997630475e-07
78.0,28.900000000000002,5,1.0837184993612972e-06,2.244593320672747e-07
78.0,29.3,5,1.1926407841484427e-06,1.9777210427306258e-07
78.0,29.700000000000003,5,1.2966014396589957e-06,1.7429180849467823e-07
78.0,30.1,5,1.3932594552843344e-06,1.5362796130295208e-07
78.0,30.5,5,1.482611325769663e-06,1.3543819446435787e-07
78.0,30.900000000000002,5,1.5690223673147116e-06,1.1942252004490588e-07
78.0,31.3,5,1.651575985627394e-06,1.0531826771816642e-07
78.0,31.700000000000003,5,1.7343349729009774e-06,9.289541714830107e-08
78.0,32.1,5,1.8151232444188388e-06,8.195220386220446e-08
78.0,32.5,5,1.9017919333028723e-06,7.231111339696365e-08
78.0,32.9,5,1.995476411047265e-06,6.381551591827207e-08
78.0,33.300000000000004,5,2.103618346790971e-06,5.6327105805594986e-08
78.0,33.7,5,2.2296945819453304e-06,4.972404857029595e-08
78.0,34.1,5,2.3793865869200966e-06,4.389949990748787e-08
78.0,34.5,5,2.5597523417645072e-06,3.87601334391374e-08
78.0,34.9,5,2.777699220964743e-06,3.4224509189339746e-08
78.0,35.300000000000004,5,3.044080031398943e-06,3.0221370749862865e-08
78.0,35.7,5,3.366315481823587e-06,2.6688080498982933e-08
78.0,36.1,5,3.759181630184687e-06,2.3569331705191398e-08
78.0,36.5,5,4.229281866139314e-06,2.0816128913639572e-08
78.0,36.9,5,4.791486028406792e-06,1.838496404409407e-08
78.0,37.300000000000004,5,5.45163941373161e-06,1.6237176627928693e-08
78.0,37.7,5,6.218956555088186e-06,1.4338558982528981e-08
78.0,38.1,5,7.0956761750465175e-06,1.265921195506083e-08
78.0,38.5,5,8.075805563367143e-06,1.1173476936941411e-08
78.0,38.900000000000006,5,9.148551616513041e-06,9.859637525348755e-09
78.0,39.300000000000004,5,1.0287834360716558e-05,8.699182503014988e-09
78.0,39.7,5,1.1456070254404928e-05,7.675744362582197e-09
80.0,0.1,2,8.740525335959843e-08,-3.326606612951363e-05
80.0,0.5,2,-5.989113468585479e-10,-3.315953568192179e-05
80.0,0.9,2,-2.041111235809364e-09,-3.291177510717721e-05
80.0,1.3,2,1.3237422651458236e-08,-3.252472413097961e-05
80.0,1.7000000000000002,2,2.6918796165008175e-09,-3.2001415793232426e-05
80.0,2.1,2,2.576142239291801e-09,-3.134595736933323e-05
80.0,2.5,2,7.297680487256769e-09,-3.056350635331709e-05
80.0,2.9000000000000004,2,1.4895181882773991e-09,-2.9660243533374772e-05
80.0,3.3000000000000003,2,-3.80048329892426e-10,-2.8643346000557785e-05
80.0,3.7,2,-1.733707676171271e-09,-2.7520963952030784e-05
80.0,4.1000000000000005,2,-8.527798962616325e-10,-2.6302206408563903e-05
80.0,4.5,2,-3.11588807123957e-09,-2.499714242180183e-05
80.0,4.9,2,-1.0084929448986714e-08,-2.361682581603797e-05
80.0,5.300000000000001,2,-8.741200040325974e-09,-2.217335251312915e-05
80.0,5.7,2,-1.3384897842395792e-08,-2.0679958933355105e-05
80.0,6.1000000000000005,2,-1.7933020859687016e-08,-1.9151165506180064e-05
80.0,6.5,2,-2.0373609886783597e-08,-1.7602956292771155e-05
80.0,6.9,2,-2.4446480627339673e-08,-1.605295591072472e-05
80.0,7.300000000000001,2,-2.8627408722939652e-08,-1.452050762222318e-05
80.0,7.7,2,-3.458739017678617e-08,-1.3026469076626314e-05
80.0,8.1,2,-3.928351158119704e-08,-1.1592462325280629e-05
80.0,8.5,2,-4.700883435185709e-08,-1.023935905076607e-05
80.0,8.9,2,-4.947369113275583e-08,-8.985096598123536e-06
80.0,9.3,2,-5.811022516626371e-08,-7.842443278098742e-06
80.0,9.700000000000001,2,-6.218739768687858e-08,-6.8176231676436e-06
80.0,10.100000000000001,2,-7.015847705387514e-08,-5.9103623339095065e-06
80.0,10.5,2,-7.552414823531367e-08,-5.115169312691968e-06
80.0,10.9,2,-8.205516504677736e-08,-4.423165799736482e-06
80.0,11.3,2,-8.75376285213079e-08,-3.823815838836688e-06
80.0,11.700000000000001,2,-9.437748073410336e-08,-3.3062196107858797e-06
80.0,12.100000000000001,2,-9.961064430525947e-08,-2.859925905906463e-06
80.0,12.5,2,-1.068143151917923e-07,-2.4753601616716055e-06
80.0,12.9,2,-1.1144196976665728e-07,-2.1439946639628757e-06
80.0,13.3,2,-1.1778792686349222e-07,-1.8583659924701068e-06
80.0,13.700000000000001,2,-1.2241199046575646e-07,-1.612012067600991e-06
80.0,14.100000000000001,2,-1.2748777942106135e-07,-1.399373494218678e-06
80.0,14.5,2,-1.3277280038217998e-07,-1.2156846429045796e-06
80.0,14.9,2,-1.3741531756246307e-07,-1.0568677405784812e-06
80.0,15.3,2,-1.426697973702233e-07,-9.194360332540852e-07
80.0,15.700000000000001,2,-1.486634878050628e-07,-8.004081049925702e-07
80.0,16.1,2,-1.5271645005470363e-07,-6.972334547915011e-07
80.0,16.5,2,-1.6099271652281393e-07,-6.077285701060441e-07
80.0,16.900000000000002,2,-1.650014422332607e-07,-5.300223991871357e-07
80.0,17.3,2,-1.7378233046169044e-07,-4.6251000072362584e-07
80.0,17.7,2,-1.80934085179394e-07,-4.0381315159730806e-07
80.0,18.1,2,-1.8908317163773043e-07,-3.52746832341796e-07
80.0,18.5,2,-1.9894654902209543e-07,-3.0829075003253653e-07
80.0,18.900000000000002,2,-2.0973986700199399e-07,-2.6956528109003365e-07
80.0,19.3,2,-2.1973843250116707e-07,-2.3581129947594317e-07
80.0,19.700000000000003,2,-2.3285782955005806e-07,-2.0637328928031084e-07
80.0,20.1,2,-2.4642158221930416e-07,-1.8068504914482122e-07
80.0,20.5,2,-2.576040463478774e-07,-1.582573352559941e-07
80.0,20.900000000000002,2,-2.7311067004271337e-07,-1.3866700572964585e-07
80.0,21.3,2,-2.862421708792688e-07,-1.2154751020175768e-07
80.0,21.700000000000003,2,-2.9777988720382214e-07,-1.0658074098019391e-07
80.0,22.1,2,-3.0923205766137674e-07,-9.349023766990382e-08
80.0,22.5,2,-3.185734981664435e-07,-8.203558708458266e-08
80.0,22.900000000000002,2,-3.252476292390144e-07,-7.200774038974772e-08
80.0,23.3,2,-3.2565064958306654e-07,-6.322498075380749e-08
80.0,23.700000000000003,2,-3.2305821012502916e-07,-5.552938542429094e-08
80.0,24.1,2,-3.1649285786060394e-07,-4.878372150350586e-08
80.0,24.5,2,-2.994897082464772e-07,-4.2868723745948994e-08
80.0,24.900000000000002,2,-2.745460769224134e-07,-3.7680662910969955e-08
80.0,25.3,2,-2.4282627343078014e-07,-3.312912047378501e-08
80.0,25.700000000000003,2,-2.010654454022216e-07,-2.9134979359912018e-08
80.0,26.1,2,-1.497543168901599e-07,-2.562874752020728e-08
80.0,26.5,2,-8.806164312124498e-08,-2.254933301744757e-08
80.0,26.900000000000002,2,-1.4553970590099846e-08,-1.9843247121172196e-08
80.0,27.3,2,6.715839542035483e-08,-1.746402399782446e-08
80.0,27.700000000000003,2,1.5495002172808243e-07,-1.5371573210126044e-08
80.0,28.1,2,2.511975264284115e-07,-1.3531303160288385e-08
80.0,28.5,2,3.5546954198357103e-07,-1.1913086980612142e-08
80.0,28.900000000000002,2,4.639042088884235e-07,-1.0490308844768877e-08
80.0,29.3,2,5.747204993229579e-07,-9.239206611346007e-09
80.0,29.700000000000003,2,6.873920353640414e-07,-8.13855236602883e-09
80.0,30.1,2,7.992076953510539e-07,-7.169539007462036e-09
80.0,30.5,2,9.072172451496505e-07,-6.31569783292661e-09
80.0,30.900000000000002,2,1.0111855758257674e-06,-5.5627569593038225e-09
80.0,31.3,2,1.1120157566046224e-06,-4.8984515713557895e-09
80.0,31.700000000000003,2,1.209104329698457e-06,-4.312315025769288e-09
80.0,32.1,2,1.3008996350237611e-06,-3.7954255223036904e-09
80.0,32.5,2,1.3869415906985295e-06,-3.3400555179402066e-09
80.0,32.9,2,1.4684702884120394e-06,-2.939242269349333e-09
80.0,33.300000000000004,2,1.5476383808378186e-06,-2.5864228945457803e-09
80.0,33.7,2,1.6264103881391713e-06,-2.2753255666041607e-09
80.0,34.1,2,1.706224877063163e-06,-2.000192453120463e-09
80.0,34.5,2,1.7891681604619422e-06,-1.7561876646283241e-09
80.0,34.9,2,1.8790433073018228e-06,-1.5396878953356373e-09
80.0,35.300000000000004,2,1.980728942957514e-06,-1.3482068159757909e-09
80.0,35.7,2,2.099652773695199e-06,-1.1799456215315143e-09
80.0,36.1,2,2.241988792505343e-06,-1.033213074545256e-09
80.0,36.5,2,2.4140425446416603e-06,-9.060293703093298e-10
80.0,36.9,2,2.6225984455781507e-06,-7.960777906988278e-10
80.0,37.300000000000004,2,2.876108522500882e-06,-7.009327497381305e-10
80.0,37.7,2,3.1837771644456364e-06,-6.183604247539244e-10
80.0,38.1,2,3.555282814672056e-06,-5.465328223715346e-10
80.0,38.5,2,4.00139479141913e-06,-4.841266028957835e-10
80.0,38.900000000000006,2,4.5326012452149784e-06,-4.3034469726446877e-10
80.0,39.300000000000004,2,5.158546223655117e-06,-3.848510868425687e-10
80.0,39.7,2,5.886753766641151e-06,-3.4754451181763603e-10
80.0,0.1,5,7.313696909041677e-08,-3.326607576557682e-05
80.0,0.5,5,-3.8121666967863726e-09,-3.315954452073822e-05
80.0,0.9,5,-7.088086090672827e-10,-3.2911782122153464e-05
80.0,1.3,5,1.639446476960696e-08,-3.2524728428721024e-05
80.0,1.7000000000000002,5,6.169908016436404e-09,-3.200141678133266e-05
80.0,2.1,5,5.473834729303211e-09,-3.134595494982583e-05
80.0,2.5,5,9.218524633579121e-09,-3.0563501042925755e-05
80.0,2.9000000000000004,5,2.494958503498511e-09,-2.9660236415255042e-05
80.0,3.3000000000000003,5,8.263256193414388e-11,-2.8643338478342227e-05
80.0,3.7,5,-1.4017233604347776e-09,-2.752095737344231e-05
80.0,4.1000000000000005,5,-4.918335484194854e-10,-2.6302201698671386e-05
80.0,4.5,5,-2.936259382387616e-09,-2.499713987131698e-05
80.0,4.9,5,-1.0471868626466389e-08,-2.3616825101428725e-05
80.0,5.300000000000001,5,-9.84245029726177e-09,-2.217335291930061e-05
80.0,5.7,5,-1.4829717941141777e-08,-2.0679959663933253e-05
80.0,6.1000000000000005,5,-1.901626546912096e-08,-1.9151165945790678e-05
80.0,6.5,5,-2.062683457128343e-08,-1.760295613428701e-05
80.0,6.9,5,-2.404332839601714e-08,-1.6052955142338283e-05
80.0,7.300000000000001,5,-2.813792119948804e-08,-1.4520506433155108e-05
80.0,7.7,5,-3.432721269301242e-08,-1.3026467753653532e-05
80.0,8.1,5,-3.907325496283978e-08,-1.1592461179547098e-05
80.0,8.5,5,-4.664974716264802e-08,-1.0239358369536384e-05
80.0,8.9,5,-4.9170406874058844e-08,-8.985096595282562e-06
80.0,9.3,5,-5.811473697228391e-08,-7.842444032177589e-06
80.0,9.700000000000001,5,-6.230421361423979e-08,-6.817624568685471e-06
80.0,10.100000000000001,5,-7.011329126461874e-08,-5.910364079372819e-06
80.0,10.5,5,-7.553290053685069e-08,-5.115170978851026e-06
80.0,10.9,5,-8.233203838664164e-08,-4.423166975203426e-06
80.0,11.3,5,-8.768919460066275e-08,-3.823816267139255e-06
80.0,11.700000000000001,5,-9.424084471171253e-08,-3.3062192766045844e-06
80.0,12.100000000000001,5,-9.993410344101099e-08,-2.8599250245029623e-06
80.0,12.5,5,-1.0788865029474258e-07,-2.4753590793245893e-06
80.0,12.9,5,-1.1225458324079416e-07,-2.143993720162053e-06
80.0,13.3,5,-1.1773654369392454e-07,-1.8583654075176486e-06
80.0,13.700000000000001,5,-1.2215295969738155e-07,-1.6120118970394063e-06
80.0,14.100000000000001,5,-1.2752637073002092e-07,-1.399373651205897e-06
80.0,14.5,5,-1.33156163868342e-07,-1.2156849574182897e-06
80.0,14.9,5,-1.381333463779594e-07,-1.0568680175522262e-06
80.0,15.3,5,-1.4323019924263542e-07,-9.194360893266193e-07
80.0,15.700000000000001,5,-1.4894065314091454e-07,-8.004077882648647e-07
80.0,16.1,5,-1.5318775193572784e-07,-6.972326639247065e-07
80.0,16.5,5,-1.6138278192555987e-07,-6.07727281033783e-07
80.0,16.900000000000002,5,-1.6526693885123072e-07,-5.300206892558591e-07
80.0,17.3,5,-1.742815907619377e-07,-4.6250804815806984e-07
80.0,17.7,5,-1.813655974463208e-07,-4.0381119460785525e-07
80.0,18.1,5,-1.8983666430892489e-07,-3.527450948136829e-07
80.0,18.5,5,-1.9966914725641097e-07,-3.08289363644921e-07
80.0,18.900000000000002,5,-2.096239964361728e-07,-2.6956424062433974e-07
80.0,19.3,5,-2.2021461934697554e-07,-2.3581047339588775e-07
80.0,19.700000000000003,5,-2.3395947230957644e-07,-2.0637247945801788e-07
80.0,20.1,5,-2.4689958831395076e-07,-1.8068406990187406e-07
80.0,20.5,5,-2.5775012678182006e-07,-1.5825607575021691e-07
80.0,20.900000000000002,5,-2.737237481954358e-07,-1.3866545345828197e-07
80.0,21.3,5,-2.870972692862342e-07,-1.2154573662290127e-07
80.0,21.700000000000003,5,-2.9814705644421655e-07,-1.0657886746942972e-07
80.0,22.1,5,-3.098287767785954e-07,-9.3488402931945e-08
80.0,22.5,5,-3.190441403949384e-07,-8.203392620802699e-08
80.0,22.900000000000002,5,-3.258695274801333e-07,-7.200637192202053e-08
80.0,23.3,5,-3.2628234536928367e-07,-6.322399186907935e-08
80.0,23.700000000000003,5,-3.2353742708840015e-07,-5.552881082492955e-08
80.0,24.1,5,-3.168116442872581e-07,-4.8783523666404096e-08
80.0,24.5,5,-3.003049735145654e-07,-4.2868790396837256e-08
80.0,24.900000000000002,5,-2.749604138657577e-07,-3.768083381175993e-08
80.0,25.3,5,-2.428556210408682e-07,-3.312924080931367e-08
80.0,25.700000000000003,5,-2.019990953057296e-07,-2.9134959413949957e-08
80.0,26.1,5,-1.4972019113145268e-07,-2.562860075067319e-08
80.0,26.5,5,-8.819377786845781e-08,-2.2549172315764563e-08
80.0,26.900000000000002,5,-1.5028834864851372e-08,-1.9843239819900925e-08
80.0,27.3,5,6.753065676965255e-08,-1.7464326668768343e-08
80.0,27.700000000000003,5,1.5487209498018516e-07,-1.5372276663990215e-08
80.0,28.1,5,2.516026211063757e-07,-1.3532409727293962e-08
80.0,28.5,5,3.558836205294072e-07,-1.1914523366906145e-08
80.0,28.900000000000002,5,4.647469121097417e-07,-1.0491960083872107e-08
80.0,29.3,5,5.755157858463823e-07,-9.240950727360909e-09
80.0,29.700000000000003,5,6.886830575756567e-07,-8.140283083027064e-09
80.0,30.1,5,8.008237110220573e-07,-7.171176592411142e-09
80.0,30.5,5,9.087253116985325e-07,-6.317196258015952e-09
80.0,30.900000000000002,5,1.0138666607422803e-06,-5.564112806291229e-09
80.0,31.3,5,1.1139691474745928e-06,-4.899710808147277e-09
80.0,31.700000000000003,5,1.212625671947404e-06,-4.313567227206884e-09
80.0,32.1,5,1.303734775910032e-06,-3.7967783173835336e-09
80.0,32.5,5,1.3911420318552327e-06,-3.341594117142924e-09
80.0,32.9,5,1.472312951795987e-06,-2.9409909800311814e-09
80.0,33.300000000000004,5,1.5526183216781056e-06,-2.588328180131177e-09
80.0,33.7,5,1.631273810611649e-06,-2.2772702706786356e-09
80.0,34.1,5,1.7119158112600422e-06,-2.002034399142041e-09
80.0,34.5,5,1.7952263037178975e-06,-1.7578035665014601e-09
80.0,34.9,5,1.8854079223050328e-06,-1.5410028537673406e-09
80.0,35.300000000000004,5,1.987784869257213e-06,-1.349200048711219e-09
80.0,35.7,5,2.1069780642056e-06,-1.1806369019129172e-09
80.0,36.1,5,2.2499802411590193e-06,-1.033642563154747e-09
80.0,36.5,5,2.421997776991712e-06,-9.062422218374068e-10
80.0,36.9,5,2.631952588310145e-06,-7.961169098277132e-10
80.0,37.300000000000004,5,2.884683961220062e-06,-7.008352364112482e-10
80.0,37.7,5,3.1941325936012032e-06,-6.181511275471382e-10
80.0,38.1,5,3.5650104295220097e-06,-5.462129925941222e-10
80.0,38.5,5,4.012523080144655e-06,-4.836629470331819e-10
80.0,38.900000000000006,5,4.54400930543664e-06,-4.2966849153163055e-10
80.0,39.300000000000004,5,5.170298832084294e-06,-3.8387473080182475e-10
80.0,39.7,5,5.899680709909868e-06,-3.461943185749169e-10
82.0,0.1,2,1.4549593519664977e-08,-0.0007570406043233118
82.0,0.5,2,3.922447693491949e-09,-0.0007546162868482425
82.0,0.9,2,1.4706433371387404e-08,-0.0007489779892391727
82.0,1.3,2,1.6336967858479236e-08,-0.0007401698524719266
82.0,1.7000000000000002,2,5.504534763628854e-09,-0.0007282608979527539
82.0,2.1,2,8.520163070470627e-09,-0.0007133445937676863
82.0,2.5,2,1.2947578487258786e-08,-0.000695538308181626
82.0,2.9000000000000004,2,1.1023960692949345e-08,-0.000674982696597675
82.0,3.3000000000000003,2,9.502544926691285e-09,-0.0006518410869233548
82.0,3.7,2,6.732399853589645e-09,-0.0006262989516106474
82.0,4.1000000000000005,2,8.980484793707391e-09,-0.0005985635830494791
82.0,4.5,2,8.445687121791684e-09,-0.0005688641217219419
82.0,4.9,2,5.086551716083245e-09,-0.0005374521197097263
82.0,5.300000000000001,2,7.224987905388365e-09,-0.0005046028451252956
82.0,5.7,2,3.5026589079971843e-09,-0.0004706175208259948
82.0,6.1000000000000005,2,2.251482011840476e-09,-0.00043582658969129964
82.0,6.5,2,8.281897228045827e-10,-0.00040059380218083996
82.0,6.9,2,-3.213387166479104e-09,-0.00036532024310248755
82.0,7.300000000000001,2,-3.6722498740509285e-09,-0.00033044610944280023
82.0,7.7,2,-6.359833761759373e-09,-0.0002964460626638876
82.0,8.1,2,-8.94722453235668e-09,-0.0002638121613327937
82.0,8.5,2,-1.4357225077757446e-08,-0.0002330193888382221
82.0,8.9,2,-1.6201088985162814e-08,-0.000204475951376091
82.0,9.3,2,-2.2660091502041134e-08,-0.00017847242073130805
82.0,9.700000000000001,2,-2.4816095921605578e-08,-0.00015515043648619073
82.0,10.100000000000001,2,-3.108489753564254e-08,-0.0001345037570567863
82.0,10.5,2,-3.583090593572647e-08,-0.00011640740200409674
82.0,10.9,2,-4.138209817029494e-08,-0.00010065931894401921
82.0,11.3,2,-4.6761764994183e-08,-8.701974096073168e-05
82.0,11.700000000000001,2,-5.236616936014701e-08,-7.524063147814467e-05
82.0,12.100000000000001,2,-5.700229710767934e-08,-6.508416907581894e-05
82.0,12.5,2,-6.401609323825335e-08,-5.633247905004423e-05
82.0,12.9,2,-6.794718440787589e-08,-4.879149848892644e-05
82.0,13.3,2,-7.601808403078229e-08,-4.22913715642913e-05
82.0,13.700000000000001,2,-7.948854750438392e-08,-3.66850227056276e-05
82.0,14.100000000000001,2,-8.719207021462949e-08,-3.184592083106436e-05
82.0,14.5,2,-9.086229641232905e-08,-2.766560777849221e-05
82.0,14.9,2,-9.7094663376512e-08,-2.4051289471929964e-05
82.0,15.3,2,-1.0176902988179815e-07,-2.092362848421824e-05
82.0,15.700000000000001,2,-1.0638843906073542e-07,-1.821478873295804e-05
82.0,16.1,2,-1.1189158147985876e-07,-1.5866737496186462e-05
82.0,16.5,2,-1.1619563078065992e-07,-1.3829788176857238e-05
82.0,16.900000000000002,2,-1.209962449069556e-07,-1.2061358306773596e-05
82.0,17.3,2,-1.269616594896004e-07,-1.0524915003626052e-05
82.0,17.7,2,-1.3025320352760903e-07,-9.189081149960507e-06
82.0,18.1,2,-1.3775275815694856e-07,-8.026878149452647e-06
82.0,18.5,2,-1.418637562398777e-07,-7.015084213190761e-06
82.0,18.900000000000002,2,-1.4862328773142367e-07,-6.133690158773574e-06
82.0,19.3,2,-1.5556692651150324e-07,-5.365437409002533e-06
82.0,19.700000000000003,2,-1.6278107300633195e-07,-4.695425231109504e-06
82.0,20.1,2,-1.7006473896355597e-07,-4.110776337763768e-06
82.0,20.5,2,-1.8054973707053387e-07,-3.6003518175377803e-06
82.0,20.900000000000002,2,-1.8910073296175633e-07,-3.154507926037511e-06
82.0,21.3,2,-1.9910633714399098e-07,-2.764888480355047e-06
82.0,21.700000000000003,2,-2.124636179581564e-07,-2.4242474752453736e-06
82.0,22.1,2,-2.2286788566641753e-07,-2.1262972178464445e-06
82.0,22.5,2,-2.355337963960288e-07,-1.865577934206449e-06
82.0,22.900000000000002,2,-2.4901394600579545e-07,-1.6373455157977716e-06
82.0,23.3,2,-2.616667997916801e-07,-1.4374747800469836e-06
82.0,23.700000000000003,2,-2.73139464223206e-07,-1.2623761702241702e-06
82.0,24.1,2,-2.8277118745605186e-07,-1.1089241359913261e-06
82.0,24.5,2,-2.931156483834141e-07,-9.74395574867572e-07
82.0,24.900000000000002,2,-2.99175278281286e-07,-8.564168231345924e-07
82.0,25.3,2,-2.9943823801303986e-07,-7.52917870508762e-07
82.0,25.700000000000003,2,-2.981327013494756e-07,-6.620927232450311e-07
82.0,26.1,2,-2.9162601269922857e-07,-5.823650608357803e-07
82.0,26.5,2,-2.7685831781505236e-07,-5.12358455623517e-07
82.0,26.900000000000002,2,-2.5502809297402753e-07,-4.5087048423494414e-07
82.0,27.3,2,-2.2457296581729393e-07,-3.9685014636872277e-07
82.0,27.700000000000003,2,-1.8553398910949421e-07,-3.4937816503209893e-07
82.0,28.1,2,-1.392836552967123e-07,-3.0764991190480936e-07
82.0,28.5,2,-8.280437721459464e-08,-2.709607697511911e-07
82.0,28.900000000000002,2,-1.4330880370449496e-08,-2.3869366348182694e-07
82.0,29.3,2,6.254553257113383e-08,-2.1030834583104506e-07
82.0,29.700000000000003,2,1.455358169564075e-07,-1.853319666784263e-07
82.0,30.1,2,2.3577082690364477e-07,-1.633505757982576e-07
82.0,30.5,2,3.325821705862267e-07,-1.4400144622991e-07
82.0,30.900000000000002,2,4.331230729977989e-07,-1.2696629659754235e-07
82.0,31.3,2,5.362821745520343e-07,-1.1196551062823967e-07
82.0,31.700000000000003,2,6.422056655077001e-07,-9.875331854499361e-08
82.0,32.1,2,7.489449073298635e-07,-8.711375350379857e-08
82.0,32.5,2,8.528893336456771e-07,-7.685715382432621e-08
82.0,32.9,2,9.52144959744604e-07,-6.781705877194957e-08
82.0,33.300000000000004,2,1.0472661579353506e-06,-5.984744481777106e-08
82.0,33.7,2,1.1387255102074672e-06,-5.28202749400658e-08
82.0,34.1,2,1.225611928916055e-06,-4.6623288850789286e-08
82.0,34.5,2,1.307170626094058e-06,-4.115793817314778e-08
82.0,34.9,2,1.3840879380429387e-06,-3.633744124104983e-08
82.0,35.300000000000004,2,1.4581645744929362e-06,-3.208506231666192e-08
82.0,35.7,2,1.5318590999018083e-06,-2.8332785622963987e-08
82.0,36.1,2,1.607644075681247e-06,-2.502046174289931e-08
82.0,36.5,2,1.6875728526014342e-06,-2.2095294109636247e-08
82.0,36.9,2,1.7744543374805165e-06,-1.951136763775388e-08
82.0,37.300000000000004,2,1.8723699823120016e-06,-1.7228947332702284e-08
82.0,37.7,2,1.9858617934163134e-06,-1.5213491411143708e-08
82.0,38.1,2,2.1206638959673733e-06,-1.3434572548021319e-08
82.0,38.5,2,2.2838048464876962e-06,-1.1864995593109954e-08
82.0,38.900000000000006,2,2.482493966847474e-06,-1.0480282344117244e-08
82.0,39.300000000000004,2,2.7248475411984934e-06,-9.258477838872915e-09
82.0,39.7,2,3.019780157518352e-06,-8.180096294203906e-09
82.0,0.1,5,3.82530891675345e-08,-0.0007570405835862751
82.0,0.5,5,1.0979611483129539e-08,-0.0007546162673567776
82.0,0.9,5,1.5648494544990823e-08,-0.0007489779723382225
82.0,1.3,5,1.4684519621009183e-08,-0.0007401698388924076
82.0,1.7000000000000002,5,2.819987569398374e-09,-0.0007282608877777172
82.0,2.1,5,5.745536176046902e-09,-0.0007133445865999506
82.0,2.5,5,1.0701461809115387e-08,-0.0006955383033628389
82.0,2.9000000000000004,5,9.612620450384988e-09,-0.0006749826933553878
82.0,3.3000000000000003,5,8.884274189331623e-09,-0.0006518410844335816
82.0,3.7,5,6.577768168851589e-09,-0.0006262989490552179
82.0,4.1000000000000005,5,8.885615497971277e-09,-0.0005985635797425448
82.0,4.5,5,8.220517440677984e-09,-0.0005688641172900458
82.0,4.9,5,4.919036415525979e-09,-0.0005374521142207164
82.0,5.300000000000001,5,7.54077204563765e-09,-0.0005046028390571608
82.0,5.7,5,4.560868746591998e-09,-0.00047061751485759834
82.0,6.1000000000000005,5,3.804626171899941e-09,-0.00043582658441361244
82.0,6.5,5,2.219492152997789e-09,-0.00040059379787970065
82.0,6.9,5,-2.5185435966920847e-09,-0.00036532023971463224
82.0,7.300000000000001,5,-3.6328207308510696e-09,-0.0003304461066767481
82.0,7.7,5,-6.510368443527089e-09,-0.00029644606018762855
82.0,8.1,5,-8.996827629364851e-09,-0.0002638121589176759
82.0,8.5,5,-1.446098962719936e-08,-0.0002330193864059475
82.0,8.9,5,-1.6542619233945847e-08,-0.00020447594896795752
82.0,9.3,5,-2.3038641465748666e-08,-0.00017847241845374054
82.0,9.700000000000001,5,-2.4968768080548187e-08,-0.00015515043447410906
82.0,10.100000000000001,5,-3.1173543731928815e-08,-0.00013450375546177174
82.0,10.5,5,-3.6113184361485306e-08,-0.00011640740098687036
82.0,10.9,5,-4.165968107837441e-08,-0.00010065931864603217
82.0,11.3,5,-4.682989491094233e-08,-8.701974144830988e-05
82.0,11.700000000000001,5,-5.260255793058394e-08,-7.524063268132841e-05
82.0,12.100000000000001,5,-5.757202219422468e-08,-6.508417076163873e-05
82.0,12.5,5,-6.417233643313304e-08,-5.633248086110227e-05
82.0,12.9,5,-6.732930212028591e-08,-4.8791500045081216e-05
82.0,13.3,5,-7.557526020326659e-08,-4.2291372587615056e-05
82.0,13.700000000000001,5,-7.989742850324405e-08,-3.6685023111114055e-05
82.0,14.100000000000001,5,-8.7906497707668e-08,-3.18459207403343e-05
82.0,14.5,5,-9.138613087027654e-08,-2.766560745272446e-05
82.0,14.9,5,-9.735840913846252e-08,-2.4051289200048204e-05
82.0,15.3,5,-1.0173601759521858e-07,-2.09236284800094e-05
82.0,15.700000000000001,5,-1.0648018217949221e-07,-1.8214789081777498e-05
82.0,16.1,5,-1.1228035687954728e-07,-1.586673815927525e-05
82.0,16.5,5,-1.164411962687428e-07,-1.3829789031597984e-05
82.0,16.900000000000002,5,-1.2132959474860957e-07,-1.2061359191847342e-05
82.0,17.3,5,-1.2749696007236958e-07,-1.0524915750221683e-05
82.0,17.7,5,-1.306030223000676e-07,-9.189081600817157e-06
82.0,18.1,5,-1.38150769642746e-07,-8.026878179319964e-06
82.0,18.5,5,-1.4201767788456573e-07,-7.015083758459252e-06
82.0,18.900000000000002,5,-1.4877416154026197e-07,-6.133689247467429e-06
82.0,19.3,5,-1.565639993337475e-07,-5.365436170157404e-06
82.0,19.700000000000003,5,-1.6331391161268797e-07,-4.695423866265853e-06
82.0,20.1,5,-1.6992166397433371e-07,-4.1107750570310236e-06
82.0,20.5,5,-1.8104899411025981e-07,-3.600350764928665e-06
82.0,20.900000000000002,5,-1.8994031988691937e-07,-3.1545071285076748e-06
82.0,21.3,5,-1.995396231114263e-07,-2.764887844725429e-06
82.0,21.700000000000003,5,-2.126412180899464e-07,-2.424246832638709e-06
82.0,22.1,5,-2.2352424711558514e-07,-2.1262963922281393e-06
82.0,22.5,5,-2.3602912683054115e-07,-1.865576802668583e-06
82.0,22.900000000000002,5,-2.495510670822519e-07,-1.637344037891516e-06
82.0,23.3,5,-2.6216456242816223e-07,-1.4374729932521786e-06
82.0,23.700000000000003,5,-2.73516369258614e-07,-1.2623741654242567e-06
82.0,24.1,5,-2.833905390356346e-07,-1.108922031176477e-06
82.0,24.5,5,-2.9375344844863567e-07,-9.743934970044278e-07
82.0,24.900000000000002,5,-2.994786728232727e-07,-8.564148957578426e-07
82.0,25.3,5,-2.9986760999272056e-07,-7.529161981982512e-07
82.0,25.700000000000003,5,-2.990993471309148e-07,-6.620913685054777e-07
82.0,26.1,5,-2.915290804701463e-07,-5.823640201181571e-07
82.0,26.5,5,-2.7760033788791754e-07,-5.123576499108223e-07
82.0,26.900000000000002,5,-2.5559361509994206e-07,-4.508697777079563e-07
82.0,27.3,5,-2.2459028199500475e-07,-3.968493932958525e-07
82.0,27.700000000000003,5,-1.862007097214641e-07,-3.4937726805744753e-07
82.0,28.1,5,-1.3941413580924037e-07,-3.076488650491551e-07
82.0,28.5,5,-8.302664677316703e-08,-2.709596647547742e-07
82.0,28.900000000000002,5,-1.4409769963852716e-08,-2.3869265559568346e-07
82.0,29.3,5,6.243747357229994e-08,-2.1030759589448825e-07
82.0,29.700000000000003,5,1.4583047917638246e-07,-1.8533158677543734e-07
82.0,30.1,5,2.359544494735322e-07,-1.6335060115114077e-07
82.0,30.5,5,3.3298982839080695e-07,-1.4400183953735102e-07
82.0,30.900000000000002,5,4.3404561785258306e-07,-1.2696697397824442e-07
82.0,31.3,5,5.367370482447483e-07,-1.1196637147026484e-07
82.0,31.700000000000003,5,6.43871577367777e-07,-9.875426677815512e-08
82.0,32.1,5,7.498482764900691e-07,-8.711470948921011e-08
82.0,32.5,5,8.550195220294391e-07,-7.685806372332872e-08
82.0,32.9,5,9.53928443575315e-07,-6.781790643241444e-08
82.0,33.300000000000004,5,1.0497815433880791e-06,-5.984826255895149e-08
82.0,33.7,5,1.1414463398113579e-06,-5.282114271644281e-08
82.0,34.1,5,1.2288018063629566e-06,-4.662431347946357e-08
82.0,34.5,5,1.310644599188093e-06,-4.11592154131204e-08
82.0,34.9,5,1.3881576090379104e-06,-3.6339015919686305e-08
82.0,35.300000000000004,5,1.4624966992001574e-06,-3.208690592229947e-08
82.0,35.7,5,1.5366812224637608e-06,-2.833480288833309e-08
82.0,36.1,5,1.6129232505662963e-06,-2.5022522518761062e-08
82.0,36.5,5,1.6933255448765532e-06,-2.2097274090785594e-08
82.0,36.9,5,1.7804623762392705e-06,-1.9513178994202835e-08
82.0,37.300000000000004,5,1.8790033767546736e-06,-1.723054870941417e-08
82.0,37.7,5,1.993031586155098e-06,-1.5214879465521885e-08
82.0,38.1,5,2.127691934239914e-06,-1.3435765756295855e-08
82.0,38.5,5,2.2922252336212434e-06,-1.1866020930515333e-08
82.0,38.900000000000006,5,2.4902389887283766e-06,-1.0481168630016588e-08
82.0,39.300000000000004,5,2.734176708654817e-06,-9.259252040089397e-09
82.0,39.7,5,3.0286358910909607e-06,-8.180776581762792e-09
84.0,0.1,2,-1.3113535628736599e-08,-0.0009935681484432438
84.0,0.5,2,1.3075715841226087e-08,-0.0009903863840877805
84.0,0.9,2,1.6551984105203494e-08,-0.0009829864728372988
84.0,1.3,2,9.89382085970659e-09,-0.0009714263471346116
84.0,1.7000000000000002,2,1.2359627516104622e-08,-0.0009557965934945328
84.0,2.1,2,1.519059417336674e-08,-0.0009362198831839845
84.0,2.5,2,9.232588696749262e-09,-0.0009128502549113019
84.0,2.9000000000000004,2,1.0650133790019168e-08,-0.0008858723101905983
84.0,3.3000000000000003,2,1.5122959790456823e-08,-0.0008555004066438784
84.0,3.7,2,1.1617154535495184e-08,-0.0008219779651021821
84.0,4.1000000000000005,2,1.0904541867338794e-08,-0.0007855770436325635
84.0,4.5,2,1.078848341487022e-08,-0.0007465983745463466
84.0,4.9,2,1.0628227219363998e-08,-0.0007053721039941311
84.0,5.300000000000001,2,1.1562303272632267e-08,-0.0006622595039349348
84.0,5.7,2,8.355685882290365e-09,-0.0006176559102746976
84.0,6.1000000000000005,2,1.0615061465906304e-08,-0.0005719950083236119
84.0,6.5,2,1.0053183872099519e-08,-0.0005257541974802635
84.0,6.9,2,6.374039866149075e-09,-0.0004794598761436322
84.0,7.300000000000001,2,6.81329751725323e-09,-0.000433689775000627
84.0,7.7,2,4.557590856125371e-09,-0.0003890668571463881
84.0,8.1,2,4.300838736625523e-09,-0.0003462369181534849
84.0,8.5,2,2.2821320915366123e-09,-0.0003058233433722938
84.0,8.9,2,1.284520492500358e-09,-0.0002683618773396737
84.0,9.3,2,-2.7689103342771906e-09,-0.0002342338771747337
84.0,9.700000000000001,2,-3.5150566059021196e-09,-0.00020362523639580287
84.0,10.100000000000001,2,-7.071940667820284e-09,-0.00017652776425432546
84.0,10.5,2,-9.880856072712481e-09,-0.0001527774328479087
84.0,10.9,2,-1.2805434840048888e-08,-0.00013210906193011898
84.0,11.3,2,-1.7812445227679452e-08,-0.00011420797277461258
84.0,11.700000000000001,2,-2.1080915462401623e-08,-9.874863263667118e-05
84.0,12.100000000000001,2,-2.588686944888409e-08,-8.541891501643353e-05
84.0,12.5,2,-3.0323791239360946e-08,-7.393287200131983e-05
84.0,12.9,2,-3.4105509344099836e-08,-6.403580734651006e-05
84.0,13.3,2,-4.012583719533678e-08,-5.550479568292895e-05
84.0,13.700000000000001,2,-4.3425117589640924e-08,-4.814681010134702e-05
84.0,14.100000000000001,2,-5.058726285986098e-08,-4.17957876728886e-05
84.0,14.5,2,-5.3816376611314515e-08,-3.6309385139198176e-05
84.0,14.9,2,-6.11720572426708e-08,-3.1565816832496783e-05
84.0,15.3,2,-6.465648320162421e-08,-2.746095716753562e-05
84.0,15.700000000000001,2,-7.119284502924219e-08,-2.39057745292561e-05
84.0,16.1,2,-7.554065471906288e-08,-2.082410331042223e-05
84.0,16.5,2,-8.046243237592712e-08,-1.815073204136144e-05
84.0,16.900000000000002,2,-8.604180656922687e-08,-1.582977377156052e-05
84.0,17.3,2,-8.955537417686388e-08,-1.3813282047156258e-05
84.0,17.7,2,-9.540448785531468e-08,-1.2060077468104793e-05
84.0,18.1,2,-9.928627770541518e-08,-1.0534753363963567e-05
84.0,18.5,2,-1.0355472828677217e-07,-9.206833187057702e-06
84.0,18.900000000000002,2,-1.0926656246069846e-07,-8.050056092211756e-06
84.0,19.3,2,-1.1229155542253804e-07,-7.041770625679942e-06
84.0,19.700000000000003,2,-1.1828781930761343e-07,-6.162419496028583e-06
84.0,20.1,2,-1.2295422985883502e-07,-5.395101102844091e-06
84.0,20.5,2,-1.2802825609857403e-07,-4.725195853783486e-06
84.0,20.900000000000002,2,-1.3389539090725229e-07,-4.140047268065089e-06
84.0,21.3,2,-1.4126996541334625e-07,-3.6286894533777596e-06
84.0,21.700000000000003,2,-1.4645358668043713e-07,-3.1816138442641968e-06
84.0,22.1,2,-1.5541421374031706e-07,-2.7905692261685807e-06
84.0,22.5,2,-1.642575750143858e-07,-2.448390098263935e-06
84.0,22.900000000000002,2,-1.7167273221142979e-07,-2.1488493092942636e-06
84.0,23.3,2,-1.8295474689598054e-07,-1.8865315548737094e-06
84.0,23.700000000000003,2,-1.9365114595676542e-07,-1.6567247432145865e-06
84.0,24.1,2,-2.0461689763692913e-07,-1.4553265253992298e-06
84.0,24.5,2,-2.1611066898797543e-07,-1.2787635984423892e-06
84.0,24.900000000000002,2,-2.28607473784459e-07,-1.1239218052337175e-06
84.0,25.3,2,-2.417515926888069e-07,-9.880855166931585e-07
84.0,25.700000000000003,2,-2.5140358677105343e-07,-8.688851504109589e-07
84.0,26.1,2,-2.6106067825933074e-07,-7.642518644587444e-07
84.0,26.5,2,-2.713713063224791e-07,-6.723784991061609e-07
84.0,26.900000000000002,2,-2.7678617489908516e-07,-5.91685848962314e-07
84.0,27.3,2,-2.782388187308486e-07,-5.207934352412364e-07
84.0,27.700000000000003,2,-2.7675315614896017e-07,-4.584941088238872e-07
84.0,28.1,2,-2.6980013009757374e-07,-4.037319649825633e-07
84.0,28.5,2,-2.5745141235679204e-07,-3.5558312309738217e-07
84.0,28.900000000000002,2,-2.3839076749765945e-07,-3.1323894235621827e-07
84.0,29.3,2,-2.09588668780805e-07,-2.7599129094917045e-07
84.0,29.700000000000003,2,-1.7248568590180548e-07,-2.4321960821889294e-07
84.0,30.1,2,-1.2904781745953078e-07,-2.1437964469381636e-07
84.0,30.5,2,-7.686525390180327e-08,-1.8899382496851158e-07
84.0,30.900000000000002,2,-1.419913750889721e-08,-1.6664309713366667e-07
84.0,31.3,2,5.7092976156466665e-08,-1.4695997738652007e-07
84.0,31.700000000000003,2,1.3563870704498127e-07,-1.2962241438756674e-07
84.0,32.1,2,2.2158712136075104e-07,-1.1434818108717173e-07
84.0,32.5,2,3.135307093305637e-07,-1.0088970971733968e-07
84.0,32.9,2,4.086048085943401e-07,-8.902946995876234e-08
84.0,33.300000000000004,2,5.052637811373087e-07,-7.857602404732064e-08
84.0,33.7,2,6.034978411467141e-07,-6.93607768084462e-08
84.0,34.1,2,7.027715018715994e-07,-6.123529194258998e-08
84.0,34.5,2,8.011106449984497e-07,-5.406899142602586e-08
84.0,34.9,2,8.961950999890895e-07,-4.7747113047138446e-08
84.0,35.300000000000004,2,9.870019856237404e-07,-4.2168887384171217e-08
84.0,35.7,2,1.073938344595484e-06,-3.72459179673996e-08
84.0,36.1,2,1.157251365521198e-06,-3.290070354862188e-08
84.0,36.5,2,1.2365157093473024e-06,-2.906521305094553e-08
84.0,36.9,2,1.3117784025164685e-06,-2.5679486871026923e-08
84.0,37.300000000000004,2,1.383802698323521e-06,-2.2690366960780232e-08
84.0,37.7,2,1.4541511430625954e-06,-2.005053512364846e-08
84.0,38.1,2,1.5257798864529303e-06,-1.7717964794320746e-08
84.0,38.5,2,1.6018816448925855e-06,-1.5655692098594793e-08
84.0,38.900000000000006,2,1.685324854122307e-06,-1.3831635910495593e-08
84.0,39.300000000000004,2,1.779843175645865e-06,-1.2218194464202298e-08
84.0,39.7,2,1.8896723198939488e-06,-1.0791535719972125e-08
84.0,0.1,5,-2.9096396498914855e-08,-0.000993568158909817
84.0,0.5,5,7.344009776231999e-09,-0.0009903863932944946
84.0,0.9,5,1.4082033574691333e-08,-0.0009829864794960196
84.0,1.3,5,8.857477337803824e-09,-0.0009714263507146888
84.0,1.7000000000000002,5,1.2241466328536351e-08,-0.000955796594240887
84.0,2.1,5,1.5717634417239445e-08,-0.0009362198818431196
84.0,2.5,5,1.008894519965603e-08,-0.0009128502523534524
84.0,2.9000000000000004,5,1.1469331227196803e-08,-0.0008858723071315519
84.0,3.3000000000000003,5,1.561595919978817e-08,-0.0008555004035637468
84.0,3.7,5,1.1719788845552599e-08,-0.0008219779623162412
84.0,4.1000000000000005,5,1.0818085506338667e-08,-0.0007855770413889592
84.0,4.5,5,1.083566721861095e-08,-0.0007465983730487068
84.0,4.9,5,1.0977930956888798e-08,-0.0007053721033384182
84.0,5.300000000000001,5,1.2021858145663857e-08,-0.0006622595040323047
84.0,5.7,5,8.44902691746152e-09,-0.0006176559108472213
84.0,6.1000000000000005,5,9.96280403785597e-09,-0.0005719950090049375
84.0,6.5,5,8.757475896776333e-09,-0.0005257541979757634
84.0,6.9,5,5.005584569771672e-09,-0.00047945987636056865
84.0,7.300000000000001,5,5.931235746221382e-09,-0.0004336897750751598
84.0,7.7,5,4.224676963653012e-09,-0.00038906685735461697
84.0,8.1,5,4.149743867113317e-09,-0.00034623691875723857
84.0,8.5,5,2.0589956786259974e-09,-0.0003058233444807045
84.0,8.9,5,1.1389751250981667e-09,-0.00026836187885263477
84.0,9.3,5,-2.6530814811486913e-09,-0.0002342338788271369
84.0,9.700000000000001,5,-3.324148363815441e-09,-0.00020362523786907427
84.0,10.100000000000001,5,-7.0715709556617205e-09,-0.00017652776529297165
84.0,10.5,5,-9.937549787335774e-09,-0.00015277743332846178
84.0,10.9,5,-1.2677363649526271e-08,-0.00013210906186750623
84.0,11.3,5,-1.7681900735581262e-08,-0.00011420797228785477
84.0,11.700000000000001,5,-2.114225967800288e-08,-9.874863190823881e-05
84.0,12.100000000000001,5,-2.5773906763271496e-08,-8.54189142648723e-05
84.0,12.5,5,-2.986722096384237e-08,-7.393287146178412e-05
84.0,12.9,5,-3.405320138532695e-08,-6.403580724031538e-05
84.0,13.3,5,-4.0914842543230534e-08,-5.5504796165908425e-05
84.0,13.700000000000001,5,-4.4184757547121265e-08,-4.814681120446427e-05
84.0,14.100000000000001,5,-5.058603356769198e-08,-4.179578926776393e-05
84.0,14.5,5,-5.349504768727905e-08,-3.630938695896826e-05
84.0,14.9,5,-6.100759274052936e-08,-3.156581855286174e-05
84.0,15.3,5,-6.473242933537663e-08,-2.7460958518889123e-05
84.0,15.700000000000001,5,-7.158416114038513e-08,-2.390577539013072e-05
84.0,16.1,5,-7.589593443447691e-08,-2.0824103739422996e-05
84.0,16.5,5,-8.05771005797237e-08,-1.8150732236114205e-05
84.0,16.900000000000002,5,-8.631750596807672e-08,-1.5829773979680694e-05
84.0,17.3,5,-8.980269285727088e-08,-1.3813282474206618e-05
84.0,17.7,5,-9.54463919086226e-08,-1.2060078221147915e-05
84.0,18.1,5,-9.9518884484735e-08,-1.0534754443369757e-05
84.0,18.5,5,-1.0381677087104907e-07,-9.206834512131074e-06
84.0,18.900000000000002,5,-1.0976089754161702e-07,-8.050057535159958e-06
84.0,19.3,5,-1.1286312909729842e-07,-7.041772036847719e-06
84.0,19.700000000000003,5,-1.1807408252017312e-07,-6.162420720699121e-06
84.0,20.1,5,-1.2312370496727144e-07,-5.395102001270973e-06
84.0,20.5,5,-1.289620631273651e-07,-4.725196331963255e-06
84.0,20.900000000000002,5,-1.3422634035955888e-07,-4.1400473119268145e-06
84.0,21.3,5,-1.4127476887323348e-07,-3.6286891464969812e-06
84.0,21.700000000000003,5,-1.4686595792622438e-07,-3.181613350612822e-06
84.0,22.1,5,-1.561031850654669e-07,-2.7905687364970424e-06
84.0,22.5,5,-1.6453284454701126e-07,-2.4483897600047873e-06
84.0,22.900000000000002,5,-1.7204849657242604e-07,-2.1488491718003363e-06
84.0,23.3,5,-1.8340157770456057e-07,-1.8865315553138597e-06
84.0,23.700000000000003,5,-1.9404859057252128e-07,-1.6567247375450795e-06
84.0,24.1,5,-2.0523392028440126e-07,-1.455326346585585e-06
84.0,24.5,5,-2.164296423050696e-07,-1.278763113310011e-06
84.0,24.900000000000002,5,-2.2898911956073975e-07,-1.1239209474239764e-06
84.0,25.3,5,-2.423551753201371e-07,-9.88084289909547e-07
84.0,25.700000000000003,5,-2.520154553711807e-07,-8.688836121535499e-07
84.0,26.1,5,-2.6104524996802853e-07,-7.642501058017794e-07
84.0,26.5,5,-2.723691903157773e-07,-6.723766300258222e-07
84.0,26.900000000000002,5,-2.7706725448554345e-07,-5.916839874644024e-07
84.0,27.3,5,-2.784915411178261e-07,-5.207916923369459e-07
84.0,27.700000000000003,5,-2.775980265380923e-07,-4.58492564499791e-07
84.0,28.1,5,-2.6997613134326966e-07,-4.037306410349893e-07
84.0,28.5,5,-2.579151487591524e-07,-3.555819676562303e-07
84.0,28.900000000000002,5,-2.388941983764556e-07,-3.132378406950555e-07
84.0,29.3,5,-2.098557288470873e-07,-2.759901055872128e-07
84.0,29.700000000000003,5,-1.7280404136688605e-07,-2.4321823453343666e-07
84.0,30.1,5,-1.2937193751675933e-07,-2.1437805745337207e-07
84.0,30.5,5,-7.70085513138856e-08,-1.8899209314408316e-07
84.0,30.900000000000002,5,-1.4247483530254444e-08,-1.6664135998074173e-07
84.0,31.3,5,5.6928749193467833e-08,-1.4695839406478538e-07
84.0,31.700000000000003,5,1.3601029545217316e-07,-1.2962111162772272e-07
84.0,32.1,5,2.215971672082771e-07,-1.1434722137680628e-07
84.0,32.5,5,3.141768692109522e-07,-1.0088908843430313e-07
84.0,32.9,5,4.09108179066236e-07,-8.902913405507847e-08
84.0,33.300000000000004,5,5.061044379176427e-07,-7.857589683549257e-08
84.0,33.7,5,6.046831317443556e-07,-6.936077710416236e-08
84.0,34.1,5,7.038961564654755e-07,-6.123534597734231e-08
84.0,34.5,5,8.029833237595927e-07,-5.4069043473147664e-08
84.0,34.9,5,8.979031564726503e-07,-4.774713953526577e-08
84.0,35.300000000000004,5,9.89372301699391e-07,-4.216891116996284e-08
84.0,35.7,5,1.0765698186311045e-06,-3.72460122850071e-08
84.0,36.1,5,1.160109966499507e-06,-3.2900976265556784e-08
84.0,36.5,5,1.2400113761295331e-06,-2.9065772015618643e-08
84.0,36.9,5,1.315410225994132e-06,-2.5680399690582144e-08
84.0,37.300000000000004,5,1.3881220783150365e-06,-2.2691634161129385e-08
84.0,37.7,5,1.4584441405017833e-06,-2.005208973252891e-08
84.0,38.1,5,1.5311388551459345e-06,-1.7719697472029503e-08
84.0,38.5,5,1.6069709487459238e-06,-1.5657487969104476e-08
84.0,38.900000000000006,5,1.6912295643470846e-06,-1.3833405230380743e-08
84.0,39.300000000000004,5,1.7862504011324528e-06,-1.2219885767139423e-08
84.0,39.7,5,1.895983428991626e-06,-1.0793131673293167e-08
86.0,0.1,2,-2.5860639756253193e-09,-0.0005906147110934496
86.0,0.5,2,2.028877850963853e-08,-0.0005887233502715569
86.0,0.9,2,1.2671638415989295e-08,-0.0005843245636959478
86.0,1.3,2,4.3840955851628486e-09,-0.0005774527884925026
86.0,1.7000000000000002,2,1.6047076028609917e-08,-0.0005681618725012575
86.0,2.1,2,1.85304855872512e-08,-0.0005565247358573026
86.0,2.5,2,8.608460107354628e-09,-0.0005426329446532117
86.0,2.9000000000000004,2,1.0115080256271925e-08,-0.0005265962327226355
86.0,3.3000000000000003,2,1.429842168108748e-08,-0.0005085420221807365
86.0,3.7,2,1.2050901667871476e-08,-0.0004886150115551444
86.0,4.1000000000000005,2,1.202301258406867e-08,-0.00046697692252804725
86.0,4.5,2,1.1601325455330212e-08,-0.00044380652186307965
86.0,4.9,2,1.2035351584862722e-08,-0.0004193000609892434
86.0,5.300000000000001,2,1.1851390109186378e-08,-0.0003936722936396066
86.0,5.7,2,9.030750917530439e-09,-0.00036715822240886414
86.0,6.1000000000000005,2,1.134785036905864e-08,-0.00034001564622451974
86.0,6.5,2,1.0687056319865574e-08,-0.0003125283493453869
86.0,6.9,2,1.0017461636497212e-08,-0.0002850092429266202
86.0,7.300000000000001,2,1.1462942837591552e-08,-0.00025780175202461906
86.0,7.7,2,8.137156473179104e-09,-0.00023127618962753214
86.0,8.1,2,8.453051136353352e-09,-0.0002058164413513966
86.0,8.5,2,7.767390087417216e-09,-0.00018179307153763728
86.0,8.9,2,7.389204322404665e-09,-0.00015952454771763706
86.0,9.3,2,5.7454652543872664e-09,-0.00013923756373942855
86.0,9.700000000000001,2,5.346442661046537e-09,-0.00012104262222137484
86.0,10.100000000000001,2,3.3175878395739584e-09,-0.00010493485420731574
86.0,10.5,2,2.036286647961345e-09,-9.0816754671311e-05
86.0,10.9,2,1.6336260577379843e-09,-7.85306895137968e-05
86.0,11.3,2,-1.6695736726842001e-09,-6.788960100050548e-05
86.0,11.700000000000001,2,-1.98814690608271e-09,-5.869997982815601e-05
86.0,12.100000000000001,2,-6.215571661534402e-09,-5.077628641500574e-05
86.0,12.5,2,-7.93288937453892e-09,-4.394854306893554e-05
86.0,12.9,2,-1.1582851703406738e-08,-3.80653492932163e-05
86.0,13.3,2,-1.4680847942985546e-08,-3.29941901417592e-05
86.0,13.700000000000001,2,-1.780238571289378e-08,-2.8620323054370768e-05
86.0,14.100000000000001,2,-2.187974607999614e-08,-2.484503352721642e-05
86.0,14.5,2,-2.5155200888368767e-08,-2.158370673156974e-05
86.0,14.9,2,-2.9988814083043075e-08,-1.8763948080327576e-05
86.0,15.3,2,-3.3591643541157746e-08,-1.6323861071727676e-05
86.0,15.700000000000001,2,-3.903551055412033e-08,-1.4210522051318007e-05
86.0,16.1,2,-4.280500843910019e-08,-1.237865581747588e-05
86.0,16.5,2,-4.846392097196863e-08,-1.078949891847123e-05
86.0,16.900000000000002,2,-5.2608392652417575e-08,-9.409830595871207e-06
86.0,17.3,2,-5.761968947513396e-08,-8.211149760496732e-06
86.0,17.7,2,-6.280648718259707e-08,-7.168977371361679e-06
86.0,18.1,2,-6.63964451606074e-08,-6.262265583363892e-06
86.0,18.5,2,-7.268216182280936e-08,-5.472897265575206e-06
86.0,18.900000000000002,2,-7.550476514794606e-08,-4.78526167906151e-06
86.0,19.3,2,-8.129340504383144e-08,-4.18589418681602e-06
86.0,19.700000000000003,2,-8.533321779358788e-08,-3.6631698297683453e-06
86.0,20.1,2,-8.915893779075754e-08,-3.207042366268329e-06
86.0,20.5,2,-9.454331215922835e-08,-2.808821834986726e-06
86.0,20.900000000000002,2,-9.814111101230076e-08,-2.4609848230768758e-06
86.0,21.3,2,-1.0254440460133858e-07,-2.157012471198574e-06
86.0,21.700000000000003,2,-1.0757177814884269e-07,-1.8912519538615402e-06
86.0,22.1,2,-1.1221845545057653e-07,-1.658797830540277e-06
86.0,22.5,2,-1.1617504991215374e-07,-1.4553902701442024e-06
86.0,22.900000000000002,2,-1.2353933061161214e-07,-1.2773276526863508e-06
86.0,23.3,2,-1.2822129957714323e-07,-1.1213914189071835e-06
86.0,23.700000000000003,2,-1.3449028949599938e-07,-9.847813203013645e-07
86.0,24.1,2,-1.4325507972152963e-07,-8.650595020119144e-07
86.0,24.5,2,-1.5017568742230782e-07,-7.601021655024911e-07
86.0,24.900000000000002,2,-1.5870583419166667e-07,-6.680578513718765e-07
86.0,25.3,2,-1.6816211786769065e-07,-5.873115601777496e-07
86.0,25.700000000000003,2,-1.7886135679527317e-07,-5.164539569728959e-07
86.0,26.1,2,-1.892975122070754e-07,-4.542548583587092e-07
86.0,26.5,2,-1.9912391033526598e-07,-3.9964021346376507e-07
86.0,26.900000000000002,2,-2.1202943389254406e-07,-3.516719396392404e-07
86.0,27.3,2,-2.2399950824232317e-07,-3.095302130561971e-07
86.0,27.700000000000003,2,-2.328986168618344e-07,-2.724980135787415e-07
86.0,28.1,2,-2.4271340475402687e-07,-2.3994778220421454e-07
86.0,28.5,2,-2.5179743955404583e-07,-2.113299831622408e-07
86.0,28.900000000000002,2,-2.575542668578269e-07,-1.8616327823203824e-07
86.0,29.3,2,-2.603026224196399e-07,-1.6402601393008607e-07
86.0,29.700000000000003,2,-2.5821247000719226e-07,-1.4454879670420803e-07
86.0,30.1,2,-2.5091582944139076e-07,-1.274080110829729e-07
86.0,30.5,2,-2.401449859477215e-07,-1.1232015449351471e-07
86.0,30.900000000000002,2,-2.2341401159099866e-07,-9.903683553845437e-08
86.0,31.3,2,-1.9707446739167315e-07,-8.734028625344963e-08
86.0,31.700000000000003,2,-1.6219388596190132e-07,-7.703932179069949e-08
86.0,32.1,2,-1.206072189943565e-07,-6.796579912819318e-08
86.0,32.5,2,-7.096307822817167e-08,-5.997167471806667e-08
86.0,32.9,2,-1.230771864660312e-08,-5.292667618842141e-08
86.0,33.300000000000004,2,5.378720880129525e-08,-4.671643791683795e-08
86.0,33.7,2,1.2644768551137493e-07,-4.124083987539714e-08
86.0,34.1,2,2.066342351679442e-07,-3.6412335217498016e-08
86.0,34.5,2,2.9395328156278176e-07,-3.215422897564735e-08
86.0,34.9,2,3.8543108776130295e-07,-2.8399043825812455e-08
86.0,35.300000000000004,2,4.783042345625493e-07,-2.5087151827655196e-08
86.0,35.7,2,5.717507160506987e-07,-2.2165750065191528e-08
86.0,36.1,2,6.654763686389592e-07,-1.9588115892126887e-08
86.0,36.5,2,7.584074572726781e-07,-1.7313012378441875e-08
86.0,36.9,2,8.487981307597333e-07,-1.5304155174872035e-08
86.0,37.300000000000004,2,9.34961294604612e-07,-1.3529725405994149e-08
86.0,37.7,2,1.0165475473151438e-06,-1.1961931206729992e-08
86.0,38.1,2,1.0944380644148323e-06,-1.0576574051864219e-08
86.0,38.5,2,1.1690846017517772e-06,-9.352542018934322e-09
86.0,38.900000000000006,2,1.2407780819442321e-06,-8.271206645162521e-09
86.0,39.300000000000004,2,1.3104076662651722e-06,-7.315826013371389e-09
86.0,39.7,2,1.3788783789938659e-06,-6.4711435667109665e-09
86.0,0.1,5,-2.327025783071681e-09,-0.0005906147098802812
86.0,0.5,5,2.1717554246103987e-08,-0.0005887233494822732
86.0,0.9,5,1.5225919898504096e-08,-0.0005843245638008694
86.0,1.3,5,7.42436541554595e-09,-0.0005774527897483079
86.0,1.7000000000000002,5,1.891461763516632e-08,-0.0005681618748795351
86.0,2.1,5,2.0744840422018026e-08,-0.0005565247390541016
86.0,2.5,5,9.967165760244925e-09,-0.0005426329481945807
86.0,2.9000000000000004,5,1.0712216316575343e-08,-0.0005265962361321502
86.0,3.3000000000000003,5,1.4442191100524223e-08,-0.0005085420251312499
86.0,3.7,5,1.2087868083754935e-08,-0.0004886150139277693
86.0,4.1000000000000005,5,1.2137805936067743e-08,-0.0004669769243561702
86.0,4.5,5,1.1711758194962156e-08,-0.00044380652321316066
86.0,4.9,5,1.1883036082965404e-08,-0.0004193000618686672
86.0,5.300000000000001,5,1.1265757892077513e-08,-0.0003936722939940091
86.0,5.7,5,8.178490772093517e-09,-0.0003671582221976371
86.0,6.1000000000000005,5,1.0721285443602548e-08,-0.0003400156455005652
86.0,6.5,5,1.0760404447438019e-08,-0.00031252834826274656
86.0,6.9,5,1.0829884784113419e-08,-0.00028500924165918254
86.0,7.300000000000001,5,1.2549984182993338e-08,-0.0002578017506536892
86.0,7.7,5,8.948870618691597e-09,-0.00023127618808694192
86.0,8.1,5,8.852860481722374e-09,-0.00020581643948146085
86.0,8.5,5,8.038204586964823e-09,-0.0001817930692211038
86.0,8.9,5,7.744516393148177e-09,-0.00015952454501015428
86.0,9.3,5,6.029432326505114e-09,-0.0001392375609079632
86.0,9.700000000000001,5,5.363214353645527e-09,-0.00012104261966318894
86.0,10.100000000000001,5,3.2282600040311776e-09,-0.0001049348522947167
86.0,10.5,5,2.0985262604073063e-09,-9.081675360571585e-05
86.0,10.9,5,1.7329893652966538e-09,-7.853068925945258e-05
86.0,11.3,5,-1.7651134851598053e-09,-6.78896013194659e-05
86.0,11.700000000000001,5,-2.1165114799756314e-09,-5.869998038583939e-05
86.0,12.100000000000001,5,-6.199936963646921e-09,-5.0776286898135636e-05
86.0,12.5,5,-8.13919564490939e-09,-4.3948543265488287e-05
86.0,12.9,5,-1.219511288900064e-08,-3.806534911628597e-05
86.0,13.3,5,-1.4956836129606182e-08,-3.299418961250963e-05
86.0,13.700000000000001,5,-1.723053010796118e-08,-2.8620322273162448e-05
86.0,14.100000000000001,5,-2.1243743307098802e-08,-2.4845032652003687e-05
86.0,14.5,5,-2.522582287529441e-08,-2.1583705961306875e-05
86.0,14.9,5,-3.042678285608074e-08,-1.876394762741965e-05
86.0,15.3,5,-3.394976007230949e-08,-1.632386111285374e-05
86.0,15.700000000000001,5,-3.922671710653023e-08,-1.421052266619906e-05
86.0,16.1,5,-4.272716897643042e-08,-1.2378656944462053e-05
86.0,16.5,5,-4.8402829415224215e-08,-1.0789500357621158e-05
86.0,16.900000000000002,5,-5.2789949328081085e-08,-9.409832069762316e-06
86.0,17.3,5,-5.768140822413667e-08,-8.211151011933112e-06
86.0,17.7,5,-6.289923926030895e-08,-7.168978255066808e-06
86.0,18.1,5,-6.675111563555306e-08,-6.262266109944708e-06
86.0,18.5,5,-7.290955742277156e-08,-5.47289758064702e-06
86.0,18.900000000000002,5,-7.569107309192037e-08,-4.785261993546227e-06
86.0,19.3,5,-8.131186651013026e-08,-4.185894695789192e-06
86.0,19.700000000000003,5,-8.527418104615076e-08,-3.663170655699147e-06
86.0,20.1,5,-8.987155531142573e-08,-3.207043542103428e-06
86.0,20.5,5,-9.500892128735282e-08,-2.8088233182102825e-06
86.0,20.900000000000002,5,-9.782258472530363e-08,-2.460986520001859e-06
86.0,21.3,5,-1.0282619951983348e-07,-2.1570142561104644e-06
86.0,21.700000000000003,5,-1.082334825249126e-07,-1.8912536825246652e-06
86.0,22.1,5,-1.1250097215656634e-07,-1.658799358444467e-06
86.0,22.5,5,-1.1622273933107438e-07,-1.455391482957719e-06
86.0,22.900000000000002,5,-1.2396806547966347e-07,-1.2773285031151503e-06
86.0,23.3,5,-1.2865050717688554e-07,-1.1213919512317119e-06
86.0,23.700000000000003,5,-1.3478663860003267e-07,-9.847816633047175e-07
86.0,24.1,5,-1.4369506042441885e-07,-8.6505982543304e-07
86.0,24.5,5,-1.5037001420258115e-07,-7.601026155102085e-07
86.0,24.900000000000002,5,-1.5922797146945798e-07,-6.680584939887403e-07
86.0,25.3,5,-1.6862836827351012e-07,-5.873123583990539e-07
86.0,25.700000000000003,5,-1.79152460816963e-07,-5.164547898899484e-07
86.0,26.1,5,-1.895592411199116e-07,-4.542555693540105e-07
86.0,26.5,5,-1.9998990414749843e-07,-3.996406626648923e-07
86.0,26.900000000000002,5,-2.120383585207739e-07,-3.5167203862622136e-07
86.0,27.3,5,-2.2448908711153975e-07,-3.0952993412641026e-07
86.0,27.700000000000003,5,-2.3365419454660156e-07,-2.724973804189211e-07
86.0,28.1,5,-2.4273288214748324e-07,-2.39946855452235e-07
86.0,28.5,5,-2.5246922778700985e-07,-2.1132884941431791e-07
86.0,28.900000000000002,5,-2.5803796743768944e-07,-1.8616204158228437e-07
86.0,29.3,5,-2.6053500110445293e-07,-1.6402478229858715e-07
86.0,29.700000000000003,5,-2.5883588306386014e-07,-1.445476580099758e-07
86.0,30.1,5,-2.51224246480071e-07,-1.2740700386866144e-07
86.0,30.5,5,-2.405897743447571e-07,-1.1231924724228508e-07
86.0,30.900000000000002,5,-2.237214179150939e-07,-9.903593013786717e-08
86.0,31.3,5,-1.9754233146836263e-07,-8.733925096654369e-08
86.0,31.700000000000003,5,-1.623177538099377e-07,-7.703804340449958e-08
86.0,32.1,5,-1.2099806271765073e-07,-6.796423144107748e-08
86.0,32.5,5,-7.10897809329769e-08,-5.996986060920207e-08
86.0,32.9,5,-1.2310110108322093e-08,-5.292473317825084e-08
86.0,33.300000000000004,5,5.356075357142837e-08,-4.671451557140135e-08
86.0,33.7,5,1.268943824051709e-07,-4.1239070605005815e-08
86.0,34.1,5,2.065101372956703e-07,-3.6410800194994664e-08
86.0,34.5,5,2.9475347615407585e-07,-3.2152949487205156e-08
86.0,34.9,5,3.8563397199775425e-07,-2.839799340586323e-08
86.0,35.300000000000004,5,4.7945719466293e-07,-2.508627606832789e-08
86.0,35.7,5,5.724479332753954e-07,-2.2164983106243708e-08
86.0,36.1,5,6.669512543498275e-07,-1.9587391565756133e-08
86.0,36.5,5,7.598730232544313e-07,-1.7312275260426515e-08
86.0,36.9,5,8.505304815795608e-07,-1.5303376184291114e-08
86.0,37.300000000000004,5,9.372901789773568e-07,-1.3528919019061565e-08
86.0,37.7,5,1.0188035247753769e-06,-1.1961163939413875e-08
86.0,38.1,5,1.097471963219543e-06,-1.0575953888592231e-08
86.0,38.5,5,1.1719877261768936e-06,-9.352187660101905e-09
86.0,38.900000000000006,5,1.24477160015259e-06,-8.271207922077758e-09
86.0,39.300000000000004,5,1.3138006455246204e-06,-7.3162136757641054e-09
86.0,39.7,5,1.3837299018065206e-06,-6.471882624720663e-09
88.0,0.1,2,-2.0646994752512108e-08,0.00019247043829612507
88.0,0.5,2,1.4372659739319979e-08,0.0001918540786984662
88.0,0.9,2,1.5958849176076784e-08,0.00019042059526277002
88.0,1.3,2,9.235889503695837e-09,0.00018818121032471716
88.0,1.7000000000000002,2,1.1214978924665344e-08,0.00018515347180662864
88.0,2.1,2,1.1484512508964365e-08,0.00018136114296097962
88.0,2.5,2,1.1548509232020246e-08,0.0001768340634454171
88.0,2.9000000000000004,2,1.3648798677879677e-08,0.0001716079934789637
88.0,3.3000000000000003,2,1.0394999449427443e-08,0.00016572445759299053
88.0,3.7,2,9.19533087693747e-09,0.00015923061041385475
88.0,4.1000000000000005,2,1.214059695583485e-08,0.00015217915413285043
88.0,4.5,2,1.07037481856702e-08,0.00014462834564247888
88.0,4.9,2,1.0497969959716142e-08,0.00013664213976603343
88.0,5.300000000000001,2,1.1280193912898424e-08,0.00012829052086078154
88.0,5.7,2,1.0351071504661016e-08,0.00011965007197318236
88.0,6.1000000000000005,2,1.0777592650228592e-08,0.00011080480501638188
88.0,6.5,2,8.180486191265604e-09,0.00010184720002574217
88.0,6.9,2,9.163672830251648e-09,9.287922896104473e-05
88.0,7.300000000000001,2,1.1056484818072152e-08,8.401280772168078e-05
88.0,7.7,2,8.599865295848974e-09,7.536861451028181e-05
88.0,8.1,2,9.970300026103996e-09,6.707175060542816e-05
88.0,8.5,2,8.723912122302244e-09,5.924297611254956e-05
88.0,8.9,2,8.300841136721532e-09,5.198607372168315e-05
88.0,9.3,2,8.457975741188657e-09,4.5374918768842036e-05
88.0,9.700000000000001,2,8.1336297930395e-09,3.944552205849796e-05
88.0,10.100000000000001,2,7.132487997535841e-09,3.4196296999960754e-05
88.0,10.5,2,6.196390972964515e-09,2.9595468631005177e-05
88.0,10.9,2,6.191023544800362e-09,2.559166692135126e-05
88.0,11.3,2,3.916643411453196e-09,2.212393301879271e-05
88.0,11.700000000000001,2,5.323247340640197e-09,1.912920547553136e-05
88.0,12.100000000000001,2,2.397018516220997e-09,1.654702007504584e-05
88.0,12.5,2,2.9838219834739785e-09,1.4321984183001362e-05
88.0,12.9,2,3.2765430240142617e-10,1.2404759433975797e-05
88.0,13.3,2,-7.071315990814278e-10,1.0752162071563148e-05
88.0,13.700000000000001,2,-3.071145401407945e-09,9.326799941079113e-06
88.0,14.100000000000001,2,-4.8905117766236224e-09,8.096503871291421e-06
88.0,14.5,2,-7.604935840926488e-09,7.033699260062948e-06
88.0,14.9,2,-9.542089770900368e-09,6.114793759991993e-06
88.0,15.3,2,-1.3023689115749026e-08,5.319616233680259e-06
88.0,15.700000000000001,2,-1.5205615463078044e-08,4.630919783197021e-06
88.0,16.1,2,-1.924689595962791e-08,4.033950121889349e-06
88.0,16.5,2,-2.218510242574535e-08,3.5160750747472848e-06
88.0,16.900000000000002,2,-2.625866530211334e-08,3.066468741645881e-06
88.0,17.3,2,-3.023978502507552e-08,2.6758432773010343e-06
88.0,17.7,2,-3.414076684557369e-08,2.336221515679718e-06
88.0,18.1,2,-3.870657156309764e-08,2.0407443474719234e-06
88.0,18.5,2,-4.300789035140983e-08,1.7835075615361796e-06
88.0,18.900000000000002,2,-4.697678446757104e-08,1.5594236031295173e-06
88.0,19.3,2,-5.2513225482809896e-08,1.3641043165967156e-06
88.0,19.700000000000003,2,-5.5210103585733844e-08,1.1937612698491936e-06
88.0,20.1,2,-6.148720373634642e-08,1.0451207816970275e-06
88.0,20.5,2,-6.417645601953031e-08,9.153513184173793e-07
88.0,20.900000000000002,2,-6.917557123256e-08,8.020014318774685e-07
88.0,21.3,2,-7.345238620548338e-08,7.029467823276227e-07
88.0,21.700000000000003,2,-7.698047933511983e-08,6.163449838189877e-07
88.0,22.1,2,-8.14135199112178e-08,5.405970899688795e-07
88.0,22.5,2,-8.590563844315816e-08,4.743146181827303e-07
88.0,22.900000000000002,2,-8.929129105992999e-08,4.1629116853902877e-07
88.0,23.3,2,-9.369240128507062e-08,3.6547791047042844e-07
88.0,23.700000000000003,2,-9.906641234897458e-08,3.209624026041194e-07
88.0,24.1,2,-1.0164824857177023e-07,2.8195031658415753e-07
88.0,24.5,2,-1.0767525675771792e-07,2.477496694567267e-07
88.0,24.900000000000002,2,-1.1311139333653468e-07,2.1775720078049665e-07
88.0,25.3,2,-1.1755280849937146e-07,1.914466040215309e-07
88.0,25.700000000000003,2,-1.2453511960459066e-07,1.683584110278543e-07
88.0,26.1,2,-1.3158978663209846e-07,1.4809136503593034e-07
88.0,26.5,2,-1.392396155756689e-07,1.3029507200832735e-07
88.0,26.900000000000002,2,-1.4655537543110183e-07,1.146636466672466e-07
88.0,27.3,2,-1.5554429922832697e-07,1.0093006458830373e-07
88.0,27.700000000000003,2,-1.66663642866165e-07,8.886104353272652e-08
88.0,28.1,2,-1.7560386846364414e-07,7.825244841146955e-08
88.0,28.5,2,-1.8525223432377072e-07,6.892532419711447e-08
88.0,28.900000000000002,2,-1.9750239846241718e-07,6.072262979711506e-08
88.0,29.3,2,-2.0824052007587896e-07,5.3506606229671836e-08
88.0,29.700000000000003,2,-2.1770813259245384e-07,4.7156584065182424e-08
88.0,30.1,2,-2.2700928098432055e-07,4.15670198969496e-08
88.0,30.5,2,-2.3447136579240984e-07,3.664564898516858e-08
88.0,30.900000000000002,2,-2.404688250639063e-07,3.231175996445366e-08
88.0,31.3,2,-2.443030960550618e-07,2.8494645830234167e-08
88.0,31.700000000000003,2,-2.4259673623597997e-07,2.5132252910868405e-08
88.0,32.1,2,-2.3533470796879076e-07,2.217000350940032e-08
88.0,32.5,2,-2.2461396365730834e-07,1.9559772756512602e-08
88.0,32.9,2,-2.0891487414550473e-07,1.7259046799210828e-08
88.0,33.300000000000004,2,-1.8534458234414865e-07,1.5230307017026742e-08
88.0,33.7,2,-1.5371308774458266e-07,1.344062288005063e-08
88.0,34.1,2,-1.14582238881725e-07,1.1861330397617163e-08
88.0,34.5,2,-6.713537406854983e-08,1.046762429857084e-08
88.0,34.9,2,-1.1039165202028027e-08,9.23796950043214e-09
88.0,35.300000000000004,2,5.224481084409746e-08,8.153402063701474e-09
88.0,35.7,2,1.2118556775557078e-07,7.196915805341537e-09
88.0,36.1,2,1.9582036765543883e-07,6.353112506676949e-09
88.0,36.5,2,2.766660718523723e-07,5.608141520969749e-09
88.0,36.9,2,3.6255561824228295e-07,4.9497885795936934e-09
88.0,37.300000000000004,2,4.509598566540032e-07,4.367519858141527e-09
88.0,37.7,2,5.40163880788479e-07,3.852371431513504e-09
88.0,38.1,2,6.294272005839865e-07,3.396708228304512e-09
88.0,38.5,2,7.179113229670987e-07,2.993947468683322e-09
88.0,38.900000000000006,2,8.047530771716565e-07,2.63831401136223e-09
88.0,39.300000000000004,2,8.88700122428462e-07,2.3246315510198795e-09
88.0,39.7,2,9.682416040711675e-07,2.04813846930597e-09
88.0,0.1,5,-9.288700222000165e-09,0.00019247043633958375
88.0,0.5,5,1.6992524977485543e-08,0.0001918540762640628
88.0,0.9,5,1.491588131343088e-08,0.00019042059190709567
88.0,1.3,5,6.536488952069155e-09,0.00018818120596270093
88.0,1.7000000000000002,5,7.94359484504297e-09,0.00018515346668013295
88.0,2.1,5,8.374336263833646e-09,0.00018136113745898273
88.0,2.5,5,9.090544137238118e-09,0.00017683405790107926
88.0,2.9000000000000004,5,1.2078024178767869e-08,0.00017160798806360692
88.0,3.3000000000000003,5,9.669783113641939e-09,0.00016572445234418147
88.0,3.7,5,9.045260152666544e-09,0.00015923060533974432
88.0,4.1000000000000005,5,1.2213825447279065e-08,0.00015217914929450667
88.0,4.5,5,1.0770105858677887e-08,0.00014462834115129173
88.0,4.9,5,1.05899078353519e-08,0.00013664213570884235
88.0,5.300000000000001,5,1.1646984406162673e-08,0.0001282905172211218
88.0,5.7,5,1.1211081092945616e-08,0.00011965006861462209
88.0,6.1000000000000005,5,1.2035136575126612e-08,0.000110804801742471
88.0,6.5,5,9.371975266733047e-09,0.00010184719667416014
88.0,6.9,5,9.756134977937415e-09,9.287922546958303e-05
88.0,7.300000000000001,5,1.088429926724621e-08,8.401280413076062e-05
88.0,7.7,5,8.00976198497594e-09,7.53686109155274e-05
88.0,8.1,5,9.472660126797089e-09,6.707174710627478e-05
88.0,8.5,5,8.495420947649375e-09,5.92429727974737e-05
88.0,8.9,5,8.119567338656394e-09,5.198607069501541e-05
88.0,9.3,5,8.141205834800499e-09,4.53749161866907e-05
88.0,9.700000000000001,5,7.841935341461016e-09,3.9445520129335204e-05
88.0,10.100000000000001,5,7.074424950441319e-09,3.419629592763186e-05
88.0,10.5,5,6.237706597185045e-09,2.959546851934341e-05
88.0,10.9,5,6.085054452816247e-09,2.559166769200513e-05
88.0,11.3,5,3.761672543102223e-09,2.21239343948463e-05
88.0,11.700000000000001,5,5.34180026662804e-09,1.9129207050970837e-05
88.0,12.100000000000001,5,2.445998381582806e-09,1.6547021443675895e-05
88.0,12.5,5,2.9059751071589095e-09,1.4321985068169256e-05
88.0,12.9,5,4.957127485151934e-10,1.2404759761301156e-05
88.0,13.3,5,-8.648746799168535e-11,1.0752161958785651e-05
88.0,13.700000000000001,5,-2.7289477282955503e-09,9.326799621648594e-06
88.0,14.100000000000001,5,-5.412069511525693e-09,8.096503596286654e-06
88.0,14.5,5,-8.304232350765208e-09,7.033699222624493e-06
88.0,14.9,5,-9.6291447268188e-09,6.1147940627432495e-06
88.0,15.3,5,-1.2747486337830688e-08,5.319616891273486e-06
88.0,15.700000000000001,5,-1.4980762872836284e-08,4.630920737628989e-06
88.0,16.1,5,-1.9159336886005334e-08,4.033951254074266e-06
88.0,16.5,5,-2.235777911061047e-08,3.5160762135807763e-06
88.0,16.900000000000002,5,-2.6469571203608718e-08,3.066469684918802e-06
88.0,17.3,5,-3.025431050396422e-08,2.6758438355265e-06
88.0,17.7,5,-3.4285962189062334e-08,2.33622157207737e-06
88.0,18.1,5,-3.88695250300521e-08,2.0407439085597654e-06
88.0,18.5,5,-4.2914792818708997e-08,1.783506768048484e-06
88.0,18.900000000000002,5,-4.6998779951319004e-08,1.5594226866909607e-06
88.0,19.3,5,-5.2639355553865814e-08,1.3641035158180597e-06
88.0,19.700000000000003,5,-5.5505663643300397e-08,1.1937607424934058e-06
88.0,20.1,5,-6.190680144379856e-08,1.045120552675832e-06
88.0,20.5,5,-6.390394108315804e-08,9.153512845321067e-07
88.0,20.900000000000002,5,-6.907798093428941e-08,8.020014146344704e-07
88.0,21.3,5,-7.420061084214184e-08,7.0294659828543e-07
88.0,21.700000000000003,5,-7.72034676276704e-08,6.163444996136222e-07
88.0,22.1,5,-8.124487343693271e-08,5.40596244998676e-07
88.0,22.5,5,-8.615352098893778e-08,4.7431341959416416e-07
88.0,22.900000000000002,5,-8.977800149087267e-08,4.162896752155682e-07
88.0,23.3,5,-9.387967778546262e-08,3.654762197861109e-07
88.0,23.700000000000003,5,-9.921377239533827e-08,3.2096064081969356e-07
88.0,24.1,5,-1.020110307537524e-07,2.81948623435004e-07
88.0,24.5,5,-1.0788184908712031e-07,2.477481692122821e-07
88.0,24.900000000000002,5,-1.13585610960862e-07,2.1775596408892947e-07
88.0,25.3,5,-1.1775923919365239e-07,1.9144561797651633e-07
88.0,25.700000000000003,5,-1.2477184090063656e-07,1.683575771573574e-07
88.0,26.1,5,-1.320516385661949e-07,1.4809053314669123e-07
88.0,26.5,5,-1.3971137290143586e-07,1.3029409838906357e-07
88.0,26.900000000000002,5,-1.4654495229098062e-07,1.1466245089655304e-07
88.0,27.3,5,-1.5619816701075618e-07,1.0092865917246013e-07
88.0,27.700000000000003,5,-1.6712631715909303e-07,8.885952523110027e-08
88.0,28.1,5,-1.7556351096897937e-07,7.825095956366011e-08
88.0,28.5,5,-1.8609757155021601e-07,6.892400551096198e-08
88.0,28.900000000000002,5,-1.9769342068578022e-07,6.072158528115826e-08
88.0,29.3,5,-2.0854955934072172e-07,5.350588968623064e-08
88.0,29.700000000000003,5,-2.1836155395263265e-07,4.715620254092072e-08
88.0,30.1,5,-2.2719530453972511e-07,4.156694305160765e-08
88.0,30.5,5,-2.350154955922489e-07,3.664581615524015e-08
88.0,30.900000000000002,5,-2.4079538783240133e-07,3.2312085865419745e-08
88.0,31.3,5,-2.44827628591361e-07,2.849503199880356e-08
88.0,31.700000000000003,5,-2.428136053290812e-07,2.513261050014256e-08
88.0,32.1,5,-2.359342332970073e-07,2.2170283890676234e-08
88.0,32.5,5,-2.248399445327426e-07,1.955999246608459e-08
88.0,32.9,5,-2.0925913566188382e-07,1.7259291006027145e-08
88.0,33.300000000000004,5,-1.8586726660383257e-07,1.5230703624282496e-08
88.0,33.7,5,-1.536021515934577e-07,1.3441294765421308e-08
88.0,34.1,5,-1.1532495411410438e-07,1.1862346155369402e-08
88.0,34.5,5,-6.67474644085079e-08,1.0468970261573157e-08
88.0,34.9,5,-1.1642308772568401e-08,9.239555506757181e-09
88.0,35.300000000000004,5,5.267466431270491e-08,8.155096174781902e-09
88.0,35.7,5,1.2096438331725625e-07,7.19858955180774e-09
88.0,36.1,5,1.9632394163698651e-07,6.354675850649822e-09
88.0,36.5,5,2.768304564506167e-07,5.60955602519643e-09
88.0,36.9,5,3.632949667585564e-07,4.95106096342054e-09
88.0,37.300000000000004,5,4.5159410604206546e-07,4.368686948739677e-09
88.0,37.7,5,5.411218367924553e-07,3.85348662453573e-09
88.0,38.1,5,6.307379778730146e-07,3.3978317212203762e-09
88.0,38.5,5,7.191829317687493e-07,2.9951354997423397e-09
88.0,38.900000000000006,5,8.066593245700051e-07,2.6396024781423535e-09
88.0,39.300000000000004,5,8.905541356728125e-07,2.3260164162687326e-09
88.0,39.7,5,9.708523091086286e-07,2.049563088732873e-09
90.0,0.1,2,-2.94535487075497e-09,0.0008516777015191566
90.0,0.5,2,4.9291593392014675e-09,0.0008489503215273865
90.0,0.9,2,1.1846016873333348e-08,0.0008426071837612149
90.0,1.3,2,1.4992272286549407e-08,0.0008326979475272782
90.0,1.7000000000000002,2,8.318364057778962e-09,0.0008193002628859038
90.0,2.1,2,3.994189745456916e-09,0.0008025192825735669
90.0,2.5,2,1.0650602640566537e-08,0.0007824870471256814
90.0,2.9000000000000004,2,1.2947822952057916e-08,0.0007593617951968901
90.0,3.3000000000000003,2,7.257627064020652e-09,0.0007333272721261716
90.0,3.7,2,8.317015331934844e-09,0.000704592136020108
90.0,4.1000000000000005,2,1.1094457010685776e-08,0.0006733895925999953
90.0,4.5,2,8.198805205421397e-09,0.0006399774268917263
90.0,4.9,2,7.871510291371671e-09,0.000604638637181991
90.0,5.300000000000001,2,8.740717591753601e-09,0.0005676829025187818
90.0,5.7,2,9.244048718318284e-09,0.00052944910129468
90.0,6.1000000000000005,2,1.0113623939193875e-08,0.0004903089847296028
90.0,6.5,2,7.978742571893692e-09,0.000450671775424379
90.0,6.9,2,8.51943631174274e-09,0.0004109886975072022
90.0,7.300000000000001,2,8.223443444600633e-09,0.00037175497667534847
90.0,7.7,2,6.889077066779239e-09,0.00033350461142810404
90.0,8.1,2,9.433468005826072e-09,0.00029679117206394504
90.0,8.5,2,7.667066757269347e-09,0.00026214901904326456
90.0,8.9,2,7.548435978682364e-09,0.000230037387850464
90.0,9.3,2,8.119202888750713e-09,0.0002007831742985059
90.0,9.700000000000001,2,7.49357943318461e-09,0.00017454572432793323
90.0,10.100000000000001,2,7.964219250701948e-09,0.00015131801641774458
90.0,10.5,2,7.671446535763304e-09,0.00013095944684635507
90.0,10.9,2,7.753867279105112e-09,0.00011324270522711294
90.0,11.3,2,6.052146413069982e-09,9.789805186066498e-05
90.0,11.700000000000001,2,7.26463471783334e-09,8.46464433954665e-05
90.0,12.100000000000001,2,4.865306596113879e-09,7.322032834320993e-05
90.0,12.5,2,6.237173190034882e-09,6.337459518527522e-05
90.0,12.9,2,4.627322306225775e-09,5.489092077511074e-05
90.0,13.3,2,4.715947563756432e-09,4.757821532007187e-05
90.0,13.700000000000001,2,3.766684948987823e-09,4.1271017436150395e-05
90.0,14.100000000000001,2,2.874149514530466e-09,3.58269789334872e-05
90.0,14.5,2,1.5480613909414094e-09,3.112408405974933e-05
90.0,14.9,2,7.081427055962259e-10,2.7057939170159494e-05
90.0,15.3,2,-1.657999983409916e-09,2.3539289044600625e-05
90.0,15.700000000000001,2,-2.042399918552625e-09,2.049181710986549e-05
90.0,16.1,2,-5.4335318816880896e-09,1.785023541067656e-05
90.0,16.5,2,-5.727151064226934e-09,1.5558645533081063e-05
90.0,16.900000000000002,2,-9.691008671892702e-09,1.3569141588983104e-05
90.0,17.3,2,-1.0597472406458867e-08,1.1840623900599344e-05
90.0,17.7,2,-1.4511084864833443e-08,1.0337793339247036e-05
90.0,18.1,2,-1.6669464208631598e-08,9.030299246428454e-06
90.0,18.5,2,-2.007262966720675e-08,7.892017327950591e-06
90.0,18.900000000000002,2,-2.360286033833708e-08,6.900437275597942e-06
90.0,19.3,2,-2.6721579824580067e-08,6.036142909899935e-06
90.0,19.700000000000003,2,-3.078767293739252e-08,5.282370319685949e-06
90.0,20.1,2,-3.470896985237207e-08,4.624631817173779e-06
90.0,20.5,2,-3.796299518678474e-08,4.0503955272984535e-06
90.0,20.900000000000002,2,-4.3435855045617194e-08,3.5488120712719345e-06
90.0,21.3,2,-4.580036852605234e-08,3.1104811148191677e-06
90.0,21.700000000000003,2,-5.151707354205151e-08,2.7272516241260605e-06
90.0,22.1,2,-5.473439564422708e-08,2.3920506224786047e-06
90.0,22.5,2,-5.886208449950653e-08,2.0987361277984e-06
90.0,22.900000000000002,2,-6.314447751162373e-08,1.8419707470075763e-06
90.0,23.3,2,-6.70346773418866e-08,1.6171130309333672e-06
90.0,23.700000000000003,2,-7.019475876201977e-08,1.420124117207206e-06
90.0,24.1,2,-7.507537014562024e-08,1.2474874607079996e-06
90.0,24.5,2,-7.865659893431412e-08,1.0961396819166663e-06
90.0,24.900000000000002,2,-8.1627477544323e-08,9.634108351475904e-07
90.0,25.3,2,-8.746967641517278e-08,8.46972707522161e-07
90.0,25.700000000000003,2,-9.039449835917977e-08,7.447940370204583e-07
90.0,26.1,2,-9.438880067812283e-08,6.551017255159342e-07
90.0,26.5,2,-9.987072642328008e-08,5.763472318254663e-07
90.0,26.900000000000002,2,-1.0435875688267268e-07,5.071774222341877e-07
90.0,27.3,2,-1.0956287896426442e-07,4.4640927822802774e-07
90.0,27.700000000000003,2,-1.1509649512127005e-07,3.930079932096097e-07
90.0,28.1,2,-1.2250167413838015e-07,3.4606806858436184e-07
90.0,28.5,2,-1.2959481248674833e-07,3.0479701297736886e-07
90.0,28.900000000000002,2,-1.3571371596545249e-07,2.6850120175298007e-07
90.0,29.3,2,-1.452248905237095e-07,2.3657346109679793e-07
90.0,29.700000000000003,2,-1.5550635229077108e-07,2.0848205579980188e-07
90.0,30.1,2,-1.6387711046324196e-07,1.8376093901058687e-07
90.0,30.5,2,-1.7348873152115733e-07,1.6200125434920843e-07
90.0,30.900000000000002,2,-1.8419155501382558e-07,1.4284408182487253e-07
90.0,31.3,2,-1.9449908678103843e-07,1.2597430812871393e-07
90.0,31.700000000000003,2,-2.048209265797664e-07,1.1111538621023383e-07
90.0,32.1,2,-2.1341525567407042e-07,9.802472937606965e-08
90.0,32.5,2,-2.194738134807831e-07,8.648957241184925e-08
90.0,32.9,2,-2.2515529558603255e-07,7.632324794997e-08
90.0,33.300000000000004,2,-2.2950597293414528e-07,6.73618826653587e-08
90.0,33.7,2,-2.2874447423949195e-07,5.9461498612332974e-08
90.0,34.1,2,-2.2239330101867968e-07,5.249546876155882e-08
90.0,34.5,2,-2.1194991467022495e-07,4.6352284665127e-08
90.0,34.9,2,-1.9632636914825818e-07,4.09336438763914e-08
90.0,35.300000000000004,2,-1.7365208343502668e-07,3.615288923693506e-08
90.0,35.7,2,-1.44233039186323e-07,3.193377874596158e-08
90.0,36.1,2,-1.084730620824741e-07,2.8209461606905717e-08
90.0,36.5,2,-6.490094594506454e-08,2.49214786397178e-08
90.0,36.9,2,-1.2298858403154266e-08,2.201866779449239e-08
90.0,37.300000000000004,2,4.844325481226679e-08,1.9456011574459074e-08
90.0,37.7,2,1.1541127608199841e-07,1.7193596514221098e-08
90.0,38.1,2,1.8728525625805743e-07,1.519585724993779e-08
90.0,38.5,2,2.6390724763309e-07,1.3431145592370809e-08
90.0,38.900000000000006,2,3.451788905831564e-07,1.1871504510107176e-08
90.0,39.300000000000004,2,4.29405121307586e-07,1.0492461711331336e-08
90.0,39.7,2,5.143060458380523e-07,9.272723468269894e-09
90.0,0.1,5,-1.5112720627608825e-08,0.0008516776888873668
90.0,0.5,5,1.1070989705697804e-09,0.0008489503096423389
90.0,0.9,5,1.1023514470736086e-08,0.0008426071734942833
90.0,1.3,5,1.555802081695613e-08,0.000832697939457932
90.0,1.7000000000000002,5,9.658914461533678e-09,0.0008193002571758017
90.0,2.1,5,5.728632755326786e-09,0.0008025192789368451
90.0,2.5,5,1.2428806730719803e-08,0.0007824870449367929
90.0,2.9000000000000004,5,1.4439821841204528e-08,0.0007593617937117969
90.0,3.3000000000000003,5,8.23116276585526e-09,0.0007333272707217241
90.0,3.7,5,8.726806972581327e-09,0.0007045921343397211
90.0,4.1000000000000005,5,1.110477559747772e-08,0.000673389590552906
90.0,4.5,5,8.08884010899279e-09,0.0006399774245479379
90.0,4.9,5,7.847320535557873e-09,0.0006046386346634745
90.0,5.300000000000001,5,8.767893876517693e-09,0.0005676828999656993
90.0,5.7,5,9.047687682049402e-09,0.0005294490989044318
90.0,6.1000000000000005,5,9.400021612875966e-09,0.0004903089827951776
90.0,6.5,5,6.741287720470017e-09,0.00045067177429551365
90.0,6.9,5,7.154710737422859e-09,0.00041098869746401627
90.0,7.300000000000001,5,7.285906613865751e-09,0.00037175497778326334
90.0,7.7,5,6.6481423296222e-09,0.00033350461346978803
90.0,8.1,5,9.660726151487225e-09,0.00029679117459743755
90.0,8.5,5,7.91264778622879e-09,0.0002621490215531524
90.0,8.9,5,7.624412411143759e-09,0.0002300373899051428
90.0,9.3,5,8.21009814828307e-09,0.00020078317563833556
90.0,9.700000000000001,5,7.764624653666813e-09,0.00017454572486776647
90.0,10.100000000000001,5,8.256561562820366e-09,0.00015131801620098432
90.0,10.5,5,7.767494421061917e-09,0.00013095944600064247
90.0,10.9,5,7.762611582400771e-09,0.000113242703946941
90.0,11.3,5,6.2084501868393386e-09,9.789805040618773e-05
90.0,11.700000000000001,5,7.48484036763298e-09,8.464644207650084e-05
90.0,12.100000000000001,5,4.936740520193106e-09,7.32203274656005e-05
90.0,12.5,5,6.2854128997280195e-09,6.337459496648953e-05
90.0,12.9,5,4.78775924498609e-09,5.4890921265680047e-05
90.0,13.3,5,4.6005245146742535e-09,4.757821637550826e-05
90.0,13.700000000000001,5,3.1343491470341176e-09,4.127101876284524e-05
90.0,14.100000000000001,5,2.4331075877281595e-09,3.582698019399557e-05
90.0,14.5,5,1.9493290898971494e-09,3.112408499128931e-05
90.0,14.9,5,1.3669475280579988e-09,2.705793966436524e-05
90.0,15.3,5,-1.5362955883307172e-09,2.353928915910734e-05
90.0,15.700000000000001,5,-2.2907380320156725e-09,2.049181701815362e-05
90.0,16.1,5,-5.67465802619259e-09,1.785023532409025e-05
90.0,16.5,5,-5.884082382510317e-09,1.5558645633554055e-05
90.0,16.900000000000002,5,-9.630460939505382e-09,1.3569141993790768e-05
90.0,17.3,5,-1.0485220829627232e-08,1.1840624656179941e-05
90.0,17.7,5,-1.4584408928787046e-08,1.033779442692403e-05
90.0,18.1,5,-1.6636853037708055e-08,9.030300586084132e-06
90.0,18.5,5,-2.0014055589632298e-08,7.892018780360686e-06
90.0,18.900000000000002,5,-2.382863108124335e-08,6.900438656577271e-06
90.0,19.3,5,-2.6890704037045195e-08,6.036144028034883e-06
90.0,19.700000000000003,5,-3.084159539730744e-08,5.28237103367813e-06
90.0,20.1,5,-3.463182174532022e-08,4.624632090312938e-06
90.0,20.5,5,-3.777459190611091e-08,4.05039544962671e-06
90.0,20.900000000000002,5,-4.3907056919119496e-08,3.548811831659485e-06
90.0,21.3,5,-4.6212247068058416e-08,3.1104809304166362e-06
90.0,21.700000000000003,5,-5.109126276609787e-08,2.72725165791573e-06
90.0,22.1,5,-5.4799061213245444e-08,2.3920509262921616e-06
90.0,22.5,5,-5.939329275120268e-08,2.0987366342217943e-06
90.0,22.900000000000002,5,-6.327188206566603e-08,1.8419713074171122e-06
90.0,23.3,5,-6.697156268237228e-08,1.617113475293147e-06
90.0,23.700000000000003,5,-7.041322015727912e-08,1.4201243059038048e-06
90.0,24.1,5,-7.540587988617747e-08,1.2474873107042398e-06
90.0,24.5,5,-7.876962014224208e-08,1.0961391686091177e-06
90.0,24.900000000000002,5,-8.192333423878128e-08,9.634099833145455e-07
90.0,25.3,5,-8.756184616631906e-08,8.469715835857959e-07
90.0,25.700000000000003,5,-9.070589806904207e-08,7.447927436246735e-07
90.0,26.1,5,-9.477159480551892e-08,6.551003896886627e-07
90.0,26.5,5,-9.999102959981787e-08,5.763459785154354e-07
90.0,26.900000000000002,5,-1.0455629410874603e-07,5.071763361143409e-07
90.0,27.3,5,-1.1014088976167015e-07,4.464083696520225e-07
90.0,27.700000000000003,5,-1.1523478762668448e-07,3.930071882725316e-07
90.0,28.1,5,-1.2260758613433169e-07,3.4606723366305823e-07
90.0,28.5,5,-1.3041321337531617e-07,3.0479600616061655e-07
90.0,28.900000000000002,5,-1.355883805280194e-07,2.684999284617558e-07
90.0,29.3,5,-1.457309113142121e-07,2.3657190881814464e-07
90.0,29.700000000000003,5,-1.559936694816117e-07,2.0848029439040064e-07
90.0,30.1,5,-1.639759086433917e-07,1.8375909113477163e-07
90.0,30.5,5,-1.7405308007927646e-07,1.6199945390278002e-07
90.0,30.900000000000002,5,-1.844780531345788e-07,1.4284243990465706e-07
90.0,31.3,5,-1.9490895045644522e-07,1.2597289657965499e-07
90.0,31.700000000000003,5,-2.0513042688709554e-07,1.1111423657041713e-07
90.0,32.1,5,-2.1394600634233575e-07,9.80238376580112e-08
90.0,32.5,5,-2.196819020202831e-07,8.648890253538142e-08
90.0,32.9,5,-2.256657514047579e-07,7.63227342920175e-08
90.0,33.300000000000004,5,-2.2989798481747868e-07,6.736143878461086e-08
90.0,33.7,5,-2.289421053049492e-07,5.946103825544878e-08
90.0,34.1,5,-2.230951588250121e-07,5.24949367210523e-08
90.0,34.5,5,-2.1186219311400654e-07,4.6351685221797244e-08
90.0,34.9,5,-1.9712746048494152e-07,4.0933050488246734e-08
90.0,35.300000000000004,5,-1.735184392107018e-07,3.61524257849724e-08
90.0,35.7,5,-1.448395216771134e-07,3.193357676234786e-08
90.0,36.1,5,-1.0846400063121603e-07,2.8209611433682412e-08
90.0,36.5,5,-6.517062256855087e-08,2.4921996842693993e-08
90.0,36.9,5,-1.2341862676501903e-08,2.2019495100200797e-08
90.0,37.300000000000004,5,4.841961687303355e-08,1.945703986981894e-08
90.0,37.7,5,1.1557450629460262e-07,1.719470945009712e-08
90.0,38.1,5,1.874190413845843e-07,1.5196964942385364e-08
90.0,38.5,5,2.64365062209381e-07,1.3432201095875757e-08
90.0,38.900000000000006,5,3.45667632378034e-07,1.1872502198582188e-08
90.0,39.300000000000004,5,4.30088661256529e-07,1.0493426640857454e-08
90.0,39.7,5,5.152590918210491e-07,9.273700925389364e-09
92.0,0.1,2,6.5738913735377e-08,0.0009627275945064697
92.0,0.5,2,5.503792100769574e-09,0.0009596445934753231
92.0,0.9,2,-2.9535609233935257e-09,0.0009524743785444211
92.0,1.3,2,9.217668368720602e-09,0.0009412730837115448
92.0,1.7000000000000002,2,9.494058753641696e-09,0.0009261284833698242
92.0,2.1,2,5.3943077639944234e-09,0.000907159440718477
92.0,2.5,2,6.907855756397117e-09,0.0008845152127966632
92.0,2.9000000000000004,2,6.108514761694565e-09,0.0008583746708918734
92.0,3.3000000000000003,2,5.146289134192475e-09,0.0008289455189047776
92.0,3.7,2,8.19337568998195e-09,0.0007964636219237679
92.0,4.1000000000000005,2,7.510090051361465e-09,0.0007611925934041286
92.0,4.5,2,5.878221223603154e-09,0.0007234238309619148
92.0,4.9,2,7.740542824514564e-09,0.0006834772329820036
92.0,5.300000000000001,2,6.538333094297812e-09,0.0006417028574564852
92.0,5.7,2,5.434728555449483e-09,0.0005984837689485164
92.0,6.1000000000000005,2,6.8392185370018644e-09,0.0005542401910436786
92.0,6.5,2,7.085354879542617e-09,0.000509434704508486
92.0,6.9,2,8.163446364728956e-09,0.00046457736814649157
92.0,7.300000000000001,2,6.6605991199595e-09,0.0004202279796695136
92.0,7.7,2,5.986194635500486e-09,0.00037699016521015297
92.0,8.1,2,7.845498061459816e-09,0.0003354896747781916
92.0,8.5,2,5.9003851316894715e-09,0.0002963305439890278
92.0,8.9,2,6.971452562889085e-09,0.0002600318882462497
92.0,9.3,2,7.004603603547412e-09,0.00022696322781903886
92.0,9.700000000000001,2,5.6122218278676425e-09,0.0001973046864124636
92.0,10.100000000000001,2,6.633561465917714e-09,0.00017104832747438304
92.0,10.5,2,6.267423200519983e-09,0.00014803521410335562
92.0,10.9,2,6.866616428238142e-09,0.0001280083966380597
92.0,11.3,2,6.3974494024397505e-09,0.00011066296345789289
92.0,11.700000000000001,2,7.422970608849537e-09,9.568348611060732e-05
92.0,12.100000000000001,2,5.699212095432416e-09,8.276752657448996e-05
92.0,12.5,2,6.870298226526237e-09,7.16380130650256e-05
92.0,12.9,2,5.613260272590202e-09,6.204815551819342e-05
92.0,13.3,2,5.782423523792747e-09,5.378194855428566e-05
92.0,13.700000000000001,2,5.8586651865387585e-09,4.665235706492694e-05
92.0,14.100000000000001,2,5.08553449098317e-09,4.0498472725975854e-05
92.0,14.5,2,5.426114572310477e-09,3.518237036457124e-05
92.0,14.9,2,4.645265138097326e-09,3.058604412265089e-05
92.0,15.3,2,4.0896268687359245e-09,2.6608600094253718e-05
92.0,15.700000000000001,2,3.869031623309309e-09,2.3163770089726164e-05
92.0,16.1,2,2.1498310427658764e-09,2.0177752929470335e-05
92.0,16.5,2,2.3988617727217612e-09,1.7587361809881073e-05
92.0,16.900000000000002,2,-2.0642147734125526e-10,1.5338445001586288e-05
92.0,17.3,2,1.1369571959663764e-10,1.3384544522905531e-05
92.0,17.7,2,-3.01424911417024e-09,1.1685759020219168e-05
92.0,18.1,2,-3.102512860879741e-09,1.0207780419825283e-05
92.0,18.5,2,-6.354006421089227e-09,8.921077713406619e-06
92.0,18.900000000000002,2,-7.4115540712447995e-09,7.800204929488253e-06
92.0,19.3,2,-1.0297180020786034e-08,6.823213734897773e-06
92.0,19.700000000000003,2,-1.280634629770223e-08,5.971154160330734e-06
92.0,20.1,2,-1.5067463480366298e-08,5.227649625486848e-06
92.0,20.5,2,-1.8842281683313937e-08,4.578534719026736e-06
92.0,20.900000000000002,2,-2.1090689502330603e-08,4.011546066206026e-06
92.0,21.3,2,-2.4875631766627698e-08,3.516058152986893e-06
92.0,21.700000000000003,2,-2.8421753049625515e-08,3.082857264149546e-06
92.0,22.1,2,-3.104642653856886e-08,2.7039478038574836e-06
92.0,22.5,2,-3.604641658513102e-08,2.3723862106250083e-06
92.0,22.900000000000002,2,-3.843925134155737e-08,2.082138432606493e-06
92.0,23.3,2,-4.30186893559702e-08,1.827957498707077e-06
92.0,23.700000000000003,2,-4.679418662866554e-08,1.6052781713097e-06
92.0,24.1,2,-5.043673327887752e-08,1.4101260883844774e-06
92.0,24.5,2,-5.404270502270621e-08,1.2390392459102748e-06
92.0,24.900000000000002,2,-5.868972002562231e-08,1.0890001028013224e-06
92.0,25.3,2,-6.109689596473505e-08,9.573769295254016e-07
92.0,25.700000000000003,2,-6.514065746976318e-08,8.41873216637686e-07
92.0,26.1,2,-6.966478732997064e-08,7.404840426034928e-07
92.0,26.5,2,-7.167469658980467e-08,6.514583631325422e-07
92.0,26.900000000000002,2,-7.646918649569136e-08,5.732663030173747e-07
92.0,27.3,2,-8.050618744460793e-08,5.04570707755849e-07
92.0,27.700000000000003,2,-8.365537719897795e-08,4.4420238249898614e-07
92.0,28.1,2,-8.786128377722214e-08,3.9113855251747565e-07
92.0,28.5,2,-9.241132167820691e-08,3.444841237534838e-07
92.0,28.900000000000002,2,-9.776989662944674e-08,3.0345535825279406e-07
92.0,29.3,2,-1.0188910567785547e-07,2.673656509034323e-07
92.0,29.700000000000003,2,-1.0713588246186581e-07,2.3561318398740405e-07
92.0,30.1,2,-1.1480179257793303e-07,2.0767028476558277e-07
92.0,30.5,2,-1.207887915953796e-07,1.830742815320827e-07
92.0,30.900000000000002,2,-1.2704543278088832e-07,1.614195823973071e-07
92.0,31.3,2,-1.361184123744148e-07,1.423506764168872e-07
92.0,31.700000000000003,2,-1.4516236337537563e-07,1.255558368940306e-07
92.0,32.1,2,-1.5393514678324182e-07,1.107614601237798e-07
92.0,32.5,2,-1.6341397569842342e-07,9.772709645088959e-08
92.0,32.9,2,-1.7252670471082174e-07,8.624123715475623e-08
92.0,33.300000000000004,2,-1.8216982798492158e-07,7.611781698558698e-08
92.0,33.7,2,-1.9285511471222017e-07,6.719327234204321e-08
92.0,34.1,2,-2.0163068879137134e-07,5.932395785853444e-08
92.0,34.5,2,-2.0728098084150963e-07,5.238378961455256e-08
92.0,34.9,2,-2.118605054738914e-07,4.62620841551319e-08
92.0,35.300000000000004,2,-2.1543258476347412e-07,4.0861615515236376e-08
92.0,35.7,2,-2.154498762922024e-07,3.609689612364486e-08
92.0,36.1,2,-2.106928997294243e-07,3.1892652653465995e-08
92.0,36.5,2,-2.01373969002573e-07,2.8182474326851366e-08
92.0,36.9,2,-1.865307860033937e-07,2.490765859807948e-08
92.0,37.300000000000004,2,-1.645697566609788e-07,2.2016305871852043e-08
92.0,37.7,2,-1.3566312776205958e-07,1.9462666292152357e-08
92.0,38.1,2,-1.0099728009887564e-07,1.7206638269895098e-08
92.0,38.5,2,-6.014688110416059e-08,1.5213250402435252e-08
92.0,38.900000000000006,2,-1.1644377607605705e-08,1.3452003918690348e-08
92.0,39.300000000000004,2,4.469210213562784e-08,1.1896097033529112e-08
92.0,39.7,2,1.0787644213764237e-07,1.0521689144067476e-08
92.0,0.1,5,7.085813618741552e-08,0.0009627276061391281
92.0,0.5,5,8.059736843749155e-09,0.0009596446046017802
92.0,0.9,5,-8.075642483639967e-10,0.000952474388389629
92.0,1.3,5,1.1180339560680328e-08,0.0009412730914050306
92.0,1.7000000000000002,5,1.106922602861639e-08,0.0009261284881811827
92.0,2.1,5,6.38058739476562e-09,0.0009071594423937551
92.0,2.5,5,7.255387413890467e-09,0.0008845152117590913
92.0,2.9000000000000004,5,5.953264678169396e-09,0.0008583746681408405
92.0,3.3000000000000003,5,4.75746395362086e-09,0.0008289455156441707
92.0,3.7,5,7.854310001174598e-09,0.0007964636191247966
92.0,4.1000000000000005,5,7.381802066277472e-09,0.0007611925915334776
92.0,4.5,5,5.922025871121445e-09,0.0007234238299776342
92.0,4.9,5,7.765914089351223e-09,0.0006834772325249637
92.0,5.300000000000001,5,6.374056069568165e-09,0.0006417028570727926
92.0,5.7,5,5.11940074244678e-09,0.0005984837682176731
92.0,6.1000000000000005,5,6.668992201712764e-09,0.0005542401896023046
92.0,6.5,5,7.426942207708672e-09,0.0005094347020474745
92.0,6.9,5,9.13578519967805e-09,0.00046457736445713334
92.0,7.300000000000001,5,7.960077312159164e-09,0.0004202279747410405
92.0,7.7,5,7.071164579916911e-09,0.0003769901593103325
92.0,8.1,5,8.37080766372429e-09,0.00033548966844077334
92.0,8.5,5,5.986072697699572e-09,0.0002963305378880485
92.0,8.9,5,6.997119813978089e-09,0.0002600318830075053
92.0,9.3,5,7.148868049621941e-09,0.0002269632238514192
92.0,9.700000000000001,5,5.708331229112887e-09,0.00019730468382402557
92.0,10.100000000000001,5,6.520310063225218e-09,0.00017104832609291418
92.0,10.5,5,6.092952028206971e-09,0.00014803521357614839
92.0,10.9,5,6.850488625248743e-09,0.00012800839655854543
92.0,11.3,5,6.450634615701456e-09,0.00011066296346736766
92.0,11.700000000000001,5,7.319350923428179e-09,9.568348594920271e-05
92.0,12.100000000000001,5,5.505435856235586e-09,8.276752608921423e-05
92.0,12.5,5,6.784670296973249e-09,7.163801220200859e-05
92.0,12.9,5,5.52160316213227e-09,6.204815432046145e-05
92.0,13.3,5,5.568402312362864e-09,5.3781947163888444e-05
92.0,13.700000000000001,5,5.929465337895103e-09,4.665235570931671e-05
92.0,14.100000000000001,5,5.725201314303768e-09,4.0498471669735676e-05
92.0,14.5,5,5.959908819622211e-09,3.518236982939491e-05
92.0,14.9,5,4.364825184928936e-09,3.0586044205116653e-05
92.0,15.3,5,3.4753480107074467e-09,2.660860072213833e-05
92.0,15.700000000000001,5,3.7045083408491544e-09,2.3163771043395247e-05
92.0,16.1,5,2.337466173683307e-09,2.0177753922703696e-05
92.0,16.5,5,2.597808811836254e-09,1.7587362593850947e-05
92.0,16.900000000000002,5,-6.155092537374215e-11,1.533844544524678e-05
92.0,17.3,5,6.656453099444951e-11,1.3384544638423658e-05
92.0,17.7,5,-3.1397438272686505e-09,1.1685758932488566e-05
92.0,18.1,5,-3.074984852351759e-09,1.0207780305299964e-05
92.0,18.5,5,-6.434143605942317e-09,8.921077741232874e-06
92.0,18.900000000000002,5,-7.551745585343665e-09,7.80020522598312e-06
92.0,19.3,5,-1.0160924355923342e-08,6.823214371850811e-06
92.0,19.700000000000003,5,-1.269925419886252e-08,5.971155153732162e-06
92.0,20.1,5,-1.511435466452632e-08,5.227650932686515e-06
92.0,20.5,5,-1.9025344850053183e-08,4.578536234876527e-06
92.0,20.900000000000002,5,-2.1403173514755705e-08,4.01154763046949e-06
92.0,21.3,5,-2.4602868222080895e-08,3.516059581426446e-06
92.0,21.700000000000003,5,-2.814606738657743e-08,3.0828584019876996e-06
92.0,22.1,5,-3.1628981741489064e-08,2.7039485822019398e-06
92.0,22.5,5,-3.623011633105356e-08,2.372386677551471e-06
92.0,22.900000000000002,5,-3.812545409147918e-08,2.082138738721526e-06
92.0,23.3,5,-4.3143035080000825e-08,1.8279578394027773e-06
92.0,23.700000000000003,5,-4.711852628872714e-08,1.6052787108016353e-06
92.0,24.1,5,-5.053318408978067e-08,1.4101269001520911e-06
92.0,24.5,5,-5.402735659215348e-08,1.239040294467332e-06
92.0,24.900000000000002,5,-5.891891353069706e-08,1.0890012688535706e-06
92.0,25.3,5,-6.119490379358439e-08,9.573780596041512e-07
92.0,25.700000000000003,5,-6.540578110107492e-08,8.418741706719992e-07
92.0,26.1,5,-6.98235113587446e-08,7.404847217116127e-07
92.0,26.5,5,-7.170380958553866e-08,6.514587164702806e-07
92.0,26.900000000000002,5,-7.684319292414647e-08,5.73266324419579e-07
92.0,27.3,5,-8.077270571999332e-08,5.045704329257036e-07
92.0,27.700000000000003,5,-8.366175262786749e-08,4.442018878312934e-07
92.0,28.1,5,-8.817570240497405e-08,3.911379472646583e-07
92.0,28.5,5,-9.294323009795588e-08,3.4448352683220384e-07
92.0,28.900000000000002,5,-9.752004646162687e-08,3.0345486106766955e-07
92.0,29.3,5,-1.0257218987836558e-07,2.673652804294885e-07
92.0,29.700000000000003,5,-1.0733407229155853e-07,2.356128859946068e-07
92.0,30.1,5,-1.1489349799526235e-07,2.076699395810476e-07
92.0,30.5,5,-1.2136585371070765e-07,1.8307374836344987e-07
92.0,30.900000000000002,5,-1.271926896228598e-07,1.614187526275252e-07
92.0,31.3,5,-1.3645285081554142e-07,1.423495118553107e-07
92.0,31.700000000000003,5,-1.4554385269908413e-07,1.2555437776970223e-07
92.0,32.1,5,-1.542477820461487e-07,1.1075980394664039e-07
92.0,32.5,5,-1.6371201743795975e-07,9.772536248648576e-08
92.0,32.9,5,-1.7294824076764695e-07,8.623953429854301e-08
92.0,33.300000000000004,5,-1.824937024530388e-07,7.611622581667611e-08
92.0,33.7,5,-1.9314866763567302e-07,6.7191840534175e-08
92.0,34.1,5,-2.021599697226694e-07,5.932270126219901e-08
92.0,34.5,5,-2.0741116005301026e-07,5.238269225759693e-08
92.0,34.9,5,-2.1247030974618055e-07,4.6261097608530625e-08
92.0,35.300000000000004,5,-2.1558477346098514e-07,4.0860664557298005e-08
92.0,35.7,5,-2.1594789007130275e-07,3.609589725942444e-08
92.0,36.1,5,-2.1097443786915956e-07,3.189154450828577e-08
92.0,36.5,5,-2.0169371561643964e-07,2.8181248635700294e-08
92.0,36.9,5,-1.8692429387080426e-07,2.4906375539905347e-08
92.0,37.300000000000004,5,-1.6471678673910988e-07,2.2015082310100766e-08
92.0,37.7,5,-1.3607802129855516e-07,1.9461638520285322e-08
92.0,38.1,5,-1.0105320222964825e-07,1.720591468332756e-08
92.0,38.5,5,-6.037366854014254e-08,1.5212875540104995e-08
92.0,38.900000000000006,5,-1.1751198669620117e-08,1.3451949545731412e-08
92.0,39.300000000000004,5,4.4819107561562585e-08,1.1896281709507687e-08
92.0,39.7,5,1.0780724144454218e-07,1.052201374617671e-08
94.0,0.1,2,4.0506795830691264e-08,0.0004541461826001092
94.0,0.5,2,6.523262534945293e-09,0.00045269184260969254
94.0,0.9,2,-1.5771337841948397e-09,0.00044930944663640186
94.0,1.3,2,1.6938370724135554e-09,0.000444025474740417
94.0,1.7000000000000002,2,4.927794215967787e-09,0.0004368813327069987
94.0,2.1,2,6.557152039920077e-09,0.0004279330918342994
94.0,2.5,2,4.555504661170862e-09,0.0004172511610544318
94.0,2.9000000000000004,2,1.9672190471796006e-09,0.000404919919123385
94.0,3.3000000000000003,2,4.731797934858689e-09,0.00039103734587059904
94.0,3.7,2,6.045478799722005e-09,0.0003757147054830431
94.0,4.1000000000000005,2,2.3508518436656645e-09,0.0003590763518177468
94.0,4.5,2,3.500398551093189e-09,0.00034125974534433454
94.0,4.9,2,6.952736479469243e-09,0.00032241579122161383
94.0,5.300000000000001,2,5.199927292602808e-09,0.0003027096218165926
94.0,5.7,2,4.246097808784586e-09,0.0002823219396770391
94.0,6.1000000000000005,2,4.565259459818492e-09,0.00026145097634445536
94.0,6.5,2,4.1241749671852916e-09,0.0002403149444743768
94.0,6.9,2,5.306123647079558e-09,0.00021915445350303284
94.0,7.300000000000001,2,4.955198539634992e-09,0.00019823357617502717
94.0,7.7,2,5.486232982652219e-09,0.00017783706039467643
94.0,8.1,2,5.918312100447985e-09,0.00015826009055290759
94.0,8.5,2,4.191789283152524e-09,0.00013978760771872473
94.0,8.9,2,6.2908626859451335e-09,0.00012266449357296085
94.0,9.3,2,5.885716230495745e-09,0.00010706506130667692
94.0,9.700000000000001,2,5.044850276119203e-09,9.307428010635782e-05
94.0,10.100000000000001,2,6.204931069541037e-09,8.068840560745616e-05
94.0,10.5,2,4.746685209933892e-09,6.983246231014914e-05
94.0,10.9,2,5.209349893400284e-09,6.0385239552165416e-05
94.0,11.3,2,5.028432958309131e-09,5.220290199518725e-05
94.0,11.700000000000001,2,5.668928546632418e-09,4.5136653471093714e-05
94.0,12.100000000000001,2,5.030596580685462e-09,3.9043825804150185e-05
94.0,12.5,2,6.10598586938079e-09,3.37937166004075e-05
94.0,12.9,2,5.288204571655897e-09,2.926990790242894e-05
94.0,13.3,2,5.356598039388651e-09,2.5370503487435865e-05
94.0,13.700000000000001,2,5.713793672198853e-09,2.200727310248604e-05
94.0,14.100000000000001,2,4.553726414318252e-09,1.910431128201686e-05
94.0,14.5,2,5.73276966813103e-09,1.659655453816704e-05
94.0,14.9,2,4.475172277796608e-09,1.4428336126629137e-05
94.0,15.3,2,5.2754941617215145e-09,1.255206172716859e-05
94.0,15.700000000000001,2,4.677144111477885e-09,1.0927036535306504e-05
94.0,16.1,2,4.593359431037517e-09,9.518446792518221e-06
94.0,16.5,2,4.523354979267361e-09,8.296485673902025e-06
94.0,16.900000000000002,2,3.7606299839776415e-09,7.235608168875353e-06
94.0,17.3,2,3.8015355700496974e-09,6.313898355283929e-06
94.0,17.7,2,2.6247845696050556e-09,5.512533153778358e-06
94.0,18.1,2,2.5626311332859383e-09,4.815328127235655e-06
94.0,18.5,2,1.0141074532081697e-09,4.208352624127128e-06
94.0,18.900000000000002,2,8.044176567015584e-10,3.6796033355448885e-06
94.0,19.3,2,-1.1060249241124362e-09,3.2187270382785974e-06
94.0,19.700000000000003,2,-1.6607265893834473e-09,2.8167848393317075e-06
94.0,20.1,2,-3.6516335741920352e-09,2.4660515352568005e-06
94.0,20.5,2,-5.096523805569629e-09,2.159844720861881e-06
94.0,20.900000000000002,2,-6.662466494835294e-09,1.892379074107443e-06
94.0,21.3,2,-9.513914268813924e-09,1.6586419038063152e-06
94.0,21.700000000000003,2,-1.06069894778966e-08,1.4542866509886129e-06
94.0,22.1,2,-1.4439949370365938e-08,1.275541595741771e-06
94.0,22.5,2,-1.6121277242385716e-08,1.1191315019582522e-06
94.0,22.900000000000002,2,-1.9446633651642243e-08,9.82210302603468e-07
94.0,23.3,2,-2.2867750896021236e-08,8.623032056791166e-07
94.0,23.700000000000003,2,-2.511820307102247e-08,7.572568378754478e-07
94.0,24.1,2,-2.9356200959378546e-08,6.65196274805323e-07
94.0,24.5,2,-3.218452007487209e-08,5.844880196302801e-07
94.0,24.900000000000002,2,-3.556594199271439e-08,5.13708141632809e-07
94.0,25.3,2,-3.935776099356049e-08,4.51614854477521e-07
94.0,25.700000000000003,2,-4.3271009961021966e-08,3.9712484002734204e-07
94.0,26.1,2,-4.583915124122734e-08,3.492926813715934e-07
94.0,26.5,2,-5.0803737875451566e-08,3.072928993838908e-07
94.0,26.900000000000002,2,-5.377447623924432e-08,2.704042597266592e-07
94.0,27.3,2,-5.64174164395803e-08,2.379961494818286e-07
94.0,27.700000000000003,2,-6.136581729000164e-08,2.095168548704214e-07
94.0,28.1,2,-6.396349467992574e-08,1.8448351881546548e-07
94.0,28.5,2,-6.722406638733301e-08,1.6247349644985057e-07
94.0,28.900000000000002,2,-7.118837647506508e-08,1.431168301648022e-07
94.0,29.3,2,-7.47703795214709e-08,1.2608963831948002e-07
94.0,29.700000000000003,2,-7.830074210593113e-08,1.1110829808008731e-07
94.0,30.1,2,-8.145437697027781e-08,9.792434463918162e-08
94.0,30.5,2,-8.671496852281913e-08,8.632000202943416e-08
94.0,30.900000000000002,2,-9.170597916967857e-08,7.610425164855132e-08
94.0,31.3,2,-9.487621814904154e-08,6.710937444546606e-08
94.0,31.700000000000003,2,-1.0053199760722633e-07,5.918795868158544e-08
94.0,32.1,2,-1.0759280723438624e-07,5.221038940088801e-08
94.0,32.5,2,-1.1333953531832463e-07,4.606278776459671e-08
94.0,32.9,2,-1.1986539323340005e-07,4.06452773010192e-08
94.0,33.300000000000004,2,-1.2762477551327387e-07,3.587040200713705e-08
94.0,33.7,2,-1.3587541558912906e-07,3.166157025841827e-08
94.0,34.1,2,-1.4532299515359428e-07,2.7951527731414958e-08
94.0,34.5,2,-1.5459834058775932e-07,2.4680977163711372e-08
94.0,34.9,2,-1.6252180755987215e-07,2.179747434159594e-08
94.0,35.300000000000004,2,-1.7132405012650795e-07,1.9254633366274154e-08
94.0,35.7,2,-1.8163727353960468e-07,1.701155215480173e-08
94.0,36.1,2,-1.9051617057231138e-07,1.5032317193058552e-08
94.0,36.5,2,-1.9662606753953196e-07,1.328549225202369e-08
94.0,36.9,2,-2.0113978055799133e-07,1.17435825314559e-08
94.0,37.300000000000004,2,-2.038474777942109e-07,1.038251452862775e-08
94.0,37.7,2,-2.0315413661850606e-07,9.181157393282084e-09
94.0,38.1,2,-1.985877574361471e-07,8.12087761768361e-09
94.0,38.5,2,-1.9033345125628867e-07,7.185122939980814e-09
94.0,38.900000000000006,2,-1.774331407268935e-07,6.359076726735672e-09
94.0,39.300000000000004,2,-1.5789356305451501e-07,5.629453253371606e-09
94.0,39.7,2,-1.305614143452753e-07,4.984460836236171e-09
94.0,0.1,5,4.279389224944581e-08,0.0004541461729350564
94.0,0.5,5,6.067364654102462e-09,0.0004526918335859997
94.0,0.9,5,-3.7035305768303118e-09,0.00044930943915221075
94.0,1.3,5,-1.281021061167812e-09,0.0004440254697027571
94.0,1.7000000000000002,5,1.764924938865721e-09,0.0004368813308408294
94.0,2.1,5,3.7282312524187725e-09,0.0004279330934069436
94.0,2.5,5,2.415538841362797e-09,0.0004172511656744149
94.0,2.9000000000000004,5,6.667349866261244e-10,0.0004049199257590748
94.0,3.3000000000000003,5,4.203388591655278e-09,0.00039103735312404563
94.0,3.7,5,6.046328840516185e-09,0.00037571471201624065
94.0,4.1000000000000005,5,2.5724325617115465e-09,0.0003590763567470193
94.0,4.5,5,3.714660617265325e-09,0.00034125974843929536
94.0,4.9,5,7.12091663523586e-09,0.00032241579284946533
94.0,5.300000000000001,5,5.4624547530982585e-09,0.0003027096226948676
94.0,5.7,5,4.77026482852215e-09,0.000282321940570406
94.0,6.1000000000000005,5,5.33708567012911e-09,0.00026145097783376663
94.0,6.5,5,4.854309136520432e-09,0.00024031494685849077
94.0,6.9,5,5.576070318660926e-09,0.00021915445681516143
94.0,7.300000000000001,5,4.538528892039892e-09,0.00019823358025096297
94.0,7.7,5,4.577337106415439e-09,0.00017783706493592282
94.0,8.1,5,5.01446102532526e-09,0.00015826009516643785
94.0,8.5,5,3.6809030510948527e-09,0.00013978761195309044
94.0,8.9,5,6.1405864641710174e-09,0.0001226644969811185
94.0,9.3,5,5.783490221596673e-09,0.00010706506354419387
94.0,9.700000000000001,5,4.829993712092485e-09,9.307428103661498e-05
94.0,10.100000000000001,5,6.037314150327387e-09,8.068840536135726e-05
94.0,10.5,5,4.791728922959017e-09,6.98324612581223e-05
94.0,10.9,5,5.3357681128606024e-09,6.0385238188307516e-05
94.0,11.3,5,5.020177764936718e-09,5.2202900780401434e-05
94.0,11.700000000000001,5,5.599561815566402e-09,4.513665270298719e-05
94.0,12.100000000000001,5,5.120207444809369e-09,3.904382556383811e-05
94.0,12.5,5,6.307355892523824e-09,3.379371678339029e-05
94.0,12.9,5,5.422484713594724e-09,2.926990830030109e-05
94.0,13.3,5,5.534065929430272e-09,2.5370503872606683e-05
94.0,13.700000000000001,5,6.036732200333988e-09,2.2007273283342907e-05
94.0,14.100000000000001,5,4.594194459326678e-09,1.9104311125415818e-05
94.0,14.5,5,5.155769578313639e-09,1.6596553977233608e-05
94.0,14.9,5,3.909594162315669e-09,1.4428335171402858e-05
94.0,15.3,5,5.474852898223705e-09,1.2552060478051855e-05
94.0,15.700000000000001,5,5.2636218433064225e-09,1.092703518182468e-05
94.0,16.1,5,4.805795174457611e-09,9.51844557860084e-06
94.0,16.5,5,4.40028531562216e-09,8.296484828753718e-06
94.0,16.900000000000002,5,3.6067442037720755e-09,7.235607827395881e-06
94.0,17.3,5,3.6667579873154517e-09,6.313898505677862e-06
94.0,17.7,5,2.644054073994818e-09,5.512533641079773e-06
94.0,18.1,5,2.666894035021532e-09,4.815328714092224e-06
94.0,18.5,5,9.815576085502431e-10,4.208353081082216e-06
94.0,18.900000000000002,5,8.663327587753698e-10,3.6796035196027055e-06
94.0,19.3,5,-9.691419370821049e-10,3.2187269279555164e-06
94.0,19.700000000000003,5,-1.8058461117069994e-09,2.816784519711644e-06
94.0,20.1,5,-3.81566703275546e-09,2.4660511513433015e-06
94.0,20.5,5,-5.09707391984587e-09,2.159844427283289e-06
94.0,20.900000000000002,5,-6.540450650009557e-09,1.8923790011668024e-06
94.0,21.3,5,-9.276836372800523e-09,1.658642142635612e-06
94.0,21.700000000000003,5,-1.0910943471767875e-08,1.4542872473868882e-06
94.0,22.1,5,-1.4828676956038852e-08,1.2755425422073637e-06
94.0,22.5,5,-1.5678919725525973e-08,1.1191327283129147e-06
94.0,22.900000000000002,5,-1.933984034300537e-08,9.822116768646801e-07
94.0,23.3,5,-2.332601232513306e-08,8.623045582314708e-07
94.0,23.700000000000003,5,-2.5150062772774628e-08,7.572580100596548e-07
94.0,24.1,5,-2.9208624170028053e-08,6.65197175630843e-07
94.0,24.5,5,-3.226991418157746e-08,5.844886637496376e-07
94.0,24.900000000000002,5,-3.5788605926767706e-08,5.137086466719052e-07
94.0,25.3,5,-3.937390918264598e-08,4.5161539542642777e-07
94.0,25.700000000000003,5,-4.339754545767508e-08,3.9712558054079297e-07
94.0,26.1,5,-4.589024889737643e-08,3.4929371360366937e-07
94.0,26.5,5,-5.090063193484273e-08,3.072942179022756e-07
94.0,26.900000000000002,5,-5.4091672844001026e-08,2.704057755309581e-07
94.0,27.3,5,-5.638026428163317e-08,2.3799772996647815e-07
94.0,27.700000000000003,5,-6.148035334281087e-08,2.0951836641170893e-07
94.0,28.1,5,-6.43127661764264e-08,1.8448485469256108e-07
94.0,28.5,5,-6.737451217549658e-08,1.6247458707287277e-07
94.0,28.900000000000002,5,-7.107276533091463e-08,1.431176441852405e-07
94.0,29.3,5,-7.544439577314617e-08,1.26090184044655e-07
94.0,29.700000000000003,5,-7.819756256022317e-08,1.1110862640484649e-07
94.0,30.1,5,-8.16470272805073e-08,9.792454539091365e-08
94.0,30.5,5,-8.723616543057783e-08,8.632018467589215e-08
94.0,30.900000000000002,5,-9.164547131901128e-08,7.610450999247617e-08
94.0,31.3,5,-9.527337519872698e-08,6.710974803989431e-08
94.0,31.700000000000003,5,-1.008357231482035e-07,5.9188410205661716e-08
94.0,32.1,5,-1.0774689916321425e-07,5.221081230609863e-08
94.0,32.5,5,-1.13721398604354e-07,4.6063043238950487e-08
94.0,32.9,5,-1.2011326464300774e-07,4.0645244304845116e-08
94.0,33.300000000000004,5,-1.2795650838331097e-07,3.5870017620901804e-08
94.0,33.7,5,-1.3610474015722895e-07,3.1660844023098474e-08
94.0,34.1,5,-1.457946046812275e-07,2.7950528304757718e-08
94.0,34.5,5,-1.5471219580720608e-07,2.467980282050791e-08
94.0,34.9,5,-1.6304806727915146e-07,2.1796223676458717e-08
94.0,35.300000000000004,5,-1.7154171495384686e-07,1.9253386807902392e-08
94.0,35.7,5,-1.819638911306316e-07,1.7010365022337293e-08
94.0,36.1,5,-1.9100679377946664e-07,1.503121778056173e-08
94.0,36.5,5,-1.9671217086821838e-07,1.3284478823781647e-08
94.0,36.9,5,-2.0180333017013065e-07,1.1742619633224906e-08
94.0,37.300000000000004,5,-2.0385607008022753e-07,1.0381535308224934e-08
94.0,37.7,5,-2.0380602690453495e-07,9.180079215007598e-09
94.0,38.1,5,-1.9863123186415648e-07,8.11963119643302e-09
94.0,38.5,5,-1.909001489422435e-07,7.18368507188356e-09
94.0,38.900000000000006,5,-1.775166537660912e-07,6.357490581323949e-09
94.0,39.300000000000004,5,-1.583104278342424e-07,5.6278233813000925e-09
94.0,39.7,5,-1.307539873856426e-07,4.982921849851313e-09
96.0,0.1,2,-6.219581511635848e-08,-0.0003467330573152789
96.0,0.5,2,3.0576533135703007e-10,-0.000345622692995421
96.0,0.9,2,1.3305222430052814e-08,-0.00034304029009617866
96.0,1.3,2,2.0857692007623264e-09,-0.0003390060656883532
96.0,1.7000000000000002,2,-1.9908182914440336e-09,-0.0003335516323651481
96.0,2.1,2,2.5204573148285283e-09,-0.0003267197995786705
96.0,2.5,2,2.844654286084994e-09,-0.00031856432333022844
96.0,2.9000000000000004,2,1.806235617191758e-09,-0.00030914962537687154
96.0,3.3000000000000003,2,3.90637033480569e-09,-0.00029855051170358957
96.0,3.7,2,3.0818479224783054e-09,-0.00028685193069765774
96.0,4.1000000000000005,2,1.1228632809717498e-09,-0.000274148824475832
96.0,4.5,2,2.875768274949283e-09,-0.0002605461417976986
96.0,4.9,2,2.7341319978516992e-09,-0.0002461590961871754
96.0,5.300000000000001,2,1.6525214658228514e-09,-0.00023111376340215212
96.0,5.7,2,4.224101023776506e-09,-0.00021554810680250058
96.0,6.1000000000000005,2,4.411738384687303e-09,-0.00019961347288070295
96.0,6.5,2,2.6442577224156097e-09,-0.00018347646339843713
96.0,6.9,2,3.03799573175077e-09,-0.0001673207796809634
96.0,7.300000000000001,2,2.9980681463681676e-09,-0.0001513480368769595
96.0,7.7,2,3.917119595004655e-09,-0.00013577563525565654
96.0,8.1,2,3.7740491828465476e-09,-0.00012082894316124785
96.0,8.5,2,2.900091903701829e-09,-0.00010672550833058075
96.0,8.9,2,4.574906511154989e-09,-9.365229383179503e-05
96.0,9.3,2,3.3811977249530467e-09,-8.174238489865584e-05
96.0,9.700000000000001,2,3.956102566896502e-09,-7.10606541682133e-05
96.0,10.100000000000001,2,5.47902506199235e-09,-6.160424301109266e-05
96.0,10.5,2,4.026172690544063e-09,-5.331590898911344e-05
96.0,10.9,2,5.064693479160779e-09,-4.6103109773832645e-05
96.0,11.3,2,4.487502737437996e-09,-3.985602934366262e-05
96.0,11.700000000000001,2,4.397652855714421e-09,-3.446106412978574e-05
96.0,12.100000000000001,2,4.248016244444024e-09,-2.980928928543488e-05
96.0,12.5,2,4.778001413364551e-09,-2.5800915810514067e-05
96.0,12.9,2,4.448432532694473e-09,-2.234706074553562e-05
96.0,13.3,2,4.710018959506213e-09,-1.9369928201481707e-05
96.0,13.700000000000001,2,5.253031121485707e-09,-1.6802155886906573e-05
96.0,14.100000000000001,2,4.130446132225896e-09,-1.458579114363043e-05
96.0,14.5,2,5.583145967651849e-09,-1.2671158952092278e-05
96.0,14.9,2,3.922819859263828e-09,-1.1015758627763616e-05
96.0,15.3,2,5.198717832505994e-09,-9.583252750383161e-06
96.0,15.700000000000001,2,4.148382193270124e-09,-8.342571608139401e-06
96.0,16.1,2,4.706856648183416e-09,-7.267135541926961e-06
96.0,16.5,2,4.329393695802812e-09,-6.334187563281982e-06
96.0,16.900000000000002,2,4.498435260430896e-09,-5.5242245131868265e-06
96.0,17.3,2,4.213519087494739e-09,-4.820514021349723e-06
96.0,17.7,2,4.4426985627268375e-09,-4.208685060099416e-06
96.0,18.1,2,3.852782732668366e-09,-3.6763810905699912e-06
96.0,18.5,2,4.194680419853146e-09,-3.2129661858043565e-06
96.0,18.900000000000002,2,3.340575310145455e-09,-2.809275849358503e-06
96.0,19.3,2,3.4722355652125333e-09,-2.4574054599006526e-06
96.0,19.700000000000003,2,2.627780521859496e-09,-2.1505303738215673e-06
96.0,20.1,2,2.160564613486467e-09,-1.8827527204884884e-06
96.0,20.5,2,1.4721875442949658e-09,-1.6489707995554171e-06
96.0,20.900000000000002,2,3.479229663850351e-10,-1.4447676893595233e-06
96.0,21.3,2,-4.886873101517867e-10,-1.2663161877669422e-06
96.0,21.700000000000003,2,-1.7529695313750535e-09,-1.110297582956219e-06
96.0,22.1,2,-3.465113277253485e-09,-9.738320791918819e-07
96.0,22.5,2,-4.163029939113589e-09,-8.544190428357967e-07
96.0,22.900000000000002,2,-7.1573992417621975e-09,-7.498855819084329e-07
96.0,23.3,2,-7.511776009368253e-09,-6.583422738405171e-07
96.0,23.700000000000003,2,-1.0957760600753253e-08,-5.781450648765024e-07
96.0,24.1,2,-1.2463449799636631e-08,-5.078624874016987e-07
96.0,24.5,2,-1.505534822148628e-08,-4.4624742977774566e-07
96.0,24.900000000000002,2,-1.831449922260824e-08,-3.922127931580001e-07
96.0,25.3,2,-2.057759421878803e-08,-3.4481048339698304e-07
96.0,25.700000000000003,2,-2.377591576106197e-08,-3.0321327907498826e-07
96.0,26.1,2,-2.7101110067528157e-08,-2.666991639996241e-07
96.0,26.5,2,-2.985555144809557e-08,-2.3463773333686447e-07
96.0,26.900000000000002,2,-3.2779680822814955e-08,-2.0647832497895975e-07
96.0,27.3,2,-3.725287200987566e-08,-1.8173961980976319e-07
96.0,27.700000000000003,2,-3.920743468981907e-08,-1.6000056750747917e-07
96.0,28.1,2,-4.318924365456371e-08,-1.4089256408827994e-07
96.0,28.5,2,-4.723240527082233e-08,-1.2409279067136075e-07
96.0,28.900000000000002,2,-4.9217441285304706e-08,-1.0931854568470453e-07
96.0,29.3,2,-5.324711107556292e-08,-9.632234115582618e-08
96.0,29.700000000000003,2,-5.684677257265735e-08,-8.488755140809e-08
96.0,30.1,2,-5.99348972163205e-08,-7.482449579758313e-08
96.0,30.5,2,-6.291681140347646e-08,-6.59669387424366e-08
96.0,30.900000000000002,2,-6.617452904120424e-08,-5.816903267175298e-08
96.0,31.3,2,-7.04826053652518e-08,-5.1302700915163873e-08
96.0,31.700000000000003,2,-7.314370143512274e-08,-4.525540663496025e-08
96.0,32.1,2,-7.625194144151611e-08,-3.992823656929997e-08
96.0,32.5,2,-8.17326453068081e-08,-3.523425278873549e-08
96.0,32.9,2,-8.581715730235918e-08,-3.109709137644831e-08
96.0,33.300000000000004,2,-8.927652068135255e-08,-2.7449773560083915e-08
96.0,33.7,2,-9.47858740146242e-08,-2.4233651723381038e-08
96.0,34.1,2,-1.007303064983328e-07,-2.1397394987922584e-08
96.0,34.5,2,-1.0681156819847218e-07,-1.889596942508974e-08
96.0,34.9,2,-1.1373946660567453e-07,-1.6689665016031328e-08
96.0,35.300000000000004,2,-1.203671676325601e-07,-1.4743288415505667e-08
96.0,35.7,2,-1.275445099955635e-07,-1.3025611961727824e-08
96.0,36.1,2,-1.369331768374437e-07,-1.1509056465094279e-08
96.0,36.5,2,-1.4659082616373027e-07,-1.0169474088974998e-08
96.0,36.9,2,-1.5451029500233213e-07,-8.985876879653513e-09
96.0,37.300000000000004,2,-1.6229498513902363e-07,-7.940041013796192e-09
96.0,37.7,2,-1.7123504478208165e-07,-7.016035666909462e-09
96.0,38.1,2,-1.7967465137422615e-07,-6.199786248771343e-09
96.0,38.5,2,-1.8629434656243366e-07,-5.478750904594872e-09
96.0,38.900000000000006,2,-1.9147101899058748e-07,-4.84171347441015e-09
96.0,39.300000000000004,2,-1.9454281453620813e-07,-4.2786498452535846e-09
96.0,39.7,2,-1.937013470786335e-07,-3.780636375753141e-09
96.0,0.1,5,-6.65167894658952e-08,-0.00034673303485957465
96.0,0.5,5,-3.9143948687083333e-10,-0.00034562267193733733
96.0,0.9,5,1.4336890983227123e-08,-0.00034304027201097063
96.0,1.3,5,4.056984709774551e-09,-0.0003390060515622529
96.0,1.7000000000000002,5,4.6126274142179585e-10,-0.0003335516224919676
96.0,2.1,5,5.085533966806368e-09,-0.0003267197936262642
96.0,2.5,5,5.1893450955031825e-09,-0.0003185643204940514
96.0,2.9000000000000004,5,3.651101090093303e-09,-0.000309149624548565
96.0,3.3000000000000003,5,5.082755969103072e-09,-0.00029855051164012184
96.0,3.7,5,3.5852644698341717e-09,-0.0002868519302172331
96.0,4.1000000000000005,5,1.1176558301165354e-09,-0.000274148822687452
96.0,4.5,5,2.622377528316337e-09,-0.00026054613830941227
96.0,4.9,5,2.4541672261050955e-09,-0.0002461590911950689
96.0,5.300000000000001,5,1.4014872679461783e-09,-0.00023111375758909738
96.0,5.7,5,3.866830451907501e-09,-0.00021554810106693244
96.0,6.1000000000000005,5,3.750602530589999e-09,-0.00019961346801021217
96.0,6.5,5,1.6369026266577428e-09,-0.00018347645983267356
96.0,6.9,5,1.934305206905632e-09,-0.0001673207774517674
96.0,7.300000000000001,5,2.2396168975935922e-09,-0.0001513480357112999
96.0,7.7,5,3.82326529988198e-09,-0.00013577563474876557
96.0,8.1,5,4.266400645330403e-09,-0.00012082894291918196
96.0,8.5,5,3.5514915007349956e-09,-0.00010672550803495558
96.0,8.9,5,4.987736967928303e-09,-9.365229324531279e-05
96.0,9.3,5,3.5264708568991044e-09,-8.17423838610437e-05
96.0,9.700000000000001,5,4.09148793957272e-09,-7.106065261636447e-05
96.0,10.100000000000001,5,5.748083630598349e-09,-6.160424101739682e-05
96.0,10.5,5,4.272718577777059e-09,-5.331590678111852e-05
96.0,10.9,5,5.116124648570612e-09,-4.61031076980389e-05
96.0,11.3,5,4.455571352140816e-09,-3.985602776645064e-05
96.0,11.700000000000001,5,4.491677258407317e-09,-3.4461063309560516e-05
96.0,12.100000000000001,5,4.4068430261261404e-09,-2.9809289274557113e-05
96.0,12.5,5,4.785663366518106e-09,-2.5800916436304194e-05
96.0,12.9,5,4.3304964536833865e-09,-2.2347061680836763e-05
96.0,13.3,5,4.6201219349859e-09,-1.9369929090183783e-05
96.0,13.700000000000001,5,5.075306137397141e-09,-1.6802156465195346e-05
96.0,14.100000000000001,5,3.768127649279549e-09,-1.4585791306641003e-05
96.0,14.5,5,5.482184876010053e-09,-1.2671158749955087e-05
96.0,14.9,5,4.473448409642243e-09,-1.1015758211785068e-05
96.0,15.3,5,5.8284940352875436e-09,-9.583252307565885e-06
96.0,15.700000000000001,5,4.071071287299172e-09,-8.342571313660579e-06
96.0,16.1,5,4.201043953993936e-09,-7.267135535699226e-06
96.0,16.5,5,4.123570184166582e-09,-6.334187937553252e-06
96.0,16.900000000000002,5,4.601657110961381e-09,-5.524225296504252e-06
96.0,17.3,5,4.3541371860081344e-09,-4.82051515859089e-06
96.0,17.7,5,4.587107503380234e-09,-4.208686404644598e-06
96.0,18.1,5,3.8737556369749075e-09,-3.6763824277250356e-06
96.0,18.5,5,4.122278812778258e-09,-3.21296729171629e-06
96.0,18.900000000000002,5,3.382433558408107e-09,-2.809276566545881e-06
96.0,19.3,5,3.4225363824540745e-09,-2.457405755314684e-06
96.0,19.700000000000003,5,2.4793736644484124e-09,-2.1505303496799894e-06
96.0,20.1,5,2.282989680116698e-09,-1.8827525708936728e-06
96.0,20.5,5,1.647080553513787e-09,-1.6489707334396879e-06
96.0,20.900000000000002,5,3.4146951279146294e-10,-1.4447678557528953e-06
96.0,21.3,5,-6.252965906998962e-10,-1.2663166345227138e-06
96.0,21.700000000000003,5,-2.004157914855725e-09,-1.110298259407033e-06
96.0,22.1,5,-3.236078755425506e-09,-9.738328702752113e-07
96.0,22.5,5,-3.8003010722819736e-09,-8.544198110385016e-07
96.0,22.900000000000002,5,-7.609351046970771e-09,-7.498861983982621e-07
96.0,23.3,5,-7.72007601049107e-09,-6.583426346159895e-07
96.0,23.700000000000003,5,-1.05652483262038e-08,-5.78145100122472e-07
96.0,24.1,5,-1.2504973735097503e-08,-5.078621732872123e-07
96.0,24.5,5,-1.5299172979628446e-08,-4.4624680255018475e-07
96.0,24.900000000000002,5,-1.8339258584886172e-08,-3.9221195444812663e-07
96.0,25.3,5,-2.0488411741667405e-08,-3.4480958306414125e-07
96.0,25.700000000000003,5,-2.3881084475581767e-08,-3.0321247222350356e-07
96.0,26.1,5,-2.716005869803031e-08,-2.666985553874866e-07
96.0,26.5,5,-2.994392589503712e-08,-2.3463733434155328e-07
96.0,26.900000000000002,5,-3.290711483726064e-08,-2.064780460699782e-07
96.0,27.3,5,-3.714004865136226e-08,-1.8173930475422905e-07
96.0,27.700000000000003,5,-3.9467964042026454e-08,-1.6000005426990757e-07
96.0,28.1,5,-4.3338496556341656e-08,-1.4089174399811698e-07
96.0,28.5,5,-4.716911524336495e-08,-1.2409164035636155e-07
96.0,28.900000000000002,5,-4.935104729890643e-08,-1.0931712257688488e-07
96.0,29.3,5,-5.366675036029048e-08,-9.632075260648617e-08
96.0,29.700000000000003,5,-5.659090685362287e-08,-8.488591750891048e-08
96.0,30.1,5,-6.028127209929267e-08,-7.482292257146102e-08
96.0,30.5,5,-6.324000704101888e-08,-6.596550586893439e-08
96.0,30.900000000000002,5,-6.597539076864968e-08,-5.8167789143051004e-08
96.0,31.3,5,-7.100533499532131e-08,-5.130166007062057e-08
96.0,31.700000000000003,5,-7.321453387296565e-08,-4.52545395514781e-08
96.0,32.1,5,-7.63895709789473e-08,-3.9927471403578515e-08
96.0,32.5,5,-8.210301185565985e-08,-3.5233489894213055e-08
96.0,32.9,5,-8.592342430966496e-08,-3.1096235842060806e-08
96.0,33.300000000000004,5,-8.958897285135234e-08,-2.7448774560981888e-08
96.0,33.7,5,-9.496471131040359e-08,-2.4232529831248414e-08
96.0,34.1,5,-1.011158879818046e-07,-2.1396242114372003e-08
96.0,34.5,5,-1.0687732153790343e-07,-1.8894919200049987e-08
96.0,34.9,5,-1.1425035377562691e-07,-1.6688846865369876e-08
96.0,35.300000000000004,5,-1.204581907334708e-07,-1.4742786428231502e-08
96.0,35.7,5,-1.2790768202019403e-07,-1.3025445412152356e-08
96.0,36.1,5,-1.3732738794021917e-07,-1.1509186283721771e-08
96.0,36.5,5,-1.46626539804483e-07,-1.0169826298857601e-08
96.0,36.9,5,-1.5522772503364598e-07,-8.98636864565211e-09
96.0,37.300000000000004,5,-1.621278490814949e-07,-7.940598671750797e-09
96.0,37.7,5,-1.7204663341548708e-07,-7.016603110090083e-09
96.0,38.1,5,-1.795582117062205e-07,-6.200329094816736e-09
96.0,38.5,5,-1.8697573445158504e-07,-5.479261969507578e-09
96.0,38.900000000000006,5,-1.9153200623626988e-07,-4.84221937384502e-09
96.0,39.300000000000004,5,-1.9506246193473533e-07,-4.279212048134075e-09
96.0,39.7,5,-1.9386867896301664e-07,-3.7813389115078746e-09
98.0,0.1,2,-4.0878894343762575e-08,-0.0009244477855063498
98.0,0.5,2,-2.0888968713404226e-10,-0.0009214873698343179
98.0,0.9,2,7.596969867580931e-09,-0.0009146022548688132
98.0,1.3,2,1.084196619440699e-09,-0.000903846342718427
98.0,1.7000000000000002,2,-5.495471247108893e-10,-0.0008893039178633873
98.0,2.1,2,1.2910739780457016e-09,-0.0008710891174683065
98.0,2.5,2,1.1803165276193847e-09,-0.0008493452639938788
98.0,2.9000000000000004,2,1.2590243034659974e-09,-0.000824244116550374
98.0,3.3000000000000003,2,9.810637686439474e-10,-0.0007959851203258503
98.0,3.7,2,8.890410408197982e-11,-0.0007647947618922665
98.0,4.1000000000000005,2,2.3678272050096213e-09,-0.000730926172863281
98.0,4.5,2,3.750377784078838e-09,-0.0006946591643182481
98.0,4.9,2,3.036498177728096e-10,-0.0006563009149291859
98.0,5.300000000000001,2,-3.3450245158802505e-10,-0.0006161875638138289
98.0,5.7,2,2.341456366247349e-09,-0.0005746869442611061
98.0,6.1000000000000005,2,1.8377644643867235e-09,-0.0005322025710555608
98.0,6.5,2,1.741685174981191e-09,-0.0004891786319595481
98.0,6.9,2,2.795210853873044e-09,-0.0004461049049799981
98.0,7.300000000000001,2,1.973400534393201e-09,-0.00040351892935373113
98.0,7.7,2,2.2430937030150257e-09,-0.0003620003300481707
98.0,8.1,2,2.277164452930873e-09,-0.0003221499761728817
98.0,8.5,2,2.5172144983108393e-09,-0.00028454788572713314
98.0,8.9,2,3.316026246804614e-09,-0.00024969253291537235
98.0,9.3,2,1.6149396712692108e-09,-0.00021793874484325122
98.0,9.700000000000001,2,2.5917219588277013e-09,-0.00018945948278233907
98.0,10.100000000000001,2,3.0217210972798585e-09,-0.0001642471255065042
98.0,10.5,2,1.9769621589900934e-09,-0.00014214905574784275
98.0,10.9,2,3.970430156087784e-09,-0.0001229185409023393
98.0,11.3,2,3.3310233077462348e-09,-0.00010626279359920863
98.0,11.700000000000001,2,3.5642698847670307e-09,-9.18789277661744e-05
98.0,12.100000000000001,2,3.84925654412527e-09,-7.947653105433071e-05
98.0,12.5,2,3.6441249746181874e-09,-6.878954850549033e-05
98.0,12.9,2,3.593528320763832e-09,-5.958100263449151e-05
98.0,13.3,2,3.7251086030760375e-09,-5.1643476510769665e-05
98.0,13.700000000000001,2,4.171331936893399e-09,-4.47973716217663e-05
98.0,14.100000000000001,2,3.4504582129786705e-09,-3.888817754684341e-05
98.0,14.5,2,4.971573716433146e-09,-3.37834533552208e-05
98.0,14.9,2,3.5128446489449992e-09,-2.936988555254493e-05
98.0,15.3,2,5.026855597211745e-09,-2.5550592240402076e-05
98.0,15.700000000000001,2,3.982032711080625e-09,-2.224273560796979e-05
98.0,16.1,2,4.617086870804693e-09,-1.93754489592756e-05
98.0,16.5,2,4.3027534809091816e-09,-1.6888057724500274e-05
98.0,16.900000000000002,2,4.376482241160618e-09,-1.4728563036480596e-05
98.0,17.3,2,4.193719487267396e-09,-1.28523538879772e-05
98.0,17.7,2,4.443604484607654e-09,-1.1221115369339153e-05
98.0,18.1,2,3.800169869518577e-09,-9.801903684471106e-06
98.0,18.5,2,4.578962566073851e-09,-8.566362332561885e-06
98.0,18.900000000000002,2,3.3576789550980626e-09,-7.49005744966307e-06
98.0,19.3,2,4.522771920643937e-09,-6.551913606888526e-06
98.0,19.700000000000003,2,2.9954669655596388e-09,-5.733734293779055e-06
98.0,20.1,2,4.130583015415486e-09,-5.019793853243394e-06
98.0,20.5,2,2.7354969099767202e-09,-4.396489771473032e-06
98.0,20.900000000000002,2,3.3604532587345207e-09,-3.8520459892067645e-06
98.0,21.3,2,2.4755122290116007e-09,-3.376259361805558e-06
98.0,21.700000000000003,2,2.2639063627677097e-09,-2.960282644010622e-06
98.0,22.1,2,1.8828499608664467e-09,-2.5964384701206643e-06
98.0,22.5,2,9.75916366109753e-10,-2.278059743644363e-06
98.0,22.900000000000002,2,4.273637168676498e-10,-1.999352612423094e-06
98.0,23.3,2,-4.3740205095794545e-10,-1.7552787761066402e-06
98.0,23.700000000000003,2,-2.1272385683632546e-09,-1.541454298398536e-06
98.0,24.1,2,-2.2985236692239318e-09,-1.354062458243043e-06
98.0,24.5,2,-5.166770427713163e-09,-1.1897785357714615e-06
98.0,24.900000000000002,2,-5.298933908262322e-09,-1.0457047940407773e-06
98.0,25.3,2,-7.968003968892123e-09,-9.193142411470342e-07
98.0,25.700000000000003,2,-9.551862248615286e-09,-8.084019947770802e-07
98.0,26.1,2,-1.1404207711399162e-08,-7.110432245885781e-07
98.0,26.5,2,-1.4079153966500247e-08,-6.255567608646442e-07
98.0,26.900000000000002,2,-1.6687748349968804e-08,-5.50473575293224e-07
98.0,27.3,2,-1.8858916748069823e-08,-4.845094663615818e-07
98.0,27.700000000000003,2,-2.214950609394683e-08,-4.2654138786571575e-07
98.0,28.1,2,-2.5242938161995915e-08,-3.755869198539424e-07
98.0,28.5,2,-2.7049861150105507e-08,-3.30786412412048e-07
98.0,28.900000000000002,2,-3.1587248652291433e-08,-2.9138738023102786e-07
98.0,29.3,2,-3.413922713028668e-08,-2.567308194907277e-07
98.0,29.700000000000003,2,-3.66520699766084e-08,-2.2623923716089892e-07
98.0,30.1,2,-4.085185720324699e-08,-1.9940626479337726e-07
98.0,30.5,2,-4.343124734920305e-08,-1.7578772996132364e-07
98.0,30.900000000000002,2,-4.6410274424428455e-08,-1.5499399520215823e-07
98.0,31.3,2,-4.970526191968672e-08,-1.3668331581405455e-07
98.0,31.700000000000003,2,-5.331022020420295e-08,-1.2055597906133693e-07
98.0,32.1,2,-5.6463626484686277e-08,-1.0634907154206035e-07
98.0,32.5,2,-5.8439846433068156e-08,-9.383182146951657e-08
98.0,32.9,2,-6.240904550364397e-08,-8.280151241017931e-08
98.0,33.300000000000004,2,-6.653890930371679e-08,-7.307994801778281e-08
98.0,33.7,2,-6.850374420380685e-08,-6.451040494558791e-08
98.0,34.1,2,-7.193200285946165e-08,-5.6954995817305834e-08
98.0,34.5,2,-7.686827336784655e-08,-5.029238748597027e-08
98.0,34.9,2,-8.076077640636321e-08,-4.441584576922373e-08
98.0,35.300000000000004,2,-8.47219376224639e-08,-3.9231566554358014e-08
98.0,35.7,2,-8.93914988572814e-08,-3.465721078711661e-08
98.0,36.1,2,-9.450139371229081e-08,-3.062053900263168e-08
98.0,36.5,2,-1.0105446381417903e-07,-2.705808452172178e-08
98.0,36.9,2,-1.0815685905570029e-07,-2.3913898855255803e-08
98.0,37.300000000000004,2,-1.1412382112417178e-07,-2.1138476406691746e-08
98.0,37.7,2,-1.2052706987801756e-07,-1.8687950566168858e-08
98.0,38.1,2,-1.2918640145681326e-07,-1.6523551845144585e-08
98.0,38.5,2,-1.3861328814834978e-07,-1.4611207860181038e-08
98.0,38.900000000000006,2,-1.4701438950502566e-07,-1.2921132980740805e-08
98.0,39.300000000000004,2,-1.5492870626227855e-07,-1.1427325574827369e-08
98.0,39.7,2,-1.632005958677669e-07,-1.0107002737354886e-08
98.0,0.1,5,-3.9377369057006486e-08,-0.0009244478034820718
98.0,0.5,5,5.103940674755143e-10,-0.0009214873859896504
98.0,0.9,5,8.114698949390826e-09,-0.0009146022672214621
98.0,1.3,5,1.3948863837251917e-09,-0.0009038463501873771
98.0,1.7000000000000002,5,-5.651413804101592e-10,-0.0008893039203925298
98.0,2.1,5,8.7911789630737e-10,-0.0008710891158385539
98.0,2.5,5,4.149698724864466e-10,-0.0008493452594604144
98.0,2.9000000000000004,5,3.020215972869311e-10,-0.0008242441104786033
98.0,3.3000000000000003,5,6.595134562035157e-11,-0.0007959851139405223
98.0,3.7,5,-5.653888345266757e-10,-0.000764794756154521
98.0,4.1000000000000005,5,2.085926826346468e-09,-0.0007309261684206518
98.0,4.5,5,3.794727207846258e-09,-0.0006946591614701651
98.0,4.9,5,5.038484917830438e-10,-0.00065630091359888
98.0,5.300000000000001,5,-1.552960832964827e-10,-0.0006161875635661897
98.0,5.7,5,2.4567104899777846e-09,-0.0005746869444112576
98.0,6.1000000000000005,5,2.0386504402447843e-09,-0.0005322025708688196
98.0,6.5,5,2.2717910271072744e-09,-0.0004891786308828346
98.0,6.9,5,3.772791188650147e-09,-0.0004461049028123706
98.0,7.300000000000001,5,3.2153871673834644e-09,-0.000403518926283762
98.0,7.7,5,3.3152039167205014e-09,-0.0003620003265473024
98.0,8.1,5,2.789270682027141e-09,-0.00032214997280018305
98.0,8.5,5,2.435587867129829e-09,-0.00028454788293531596
98.0,8.9,5,2.9816273488683947e-09,-0.0002496925309346861
98.0,9.3,5,1.40747921916551e-09,-0.00021793874367029322
98.0,9.700000000000001,5,2.575569000776392e-09,-0.0001894594822458272
98.0,10.100000000000001,5,2.9781696415723834e-09,-0.00016424712535441222
98.0,10.5,5,1.7729483137419003e-09,-0.00014214905571245483
98.0,10.9,5,3.755941659398485e-09,-0.0001229185407350335
98.0,11.3,5,3.2840253629312893e-09,-0.00010626279309469851
98.0,11.700000000000001,5,3.5912446984826827e-09,-9.187892679721631e-05
98.0,12.100000000000001,5,3.74740538671723e-09,-7.947652961593594e-05
98.0,12.5,5,3.4621886988367185e-09,-6.878954674304622e-05
98.0,12.9,5,3.5424322076282997e-09,-5.9581000824420926e-05
98.0,13.3,5,3.800632686737258e-09,-5.1643474982724634e-05
98.0,13.700000000000001,5,4.248945865653726e-09,-4.4797370645769805e-05
98.0,14.100000000000001,5,3.6605681639152563e-09,-3.888817723428102e-05
98.0,14.5,5,5.415237270662529e-09,-3.378345362097977e-05
98.0,14.9,5,3.731475539372731e-09,-2.9369886156220665e-05
98.0,15.3,5,4.573204802115536e-09,-2.5550592884721167e-05
98.0,15.700000000000001,5,3.362422223692844e-09,-2.2242736046204595e-05
98.0,16.1,5,4.636818022747444e-09,-1.9375449065094304e-05
98.0,16.5,5,4.776110478700098e-09,-1.6888057503757623e-05
98.0,16.900000000000002,5,4.614587979854582e-09,-1.472856259269945e-05
98.0,17.3,5,4.149727768820099e-09,-1.2852353371759839e-05
98.0,17.7,5,4.359128050447499e-09,-1.1221114938058149e-05
98.0,18.1,5,3.691664310034415e-09,-9.801903479670784e-06
98.0,18.5,5,4.561024273824428e-09,-8.56636246523737e-06
98.0,18.900000000000002,5,3.432394161476743e-09,-7.490057980836085e-06
98.0,19.3,5,4.498629269258311e-09,-6.551914522817789e-06
98.0,19.700000000000003,5,3.0551054640394015e-09,-5.7337354904005556e-06
98.0,20.1,5,4.304685708708922e-09,-5.019795149137185e-06
98.0,20.5,5,2.6471823215812248e-09,-4.396490956653233e-06
98.0,20.900000000000002,5,3.1805793407544782e-09,-3.852046895392261e-06
98.0,21.3,5,2.4804451902559974e-09,-3.3762599235606873e-06
98.0,21.700000000000003,5,2.4010829123094396e-09,-2.96028292089483e-06
98.0,22.1,5,2.121160274613869e-09,-2.596438618475847e-06
98.0,22.5,5,7.789332497755136e-10,-2.278059952176294e-06
98.0,22.900000000000002,5,4.58798617723175e-11,-1.999353032609716e-06
98.0,23.3,5,-4.5228259621995617e-11,-1.755279477313943e-06
98.0,23.700000000000003,5,-1.9025803784606672e-09,-1.5414552609376616e-06
98.0,24.1,5,-2.7204916089084036e-09,-1.3540635966901808e-06
98.0,24.5,5,-5.177677511578387e-09,-1.189779732942593e-06
98.0,24.900000000000002,5,-5.094344540093486e-09,-1.045705928491322e-06
98.0,25.3,5,-8.002386088726544e-09,-9.193152031795428e-07
98.0,25.700000000000003,5,-9.694012043066933e-09,-8.084026975299793e-07
98.0,26.1,5,-1.1394226930323153e-08,-7.110436184676507e-07
98.0,26.5,5,-1.4084426711936843e-08,-6.255568514954773e-07
98.0,26.900000000000002,5,-1.672644201832902e-08,-5.504734344590168e-07
98.0,27.3,5,-1.8830422391092025e-08,-4.845092218061817e-07
98.0,27.700000000000003,5,-2.238500301706525e-08,-4.265411864393668e-07
98.0,28.1,5,-2.5155144824440863e-08,-3.7558687423373544e-07
98.0,28.5,5,-2.703806054547578e-08,-3.3078655463144814e-07
98.0,28.900000000000002,5,-3.1839628083999946e-08,-2.9138764543976796e-07
98.0,29.3,5,-3.419785851208266e-08,-2.567310695414917e-07
98.0,29.700000000000003,5,-3.648767969054965e-08,-2.2623931334742837e-07
98.0,30.1,5,-4.125759948860841e-08,-1.9940604472714174e-07
98.0,30.5,5,-4.346476692697051e-08,-1.7578716352462602e-07
98.0,30.900000000000002,5,-4.625439412588867e-08,-1.5499310810242443e-07
98.0,31.3,5,-5.0266975055277666e-08,-1.3668218700467774e-07
98.0,31.700000000000003,5,-5.3103963951004205e-08,-1.2055470924412677e-07
98.0,32.1,5,-5.670549666501465e-08,-1.0634775832086214e-07
98.0,32.5,5,-5.869785110314392e-08,-9.383054628143064e-08
98.0,32.9,5,-6.241221994744607e-08,-8.280033393769905e-08
98.0,33.300000000000004,5,-6.682711840476213e-08,-7.307889455927569e-08
98.0,33.7,5,-6.864179148822932e-08,-6.450946446604596e-08
98.0,34.1,5,-7.217062594617191e-08,-5.6954111241390137e-08
98.0,34.5,5,-7.697846150353533e-08,-5.0291467255007465e-08
98.0,34.9,5,-8.114155359190138e-08,-4.4414793139009285e-08
98.0,35.300000000000004,5,-8.4758967264532e-08,-3.9230318619139444e-08
98.0,35.7,5,-8.976809423932497e-08,-3.465576959855954e-08
98.0,36.1,5,-9.471626449864448e-08,-3.06189783244173e-08
98.0,36.5,5,-1.0119170063496154e-07,-2.70565275303049e-08
98.0,36.9,5,-1.0867055722189807e-07,-2.3912477021306534e-08
98.0,37.300000000000004,5,-1.140367111626283e-07,-2.113728867545349e-08
98.0,37.7,5,-1.2121023564814584e-07,-1.8687040101329092e-08
98.0,38.1,5,-1.2906019461222205e-07,-1.6522906398169967e-08
98.0,38.5,5,-1.3926782114806495e-07,-1.461077750856554e-08
98.0,38.900000000000006,5,-1.4701846263786315e-07,-1.2920852550949635e-08
98.0,39.300000000000004,5,-1.5542816031822748e-07,-1.142713150971767e-08
98.0,39.7,5,-1.6339297962820507e-07,-1.010684213650249e-08
100.0,0.1,2,5.973777716358788e-08,-0.0009071688556955474
100.0,0.5,2,4.3128775894853244e-09,-0.0009042637733456746
100.0,0.9,2,-1.0031120474183605e-08,-0.0008975073485624557
100.0,1.3,2,-1.887885817071956e-09,-0.0008869524760465282
100.0,1.7000000000000002,2,4.299413886259826e-09,-0.0008726818649530582
100.0,2.1,2,1.4729673067990535e-09,-0.0008548075190645803
100.0,2.5,2,-5.146549431041058e-10,-0.0008334700818936053
100.0,2.9000000000000004,2,1.124066445534269e-09,-0.0008088381020907768
100.0,3.3000000000000003,2,3.810708803071963e-10,-0.0007811072969634677
100.0,3.7,2,-9.263355492515454e-10,-0.0007504999198493599
100.0,4.1000000000000005,2,7.908962403122237e-10,-0.0007172643711455568
100.0,4.5,2,1.2190649287004492e-09,-0.0006816752320270344
100.0,4.9,2,4.697976953268876e-10,-0.0006440339396684576
100.0,5.300000000000001,2,1.9653136502304873e-09,-0.000604670350327099
100.0,5.7,2,1.325555804710584e-09,-0.0005639454220111503
100.0,6.1000000000000005,2,-9.65148753889088e-10,-0.0005222551273201907
100.0,6.5,2,6.645606064093887e-10,-0.00048003535164896556
100.0,6.9,2,1.849974324309335e-09,-0.0004377667185326091
100.0,7.300000000000001,2,7.35913510385025e-10,-0.0003959767200337935
100.0,7.7,2,1.143657995627543e-09,-0.00035523414732840507
100.0,8.1,2,1.1495579239890722e-09,-0.0003161286387092934
100.0,8.5,2,1.517082281720525e-09,-0.0002792293711897981
100.0,8.9,2,2.047637983280308e-09,-0.0002450255022300885
100.0,9.3,2,1.4378953082226823e-09,-0.00021386522711443277
100.0,9.700000000000001,2,2.703807814725845e-09,-0.00018591827441022103
100.0,10.100000000000001,2,1.829786202152823e-09,-0.00016117716521340058
100.0,10.5,2,1.071683487246914e-09,-0.00013949213448582687
100.0,10.9,2,2.6013855088153743e-09,-0.00012062106089394403
100.0,11.3,2,1.3000127284288357e-09,-0.00010427662925004995
100.0,11.700000000000001,2,2.1988052639644973e-09,-9.016161463647192e-05
100.0,12.100000000000001,2,2.6994244714656487e-09,-7.799103294762963e-05
100.0,12.5,2,2.299285616784697e-09,-6.750380237243083e-05
100.0,12.9,2,2.843456352251399e-09,-5.8467375132099586e-05
100.0,13.3,2,2.6855431156733603e-09,-5.0678211394002345e-05
100.0,13.700000000000001,2,2.8931230629928673e-09,-4.396006958390564e-05
100.0,14.100000000000001,2,2.398552524039347e-09,-3.816132705158219e-05
100.0,14.5,2,3.4449046005168532e-09,-3.315201795644701e-05
100.0,14.9,2,2.250803911863544e-09,-2.8820946369901243e-05
100.0,15.3,2,3.6629995397911976e-09,-2.5073041017300656e-05
100.0,15.700000000000001,2,2.8287545539039786e-09,-2.182701251219865e-05
100.0,16.1,2,3.438683059142217e-09,-1.9013319093109282e-05
100.0,16.5,2,3.540924243683242e-09,-1.6572420703688893e-05
100.0,16.900000000000002,2,3.3347621059988127e-09,-1.4453290682501305e-05
100.0,17.3,2,3.79756835498535e-09,-1.261215184120074e-05
100.0,17.7,2,3.5814141654145815e-09,-1.1011405115605164e-05
100.0,18.1,2,3.641889809755008e-09,-9.618722018079676e-06
100.0,18.5,2,3.989484615447533e-09,-8.406275667761029e-06
100.0,18.900000000000002,2,3.3895885180277306e-09,-7.350088706056835e-06
100.0,19.3,2,4.3396294262105475e-09,-6.4294796915674775e-06
100.0,19.700000000000003,2,3.2315290007339007e-09,-5.626592500751932e-06
100.0,20.1,2,4.535171748125163e-09,-4.9259957799905415e-06
100.0,20.5,2,3.1778192403247793e-09,-4.314341594579845e-06
100.0,20.900000000000002,2,4.507158910580975e-09,-3.7800741506982394e-06
100.0,21.3,2,3.1652651584896134e-09,-3.3131809107943393e-06
100.0,21.700000000000003,2,4.136220065571008e-09,-2.9049796517793124e-06
100.0,22.1,2,3.1350565952607707e-09,-2.5479360594708544e-06
100.0,22.5,2,3.3508141758547e-09,-2.2355073130280654e-06
100.0,22.900000000000002,2,3.000505565646823e-09,-1.9620078005065583e-06
100.0,23.3,2,2.3263519678425366e-09,-1.7224936648255345e-06
100.0,23.700000000000003,2,2.511411409157658e-09,-1.5126633704885852e-06
100.0,24.1,2,1.4339337379116756e-09,-1.3287719431024227e-06
100.0,24.5,2,1.243769720609478e-09,-1.167556954399938e-06
100.0,24.900000000000002,2,6.660847870349853e-10,-1.0261746610225272e-06
100.0,25.3,2,-9.199607878221426e-10,-9.021449287320034e-07
100.0,25.700000000000003,2,-8.184086404592724e-10,-7.933037095485376e-07
100.0,26.1,2,-3.3185642005052682e-09,-6.977619522250545e-07
100.0,26.5,2,-3.74617673830818e-09,-6.138699712443471e-07
100.0,26.900000000000002,2,-5.577748400114749e-09,-5.40186480408148e-07
100.0,27.3,2,-7.2930744555420755e-09,-4.7545166997362944e-07
100.0,27.700000000000003,2,-8.9141793072513e-09,-4.1856382511564834e-07
100.0,28.1,2,-1.0614279672161082e-08,-3.685590409378313e-07
100.0,28.5,2,-1.3540825469192782e-08,-3.2459362081060913e-07
100.0,28.900000000000002,2,-1.5214173487287766e-08,-2.8592878923503885e-07
100.0,29.3,2,-1.750106638541739e-08,-2.519174135182725e-07
100.0,29.700000000000003,2,-2.1185072299186295e-08,-2.2199248172754057e-07
100.0,30.1,2,-2.250804739862394e-08,-1.9565710186487033e-07
100.0,30.5,2,-2.5998561808188518e-08,-1.7247578043335747e-07
100.0,30.900000000000002,2,-2.9537174121267776e-08,-1.520667491191441e-07
100.0,31.3,2,-3.1564488164704723e-08,-1.340951683893974e-07
100.0,31.700000000000003,2,-3.478144767855253e-08,-1.1826712887138759e-07
100.0,32.1,2,-3.787900861896724e-08,-1.0432443855000968e-07
100.0,32.5,2,-4.106745501129714e-08,-9.20401787265715e-08
100.0,32.9,2,-4.362772829547028e-08,-8.121494240200515e-08
100.0,33.300000000000004,2,-4.6416459787742415e-08,-7.16735979681955e-08
100.0,33.7,2,-5.0553653146441914e-08,-6.326241214136196e-08
100.0,34.1,2,-5.291915586933077e-08,-5.584642973470404e-08
100.0,34.5,2,-5.492416355835402e-08,-4.930709459191488e-08
100.0,34.9,2,-5.9096090505076526e-08,-4.354014230936115e-08
100.0,35.300000000000004,2,-6.24793464606979e-08,-3.8453780679995844e-08
100.0,35.7,2,-6.48319645459411e-08,-3.3967132325761796e-08
100.0,36.1,2,-6.833488028018935e-08,-3.000889505372581e-08
100.0,36.5,2,-7.212343898961906e-08,-2.6516193196089046e-08
100.0,36.9,2,-7.607108136633166e-08,-2.3433615077466404e-08
100.0,37.300000000000004,2,-8.085135328751599e-08,-2.0712418837029665e-08
100.0,37.7,2,-8.52564161351643e-08,-1.830984386897872e-08
100.0,38.1,2,-9.020427879901085e-08,-1.6188436306239017e-08
100.0,38.5,2,-9.968378434275475e-08,-1.4315330945680367e-08
100.0,38.900000000000006,2,-1.1734030428589617e-07,-1.2661520766183666e-08
100.0,39.300000000000004,2,-1.4939361889603588e-07,-1.1201222155767854e-08
100.0,39.7,2,-2.0485499236047775e-07,-9.911439975959238e-09
100.0,0.1,5,6.118203886988164e-08,-0.0009071688377985879
100.0,0.5,5,3.85650339230664e-09,-0.0009042637568073961
100.0,0.9,5,-1.1679695840674117e-08,-0.0008975073349743564
100.0,1.3,5,-4.1066419981885464e-09,-0.000886952466491418
100.0,1.7000000000000002,5,2.0280984333838212e-09,-0.0008726818597943625
100.0,2.1,5,-4.513792601718363e-10,-0.0008548075178839736
100.0,2.5,5,-1.8412244583627411e-09,-0.0008334700836315061
100.0,2.9000000000000004,5,4.731712366352961e-10,-0.0008088381053648955
100.0,3.3000000000000003,5,3.120877773886726e-10,-0.0007811073004505659
100.0,3.7,5,-6.357140964229013e-10,-0.000750499922581735
100.0,4.1000000000000005,5,1.1773543458384965e-09,-0.0007172643726272934
100.0,4.5,5,1.5037450657857855e-09,-0.0006816752321802044
100.0,4.9,5,6.009143046579928e-10,-0.0006440339387012914
100.0,5.300000000000001,5,2.036236212128065e-09,-0.0006046703486199496
100.0,5.7,5,1.4757036437962131e-09,-0.000563945420051225
100.0,6.1000000000000005,5,-6.990194609193737e-10,-0.0005222551256452641
100.0,6.5,5,8.899121843375833e-10,-0.000480035350745796
100.0,6.9,5,1.7493680170498634e-09,-0.00043776671868756337
100.0,7.300000000000001,5,1.0957430527908461e-10,-0.0003959767212029749
100.0,7.7,5,8.808601024553901e-11,-0.0003552341491180062
100.0,8.1,5,6.185511668763734e-11,-0.0003161286405072904
100.0,8.5,5,8.294723443327757e-10,-0.0002792293724000768
100.0,8.9,5,1.890734258475312e-09,-0.00024502550249559684
100.0,9.3,5,1.5606027899448171e-09,-0.0002138652264236567
100.0,9.700000000000001,5,2.7618700334055568e-09,-0.00018591827305184606
100.0,10.100000000000001,5,1.7435742192828441e-09,-0.0001611771636241447
100.0,10.5,5,1.0353086359292295e-09,-0.00013949213307708932
100.0,10.9,5,2.7451993512961012e-09,-0.00012062105993177849
100.0,11.3,5,1.484834554294726e-09,-0.00010427662881899236
100.0,11.700000000000001,5,2.2453052096595175e-09,-9.016161467105912e-05
100.0,12.100000000000001,5,2.6863047421408805e-09,-7.799103329068395e-05
100.0,12.5,5,2.425150083429718e-09,-6.75038028247601e-05
100.0,12.9,5,3.0742011307634818e-09,-5.846737548339149e-05
100.0,13.3,5,2.8186134446706055e-09,-5.0678211447810756e-05
100.0,13.700000000000001,5,2.914208637461997e-09,-4.396006919360213e-05
100.0,14.100000000000001,5,2.401356027659321e-09,-3.8161326167760894e-05
100.0,14.5,5,3.2765094358155347e-09,-3.315201666428545e-05
100.0,14.9,5,1.7950260068329893e-09,-2.8820944886658108e-05
100.0,15.3,5,3.382775286697822e-09,-2.507303963484244e-05
100.0,15.700000000000001,5,3.2266154816393817e-09,-2.1827011499588946e-05
100.0,16.1,5,4.081523374693363e-09,-1.9013318600286387e-05
100.0,16.5,5,3.6173221003535717e-09,-1.657242071117211e-05
100.0,16.900000000000002,5,2.9450996339380066e-09,-1.4453291020097796e-05
100.0,17.3,5,3.5859086418164764e-09,-1.2612152263744843e-05
100.0,17.7,5,3.622979886471727e-09,-1.1011405396836802e-05
100.0,18.1,5,3.720891456415666e-09,-9.618722020212353e-06
100.0,18.5,5,4.105774306692704e-09,-8.406275363880176e-06
100.0,18.900000000000002,5,3.444335166815904e-09,-7.350088160556441e-06
100.0,19.3,5,4.304345524004172e-09,-6.429479022243228e-06
100.0,19.700000000000003,5,3.279698408774181e-09,-5.626591845665196e-06
100.0,20.1,5,4.504154353168453e-09,-4.9259952771996605e-06
100.0,20.5,5,3.0152378041038644e-09,-4.314341367111359e-06
100.0,20.900000000000002,5,4.5914715868790255e-09,-3.7800742854719102e-06
100.0,21.3,5,3.373240649853191e-09,-3.3131814304363775e-06
100.0,21.700000000000003,5,4.156366487381499e-09,-2.9049804926739287e-06
100.0,22.1,5,3.012232112742193e-09,-2.5479370752534383e-06
100.0,22.5,5,3.1350240544716625e-09,-2.2355083133926976e-06
100.0,22.900000000000002,5,3.172727232486756e-09,-1.9620086152795023e-06
100.0,23.3,5,2.7154356652988867e-09,-1.72249420615943e-06
100.0,23.700000000000003,5,2.1665758071519554e-09,-1.5126636637713984e-06
100.0,24.1,5,1.1729458419948873e-09,-1.3287721118908104e-06
100.0,24.5,5,1.654522388388339e-09,-1.16755716800101e-06
100.0,24.900000000000002,5,6.877432098651119e-10,-1.0261750709591081e-06
100.0,25.3,5,-1.1501644066662106e-09,-9.021456222831749e-07
100.0,25.700000000000003,5,-7.982533204470388e-10,-7.933046954837168e-07
100.0,26.1,5,-3.2155380018061625e-09,-6.977631749013517e-07
100.0,26.5,5,-3.774551866853201e-09,-6.138713371013731e-07
100.0,26.900000000000002,5,-5.631494301516345e-09,-5.401878813187381e-07
100.0,27.3,5,-7.290099398893997e-09,-4.754529980307076e-07
100.0,27.700000000000003,5,-9.00543656789598e-09,-4.185649842003901e-07
100.0,28.1,5,-1.046979814217474e-08,-3.6855996266504483e-07
100.0,28.5,5,-1.3672887216782527e-08,-3.2459428544459865e-07
100.0,28.900000000000002,5,-1.5352844499330186e-08,-2.8592924160294475e-07
100.0,29.3,5,-1.734012176387449e-08,-2.519177595489882e-07
100.0,29.700000000000003,5,-2.125988655340427e-08,-2.2199285805126525e-07
100.0,30.1,5,-2.2769146809025124e-08,-1.9565762586715798e-07
100.0,30.5,5,-2.5824098899662117e-08,-1.7247650176593998e-07
100.0,30.900000000000002,5,-2.95736737665667e-08,-1.5206762618940896e-07
100.0,31.3,5,-3.198009235451938e-08,-1.3409608211570347e-07
100.0,31.700000000000003,5,-3.440643591879048e-08,-1.1826792711445993e-07
100.0,32.1,5,-3.8270070599933604e-08,-1.043249895824594e-07
100.0,32.5,5,-4.1129940748058913e-08,-9.204040962549865e-08
100.0,32.9,5,-4.358167969001464e-08,-8.121484917675697e-08
100.0,33.300000000000004,5,-4.6711220237980376e-08,-7.167323048893625e-08
100.0,33.7,5,-5.05855423588268e-08,-6.326184829952109e-08
100.0,34.1,5,-5.3062179755440664e-08,-5.584575324940761e-08
100.0,34.5,5,-5.5083884494582374e-08,-4.9306382066753364e-08
100.0,34.9,5,-5.927938822644461e-08,-4.353945543161053e-08
100.0,35.300000000000004,5,-6.256729254407686e-08,-3.8453156613720326e-08
100.0,35.7,5,-6.509451515722705e-08,-3.3966571069331064e-08
100.0,36.1,5,-6.848604013906234e-08,-3.000835079418013e-08
100.0,36.5,5,-7.225964240984794e-08,-2.651558034883351e-08
100.0,36.9,5,-7.643232457944316e-08,-2.3432833690377752e-08
100.0,37.300000000000004,5,-8.084250639069842e-08,-2.0711392544464006e-08
100.0,37.7,5,-8.571996454205033e-08,-1.830855375855992e-08
100.0,38.1,5,-9.022098723079737e-08,-1.618693375982605e-08
100.0,38.5,5,-1.0008301679924171e-07,-1.4313722516367998e-08
100.0,38.900000000000006,5,-1.1749080383880888e-07,-1.2659932295278301e-08
100.0,39.300000000000004,5,-1.4968647096593185e-07,-1.119975940499051e-08
100.0,39.7,5,-2.051266689592591e-07,-9.910162699931934e-09
