case,time,source_a,inverse_a
finest-broad,0.0,0.0,0.0
finest-broad,0.025,0.0,0.0
finest-broad,0.05,0.0,0.0
finest-broad,0.075,0.0,0.0
finest-broad,0.1,0.0,0.0
finest-broad,0.125,0.0,0.0
finest-broad,0.15,0.0,0.0
finest-broad,0.17500000000000002,0.0,0.0
finest-broad,0.2,0.0,0.0
finest-broad,0.225,0.0,0.0
finest-broad,0.25,0.0,0.0
finest-broad,0.275,0.0,0.0
finest-broad,0.3,0.0,0.0
finest-broad,0.325,0.0,0.0
finest-broad,0.35000000000000003,0.0,0.0
finest-broad,0.375,0.0,0.0
finest-broad,0.4,0.0,0.0
finest-broad,0.425,0.0,0.0
finest-broad,0.45,0.0,0.0
finest-broad,0.47500000000000003,0.0,0.0
finest-broad,0.5,0.0,0.0
finest-broad,0.525,0.0,0.0
finest-broad,0.55,0.0,0.0
finest-broad,0.5750000000000001,0.0,0.0
finest-broad,0.6,0.0,0.0
finest-broad,0.625,0.0,0.0
finest-broad,0.65,0.0,0.0
finest-broad,0.675,0.0,0.0
finest-broad,0.7000000000000001,0.0,0.0
finest-broad,0.725,0.0,0.0
finest-broad,0.75,0.0,0.0
finest-broad,0.775,0.0,0.0
finest-broad,0.8,0.0,0.0
finest-broad,0.8250000000000001,0.0,0.0
finest-broad,0.85,0.0,0.0
finest-broad,0.875,0.0,0.0
finest-broad,0.9,0.0,0.0
finest-broad,0.925,0.0,0.0
finest-broad,0.9500000000000001,0.0,0.0
finest-broad,0.975,0.0,0.0
finest-broad,1.0,0.0,0.0
finest-broad,1.025,0.0,0.0
finest-broad,1.05,0.0,0.0
finest-broad,1.075,0.0,0.0
finest-broad,1.1,0.0,0.0
finest-broad,1.125,0.0,0.0
finest-broad,1.1500000000000001,0.0,0.0
finest-broad,1.175,0.0,0.0
finest-broad,1.2,0.0,0.0
finest-broad,1.225,0.0,0.0
finest-broad,1.25,0.0,0.0
finest-broad,1.2750000000000001,0.0,0.0
finest-broad,1.3,0.0,0.0
finest-broad,1.325,0.0,0.0
finest-broad,1.35,0.0,0.0
finest-broad,1.375,0.0,0.0
finest-broad,1.4000000000000001,0.0,0.0
finest-broad,1.425,0.0,0.0
finest-broad,1.45,0.0,0.0
finest-broad,1.475,0.0,0.0
finest-broad,1.5,0.0,0.0
finest-broad,1.5250000000000001,0.0,0.0
finest-broad,1.55,0.0,0.0
finest-broad,1.575,0.0,0.0
finest-broad,1.6,0.0,0.0
finest-broad,1.625,0.0,0.0
finest-broad,1.6500000000000001,0.0,0.0
finest-broad,1.675,0.0,0.0
finest-broad,1.7,0.0,0.0
finest-broad,1.725,0.0,0.0
finest-broad,1.75,0.0,0.0
finest-broad,1.7750000000000001,0.0,0.0
finest-broad,1.8,0.0,0.0
finest-broad,1.825,0.0,0.0
finest-broad,1.85,0.0,0.0
finest-broad,1.875,0.0,0.0
finest-broad,1.9000000000000001,0.0,0.0
finest-broad,1.925,0.0,0.0
finest-broad,1.95,0.0,0.0
finest-broad,1.975,0.0,0.0
finest-broad,2.0,0.0,0.0
finest-broad,2.025,0.0,0.0
finest-broad,2.05,0.0,0.0
finest-broad,2.075,0.0,0.0
finest-broad,2.1,0.0,0.0
finest-broad,2.125,0.0,0.0
finest-broad,2.15,0.0,0.0
finest-broad,2.1750000000000003,0.0,0.0
finest-broad,2.2,0.0,0.0
finest-broad,2.225,0.0,0.0
finest-broad,2.25,0.0,0.0
finest-broad,2.275,0.0,0.0
finest-broad,2.3000000000000003,0.0,0.0
finest-broad,2.325,0.0,0.0
finest-broad,2.35,0.0,0.0
finest-broad,2.375,0.0,0.0
finest-broad,2.4,0.0,0.0
finest-broad,2.4250000000000003,0.0,0.0
finest-broad,2.45,0.0,0.0
finest-broad,2.475,0.0,0.0
finest-broad,2.5,0.0,0.0
finest-broad,2.525,0.0,0.0
finest-broad,2.5500000000000003,0.0,0.0
finest-broad,2.575,0.0,0.0
finest-broad,2.6,0.0,0.0
finest-broad,2.625,0.0,0.0
finest-broad,2.65,0.0,0.0
finest-broad,2.6750000000000003,0.0,0.0
finest-broad,2.7,0.0,0.0
finest-broad,2.725,0.0,0.0
finest-broad,2.75,0.0,0.0
finest-broad,2.775,0.0,0.0
finest-broad,2.8000000000000003,0.0,0.0
finest-broad,2.825,0.0,0.0
finest-broad,2.85,0.0,0.0
finest-broad,2.875,0.0,0.0
finest-broad,2.9,0.0,0.0
finest-broad,2.9250000000000003,0.0,0.0
finest-broad,2.95,0.0,0.0
finest-broad,2.975,0.0,0.0
finest-broad,3.0,0.0,0.0
finest-broad,3.025,0.0,0.0
finest-broad,3.0500000000000003,0.0,0.0
finest-broad,3.075,0.0,0.0
finest-broad,3.1,0.0,0.0
finest-broad,3.125,0.0,0.0
finest-broad,3.15,0.0,0.0
finest-broad,3.1750000000000003,0.0,0.0
finest-broad,3.2,0.0,0.0
finest-broad,3.225,0.0,0.0
finest-broad,3.25,0.0,0.0
finest-broad,3.275,0.0,0.0
finest-broad,3.3000000000000003,0.0,0.0
finest-broad,3.325,0.0,0.0
finest-broad,3.35,0.0,0.0
finest-broad,3.375,0.0,0.0
finest-broad,3.4,0.0,0.0
finest-broad,3.4250000000000003,0.0,0.0
finest-broad,3.45,0.0,0.0
finest-broad,3.475,0.0,0.0
finest-broad,3.5,0.0,0.0
finest-broad,3.525,0.0,0.0
finest-broad,3.5500000000000003,0.0,0.0
finest-broad,3.575,0.0,0.0
finest-broad,3.6,0.0,0.0
finest-broad,3.625,0.0,0.0
finest-broad,3.65,0.0,0.0
finest-broad,3.6750000000000003,0.0,0.0
finest-broad,3.7,0.0,0.0
finest-broad,3.725,0.0,0.0
finest-broad,3.75,0.0,0.0
finest-broad,3.775,0.0,0.0
finest-broad,3.8000000000000003,0.0,0.0
finest-broad,3.825,0.0,0.0
finest-broad,3.85,0.0,0.0
finest-broad,3.875,0.0,0.0
finest-broad,3.9,0.0,0.0
finest-broad,3.9250000000000003,0.0,0.0
finest-broad,3.95,0.0,0.0
finest-broad,3.975,0.0,0.0
finest-broad,4.0,0.0,0.0
finest-broad,4.025,0.0,0.0
finest-broad,4.05,0.0,0.0
finest-broad,4.075,0.0,0.0
finest-broad,4.1,0.0,0.0
finest-broad,4.125,0.0,0.0
finest-broad,4.15,0.0,0.0
finest-broad,4.175,0.0,0.0
finest-broad,4.2,0.0,0.0
finest-broad,4.225,0.0,0.0
finest-broad,4.25,0.0,0.0
finest-broad,4.275,0.0,0.0
finest-broad,4.3,0.0,0.0
finest-broad,4.325,0.0,0.0
finest-broad,4.3500000000000005,0.0,0.0
finest-broad,4.375,0.0,0.0
finest-broad,4.4,0.0,0.0
finest-broad,4.425,0.0,0.0
finest-broad,4.45,0.0,0.0
finest-broad,4.4750000000000005,0.0,0.0
finest-broad,4.5,0.0,0.0
finest-broad,4.525,0.0,0.0
finest-broad,4.55,0.0,0.0
finest-broad,4.575,0.0,0.0
finest-broad,4.6000000000000005,0.0,0.0
finest-broad,4.625,0.0,0.0
finest-broad,4.65,0.0,0.0
finest-broad,4.675,0.0,0.0
finest-broad,4.7,0.0,0.0
finest-broad,4.7250000000000005,0.0,0.0
finest-broad,4.75,0.0,0.0
finest-broad,4.775,0.0,0.0
finest-broad,4.8,0.0,0.0
finest-broad,4.825,0.0,0.0
finest-broad,4.8500000000000005,0.0,0.0
finest-broad,4.875,0.0,0.0
finest-broad,4.9,0.0,0.0
finest-broad,4.925,0.0,0.0
finest-broad,4.95,0.0,0.0
finest-broad,4.9750000000000005,0.0,0.0
finest-broad,5.0,0.0,0.0
finest-broad,5.025,0.0,0.0
finest-broad,5.05,0.0,0.0
finest-broad,5.075,0.0,0.0
finest-broad,5.1000000000000005,0.0,0.0
finest-broad,5.125,0.0,0.0
finest-broad,5.15,0.0,0.0
finest-broad,5.175,0.0,0.0
finest-broad,5.2,0.0,0.0
finest-broad,5.2250000000000005,0.0,0.0
finest-broad,5.25,0.0,0.0
finest-broad,5.275,0.0,0.0
finest-broad,5.3,0.0,0.0
finest-broad,5.325,0.0,0.0
finest-broad,5.3500000000000005,0.0,0.0
finest-broad,5.375,0.0,0.0
finest-broad,5.4,0.0,0.0
finest-broad,5.425,0.0,0.0
finest-broad,5.45,0.0,0.0
finest-broad,5.4750000000000005,0.0,0.0
finest-broad,5.5,0.0,0.0
finest-broad,5.525,0.0,0.0
finest-broad,5.55,0.0,0.0
finest-broad,5.575,0.0,0.0
finest-broad,5.6000000000000005,0.0,0.0
finest-broad,5.625,0.0,0.0
finest-broad,5.65,0.0,0.0
finest-broad,5.675,0.0,0.0
finest-broad,5.7,0.0,0.0
finest-broad,5.7250000000000005,0.0,0.0
finest-broad,5.75,0.0,0.0
finest-broad,5.775,0.0,0.0
finest-broad,5.8,0.0,0.0
finest-broad,5.825,0.0,0.0
finest-broad,5.8500000000000005,0.0,0.0
finest-broad,5.875,0.0,0.0
finest-broad,5.9,0.0,0.0
finest-broad,5.925,0.0,0.0
finest-broad,5.95,0.0,0.0
finest-broad,5.9750000000000005,0.0,0.0
finest-broad,6.0,0.0,0.0
finest-broad,6.025,0.0,0.0
finest-broad,6.05,0.0,0.0
finest-broad,6.075,0.0,0.0
finest-broad,6.1000000000000005,0.0,0.0
finest-broad,6.125,0.0,0.0
finest-broad,6.15,0.0,0.0
finest-broad,6.175,0.0,0.0
finest-broad,6.2,0.0,0.0
finest-broad,6.2250000000000005,0.0,0.0
finest-broad,6.25,0.0,0.0
finest-broad,6.275,0.0,0.0
finest-broad,6.3,0.0,0.0
finest-broad,6.325,0.0,0.0
finest-broad,6.3500000000000005,0.0,0.0
finest-broad,6.375,0.0,0.0
finest-broad,6.4,0.0,0.0
finest-broad,6.425,0.0,0.0
finest-broad,6.45,0.0,0.0
finest-broad,6.4750000000000005,0.0,0.0
finest-broad,6.5,0.0,0.0
finest-broad,6.525,0.0,0.0
finest-broad,6.55,0.0,0.0
finest-broad,6.575,0.0,0.0
finest-broad,6.6000000000000005,0.0,0.0
finest-broad,6.625,0.0,0.0
finest-broad,6.65,0.0,0.0
finest-broad,6.675,0.0,0.0
finest-broad,6.7,0.0,0.0
finest-broad,6.7250000000000005,0.0,0.0
finest-broad,6.75,0.0,0.0
finest-broad,6.775,0.0,0.0
finest-broad,6.8,0.0,0.0
finest-broad,6.825,0.0,0.0
finest-broad,6.8500000000000005,0.0,0.0
finest-broad,6.875,0.0,0.0
finest-broad,6.9,0.0,0.0
finest-broad,6.925,0.0,0.0
finest-broad,6.95,0.0,0.0
finest-broad,6.9750000000000005,0.0,0.0
finest-broad,7.0,0.0,0.0
finest-broad,7.025,0.0,0.0
finest-broad,7.05,0.0,0.0
finest-broad,7.075,0.0,0.0
finest-broad,7.1000000000000005,0.0,0.0
finest-broad,7.125,0.0,0.0
finest-broad,7.15,0.0,0.0
finest-broad,7.175,0.0,0.0
finest-broad,7.2,0.0,0.0
finest-broad,7.2250000000000005,0.0,0.0
finest-broad,7.25,0.0,0.0
finest-broad,7.275,0.0,0.0
finest-broad,7.3,0.0,0.0
finest-broad,7.325,0.0,0.0
finest-broad,7.3500000000000005,0.0,0.0
finest-broad,7.375,0.0,0.0
finest-broad,7.4,0.0,0.0
finest-broad,7.425,0.0,0.0
finest-broad,7.45,0.0,0.0
finest-broad,7.4750000000000005,0.0,0.0
finest-broad,7.5,0.0,0.0
finest-broad,7.525,0.0,0.0
finest-broad,7.55,0.0,0.0
finest-broad,7.575,0.0,0.0
finest-broad,7.6000000000000005,0.0,0.0
finest-broad,7.625,0.0,0.0
finest-broad,7.65,0.0,0.0
finest-broad,7.675,0.0,0.0
finest-broad,7.7,0.0,0.0
finest-broad,7.7250000000000005,0.0,0.0
finest-broad,7.75,0.0,0.0
finest-broad,7.775,0.0,0.0
finest-broad,7.8,0.0,0.0
finest-broad,7.825,0.0,0.0
finest-broad,7.8500000000000005,0.0,0.0
finest-broad,7.875,0.0,0.0
finest-broad,7.9,0.0,0.0
finest-broad,7.925,0.0,0.0
finest-broad,7.95,0.0,0.0
finest-broad,7.9750000000000005,0.0,0.0
finest-broad,8.0,0.0,0.0
finest-broad,8.025,0.0,0.0
finest-broad,8.05,0.0,0.0
finest-broad,8.075,0.0,0.0
finest-broad,8.1,0.0,0.0
finest-broad,8.125,0.0,0.0
finest-broad,8.15,0.0,0.0
finest-broad,8.175,0.0,0.0
finest-broad,8.2,0.0,0.0
finest-broad,8.225,0.0,0.0
finest-broad,8.25,0.0,0.0
finest-broad,8.275,0.0,0.0
finest-broad,8.3,0.0,0.0
finest-broad,8.325,0.0,0.0
finest-broad,8.35,0.0,0.0
finest-broad,8.375,0.0,0.0
finest-broad,8.4,0.0,0.0
finest-broad,8.425,0.0,0.0
finest-broad,8.45,0.0,0.0
finest-broad,8.475,0.0,0.0
finest-broad,8.5,0.0,0.0
finest-broad,8.525,0.0,0.0
finest-broad,8.55,0.0,0.0
finest-broad,8.575000000000001,0.0,0.0
finest-broad,8.6,0.0,0.0
finest-broad,8.625,0.0,0.0
finest-broad,8.65,0.0,0.0
finest-broad,8.675,0.0,0.0
finest-broad,8.700000000000001,0.0,0.0
finest-broad,8.725,0.0,0.0
finest-broad,8.75,0.0,0.0
finest-broad,8.775,0.0,0.0
finest-broad,8.8,0.0,0.0
finest-broad,8.825000000000001,0.0,0.0
finest-broad,8.85,0.0,0.0
finest-broad,8.875,0.0,0.0
finest-broad,8.9,0.0,0.0
finest-broad,8.925,0.0,0.0
finest-broad,8.950000000000001,0.0,0.0
finest-broad,8.975,0.0,0.0
finest-broad,9.0,0.0,0.0
finest-broad,9.025,0.0,0.0
finest-broad,9.05,0.0,0.0
finest-broad,9.075000000000001,0.0,0.0
finest-broad,9.1,0.0,0.0
finest-broad,9.125,0.0,0.0
finest-broad,9.15,0.0,0.0
finest-broad,9.175,0.0,0.0
finest-broad,9.200000000000001,0.0,0.0
finest-broad,9.225,0.0,0.0
finest-broad,9.25,0.0,0.0
finest-broad,9.275,0.0,0.0
finest-broad,9.3,0.0,0.0
finest-broad,9.325000000000001,0.0,0.0
finest-broad,9.35,0.0,0.0
finest-broad,9.375,0.0,0.0
finest-broad,9.4,0.0,0.0
finest-broad,9.425,0.0,0.0
finest-broad,9.450000000000001,0.0,0.0
finest-broad,9.475,0.0,0.0
finest-broad,9.5,0.0,0.0
finest-broad,9.525,0.0,0.0
finest-broad,9.55,0.0,0.0
finest-broad,9.575000000000001,0.0,0.0
finest-broad,9.6,0.0,0.0
finest-broad,9.625,0.0,0.0
finest-broad,9.65,0.0,0.0
finest-broad,9.675,0.0,0.0
finest-broad,9.700000000000001,0.0,0.0
finest-broad,9.725,0.0,0.0
finest-broad,9.75,0.0,0.0
finest-broad,9.775,0.0,0.0
finest-broad,9.8,0.0,0.0
finest-broad,9.825000000000001,0.0,0.0
finest-broad,9.85,0.0,0.0
finest-broad,9.875,0.0,0.0
finest-broad,9.9,0.0,0.0
finest-broad,9.925,0.0,0.0
finest-broad,9.950000000000001,0.0,0.0
finest-broad,9.975,0.0,0.0
finest-broad,10.0,0.0,0.0
finest-broad,10.025,0.0,0.0
finest-broad,10.05,0.0,0.0
finest-broad,10.075000000000001,0.0,0.0
finest-broad,10.1,0.0,0.0
finest-broad,10.125,0.0,0.0
finest-broad,10.15,0.0,0.0
finest-broad,10.175,0.0,0.0
finest-broad,10.200000000000001,0.0,0.0
finest-broad,10.225,0.0,0.0
finest-broad,10.25,0.0,0.0
finest-broad,10.275,0.0,0.0
finest-broad,10.3,0.0,0.0
finest-broad,10.325000000000001,0.0,0.0
finest-broad,10.35,0.0,0.0
finest-broad,10.375,0.0,0.0
finest-broad,10.4,0.0,0.0
finest-broad,10.425,0.0,0.0
finest-broad,10.450000000000001,0.0,0.0
finest-broad,10.475,0.0,0.0
finest-broad,10.5,0.0,0.0
finest-broad,10.525,0.0,0.0
finest-broad,10.55,0.0,0.0
finest-broad,10.575000000000001,0.0,0.0
finest-broad,10.6,0.0,0.0
finest-broad,10.625,0.0,0.0
finest-broad,10.65,0.0,0.0
finest-broad,10.675,0.0,0.0
finest-broad,10.700000000000001,0.0,0.0
finest-broad,10.725,0.0,0.0
finest-broad,10.75,0.0,0.0
finest-broad,10.775,0.0,0.0
finest-broad,10.8,0.0,0.0
finest-broad,10.825000000000001,0.0,0.0
finest-broad,10.85,0.0,0.0
finest-broad,10.875,0.0,0.0
finest-broad,10.9,0.0,0.0
finest-broad,10.925,0.0,0.0
finest-broad,10.950000000000001,0.0,0.0
finest-broad,10.975,0.0,0.0
finest-broad,11.0,0.0,0.0
finest-broad,11.025,0.0,0.0
finest-broad,11.05,0.0,0.0
finest-broad,11.075000000000001,0.0,0.0
finest-broad,11.1,0.0,0.0
finest-broad,11.125,0.0,0.0
finest-broad,11.15,0.0,0.0
finest-broad,11.175,0.0,0.0
finest-broad,11.200000000000001,0.0,0.0
finest-broad,11.225,0.0,0.0
finest-broad,11.25,0.0,0.0
finest-broad,11.275,0.0,0.0
finest-broad,11.3,0.0,0.0
finest-broad,11.325000000000001,0.0,0.0
finest-broad,11.35,0.0,0.0
finest-broad,11.375,0.0,0.0
finest-broad,11.4,0.0,0.0
finest-broad,11.425,0.0,0.0
finest-broad,11.450000000000001,0.0,0.0
finest-broad,11.475,0.0,1.8e-322
finest-broad,11.5,0.0,2.1615e-320
finest-broad,11.525,0.0,2.539354e-318
finest-broad,11.55,0.0,2.93064707e-316
finest-broad,11.575000000000001,0.0,3.3228962505e-314
finest-broad,11.6,0.0,3.70172988618e-312
finest-broad,11.625,0.0,4.0518087672433e-310
finest-broad,11.65,0.0,4.3578353151141807e-308
finest-broad,11.675,0.0,4.605656429796054e-306
finest-broad,11.700000000000001,0.0,4.783349372768323e-304
finest-broad,11.725,0.0,4.882174574829147e-302
finest-broad,11.75,0.0,4.897289118322459e-300
finest-broad,11.775,0.0,4.828139685214017e-298
finest-broad,11.8,0.0,4.678490638463978e-296
finest-broad,11.825000000000001,0.0,4.4560861652150165e-294
finest-broad,11.85,0.0,4.171988491881673e-292
finest-broad,11.875,0.0,3.839670614609408e-290
finest-broad,11.9,0.0,3.473966578286768e-288
finest-broad,11.925,0.0,3.089992052958954e-286
finest-broad,11.950000000000001,0.0,2.702142361394266e-284
finest-broad,11.975,0.0,2.323256263256707e-282
finest-broad,12.0,0.0,1.9640056820689885e-280
finest-broad,12.025,0.0,1.6325391955840025e-278
finest-broad,12.05,3e-323,1.3343755820110051e-276
finest-broad,12.075000000000001,3.814e-321,1.0725172922102128e-274
finest-broad,12.1,4.2878e-319,8.47735250283498e-273
finest-broad,12.125,4.7386716e-317,6.589670473785486e-271
finest-broad,12.15,5.149835236e-315,5.037699791383148e-269
finest-broad,12.175,5.50383444303e-313,3.7877685566600543e-267
finest-broad,12.200000000000001,5.784850441526e-311,2.801137375944622e-265
finest-broad,12.225,5.979886302803213e-309,2.0375218966135004e-263
finest-broad,12.25,6.079765606243404e-307,1.4578202090996195e-261
finest-broad,12.275,6.079849024846103e-305,1.0260208368237805e-259
finest-broad,12.3,5.980390812300243e-303,7.103550620286362e-258
finest-broad,12.325000000000001,5.78649714324497e-301,4.8381378761130397e-256
finest-broad,12.35,5.507693393754222e-299,3.241758567837933e-254
finest-broad,12.375,5.157151217950509e-297,2.136971795338826e-252
finest-broad,12.4,4.7506624319090295e-295,1.3859528857250608e-250
finest-broad,12.425,4.305470392372684e-293,8.843931779043779e-249
finest-broad,12.450000000000001,3.839078057163552e-291,5.5527108024078574e-247
finest-broad,12.475,3.368145051774445e-289,3.4303846821565445e-245
finest-broad,12.5,2.9075660313639417e-287,2.0853255550892668e-243
finest-broad,12.525,2.4697934182295092e-285,1.2474213757385107e-241
finest-broad,12.55,2.0644341801386882e-283,7.343035167435189e-240
finest-broad,12.575000000000001,1.6981177061107655e-281,4.2537876907509715e-238
finest-broad,12.6,1.3746042648453103e-279,2.4250923716740627e-236
finest-broad,12.625,1.0950838731164799e-277,1.3606529382771968e-234
finest-broad,12.65,8.58604924422108e-276,7.513585063342146e-233
finest-broad,12.675,6.62570356902201e-274,4.0835869944669667e-231
finest-broad,12.700000000000001,5.032449766123436e-272,2.1844645738084878e-229
finest-broad,12.725,3.762285466517172e-270,1.150192290190243e-227
finest-broad,12.75,2.7686290246425453e-268,5.961171922224932e-226
finest-broad,12.775,2.0055534423433522e-266,3.0411785755587977e-224
finest-broad,12.8,1.4301307037081945e-264,1.5272651554274047e-222
finest-broad,12.825000000000001,1.0039328396134045e-262,7.550265291527993e-221
finest-broad,12.85,6.938031968012086e-261,3.674498403874542e-219
finest-broad,12.875,4.7204755804843256e-259,1.760494488507351e-217
finest-broad,12.9,3.162044690308568e-257,8.303946441120199e-216
finest-broad,12.925,2.0854407668248245e-255,3.856204131146953e-214
finest-broad,12.950000000000001,1.3542223895509366e-253,1.7630851116985466e-212
finest-broad,12.975,8.65882407719528e-252,7.936633815561124e-211
finest-broad,13.0,5.451537580879647e-250,3.5177183410608226e-209
finest-broad,13.025,3.379749382741721e-248,1.5351793763582376e-207
finest-broad,13.05,2.063333624812909e-246,6.596932824875084e-206
finest-broad,13.075000000000001,1.2404744313015422e-244,2.791394565734478e-204
finest-broad,13.1,7.344350039314322e-243,1.1630752857008486e-202
finest-broad,13.125,4.2823262223626655e-241,4.772136902954314e-201
finest-broad,13.15,2.459124149571258e-239,1.9281787922403867e-199
finest-broad,13.175,1.3908133112581395e-237,7.672232582218614e-198
finest-broad,13.200000000000001,7.747437957629176e-236,3.0064003608466403e-196
finest-broad,13.225,4.250708503154778e-234,1.1601999695121307e-194
finest-broad,13.25,2.297160866445622e-232,4.409507483211498e-193
finest-broad,13.275,1.2228160791922493e-230,1.65054957685385e-191
finest-broad,13.3,6.411847041025161e-229,6.084966768659768e-190
finest-broad,13.325000000000001,3.3118445195219355e-227,2.2094731278292846e-188
finest-broad,13.35,1.6851317096233297e-225,7.901866301508737e-187
finest-broad,13.375,8.446700508709029e-224,2.7834951600898746e-185
finest-broad,13.4,4.171014912872945e-222,9.657847402381092e-184
finest-broad,13.425,2.0291292820628425e-220,3.3007174823817294e-182
finest-broad,13.450000000000001,9.725295558211123e-219,1.1111774485443153e-180
finest-broad,13.475,4.5923254690517476e-217,3.6848030051314834e-179
finest-broad,13.5,2.1365387670937535e-215,1.2036757066525236e-177
finest-broad,13.525,9.79373900978316e-214,3.8732674677433435e-176
finest-broad,13.55,4.4234093609295655e-212,1.2277967907814151e-174
finest-broad,13.575000000000001,1.968555583721986e-210,3.834110157054616e-173
finest-broad,13.6,8.632391346432079e-209,1.179504688704353e-171
finest-broad,13.625,3.7300809421503474e-207,3.5746990720737954e-170
finest-broad,13.65,1.5882532613007695e-205,1.067312518939992e-168
finest-broad,13.675,6.664171251479186e-204,3.139521193999119e-167
finest-broad,13.700000000000001,2.75554701131487e-202,9.098340055254006e-166
finest-broad,13.725,1.1228326552374191e-200,2.5977353224459988e-164
finest-broad,13.75,4.5089756571019775e-199,7.307494751702932e-163
finest-broad,13.775,1.7844581452849367e-197,2.0253016585769386e-161
finest-broad,13.8,6.960016917157382e-196,5.5305084725407596e-160
finest-broad,13.825000000000001,2.67546561775584e-194,1.4879930852650517e-158
finest-broad,13.85,1.0136386462973379e-192,3.944604512941539e-157
finest-broad,13.875,3.785045212898042e-191,1.0303356934533746e-155
finest-broad,13.9,1.393068230031179e-189,2.6517500832906008e-154
finest-broad,13.925,5.0535463128078925e-188,6.724665286696306e-153
finest-broad,13.950000000000001,1.8069729864479607e-186,1.6803450808211537e-151
finest-broad,13.975,6.368651446248887e-185,4.1373410313694855e-150
finest-broad,14.0,2.2125466490680824e-183,1.003793378865118e-148
finest-broad,14.025,7.576962025683679e-182,2.399785622590016e-147
finest-broad,14.05,2.557784491439974e-180,5.6534095449320495e-146
finest-broad,14.075000000000001,8.511522651628282e-179,1.3123899970906516e-144
finest-broad,14.1,2.7921143787063607e-177,3.002162778749342e-143
finest-broad,14.125,9.02921124094683e-176,6.767505747720121e-142
finest-broad,14.15,2.878491627498488e-174,1.5033154707425903e-140
finest-broad,14.175,9.04662153030513e-173,3.2908080565367636e-139
finest-broad,14.200000000000001,2.8029914443226973e-171,7.0988753910727e-138
finest-broad,14.225,8.562064314237308e-170,1.5090880586562085e-136
finest-broad,14.25,2.5784807015830945e-168,3.161410561282315e-135
finest-broad,14.275,7.655704327692705e-167,6.526668705702591e-134
finest-broad,14.3,2.2410385406841527e-165,1.3278513374738104e-132
finest-broad,14.325000000000001,6.467900083802533e-164,2.662301450881808e-131
finest-broad,14.35,1.8404915884180122e-162,5.2603828918713496e-130
finest-broad,14.375,5.163777734035556e-161,1.024311631220405e-128
finest-broad,14.4,1.4284691998099662e-159,1.965637969452557e-127
finest-broad,14.425,3.896280195538429e-158,3.717350372258189e-126
finest-broad,14.450000000000001,1.0478801666683057e-156,6.928251470992495e-125
finest-broad,14.475,2.778825228939468e-155,1.2725516144471331e-123
finest-broad,14.5,7.266159175353215e-154,2.303509514414254e-122
finest-broad,14.525,1.873477085483937e-152,4.109305815312187e-121
finest-broad,14.55,4.7631829543255236e-151,7.224562514368278e-120
finest-broad,14.575000000000001,1.1941447899956123e-149,1.2517564917183962e-118
finest-broad,14.6,2.9521122088368078e-148,2.1374388903872457e-117
finest-broad,14.625,7.196644213134825e-147,3.5969403810985155e-116
finest-broad,14.65,1.7300294872846154e-145,5.965383156926094e-115
finest-broad,14.675,4.1011733944764426e-144,9.750091302937065e-114
finest-broad,14.700000000000001,9.58735063856372e-143,1.570520774048443e-112
finest-broad,14.725,2.2101894127433005e-141,2.4931163351689155e-111
finest-broad,14.75,5.024642614949334e-140,3.900355665223643e-110
finest-broad,14.775,1.1264966484641234e-138,6.013501102609384e-109
finest-broad,14.8,2.4906216741588173e-137,9.137145847969271e-108
finest-broad,14.825000000000001,5.430535897740473e-136,1.3682073199786254e-106
finest-broad,14.85,1.167719301922032e-134,2.0190608584877266e-105
finest-broad,14.875,2.4762739793601718e-133,2.9363022452232486e-104
finest-broad,14.9,5.178772782200015e-132,4.208268007770736e-103
finest-broad,14.925,1.0681352568664317e-130,5.943667170983255e-102
finest-broad,14.950000000000001,2.1727012684973273e-129,8.272769706648093e-101
finest-broad,14.975,4.358641411953492e-128,1.1347217440686737e-99
finest-broad,15.0,8.623477569565976e-127,1.5337909073892353e-98
finest-broad,15.025,1.6826607511654545e-125,2.0430422441347572e-97
finest-broad,15.05,3.238142903270207e-124,2.681752652956224e-96
finest-broad,15.075000000000001,6.145866182132358e-123,3.4688519203406987e-95
finest-broad,15.1,1.1504294420833412e-121,4.421541031230187e-94
finest-broad,15.125,2.1238735737197006e-120,5.553634549281235e-93
finest-broad,15.15,3.867149275121462e-119,6.873710712828758e-92
finest-broad,15.175,6.94461953652987e-118,8.383198999595107e-91
finest-broad,15.200000000000001,1.229993157822899e-116,1.0074576780823663e-89
finest-broad,15.225,2.1485969034201604e-115,1.1929877043777008e-88
finest-broad,15.25,3.701743532665757e-114,1.391972071798e-87
finest-broad,15.275,6.290103309034022e-113,1.6003073864117668e-86
finest-broad,15.3,1.0541685660657817e-111,1.8127888457787783e-85
finest-broad,15.325000000000001,1.7424637642736512e-110,2.0232716077807965e-84
finest-broad,15.35,2.840659982768598e-109,2.2249291301094864e-83
finest-broad,15.375,4.567481158618919e-108,2.41059752574711e-82
finest-broad,15.4,7.243297289282285e-107,2.5731842432686244e-81
finest-broad,15.425,1.1329160328313567e-105,2.7061100182046526e-80
finest-broad,15.450000000000001,1.7476748713987346e-104,2.8037464982468556e-79
finest-broad,15.475,2.6590378149520584e-103,2.861809390213901e-78
finest-broad,15.5,3.9901441760003696e-102,2.877669082523181e-77
finest-broad,15.525,5.9054353308652e-101,2.85054748600978e-76
finest-broad,15.55,8.62012083798829e-100,2.7815806340512245e-75
finest-broad,15.575000000000001,1.2409993217164226e-98,2.673740092838024e-74
finest-broad,15.6,1.7620771987480615e-97,2.531620721255613e-73
finest-broad,15.625,2.467582891013122e-96,2.3611158877653944e-72
finest-broad,15.65,3.408081914999086e-95,2.1690121354169323e-71
finest-broad,15.675,4.6423466285933827e-94,1.962542137123433e-70
finest-broad,15.700000000000001,6.236658501372245e-93,1.7489368714871806e-69
finest-broad,15.725,8.263244401009511e-92,1.5350152551137325e-68
finest-broad,15.75,1.079768412999064e-90,1.3268426486143623e-67
finest-broad,15.775,1.391518400096352e-89,1.1294799009522929e-66
finest-broad,15.8,1.7685701914925383e-88,9.468334090487877e-66
finest-broad,15.825000000000001,2.2168031410329834e-87,7.816055962275487e-65
finest-broad,15.85,2.7403098196276867e-86,6.353356141837176e-64
finest-broad,15.875,3.3406879499801706e-85,5.08512936386086e-63
finest-broad,15.9,4.016350536530602e-84,4.0074235208652536e-62
finest-broad,15.925,4.761921917671274e-83,3.109377244616941e-61
finest-broad,15.950000000000001,5.567793835776549e-82,2.3752336791361414e-60
finest-broad,15.975,6.419914425760366e-81,1.786253659075958e-59
finest-broad,16.0,7.299872815424027e-80,1.3223979191554832e-58
finest-broad,16.025,8.185322412143926e-79,9.636981717544566e-58
finest-broad,16.05,9.050757844773853e-78,6.912841405406859e-57
finest-broad,16.075,9.86862627344126e-77,4.880730688399861e-56
finest-broad,16.1,1.0610716977651608e-75,3.391571323611757e-55
finest-broad,16.125,1.1249738268476978e-74,2.3194189994037627e-54
finest-broad,16.15,1.1760962609771918e-73,1.5609643533332217e-53
finest-broad,16.175,1.2123803704023996e-72,1.033748050561545e-52
finest-broad,16.2,1.2323186364032411e-71,6.736212813917258e-52
finest-broad,16.225,1.2350582654349295e-70,4.3188356380040676e-51
finest-broad,16.25,1.220461534044192e-69,2.7241854232727997e-50
finest-broad,16.275,1.1891169299854158e-68,1.6904174673642448e-49
finest-broad,16.3,1.1422998615629001e-67,1.031824016733176e-48
finest-broad,16.325,1.081886584047685e-66,6.19494499958331e-48
finest-broad,16.35,1.0102294360114024e-65,3.6580864385728637e-47
finest-broad,16.375,9.300049488683928e-65,2.1243121561012623e-46
finest-broad,16.4,8.440484915455654e-64,1.2130880652143094e-45
finest-broad,16.425,7.551896387706026e-63,6.811397507350362e-45
finest-broad,16.45,6.661014257423838e-62,3.7601808474038643e-44
finest-broad,16.475,5.7917429943135344e-61,2.0406424246735512e-43
finest-broad,16.5,4.964222825340932e-60,1.0885943594497801e-42
finest-broad,16.525,4.194251066630723e-59,5.707681289378587e-42
finest-broad,16.55,3.493063377102894e-58,2.94102923317026e-41
finest-broad,16.575,2.867442422531705e-57,1.4891361772021914e-40
finest-broad,16.6,2.3200965076868985e-56,7.408191284098494e-40
finest-broad,16.625,1.85023539173511e-55,3.620575168778289e-39
finest-broad,16.65,1.4542650420602656e-54,1.7380928055857366e-38
finest-broad,16.675,1.1265264969285037e-53,8.194794988520151e-38
finest-broad,16.7,8.600143420213908e-53,3.794109094089876e-37
finest-broad,16.725,6.4702509107962844e-52,1.72473305473707e-36
finest-broad,16.75,4.7970244969424193e-51,7.696703203424702e-36
finest-broad,16.775,3.504627712734803e-50,3.3712052763788225e-35
finest-broad,16.8,2.52298255007539e-49,1.4490593535734942e-34
finest-broad,16.825,1.7896650500887372e-48,6.111197569189721e-34
finest-broad,16.85,1.2508252886083075e-47,2.5282478571726495e-33
finest-broad,16.875,8.6133209843294695e-47,1.0258291586079148e-32
finest-broad,16.9,5.843524129572762e-46,4.0812741302365417e-32
finest-broad,16.925,3.905618924908703e-45,1.5917646869135845e-31
finest-broad,16.95,2.5715543717893564e-44,6.084353555465048e-31
finest-broad,16.975,1.6679068254793719e-43,2.278687896318257e-30
finest-broad,17.0,1.0656065671845646e-42,8.35918030686106e-30
finest-broad,17.025,6.705778239412623e-42,3.0027191410696284e-29
finest-broad,17.05,4.1562934596919203e-41,1.0558211193862994e-28
finest-broad,17.075,2.5371421090776282e-40,3.632704339861906e-28
finest-broad,17.1,1.5252503215442815e-39,1.2225263966045757e-27
finest-broad,17.125,9.029644708511712e-39,4.022367125213159e-27
finest-broad,17.150000000000002,5.263906180770538e-38,1.2932615688940212e-26
finest-broad,17.175,3.0215344077288066e-37,4.061002231781607e-26
finest-broad,17.2,1.7076626768900403e-36,1.2446665713521385e-25
finest-broad,17.225,9.50176274343089e-36,3.7208259093771136e-25
finest-broad,17.25,5.204816500162237e-35,1.084025200364896e-24
finest-broad,17.275000000000002,2.8065743477750768e-34,3.0749728406636115e-24
finest-broad,17.3,1.489660952030436e-33,8.483141494130985e-24
finest-broad,17.325,7.782283187437377e-33,2.272980481959259e-23
finest-broad,17.35,4.001320730960845e-32,5.905134813423128e-23
finest-broad,17.375,2.0246198581890737e-31,1.4843482233933217e-22
finest-broad,17.400000000000002,1.0080764516401707e-30,3.600030072032725e-22
finest-broad,17.425,4.938764494794905e-30,8.392656491053293e-22
finest-broad,17.45,2.380575628953998e-29,1.8705721801720394e-21
finest-broad,17.475,1.1288787730063367e-28,3.9534611130770155e-21
finest-broad,17.5,5.2659408692976e-28,7.817081188881335e-21
finest-broad,17.525000000000002,2.416175612619987e-27,1.4101682845117253e-20
finest-broad,17.55,1.0903454782914742e-26,2.193460954313931e-20
finest-broad,17.575,4.8388354563542e-26,2.4469019635625353e-20
finest-broad,17.6,2.1116179052082546e-25,-2.9938239529737124e-21
finest-broad,17.625,9.060305696422246e-25,-1.3141606073630492e-19
finest-broad,17.650000000000002,3.821881776925269e-24,-5.404583660296235e-19
finest-broad,17.675,1.5847869723877667e-23,-1.645732944781815e-18
finest-broad,17.7,6.459138580829823e-23,-4.340045777510962e-18
finest-broad,17.725,2.587245233723745e-22,-1.0417982144728074e-17
finest-broad,17.75,1.0183742791219e-21,-2.3264971015048256e-17
finest-broad,17.775000000000002,3.9384913731396265e-21,-4.8874176181699855e-17
finest-broad,17.8,1.4964046195592905e-20,-9.71731486892198e-17
finest-broad,17.825,5.584791796585028e-20,-1.8345516265569564e-16
finest-broad,17.85,2.047122956990826e-19,-3.293848331230755e-16
finest-broad,17.875,7.3688213061810315e-19,-5.625888200651534e-16
finest-broad,17.900000000000002,2.604385835226678e-18,-9.133073400403553e-16
finest-broad,17.925,9.036488044340683e-18,-1.4059970893716324e-15
finest-broad,17.95,3.0776033818433354e-17,-2.04273131392063e-15
finest-broad,17.975,1.0286637293922641e-16,-2.7716081610442633e-15
finest-broad,18.0,3.3737175420615944e-16,-3.4197179263846432e-15
finest-broad,18.025000000000002,1.0855320931257e-15,-3.52413166496481e-15
finest-broad,18.05,3.426074003565499e-15,-1.85261387201565e-15
finest-broad,18.075,1.0604486123210435e-14,5.004755430735704e-15
finest-broad,18.1,3.218378725311735e-14,2.6735422460955155e-14
finest-broad,18.125,9.575294393595755e-14,9.09556689977439e-14
finest-broad,18.150000000000002,2.792185954154864e-13,2.754637252929529e-13
finest-broad,18.175,7.978483001483846e-13,7.952889322427537e-13
finest-broad,18.2,2.2334867596578342e-12,2.231969777547899e-12
finest-broad,18.225,6.123975385670039e-12,6.1230739670414356e-12
finest-broad,18.25,1.6442466636566038e-11,1.6441606970294397e-11
finest-broad,18.275000000000002,4.3219223689180065e-11,4.321784961521367e-11
finest-broad,18.3,1.1118670326106586e-10,1.1118440341385593e-10
finest-broad,18.325,2.7988558462873015e-10,2.7988214056378835e-10
finest-broad,18.35,6.891953734995515e-10,6.891907547361499e-10
finest-broad,18.375,1.6596527327967668e-09,1.6596471052722648e-09
finest-broad,18.400000000000002,3.90733575606788e-09,3.907329529410521e-09
finest-broad,18.425,8.990945204379212e-09,8.990939038529404e-09
finest-broad,18.45,2.021439603809292e-08,2.0214390670565078e-08
finest-broad,18.475,4.439298273078281e-08,4.439297858949928e-08
finest-broad,18.5,9.519882893173234e-08,9.519882574338381e-08
finest-broad,18.525000000000002,1.9928621165961028e-07,1.9928620842945043e-07
finest-broad,18.55,4.0711397362134045e-07,4.0711396918876886e-07
finest-broad,18.575,8.113609362981444e-07,8.113609301767102e-07
finest-broad,18.6,1.5770335583515194e-06,1.5770335511655131e-06
finest-broad,18.625,2.9886247008429933e-06,2.9886246938881485e-06
finest-broad,18.650000000000002,5.52062794991977e-06,5.520627944191689e-06
finest-broad,18.675,9.937723577258096e-06,9.937723572939097e-06
finest-broad,18.7,1.7429190759439056e-05,1.7429190756449067e-05
finest-broad,18.725,2.977768508318206e-05,2.977768508213325e-05
finest-broad,18.75,4.955490338084762e-05,4.955490338298315e-05
finest-broad,18.775000000000002,8.032617877293332e-05,8.032617877859816e-05
finest-broad,18.8,0.00012683450367458887,0.00012683450368175184
finest-broad,18.825,0.0001951253822319866,0.0001951253822368965
finest-broad,18.85,0.0002925720243828488,0.00029257202438275423
finest-broad,18.875,0.00042777018750863287,0.0004277701875037333
finest-broad,18.900000000000002,0.0006102952005206423,0.0006102952005127676
finest-broad,18.925,0.0008503469113197215,0.0008503469113091208
finest-broad,18.95,0.0011583418485755774,0.0011583418485600894
finest-broad,18.975,0.001544532137781042,0.0015445321377593995
finest-broad,19.0,0.0020187257369985094,0.002018725736973899
finest-broad,19.025000000000002,0.0025901495628375465,0.0025901495628162146
finest-broad,19.05,0.0032674471761835796,0.003267447176169224
finest-broad,19.075,0.004058758399727638,0.004058758399718289
finest-broad,19.1,0.004971812234305194,0.004971812234296776
finest-broad,19.125,0.006013984631256062,0.006013984631248029
finest-broad,19.150000000000002,0.007192313857556814,0.007192313857552253
finest-broad,19.175,0.008513497615190815,0.008513497615191018
finest-broad,19.2,0.009983893865898421,0.00998389386589984
finest-broad,19.225,0.011609516417402179,0.011609516417400208
finest-broad,19.25,0.013395991135510477,0.013395991135504758
finest-broad,19.275000000000002,0.015348454478125564,0.015348454478119099
finest-broad,19.3,0.01747143098968227,0.017471430989676025
finest-broad,19.325,0.019768771038951513,0.019768771038942718
finest-broad,19.35,0.022243706906226807,0.022243706906213405
finest-broad,19.375,0.024898991955052085,0.024898991955036608
finest-broad,19.400000000000002,0.02773700019503738,0.02773700019502437
finest-broad,19.425,0.030759677708779132,0.03075967770876977
finest-broad,19.45,0.03396836584556554,0.03396836584555682
finest-broad,19.475,0.03736364837767177,0.03736364837766071
finest-broad,19.5,0.04094536891130745,0.0409453689112951
finest-broad,19.525000000000002,0.04471280233342919,0.04471280233341905
finest-broad,19.55,0.04866480054926935,0.048664800549263
finest-broad,19.575,0.052799752165986535,0.052799752165981546
finest-broad,19.6,0.057115397327316075,0.05711539732730864
finest-broad,19.625,0.061608706168092886,0.06160870616808153
finest-broad,19.650000000000002,0.06627596114155683,0.06627596114154305
finest-broad,19.675,0.0711129452540325,0.07111294525401872
finest-broad,19.7,0.07611501258431116,0.07611501258429841
finest-broad,19.725,0.08127696662995237,0.08127696662994144
finest-broad,19.75,0.08659291607777687,0.08659291607776776
finest-broad,19.775000000000002,0.09205630332417973,0.09205630332417235
finest-broad,19.8,0.0976600714940204,0.09766007149401482
finest-broad,19.825,0.1033967563131629,0.10339675631315806
finest-broad,19.85,0.10925840315901289,0.10925840315900734
finest-broad,19.875,0.11523645576090989,0.11523645576090275
finest-broad,19.900000000000002,0.12132179408925714,0.12132179408924931
finest-broad,19.925,0.12750487787528186,0.12750487787527345
finest-broad,19.95,0.13377580733504404,0.13377580733503425
finest-broad,19.975,0.14012425120520497,0.14012425120519392
finest-broad,20.0,0.146539392638539,0.14653939263852866
finest-broad,20.025000000000002,0.15301000223170388,0.15301000223169647
finest-broad,20.05,0.1595245462223033,0.1595245462222984
finest-broad,20.075,0.16607119839480167,0.16607119839479662
finest-broad,20.1,0.17263779072758928,0.17263779072758348
finest-broad,20.125,0.17921182765221594,0.17921182765220847
finest-broad,20.150000000000002,0.18578057104930484,0.1857805710492954
finest-broad,20.175,0.1923310935383711,0.1923310935383606
finest-broad,20.2,0.1988502687448183,0.19885026874480682
finest-broad,20.225,0.20532477293773108,0.20532477293771748
finest-broad,20.25,0.21174113702163672,0.21174113702162192
finest-broad,20.275000000000002,0.21808580078108944,0.2180858007810753
finest-broad,20.3,0.22434513446422522,0.22434513446421206
finest-broad,20.325,0.23050545384568868,0.2305054538456753
finest-broad,20.35,0.2365530517482186,0.23655305174820704
finest-broad,20.375,0.24247423656186082,0.24247423656184935
finest-broad,20.400000000000002,0.2482553704103933,0.24825537041037907
finest-broad,20.425,0.2538829032290882,0.2538829032290708
finest-broad,20.45,0.2593433928047979,0.2593433928047809
finest-broad,20.475,0.2646235255913851,0.2646235255913729
finest-broad,20.5,0.2697101647530067,0.2697101647529946
finest-broad,20.525000000000002,0.2745903989987627,0.2745903989987492
finest-broad,20.55,0.2792515510233233,0.2792515510233058
finest-broad,20.575,0.2836811853638182,0.2836811853638011
finest-broad,20.6,0.2878671675897846,0.2878671675897688
finest-broad,20.625,0.2917977181410764,0.29179771814106203
finest-broad,20.650000000000002,0.295461403567509,0.2954614035674966
finest-broad,20.675,0.2988471418470355,0.2988471418470228
finest-broad,20.7,0.3019442760695338,0.3019442760695182
finest-broad,20.725,0.30474261734371877,0.3047426173437053
finest-broad,20.75,0.30723241571783577,0.3072324157178255
finest-broad,20.775000000000002,0.3094043797419698,0.3094043797419609
finest-broad,20.8,0.31124976044397556,0.31124976044396396
finest-broad,20.825,0.31276036286729564,0.31276036286728387
finest-broad,20.85,0.31392850673458017,0.3139285067345687
finest-broad,20.875,0.31474707732956225,0.3147470773295482
finest-broad,20.900000000000002,0.3152095982723013,0.3152095982722869
finest-broad,20.925,0.315310198955288,0.3153101989552782
finest-broad,20.95,0.3150435938633634,0.315043593863353
finest-broad,20.975,0.3144051639305332,0.31440516393051926
finest-broad,21.0,0.3133909822472011,0.31339098224718775
finest-broad,21.025000000000002,0.311997754008941,0.311997754008929
finest-broad,21.05,0.31022284664992156,0.31022284664990457
finest-broad,21.075,0.3080643642219026,0.3080643642218857
finest-broad,21.1,0.3055211060332221,0.30552110603320654
finest-broad,21.125,0.30259253151710797,0.3025925315170962
finest-broad,21.150000000000002,0.299278835292874,0.2992788352928653
finest-broad,21.175,0.2955809564822637,0.2955809564822589
finest-broad,21.2,0.2915005076015573,0.291500507601555
finest-broad,21.225,0.28703980838197796,0.2870398083819758
finest-broad,21.25,0.2822019382498121,0.2822019382498092
finest-broad,21.275000000000002,0.2769906697591813,0.27699066975918435
finest-broad,21.3,0.27141044837389894,0.27141044837390194
finest-broad,21.325,0.26546645867423374,0.2654664586742356
finest-broad,21.35,0.2591645882467445,0.25916458824674765
finest-broad,21.375,0.25251136590717926,0.2525113659071809
finest-broad,21.400000000000002,0.2455140128543034,0.24551401285431312
finest-broad,21.425,0.23818044180186992,0.2381804418018851
finest-broad,21.45,0.23051917605994715,0.2305191760599691
finest-broad,21.475,0.22253936961105908,0.22253936961108173
finest-broad,21.5,0.21425083187584246,0.21425083187586105
finest-broad,21.525000000000002,0.20566394721843645,0.20566394721845527
finest-broad,21.55,0.19678966139704995,0.19678966139706666
finest-broad,21.575,0.18763951772862206,0.18763951772864243
finest-broad,21.6,0.17822558833220953,0.17822558833222363
finest-broad,21.625,0.16856043289654582,0.16856043289655312
finest-broad,21.650000000000002,0.15865713414976135,0.1586571341497705
finest-broad,21.675,0.14852924428043993,0.14852924428044895
finest-broad,21.7,0.13819072496216936,0.13819072496218618
finest-broad,21.725,0.1276559747943817,0.1276559747944044
finest-broad,21.75,0.11693978929403998,0.11693978929405759
finest-broad,21.775000000000002,0.10605729051756554,0.10605729051757795
finest-broad,21.8,0.09502394368471488,0.09502394368472446
finest-broad,21.825,0.08385552696174672,0.0838555269617651
finest-broad,21.85,0.0725680569327309,0.0725680569327505
finest-broad,21.875,0.06117779477373708,0.061177794773755775
finest-broad,21.900000000000002,0.049701221808893005,0.04970122180890785
finest-broad,21.925,0.03815496490622918,0.0381549649062442
finest-broad,21.95,0.026555794248021472,0.026555794248037407
finest-broad,21.975,0.01492060133950795,0.014920601339538072
finest-broad,22.0,0.0032663267713483684,0.0032663267713817015
finest-broad,22.025000000000002,-0.008390047801181086,-0.008390047801143278
finest-broad,22.05,-0.02003152155560928,-0.02003152155557865
finest-broad,22.075,-0.03164114290131383,-0.03164114290127253
finest-broad,22.1,-0.04320202080048894,-0.043202020800453066
finest-broad,22.125,-0.05469734803627437,-0.05469734803624405
finest-broad,22.150000000000002,-0.06611046473387733,-0.06611046473384605
finest-broad,22.175,-0.0774248709843195,-0.07742487098428927
finest-broad,22.2,-0.0886242522037643,-0.088624252203729
finest-broad,22.225,-0.0996925368416511,-0.09969253684161983
finest-broad,22.25,-0.11061390897142505,-0.11061390897139987
finest-broad,22.275000000000002,-0.12137283582455512,-0.12137283582453258
finest-broad,22.3,-0.13195411873992832,-0.13195411873989743
finest-broad,22.325,-0.14234290508358924,-0.14234290508355504
finest-broad,22.35,-0.1525247174305771,-0.1525247174305437
finest-broad,22.375,-0.1624854968775813,-0.1624854968775499
finest-broad,22.400000000000002,-0.17221161426499226,-0.17221161426496215
finest-broad,22.425,-0.18168989985478234,-0.18168989985476383
finest-broad,22.45,-0.19090767842393688,-0.19090767842389716
finest-broad,22.475,-0.1998527801427699,-0.1998527801427357
finest-broad,22.5,-0.20851356900659093,-0.20851356900655782
finest-broad,22.525000000000002,-0.21687896971863607,-0.2168789697186109
finest-broad,22.55,-0.22493847856919566,-0.22493847856915988
finest-broad,22.575,-0.2326821884908267,-0.23268218849078914
finest-broad,22.6,-0.24010080855283084,-0.24010080855277888
finest-broad,22.625,-0.2471856746797198,-0.2471856746796655
finest-broad,22.650000000000002,-0.25392876927405933,-0.2539287692740134
finest-broad,22.675,-0.26032273491175306,-0.2603227349117157
finest-broad,22.7,-0.26636088380427253,-0.2663608838042174
finest-broad,22.725,-0.2720372107000866,-0.27203721070003534
finest-broad,22.75,-0.2773464026557282,-0.27734640265566923
finest-broad,22.775000000000002,-0.2822838451412216,-0.28228384514117955
finest-broad,22.8,-0.2868456283877067,-0.2868456283876791
finest-broad,22.825,-0.29102855447414144,-0.2910285544741174
finest-broad,22.85,-0.2948301375554547,-0.29483013755541276
finest-broad,22.875,-0.298248605506543,-0.29824860550650384
finest-broad,22.900000000000002,-0.301282903911699,-0.30128290391166945
finest-broad,22.925,-0.3039326887576959,-0.30393268875767065
finest-broad,22.95,-0.30619832618270426,-0.3061983261826778
finest-broad,22.975,-0.308080890887211,-0.3080808908871777
finest-broad,23.0,-0.3095821519956128,-0.3095821519955784
finest-broad,23.025000000000002,-0.31070457288368897,-0.3107045728836569
finest-broad,23.05,-0.31145130043132024,-0.31145130043128755
finest-broad,23.075,-0.311826147750053,-0.31182614775002493
finest-broad,23.1,-0.31183359310429093,-0.3118335931042591
finest-broad,23.125,-0.31147875784636564,-0.3114787578463424
finest-broad,23.150000000000002,-0.3107673913072268,-0.3107673913071978
finest-broad,23.175,-0.30970586404322364,-0.3097058640431968
finest-broad,23.2,-0.3083011366257457,-0.30830113662572733
finest-broad,23.225,-0.30656075001357996,-0.30656075001354294
finest-broad,23.25,-0.30449280671196094,-0.30449280671193435
finest-broad,23.275000000000002,-0.3021059377621838,-0.30210593776215555
finest-broad,23.3,-0.2994092960840756,-0.2994092960840436
finest-broad,23.325,-0.2964125225182157,-0.2964125225181847
finest-broad,23.35,-0.29312572010992066,-0.2931257201098853
finest-broad,23.375,-0.28955944156450086,-0.2895594415644656
finest-broad,23.400000000000002,-0.28572464530025893,-0.28572464530022246
finest-broad,23.425,-0.2816326809021757,-0.2816326809021401
finest-broad,23.45,-0.2772952609259723,-0.2772952609259465
finest-broad,23.475,-0.2727244196657459,-0.2727244196657195
finest-broad,23.5,-0.2679325030351627,-0.2679325030351337
finest-broad,23.525000000000002,-0.26293212324182696,-0.2629321232417949
finest-broad,23.55,-0.2577361321017816,-0.25773613210174945
finest-broad,23.575,-0.25235760085934383,-0.2523576008593207
finest-broad,23.6,-0.2468097695629914,-0.24680976956296558
finest-broad,23.625,-0.2411060345621599,-0.2411060345621404
finest-broad,23.650000000000002,-0.23525990836674243,-0.23525990836671457
finest-broad,23.675,-0.22928498190055385,-0.2292849819005254
finest-broad,23.7,-0.22319491080981116,-0.22319491080978673
finest-broad,23.725,-0.2170033623384474,-0.21700336233842774
finest-broad,23.75,-0.21072399835154498,-0.21072399835152753
finest-broad,23.775000000000002,-0.20437044303766347,-0.20437044303764298
finest-broad,23.8,-0.1979562382594598,-0.19795623825944292
finest-broad,23.825,-0.19149483436177553,-0.19149483436175055
finest-broad,23.85,-0.18499953951682338,-0.18499953951680917
finest-broad,23.875,-0.17848349924721515,-0.17848349924720813
finest-broad,23.900000000000002,-0.17195967219346558,-0.17195967219344374
finest-broad,23.925,-0.16544078329653814,-0.16544078329652798
finest-broad,23.95,-0.15893931832101163,-0.1589393183209911
finest-broad,23.975,-0.15246747831046054,-0.15246747831045562
finest-broad,24.0,-0.1460371584691206,-0.146037158469102
finest-broad,24.025000000000002,-0.1396599312962005,-0.13965993129619667
finest-broad,24.05,-0.13334700160646107,-0.13334700160645174
finest-broad,24.075,-0.12710920529272163,-0.12710920529271408
finest-broad,24.1,-0.12095696982426445,-0.12095696982425613
finest-broad,24.125,-0.11490029602508858,-0.1149002960250852
finest-broad,24.150000000000002,-0.10894874768169721,-0.10894874768170183
finest-broad,24.175,-0.10311141145065239,-0.10311141145064959
finest-broad,24.2,-0.09739690105866443,-0.09739690105866618
finest-broad,24.225,-0.09181332382089322,-0.09181332382090042
finest-broad,24.25,-0.08636826878015401,-0.08636826878015234
finest-broad,24.275000000000002,-0.0810688017665869,-0.08106880176659219
finest-broad,24.3,-0.07592143260221042,-0.07592143260222395
finest-broad,24.325,-0.07093212580940082,-0.07093212580941656
finest-broad,24.35,-0.06610627278186404,-0.0661062727818673
finest-broad,24.375,-0.06144868925637419,-0.061448689256395544
finest-broad,24.400000000000002,-0.05696361448937202,-0.0569636144893924
finest-broad,24.425,-0.052654687970410854,-0.052654687970427584
finest-broad,24.45,-0.04852496684986133,-0.048524966849887885
finest-broad,24.475,-0.04457690358840612,-0.04457690358843015
finest-broad,24.5,-0.040812354865336506,-0.04081235486536083
finest-broad,24.525000000000002,-0.03723258316096768,-0.03723258316099839
finest-broad,24.55,-0.033838245274541164,-0.03383824527456901
finest-broad,24.575,-0.030629415263752,-0.030629415263785
finest-broad,24.6,-0.0276055681496907,-0.027605568149722252
finest-broad,24.625,-0.024765600940746913,-0.024765600940782163
finest-broad,24.650000000000002,-0.022107834880373985,-0.022107834880403986
finest-broad,24.675,-0.01963001801021437,-0.01963001801024741
finest-broad,24.7,-0.01732935081079913,-0.01732935081083279
finest-broad,24.725,-0.015202477769393485,-0.01520247776941613
finest-broad,24.75,-0.01324551904043672,-0.013245519040464606
finest-broad,24.775000000000002,-0.011454072473254981,-0.011454072473285733
finest-broad,24.8,-0.009823231638485905,-0.009823231638503694
finest-broad,24.825,-0.008347610338573409,-0.00834761033860384
finest-broad,24.85,-0.00702134517953475,-0.007021345179559914
finest-broad,24.875,-0.005838133894289289,-0.005838133894316714
finest-broad,24.900000000000002,-0.004791238678052005,-0.004791238678082167
finest-broad,24.925,-0.0038735195692623436,-0.0038735195692930855
finest-broad,24.95,-0.003077455850264754,-0.0030774558502905973
finest-broad,24.975,-0.0023951653612614508,-0.0023951653612965047
finest-broad,25.0,-0.0018184473986566302,-0.0018184473986773513
finest-broad,25.025000000000002,-0.0013387983919523065,-0.0013387983919851685
finest-broad,25.05,-0.0009474677297754222,-0.0009474677297980588
finest-broad,25.075,-0.0006354935902717969,-0.0006354935903006332
finest-broad,25.1,-0.00039376713897837785,-0.00039376713899986793
finest-broad,25.125,-0.00021311220660739976,-0.00021311220663207354
finest-broad,25.150000000000002,-8.437118554899478e-05,-8.437118557795836e-05
finest-broad,25.175,1.457858131891279e-06,1.4578581137096201e-06
finest-broad,25.2,5.308739515066069e-05,5.3087395118784515e-05
finest-broad,25.225,7.87498362460619e-05,7.874983621765332e-05
finest-broad,25.25,8.600624047420262e-05,8.600624045186075e-05
finest-broad,25.275000000000002,8.153766891244426e-05,8.153766888105687e-05
finest-broad,25.3,7.094312239355443e-05,7.094312236629528e-05
finest-broad,25.325,5.859510408599528e-05,5.859510405249692e-05
finest-broad,25.35,4.754078025867443e-05,4.754078022991994e-05
finest-broad,25.375,3.953130861126184e-05,3.9531308582864466e-05
finest-broad,25.400000000000002,3.514286868492443e-05,3.514286865825238e-05
finest-broad,25.425,3.402822952391063e-05,3.402822949996603e-05
finest-broad,25.45,3.524767100533351e-05,3.524767097906936e-05
finest-broad,25.475,3.762661756446679e-05,3.762661753743055e-05
finest-broad,25.5,4.009556444726295e-05,4.009556442457682e-05
finest-broad,25.525000000000002,4.191011281378626e-05,4.191011279540172e-05
finest-broad,25.55,4.2759151677175867e-05,4.275915165697302e-05
finest-broad,25.575,4.271218145196408e-05,4.271218142621269e-05
finest-broad,25.6,4.2083408458866424e-05,4.208340843912601e-05
finest-broad,25.625,4.1255007667438655e-05,4.125500764513216e-05
finest-broad,25.650000000000002,4.0530236970885995e-05,4.0530236945402846e-05
finest-broad,25.675,4.0071393285447594e-05,4.007139326662882e-05
finest-broad,25.7,3.989429472255022e-05,3.9894294703879296e-05
finest-broad,25.725,3.9928014058562536e-05,3.9928014034760334e-05
finest-broad,25.75,4.005866594722961e-05,4.005866592128866e-05
finest-broad,25.775000000000002,4.017214443360246e-05,4.017214442310858e-05
finest-broad,25.8,4.017117328392833e-05,4.017117325876526e-05
finest-broad,25.825,3.9995411452472746e-05,3.99954114347174e-05
finest-broad,25.85,3.965134442091368e-05,3.965134440499024e-05
finest-broad,25.875,3.9217426934407146e-05,3.9217426912891845e-05
finest-broad,25.900000000000002,3.882543582209181e-05,3.88254358056947e-05
finest-broad,25.925,3.8580748960224473e-05,3.8580748941351475e-05
finest-broad,25.95,3.849485410171495e-05,3.849485408352785e-05
finest-broad,25.975,3.8460274583731635e-05,3.84602745656177e-05
finest-broad,26.0,3.832174430347429e-05,3.8321744284921266e-05
finest-broad,26.025000000000002,3.799367372725647e-05,3.7993673717080496e-05
finest-broad,26.05,3.753114784278512e-05,3.753114782588449e-05
finest-broad,26.075,3.709462505451883e-05,3.7094625044003596e-05
finest-broad,26.1,3.6809995886353844e-05,3.680999587548209e-05
finest-broad,26.125,3.666220782560706e-05,3.666220782100181e-05
finest-broad,26.150000000000002,3.650232031949483e-05,3.650232031124797e-05
finest-broad,26.175,3.6190054451032e-05,3.6190054451879316e-05
finest-broad,26.2,3.572497072687699e-05,3.572497071961895e-05
finest-broad,26.225,3.5246050369289036e-05,3.52460503736376e-05
finest-broad,26.25,3.489105697687933e-05,3.489105697855987e-05
finest-broad,26.275000000000002,3.465405743653746e-05,3.46540574312558e-05
finest-broad,26.3,3.439900073526273e-05,3.439900074619999e-05
finest-broad,26.325,3.400507942888161e-05,3.400507942198764e-05
finest-broad,26.35,3.350061187623058e-05,3.3500611886001856e-05
finest-broad,26.375,3.302194845189248e-05,3.3021948451421115e-05
finest-broad,26.400000000000002,3.2657840376434486e-05,3.2657840375668586e-05
finest-broad,26.425,3.2348632872493e-05,3.2348632878923106e-05
finest-broad,26.45,3.196453743707231e-05,3.196453742438451e-05
finest-broad,26.475,3.1463409344598406e-05,3.146340935341609e-05
finest-broad,26.5,3.0934919377305425e-05,3.093491937476393e-05
finest-broad,26.525000000000002,3.0484171416012432e-05,3.048417141190071e-05
finest-broad,26.55,3.0098228668461474e-05,3.009822867564871e-05
finest-broad,26.575,2.9672978192754977e-05,2.9672978185089298e-05
finest-broad,26.6,2.9150694162409442e-05,2.9150694167286316e-05
finest-broad,26.625,2.859294154686547e-05,2.8592941543915557e-05
finest-broad,26.650000000000002,2.8088763516835418e-05,2.8088763518767056e-05
finest-broad,26.675,2.763474830826881e-05,2.7634748312186372e-05
finest-broad,26.7,2.7147286413270945e-05,2.7147286409368464e-05
finest-broad,26.725,2.658363171358562e-05,2.6583631713537562e-05
finest-broad,26.75,2.599759260797509e-05,2.599759261194624e-05
finest-broad,26.775000000000002,2.5454146065876212e-05,2.545414606261219e-05
finest-broad,26.8,2.4937431471702485e-05,2.4937431468820825e-05
finest-broad,26.825,2.4380746921279794e-05,2.438074692164547e-05
finest-broad,26.85,2.376914177640798e-05,2.3769141775958675e-05
finest-broad,26.875,2.3154586190133813e-05,2.3154586190856356e-05
finest-broad,26.900000000000002,2.257219465475903e-05,2.2572194658664062e-05
finest-broad,26.925,2.198968756438183e-05,2.198968755447794e-05
finest-broad,26.95,2.1364268302682627e-05,2.136426830875715e-05
finest-broad,26.975,2.0708595140635655e-05,2.0708595132452497e-05
finest-broad,27.0,2.00636978115838e-05,2.0063697819522124e-05
finest-broad,27.025000000000002,1.9432194449378863e-05,1.943219444695368e-05
finest-broad,27.05,1.8779676675684528e-05,1.87796766758043e-05
finest-broad,27.075,1.809394670387281e-05,1.8093946705478796e-05
finest-broad,27.1,1.7400135536374644e-05,1.7400135531919603e-05
finest-broad,27.125,1.6714817535088515e-05,1.6714817538266424e-05
finest-broad,27.150000000000002,1.6021690734359587e-05,1.6021690744747517e-05
finest-broad,27.175,1.5303244657061082e-05,1.530324464459154e-05
finest-broad,27.2,1.4568549095346989e-05,1.4568549108877861e-05
finest-broad,27.225,1.3832654911974538e-05,1.383265490360773e-05
finest-broad,27.25,1.3092193056287073e-05,1.3092193060419083e-05
finest-broad,27.275000000000002,1.2335044090311168e-05,1.233504408899231e-05
finest-broad,27.3,1.1560967089711734e-05,1.1560967090021946e-05
finest-broad,27.325,1.0777880468367286e-05,1.077788046844456e-05
finest-broad,27.35,9.98802708820168e-06,9.98802707930752e-06
finest-broad,27.375,9.187572618075161e-06,9.187572626745048e-06
finest-broad,27.400000000000002,8.372476452782628e-06,8.372476448969864e-06
finest-broad,27.425,7.5432706551098765e-06,7.5432706594788004e-06
finest-broad,27.45,6.703678470738925e-06,6.703678464625841e-06
finest-broad,27.475,5.8572772667282376e-06,5.857277273281277e-06
finest-broad,27.5,4.998764102638827e-06,4.998764100616207e-06
finest-broad,27.525000000000002,4.122438319452001e-06,4.122438319096647e-06
finest-broad,27.55,3.232979947342537e-06,3.232979956195896e-06
finest-broad,27.575,2.3393096092609935e-06,2.339309593664809e-06
finest-broad,27.6,1.4349155490589099e-06,1.4349155672050587e-06
finest-broad,27.625,5.092506802161617e-07,5.092506595037581e-07
finest-broad,27.650000000000002,-4.302881337175782e-07,-4.302881114147959e-07
finest-broad,27.675,-1.3718966603452105e-06,-1.3718966779136862e-06
finest-broad,27.7,-2.3249472715325186e-06,-2.3249472654968795e-06
finest-broad,27.725,-3.3025713563779713e-06,-3.3025713517006317e-06
finest-broad,27.75,-4.29224749760875e-06,-4.292247510985663e-06
finest-broad,27.775000000000002,-5.282479044899192e-06,-5.282479024117371e-06
finest-broad,27.8,-6.287693554059937e-06,-6.287693576812185e-06
finest-broad,27.825,-7.3194787128441656e-06,-7.319478696155637e-06
finest-broad,27.85,-8.358944627961625e-06,-8.358944645260664e-06
finest-broad,27.875,-9.399401106670652e-06,-9.39940109848241e-06
finest-broad,27.900000000000002,-1.0460997499871497e-05,-1.0460997504904805e-05
finest-broad,27.925,-1.1547821924556104e-05,-1.1547821925978251e-05
finest-broad,27.95,-1.2636662783642567e-05,-1.2636662779083373e-05
finest-broad,27.975,-1.3730853172217864e-05,-1.3730853175683182e-05
finest-broad,28.0,-1.4852794948650051e-05,-1.4852794945225416e-05
finest-broad,28.025000000000002,-1.599360595716247e-05,-1.5993605954878764e-05
finest-broad,28.05,-1.713270772114718e-05,-1.7132707720801906e-05
finest-broad,28.075,-1.828628899421791e-05,-1.8286288985481785e-05
finest-broad,28.1,-1.947035770030448e-05,-1.9470357706485876e-05
finest-broad,28.125,-2.06628942789391e-05,-2.066289426590425e-05
finest-broad,28.150000000000002,-2.1856413978408508e-05,-2.185641399434412e-05
finest-broad,28.175,-2.3075462709910845e-05,-2.3075462692635608e-05
finest-broad,28.2,-2.431961860199025e-05,-2.4319618617582417e-05
finest-broad,28.225,-2.556334262862982e-05,-2.5563342615126275e-05
finest-broad,28.25,-2.6819274609145585e-05,-2.6819274623722382e-05
finest-broad,28.275000000000002,-2.8106489886698432e-05,-2.8106489881510992e-05
finest-broad,28.3,-2.9406113756420776e-05,-2.9406113757581845e-05
finest-broad,28.325,-3.070608646880926e-05,-3.07060864783756e-05
finest-broad,28.35,-3.203286102267784e-05,-3.20328610050372e-05
finest-broad,28.375,-3.338470773639448e-05,-3.338470776559778e-05
finest-broad,28.400000000000002,-3.473819133726068e-05,-3.4738191307978694e-05
finest-broad,28.425,-3.610537340679426e-05,-3.610537343922912e-05
finest-broad,28.45,-3.750523848899335e-05,-3.7505238455035734e-05
finest-broad,28.475,-3.8915195131195845e-05,-3.891519515834605e-05
finest-broad,28.5,-4.032987994392958e-05,-4.032987992097667e-05
finest-broad,28.525000000000002,-4.1773964244064926e-05,-4.177396426161044e-05
finest-broad,28.55,-4.324033069490666e-05,-4.324033067428729e-05
finest-broad,28.575,-4.470862053162066e-05,-4.4708620555423616e-05
finest-broad,28.6,-4.619814462230709e-05,-4.619814459483909e-05
finest-broad,28.625,-4.771805164543136e-05,-4.771805167776876e-05
finest-broad,28.650000000000002,-4.924428356353017e-05,-4.924428353492289e-05
finest-broad,28.675,-5.078321133761687e-05,-5.07832113694573e-05
finest-broad,28.7,-5.235434392774095e-05,-5.2354343898798504e-05
finest-broad,28.725,-5.3940529301352946e-05,-5.394052932814737e-05
finest-broad,28.75,-5.553315605362114e-05,-5.5533156036454995e-05
finest-broad,28.775000000000002,-5.715606230174945e-05,-5.7156062310304295e-05
finest-broad,28.8,-5.880130137091707e-05,-5.880130136487074e-05
finest-broad,28.825,-6.045282811270523e-05,-6.045282810822968e-05
finest-broad,28.85,-6.212824922800961e-05,-6.212824923498901e-05
finest-broad,28.875,-6.383312900243926e-05,-6.383312898940767e-05
finest-broad,28.900000000000002,-6.554548501566074e-05,-6.554548502881741e-05
finest-broad,28.925,-6.727757225862074e-05,-6.727757224901804e-05
finest-broad,28.95,-6.9040798095522e-05,-6.904079809954918e-05
finest-broad,28.975,-7.081728891297885e-05,-7.081728891033863e-05
finest-broad,29.0,-7.260804573002535e-05,-7.260804573114047e-05
finest-broad,29.025000000000002,-7.443175422857974e-05,-7.44317542288071e-05
finest-broad,29.05,-7.627240665198986e-05,-7.627240665864155e-05
finest-broad,29.075,-7.812632629850344e-05,-7.812632627991322e-05
finest-broad,29.1,-8.001085524069672e-05,-8.001085527011942e-05
finest-broad,29.125,-8.191802605236466e-05,-8.191802601472264e-05
finest-broad,29.150000000000002,-8.383678036813775e-05,-8.383678040982009e-05
finest-broad,29.175,-8.57854203881761e-05,-8.578542034401962e-05
finest-broad,29.2,-8.77592842288276e-05,-8.775928427337948e-05
finest-broad,29.225,-8.974635713578711e-05,-8.97463570915627e-05
finest-broad,29.25,-9.176068889069277e-05,-9.176068892618703e-05
finest-broad,29.275000000000002,-9.380356530412354e-05,-9.380356527867853e-05
finest-broad,29.3,-9.586045372179236e-05,-9.586045373950798e-05
finest-broad,29.325,-9.79437725803144e-05,-9.794377256084034e-05
finest-broad,29.35,-0.00010005686498199057,-0.00010005686500496369
finest-broad,29.375,-0.0001021861775936199,-0.00010218617756857966
finest-broad,29.400000000000002,-0.00010434074803808343,-0.00010434074806864072
finest-broad,29.425,-0.00010652641368561693,-0.0001065264136506401
finest-broad,29.45,-0.00010873002255173043,-0.00010873002259351058
finest-broad,29.475,-0.00011095864166123276,-0.00011095864161740553
finest-broad,29.5,-0.00011321907831568423,-0.00011321907835638751
finest-broad,29.525000000000002,-0.00011549910776937498,-0.00011549910773912437
finest-broad,29.55,-0.00011780452294094841,-0.00011780452296472742
finest-broad,29.575,-0.00012014196294674632,-0.00012014196292702772
finest-broad,29.6,-0.000122500907295781,-0.00012250090731779522
finest-broad,29.625,-0.00012488544235821422,-0.0001248854423346503
finest-broad,29.650000000000002,-0.00012730280166150726,-0.0001273028016892997
finest-broad,29.675,-0.00012974256347202822,-0.00012974256343735712
finest-broad,29.7,-0.00013220939954646364,-0.00013220939958334918
finest-broad,29.725,-0.00013470872217080486,-0.0001347087221298445
finest-broad,29.75,-0.00013723239844470875,-0.00013723239848152657
finest-broad,29.775000000000002,-0.00013978357488380008,-0.0001397835748533144
finest-broad,29.8,-0.0001423682563403815,-0.00014236825635944802
finest-broad,29.825,-0.00014497768846449734,-0.00014497768845239773
finest-broad,29.85,-0.0001476167635564155,-0.0001476167635566442
finest-broad,29.875,-0.00015028870933719773,-0.0001502887093414726
finest-broad,29.900000000000002,-0.00015298748664903988,-0.00015298748664536449
finest-broad,29.925,-0.00015571638004816384,-0.00015571638005580906
finest-broad,29.95,-0.00015847931256579537,-0.00015847931256470125
finest-broad,29.975,-0.00016126932979519876,-0.0001612693297944608
finest-broad,30.0,-0.00016409188323984156,-0.00016409188324318776
finest-broad,30.025000000000002,-0.00016694767515122895,-0.00016694767515269883
finest-broad,30.05,-0.00016983290115584208,-0.00016983290115733454
finest-broad,30.075,-0.00017275101000910998,-0.00017275101001305943
finest-broad,30.1,-0.00017570363980481168,-0.00017570363979120692
finest-broad,30.125,-0.000178686094147845,-0.00017868609416522933
finest-broad,30.150000000000002,-0.00018170377879651953,-0.00018170377876879199
finest-broad,30.175,-0.0001847552158444067,-0.00018475521587331943
finest-broad,30.2,-0.00018783913079795605,-0.00018783913076720387
finest-broad,30.225,-0.00019095831899553788,-0.00019095831902376536
finest-broad,30.25,-0.00019411278895565658,-0.00019411278892252334
finest-broad,30.275000000000002,-0.00019730031217281497,-0.00019730031220479603
finest-broad,30.3,-0.00020052514138151214,-0.0002005251413577801
finest-broad,30.325,-0.00020378482955619022,-0.00020378482958157313
finest-broad,30.35,-0.00020708031210487005,-0.00020708031208085706
finest-broad,30.375,-0.0002104128327077603,-0.00021041283273147857
finest-broad,30.400000000000002,-0.00021378219606490653,-0.00021378219604151083
finest-broad,30.425,-0.00021718786166280977,-0.00021718786168372354
finest-broad,30.45,-0.00022063236184316005,-0.000220632361828874
finest-broad,30.475,-0.0002241138307333937,-0.00022411383074527928
finest-broad,30.5,-0.00022763401996574552,-0.00022763401995421287
finest-broad,30.525000000000002,-0.0002311928307953554,-0.00023119283080618664
finest-broad,30.55,-0.0002347909630693324,-0.00023479096304904835
finest-broad,30.575,-0.0002384279891561161,-0.00023842798918526596
finest-broad,30.6,-0.00024210562085850062,-0.00024210562082029448
finest-broad,30.625,-0.00024582297768062524,-0.0002458229777206186
finest-broad,30.650000000000002,-0.00024958119410855434,-0.00024958119406912223
finest-broad,30.675,-0.0002533803526123637,-0.0002533803526412706
finest-broad,30.7,-0.0002572213677466567,-0.0002572213677264322
finest-broad,30.725,-0.00026110338952513025,-0.0002611033895370477
finest-broad,30.75,-0.0002650286878429382,-0.00026502868783726853
finest-broad,30.775000000000002,-0.0002689959767108726,-0.00026899597672121314
finest-broad,30.8,-0.0002730063435593513,-0.0002730063435376589
finest-broad,30.825,-0.0002770606857731207,-0.0002770606858094831
finest-broad,30.85,-0.00028115853982053034,-0.0002811585397696924
finest-broad,30.875,-0.00028530038204551284,-0.0002853003821075057
finest-broad,30.900000000000002,-0.000289488104913221,-0.0002894881048507942
finest-broad,30.925,-0.0002937194924584927,-0.0002937194925150516
finest-broad,30.95,-0.0002979974335331005,-0.0002979974334857018
finest-broad,30.975,-0.0003023214298709307,-0.00030232142990597777
finest-broad,31.0,-0.00030669082935141744,-0.00030669082932803206
finest-broad,31.025000000000002,-0.0003111082376999164,-0.00031110823771947924
finest-broad,31.05,-0.00031557250006444896,-0.0003155725000452067
finest-broad,31.075,-0.00032008362223973443,-0.00032008362226155563
finest-broad,31.1,-0.00032464458439813537,-0.0003246445843659206
finest-broad,31.125,-0.00032925244810083447,-0.0003292524481413957
finest-broad,31.150000000000002,-0.0003339098656521006,-0.0003339098656086245
finest-broad,31.175,-0.00033861756701368995,-0.00033861756705822377
finest-broad,31.2,-0.00034337329951556074,-0.0003433732994793537
finest-broad,31.225,-0.0003481809598743596,-0.0003481809598984931
finest-broad,31.25,-0.00035303888036723654,-0.0003530388803588027
finest-broad,31.275000000000002,-0.00035794688434317767,-0.00035794688434017703
finest-broad,31.3,-0.0003629084509454377,-0.0003629084509549928
finest-broad,31.325,-0.0003679203390133401,-0.0003679203389976769
finest-broad,31.35,-0.00037298502585775175,-0.000372985025869857
finest-broad,31.375,-0.0003781039538054297,-0.00037810395380029316
finest-broad,31.400000000000002,-0.0003832738067210385,-0.0003832738067209732
finest-broad,31.425,-0.0003884996574220462,-0.00038849965741630715
finest-broad,31.45,-0.0003937788088304346,-0.00039377880883640677
finest-broad,31.475,-0.0003991117723145067,-0.00039911177230208205
finest-broad,31.5,-0.0004045018092330457,-0.00040450180925537493
finest-broad,31.525000000000002,-0.00040994543032829784,-0.0004099454303060873
finest-broad,31.55,-0.00041544563024607984,-0.00041544563026938406
finest-broad,31.575,-0.0004210034284349456,-0.0004210034284086594
finest-broad,31.6,-0.0004266153955412805,-0.00042661539556479363
finest-broad,31.625,-0.0004322875003846803,-0.00043228750037147305
finest-broad,31.650000000000002,-0.0004380154476570112,-0.0004380154476715573
finest-broad,31.675,-0.0004438015072473631,-0.0004438015072309522
finest-broad,31.7,-0.00044964772653643064,-0.0004496477265590881
finest-broad,31.725,-0.0004555506550294644,-0.00045555065500062984
finest-broad,31.75,-0.00046151447441642954,-0.00046151447444658814
finest-broad,31.775000000000002,-0.00046753828893832366,-0.0004675382889130038
finest-broad,31.8,-0.00047362027509897296,-0.0004736202751168925
finest-broad,31.825,-0.00047976599955126624,-0.0004797659995401183
finest-broad,31.85,-0.00048596989517492236,-0.00048596989517969333
finest-broad,31.875,-0.0004922366837386314,-0.0004922366837343163
finest-broad,31.900000000000002,-0.0004985658291029426,-0.0004985658291144625
finest-broad,31.925,-0.0005049551968651876,-0.0005049551968429705
finest-broad,31.95,-0.0005114096834449301,-0.0005114096834765087
finest-broad,31.975,-0.0005179256365037315,-0.0005179256364691274
finest-broad,32.0,-0.0005245048725451785,-0.0005245048725739075
finest-broad,32.025,-0.0005311499041905602,-0.0005311499041774692
finest-broad,32.05,-0.0005378561522463053,-0.0005378561522452031
finest-broad,32.075,-0.0005446297669642206,-0.0005446297669799105
finest-broad,32.1,-0.0005514669345484867,-0.0005514669345253319
finest-broad,32.125,-0.000558368905230368,-0.000558368905242514
finest-broad,32.15,-0.0005653387395748802,-0.0005653387395796096
finest-broad,32.175,-0.0005723717497036285,-0.0005723717496786412
finest-broad,32.2,-0.0005794734621558441,-0.0005794734621960028
finest-broad,32.225,-0.000586641111396566,-0.0005866411113483854
finest-broad,32.25,-0.0005938747912154035,-0.0005938747912547849
finest-broad,32.275,-0.0006011782466610287,-0.0006011782466326377
finest-broad,32.3,-0.0006085467202451762,-0.0006085467202628831
finest-broad,32.325,-0.0006159850536161703,-0.0006159850536030981
finest-broad,32.35,-0.0006234915527199886,-0.000623491552735626
finest-broad,32.375,-0.0006310650214464942,-0.0006310650214281377
finest-broad,32.4,-0.0006387103022977811,-0.0006387103023181834
finest-broad,32.425,-0.0006464216693416894,-0.0006464216693197948
finest-broad,32.45,-0.0006542047015288854,-0.0006542047015492561
finest-broad,32.475,-0.0006620568692682021,-0.0006620568692507299
finest-broad,32.5,-0.000669977869153464,-0.00066997786917696
finest-broad,32.525,-0.0006779713607922327,-0.0006779713607632745
finest-broad,32.55,-0.0006860328305633263,-0.0006860328306044561
finest-broad,32.575,-0.0006941665444279608,-0.0006941665443794485
finest-broad,32.6,-0.000702371063090948,-0.0007023710631375115
finest-broad,32.625,-0.0007106450300209326,-0.0007106450299817497
finest-broad,32.65,-0.000718992969150577,-0.0007189929691729443
finest-broad,32.675,-0.0007274093261948517,-0.0007274093261894789
finest-broad,32.7,-0.0007358994610150259,-0.0007358994610038629
finest-broad,32.725,-0.0007444605227040492,-0.0007444605227149123
finest-broad,32.75,-0.0007530925108093164,-0.0007530925108078728
finest-broad,32.775,-0.0007617986159732721,-0.0007617986159600954
finest-broad,32.8,-0.0007705740647354676,-0.0007705740647618765
finest-broad,32.825,-0.00077942389025798,-0.0007794238902413703
finest-broad,32.85,-0.0007883448097719333,-0.0007883448097685343
finest-broad,32.875,-0.000797337543275237,-0.0007973375433016185
finest-broad,32.9,-0.0008064042835576947,-0.0008064042835120303
finest-broad,32.925,-0.0008155408692749587,-0.0008155408693259706
finest-broad,32.95,-0.0008247520373919241,-0.0008247520373528933
finest-broad,32.975,-0.0008340340998626392,-0.0008340340998803493
finest-broad,33.0,-0.0008433883635829712,-0.0008433883635793155
finest-broad,33.025,-0.0008528162647013808,-0.0008528162646980442
finest-broad,33.05,-0.0008623137834880071,-0.0008623137834801931
finest-broad,33.075,-0.0008718861008083806,-0.0008718861008465087
finest-broad,33.1,-0.0008815279940816283,-0.0008815279940162063
finest-broad,33.125,-0.0008912428601599338,-0.0008912428602432539
finest-broad,33.15,-0.0009010294830127432,-0.0009010294829348432
finest-broad,33.175,-0.0009108861241982632,-0.0009108861242453909
finest-broad,33.2,-0.0009208161367317952,-0.0009208161367211902
finest-broad,33.225,-0.0009308149225343652,-0.0009308149225227869
finest-broad,33.25,-0.0009408860595851444,-0.0009408860595929674
finest-broad,33.275,-0.0009510271526818056,-0.0009510271527085805
finest-broad,33.3,-0.0009612377028805673,-0.0009612377028015813
finest-broad,33.325,-0.0009715198507075769,-0.0009715198508280227
finest-broad,33.35,-0.000981869236360398,-0.0009818692362303584
finest-broad,33.375,-0.0009922899169362938,-0.0009922899170303546
finest-broad,33.4,-0.0010027778723857158,-0.0010027778723644735
finest-broad,33.425,-0.0010133344968257416,-0.0010133344967682596
finest-broad,33.45,-0.001023959802676425,-0.0010239598027768791
finest-broad,33.475,-0.0010346506676447269,-0.0010346506675606728
finest-broad,33.5,-0.0010454107164900403,-0.0010454107164864807
finest-broad,33.525,-0.0010562348032686541,-0.0010562348033927563
finest-broad,33.55,-0.0010671263146180435,-0.0010671263143834674
finest-broad,33.575,-0.0010780822432192266,-0.001078082243494801
finest-broad,33.6,-0.001089102320378271,-0.0010891023201659523
finest-broad,33.625,-0.001100187518492594,-0.0011001875185402486
finest-broad,33.65,-0.0011113340259371982,-0.0011113340260934892
finest-broad,33.675,-0.0011225448394767221,-0.0011225448391518822
finest-broad,33.7,-0.001133815828969388,-0.0011338158293400463
finest-broad,33.725,-0.0011451483582280127,-0.001145148357975656
finest-broad,33.75,-0.00115654115666426,-0.0011565411566479048
finest-broad,33.775,-0.001167991988645395,-0.0011679919889893819
finest-broad,33.8,-0.0011795027760980903,-0.0011795027754963208
finest-broad,33.825,-0.0011910689840388781,-0.0011910689847048142
finest-broad,33.85,-0.0012026931581469813,-0.0012026931576843156
finest-broad,33.875,-0.0012143716481705417,-0.001214371648194762
finest-broad,33.9,-0.0012261045673401783,-0.0012261045678735039
finest-broad,33.925,-0.0012378913875750043,-0.0012378913865803
finest-broad,33.95,-0.001249728827050677,-0.0012497288282262526
finest-broad,33.975,-0.0012616190013605272,-0.0012616190004234571
finest-broad,34.0,-0.0012735569811282606,-0.0012735569814165313
finest-broad,34.025,-0.0012855449299765864,-0.0012855449305894148
finest-broad,34.05,-0.0012975791215721082,-0.0012975791201060851
finest-broad,34.075,-0.0013096592607350712,-0.0013096592626849757
finest-broad,34.1,-0.001321784479935502,-0.0013217844781341752
finest-broad,34.125,-0.001333951508278252,-0.0013339515092140766
finest-broad,34.15,-0.0013461616629396969,-0.0013461616634191332
finest-broad,34.175000000000004,-0.001358410356727291,-0.0013584103546630307
finest-broad,34.2,-0.0013706988239316367,-0.0013706988272243336
finest-broad,34.225,-0.001383023548983115,-0.0013830235453170324
finest-broad,34.25,-0.0013953836433990637,-0.0013953836462676388
finest-broad,34.275,-0.0014077779713889962,-0.0014077779704670217
finest-broad,34.300000000000004,-0.0014202031513095147,-0.001420203149544352
finest-broad,34.325,-0.0014326598346742526,-0.001432659839134348
finest-broad,34.35,-0.0014451435313867715,-0.0014451435250972665
finest-broad,34.375,-0.0014576548013643144,-0.0014576548078484358
finest-broad,34.4,-0.0014701900373152942,-0.001470190032672907
finest-broad,34.425000000000004,-0.0014827479726639168,-0.0014827479735748815
finest-broad,34.45,-0.0014953270530665135,-0.0014953270570193212
finest-broad,34.475,-0.0015079237583388383,-0.001507923749632535
finest-broad,34.5,-0.001520538228327885,-0.0015205382402114522
finest-broad,34.525,-0.0015331657273664327,-0.0015331657151346956
finest-broad,34.550000000000004,-0.001545806583224768,-0.0015458065922893
finest-broad,34.575,-0.0015584565338054974,-0.0015584565312307885
finest-broad,34.6,-0.0015711145154455434,-0.0015711145093793076
finest-broad,34.625,-0.0015837779485536093,-0.0015837779634324456
finest-broad,34.65,-0.0015964437171249255,-0.001596443695657177
finest-broad,34.675000000000004,-0.0016091109571600925,-0.0016091109807484713
finest-broad,34.7,-0.0016217750641801397,-0.0016217750444042392
finest-broad,34.725,-0.0016344358513480765,-0.0016344358612207358
finest-broad,34.75,-0.0016470885474012872,-0.0016470885521511758
finest-broad,34.775,-0.0016597322595436103,-0.0016597322382865488
finest-broad,34.800000000000004,-0.0016723632782414597,-0.001672363314071135
finest-broad,34.825,-0.001684979108613927,-0.001684979064155862
finest-broad,34.85,-0.0016975775537753333,-0.001697577597642771
finest-broad,34.875,-0.0017101545510982514,-0.0017101545186737226
finest-broad,34.9,-0.0017227089355370555,-0.0017227089463268674
finest-broad,34.925000000000004,-0.0017352359064545949,-0.0017352359243220188
finest-broad,34.95,-0.0017477342985960716,-0.0017477342503701848
finest-broad,34.975,-0.0017601996491596163,-0.0017601997228193027
finest-broad,35.0,-0.001772629833025891,-0.0017726297455142967
finest-broad,35.025,-0.0017850214459248024,-0.0017850215305023184
finest-broad,35.050000000000004,-0.0017973710101106134,-0.0017973709476987894
finest-broad,35.075,-0.0018096762188132137,-0.001809676241093363
finest-broad,35.1,-0.001821932542955885,-0.0018219325735133853
finest-broad,35.125,-0.0018341382033735733,-0.0018341381160318993
finest-broad,35.15,-0.0018462883696280076,-0.0018462885067288836
finest-broad,35.175000000000004,-0.0018583809805624019,-0.0018583808120431527
finest-broad,35.2,-0.001870411671038612,-0.0018704118431545696
finest-broad,35.225,-0.0018823774800456878,-0.0018823773377007083
finest-broad,35.25,-0.0018942749174191567,-0.00189427499661955
finest-broad,35.275,-0.0019060999681483454,-0.0019060999791803944
finest-broad,35.300000000000004,-0.0019178499257580604,-0.0019178498096875801
finest-broad,35.325,-0.0019295200398712939,-0.0019295202589401132
finest-broad,35.35,-0.0019411079100583554,-0.0019411076090187205
finest-broad,35.375,-0.0019526086297365203,-0.0019526089736437993
finest-broad,35.4,-0.0019640195148179357,-0.0019640191810534114
finest-broad,35.425000000000004,-0.001975336045617935,-0.001975336309383304
finest-broad,35.45,-0.001986554832991442,-0.0019865546968089753
finest-broad,35.475,-0.001997672019676215,-0.001997671982808043
finest-broad,35.5,-0.002008683417937194,-0.0020086836521037298
finest-broad,35.525,-0.002019585765267362,-0.00201958533757545
finest-broad,35.550000000000004,-0.0020303743006255654,-0.002030374886834751
finest-broad,35.575,-0.002041046029713783,-0.0020410453499943694
finest-broad,35.6,-0.0020515960199741874,-0.0020515967040984984
finest-broad,35.625,-0.0020620211380989076,-0.0020620205525909226
finest-broad,35.65,-0.002072316668180533,-0.0020723170514485175
finest-broad,35.675000000000004,-0.0020824790292859616,-0.002082478937612041
finest-broad,35.7,-0.002092503947175688,-0.00209250368658506
finest-broad,35.725,-0.0021023872895923196,-0.0021023879224525287
finest-broad,35.75,-0.0021121252299367223,-0.002112124253107404
finest-broad,35.775,-0.0021217131906537683,-0.002121714432892225
finest-broad,35.800000000000004,-0.0021311476208847983,-0.0021311462376384987
finest-broad,35.825,-0.0021404237357704717,-0.0021404251005653586
finest-broad,35.85,-0.0021495380123189418,-0.0021495368442905126
finest-broad,35.875,-0.002158485715997589,-0.0021584865101282364
finest-broad,35.9,-0.002167263137524276,-0.0021672628715594393
finest-broad,35.925000000000004,-0.002175865774035419,-0.002175865401286033
finest-broad,35.95,-0.0021842896230712147,-0.002184290683852646
finest-broad,35.975,-0.0021925304724502385,-0.0021925287474916086
finest-broad,36.0,-0.0022005840439255657,-0.0022005863313183695
finest-broad,36.025,-0.002208446362937032,-0.0022084436892260183
finest-broad,36.050000000000004,-0.0022161129839021374,-0.0022161158051831396
finest-broad,36.075,-0.002223580054538692,-0.0022235773678590423
finest-broad,36.1,-0.0022308431023508267,-0.0022308453538860042
finest-broad,36.125,-0.0022378982807008748,-0.0022378967546514425
finest-broad,36.15,-0.002244741206259092,-0.002244741756150358
finest-broad,36.175000000000004,-0.002251367966316995,-0.0022513685760862296
finest-broad,36.2,-0.0022577743259038037,-0.0022577724629810054
finest-broad,36.225,-0.0022639562965110997,-0.002263959400160776
finest-broad,36.25,-0.0022699097920864417,-0.0022699055733637606
finest-broad,36.275,-0.002275630788662393,-0.002275635885750481
finest-broad,36.300000000000004,-0.0022811153134533885,-0.002281109674018335
finest-broad,36.325,-0.002286359368241902,-0.002286365135199454
finest-broad,36.35,-0.002291359053515488,-0.002291353624900961
finest-broad,36.375,-0.0022961104481741233,-0.00229611505448428
finest-broad,36.4,-0.0023006097076423157,-0.0023006063900728544
finest-broad,36.425000000000004,-0.0023048530106128864,-0.002304854626202932
finest-broad,36.45,-0.0023088365809246286,-0.0023088369942514866
finest-broad,36.475,-0.0023125566898393565,-0.0023125540352141594
finest-broad,36.5,-0.0023160096677288583,-0.002316014640021366
finest-broad,36.525,-0.0023191918551395073,-0.002319184638115599
finest-broad,36.550000000000004,-0.0023220997333063442,-0.002322108968460618
finest-broad,36.575,-0.002324729693176149,-0.0023247188154391003
finest-broad,36.6,-0.0023270783972103937,-0.0023270904064633157
finest-broad,36.625,-0.002329142289727196,-0.002329129774307512
finest-broad,36.65,-0.0023309182179409014,-0.002330930527714055
finest-broad,36.675000000000004,-0.0023324027112111654,-0.0023323913724886867
finest-broad,36.7,-0.0023335927776584734,-0.002333602362639185
finest-broad,36.725,-0.00233448508645746,-0.002334478017133003
finest-broad,36.75,-0.0023350767661608307,-0.002335080616897435
finest-broad,36.775,-0.0023353646888800133,-0.002335364663759824
finest-broad,36.800000000000004,-0.002335346063476788,-0.0023353417861461437
finest-broad,36.825,-0.002335018019017845,-0.0023350269149262004
finest-broad,36.85,-0.002334377820749763,-0.0023343641766237918
finest-broad,36.875,-0.00233342288672492,-0.002333441201986002
finest-broad,36.9,-0.002332150539692932,-0.0023321278510499725
finest-broad,36.925000000000004,-0.00233055849234422,-0.0023305850288838723
finest-broad,36.95,-0.002328644150727802,-0.00232861451916976
finest-broad,36.975,-0.002326405505910346,-0.0023264372604284026
finest-broad,37.0,-0.0023238400899412196,-0.0023238073872615616
finest-broad,37.025,-0.002320946143823147,-0.002320978442013613
finest-broad,37.050000000000004,-0.002317721374775221,-0.0023176909781876197
finest-broad,37.075,-0.0023141642427224234,-0.0023141911378728943
finest-broad,37.1,-0.0023102726777935625,-0.0023102509369962074
finest-broad,37.125,-0.0023060453305392176,-0.002306060267684628
finest-broad,37.15,-0.0023014803978561216,-0.002301473847344338
finest-broad,37.175000000000004,-0.0022965766949601236,-0.002296573409200794
finest-broad,37.2,-0.0022913327279197615,-0.0022913470967466675
finest-broad,37.225,-0.002285747449296119,-0.0022857210230111244
finest-broad,37.25,-0.0022798197188445874,-0.002279858837460225
finest-broad,37.275,-0.0022735485955898433,-0.002273496551012147
finest-broad,37.300000000000004,-0.0022669333390971805,-0.0022669980885823547
finest-broad,37.325,-0.0022599730843300696,-0.0022598963479616807
finest-broad,37.35,-0.002252667530385651,-0.0022527550103343904
finest-broad,37.375,-0.0022450158699274716,-0.0022449194269888
finest-broad,37.4,-0.0022370182596708143,-0.002237121354016506
finest-broad,37.425000000000004,-0.002228673961052079,-0.002228567031964308
finest-broad,37.45,-0.002219983567710972,-0.0022200910560238726
finest-broad,37.475,-0.0022109464652607354,-0.0022108420857613166
finest-broad,37.5,-0.002201563613901536,-0.0022016609095851275
finest-broad,37.525,-0.002191834627827094,-0.0021917485949726557
finest-broad,37.550000000000004,-0.0021817607168342083,-0.0021818312216499423
finest-broad,37.575,-0.0021713418651667523,-0.00217129111045221
finest-broad,37.6,-0.0021605793894119672,-0.002160606352181348
finest-broad,37.625,-0.0021494737935629712,-0.002149474344044318
finest-broad,37.65,-0.0021380263674113643,-0.002137995041928729
finest-broad,37.675000000000004,-0.002126238253745273,-0.00212630302352123
finest-broad,37.7,-0.0021141106306952436,-0.00211401046185939
finest-broad,37.725,-0.0021016453315864277,-0.002101782032926604
finest-broad,37.75,-0.002088843416776865,-0.002088669958279881
finest-broad,37.775,-0.002075707374244707,-0.0020759168410408946
finest-broad,37.800000000000004,-0.002062238227464504,-0.0020619945139422847
finest-broad,37.825,-0.0020484390005533013,-0.00204871417465855
finest-broad,37.85,-0.0020343108295810715,-0.0020340079890258968
finest-broad,37.875,-0.0020198571043356247,-0.002020182854304439
finest-broad,37.9,-0.002005079250931053,-0.0020047362387813376
finest-broad,37.925000000000004,-0.0019899808492917824,-0.001990334684846929
finest-broad,37.95,-0.001974563772110644,-0.0019742062214561326
finest-broad,37.975,-0.001958831655259044,-0.00195918528531945
finest-broad,38.0,-0.0019427869139865778,-0.0019424452092544932
finest-broad,38.025,-0.0019264331762619661,-0.0019267547521748748
finest-broad,38.050000000000004,-0.0019097734197282704,-0.0019094801973605353
finest-broad,38.075,-0.001892811271746733,-0.0018930680746063182
finest-broad,38.1,-0.0018755502297651662,-0.0018753375759525718
finest-broad,38.125,-0.001857993972645215,-0.001858155254984878
finest-broad,38.15,-0.0018401464483132422,-0.0018400430933943866
finest-broad,38.175000000000004,-0.0018220114432865742,-0.0018220511254081544
finest-broad,38.2,-0.0018035933008541227,-0.0018036221009033
finest-broad,38.225,-0.0017848959392846762,-0.0017847948875910668
finest-broad,38.25,-0.001765924083211858,-0.0017661000358640256
finest-broad,38.275,-0.0017466817604227729,-0.0017464294327585385
finest-broad,38.300000000000004,-0.0017271741037482573,-0.001727503075979083
finest-broad,38.325,-0.001707405196878679,-0.0017070005182948148
finest-broad,38.35,-0.0016873806206985666,-0.001687858881736078
finest-broad,38.375,-0.0016671044672157676,-0.0016665558870879466
finest-broad,38.4,-0.0016465827760315467,-0.0016471973410167816
finest-broad,38.425000000000004,-0.0016258196475634678,-0.001625144414128046
finest-broad,38.45,-0.0016048215262193773,-0.001605551235749904
finest-broad,38.475,-0.0015835925927219746,-0.0015828153546586317
finest-broad,38.5,-0.00156213956879581,-0.001562956764839058
finest-broad,38.525,-0.001540466851160941,-0.0015396177503204506
finest-broad,38.550000000000004,-0.001518581262912914,-0.0015194538780118312
finest-broad,38.575,-0.0014964875763022042,-0.00149560002786483
finest-broad,38.6,-0.0014741925422334253,-0.0014750863982892295
finest-broad,38.625,-0.001451701435805501,-0.0014508098012998585
finest-broad,38.65,-0.001429020819492152,-0.001429901934283146
finest-broad,38.675000000000004,-0.0014061565192758788,-0.0014052938660400437
finest-broad,38.7,-0.0013831148838466863,-0.0013839516041378717
finest-broad,38.725,-0.0013599022432258957,-0.0013590983554335563
finest-broad,38.75,-0.0013365247933075236,-0.0013372896082746203
finest-broad,38.775,-0.001312989251101103,-0.001312269017571911
finest-broad,38.800000000000004,-0.0012893017652188922,-0.0012899726975416255
finest-broad,38.825,-0.001265469306577168,-0.001264851564817227
finest-broad,38.85,-0.0012414980666937338,-0.0012420595851622422
finest-broad,38.875,-0.0012173951795784363,-0.0012168920492566493
finest-broad,38.9,-0.001193166905369282,-0.0011936103476687153
finest-broad,38.925000000000004,-0.001168820526417646,-0.0011684372232624494
finest-broad,38.95,-0.001144362318992949,-0.0011446858523252994
finest-broad,38.975,-0.0011197997670018844,-0.001119534852944687
finest-broad,39.0,-0.0010951390613917029,-0.0010953472392711775
finest-broad,39.025,-0.0010703879622339075,-0.0010702339616270415
finest-broad,39.050000000000004,-0.0010455524828498753,-0.0010456554775897851
finest-broad,39.075,-0.00102064069377791,-0.0010205849893880146
finest-broad,39.1,-0.0009956584046445162,-0.000995671006254444
finest-broad,39.125,-0.0009706139461117468,-0.0009706398619506246
finest-broad,39.15,-0.0009455129896716519,-0.0009454534642047435
finest-broad,39.175000000000004,-0.0009203639888917816,-0.0009204519686626785
finest-broad,39.2,-0.0008951726126347145,-0.0008950615077322984
finest-broad,39.225,-0.0008699472568427785,-0.0008700760551826709
finest-broad,39.25,-0.0008446937332936368,-0.0008445527076022718
finest-broad,39.275,-0.0008194202251809614,-0.0008195680420119391
finest-broad,39.300000000000004,-0.0007941327744693375,-0.0007939835130026598
finest-broad,39.325,-0.00076883928089069,-0.0007689847850860309
finest-broad,39.35,-0.0007435460043587973,-0.0007434092650350357
finest-broad,39.375,-0.0007182605924728279,-0.0007183837979251677
finest-broad,39.4,-0.0006929894202811045,-0.0006928842403253562
finest-broad,39.425000000000004,-0.0006677399821673624,-0.0006678229556861643
finest-broad,39.45,-0.000642518630801648,-0.0006424617060628925
finest-broad,39.475,-0.0006173328042501871,-0.0006173601991884937
finest-broad,39.5,-0.0005921887345524307,-0.0005921939713840788
finest-broad,39.525,-0.0005670938304543527,-0.000567053252048754
finest-broad,39.550000000000004,-0.0005420541967543873,-0.0005421324256286567
finest-broad,39.575,-0.0005170771409819868,-0.0005169593584582155
finest-broad,39.6,-0.0004921687270916867,-0.0004923275595328364
finest-broad,39.625,-0.00046733601762592096,-0.0004671350439223801
finest-broad,39.65,-0.00044258516324469847,-0.0004428289694308122
finest-broad,39.675000000000004,-0.0004179228356635161,-0.0004176358986298118
finest-broad,39.7,-0.0003933553632656973,-0.000393685346010064
finest-broad,39.725,-0.00036888895362391204,-0.0003685163826540327
finest-broad,39.75,-0.0003445301068279313,-0.0003449444487913193
finest-broad,39.775,-0.0003202846029975004,-0.0003198296531156681
finest-broad,39.800000000000004,-0.00029615900255275645,-0.0002966530663101257
finest-broad,39.825,-0.00027215878240691735,-0.0002716274140056713
finest-broad,39.85,-0.0002482903971815048,-0.0002488569623170685
finest-broad,39.875,-0.00022455916073048024,-0.00022395978829053777
finest-broad,39.9,-0.00020097128361076937,-0.000201600810189175
finest-broad,39.925000000000004,-0.00017753199122940046,-0.00017687520899998987
finest-broad,39.95,-0.00015424720806175428,-0.00015492812124273818
finest-broad,39.975,-0.0001311220352567736,-0.00013042032225611046
finest-broad,40.0,-0.00010816217987008009,-0.00010888117580440794
finest-broad,40.025,-8.537249123021984e-05,-8.463989340535604e-05
finest-broad,40.050000000000004,-6.275858911099551e-05,-6.350096633301863e-05
finest-broad,40.075,-4.032492453980899e-05,-3.957670793401549e-05
finest-broad,40.1,-1.807713586055838e-05,-1.882715963812056e-05
finest-broad,40.125,3.980803667606155e-06,4.728536990321193e-06
finest-broad,40.15,2.5843228433933305e-05,2.5101920186453665e-05
finest-broad,40.175000000000004,4.750660689463692e-05,4.823734857366875e-05
finest-broad,40.2,6.896535091635179e-05,6.824929234836766e-05
finest-broad,40.225,9.021623791551081e-05,9.09135553576816e-05
finest-broad,40.25,0.00011125392386188336,0.00011057931179431003
finest-broad,40.275,0.00013207534243693184,0.0001327234154283357
finest-broad,40.300000000000004,0.0001526755317657978,0.00015205766287054847
finest-broad,40.325,0.00017305149938664518,0.00017363570707392247
finest-broad,40.35,0.00019319869912182784,0.00019265136191326404
finest-broad,40.375,0.00021311424979897478,0.0002136217953429448
finest-broad,40.4,0.00023279393488137998,0.0002323287741077353
finest-broad,40.425000000000004,0.0002522351195700314,0.00025265566970410517
finest-broad,40.45,0.00027143376776787295,0.00027105964926601257
finest-broad,40.475,0.0002903876416094103,0.0002907139477165353
finest-broad,40.5,0.00030909276824990636,0.00030881518280018817
finest-broad,40.525,0.0003275473795749077,0.0003277758368819841
finest-broad,40.550000000000004,0.00034574755728226106,0.0003455681113707128
finest-broad,40.575,0.00036369195091433563,0.0003638230440602499
finest-broad,40.6,0.0003813768064430204,0.0003812928545424513
finest-broad,40.625,0.0003988010433112248,0.0003988396218347827
finest-broad,40.65,0.00041596123578634993,0.00041596571128270116
finest-broad,40.675000000000004,0.00043285641898165755,0.00043281174641320383
finest-broad,40.7,0.0004494836138123858,0.0004495651124268493
finest-broad,40.725,0.00046584190496164565,0.0004657274318934591
finest-broad,40.75,0.00048192875901282385,0.00048207191818915935
finest-broad,40.775,0.0004977433726877533,0.0004975761984342765
finest-broad,40.800000000000004,0.0005132835378303021,0.0005134697375483108
finest-broad,40.825,0.0005285487136854756,0.0005283487230283375
finest-broad,40.85,0.0005435368525884055,0.000543745237191486
finest-broad,40.875,0.0005582478172462087,0.0005580365080345529
finest-broad,40.9,0.0005726796154887527,0.0005728884040381828
finest-broad,40.925000000000004,0.0005868325516470936,0.000586631603856335
finest-broad,40.95,0.0006007047106980792,0.0006008927265317179
finest-broad,40.975,0.0006142967449518182,0.0006141264191152286
finest-broad,41.0,0.0006276069507622134,0.0006277552640006511
finest-broad,41.025,0.0006406361583173647,0.0006405136470628794
finest-broad,41.050000000000004,0.0006533830346185173,0.0006534765782389136
finest-broad,41.075,0.0006658484466146623,0.0006657863320083419
finest-broad,41.1,0.0006780315107758246,0.0006780605071815694
finest-broad,41.125,0.000689933106256497,0.0006899380924503314
finest-broad,41.15,0.0007015527429111163,0.0007015137695485721
finest-broad,41.175000000000004,0.0007128914159939575,0.0007129635058927637
finest-broad,41.2,0.000723948871104737,0.0007238454046191821
finest-broad,41.225,0.0007347263787763405,0.0007348586409242772
finest-broad,41.25,0.0007452237619608024,0.0007450660747544918
finest-broad,41.275,0.0007554426697479284,0.0007556216958771124
finest-broad,41.300000000000004,0.0007653829458807196,0.0007651872862023505
finest-broad,41.325,0.000775046589495555,0.0007752536748553253
finest-broad,41.35,0.0007844335462435135,0.0007842206105521874
finest-broad,41.375,0.0007935460159148315,0.0007937590092792013
finest-broad,41.4,0.0008023842088545589,0.0008021770061800798
finest-broad,41.425000000000004,0.0008109503470642498,0.0008111460236260614
finest-broad,41.45,0.000819245038326804,0.0008190663395565719
finest-broad,41.475,0.0008272704315902961,0.0008274271523193962
finest-broad,41.5,0.0008350275420538941,0.0008348971892044313
finest-broad,41.525,0.0008425184902340178,0.0008426188405907911
finest-broad,41.550000000000004,0.0008497445757876755,0.0008496769821646663
finest-broad,41.575,0.0008567080368539555,0.0008567411003541461
finest-broad,41.6,0.0008634102824059421,0.0008634124702062632
finest-broad,41.625,0.0008698538069387258,0.0008698167374503536
finest-broad,41.65,0.0008760400189773744,0.0008761105065826404
finest-broad,41.675000000000004,0.0008819716956644143,0.0008818703137259223
finest-broad,41.7,0.0008876502743764984,0.0008877790374317524
finest-broad,41.725,0.0008930787002165079,0.0008929269520851093
finest-broad,41.75,0.0008982585857838877,0.0008984281798543798
finest-broad,41.775,0.0009031928575437701,0.0009030111310654716
finest-broad,41.800000000000004,0.0009078834629381232,0.000908071226145275
finest-broad,41.825,0.0009123331712970265,0.0009121456401139565
finest-broad,41.85,0.0009165443235104081,0.0009167253991318662
finest-broad,41.875,0.0009205195290133649,0.0009203508681738365
finest-broad,41.9,0.0009242614351465082,0.000924412197436424
finest-broad,41.925000000000004,0.0009277726175810229,0.0009276445676892086
finest-broad,41.95,0.0009310558550067216,0.0009311572178544679
finest-broad,41.975,0.0009341138465729836,0.000934042169646653
finest-broad,42.0,0.0009369493593514778,0.0009369894245588226
finest-broad,42.025,0.0009395652840403049,0.0009395576300710159
finest-broad,42.050000000000004,0.000941964363168533,0.0009419399385518856
finest-broad,42.075,0.000944149601013415,0.000944204681736064
finest-broad,42.1,0.0009461238375889928,0.0009460405236618568
finest-broad,42.125,0.0009478900151456228,0.0009479982720057309
finest-broad,42.15,0.000949451235285186,0.0009493220222046847
finest-broad,42.175000000000004,0.0009508102252158,0.0009509559125936414
finest-broad,42.2,0.000951970429367413,0.0009518130227388279
finest-broad,42.225,0.00095293433555666,0.0009530986656495407
finest-broad,42.25,0.0009537056625725012,0.0009535390144001342
finest-broad,42.275,0.0009542867778320077,0.0009544515474762682
finest-broad,42.300000000000004,0.0009546814969586961,0.0009545221992848888
finest-broad,42.325,0.0009548922409109763,0.0009550432365373471
finest-broad,42.35,0.0009549227550313821,0.0009547820105027644
finest-broad,42.375,0.0009547756150470244,0.000954905109123164
finest-broad,42.4,0.0009544544507082435,0.0009543362406050876
finest-broad,42.425000000000004,0.0009539619475216667,0.0009540697686900093
finest-broad,42.45,0.0009533017172566406,0.0009532025497122825
finest-broad,42.475,0.0009524763998060574,0.0009525693552476241
finest-broad,42.5,0.0009514897434761403,0.000951400024148555
finest-broad,42.525,0.0009503441964522244,0.0009504339911906061
finest-broad,42.550000000000004,0.0009490437248938173,0.0009489504217258997
finest-broad,42.575,0.0009475905635023419,0.000947690713859489
finest-broad,42.6,0.0009459888272374768,0.0009458787893085168
finest-broad,42.625,0.0009442406638243741,0.0009443631517039711
finest-broad,42.65,0.0009423501519535418,0.0009422132736215394
finest-broad,42.675000000000004,0.0009403195408450845,0.0009404720290397125
finest-broad,42.7,0.0009381526933911,0.0009379841456447578
finest-broad,42.725,0.0009358520778486593,0.000936036369516921
finest-broad,42.75,0.0009334212852691184,0.0009332222745637349
finest-broad,42.775,0.0009308629701356341,0.0009310750684136093
finest-broad,42.800000000000004,0.000928180544015616,0.0009279574555392389
finest-broad,42.825,0.0009253766991008416,0.0009256083817250695
finest-broad,42.85,0.0009224548209069069,0.0009222170587529875
finest-broad,42.875,0.0009194174977320602,0.0009196588845726445
finest-broad,42.9,0.000916268170229574,0.0009160253920047964
finest-broad,42.925000000000004,0.000913009305084835,0.0009132515946415837
finest-broad,42.95,0.0009096443303798501,0.0009094039658407756
finest-broad,42.975,0.0009061757177548718,0.0009064132059658195
finest-broad,43.0,0.0009026067065172965,0.0009023725723307393
finest-broad,43.025,0.0008989399507699453,0.0008991706635427882
finest-broad,43.050000000000004,0.0008951783438422296,0.0008949508190382399
finest-broad,43.075,0.0008913248148978734,0.0008915495404424718
finest-broad,43.1,0.0008873818896433018,0.0008871595871198334
finest-broad,43.125,0.0008833527066364334,0.000883572776536315
finest-broad,43.15,0.0008792395527235094,0.0008790218719121621
finest-broad,43.175000000000004,0.0008750455988521437,0.0008752602562124494
finest-broad,43.2,0.0008707730729724336,0.0008705626365636951
finest-broad,43.225,0.0008664250211234075,0.0008666294487779326
finest-broad,43.25,0.0008620037077225397,0.000861807628605337
finest-broad,43.275,0.0008575120286452452,0.0008576969727396803
finest-broad,43.300000000000004,0.0008529522300632501,0.0008527814869512696
finest-broad,43.325,0.0008483271692816217,0.000848480583614846
finest-broad,43.35,0.0008436389264516713,0.0008435057798721156
finest-broad,43.375,0.000838890461720737,0.0008390008519622528
finest-broad,43.4,0.0008340835828930527,0.0008339977396733307
finest-broad,43.425000000000004,0.0008292213906136188,0.0008292818017159178
finest-broad,43.45,0.0008243054596463707,0.0008242703163385943
finest-broad,43.475,0.0008193389125909956,0.0008193500619752093
finest-broad,43.5,0.0008143232652335516,0.0008143337633427537
finest-broad,43.525,0.0008092614597030787,0.0008092325939575031
finest-broad,43.550000000000004,0.0008041551427091978,0.0008041983995645621
finest-broad,43.575,0.0007990069302398072,0.0007989536355248199
finest-broad,43.6,0.0007938186729361052,0.0007938776547426896
finest-broad,43.625,0.000788592668355149,0.0007885319411133453
finest-broad,43.65,0.0007833308871422789,0.0007833902240556033
finest-broad,43.675000000000004,0.0007780354444920229,0.0007779794806280911
finest-broad,43.7,0.0007727082747310791,0.000772760295137879
finest-broad,43.725,0.0007673514493983176,0.0007673023922922411
finest-broad,43.75,0.0007619667773510576,0.0007620153949976694
finest-broad,43.775,0.0007565563047365464,0.0007565042230734218
finest-broad,43.800000000000004,0.000751121772516385,0.0007511822825597639
finest-broad,43.825,0.0007456650808433038,0.0007455905728128756
finest-broad,43.85,0.00074018806007042,0.0007402821812264759
finest-broad,43.875,0.0007346923072591906,0.0007345735300212883
finest-broad,43.9,0.0007291798635938744,0.0007293271474528799
finest-broad,43.925000000000004,0.0007236519685020781,0.000723474081997475
finest-broad,43.95,0.0007181108476025387,0.0007183192342087889
finest-broad,43.975,0.000712557490776264,0.0007123211779278112
finest-broad,44.0,0.0007069941392364218,0.0007072532724054984
finest-broad,44.025,0.0007014217338962873,0.0007011472441051294
finest-broad,44.050000000000004,0.0006958423400861554,0.0006961227759406266
finest-broad,44.075,0.0006902569993325001,0.0006899813490454975
finest-broad,44.1,0.0006846675227164584,0.000684927130581516
finest-broad,44.125,0.0006790750527430326,0.0006788423685152855
finest-broad,44.15,0.0006734812201787951,0.000673677400624879
finest-broad,44.175000000000004,0.0006678871477231294,0.0006677348888430444
finest-broad,44.2,0.0006622944233683706,0.00066239821380561
finest-broad,44.225,0.0006567040371540198,0.0006566499147006409
finest-broad,44.25,0.0006511175953839685,0.0006511243806060123
finest-broad,44.275,0.0006455359694831691,0.0006455708065984513
finest-broad,44.300000000000004,0.0006399606981394045,0.0006398928582614018
finest-broad,44.325,0.0006343926807429494,0.0006344827823792534
finest-broad,44.35,0.0006288332164295091,0.0006287326915090034
finest-broad,44.375,0.0006232833974303154,0.0006233825824060398
finest-broad,44.4,0.0006177441673063457,0.0006176568021079752
finest-broad,44.425000000000004,0.0006122168566308267,0.0006122843251397711
finest-broad,44.45,0.0006067020953556625,0.0006066592890433104
finest-broad,44.475,0.0006012013354134367,0.0006012186154747539
finest-broad,44.5,0.0005957150672113232,0.0005957200843327399
finest-broad,44.525,0.0005902446737390717,0.0005902244329443323
finest-broad,44.550000000000004,0.0005847906796648998,0.000584815912157723
finest-broad,44.575,0.0005793542810210524,0.000579336374760823
finest-broad,44.6,0.000573936084359969,0.000573933623699076
finest-broad,44.625,0.0005685371306957228,0.0005685722013549627
finest-broad,44.65,0.0005631580179147852,0.0005630804106623479
finest-broad,44.675000000000004,0.0005577997580369818,0.000557926162489596
finest-broad,44.7,0.0005524628216776943,0.0005522860465138991
finest-broad,44.725,0.0005471482738243844,0.0005473717450805663
finest-broad,44.75,0.0005418564444283997,0.0005415952127683058
finest-broad,44.775,0.000536588392721992,0.0005368737548041877
finest-broad,44.800000000000004,0.0005313444365061202,0.0005310521534238357
finest-broad,44.825,0.0005261254623824801,0.0005264054452639713
finest-broad,44.85,0.000520931951631544,0.0005206836330598544
finest-broad,44.875,0.0005157644784835281,0.0005159636018003761
finest-broad,44.9,0.000510623765982573,0.0005104876688576316
finest-broad,44.925000000000004,0.0005055100833176014,0.0005055745656992908
finest-broad,44.95,0.0005004243090205703,0.0005004337585044379
finest-broad,44.975,0.0004953665601751307,0.0004952875097749168
finest-broad,45.0,0.0004903376898460529,0.0004904757082204961
finest-broad,45.025,0.00048533783956554704,0.0004851567299218681
finest-broad,45.050000000000004,0.00048036770686864455,0.00048057246331293784
finest-broad,45.075,0.00047542752278479733,0.00047522000950253444
finest-broad,45.1,0.0004705178432617825,0.0004707081144260598
finest-broad,45.125,0.0004656389127663372,0.00046548270895690466
finest-broad,45.15,0.0004607912633632838,0.0004609017038943396
finest-broad,45.175000000000004,0.00045597503542310993,0.0004559155420946934
finest-broad,45.2,0.0004511908243896831,0.0004512013213365044
finest-broad,45.225,0.00044643864308517144,0.0004464682964291389
finest-broad,45.25,0.0004417191036821146,0.0004416639388415289
finest-broad,45.275,0.0004370322077688382,0.0004370943125181293
finest-broad,45.300000000000004,0.000432378427594703,0.0004323294742626727
finest-broad,45.325,0.000427757921144776,0.0004277747960303917
finest-broad,45.35,0.0004231708861958781,0.00042320122571724806
finest-broad,45.375,0.00041861771198137146,0.0004185310474884373
finest-broad,45.4,0.00041409833061447005,0.00041424286336830187
finest-broad,45.425000000000004,0.0004096132757022831,0.00040941752319172153
finest-broad,45.45,0.000405162365621992,0.0004053949079624972
finest-broad,45.475,0.0004007460993718808,0.00040049754338295537
finest-broad,45.5,0.0003963643541894479,0.00039660411920432995
finest-broad,45.525,0.000392017469243555,0.0003918123901151042
finest-broad,45.550000000000004,0.0003877054396819462,0.00038785205261440225
finest-broad,45.575,0.0003834284638297755,0.0003833589143337716
finest-broad,45.6,0.0003791865748637868,0.00037916817667678294
finest-broad,45.625,0.00037497994856086907,0.00037508782250280807
finest-broad,45.65,0.00037080854034616796,0.00037061952921192936
finest-broad,45.675000000000004,0.0003666725863446269,0.0003669252584494156
finest-broad,45.7,0.00036257194463715225,0.0003622803097521761
finest-broad,45.725,0.00035850686338030044,0.00035880843132516776
finest-broad,45.75,0.0003544772149150845,0.0003541955593202303
finest-broad,45.775,0.000350483114935542,0.00035071789276020497
finest-broad,45.800000000000004,0.0003465245961175394,0.00034635739128441605
finest-broad,45.825,0.00034260153546922153,0.0003426893661984798
finest-broad,45.85,0.00033871416803139186,0.0003387071333378495
finest-broad,45.875,0.00033486217190325444,0.00033479748441345744
finest-broad,45.9,0.00033104587281266445,0.0003311640143600986
finest-broad,45.925000000000004,0.0003272649143872561,0.0003271182056869738
finest-broad,45.95,0.00032351953534591325,0.0003236668297135318
finest-broad,45.975,0.00031980950114920964,0.0003196886921007508
finest-broad,46.0,0.00031613486505544436,0.0003162069642642004
finest-broad,46.025,0.0003124955405583653,0.00031248622011318484
finest-broad,46.050000000000004,0.00030889144511027345,0.0003088342690735376
finest-broad,46.075,0.0003053225369209629,0.0003054388375066805
finest-broad,46.1,0.0003017887266502084,0.0003016308980571558
finest-broad,46.125,0.00029828990284204286,0.0002984638273863255
finest-broad,46.15,0.0002948260404333643,0.00029466567641649145
finest-broad,46.175000000000004,0.00029139695343486884,0.0002915142200169634
finest-broad,46.2,0.0002880026215831907,0.0002879534047638396
finest-broad,46.225,0.0002846428949248012,0.00028460763026128786
finest-broad,46.25,0.0002813176300745218,0.0002814424743986921
finest-broad,46.275,0.00027802682527933045,0.0002778198774804091
finest-broad,46.300000000000004,0.00027477015347889623,0.00027503971787144613
finest-broad,46.325,0.0002715477526744062,0.00027124472760636824
finest-broad,46.35,0.00026835919532878334,0.0002686606851826661
finest-broad,46.375,0.00026520462017682575,0.0002649407057046924
finest-broad,46.4,0.00026208366622905877,0.0002622780021669265
finest-broad,46.425000000000004,0.00025899631847853255,0.00025889490521766
finest-broad,46.45,0.00025594239198688213,0.00025593966164354134
finest-broad,46.475,0.00025292167991763665,0.000253025890507124
finest-broad,46.5,0.0002499341364035196,0.0002497447468609868
finest-broad,46.525,0.00024697946480631224,0.0002472263569262495
finest-broad,46.550000000000004,0.00024405762193227765,0.0002437882962256743
finest-broad,46.575,0.00024116835831858682,0.00024142279103009522
finest-broad,46.6,0.00023831153312714074,0.00023810604835447169
finest-broad,46.625,0.00023548698571827654,0.00023561782430333252
finest-broad,46.65,0.00023269450461529224,0.0002326518034281185
finest-broad,46.675000000000004,0.00022993393542918814,0.00022988921250006265
finest-broad,46.7,0.00022720511009304893,0.00022732253878463612
finest-broad,46.725,0.00022450777160347497,0.0002243439568926865
finest-broad,46.75,0.0002218418675957903,0.0002220184151720172
finest-broad,46.775,0.00021920702808798215,0.00021905324558931937
finest-broad,46.800000000000004,0.00021660326009394635,0.00021670279039371555
finest-broad,46.825,0.00021403019381077416,0.0002140071025988055
finest-broad,46.85,0.00021148775474390792,0.00021142537816573538
finest-broad,46.875,0.00020897570815391083,0.00020911765222010427
finest-broad,46.9,0.00020649380542664373,0.00020629247267224516
finest-broad,46.925000000000004,0.00020404197471805482,0.00020427125958420294
finest-broad,46.95,0.0002016198394519072,0.00020140034515754376
finest-broad,46.975,0.00019922738338022002,0.00019939915428433363
finest-broad,47.0,0.00019686424494788128,0.00019677201805974107
finest-broad,47.025,0.00019453032212441134,0.0001945227511724904
finest-broad,47.050000000000004,0.00019222537470624262,0.00019233774496542873
finest-broad,47.075,0.00018994917000876997,0.000189743515413463
finest-broad,47.1,0.00018770156551572558,0.00018797389805766
finest-broad,47.125,0.00018548228143139064,0.00018518102723362435
finest-broad,47.15,0.0001832911565144622,0.0001835782876752995
finest-broad,47.175000000000004,0.00018112798027747164,0.00018089645571455975
finest-broad,47.2,0.00017899249083812052,0.0001791352039691398
finest-broad,47.225,0.00017688457234143356,0.00017685013527364883
finest-broad,47.25,0.0001748039017537659,0.00017472760537548445
finest-broad,47.275,0.00017275036580557973,0.00017292236158632563
finest-broad,47.300000000000004,0.00017072369990641707,0.00017048610225193
finest-broad,47.325,0.00016872368116564965,0.00016898669625290116
finest-broad,47.35,0.00016675017703525247,0.00016650529684247912
finest-broad,47.375,0.00016480284273734776,0.0001649900080627297
finest-broad,47.4,0.0001628816245678724,0.0001627810703462177
finest-broad,47.425000000000004,0.00016098616248886382,0.00016098681010236196
finest-broad,47.45,0.0001591163500469926,0.0001592110575054573
finest-broad,47.475,0.00015727193471901617,0.00015710341923921148
finest-broad,47.5,0.00015545267649650778,0.00015566029967090073
finest-broad,47.525,0.00015365844894471757,0.00015345337368211835
finest-broad,47.550000000000004,0.0001518889270505145,0.0001520503344707028
finest-broad,47.575,0.00015014400949185173,0.00015005938232688743
finest-broad,47.6,0.00014842341226052166,0.0001484122732459869
finest-broad,47.625,0.00014672694335240551,0.00014683505953799473
finest-broad,47.65,0.0001450544346160809,0.00014486638641612239
finest-broad,47.675000000000004,0.0001434055897781287,0.0001436410952362624
finest-broad,47.7,0.0001417803068403782,0.00014153956767817981
finest-broad,47.725,0.00014017828387973924,0.00014037984016742556
finest-broad,47.75,0.00013859936645288254,0.00013847551147787266
finest-broad,47.775,0.0001370433523983821,0.00013706404814878973
finest-broad,47.800000000000004,0.00013550997273090233,0.00013559992464499666
finest-broad,47.825,0.0001339991271292626,0.00013381072472486407
finest-broad,47.85,0.00013251049056901043,0.00013276731034168459
finest-broad,47.875,0.00013104396291761247,0.0001307614541876921
finest-broad,47.9,0.00012959927928735872,0.0001298595984335519
finest-broad,47.925000000000004,0.00012817624235714526,0.00012798253953971703
finest-broad,47.95,0.000126774698933174,0.00012686889997807175
finest-broad,47.975,0.00012539436334292565,0.00012541493466654386
finest-broad,48.0,0.00012403512830710877,0.00012390503030238828
finest-broad,48.025,0.00012269672342249651,0.00012291144194592754
finest-broad,48.050000000000004,0.00012137897643817663,0.00012111969831839531
finest-broad,48.075,0.00012008171830959042,0.00012033770193061983
finest-broad,48.1,0.00011880467608116693,0.00011859876130972578
finest-broad,48.125,0.00011754775679440937,0.00011766664059501281
finest-broad,48.15,0.00011631066678431479,0.00011629902322195354
finest-broad,48.175000000000004,0.00011509327692959105,0.00011499803596195134
finest-broad,48.2,0.00011389538600331688,0.00011407666787556136
finest-broad,48.225,0.00011271674691654113,0.00011248676153303056
finest-broad,48.25,0.00011155727814805678,0.00011178932344610463
finest-broad,48.275,0.00011041665027286104,0.0001102294638114098
finest-broad,48.300000000000004,0.00010929481247602988,0.00010939909440852826
finest-broad,48.325,0.00010819147138725931,0.00010819177594277639
finest-broad,48.35,0.00010710649130467036,0.00010700063668449384
finest-broad,48.375,0.0001060396970286676,0.00010623101626841051
finest-broad,48.4,0.00010499084037687345,0.0001047513845753361
finest-broad,48.425000000000004,0.00010395983228606611,0.00010420009905771537
finest-broad,48.45,0.00010294639218690933,0.00010275334049011584
finest-broad,48.475,0.0001019504140570546,0.0001020570598362613
finest-broad,48.5,0.00010097168030351192,0.00010097391026048093
finest-broad,48.525,0.00010001000797215848,9.989780008586798e-05
finest-broad,48.550000000000004,9.90652508292436e-05,9.926673209507697e-05
finest-broad,48.575,9.813719257777274e-05,9.788503847784552e-05
finest-broad,48.6,9.722567838620811e-05,9.74795427608213e-05
finest-broad,48.625,9.633054826138503e-05,9.612460624785041e-05
finest-broad,48.65,9.545156930971488e-05,9.5569214393931e-05
finest-broad,48.675000000000004,9.458866318762711e-05,9.458226549820504e-05
finest-broad,48.7,9.374154855642996e-05,9.363590494522734e-05
finest-broad,48.725,9.291014986609403e-05,9.310617326108278e-05
finest-broad,48.75,9.209424463804279e-05,9.184771044532498e-05
finest-broad,48.775,9.129365429198293e-05,9.154060609471033e-05
finest-broad,48.800000000000004,9.050828906518719e-05,9.031110445185931e-05
finest-broad,48.825,8.973784764409716e-05,8.984522227956467e-05
finest-broad,48.85,8.898233107989913e-05,8.89864295960085e-05
finest-broad,48.875,8.82414092374617e-05,8.812708077340434e-05
finest-broad,48.9,8.75150518394347e-05,8.771561643976148e-05
finest-broad,48.925000000000004,8.680301900537109e-05,8.655810827003617e-05
finest-broad,48.95,8.610516290404219e-05,8.634322811414373e-05
finest-broad,48.975,8.54213671933973e-05,8.52400544152806e-05
finest-broad,49.0,8.475139087731392e-05,8.483772179631506e-05
finest-broad,49.025,8.409517043007931e-05,8.412234628386209e-05
finest-broad,49.050000000000004,8.345246491525897e-05,8.331692065439494e-05
finest-broad,49.075,8.282317654749112e-05,8.303926526874938e-05
finest-broad,49.1,8.220712033096277e-05,8.195524434083059e-05
finest-broad,49.125,8.16041532995292e-05,8.183948106139386e-05
finest-broad,49.15,8.10141134641318e-05,8.08442389762117e-05
finest-broad,49.175000000000004,8.043687383682884e-05,8.050616130548605e-05
finest-broad,49.2,7.987223076145324e-05,7.991742517892049e-05
finest-broad,49.225,7.932011529214148e-05,7.917076152859545e-05
finest-broad,49.25,7.878028145504787e-05,7.90014372264571e-05
finest-broad,49.275,7.825267186887702e-05,7.800719160567527e-05
finest-broad,49.300000000000004,7.773708195683176e-05,7.795448295083536e-05
finest-broad,49.325,7.723336745021237e-05,7.709007866847496e-05
finest-broad,49.35,7.674144940089199e-05,7.678092594643318e-05
finest-broad,49.375,7.62610531059407e-05,7.633230264300162e-05
finest-broad,49.4,7.579221175957626e-05,7.562762025154972e-05
finest-broad,49.425000000000004,7.53345914144424e-05,7.555464136132935e-05
finest-broad,49.45,7.488822357999221e-05,7.466277934713168e-05
finest-broad,49.475,7.445284446430444e-05,7.46324861743968e-05
finest-broad,49.5,7.402836999246587e-05,7.39354945788885e-05
finest-broad,49.525,7.361467812001833e-05,7.35992314910766e-05
finest-broad,49.550000000000004,7.32115546212962e-05,7.333253882841282e-05
finest-broad,49.575,7.281897744732346e-05,7.261913468386195e-05
finest-broad,49.6,7.243668447672784e-05,7.267058909323947e-05
finest-broad,49.625,7.206465619138737e-05,7.184972970467855e-05
finest-broad,49.65,7.170266791920042e-05,7.184914310849699e-05
finest-broad,49.675000000000004,7.135065017591063e-05,7.130740619765517e-05
finest-broad,49.7,7.100842667186125e-05,7.09362991389319e-05
finest-broad,49.725,7.067590285990064e-05,7.084994839180011e-05
finest-broad,49.75,7.035290721723251e-05,7.011324168584295e-05
finest-broad,49.775,7.00393596285731e-05,7.02933919825445e-05
finest-broad,49.800000000000004,6.973507819011295e-05,6.952158543107356e-05
finest-broad,49.825,6.943997694960979e-05,6.956656996993753e-05
finest-broad,49.85,6.915391675471414e-05,6.914168277617029e-05
finest-broad,49.875,6.887673509985459e-05,6.877221100089248e-05
finest-broad,49.9,6.860840005098971e-05,6.880647561533236e-05
finest-broad,49.925000000000004,6.834863877955292e-05,6.810060141512913e-05
finest-broad,49.95,6.809751204532036e-05,6.834136937297691e-05
finest-broad,49.975,6.785470379756319e-05,6.7667502537302e-05
finest-broad,50.0,6.762025846691587e-05,6.771181506650492e-05
finest-broad,50.025,6.73939441297652e-05,6.741481836369082e-05
finest-broad,50.050000000000004,6.717567292884666e-05,6.705138129696655e-05
finest-broad,50.075,6.696537365991195e-05,6.716062987445559e-05
finest-broad,50.1,6.676280690924978e-05,6.654469773866512e-05
finest-broad,50.125,6.656802070316847e-05,6.675661156047093e-05
finest-broad,50.15,6.638071410947915e-05,6.6265911901219e-05
finest-broad,50.175000000000004,6.620093936351575e-05,6.621620709687005e-05
finest-broad,50.2,6.602844573136763e-05,6.611390893091406e-05
finest-broad,50.225,6.586320570315353e-05,6.570054960724484e-05
finest-broad,50.25,6.570506051014828e-05,6.590236218525936e-05
finest-broad,50.275,6.555390400673396e-05,6.537320834736045e-05
finest-broad,50.300000000000004,6.540963703505409e-05,6.55262253727166e-05
finest-broad,50.325,6.527211890640315e-05,6.525174879839883e-05
finest-broad,50.35,6.514127409972726e-05,6.50567336615293e-05
finest-broad,50.375,6.501694155191616e-05,6.518921121180594e-05
finest-broad,50.4,6.489907961342294e-05,6.467837072842984e-05
finest-broad,50.425000000000004,6.478748098214009e-05,6.500437759123687e-05
finest-broad,50.45,6.468216221039269e-05,6.452190008918675e-05
finest-broad,50.475,6.458286586240601e-05,6.46457940116203e-05
finest-broad,50.5,6.448963620841355e-05,6.454266829015602e-05
finest-broad,50.525,6.440223352538148e-05,6.424147744969249e-05
finest-broad,50.550000000000004,6.43206344607996e-05,6.4555588972183e-05
finest-broad,50.575,6.424471879330644e-05,6.398676381563041e-05
finest-broad,50.6,6.417431347452508e-05,6.439828179425525e-05
finest-broad,50.625,6.410945618692749e-05,6.39689219172823e-05
finest-broad,50.65,6.40498435621147e-05,6.407662027680885e-05
finest-broad,50.675000000000004,6.39955940462264e-05,6.40867245470591e-05
finest-broad,50.7,6.394639395454562e-05,6.376018880327831e-05
finest-broad,50.725,6.390230530228745e-05,6.413940496277346e-05
finest-broad,50.75,6.386312869842579e-05,6.362994861905379e-05
finest-broad,50.775,6.382878325804973e-05,6.400578244710287e-05
finest-broad,50.800000000000004,6.379921723530874e-05,6.371566352491955e-05
finest-broad,50.825,6.377422739915806e-05,6.375073025136748e-05
finest-broad,50.85,6.37538474581988e-05,6.387157151573209e-05
finest-broad,50.875,6.373783478084645e-05,6.356135828846999e-05
finest-broad,50.9,6.372622719081798e-05,6.391269116272932e-05
finest-broad,50.925000000000004,6.371880508969057e-05,6.35718268259804e-05
finest-broad,50.95,6.371557432673715e-05,6.37855221174611e-05
finest-broad,50.975,6.371635131873354e-05,6.373954677039107e-05
finest-broad,51.0,6.372110862103263e-05,6.361405404826443e-05
finest-broad,51.025,6.372970236182626e-05,6.388852169869264e-05
finest-broad,51.050000000000004,6.374205508746629e-05,6.357788286133846e-05
finest-broad,51.075,6.375809473214659e-05,6.387913684495364e-05
finest-broad,51.1,6.377765371245939e-05,6.373742019107358e-05
finest-broad,51.125,6.380076473540599e-05,6.374351077887548e-05
finest-broad,51.15,6.382716198844372e-05,6.397272109282205e-05
finest-broad,51.175000000000004,6.385695228289743e-05,6.365634715561258e-05
finest-broad,51.2,6.38898453154931e-05,6.409621397558592e-05
finest-broad,51.225,6.392591330399605e-05,6.376675231517652e-05
finest-broad,51.25,6.396496538412765e-05,6.403376772763479e-05
finest-broad,51.275,6.400692652257418e-05,6.405057301745822e-05
finest-broad,51.300000000000004,6.405178039131028e-05,6.390072782699404e-05
finest-broad,51.325,6.409928582308441e-05,6.432627388643364e-05
finest-broad,51.35,6.414955795663322e-05,6.389715748656691e-05
finest-broad,51.375,6.420228558282591e-05,6.442275661942313e-05
finest-broad,51.4,6.425758724580578e-05,6.411917988526756e-05
finest-broad,51.425000000000004,6.431521426993518e-05,6.43409072362277e-05
finest-broad,51.45,6.437517796045181e-05,6.446595422693235e-05
finest-broad,51.475,6.443736215084594e-05,6.425392633255234e-05
finest-broad,51.5,6.450164854101538e-05,6.473260166398541e-05
finest-broad,51.525,6.456803338882547e-05,6.434451867880594e-05
finest-broad,51.550000000000004,6.463631730656531e-05,6.48014586212699e-05
finest-broad,51.575,6.470654934712591e-05,6.463410922681378e-05
finest-broad,51.6,6.477850507073248e-05,6.474863374990485e-05
finest-broad,51.625,6.485224169091271e-05,6.496773431168312e-05
finest-broad,51.65,6.49275433688863e-05,6.476413788797632e-05
finest-broad,51.675000000000004,6.500444615984747e-05,6.516771882317126e-05
finest-broad,51.7,6.508277639469896e-05,6.496482243627504e-05
finest-broad,51.725,6.516250569455077e-05,6.520499016784707e-05
finest-broad,51.75,6.524355414989677e-05,6.528375448173306e-05
finest-broad,51.775,6.532577837842198e-05,6.52201379193057e-05
finest-broad,51.800000000000004,6.540922676325776e-05,6.554383784983627e-05
finest-broad,51.825,6.549363845633295e-05,6.537519758717636e-05
finest-broad,51.85,6.557914938532283e-05,6.564059369078813e-05
finest-broad,51.875,6.566546661814602e-05,6.568567166947012e-05
finest-broad,51.9,6.575269420766137e-05,6.564981923332104e-05
finest-broad,51.925000000000004,6.584063952254297e-05,6.600261366366759e-05
finest-broad,51.95,6.592925622316723e-05,6.57504590078659e-05
finest-broad,51.975,6.60185310228207e-05,6.616438290312683e-05
finest-broad,52.0,6.610824534240348e-05,6.603904719580023e-05
finest-broad,52.025,6.619852492548087e-05,6.616565119303873e-05
finest-broad,52.050000000000004,6.628907249502936e-05,6.642358628566856e-05
finest-broad,52.075,6.638002645960416e-05,6.617091962091399e-05
finest-broad,52.1,6.647114387141989e-05,6.670752176561265e-05
finest-broad,52.125,6.65624614403417e-05,6.635456765268944e-05
finest-broad,52.15,6.665386802368232e-05,6.678333063197652e-05
finest-broad,52.175000000000004,6.674526571568834e-05,6.672550597999791e-05
finest-broad,52.2,6.683666671085072e-05,6.674219151810269e-05
finest-broad,52.225,6.692787750023273e-05,6.711327414892349e-05
finest-broad,52.25,6.701897806098733e-05,6.678767343555348e-05
finest-broad,52.275,6.710973923222467e-05,6.733198099030985e-05
finest-broad,52.300000000000004,6.720025162757394e-05,6.70378174542785e-05
finest-broad,52.325,6.729030344600852e-05,6.735923443809583e-05
finest-broad,52.35,6.737994455268474e-05,6.741311207236506e-05
finest-broad,52.375,6.746903333244286e-05,6.73514603713656e-05
finest-broad,52.4,6.7557524931129e-05,6.772139969548209e-05
finest-broad,52.425000000000004,6.764539742116502e-05,6.74825244845105e-05
finest-broad,52.45,6.77324769990913e-05,6.785120559998286e-05
finest-broad,52.475,6.781886752339848e-05,6.77714951288947e-05
finest-broad,52.5,6.790429888849076e-05,6.78759538632102e-05
finest-broad,52.525,6.798892587400641e-05,6.807429291178665e-05
finest-broad,52.550000000000004,6.807249270817218e-05,6.796539459901814e-05
finest-broad,52.575,6.815507550530741e-05,6.824320641034668e-05
finest-broad,52.6,6.82365574335541e-05,6.820086384186477e-05
finest-broad,52.625,6.831684202200873e-05,6.828425263321185e-05
finest-broad,52.65,6.83959939425529e-05,6.848997209291643e-05
finest-broad,52.675000000000004,6.847376332805482e-05,6.834634094134952e-05
finest-broad,52.7,6.855031842244003e-05,6.86702474168221e-05
finest-broad,52.725,6.862537710266383e-05,6.855473361710594e-05
finest-broad,52.75,6.869907119031632e-05,6.869051000561582e-05
finest-broad,52.775,6.877121835548691e-05,6.886742074114371e-05
finest-broad,52.800000000000004,6.884181305243555e-05,6.867464945448208e-05
finest-broad,52.825,6.891082822730972e-05,6.911067882565185e-05
finest-broad,52.85,6.897811459980078e-05,6.879562155973323e-05
finest-broad,52.875,6.904376401464832e-05,6.91605417978531e-05
finest-broad,52.9,6.910754989527907e-05,6.908980793422262e-05
finest-broad,52.925000000000004,6.916960130765107e-05,6.907950945136526e-05
finest-broad,52.95,6.922969857193145e-05,6.940898624744359e-05
finest-broad,52.975,6.92879298763053e-05,6.906098193004353e-05
finest-broad,53.0,6.934415031752742e-05,6.956510709589026e-05
finest-broad,53.025,6.939835119110464e-05,6.923509213922797e-05
finest-broad,53.050000000000004,6.945050515571898e-05,6.951975947361099e-05
finest-broad,53.075,6.950048040349336e-05,6.953699626457861e-05
finest-broad,53.1,6.954837129685882e-05,6.942121293121015e-05
finest-broad,53.125,6.959394727490103e-05,6.977471609682667e-05
finest-broad,53.15,6.963736739292973e-05,6.945111984594961e-05
finest-broad,53.175000000000004,6.967839098592206e-05,6.98243572090817e-05
finest-broad,53.2,6.971713019981862e-05,6.964255433282878e-05
finest-broad,53.225,6.97534526814328e-05,6.974781548444539e-05
finest-broad,53.25,6.978731976754982e-05,6.985876736443917e-05
finest-broad,53.275,6.981877518214162e-05,6.971331611993103e-05
finest-broad,53.300000000000004,6.984761446271947e-05,6.994857932502589e-05
finest-broad,53.325,6.987401296671939e-05,6.981051099551813e-05
finest-broad,53.35,6.989769878597247e-05,6.990638945165814e-05
finest-broad,53.375,6.991884396512545e-05,6.996178619569636e-05
finest-broad,53.4,6.993725548069573e-05,6.98646936759554e-05
finest-broad,53.425000000000004,6.995297194184722e-05,7.002200357561428e-05
finest-broad,53.45,6.996596964520103e-05,6.993347223582069e-05
finest-broad,53.475,6.997611757369337e-05,6.995056629676852e-05
finest-broad,53.5,6.998354041413095e-05,7.006931631094324e-05
finest-broad,53.525,6.99880074817202e-05,6.986101104295304e-05
finest-broad,53.550000000000004,6.998968908257911e-05,7.012258549873136e-05
finest-broad,53.575,6.998837080482827e-05,6.989098932782486e-05
finest-broad,53.6,6.99841582297002e-05,7.001109090454385e-05
finest-broad,53.625,6.997694361851e-05,7.003775984023269e-05
finest-broad,53.65,6.996670604669821e-05,6.9824786744522e-05
finest-broad,53.675000000000004,6.995347436105778e-05,7.014646096412102e-05
finest-broad,53.7,6.993710268993906e-05,6.973903880968156e-05
finest-broad,53.725,6.991772590557106e-05,7.007120634699209e-05
finest-broad,53.75,6.989512950877613e-05,6.982592533794359e-05
finest-broad,53.775,6.986947647818909e-05,6.983574231657462e-05
finest-broad,53.800000000000004,6.984057731772327e-05,6.996960253868445e-05
finest-broad,53.825,6.980852266208707e-05,6.961612116938355e-05
finest-broad,53.85,6.977324313283706e-05,6.998160791982046e-05
finest-broad,53.875,6.973468196931414e-05,6.956031400093883e-05
finest-broad,53.9,6.969293011350464e-05,6.979418456614908e-05
finest-broad,53.925000000000004,6.96477894232866e-05,6.96379198357567e-05
finest-broad,53.95,6.959945468170358e-05,6.952434378173703e-05
finest-broad,53.975,6.954768815951546e-05,6.967996598108845e-05
finest-broad,54.0,6.949265641660382e-05,6.934325283354321e-05
finest-broad,54.025,6.943422180495694e-05,6.956067539299989e-05
finest-broad,54.050000000000004,6.937240124322506e-05,6.929752853522974e-05
finest-broad,54.075,6.930723694706793e-05,6.932070186929133e-05
finest-broad,54.1,6.923857375907399e-05,6.927635995925067e-05
finest-broad,54.125,6.916659450489175e-05,6.910259145420662e-05
finest-broad,54.15,6.90910650054141e-05,6.915091904496668e-05
finest-broad,54.175000000000004,6.901217998143376e-05,6.898137884887956e-05
finest-broad,54.2,6.892976642009136e-05,6.892059189683791e-05
finest-broad,54.225,6.884390426034697e-05,6.888648988493508e-05
finest-broad,54.25,6.875457409798906e-05,6.870002769801415e-05
finest-broad,54.275,6.866169577916184e-05,6.86996862270766e-05
finest-broad,54.300000000000004,6.85653980162215e-05,6.856909730575509e-05
finest-broad,54.325,6.846549200589187e-05,6.840796976633298e-05
finest-broad,54.35,6.83621682931242e-05,6.846709192554849e-05
finest-broad,54.375,6.825523594473894e-05,6.812741347787013e-05
finest-broad,54.4,6.814483601233067e-05,6.825952941953672e-05
finest-broad,54.425000000000004,6.803087718265464e-05,6.796612957662858e-05
finest-broad,54.45,6.791337103052711e-05,6.790220173437187e-05
finest-broad,54.475,6.779237451679672e-05,6.78857034525022e-05
finest-broad,54.5,6.766775883287693e-05,6.750901219195213e-05
finest-broad,54.525,6.75396995833639e-05,6.772769549985128e-05
finest-broad,54.550000000000004,6.740799593218511e-05,6.723686546740622e-05
finest-broad,54.575,6.727284218693025e-05,6.73837257199336e-05
finest-broad,54.6,6.713408419929513e-05,6.711194914612384e-05
finest-broad,54.625,6.699181488416439e-05,6.691959004044306e-05
finest-broad,54.65,6.684602837242034e-05,6.69938330553028e-05
finest-broad,54.675000000000004,6.66966518510208e-05,6.651101419831333e-05
finest-broad,54.7,6.654384100226451e-05,6.672128972164206e-05
finest-broad,54.725,6.638740028864735e-05,6.625969389273394e-05
finest-broad,54.75,6.622755278138195e-05,6.627945131394442e-05
finest-broad,54.775,6.606411012348193e-05,6.609247870671487e-05
finest-broad,54.800000000000004,6.58972200299973e-05,6.58053325852018e-05
finest-broad,54.825,6.572683073198312e-05,6.585078917608894e-05
finest-broad,54.85,6.555292239189817e-05,6.543268199517853e-05
finest-broad,54.875,6.537561794011848e-05,6.546285936594794e-05
finest-broad,54.9,6.519475224856802e-05,6.515532119920709e-05
finest-broad,54.925000000000004,6.501054530945467e-05,6.500456676114744e-05
finest-broad,54.95,6.482280453240678e-05,6.485762583665039e-05
finest-broad,54.975,6.463171065358295e-05,6.459127034033358e-05
finest-broad,55.0,6.443717435834182e-05,6.446258273589793e-05
finest-broad,55.025,6.42392336561925e-05,6.423921309918667e-05
finest-broad,55.050000000000004,6.403796264878723e-05,6.401611294244105e-05
finest-broad,55.075,6.383324768531643e-05,6.386131715697908e-05
finest-broad,55.1,6.362528450270975e-05,6.361238569793382e-05
finest-broad,55.125,6.341389195929673e-05,6.339326055548388e-05
finest-broad,55.15,6.319927487518022e-05,6.326073163689635e-05
finest-broad,55.175000000000004,6.298130776730238e-05,6.288718498688137e-05
finest-broad,55.2,6.276008944809172e-05,6.28642292795763e-05
finest-broad,55.225,6.253563957848727e-05,6.245237960800156e-05
finest-broad,55.25,6.230790089885064e-05,6.234078001902373e-05
finest-broad,55.275,6.207704033198105e-05,6.21126832141142e-05
finest-broad,55.300000000000004,6.184289168895883e-05,6.17389352976661e-05
finest-broad,55.325,6.160567886288076e-05,6.175780183241188e-05
finest-broad,55.35,6.136524654784583e-05,6.120048109290222e-05
finest-broad,55.375,6.112174534237918e-05,6.125775993826459e-05
finest-broad,55.4,6.087514939215878e-05,6.080349580845063e-05
finest-broad,55.425000000000004,6.062545011855056e-05,6.061318528473157e-05
finest-broad,55.45,6.037278797391617e-05,6.046673047927344e-05
finest-broad,55.475,6.0117015190340075e-05,5.996489333110277e-05
finest-broad,55.5,5.985836385013187e-05,6.003056374663047e-05
finest-broad,55.525,5.95966636970018e-05,5.944636579138633e-05
finest-broad,55.550000000000004,5.9332100267524305e-05,5.942617045097439e-05
finest-broad,55.575,5.9064615315564975e-05,5.904454495540855e-05
finest-broad,55.6,5.8794241439244655e-05,5.874281439580604e-05
finest-broad,55.625,5.8521091151967435e-05,5.8623567547005246e-05
finest-broad,55.65,5.824504339545448e-05,5.812256113501951e-05
finest-broad,55.675000000000004,5.7966324195066206e-05,5.8077003220465276e-05
finest-broad,55.7,5.76847631598075e-05,5.760934401815772e-05
finest-broad,55.725,5.7400567361466916e-05,5.743123713914659e-05
finest-broad,55.75,5.7113653741061136e-05,5.712264769690295e-05
finest-broad,55.775,5.682409355834496e-05,5.6790920629304084e-05
finest-broad,55.800000000000004,5.6531967688935755e-05,5.657059327585069e-05
finest-broad,55.825,5.623718807627914e-05,5.620764966959617e-05
finest-broad,55.85,5.59399661390052e-05,5.595510076372161e-05
finest-broad,55.875,5.5640138452237396e-05,5.5634550640802916e-05
finest-broad,55.9,5.5337927154964425e-05,5.534569893325538e-05
finest-broad,55.925000000000004,5.503322802827017e-05,5.501082478557039e-05
finest-broad,55.95,5.472614797095477e-05,5.476976406316564e-05
finest-broad,55.975,5.4416737011392476e-05,5.435560810130867e-05
finest-broad,56.0,5.410493944619894e-05,5.416917483109885e-05
finest-broad,56.025,5.3790950408411224e-05,5.374476677973992e-05
finest-broad,56.050000000000004,5.347461575659664e-05,5.348196130476048e-05
finest-broad,56.075,5.315616758670807e-05,5.3200196537838344e-05
finest-broad,56.1,5.283548599380913e-05,5.274162815122913e-05
finest-broad,56.125,5.251270660344757e-05,5.263919597059883e-05
finest-broad,56.15,5.218785347756783e-05,5.2058041424597424e-05
finest-broad,56.175000000000004,5.186089968194908e-05,5.196041128622508e-05
finest-broad,56.2,5.1532023379086665e-05,5.149100986720637e-05
finest-broad,56.225,5.1201082565907175e-05,5.1169469483812636e-05
finest-broad,56.25,5.086831298592349e-05,5.096783835570403e-05
finest-broad,56.275,5.053358519467155e-05,5.0389012703026946e-05
finest-broad,56.300000000000004,5.019705699808782e-05,5.0351704126760695e-05
finest-broad,56.325,4.985873003697888e-05,4.973148969683644e-05
finest-broad,56.35,4.951860393738509e-05,4.9588697791929e-05
finest-broad,56.375,4.9176838786840615e-05,4.917806189472425e-05
finest-broad,56.4,4.8833306208186226e-05,4.8765300275711615e-05
finest-broad,56.425000000000004,4.848824234781499e-05,4.860210844868233e-05
finest-broad,56.45,4.8141510440716013e-05,4.8012277106491074e-05
finest-broad,56.475,4.779328717203745e-05,4.7906846866629576e-05
finest-broad,56.5,4.744355409911557e-05,4.736888941471137e-05
finest-broad,56.525,4.709233360599296e-05,4.71179375161035e-05
finest-broad,56.550000000000004,4.673977057826179e-05,4.675954581971577e-05
finest-broad,56.575,4.63857467639152e-05,4.633468162683618e-05
finest-broad,56.6,4.6030499483216484e-05,4.60944541563079e-05
finest-broad,56.625,4.5673885414081694e-05,4.561332026143317e-05
finest-broad,56.65,4.5316095089136744e-05,4.536365512497719e-05
finest-broad,56.675000000000004,4.495709651483115e-05,4.4924205014869304e-05
finest-broad,56.7,4.4596926130465894e-05,4.461940282243416e-05
finest-broad,56.725,4.423571993780968e-05,4.4217671089827786e-05
finest-broad,56.75,4.387336585793994e-05,4.389029967272072e-05
finest-broad,56.775,4.351010037127116e-05,4.3496350659059384e-05
finest-broad,56.800000000000004,4.3145779199102025e-05,4.3149072712324595e-05
finest-broad,56.825,4.2780596992792556e-05,4.2797167754607904e-05
finest-broad,56.85,4.241451701693668e-05,4.237130610554062e-05
finest-broad,56.875,4.204758256820892e-05,4.211704195388523e-05
finest-broad,56.9,4.16799221069506e-05,4.159412059948313e-05
finest-broad,56.925000000000004,4.131143236485169e-05,4.139522664517861e-05
finest-broad,56.95,4.094234158769666e-05,4.0882845938330716e-05
finest-broad,56.975,4.0572511785955334e-05,4.058813429850616e-05
finest-broad,57.0,4.020213530144636e-05,4.024057853901749e-05
finest-broad,57.025,3.98311721278524e-05,3.974221900464785e-05
finest-broad,57.050000000000004,3.945967400526452e-05,3.958141868830743e-05
finest-broad,57.075,3.908775649408678e-05,3.896115522044509e-05
finest-broad,57.1,3.871532953102934e-05,3.881592239641957e-05
finest-broad,57.125,3.834261007345809e-05,3.829333450146659e-05
finest-broad,57.15,3.7969464622282293e-05,3.795477923892379e-05
finest-broad,57.175000000000004,3.759608730695836e-05,3.7671154304174424e-05
finest-broad,57.2,3.72224284846173e-05,3.710572043054661e-05
finest-broad,57.225,3.684855186780538e-05,3.697830789196351e-05
finest-broad,57.25,3.647455985998498e-05,3.6362316835468264e-05
finest-broad,57.275,3.610036966988046e-05,3.617062598647706e-05
finest-broad,57.300000000000004,3.572619567093468e-05,3.571043915869265e-05
finest-broad,57.325,3.535189860375617e-05,3.531473704341545e-05
finest-broad,57.35,3.497768019150756e-05,3.50540000506155e-05
finest-broad,57.375,3.460348085651948e-05,3.4508926212837115e-05
finest-broad,57.4,3.4229368278511386e-05,3.4320361715157606e-05
finest-broad,57.425000000000004,3.385544408123669e-05,3.378513961259039e-05
finest-broad,57.45,3.3481618306032425e-05,3.3522013443879916e-05
finest-broad,57.475,3.3108112265395834e-05,3.3098606630501624e-05
finest-broad,57.5,3.2734778354237666e-05,3.271852819987617e-05
finest-broad,57.525,3.236181844859961e-05,3.239593551276538e-05
finest-broad,57.550000000000004,3.198917653442888e-05,3.194472183354313e-05
finest-broad,57.575,3.161690765843356e-05,3.166625373620041e-05
finest-broad,57.6,3.124512479668553e-05,3.1194326055986694e-05
finest-broad,57.625,3.087372593257924e-05,3.092310192404941e-05
finest-broad,57.65,3.0502933610768068e-05,3.0459076176734314e-05
finest-broad,57.675000000000004,3.0132604409461396e-05,3.0164662447466116e-05
finest-broad,57.7,2.976292421009759e-05,2.9750501558153298e-05
finest-broad,57.725,2.9393852705594774e-05,2.937951367386544e-05
finest-broad,57.75,2.902542717025733e-05,2.9069792811417084e-05
finest-broad,57.775,2.8657766864838382e-05,2.858674107719542e-05
finest-broad,57.800000000000004,2.8290769216895365e-05,2.8377368323319482e-05
finest-broad,57.825,2.7924643478001185e-05,2.7839882093189757e-05
finest-broad,57.85,2.7559260592290976e-05,2.7622278115425865e-05
finest-broad,57.875,2.719478735846142e-05,2.717061583056094e-05
finest-broad,57.9,2.683119267928046e-05,2.6807397503594716e-05
finest-broad,57.925000000000004,2.646850792148682e-05,2.6538049110565308e-05
finest-broad,57.95,2.6106845307573887e-05,2.6005446670808138e-05
finest-broad,57.975,2.5746109330044113e-05,2.5856816493768316e-05
finest-broad,58.0,2.538649637377395e-05,2.5292095785327614e-05
finest-broad,58.025,2.50278818479906e-05,2.5083900006836825e-05
finest-broad,58.050000000000004,2.4670427750376907e-05,2.466561782512198e-05
finest-broad,58.075,2.4314098371148292e-05,2.4267308457129884e-05
finest-broad,58.1,2.395892528057816e-05,2.4045466565915047e-05
finest-broad,58.125,2.3605017327966307e-05,2.3499411428352934e-05
finest-broad,58.15,2.3252272337489826e-05,2.33529290302871e-05
finest-broad,58.175000000000004,2.2900891475162676e-05,2.282654438234087e-05
finest-broad,58.2,2.255073908536509e-05,2.2584871661533642e-05
finest-broad,58.225,2.2201978158712048e-05,2.22120431414396e-05
finest-broad,58.25,2.1854574363129097e-05,2.1806014624519648e-05
finest-broad,58.275,2.1508542343647773e-05,2.1582704337069423e-05
finest-broad,58.300000000000004,2.116400874380962e-05,2.1080579509667184e-05
finest-broad,58.325,2.082084675275293e-05,2.0897583240876832e-05
finest-broad,58.35,2.0479268975901415e-05,2.0421879609646103e-05
finest-broad,58.375,2.0139135593589567e-05,2.0169396640963275e-05
finest-broad,58.4,1.980059147529463e-05,1.9800110693850492e-05
finest-broad,58.425000000000004,1.9463627186872875e-05,1.94361764635108e-05
finest-broad,58.45,1.912822074690751e-05,1.9178229554502202e-05
finest-broad,58.475,1.8794524033422873e-05,1.872992237358796e-05
finest-broad,58.5,1.846239285196241e-05,1.8531817275674233e-05
finest-broad,58.525,1.8132031204798746e-05,1.8068554087182136e-05
finest-broad,58.550000000000004,1.7803319721803515e-05,1.7850171249461525e-05
finest-broad,58.575,1.7476364801837457e-05,1.7455189746177464e-05
finest-broad,58.6,1.7151189589078983e-05,1.7141122124045408e-05
finest-broad,58.625,1.6827742832534853e-05,1.6869389299388147e-05
finest-broad,58.65,1.6506181742569844e-05,1.643885873657956e-05
finest-broad,58.675000000000004,1.618636875967462e-05,1.6267524458871404e-05
finest-broad,58.7,1.5868480194454327e-05,1.578941071668682e-05
finest-broad,58.725,1.5552423397131458e-05,1.5612629670428617e-05
finest-broad,58.75,1.523827470245129e-05,1.5210700759976363e-05
finest-broad,58.775,1.4926070078765317e-05,1.4913756769140178e-05
finest-broad,58.800000000000004,1.461575149925281e-05,1.4666556770375516e-05
finest-broad,58.825,1.4307465237670029e-05,1.4228292838946964e-05
finest-broad,58.85,1.4001083496345961e-05,1.409187362653047e-05
finest-broad,58.875,1.3696765755785429e-05,1.3613932167383105e-05
finest-broad,58.9,1.3394425826206257e-05,1.3451429325925179e-05
finest-broad,58.925000000000004,1.309413062052239e-05,1.3075039564101348e-05
finest-broad,58.95,1.279591673591326e-05,1.2773443985456077e-05
finest-broad,58.975,1.2499717489072734e-05,1.2558377212559312e-05
finest-broad,59.0,1.2205683516561628e-05,1.2123762302918242e-05
finest-broad,59.025,1.1913674390350473e-05,1.2001455083973627e-05
finest-broad,59.050000000000004,1.1623852462999018e-05,1.1548246230647937e-05
finest-broad,59.075,1.133612983253532e-05,1.1384607902632504e-05
finest-broad,59.1,1.1050556345821596e-05,1.103825704835576e-05
finest-broad,59.125,1.0767190314229437e-05,1.0741636125761549e-05
finest-broad,59.15,1.0485930221942257e-05,1.0543640756119142e-05
finest-broad,59.175000000000004,1.0206951439885085e-05,1.0128826232740528e-05
finest-broad,59.2,9.930095510648506e-06,1.0013165054335695e-05
finest-broad,59.225,9.65551487805402e-06,9.583817448758697e-06
finest-broad,59.25,9.383146928698329e-06,9.429309858319891e-06
finest-broad,59.275,9.11299358190077e-06,9.10170649725131e-06
finest-broad,59.300000000000004,8.845157446616385e-06,8.818945991093368e-06
finest-broad,59.325,8.579497596715638e-06,8.638366925591932e-06
finest-broad,59.35,8.316198243236686e-06,8.23631131315802e-06
finest-broad,59.375,8.05511413854438e-06,8.139679265472936e-06
finest-broad,59.4,7.7963531536662e-06,7.724892244909273e-06
finest-broad,59.425000000000004,7.539902999743305e-06,7.582841252103948e-06
finest-broad,59.45,7.285712435656791e-06,7.280831756167654e-06
finest-broad,59.475,7.0339118440712845e-06,6.999435877252962e-06
finest-broad,59.5,6.784353368945642e-06,6.850736705723583e-06
finest-broad,59.525,6.5371943874471435e-06,6.453532966072053e-06
finest-broad,59.550000000000004,6.292328493937103e-06,6.374800882717634e-06
finest-broad,59.575,6.0498134402526315e-06,5.986527134836417e-06
finest-broad,59.6,5.809671488132259e-06,5.840420163465062e-06
finest-broad,59.625,5.571829096067381e-06,5.579354830800787e-06
finest-broad,59.65,5.336411391918692e-06,5.293520112940635e-06
finest-broad,59.675000000000004,5.10328632129383e-06,5.171075467605666e-06
finest-broad,59.7,4.87258092751378e-06,4.795122947104106e-06
finest-broad,59.725,4.644212066587717e-06,4.715016651477645e-06
finest-broad,59.75,4.418215155647827e-06,4.367930323094341e-06
finest-broad,59.775,4.194619739838805e-06,4.2155722689582455e-06
finest-broad,59.800000000000004,3.973345786881228e-06,3.984287734743358e-06
finest-broad,59.825,3.754515645340822e-06,3.7151617648215832e-06
finest-broad,59.85,3.537994797216725e-06,3.5974889761329305e-06
finest-broad,59.875,3.3239057811766595e-06,3.2555288916632864e-06
finest-broad,59.9,3.1121680790207485e-06,3.177095491972592e-06
finest-broad,59.925000000000004,2.9028010752059304e-06,2.852955315728005e-06
finest-broad,59.95,2.6958536363612408e-06,2.7212727161043526e-06
finest-broad,59.975,2.4912145706310375e-06,2.4958520656708414e-06
finest-broad,60.0,2.289030336694837e-06,2.253640395903275e-06
finest-carrier,0.0,0.0,0.0
finest-carrier,0.025,0.0,0.0
finest-carrier,0.05,0.0,0.0
finest-carrier,0.075,0.0,0.0
finest-carrier,0.1,0.0,0.0
finest-carrier,0.125,0.0,0.0
finest-carrier,0.15,0.0,0.0
finest-carrier,0.17500000000000002,0.0,0.0
finest-carrier,0.2,0.0,0.0
finest-carrier,0.225,0.0,0.0
finest-carrier,0.25,0.0,0.0
finest-carrier,0.275,0.0,0.0
finest-carrier,0.3,0.0,0.0
finest-carrier,0.325,0.0,0.0
finest-carrier,0.35000000000000003,0.0,0.0
finest-carrier,0.375,0.0,0.0
finest-carrier,0.4,0.0,0.0
finest-carrier,0.425,0.0,0.0
finest-carrier,0.45,0.0,0.0
finest-carrier,0.47500000000000003,0.0,0.0
finest-carrier,0.5,0.0,0.0
finest-carrier,0.525,0.0,0.0
finest-carrier,0.55,0.0,0.0
finest-carrier,0.5750000000000001,0.0,0.0
finest-carrier,0.6,0.0,0.0
finest-carrier,0.625,0.0,0.0
finest-carrier,0.65,0.0,0.0
finest-carrier,0.675,0.0,0.0
finest-carrier,0.7000000000000001,0.0,0.0
finest-carrier,0.725,0.0,0.0
finest-carrier,0.75,0.0,0.0
finest-carrier,0.775,0.0,0.0
finest-carrier,0.8,0.0,0.0
finest-carrier,0.8250000000000001,0.0,0.0
finest-carrier,0.85,0.0,0.0
finest-carrier,0.875,0.0,0.0
finest-carrier,0.9,0.0,0.0
finest-carrier,0.925,0.0,0.0
finest-carrier,0.9500000000000001,0.0,0.0
finest-carrier,0.975,0.0,0.0
finest-carrier,1.0,0.0,0.0
finest-carrier,1.025,0.0,0.0
finest-carrier,1.05,0.0,0.0
finest-carrier,1.075,0.0,0.0
finest-carrier,1.1,0.0,0.0
finest-carrier,1.125,0.0,0.0
finest-carrier,1.1500000000000001,0.0,0.0
finest-carrier,1.175,0.0,0.0
finest-carrier,1.2,0.0,0.0
finest-carrier,1.225,0.0,0.0
finest-carrier,1.25,0.0,0.0
finest-carrier,1.2750000000000001,0.0,0.0
finest-carrier,1.3,0.0,0.0
finest-carrier,1.325,0.0,0.0
finest-carrier,1.35,0.0,0.0
finest-carrier,1.375,0.0,0.0
finest-carrier,1.4000000000000001,0.0,0.0
finest-carrier,1.425,0.0,0.0
finest-carrier,1.45,0.0,0.0
finest-carrier,1.475,0.0,0.0
finest-carrier,1.5,0.0,0.0
finest-carrier,1.5250000000000001,0.0,0.0
finest-carrier,1.55,0.0,0.0
finest-carrier,1.575,0.0,0.0
finest-carrier,1.6,0.0,0.0
finest-carrier,1.625,0.0,0.0
finest-carrier,1.6500000000000001,0.0,0.0
finest-carrier,1.675,0.0,0.0
finest-carrier,1.7,0.0,0.0
finest-carrier,1.725,0.0,0.0
finest-carrier,1.75,0.0,0.0
finest-carrier,1.7750000000000001,0.0,0.0
finest-carrier,1.8,0.0,0.0
finest-carrier,1.825,0.0,0.0
finest-carrier,1.85,0.0,0.0
finest-carrier,1.875,0.0,0.0
finest-carrier,1.9000000000000001,0.0,0.0
finest-carrier,1.925,0.0,0.0
finest-carrier,1.95,0.0,0.0
finest-carrier,1.975,0.0,0.0
finest-carrier,2.0,0.0,0.0
finest-carrier,2.025,0.0,0.0
finest-carrier,2.05,0.0,0.0
finest-carrier,2.075,0.0,0.0
finest-carrier,2.1,0.0,0.0
finest-carrier,2.125,0.0,0.0
finest-carrier,2.15,0.0,0.0
finest-carrier,2.1750000000000003,0.0,0.0
finest-carrier,2.2,0.0,0.0
finest-carrier,2.225,0.0,0.0
finest-carrier,2.25,0.0,0.0
finest-carrier,2.275,0.0,0.0
finest-carrier,2.3000000000000003,0.0,0.0
finest-carrier,2.325,0.0,0.0
finest-carrier,2.35,0.0,0.0
finest-carrier,2.375,0.0,0.0
finest-carrier,2.4,0.0,0.0
finest-carrier,2.4250000000000003,0.0,0.0
finest-carrier,2.45,0.0,0.0
finest-carrier,2.475,0.0,0.0
finest-carrier,2.5,0.0,0.0
finest-carrier,2.525,0.0,0.0
finest-carrier,2.5500000000000003,0.0,0.0
finest-carrier,2.575,0.0,0.0
finest-carrier,2.6,0.0,0.0
finest-carrier,2.625,0.0,0.0
finest-carrier,2.65,0.0,0.0
finest-carrier,2.6750000000000003,0.0,0.0
finest-carrier,2.7,0.0,0.0
finest-carrier,2.725,0.0,0.0
finest-carrier,2.75,0.0,0.0
finest-carrier,2.775,0.0,0.0
finest-carrier,2.8000000000000003,0.0,0.0
finest-carrier,2.825,0.0,0.0
finest-carrier,2.85,0.0,0.0
finest-carrier,2.875,0.0,0.0
finest-carrier,2.9,0.0,0.0
finest-carrier,2.9250000000000003,0.0,0.0
finest-carrier,2.95,0.0,0.0
finest-carrier,2.975,0.0,0.0
finest-carrier,3.0,0.0,0.0
finest-carrier,3.025,0.0,0.0
finest-carrier,3.0500000000000003,0.0,0.0
finest-carrier,3.075,0.0,0.0
finest-carrier,3.1,0.0,0.0
finest-carrier,3.125,0.0,0.0
finest-carrier,3.15,0.0,0.0
finest-carrier,3.1750000000000003,0.0,0.0
finest-carrier,3.2,0.0,0.0
finest-carrier,3.225,0.0,0.0
finest-carrier,3.25,0.0,0.0
finest-carrier,3.275,0.0,0.0
finest-carrier,3.3000000000000003,0.0,0.0
finest-carrier,3.325,0.0,0.0
finest-carrier,3.35,0.0,0.0
finest-carrier,3.375,0.0,0.0
finest-carrier,3.4,0.0,0.0
finest-carrier,3.4250000000000003,0.0,0.0
finest-carrier,3.45,0.0,0.0
finest-carrier,3.475,0.0,0.0
finest-carrier,3.5,0.0,0.0
finest-carrier,3.525,0.0,0.0
finest-carrier,3.5500000000000003,0.0,0.0
finest-carrier,3.575,0.0,0.0
finest-carrier,3.6,0.0,0.0
finest-carrier,3.625,0.0,0.0
finest-carrier,3.65,0.0,0.0
finest-carrier,3.6750000000000003,0.0,0.0
finest-carrier,3.7,0.0,0.0
finest-carrier,3.725,0.0,0.0
finest-carrier,3.75,0.0,0.0
finest-carrier,3.775,0.0,0.0
finest-carrier,3.8000000000000003,0.0,0.0
finest-carrier,3.825,0.0,0.0
finest-carrier,3.85,0.0,0.0
finest-carrier,3.875,0.0,0.0
finest-carrier,3.9,0.0,0.0
finest-carrier,3.9250000000000003,0.0,0.0
finest-carrier,3.95,0.0,0.0
finest-carrier,3.975,0.0,0.0
finest-carrier,4.0,0.0,0.0
finest-carrier,4.025,0.0,0.0
finest-carrier,4.05,0.0,0.0
finest-carrier,4.075,0.0,0.0
finest-carrier,4.1,0.0,0.0
finest-carrier,4.125,0.0,0.0
finest-carrier,4.15,0.0,0.0
finest-carrier,4.175,0.0,0.0
finest-carrier,4.2,0.0,0.0
finest-carrier,4.225,0.0,0.0
finest-carrier,4.25,0.0,0.0
finest-carrier,4.275,0.0,0.0
finest-carrier,4.3,0.0,0.0
finest-carrier,4.325,0.0,0.0
finest-carrier,4.3500000000000005,0.0,0.0
finest-carrier,4.375,0.0,0.0
finest-carrier,4.4,0.0,0.0
finest-carrier,4.425,0.0,0.0
finest-carrier,4.45,0.0,0.0
finest-carrier,4.4750000000000005,0.0,0.0
finest-carrier,4.5,0.0,0.0
finest-carrier,4.525,0.0,0.0
finest-carrier,4.55,0.0,0.0
finest-carrier,4.575,0.0,0.0
finest-carrier,4.6000000000000005,0.0,0.0
finest-carrier,4.625,0.0,0.0
finest-carrier,4.65,0.0,0.0
finest-carrier,4.675,0.0,0.0
finest-carrier,4.7,0.0,0.0
finest-carrier,4.7250000000000005,0.0,0.0
finest-carrier,4.75,0.0,0.0
finest-carrier,4.775,0.0,0.0
finest-carrier,4.8,0.0,0.0
finest-carrier,4.825,0.0,0.0
finest-carrier,4.8500000000000005,0.0,0.0
finest-carrier,4.875,0.0,0.0
finest-carrier,4.9,0.0,0.0
finest-carrier,4.925,0.0,0.0
finest-carrier,4.95,0.0,0.0
finest-carrier,4.9750000000000005,0.0,0.0
finest-carrier,5.0,0.0,0.0
finest-carrier,5.025,0.0,0.0
finest-carrier,5.05,0.0,0.0
finest-carrier,5.075,0.0,0.0
finest-carrier,5.1000000000000005,0.0,0.0
finest-carrier,5.125,0.0,0.0
finest-carrier,5.15,0.0,0.0
finest-carrier,5.175,0.0,0.0
finest-carrier,5.2,0.0,0.0
finest-carrier,5.2250000000000005,0.0,0.0
finest-carrier,5.25,0.0,0.0
finest-carrier,5.275,0.0,0.0
finest-carrier,5.3,0.0,0.0
finest-carrier,5.325,0.0,0.0
finest-carrier,5.3500000000000005,0.0,0.0
finest-carrier,5.375,0.0,0.0
finest-carrier,5.4,0.0,0.0
finest-carrier,5.425,0.0,0.0
finest-carrier,5.45,0.0,0.0
finest-carrier,5.4750000000000005,0.0,0.0
finest-carrier,5.5,0.0,0.0
finest-carrier,5.525,0.0,0.0
finest-carrier,5.55,0.0,0.0
finest-carrier,5.575,0.0,0.0
finest-carrier,5.6000000000000005,0.0,0.0
finest-carrier,5.625,0.0,0.0
finest-carrier,5.65,0.0,0.0
finest-carrier,5.675,0.0,0.0
finest-carrier,5.7,0.0,0.0
finest-carrier,5.7250000000000005,0.0,0.0
finest-carrier,5.75,0.0,0.0
finest-carrier,5.775,0.0,0.0
finest-carrier,5.8,0.0,0.0
finest-carrier,5.825,0.0,0.0
finest-carrier,5.8500000000000005,0.0,0.0
finest-carrier,5.875,0.0,0.0
finest-carrier,5.9,0.0,0.0
finest-carrier,5.925,0.0,0.0
finest-carrier,5.95,0.0,0.0
finest-carrier,5.9750000000000005,0.0,0.0
finest-carrier,6.0,0.0,0.0
finest-carrier,6.025,0.0,0.0
finest-carrier,6.05,0.0,0.0
finest-carrier,6.075,0.0,0.0
finest-carrier,6.1000000000000005,0.0,0.0
finest-carrier,6.125,0.0,0.0
finest-carrier,6.15,0.0,0.0
finest-carrier,6.175,0.0,0.0
finest-carrier,6.2,0.0,0.0
finest-carrier,6.2250000000000005,0.0,0.0
finest-carrier,6.25,0.0,0.0
finest-carrier,6.275,0.0,0.0
finest-carrier,6.3,0.0,0.0
finest-carrier,6.325,0.0,0.0
finest-carrier,6.3500000000000005,0.0,0.0
finest-carrier,6.375,0.0,0.0
finest-carrier,6.4,0.0,0.0
finest-carrier,6.425,0.0,0.0
finest-carrier,6.45,0.0,0.0
finest-carrier,6.4750000000000005,0.0,0.0
finest-carrier,6.5,0.0,0.0
finest-carrier,6.525,0.0,0.0
finest-carrier,6.55,0.0,0.0
finest-carrier,6.575,0.0,0.0
finest-carrier,6.6000000000000005,0.0,0.0
finest-carrier,6.625,0.0,0.0
finest-carrier,6.65,0.0,0.0
finest-carrier,6.675,0.0,0.0
finest-carrier,6.7,0.0,0.0
finest-carrier,6.7250000000000005,0.0,0.0
finest-carrier,6.75,0.0,0.0
finest-carrier,6.775,0.0,0.0
finest-carrier,6.8,0.0,0.0
finest-carrier,6.825,0.0,0.0
finest-carrier,6.8500000000000005,0.0,0.0
finest-carrier,6.875,0.0,0.0
finest-carrier,6.9,0.0,0.0
finest-carrier,6.925,0.0,0.0
finest-carrier,6.95,0.0,0.0
finest-carrier,6.9750000000000005,0.0,0.0
finest-carrier,7.0,0.0,0.0
finest-carrier,7.025,0.0,0.0
finest-carrier,7.05,0.0,0.0
finest-carrier,7.075,0.0,0.0
finest-carrier,7.1000000000000005,0.0,0.0
finest-carrier,7.125,0.0,0.0
finest-carrier,7.15,0.0,0.0
finest-carrier,7.175,0.0,0.0
finest-carrier,7.2,0.0,0.0
finest-carrier,7.2250000000000005,0.0,0.0
finest-carrier,7.25,0.0,0.0
finest-carrier,7.275,0.0,0.0
finest-carrier,7.3,0.0,0.0
finest-carrier,7.325,0.0,0.0
finest-carrier,7.3500000000000005,0.0,0.0
finest-carrier,7.375,0.0,0.0
finest-carrier,7.4,0.0,0.0
finest-carrier,7.425,0.0,0.0
finest-carrier,7.45,0.0,0.0
finest-carrier,7.4750000000000005,0.0,0.0
finest-carrier,7.5,0.0,0.0
finest-carrier,7.525,0.0,0.0
finest-carrier,7.55,0.0,0.0
finest-carrier,7.575,0.0,0.0
finest-carrier,7.6000000000000005,0.0,0.0
finest-carrier,7.625,0.0,0.0
finest-carrier,7.65,0.0,0.0
finest-carrier,7.675,0.0,0.0
finest-carrier,7.7,0.0,0.0
finest-carrier,7.7250000000000005,0.0,0.0
finest-carrier,7.75,0.0,0.0
finest-carrier,7.775,0.0,0.0
finest-carrier,7.8,0.0,0.0
finest-carrier,7.825,0.0,0.0
finest-carrier,7.8500000000000005,0.0,0.0
finest-carrier,7.875,0.0,0.0
finest-carrier,7.9,0.0,0.0
finest-carrier,7.925,0.0,0.0
finest-carrier,7.95,0.0,0.0
finest-carrier,7.9750000000000005,0.0,0.0
finest-carrier,8.0,0.0,0.0
finest-carrier,8.025,0.0,0.0
finest-carrier,8.05,0.0,0.0
finest-carrier,8.075,0.0,0.0
finest-carrier,8.1,0.0,0.0
finest-carrier,8.125,0.0,0.0
finest-carrier,8.15,0.0,0.0
finest-carrier,8.175,0.0,0.0
finest-carrier,8.2,0.0,0.0
finest-carrier,8.225,0.0,0.0
finest-carrier,8.25,0.0,0.0
finest-carrier,8.275,0.0,0.0
finest-carrier,8.3,0.0,0.0
finest-carrier,8.325,0.0,0.0
finest-carrier,8.35,0.0,0.0
finest-carrier,8.375,0.0,0.0
finest-carrier,8.4,0.0,0.0
finest-carrier,8.425,0.0,0.0
finest-carrier,8.45,0.0,0.0
finest-carrier,8.475,0.0,0.0
finest-carrier,8.5,0.0,0.0
finest-carrier,8.525,0.0,0.0
finest-carrier,8.55,0.0,0.0
finest-carrier,8.575000000000001,0.0,0.0
finest-carrier,8.6,0.0,0.0
finest-carrier,8.625,0.0,0.0
finest-carrier,8.65,0.0,0.0
finest-carrier,8.675,0.0,0.0
finest-carrier,8.700000000000001,0.0,0.0
finest-carrier,8.725,0.0,0.0
finest-carrier,8.75,0.0,0.0
finest-carrier,8.775,0.0,0.0
finest-carrier,8.8,0.0,0.0
finest-carrier,8.825000000000001,0.0,0.0
finest-carrier,8.85,0.0,0.0
finest-carrier,8.875,0.0,0.0
finest-carrier,8.9,0.0,0.0
finest-carrier,8.925,0.0,0.0
finest-carrier,8.950000000000001,0.0,0.0
finest-carrier,8.975,0.0,0.0
finest-carrier,9.0,0.0,0.0
finest-carrier,9.025,0.0,0.0
finest-carrier,9.05,0.0,0.0
finest-carrier,9.075000000000001,0.0,0.0
finest-carrier,9.1,0.0,0.0
finest-carrier,9.125,0.0,0.0
finest-carrier,9.15,0.0,0.0
finest-carrier,9.175,0.0,0.0
finest-carrier,9.200000000000001,0.0,0.0
finest-carrier,9.225,0.0,0.0
finest-carrier,9.25,0.0,0.0
finest-carrier,9.275,0.0,0.0
finest-carrier,9.3,0.0,0.0
finest-carrier,9.325000000000001,0.0,0.0
finest-carrier,9.35,0.0,0.0
finest-carrier,9.375,0.0,0.0
finest-carrier,9.4,0.0,0.0
finest-carrier,9.425,0.0,0.0
finest-carrier,9.450000000000001,0.0,0.0
finest-carrier,9.475,0.0,0.0
finest-carrier,9.5,0.0,0.0
finest-carrier,9.525,0.0,0.0
finest-carrier,9.55,0.0,0.0
finest-carrier,9.575000000000001,0.0,0.0
finest-carrier,9.6,0.0,0.0
finest-carrier,9.625,0.0,0.0
finest-carrier,9.65,0.0,0.0
finest-carrier,9.675,0.0,0.0
finest-carrier,9.700000000000001,0.0,0.0
finest-carrier,9.725,0.0,0.0
finest-carrier,9.75,0.0,0.0
finest-carrier,9.775,0.0,0.0
finest-carrier,9.8,0.0,0.0
finest-carrier,9.825000000000001,0.0,0.0
finest-carrier,9.85,0.0,0.0
finest-carrier,9.875,0.0,0.0
finest-carrier,9.9,0.0,0.0
finest-carrier,9.925,0.0,0.0
finest-carrier,9.950000000000001,0.0,0.0
finest-carrier,9.975,0.0,0.0
finest-carrier,10.0,0.0,0.0
finest-carrier,10.025,0.0,0.0
finest-carrier,10.05,0.0,0.0
finest-carrier,10.075000000000001,0.0,0.0
finest-carrier,10.1,0.0,0.0
finest-carrier,10.125,0.0,0.0
finest-carrier,10.15,0.0,0.0
finest-carrier,10.175,0.0,0.0
finest-carrier,10.200000000000001,0.0,0.0
finest-carrier,10.225,0.0,0.0
finest-carrier,10.25,0.0,0.0
finest-carrier,10.275,0.0,0.0
finest-carrier,10.3,0.0,0.0
finest-carrier,10.325000000000001,0.0,0.0
finest-carrier,10.35,0.0,0.0
finest-carrier,10.375,0.0,0.0
finest-carrier,10.4,0.0,0.0
finest-carrier,10.425,0.0,0.0
finest-carrier,10.450000000000001,0.0,0.0
finest-carrier,10.475,0.0,0.0
finest-carrier,10.5,0.0,0.0
finest-carrier,10.525,0.0,0.0
finest-carrier,10.55,0.0,0.0
finest-carrier,10.575000000000001,0.0,0.0
finest-carrier,10.6,0.0,0.0
finest-carrier,10.625,0.0,0.0
finest-carrier,10.65,0.0,0.0
finest-carrier,10.675,0.0,0.0
finest-carrier,10.700000000000001,0.0,0.0
finest-carrier,10.725,0.0,0.0
finest-carrier,10.75,0.0,0.0
finest-carrier,10.775,0.0,0.0
finest-carrier,10.8,0.0,0.0
finest-carrier,10.825000000000001,0.0,0.0
finest-carrier,10.85,0.0,0.0
finest-carrier,10.875,0.0,0.0
finest-carrier,10.9,0.0,0.0
finest-carrier,10.925,0.0,0.0
finest-carrier,10.950000000000001,0.0,0.0
finest-carrier,10.975,0.0,0.0
finest-carrier,11.0,0.0,0.0
finest-carrier,11.025,0.0,0.0
finest-carrier,11.05,0.0,0.0
finest-carrier,11.075000000000001,0.0,0.0
finest-carrier,11.1,0.0,0.0
finest-carrier,11.125,0.0,0.0
finest-carrier,11.15,0.0,0.0
finest-carrier,11.175,0.0,0.0
finest-carrier,11.200000000000001,0.0,0.0
finest-carrier,11.225,0.0,0.0
finest-carrier,11.25,0.0,0.0
finest-carrier,11.275,0.0,0.0
finest-carrier,11.3,0.0,0.0
finest-carrier,11.325000000000001,0.0,0.0
finest-carrier,11.35,0.0,0.0
finest-carrier,11.375,0.0,0.0
finest-carrier,11.4,0.0,0.0
finest-carrier,11.425,0.0,0.0
finest-carrier,11.450000000000001,0.0,0.0
finest-carrier,11.475,0.0,5e-324
finest-carrier,11.5,0.0,6.03e-322
finest-carrier,11.525,0.0,6.9876e-320
finest-carrier,11.55,0.0,7.96782e-318
finest-carrier,11.575000000000001,0.0,8.92418736e-316
finest-carrier,11.6,0.0,9.818042698e-314
finest-carrier,11.625,0.0,1.0610266062663e-311
finest-carrier,11.65,0.0,1.12639377601702e-309
finest-carrier,11.675,0.0,1.1747187711835937e-307
finest-carrier,11.700000000000001,0.0,1.2035771899650645e-305
finest-carrier,11.725,0.0,1.2115088974639745e-303
finest-carrier,11.75,0.0,1.1981403358267013e-301
finest-carrier,11.775,0.0,1.1642132353961037e-299
finest-carrier,11.8,0.0,1.1115167140871301e-297
finest-carrier,11.825000000000001,0.0,1.0427313816300734e-295
finest-carrier,11.85,0.0,9.612043024422386e-294
finest-carrier,11.875,0.0,8.706810017710655e-292
finest-carrier,11.9,0.0,7.750241532587186e-290
finest-carrier,11.925,0.0,6.77947885496999e-288
finest-carrier,11.950000000000001,0.0,5.827922144336654e-286
finest-carrier,11.975,0.0,4.9235494121633444e-284
finest-carrier,12.0,0.0,4.0878978453694094e-282
finest-carrier,12.025,0.0,3.3357094450468005e-280
finest-carrier,12.05,0.0,2.675169393378241e-278
finest-carrier,12.075000000000001,0.0,2.1086126636157638e-276
finest-carrier,12.1,0.0,1.6335460792510122e-274
finest-carrier,12.125,0.0,1.243828774484447e-272
finest-carrier,12.15,0.0,9.308697111595385e-271
finest-carrier,12.175,0.0,6.847302842386589e-269
finest-carrier,12.200000000000001,0.0,4.950561211856952e-267
finest-carrier,12.225,0.0,3.517985717115268e-265
finest-carrier,12.25,0.0,2.4571820494219234e-263
finest-carrier,12.275,0.0,1.6868689822342383e-261
finest-carrier,12.3,0.0,1.1382071667003062e-259
finest-carrier,12.325000000000001,0.0,7.548319077901072e-258
finest-carrier,12.35,0.0,4.919928228698118e-256
finest-carrier,12.375,0.0,3.1516266926053175e-254
finest-carrier,12.4,0.0,1.9840979390541944e-252
finest-carrier,12.425,0.0,1.2275103485322675e-250
finest-carrier,12.450000000000001,0.0,7.46274125066862e-249
finest-carrier,12.475,0.0,4.4581605390051177e-247
finest-carrier,12.5,0.0,2.6167657934705037e-245
finest-carrier,12.525,0.0,1.508994110835867e-243
finest-carrier,12.55,0.0,8.548274462611201e-242
finest-carrier,12.575000000000001,0.0,4.756461873216989e-240
finest-carrier,12.6,0.0,2.5992071217821214e-238
finest-carrier,12.625,0.0,1.3946783593013937e-236
finest-carrier,12.65,0.0,7.346737225721008e-235
finest-carrier,12.675,-5e-324,3.798360034759458e-233
finest-carrier,12.700000000000001,-7.6e-322,1.9268676130293522e-231
finest-carrier,12.725,-7.7983e-320,9.587572486845729e-230
finest-carrier,12.75,-7.88515e-318,4.6771423546430213e-228
finest-carrier,12.775,-7.8472096e-316,2.2358356216475564e-226
finest-carrier,12.8,-7.6865644363e-314,1.0466567940787125e-224
finest-carrier,12.825000000000001,-7.41102449964e-312,4.794238459557919e-223
finest-carrier,12.85,-7.03347877328963e-310,2.1465165707391852e-221
finest-carrier,12.875,-6.570900929115392e-308,9.381265969331883e-220
finest-carrier,12.9,-6.04309146779471e-306,3.995044418733546e-218
finest-carrier,12.925,-5.471286855627138e-304,1.6536723922012523e-216
finest-carrier,12.950000000000001,-4.876770128353432e-302,6.630374177038684e-215
finest-carrier,12.975,-4.2796064897183655e-300,2.5618787806267887e-213
finest-carrier,13.0,-3.6976028943987507e-298,9.462724912147243e-212
finest-carrier,13.025,-3.1455570087652367e-296,3.295868322158747e-210
finest-carrier,13.05,-2.634823669594038e-294,1.0544988618195396e-208
finest-carrier,13.075000000000001,-2.1731912864988564e-292,2.9160565397289987e-207
finest-carrier,13.1,-1.7650309140792776e-290,5.645406237073377e-206
finest-carrier,13.125,-1.4116598388499089e-288,-3.790724459231594e-205
finest-carrier,13.15,-1.1118506748166019e-286,-1.2530994368331054e-202
finest-carrier,13.175,-8.624157339912902e-285,-9.406615755293543e-201
finest-carrier,13.200000000000001,-6.588031756789582e-283,-5.435691477480909e-199
finest-carrier,13.225,-4.956537171787131e-281,-2.779744225962667e-197
finest-carrier,13.25,-3.6728183560395854e-279,-1.3183490706607974e-195
finest-carrier,13.275,-2.6806093256637493e-277,-5.92504800516943e-194
finest-carrier,13.3,-1.9270591496460397e-275,-2.553178875937462e-192
finest-carrier,13.325000000000001,-1.3645779028552366e-273,-1.062380536987813e-190
finest-carrier,13.35,-9.518260300571423e-272,-4.2884207439396004e-189
finest-carrier,13.375,-6.54013671077792e-270,-1.6846783365511985e-187
finest-carrier,13.4,-4.426902936939567e-268,-6.455558176679296e-186
finest-carrier,13.425,-2.951962812451876e-266,-2.4170621279380417e-184
finest-carrier,13.450000000000001,-1.939246988422144e-264,-8.854112074748791e-183
finest-carrier,13.475,-1.2551055513944359e-262,-3.1764972500436287e-181
finest-carrier,13.5,-8.003236390920785e-261,-1.1169970111916961e-179
finest-carrier,13.525,-5.028084475490462e-259,-3.852502579186537e-178
finest-carrier,13.55,-3.1124625797794e-257,-1.3039415296051258e-176
finest-carrier,13.575000000000001,-1.898380918796584e-255,-4.3330663749706074e-175
finest-carrier,13.6,-1.1409144875113305e-253,-1.414235390274262e-173
finest-carrier,13.625,-6.756566870595312e-252,-4.535026298152356e-172
finest-carrier,13.65,-3.94289235157745e-250,-1.4291984064502913e-170
finest-carrier,13.675,-2.267420637311018e-248,-4.42758147526764e-169
finest-carrier,13.700000000000001,-1.284961020925839e-246,-1.3486378191874653e-167
finest-carrier,13.725,-7.176302166786114e-245,-4.039812086050567e-166
finest-carrier,13.75,-3.9498124870011274e-243,-1.1902469092336456e-164
finest-carrier,13.775,-2.1425413102431535e-241,-3.449754219082892e-163
finest-carrier,13.8,-1.1454357488806362e-239,-9.837230311998354e-162
finest-carrier,13.825000000000001,-6.0354933730225285e-238,-2.760220254373549e-160
finest-carrier,13.85,-3.1344902424221105e-236,-7.621640823625762e-159
finest-carrier,13.875,-1.604518123635445e-234,-2.0712396073282826e-157
finest-carrier,13.9,-8.095752542295677e-233,-5.540242995253298e-156
finest-carrier,13.925,-4.0263907855123295e-231,-1.4587471921383933e-154
finest-carrier,13.950000000000001,-1.9739302602383142e-229,-3.7810915202660393e-153
finest-carrier,13.975,-9.539285031032118e-228,-9.648745384451887e-152
finest-carrier,14.0,-4.5444237148454374e-226,-2.4242043440669605e-150
finest-carrier,14.025,-2.1341821711545534e-224,-5.997060753870546e-149
finest-carrier,14.05,-9.88062502214315e-223,-1.4608403231365174e-147
finest-carrier,14.075000000000001,-4.509704298009352e-221,-3.5041657940634623e-146
finest-carrier,14.1,-2.0292369691530652e-219,-8.277612891024183e-145
finest-carrier,14.125,-9.002201429585086e-218,-1.925678152480781e-143
finest-carrier,14.15,-3.937368231130378e-216,-4.4120322650582895e-142
finest-carrier,14.175,-1.6979099243104594e-214,-9.95605105569335e-141
finest-carrier,14.200000000000001,-7.219122407540074e-213,-2.212814387899283e-139
finest-carrier,14.225,-3.0263909091303402e-211,-4.8442579283199027e-138
finest-carrier,14.25,-1.2509676845105518e-209,-1.0445950304661326e-136
finest-carrier,14.275,-5.09867199818758e-208,-2.2188105637562936e-135
finest-carrier,14.3,-2.0491196461514218e-206,-4.642547941639685e-134
finest-carrier,14.325000000000001,-8.120561119751075e-205,-9.569032628922901e-133
finest-carrier,14.35,-3.1733818803933286e-203,-1.9429694923716545e-131
finest-carrier,14.375,-1.2228837808455813e-201,-3.8865154384972354e-130
finest-carrier,14.4,-4.647115121100587e-200,-7.658801269029891e-129
finest-carrier,14.425,-1.741509319079875e-198,-1.4868806142995674e-127
finest-carrier,14.450000000000001,-6.436072129875649e-197,-2.8439019543147378e-126
finest-carrier,14.475,-2.3457256152500457e-195,-5.359004650722175e-125
finest-carrier,14.5,-8.431465783802312e-194,-9.949285272643233e-124
finest-carrier,14.525,-2.9888680992039602e-192,-1.8198877450478273e-122
finest-carrier,14.55,-1.0449519544281219e-190,-3.2798088077907195e-121
finest-carrier,14.575000000000001,-3.603128786823702e-189,-5.823840010022352e-120
finest-carrier,14.6,-1.2253636676847703e-187,-1.0189025238776553e-118
finest-carrier,14.625,-4.110169206178066e-186,-1.7563982916156194e-117
finest-carrier,14.65,-1.3597889382474034e-184,-2.983217934482208e-116
finest-carrier,14.675,-4.437188676455616e-183,-4.992551883877362e-115
finest-carrier,14.700000000000001,-1.4281579487616137e-181,-8.232645932599e-114
finest-carrier,14.725,-4.534023630117354e-180,-1.337638468294107e-112
finest-carrier,14.75,-1.419834169852681e-178,-2.1415259826704366e-111
finest-carrier,14.775,-4.385759006901005e-177,-3.378280241546507e-110
finest-carrier,14.8,-1.336324908205041e-175,-5.251190686381626e-109
finest-carrier,14.825000000000001,-4.016486023744822e-174,-8.042876269383751e-108
finest-carrier,14.85,-1.1908415126183071e-172,-1.2138297948368318e-106
finest-carrier,14.875,-3.4829052973729187e-171,-1.80508629494807e-105
finest-carrier,14.9,-1.0048835096358783e-169,-2.645041657932319e-104
finest-carrier,14.925,-2.860107509744666e-168,-3.8191057352599837e-103
finest-carrier,14.950000000000001,-8.030594316408897e-167,-5.433571165004836e-102
finest-carrier,14.975,-2.224424565675309e-165,-7.61733557187357e-101
finest-carrier,15.0,-6.078524808720926e-164,-1.0522381865228703e-99
finest-carrier,15.025,-1.6386829690356303e-162,-1.4322443269316675e-98
finest-carrier,15.05,-4.358263793428604e-161,-1.9209264454021123e-97
finest-carrier,15.075000000000001,-1.1435611033084808e-159,-2.538592980869602e-96
finest-carrier,15.1,-2.9603145301720162e-158,-3.3056884560144735e-95
finest-carrier,15.125,-7.560563409156755e-157,-4.241453560684704e-94
finest-carrier,15.15,-1.9050806028034857e-155,-5.362268434943769e-93
finest-carrier,15.175,-4.7360947329514475e-154,-6.679749294720722e-92
finest-carrier,15.200000000000001,-1.1616626965803718e-152,-8.19871773256715e-91
finest-carrier,15.225,-2.8112341341882128e-151,-9.915209445082204e-90
finest-carrier,15.25,-6.712369311478296e-150,-1.1814727315962862e-88
finest-carrier,15.275,-1.5813242368373053e-148,-1.38709647673128e-87
finest-carrier,15.3,-3.6756702404873084e-147,-1.6045221938612765e-86
finest-carrier,15.325000000000001,-8.429985430747653e-146,-1.8286704681660168e-85
finest-carrier,15.35,-1.907637160439399e-144,-2.05338333068569e-84
finest-carrier,15.375,-4.259388512543329e-143,-2.271659778994582e-83
finest-carrier,15.4,-9.383935081952552e-142,-2.4759886909064304e-82
finest-carrier,15.425,-2.0399173881430618e-140,-2.658760296264059e-81
finest-carrier,15.450000000000001,-4.375558146974465e-139,-2.8127266557126636e-80
finest-carrier,15.475,-9.260851971767361e-138,-2.9314733295452666e-79
finest-carrier,15.5,-1.9340522196104318e-136,-3.0098599905523096e-78
finest-carrier,15.525,-3.985549854103147e-135,-3.0443880784923784e-77
finest-carrier,15.55,-8.104271382184382e-134,-3.0334590018043274e-76
finest-carrier,15.575000000000001,-1.626103272110683e-132,-2.977496416947576e-75
finest-carrier,15.6,-3.219535994843332e-131,-2.878919602200936e-74
finest-carrier,15.625,-6.290018280596539e-130,-2.741970186755656e-73
finest-carrier,15.65,-1.2126243740186657e-128,-2.5724095049770904e-72
finest-carrier,15.675,-2.3068459618583157e-127,-2.3771166549386153e-71
finest-carrier,15.700000000000001,-4.330427968470968e-126,-2.163626325324909e-70
finest-carrier,15.725,-8.021670468948924e-125,-1.9396495823999686e-69
finest-carrier,15.75,-1.466298169774763e-123,-1.7126197804014212e-68
finest-carrier,15.775,-2.6448728256147986e-122,-1.489300023227307e-67
finest-carrier,15.8,-4.707753540134548e-121,-1.2754792442303933e-66
finest-carrier,15.825000000000001,-8.268948833272745e-120,-1.075772485450321e-65
finest-carrier,15.85,-1.433229159522161e-118,-8.935290019377187e-65
finest-carrier,15.875,-2.4513799849138956e-117,-7.308409313262797e-64
finest-carrier,15.9,-4.1374815550069283e-116,-5.886366601878784e-63
finest-carrier,15.925,-6.891163334085365e-115,-4.668374211391556e-62
finest-carrier,15.950000000000001,-1.1326102707844782e-113,-3.645532862866638e-61
finest-carrier,15.975,-1.8369621287894698e-112,-2.802953317776067e-60
finest-carrier,16.0,-2.940030094222814e-111,-2.121837281043487e-59
finest-carrier,16.025,-4.643389950843769e-110,-1.5813605108932859e-58
finest-carrier,16.05,-7.236859144013882e-109,-1.1602535181394713e-57
finest-carrier,16.075,-1.1130028216909697e-107,-8.380269918710767e-57
finest-carrier,16.1,-1.6891686889186651e-106,-5.958342411480905e-56
finest-carrier,16.125,-2.5297618844602095e-105,-4.16997801021991e-55
finest-carrier,16.15,-3.738653432197953e-104,-2.872504499511416e-54
finest-carrier,16.175,-5.452285777883493e-103,-1.9475263909112389e-53
finest-carrier,16.2,-7.84636611026312e-102,-1.299504911471939e-52
finest-carrier,16.225,-1.1142524905359577e-100,-8.533356634419318e-52
finest-carrier,16.25,-1.5614284695233538e-99,-5.514217542234896e-51
finest-carrier,16.275,-2.1591467863639704e-98,-3.506256617725811e-50
finest-carrier,16.3,-2.946197160531787e-97,-2.193674553533144e-49
finest-carrier,16.325,-3.966968807300282e-96,-1.3503345274423797e-48
finest-carrier,16.35,-5.2707289962064833e-95,-8.177532100760469e-48
finest-carrier,16.375,-6.910268053255744e-94,-4.871749042227504e-47
finest-carrier,16.4,-8.939816237197638e-93,-2.854949080121263e-46
finest-carrier,16.425,-1.141218386377457e-91,-1.6456240396176418e-45
finest-carrier,16.45,-1.4375143017413545e-90,-9.329289656505424e-45
finest-carrier,16.475,-1.7867154810154295e-89,-5.201372983777e-44
finest-carrier,16.5,-2.1912644517160374e-88,-2.8516976377970885e-43
finest-carrier,16.525,-2.651712848960805e-87,-1.537334529043714e-42
finest-carrier,16.55,-3.1662588844268956e-86,-8.148446395456121e-42
finest-carrier,16.575,-3.730355996297698e-85,-4.2460347438811074e-41
finest-carrier,16.6,-4.3364420159922755e-84,-2.1749734935695263e-40
finest-carrier,16.625,-4.9738360123564354e-83,-1.0950754558803759e-39
finest-carrier,16.65,-5.628841929282819e-82,-5.4188886905576754e-39
finest-carrier,16.675,-6.285084148767298e-81,-2.6351625776724297e-38
finest-carrier,16.7,-6.924080952921127e-80,-1.2591829978859189e-37
finest-carrier,16.725,-7.52603915031911e-79,-5.911614167150703e-37
finest-carrier,16.75,-8.07082924384835e-78,-2.7265210428641687e-36
finest-carrier,16.775,-8.539078305055772e-77,-1.2352220605873136e-35
finest-carrier,16.8,-8.913300151908301e-76,-5.496174828423135e-35
finest-carrier,16.825,-9.1789721440401e-75,-2.4015917630190508e-34
finest-carrier,16.85,-9.325466794496666e-74,-1.0303923835828886e-33
finest-carrier,16.875,-9.34675522630442e-73,-4.340205348058182e-33
finest-carrier,16.9,-9.241817752382596e-72,-1.7945644849394504e-32
finest-carrier,16.925,-9.01472270870064e-71,-7.282549509889365e-32
finest-carrier,16.95,-8.67436522021078e-70,-2.9001146445376204e-31
finest-carrier,16.975,-8.233889234725032e-69,-1.1331389288769248e-30
finest-carrier,17.0,-7.709845152766455e-68,-4.3432353736220616e-30
finest-carrier,17.025,-7.121158311659824e-67,-1.6327833228467663e-29
finest-carrier,17.05,-6.487997904333578e-66,-6.019329864295146e-29
finest-carrier,17.075,-5.830640280376803e-65,-2.175644716611007e-28
finest-carrier,17.1,-5.16841498756549e-64,-7.708326631172464e-28
finest-carrier,17.125,-4.5188076444341106e-63,-2.6765327294035525e-27
finest-carrier,17.150000000000002,-3.896773086842568e-62,-9.106029106621657e-27
finest-carrier,17.175,-3.314288125195828e-61,-3.034790005405469e-26
finest-carrier,17.2,-2.780148768400191e-60,-9.905253098625864e-26
finest-carrier,17.225,-2.29999472111028e-59,-3.1654010267421386e-25
finest-carrier,17.25,-1.8765265143628777e-58,-9.901508680920575e-25
finest-carrier,17.275000000000002,-1.5098691062981714e-57,-3.03082334036128e-24
finest-carrier,17.3,-1.1980305927302085e-56,-9.07563585285281e-24
finest-carrier,17.325,-9.374053630868594e-56,-2.6577501984835424e-23
finest-carrier,17.35,-7.232765448126364e-55,-7.609001920491476e-23
finest-carrier,17.375,-5.502814241068332e-54,-2.1289482119465995e-22
finest-carrier,17.400000000000002,-4.128141109345923e-53,-5.819219206688177e-22
finest-carrier,17.425,-3.053505379170071e-52,-1.553298741018368e-21
finest-carrier,17.45,-2.2269073451955948e-51,-4.047189198108262e-21
finest-carrier,17.475,-1.60121368592199e-50,-1.0288829142085185e-20
finest-carrier,17.5,-1.1350736844307017e-49,-2.5508499545601654e-20
finest-carrier,17.525000000000002,-7.93249658780005e-49,-6.164366841746914e-20
finest-carrier,17.55,-5.4649952922706336e-48,-1.451238093163693e-19
finest-carrier,17.575,-3.711472443252263e-47,-3.3264394895625854e-19
finest-carrier,17.6,-2.4846271406183917e-46,-7.418830761798759e-19
finest-carrier,17.625,-1.6395180956238816e-45,-1.6088212293256292e-18
finest-carrier,17.650000000000002,-1.066331272745645e-44,-3.3897898709430355e-18
finest-carrier,17.675,-6.835486208373648e-44,-6.933901966802999e-18
finest-carrier,17.7,-4.3184494536384575e-43,-1.3757411617914166e-17
finest-carrier,17.725,-2.688726874108068e-42,-2.6450015826340122e-17
finest-carrier,17.75,-1.649698634541216e-41,-4.922401781197049e-17
finest-carrier,17.775000000000002,-9.974236770592368e-41,-8.856658031656213e-17
finest-carrier,17.8,-5.942227683553132e-40,-1.5385887307308813e-16
finest-carrier,17.825,-3.488110538452145e-39,-2.576791464003122e-16
finest-carrier,17.85,-2.0173378714951706e-38,-4.153308492963902e-16
finest-carrier,17.875,-1.1494495807923295e-37,-6.429983648178331e-16
finest-carrier,17.900000000000002,-6.452066266103476e-37,-9.5395489967614e-16
finest-carrier,17.925,-3.567625997189401e-36,-1.3525923992384456e-15
finest-carrier,17.95,-1.943142626784608e-35,-1.8268469414004e-15
finest-carrier,17.975,-1.0424311348453385e-34,-2.3408359504767393e-15
finest-carrier,18.0,-5.507811725729715e-34,-2.830883598297806e-15
finest-carrier,18.025000000000002,-2.8659636204451027e-33,-3.2088863306155074e-15
finest-carrier,18.05,-1.4685615179483064e-32,-3.376220339928576e-15
finest-carrier,18.075,-7.409904809100598e-32,-3.248398296654984e-15
finest-carrier,18.1,-3.6812927281399196e-31,-2.7856591639720623e-15
finest-carrier,18.125,-1.8006222120878224e-30,-2.0193585728906045e-15
finest-carrier,18.150000000000002,-8.670531047285202e-30,-1.0615163024159828e-15
finest-carrier,18.175,-4.1099349849464484e-29,-8.823493020237333e-17
finest-carrier,18.2,-1.9175850867615534e-28,7.024285741087503e-16
finest-carrier,18.225,-8.805782947512429e-28,1.1449131524269486e-15
finest-carrier,18.25,-3.9795781875109585e-27,1.1517738900575114e-15
finest-carrier,18.275000000000002,-1.769794244249188e-26,7.32963941111117e-16
finest-carrier,18.3,-7.744349248194648e-26,-1.3659276282449683e-17
finest-carrier,18.325,-3.3341259587774406e-25,-9.267703767777527e-16
finest-carrier,18.35,-1.4121187424548246e-24,-1.8044022047748744e-15
finest-carrier,18.375,-5.883130220848844e-24,-2.4251638078058034e-15
finest-carrier,18.400000000000002,-2.4107281541863868e-23,-2.5892795800892965e-15
finest-carrier,18.425,-9.715018251203144e-23,-2.1987821937089737e-15
finest-carrier,18.45,-3.8498710251964107e-22,-1.3553105889504078e-15
finest-carrier,18.475,-1.500050724112569e-21,-4.002542407754916e-16
finest-carrier,18.5,-5.746075523327584e-21,1.8349988242403538e-16
finest-carrier,18.525000000000002,-2.163660297837995e-20,5.124995221958725e-18
finest-carrier,18.55,-8.007633421687332e-20,-9.982792092031738e-16
finest-carrier,18.575,-2.912459142236226e-19,-2.50913945585938e-15
finest-carrier,18.6,-1.040872071845136e-18,-4.026944825535366e-15
finest-carrier,18.625,-3.654736523299636e-18,-5.159182497243231e-15
finest-carrier,18.650000000000002,-1.2605883872826917e-17,-5.742094490768723e-15
finest-carrier,18.675,-4.270554116481263e-17,-5.7019303576344064e-15
finest-carrier,18.7,-1.420763651144752e-16,-4.896737958936462e-15
finest-carrier,18.725,-4.641056041295371e-16,-3.3008325366065188e-15
finest-carrier,18.75,-1.4883238974577908e-15,-1.6267559957069104e-15
finest-carrier,18.775000000000002,-4.684784141215987e-15,-2.2131683501405024e-15
finest-carrier,18.8,-1.4471596482014688e-14,-1.0580454967690618e-14
finest-carrier,18.825,-4.386302710320761e-14,-4.026730343865673e-14
finest-carrier,18.85,-1.304228970768829e-13,-1.2840020492403807e-13
finest-carrier,18.875,-3.803619691725784e-13,-3.8036534139612066e-13
finest-carrier,18.900000000000002,-1.087778000428935e-12,-1.089997367356488e-12
finest-carrier,18.925,-3.0499467742070085e-12,-3.054995778189387e-12
finest-carrier,18.95,-8.382214155717375e-12,-8.390814473450416e-12
finest-carrier,18.975,-2.2575750184370604e-11,-2.2587522228479836e-11
finest-carrier,19.0,-5.957193219760574e-11,-5.9584792904651e-11
finest-carrier,19.025000000000002,-1.5397597191786383e-10,-1.539872328134239e-10
finest-carrier,19.05,-3.897339721766984e-10,-3.8974219251101886e-10
finest-carrier,19.075,-9.657760249995206e-10,-9.657815433299018e-10
finest-carrier,19.1,-2.3424092244108656e-09,-2.342412800569762e-09
finest-carrier,19.125,-5.559161013313132e-09,-5.559162434264999e-09
finest-carrier,19.150000000000002,-1.290608457717095e-08,-1.2906083147745515e-08
finest-carrier,19.175,-2.9301782212994693e-08,-2.9301778452472734e-08
finest-carrier,19.2,-6.50399908027682e-08,-6.503998686062856e-08
finest-carrier,19.225,-1.4109899955019367e-07,-1.4109899747175958e-07
finest-carrier,19.25,-2.990835615836712e-07,-2.99083561525593e-07
finest-carrier,19.275000000000002,-6.1923156564122e-07,-6.192315663248333e-07
finest-carrier,19.3,-1.2519065380370376e-06,-1.251906538763223e-06
finest-carrier,19.325,-2.4706774843953446e-06,-2.4706774858897906e-06
finest-carrier,19.35,-4.758332283914342e-06,-4.758332286952691e-06
finest-carrier,19.375,-8.940489719759373e-06,-8.94048972356586e-06
finest-carrier,19.400000000000002,-1.6383826408823347e-05,-1.6383826411483004e-05
finest-carrier,19.425,-2.9275599134761335e-05,-2.927559913516597e-05
finest-carrier,19.45,-5.099580402158838e-05,-5.0995804020530827e-05
finest-carrier,19.475,-8.658052367375422e-05,-8.658052367302428e-05
finest-carrier,19.5,-0.00014325318144694856,-0.00014325318144768436
finest-carrier,19.525000000000002,-0.00023097028565160346,-0.00023097028565366082
finest-carrier,19.55,-0.0003628944338558152,-0.0003628944338584578
finest-carrier,19.575,-0.0005556792129472256,-0.0005556792129501791
finest-carrier,19.6,-0.0008294412527306018,-0.000829441252734517
finest-carrier,19.625,-0.00120731713962323,-0.0012073171396291792
finest-carrier,19.650000000000002,-0.001714563920794232,-0.001714563920802571
finest-carrier,19.675,-0.0023772550348725666,-0.0023772550348822247
finest-carrier,19.7,-0.0032207252834679473,-0.0032207252834769973
finest-carrier,19.725,-0.004267992498693155,-0.004267992498700107
finest-carrier,19.75,-0.005538393934522793,-0.005538393934527207
finest-carrier,19.775000000000002,-0.00704660615110457,-0.007046606151106749
finest-carrier,19.8,-0.008802087822551074,-0.008802087822551796
finest-carrier,19.825,-0.010808849645909384,-0.01080884964590952
finest-carrier,19.85,-0.013065379300261876,-0.013065379300261522
finest-carrier,19.875,-0.01556456933870964,-0.015564569338707892
finest-carrier,19.900000000000002,-0.018293591762470116,-0.018293591762466786
finest-carrier,19.925,-0.02123376308833639,-0.02123376308833316
finest-carrier,19.95,-0.024360472765706756,-0.02436047276570544
finest-carrier,19.975,-0.027643189085011437,-0.02764318908501139
finest-carrier,20.0,-0.031045475899915298,-0.031045475899914292
finest-carrier,20.025000000000002,-0.034524949789878,-0.03452494978987515
finest-carrier,20.05,-0.03803321720424306,-0.03803321720423992
finest-carrier,20.075,-0.041515968876060814,-0.04151596887605939
finest-carrier,20.1,-0.044913420872308714,-0.04491342087230956
finest-carrier,20.125,-0.048161106988040256,-0.04816110698804235
finest-carrier,20.150000000000002,-0.051190769223048126,-0.05119076922305022
finest-carrier,20.175,-0.05393101097947216,-0.05393101097947435
finest-carrier,20.2,-0.05630760896415085,-0.05630760896415436
finest-carrier,20.225,-0.058243760054792613,-0.0582437600547976
finest-carrier,20.25,-0.05966069781968808,-0.0596606978196936
finest-carrier,20.275000000000002,-0.06047883626787071,-0.06047883626787587
finest-carrier,20.3,-0.060619111287213645,-0.060619111287218815
finest-carrier,20.325,-0.060003997281230764,-0.06000399728123573
finest-carrier,20.35,-0.05855803118962783,-0.05855803118963252
finest-carrier,20.375,-0.05620823636913119,-0.05620823636913628
finest-carrier,20.400000000000002,-0.05288497611640653,-0.05288497611641392
finest-carrier,20.425,-0.0485232837315885,-0.04852328373159828
finest-carrier,20.45,-0.043064147658883514,-0.04306414765889341
finest-carrier,20.475,-0.036455264257974185,-0.03645526425798275
finest-carrier,20.5,-0.028651393429479113,-0.028651393429487432
finest-carrier,20.525000000000002,-0.019614899829369127,-0.01961489982937941
finest-carrier,20.55,-0.009316756301076918,-0.009316756301090237
finest-carrier,20.575,0.0022623869970869936,0.0022623869970726574
finest-carrier,20.6,0.015131615122334161,0.015131615122319923
finest-carrier,20.625,0.029289615237081585,0.029289615237067895
finest-carrier,20.650000000000002,0.044724461481727026,0.04472446148171329
finest-carrier,20.675,0.061413041526797385,0.061413041526782425
finest-carrier,20.7,0.07932049079465986,0.07932049079464369
finest-carrier,20.725,0.09840009499032515,0.0984000949903087
finest-carrier,20.75,0.11859355436594084,0.11859355436592582
finest-carrier,20.775000000000002,0.13983113673336484,0.1398311367333499
finest-carrier,20.8,0.162031609566811,0.16203160956679427
finest-carrier,20.825,0.18510233807666202,0.18510233807664556
finest-carrier,20.85,0.20893980195372616,0.208939801953709
finest-carrier,20.875,0.23343027871122446,0.2334302787112051
finest-carrier,20.900000000000002,0.25845038142272203,0.2584503814227011
finest-carrier,20.925,0.2838675656082326,0.2838675656082122
finest-carrier,20.95,0.30954090134921547,0.3095409013491949
finest-carrier,20.975,0.33532208825480286,0.33532208825478294
finest-carrier,21.0,0.36105645481813187,0.3610564548181135
finest-carrier,21.025000000000002,0.3865838912041424,0.38658389120412384
finest-carrier,21.05,0.4117398960254049,0.41173989602538413
finest-carrier,21.075,0.4363567964224101,0.4363567964223918
finest-carrier,21.1,0.4602650077423415,0.460265007742326
finest-carrier,21.125,0.4832942593498081,0.48329425934979525
finest-carrier,21.150000000000002,0.5052748443609323,0.505274844360917
finest-carrier,21.175,0.5260389236154219,0.5260389236154066
finest-carrier,21.2,0.5454218522332762,0.5454218522332612
finest-carrier,21.225,0.5632635094624145,0.5632635094623987
finest-carrier,21.25,0.5794096010046527,0.5794096010046402
finest-carrier,21.275000000000002,0.5937128945139298,0.5937128945139177
finest-carrier,21.3,0.6060344337109855,0.6060344337109717
finest-carrier,21.325,0.6162447826057773,0.6162447826057631
finest-carrier,21.35,0.6242251949234406,0.6242251949234293
finest-carrier,21.375,0.6298686084098573,0.6298686084098505
finest-carrier,21.400000000000002,0.633080590304618,0.6330805903046116
finest-carrier,21.425,0.6337803313163416,0.6337803313163343
finest-carrier,21.45,0.6319014965729083,0.6319014965729004
finest-carrier,21.475,0.6273928197066676,0.6273928197066588
finest-carrier,21.5,0.6202186676867368,0.6202186676867316
finest-carrier,21.525000000000002,0.6103596544303664,0.6103596544303603
finest-carrier,21.55,0.5978130128008093,0.5978130128008008
finest-carrier,21.575,0.5825926855554897,0.582592685555482
finest-carrier,21.6,0.5647294595619957,0.5647294595619883
finest-carrier,21.625,0.5442711002286821,0.5442711002286796
finest-carrier,21.650000000000002,0.5212821376591418,0.5212821376591434
finest-carrier,21.675,0.49584344726648083,0.4958434472664846
finest-carrier,21.7,0.4680519585204623,0.46805195852046744
finest-carrier,21.725,0.4380202371811095,0.4380202371811164
finest-carrier,21.75,0.4058756767915502,0.4058756767915622
finest-carrier,21.775000000000002,0.37175966933672244,0.3717596693367275
finest-carrier,21.8,0.33582690889219236,0.3358269088921968
finest-carrier,21.825,0.29824439635801175,0.29824439635801553
finest-carrier,21.85,0.25919017290828894,0.2591901729082896
finest-carrier,21.875,0.21885223677835214,0.21885223677835383
finest-carrier,21.900000000000002,0.17742744040397834,0.17742744040397596
finest-carrier,21.925,0.13512001326690082,0.1351200132669027
finest-carrier,21.95,0.09214010583221688,0.09214010583222035
finest-carrier,21.975,0.04870255489053964,0.04870255489054931
finest-carrier,22.0,0.005025397354428968,0.0050253973544483466
finest-carrier,22.025000000000002,-0.03867180336780356,-0.03867180336778286
finest-carrier,22.05,-0.08216934387901541,-0.08216934387898779
finest-carrier,22.075,-0.12524876777558672,-0.12524876777556598
finest-carrier,22.1,-0.1676945419322718,-0.1676945419322448
finest-carrier,22.125,-0.20929554048459761,-0.20929554048456622
finest-carrier,22.150000000000002,-0.2498462942522176,-0.24984629425219232
finest-carrier,22.175,-0.2891484805953268,-0.28914848059530346
finest-carrier,22.2,-0.32701237939299505,-0.327012379392969
finest-carrier,22.225,-0.3632579639425986,-0.3632579639425738
finest-carrier,22.25,-0.39771607959976174,-0.3977160795997359
finest-carrier,22.275000000000002,-0.4302297199524086,-0.43022971995237724
finest-carrier,22.3,-0.4606549230324085,-0.4606549230323739
finest-carrier,22.325,-0.48886157490956045,-0.48886157490953586
finest-carrier,22.35,-0.5147343730788885,-0.5147343730788569
finest-carrier,22.375,-0.5381734745888516,-0.5381734745888239
finest-carrier,22.400000000000002,-0.5590949022819777,-0.5590949022819482
finest-carrier,22.425,-0.5774311069212068,-0.5774311069211846
finest-carrier,22.45,-0.5931313125477741,-0.5931313125477431
finest-carrier,22.475,-0.6061615281044944,-0.6061615281044624
finest-carrier,22.5,-0.616504670690379,-0.6165046706903531
finest-carrier,22.525000000000002,-0.6241605706871687,-0.6241605706871356
finest-carrier,22.55,-0.6291456089265915,-0.6291456089265551
finest-carrier,22.575,-0.631492409363399,-0.6314924093633626
finest-carrier,22.6,-0.6312494960289923,-0.6312494960289521
finest-carrier,22.625,-0.6284805922135142,-0.628480592213473
finest-carrier,22.650000000000002,-0.623263927743451,-0.623263927743424
finest-carrier,22.675,-0.615691573354549,-0.6156915733545202
finest-carrier,22.7,-0.6058684555820795,-0.605868455582041
finest-carrier,22.725,-0.593911351476207,-0.5939113514761649
finest-carrier,22.75,-0.5799479568174212,-0.5799479568173904
finest-carrier,22.775000000000002,-0.5641156873036927,-0.5641156873036611
finest-carrier,22.8,-0.5465604527288518,-0.546560452728809
finest-carrier,22.825,-0.527435539353219,-0.5274355393531828
finest-carrier,22.85,-0.5069002819814087,-0.506900281981365
finest-carrier,22.875,-0.4851187209355897,-0.4851187209355492
finest-carrier,22.900000000000002,-0.4622583937165079,-0.4622583937164763
finest-carrier,22.925,-0.4384889712333519,-0.43848897123331937
finest-carrier,22.95,-0.41398090449522074,-0.41398090449519404
finest-carrier,22.975,-0.3889042257983998,-0.38890422579836115
finest-carrier,23.0,-0.36342724409825816,-0.3634272440982301
finest-carrier,23.025000000000002,-0.3377152842660326,-0.3377152842660087
finest-carrier,23.05,-0.31192959375548834,-0.3119295937554611
finest-carrier,23.075,-0.28622618633560426,-0.28622618633557795
finest-carrier,23.1,-0.26075476528051644,-0.26075476528048397
finest-carrier,23.125,-0.23565781886344672,-0.23565781886341752
finest-carrier,23.150000000000002,-0.21106968879169263,-0.21106968879165977
finest-carrier,23.175,-0.18711575052026,-0.18711575052023782
finest-carrier,23.2,-0.1639117616421913,-0.16391176164216473
finest-carrier,23.225,-0.1415632125069928,-0.14156321250696907
finest-carrier,23.25,-0.12016481322327992,-0.1201648132232473
finest-carrier,23.275000000000002,-0.09980013518065604,-0.09980013518062765
finest-carrier,23.3,-0.08054127808286556,-0.08054127808284237
finest-carrier,23.325,-0.06244868593432808,-0.062448685934298725
finest-carrier,23.35,-0.04557109596056917,-0.04557109596054307
finest-carrier,23.375,-0.029945530464836546,-0.02994553046479815
finest-carrier,23.400000000000002,-0.015597435489608283,-0.015597435489574828
finest-carrier,23.425,-0.002540925752806289,-0.0025409257527729415
finest-carrier,23.45,0.009220916777956346,0.009220916777987156
finest-carrier,23.475,0.019695615096588726,0.019695615096624246
finest-carrier,23.5,0.028900790780144448,0.028900790780178653
finest-carrier,23.525000000000002,0.03686360210148703,0.03686360210152075
finest-carrier,23.55,0.043620083690033715,0.04362008369006711
finest-carrier,23.575,0.0492144325331509,0.04921443253318766
finest-carrier,23.6,0.05369824821757017,0.05369824821760125
finest-carrier,23.625,0.057129712888568045,0.05712971288860374
finest-carrier,23.650000000000002,0.05957273810468022,0.05957273810471215
finest-carrier,23.675,0.06109608908221648,0.061096089082251503
finest-carrier,23.7,0.06177248572721902,0.061772485727249984
finest-carrier,23.725,0.0616776888363956,0.06167768883643902
finest-carrier,23.75,0.06088959844972583,0.06088959844975136
finest-carrier,23.775000000000002,0.0594873563717525,0.05948735637178886
finest-carrier,23.8,0.05755045550234203,0.05755045550236843
finest-carrier,23.825,0.055157900144542554,0.055157900144575646
finest-carrier,23.85,0.052387383807700416,0.05238738380773216
finest-carrier,23.875,0.04931450493576242,0.04931450493579222
finest-carrier,23.900000000000002,0.04601206355228928,0.04601206355231866
finest-carrier,23.925,0.04254937851660143,0.04254937851662309
finest-carrier,23.95,0.03899168411633897,0.038991684116360247
finest-carrier,23.975,0.03539961512168908,0.035399615121718735
finest-carrier,24.0,0.031828717620936545,0.031828717620955016
finest-carrier,24.025000000000002,0.028329081027888503,0.02832908102790872
finest-carrier,24.05,0.02494503849485775,0.02494503849487405
finest-carrier,24.075,0.021714914434969597,0.021714914434979235
finest-carrier,24.1,0.018670915278395553,0.01867091527840778
finest-carrier,24.125,0.01583905218861559,0.015839052188622225
finest-carrier,24.150000000000002,0.013239152122063688,0.013239152122071152
finest-carrier,24.175,0.010884994552352542,0.010884994552354334
finest-carrier,24.2,0.008784454465045728,0.008784454465039733
finest-carrier,24.225,0.0069397787582922334,0.006939778758288745
finest-carrier,24.25,0.005347930625059328,0.005347930625046451
finest-carrier,24.275000000000002,0.00400095430998138,0.004000954309975471
finest-carrier,24.3,0.002886491920714626,0.002886491920703621
finest-carrier,24.325,0.00198830350080476,0.001988303500785527
finest-carrier,24.35,0.0012868683166397778,0.0012868683166237364
finest-carrier,24.375,0.0007601077125618741,0.0007601077125393181
finest-carrier,24.400000000000002,0.0003840890325128614,0.00038408903248834714
finest-carrier,24.425,0.00013387477695544063,0.00013387477693045882
finest-carrier,24.45,-1.5595474818731336e-05,-1.5595474848955206e-05
finest-carrier,24.475,-8.862854984184833e-05,-8.862854987962998e-05
finest-carrier,24.5,-0.00010780681147208928,-0.00010780681151214446
finest-carrier,24.525000000000002,-9.315951319068711e-05,-9.315951323653275e-05
finest-carrier,24.55,-6.141070830004517e-05,-6.141070834909235e-05
finest-carrier,24.575,-2.540963981134675e-05,-2.540963985897138e-05
finest-carrier,24.6,6.060538292578568e-06,6.060538238207565e-06
finest-carrier,24.625,2.8218165638922263e-05,2.8218165589337015e-05
finest-carrier,24.650000000000002,3.976551223261134e-05,3.976551217691693e-05
finest-carrier,24.675,4.203697380945124e-05,4.203697375154892e-05
finest-carrier,24.7,3.799123969195457e-05,3.7991239641184036e-05
finest-carrier,24.725,3.1053582827015195e-05,3.105358277224854e-05
finest-carrier,24.75,2.421386907878866e-05,2.4213869026187823e-05
finest-carrier,24.775000000000002,1.941414723963839e-05,1.941414718672551e-05
finest-carrier,24.8,1.732540506848807e-05,1.73254050108066e-05
finest-carrier,24.825,1.7605599078057786e-05,1.760559902099234e-05
finest-carrier,24.85,1.9293765030846828e-05,1.9293764975321372e-05
finest-carrier,24.875,2.1334686540714045e-05,2.1334686480496335e-05
finest-carrier,24.900000000000002,2.2955638153845742e-05,2.295563809852306e-05
finest-carrier,24.925,2.376934247402663e-05,2.376934240836388e-05
finest-carrier,24.95,2.3787858854898503e-05,2.3787858800601787e-05
finest-carrier,24.975,2.323199679907671e-05,2.3231996737331172e-05
finest-carrier,25.0,2.2417545958643124e-05,2.2417545897384783e-05
finest-carrier,25.025000000000002,2.168728555163572e-05,2.1687285501201616e-05
finest-carrier,25.05,2.12978683486898e-05,2.129786829174629e-05
finest-carrier,25.075,2.140220786123942e-05,2.1402207809058443e-05
finest-carrier,25.1,2.1922826999598364e-05,2.1922826948159876e-05
finest-carrier,25.125,2.256153240792183e-05,2.2561532352388188e-05
finest-carrier,25.150000000000002,2.294932708179508e-05,2.2949327034188192e-05
finest-carrier,25.175,2.2829491546111703e-05,2.2829491494208808e-05
finest-carrier,25.2,2.2302524502735973e-05,2.2302524457270863e-05
finest-carrier,25.225,2.174751869963111e-05,2.1747518652845458e-05
finest-carrier,25.25,2.156998840874896e-05,2.1569988362291315e-05
finest-carrier,25.275000000000002,2.189270760398765e-05,2.1892707560054577e-05
finest-carrier,25.3,2.2404930666414926e-05,2.2404930626527132e-05
finest-carrier,25.325,2.2659867080923376e-05,2.265986704193656e-05
finest-carrier,25.35,2.2425246781956167e-05,2.2425246747733773e-05
finest-carrier,25.375,2.191494884181996e-05,2.1914948809201532e-05
finest-carrier,25.400000000000002,2.159621236341523e-05,2.1596212329355434e-05
finest-carrier,25.425,2.1715057003035513e-05,2.171505698063612e-05
finest-carrier,25.45,2.210024752105029e-05,2.210024749357444e-05
finest-carrier,25.475,2.23038240313025e-05,2.230382402198793e-05
finest-carrier,25.5,2.2090758143624926e-05,2.2090758130454482e-05
finest-carrier,25.525000000000002,2.167229372228989e-05,2.1672293714853673e-05
finest-carrier,25.55,2.1447268750815405e-05,2.144726874698922e-05
finest-carrier,25.575,2.15942785831969e-05,2.1594278579698433e-05
finest-carrier,25.6,2.184704921563956e-05,2.1847049218222972e-05
finest-carrier,25.625,2.1847844285877853e-05,2.1847844293073798e-05
finest-carrier,25.650000000000002,2.1547289195095987e-05,2.1547289199296406e-05
finest-carrier,25.675,2.124007953549399e-05,2.1240079547297294e-05
finest-carrier,25.7,2.1214963015748726e-05,2.1214963019691996e-05
finest-carrier,25.725,2.1374807918825945e-05,2.137480793666845e-05
finest-carrier,25.75,2.1415237459064535e-05,2.141523747230192e-05
finest-carrier,25.775000000000002,2.1193900051760503e-05,2.1193900068269277e-05
finest-carrier,25.8,2.0908603496436273e-05,2.0908603519428155e-05
finest-carrier,25.825,2.0822962065585124e-05,2.0822962084015226e-05
finest-carrier,25.85,2.08972519012999e-05,2.0897251923305947e-05
finest-carrier,25.875,2.08953829070135e-05,2.08953829295437e-05
finest-carrier,25.900000000000002,2.068914265876592e-05,2.0689142685551943e-05
finest-carrier,25.925,2.044376416449698e-05,2.0443764192157322e-05
finest-carrier,25.95,2.0353801893927064e-05,2.0353801921775573e-05
finest-carrier,25.975,2.0365201973309163e-05,2.036520200426927e-05
finest-carrier,26.0,2.029381839760409e-05,2.0293818423821468e-05
finest-carrier,26.025000000000002,2.0076420001872893e-05,2.0076420029507864e-05
finest-carrier,26.05,1.9873894110281724e-05,1.9873894136773442e-05
finest-carrier,26.075,1.9791243955919594e-05,1.9791243979921983e-05
finest-carrier,26.1,1.974136536831061e-05,1.974136539347961e-05
finest-carrier,26.125,1.9598378831277597e-05,1.959837884666344e-05
finest-carrier,26.150000000000002,1.9378990053908915e-05,1.937899007331462e-05
finest-carrier,26.175,1.921746818223002e-05,1.921746819216182e-05
finest-carrier,26.2,1.9123068220313892e-05,1.9123068230524363e-05
finest-carrier,26.225,1.9004480208643804e-05,1.9004480210555243e-05
finest-carrier,26.25,1.881185346646672e-05,1.881185347170006e-05
finest-carrier,26.275000000000002,1.8611900318162902e-05,1.8611900314343566e-05
finest-carrier,26.3,1.8469132149215086e-05,1.8469132144874736e-05
finest-carrier,26.325,1.8333136161546016e-05,1.8333136157029416e-05
finest-carrier,26.35,1.8156799503426608e-05,1.815679949882844e-05
finest-carrier,26.375,1.795042953591985e-05,1.7950429535413442e-05
finest-carrier,26.400000000000002,1.776876632973267e-05,1.7768766324687382e-05
finest-carrier,26.425,1.7606122385432928e-05,1.7606122389377564e-05
finest-carrier,26.45,1.7423101937273126e-05,1.7423101935879905e-05
finest-carrier,26.475,1.7220111926544877e-05,1.7220111925351966e-05
finest-carrier,26.5,1.701319026208775e-05,1.701319026898399e-05
finest-carrier,26.525000000000002,1.6821181877086027e-05,1.682118187579064e-05
finest-carrier,26.55,1.662430879406855e-05,1.6624308791899574e-05
finest-carrier,26.575,1.641671427213932e-05,1.6416714277268517e-05
finest-carrier,26.6,1.6196713131255767e-05,1.6196713124871565e-05
finest-carrier,26.625,1.597415197849757e-05,1.597415198285783e-05
finest-carrier,26.650000000000002,1.57625775100647e-05,1.5762577508118806e-05
finest-carrier,26.675,1.5545249204290017e-05,1.554524920614667e-05
finest-carrier,26.7,1.5311813010100797e-05,1.531181300945928e-05
finest-carrier,26.725,1.5064682662043897e-05,1.5064682656558882e-05
finest-carrier,26.75,1.4835101402760879e-05,1.4835101404311556e-05
finest-carrier,26.775000000000002,1.4609090170641607e-05,1.4609090167984016e-05
finest-carrier,26.8,1.4355552330807265e-05,1.435555233023243e-05
finest-carrier,26.825,1.4089359473781268e-05,1.4089359474840054e-05
finest-carrier,26.85,1.3843076136991615e-05,1.3843076133841693e-05
finest-carrier,26.875,1.3605141899665167e-05,1.3605141899389207e-05
finest-carrier,26.900000000000002,1.3328912955982833e-05,1.3328912954313532e-05
finest-carrier,26.925,1.304425268619902e-05,1.3044252692987958e-05
finest-carrier,26.95,1.2787763348034276e-05,1.2787763343038198e-05
finest-carrier,26.975,1.2529799037181276e-05,1.2529799046549997e-05
finest-carrier,27.0,1.223045097492111e-05,1.223045096623065e-05
finest-carrier,27.025000000000002,1.1930344160628818e-05,1.1930344167014586e-05
finest-carrier,27.05,1.166602563742164e-05,1.1666025636850981e-05
finest-carrier,27.075,1.1381064781093702e-05,1.1381064778110852e-05
finest-carrier,27.1,1.1057593233207494e-05,1.1057593238920442e-05
finest-carrier,27.125,1.0750706499352162e-05,1.0750706493695212e-05
finest-carrier,27.150000000000002,1.0472521485424222e-05,1.0472521489698144e-05
finest-carrier,27.175,1.0155647124193368e-05,1.015564712341758e-05
finest-carrier,27.2,9.812007845644919e-06,9.812007841285286e-06
finest-carrier,27.225,9.504919504487324e-06,9.504919513290724e-06
finest-carrier,27.25,9.201489163192007e-06,9.20148915376704e-06
finest-carrier,27.275000000000002,8.850557545722274e-06,8.850557554401472e-06
finest-carrier,27.3,8.499006854946806e-06,8.499006848130417e-06
finest-carrier,27.325,8.187199814775065e-06,8.18719981937398e-06
finest-carrier,27.35,7.846659043545754e-06,7.846659041367778e-06
finest-carrier,27.375,7.468573419520187e-06,7.468573421872179e-06
finest-carrier,27.400000000000002,7.120848557336408e-06,7.120848559053338e-06
finest-carrier,27.425,6.787331569850666e-06,6.787331567162406e-06
finest-carrier,27.45,6.405160308710697e-06,6.405160308166526e-06
finest-carrier,27.475,6.01797614237887e-06,6.0179761485257145e-06
finest-carrier,27.5,5.6702156638102456e-06,5.670215658430295e-06
finest-carrier,27.525000000000002,5.295135635804112e-06,5.2951356437249985e-06
finest-carrier,27.55,4.883491892669521e-06,4.883491886822233e-06
finest-carrier,27.575,4.5023491939490895e-06,4.5023491929359e-06
finest-carrier,27.6,4.130802534381746e-06,4.130802540703629e-06
finest-carrier,27.625,3.709994265050721e-06,3.7099942527308217e-06
finest-carrier,27.650000000000002,3.293643642253977e-06,3.2936436607779884e-06
finest-carrier,27.675,2.909463170464221e-06,2.909463148819864e-06
finest-carrier,27.7,2.489939189891296e-06,2.4899392051338603e-06
finest-carrier,27.725,2.045545743645085e-06,2.0455457311924087e-06
finest-carrier,27.75,1.6356159804285796e-06,1.6356159838526237e-06
finest-carrier,27.775000000000002,1.216799139658408e-06,1.2167991427213627e-06
finest-carrier,27.8,7.547305233034458e-07,7.547305126014566e-07
finest-carrier,27.825,3.14231988787557e-07,3.1423200056360543e-07
finest-carrier,27.85,-1.12709837427494e-07,-1.1270985097238402e-07
finest-carrier,27.875,-5.829657355733089e-07,-5.829657227726199e-07
finest-carrier,27.900000000000002,-1.0539422359857456e-06,-1.0539422444370064e-06
finest-carrier,27.925,-1.4971052682160176e-06,-1.4971052608526677e-06
finest-carrier,27.95,-1.9730554730915363e-06,-1.973055473697005e-06
finest-carrier,27.975,-2.469288943255685e-06,-2.4692889471248387e-06
finest-carrier,28.0,-2.9353378792431386e-06,-2.935337870313705e-06
finest-carrier,28.025000000000002,-3.4185299573393867e-06,-3.4185299691773837e-06
finest-carrier,28.05,-3.934363734299097e-06,-3.934363721982337e-06
finest-carrier,28.075,-4.426810493474438e-06,-4.426810508998022e-06
finest-carrier,28.1,-4.9207261159539685e-06,-4.920726105213026e-06
finest-carrier,28.125,-5.452564586251194e-06,-5.452564587126125e-06
finest-carrier,28.150000000000002,-5.971571248115636e-06,-5.971571261225504e-06
finest-carrier,28.175,-6.480611523422199e-06,-6.480611503362946e-06
finest-carrier,28.2,-7.026641522581456e-06,-7.02664154891522e-06
finest-carrier,28.225,-7.570921627260702e-06,-7.570921600005084e-06
finest-carrier,28.25,-8.098833004793308e-06,-8.098833023363369e-06
finest-carrier,28.275000000000002,-8.65884067513478e-06,-8.658840665287783e-06
finest-carrier,28.3,-9.226895976683372e-06,-9.226895971488373e-06
finest-carrier,28.325,-9.776063278031074e-06,-9.776063301728342e-06
finest-carrier,28.35,-1.0351156888297663e-05,-1.0351156854045147e-05
finest-carrier,28.375,-1.0941701929218091e-05,-1.0941701962902064e-05
finest-carrier,28.400000000000002,-1.151328088987007e-05,-1.1513280857307007e-05
finest-carrier,28.425,-1.2105598964351768e-05,-1.2105598988378652e-05
finest-carrier,28.45,-1.2717091636223832e-05,-1.2717091618854553e-05
finest-carrier,28.475,-1.3312596456758211e-05,-1.3312596466660218e-05
finest-carrier,28.5,-1.392305706343879e-05,-1.3923057061070284e-05
finest-carrier,28.525000000000002,-1.4556058851035787e-05,-1.4556058847138673e-05
finest-carrier,28.55,-1.5174946690840763e-05,-1.5174946696097262e-05
finest-carrier,28.575,-1.580601326337641e-05,-1.580601325830203e-05
finest-carrier,28.6,-1.6460010119523954e-05,-1.6460010121780396e-05
finest-carrier,28.625,-1.7102893350746907e-05,-1.710289335687463e-05
finest-carrier,28.650000000000002,-1.775585332083621e-05,-1.77558533074987e-05
finest-carrier,28.675,-1.8431220723878618e-05,-1.8431220747520513e-05
finest-carrier,28.7,-1.9098649463148245e-05,-1.9098649433583248e-05
finest-carrier,28.725,-1.9774110894599676e-05,-1.977411092355736e-05
finest-carrier,28.75,-2.0472493027109403e-05,-2.0472493002757887e-05
finest-carrier,28.775000000000002,-2.1163469337182163e-05,-2.1163469349889636e-05
finest-carrier,28.8,-2.1864056813875472e-05,-2.1864056817237468e-05
finest-carrier,28.825,-2.2584577793879964e-05,-2.2584577778495077e-05
finest-carrier,28.85,-2.3301220394416048e-05,-2.3301220418456496e-05
finest-carrier,28.875,-2.4026225366906144e-05,-2.40262253425313e-05
finest-carrier,28.900000000000002,-2.4771391124014236e-05,-2.477139114123575e-05
finest-carrier,28.925,-2.551265054963143e-05,-2.5512650540573232e-05
finest-carrier,28.95,-2.626444514598997e-05,-2.6264445148405707e-05
finest-carrier,28.975,-2.7033922003683583e-05,-2.7033922003129525e-05
finest-carrier,29.0,-2.7801310068818874e-05,-2.7801310071123288e-05
finest-carrier,29.025000000000002,-2.858035938062901e-05,-2.8580359372091988e-05
finest-carrier,29.05,-2.937501598835051e-05,-2.9375015997916614e-05
finest-carrier,29.075,-3.0169708474712885e-05,-3.01697084588288e-05
finest-carrier,29.1,-3.097614981684741e-05,-3.097614983635247e-05
finest-carrier,29.125,-3.1797920880694556e-05,-3.179792086101867e-05
finest-carrier,29.150000000000002,-3.2619408746470394e-05,-3.2619408768421205e-05
finest-carrier,29.175,-3.345587261107013e-05,-3.345587259144617e-05
finest-carrier,29.2,-3.430351548967483e-05,-3.430351550628659e-05
finest-carrier,29.225,-3.515520656149156e-05,-3.515520654438097e-05
finest-carrier,29.25,-3.601996980494911e-05,-3.601996982210303e-05
finest-carrier,29.275000000000002,-3.689697974983417e-05,-3.689697973638665e-05
finest-carrier,29.3,-3.77774665381324e-05,-3.777746655049515e-05
finest-carrier,29.325,-3.8673723602313214e-05,-3.867372359196258e-05
finest-carrier,29.35,-3.957879560246602e-05,-3.957879561038957e-05
finest-carrier,29.375,-4.04914275375839e-05,-4.049142753087422e-05
finest-carrier,29.400000000000002,-4.141790407514971e-05,-4.14179040855147e-05
finest-carrier,29.425,-4.2353907972074486e-05,-4.2353907960801493e-05
finest-carrier,29.45,-4.329848794509253e-05,-4.329848795954678e-05
finest-carrier,29.475,-4.425680338650423e-05,-4.4256803369141466e-05
finest-carrier,29.5,-4.522461327402013e-05,-4.522461329097906e-05
finest-carrier,29.525000000000002,-4.6202196216258894e-05,-4.620219620244364e-05
finest-carrier,29.55,-4.719354095355811e-05,-4.719354096679318e-05
finest-carrier,29.575,-4.819385008017702e-05,-4.8193850068590346e-05
finest-carrier,29.6,-4.920644782322136e-05,-4.920644783198518e-05
finest-carrier,29.625,-5.023034179833563e-05,-5.0230341794236114e-05
finest-carrier,29.650000000000002,-5.126648312320911e-05,-5.126648312711075e-05
finest-carrier,29.675,-5.231263503990983e-05,-5.231263503533544e-05
finest-carrier,29.7,-5.33729455156167e-05,-5.3372945519197405e-05
finest-carrier,29.725,-5.444340464786466e-05,-5.444340463782845e-05
finest-carrier,29.75,-5.552692984292473e-05,-5.5526929852552835e-05
finest-carrier,29.775000000000002,-5.6622106038496466e-05,-5.662210603170687e-05
finest-carrier,29.8,-5.7731079838225197e-05,-5.773107984011441e-05
finest-carrier,29.825,-5.884987588310511e-05,-5.884987588428834e-05
finest-carrier,29.85,-5.9984716499052174e-05,-5.9984716489453305e-05
finest-carrier,29.875,-6.112985104513643e-05,-6.112985105630017e-05
finest-carrier,29.900000000000002,-6.228851671806882e-05,-6.228851670879401e-05
finest-carrier,29.925,-6.34614350574634e-05,-6.346143506633728e-05
finest-carrier,29.95,-6.464634454976736e-05,-6.46463445423529e-05
finest-carrier,29.975,-6.584420655890707e-05,-6.584420656291136e-05
finest-carrier,30.0,-6.705843792594789e-05,-6.705843792250034e-05
finest-carrier,30.025000000000002,-6.828232981332053e-05,-6.828232982192808e-05
finest-carrier,30.05,-6.952304684256633e-05,-6.952304682809779e-05
finest-carrier,30.075,-7.07777430106838e-05,-7.07777430333637e-05
finest-carrier,30.1,-7.204359228779928e-05,-7.204359226305758e-05
finest-carrier,30.125,-7.332791853989914e-05,-7.332791856288062e-05
finest-carrier,30.150000000000002,-7.462412280869093e-05,-7.462412279297695e-05
finest-carrier,30.175,-7.593426310438493e-05,-7.59342631163542e-05
finest-carrier,30.2,-7.726277139844135e-05,-7.726277138946646e-05
finest-carrier,30.225,-7.860224525714541e-05,-7.860224526547944e-05
finest-carrier,30.25,-7.99583257494851e-05,-7.995832573991102e-05
finest-carrier,30.275000000000002,-8.133232816944736e-05,-8.133232818423131e-05
finest-carrier,30.3,-8.271589512888697e-05,-8.271589510597465e-05
finest-carrier,30.325,-8.412143650471724e-05,-8.412143652893983e-05
finest-carrier,30.35,-8.553913940009289e-05,-8.553913937444488e-05
finest-carrier,30.375,-8.697220486360487e-05,-8.697220488406613e-05
finest-carrier,30.400000000000002,-8.842529082834697e-05,-8.842529081447124e-05
finest-carrier,30.425,-8.989059828497787e-05,-8.989059829405501e-05
finest-carrier,30.45,-9.13734674277218e-05,-9.137346742273525e-05
finest-carrier,30.475,-9.287665708028589e-05,-9.287665708427804e-05
finest-carrier,30.5,-9.438937133280949e-05,-9.438937133002831e-05
finest-carrier,30.525000000000002,-9.592709445848153e-05,-9.592709446373117e-05
finest-carrier,30.55,-9.747695134481673e-05,-9.747695133887839e-05
finest-carrier,30.575,-9.904453543818012e-05,-9.904453544550194e-05
finest-carrier,30.6,-0.00010063352117125207,-0.0001006335211645681
finest-carrier,30.625,-0.00010223535165811924,-0.0001022353516647601
finest-carrier,30.650000000000002,-0.00010385766636408393,-0.0001038576663576069
finest-carrier,30.675,-0.00010550045574216412,-0.00010550045574782455
finest-carrier,30.7,-0.00010715471173403206,-0.00010715471172648302
finest-carrier,30.725,-0.00010883644676278975,-0.00010883644677342233
finest-carrier,30.75,-0.00011052971068238174,-0.00011052971067038734
finest-carrier,30.775000000000002,-0.00011224465321682628,-0.0001122446532323701
finest-carrier,30.8,-0.00011398114444697679,-0.00011398114442661256
finest-carrier,30.825,-0.00011573149822791676,-0.00011573149825153212
finest-carrier,30.85,-0.00011750652357281662,-0.00011750652354865336
finest-carrier,30.875,-0.00011929993509983274,-0.00011929993512515075
finest-carrier,30.900000000000002,-0.00012110952849391037,-0.00012110952847466329
finest-carrier,30.925,-0.00012294723807238994,-0.00012294723808991962
finest-carrier,30.95,-0.00012479635030380933,-0.00012479635028611981
finest-carrier,30.975,-0.00012667255777296083,-0.00012667255778761266
finest-carrier,31.0,-0.00012856801346419525,-0.0001285680134479464
finest-carrier,31.025000000000002,-0.0001304810444228107,-0.00013048104443721985
finest-carrier,31.05,-0.00013242163340289158,-0.0001324216333887707
finest-carrier,31.075,-0.00013437798989461637,-0.0001343779899078225
finest-carrier,31.1,-0.00013635798454677335,-0.0001363579845333716
finest-carrier,31.125,-0.00013836309162007984,-0.00013836309163442435
finest-carrier,31.150000000000002,-0.0001403828609577848,-0.0001403828609407821
finest-carrier,31.175,-0.00014243390720265184,-0.0001424339072234708
finest-carrier,31.2,-0.00014450053999534346,-0.00014450053997978126
finest-carrier,31.225,-0.00014659245318467815,-0.00014659245320026534
finest-carrier,31.25,-0.0001487100118604439,-0.00014871001185259617
finest-carrier,31.275000000000002,-0.0001508446287177777,-0.0001508446287128848
finest-carrier,31.3,-0.000153009464942942,-0.0001530094649557648
finest-carrier,31.325,-0.00015519389831008203,-0.00015519389828686728
finest-carrier,31.35,-0.00015740168796648694,-0.00015740168798945815
finest-carrier,31.375,-0.00015963901522125738,-0.0001596390152046756
finest-carrier,31.400000000000002,-0.00016189242003062962,-0.00016189242003614415
finest-carrier,31.425,-0.00016417873622948277,-0.00016417873622847316
finest-carrier,31.45,-0.00016648462388257277,-0.00016648462388052293
finest-carrier,31.475,-0.00016881620814782796,-0.0001688162081461275
finest-carrier,31.5,-0.00017117711558869235,-0.0001711771156018808
finest-carrier,31.525000000000002,-0.0001735569260120595,-0.00017355692598968554
finest-carrier,31.55,-0.000175969048179426,-0.00017596904820936269
finest-carrier,31.575,-0.00017840365830640943,-0.00017840365827717587
finest-carrier,31.6,-0.00018086360066575782,-0.00018086360068995198
finest-carrier,31.625,-0.00018335546598781264,-0.00018335546597068617
finest-carrier,31.650000000000002,-0.00018586601834378843,-0.00018586601835400885
finest-carrier,31.675,-0.00018841171467014734,-0.0001884117146608133
finest-carrier,31.7,-0.00019097912879345735,-0.00019097912880457126
finest-carrier,31.725,-0.00019357536441496918,-0.0001935753644011097
finest-carrier,31.75,-0.00019620236397316986,-0.00019620236399018947
finest-carrier,31.775000000000002,-0.0001988514061449328,-0.0001988514061284521
finest-carrier,31.8,-0.00020153516503056221,-0.00020153516503686165
finest-carrier,31.825,-0.00020424290585174018,-0.00020424290585522662
finest-carrier,31.85,-0.00020698007711965598,-0.00020698007711296724
finest-carrier,31.875,-0.00020974977979336214,-0.00020974977980206587
finest-carrier,31.900000000000002,-0.00021254178642542417,-0.00021254178642401614
finest-carrier,31.925,-0.00021537148676940292,-0.00021537148675984213
finest-carrier,31.95,-0.00021822369080578101,-0.00021822369082299682
finest-carrier,31.975,-0.00022111000855815793,-0.0002211100085435667
finest-carrier,32.0,-0.00022402631016897693,-0.0002240263101771191
finest-carrier,32.025,-0.0002269696070599385,-0.0002269696070632928
finest-carrier,32.05,-0.00022994916504898128,-0.00022994916503170953
finest-carrier,32.075,-0.00023295399737750994,-0.00023295399740149174
finest-carrier,32.1,-0.0002359935938611652,-0.0002359935938376411
finest-carrier,32.125,-0.0002390644090053387,-0.00023906440902027242
finest-carrier,32.15,-0.00024216325840083162,-0.00024216325839530693
finest-carrier,32.175,-0.000245300568759452,-0.0002453005687542348
finest-carrier,32.2,-0.00024846205277498314,-0.00024846205278605354
finest-carrier,32.225,-0.000251663191730095,-0.0002516631917225809
finest-carrier,32.25,-0.0002548919665613056,-0.00025489196656458123
finest-carrier,32.275,-0.00025815514644395303,-0.0002581551464466412
finest-carrier,32.3,-0.0002614531560526335,-0.00026145315604697805
finest-carrier,32.325,-0.0002647802354294916,-0.00026478023543282205
finest-carrier,32.35,-0.0002681458760189934,-0.0002681458760215731
finest-carrier,32.375,-0.0002715411309093163,-0.00027154113090485936
finest-carrier,32.4,-0.000274972076481453,-0.00027497207648833586
finest-carrier,32.425,-0.00027843864311907253,-0.0002784386431144358
finest-carrier,32.45,-0.0002819351120901183,-0.0002819351120902744
finest-carrier,32.475,-0.00028547287074696243,-0.0002854728707437749
finest-carrier,32.5,-0.0002890380844859216,-0.0002890380844983001
finest-carrier,32.525,-0.00029264487429402335,-0.00029264487427344135
finest-carrier,32.55,-0.00029628257959274823,-0.000296282579621915
finest-carrier,32.575,-0.00029995721055890717,-0.00029995721052683376
finest-carrier,32.6,-0.0003036689321289076,-0.00030366893215425146
finest-carrier,32.625,-0.0003074129753790177,-0.0003074129753662359
finest-carrier,32.65,-0.00031119756688582955,-0.0003111975668847395
finest-carrier,32.675,-0.000315014423717346,-0.0003150144237315311
finest-carrier,32.7,-0.00031887005347285306,-0.0003188700534582076
finest-carrier,32.725,-0.00032276245702956766,-0.0003227624570338406
finest-carrier,32.75,-0.00032668897164901233,-0.0003266889716592047
finest-carrier,32.775,-0.00033065730602597094,-0.00033065730599984394
finest-carrier,32.8,-0.0003346568626465794,-0.0003346568626751334
finest-carrier,32.825,-0.0003386996501772224,-0.0003386996501543858
finest-carrier,32.85,-0.00034277528413465127,-0.00034277528413911645
finest-carrier,32.875,-0.00034689116080328155,-0.0003468911608157844
finest-carrier,32.9,-0.00035104474105588447,-0.00035104474103040816
finest-carrier,32.925,-0.00035523409318336164,-0.00035523409320926936
finest-carrier,32.95,-0.0003594654197857351,-0.000359465419767676
finest-carrier,32.975,-0.0003637303898172526,-0.00036373038982317026
finest-carrier,33.0,-0.00036803801361433227,-0.00036803801361558186
finest-carrier,33.025,-0.000372381075242586,-0.0003723810752436841
finest-carrier,33.05,-0.0003767639687929878,-0.00037676396878419887
finest-carrier,33.075,-0.00038118636767241844,-0.0003811863676922148
finest-carrier,33.1,-0.00038564503997595023,-0.0003856450399475888
finest-carrier,33.125,-0.0003901463104953906,-0.0003901463105249488
finest-carrier,33.15,-0.0003946825891865147,-0.0003946825891696667
finest-carrier,33.175,-0.00039926136577531356,-0.0003992613657812566
finest-carrier,33.2,-0.0004038771825796209,-0.00040387718258315424
finest-carrier,33.225,-0.00040853253230275854,-0.0004085325323004727
finest-carrier,33.25,-0.00041322872810307444,-0.0004132287280860624
finest-carrier,33.275,-0.0004179609693764464,-0.00041796096941452206
finest-carrier,33.3,-0.00042273696678252296,-0.0004227369667304289
finest-carrier,33.325,-0.00042754746256435267,-0.00042754746261194465
finest-carrier,33.35,-0.00043240191269104195,-0.00043240191266315
finest-carrier,33.375,-0.00043729212021478104,-0.0004372921202105688
finest-carrier,33.4,-0.000442223941461134,-0.00044222394149566837
finest-carrier,33.425,-0.0004471944643399881,-0.0004471944642975028
finest-carrier,33.45,-0.0004522035172334662,-0.00045220351725907485
finest-carrier,33.475,-0.0004572537861246781,-0.00045725378614688627
finest-carrier,33.5,-0.00046234078960897434,-0.00046234078953151877
finest-carrier,33.525,-0.00046746948511807216,-0.00046746948523091066
finest-carrier,33.55,-0.00047263533546520103,-0.00047263533535563037
finest-carrier,33.575,-0.0004778411714756923,-0.0004778411715347924
finest-carrier,33.6,-0.00048308617884833195,-0.0004830861788713572
finest-carrier,33.625,-0.0004883684997035045,-0.0004883684995957078
finest-carrier,33.65,-0.0004936920240052517,-0.0004936920241600117
finest-carrier,33.675,-0.0004990508740571353,-0.0004990508739211439
finest-carrier,33.7,-0.0005044515178470662,-0.0005044515178901454
finest-carrier,33.725,-0.0005098872176341041,-0.0005098872177290656
finest-carrier,33.75,-0.0005153633741229954,-0.0005153633738996307
finest-carrier,33.775,-0.000520875923718738,-0.0005208759239973415
finest-carrier,33.8,-0.0005264263039439861,-0.0005264263037163893
finest-carrier,33.825,-0.0005320149794586314,-0.0005320149795184424
finest-carrier,33.85,-0.0005376388192039076,-0.0005376388193767405
finest-carrier,33.875,-0.0005433021555038099,-0.0005433021551167373
finest-carrier,33.9,-0.0005489990343088798,-0.000548999034800321
finest-carrier,33.925,-0.0005547351385174779,-0.0005547351381005551
finest-carrier,33.95,-0.0005605045684046339,-0.0005605045685587573
finest-carrier,33.975,-0.000566311538498952,-0.0005663115387327552
finest-carrier,34.0,-0.0005721525758632008,-0.0005721525752503406
finest-carrier,34.025,-0.0005780287831896411,-0.0005780287840252667
finest-carrier,34.05,-0.0005839398590447717,-0.0005839398582648439
finest-carrier,34.075,-0.0005898839687089012,-0.0005898839691091185
finest-carrier,34.1,-0.0005958629836746039,-0.0005958629839016171
finest-carrier,34.125,-0.0006018737443172589,-0.000601873743390841
finest-carrier,34.15,-0.000607918331649017,-0.0006079183331048625
finest-carrier,34.175000000000004,-0.0006139942761411352,-0.0006139942745555812
finest-carrier,34.2,-0.0006201020706548015,-0.0006201020718314581
finest-carrier,34.225,-0.0006262412864318496,-0.0006262412861734914
finest-carrier,34.25,-0.0006324100649549571,-0.0006324100639927977
finest-carrier,34.275,-0.0006386101288997885,-0.0006386101310333279
finest-carrier,34.300000000000004,-0.0006448377750609708,-0.0006448377722132987
finest-carrier,34.325,-0.0006510958515632746,-0.0006510958543283509
finest-carrier,34.35,-0.000657380189311451,-0.0006573801875714037
finest-carrier,34.375,-0.0006636932146543284,-0.0006636932145553554
finest-carrier,34.4,-0.0006700318066302168,-0.0006700318089650848
finest-carrier,34.425000000000004,-0.0006763966585216781,-0.0006763966541783187
finest-carrier,34.45,-0.0006827866624828773,-0.0006827866679340938
finest-carrier,34.475,-0.0006892002401922284,-0.0006892002350714758
finest-carrier,34.5,-0.000695638372519373,-0.0006956383756725289
finest-carrier,34.525,-0.0007020975670763078,-0.0007020975672923429
finest-carrier,34.550000000000004,-0.0007085801664293978,-0.0007085801621464508
finest-carrier,34.575,-0.000715081751471216,-0.0007150817594820001
finest-carrier,34.6,-0.0007216048947011625,-0.0007216048844483961
finest-carrier,34.625,-0.0007281453956788086,-0.0007281454057553653
finest-carrier,34.65,-0.0007347050064583219,-0.0007347049994342964
finest-carrier,34.675000000000004,-0.0007412806026316471,-0.0007412806039841203
finest-carrier,34.7,-0.0007478725090605127,-0.0007478725149963103
finest-carrier,34.725,-0.0007544789979399999,-0.0007544789847149478
finest-carrier,34.75,-0.0007610989253339178,-0.0007610989439261362
finest-carrier,34.775,-0.0007677317479281306,-0.0007677317276702565
finest-carrier,34.800000000000004,-0.0007743752619011378,-0.0007743752789600995
finest-carrier,34.825,-0.0007810295637183464,-0.0007810295548748735
finest-carrier,34.85,-0.0007876919947124082,-0.0007876919913718343
finest-carrier,34.875,-0.000794362689475864,-0.0007943627067547906
finest-carrier,34.9,-0.0008010390701172068,-0.0008010390401601803
finest-carrier,34.925000000000004,-0.0008077208797362909,-0.0008077209178533199
finest-carrier,34.95,-0.0008144059144313558,-0.0008144058754504639
finest-carrier,34.975,-0.0008210933742493745,-0.0008210934052136245
finest-carrier,35.0,-0.0008277814436817809,-0.0008277814294666701
finest-carrier,35.025,-0.0008344688779501934,-0.0008344688687868503
finest-carrier,35.050000000000004,-0.0008411540674927936,-0.0008411541027402195
finest-carrier,35.075,-0.0008478355505264977,-0.0008478354916487393
finest-carrier,35.1,-0.0008545116849693566,-0.000854511759534716
finest-carrier,35.125,-0.0008611810057036165,-0.0008611809281462074
finest-carrier,35.15,-0.0008678416744521601,-0.000867841739405351
finest-carrier,35.175000000000004,-0.0008744923172017241,-0.0008744922806669637
finest-carrier,35.2,-0.0008811308812733236,-0.0008811308764812107
finest-carrier,35.225,-0.0008877560270345464,-0.0008877560801738203
finest-carrier,35.25,-0.0008943656080587663,-0.0008943655077297543
finest-carrier,35.275,-0.0009009581522531882,-0.0009009582893863006
finest-carrier,35.300000000000004,-0.0009075316107242177,-0.0009075314558666559
finest-carrier,35.325,-0.0009140841882129187,-0.000914084335193534
finest-carrier,35.35,-0.0009206141013095711,-0.0009206139906512719
finest-carrier,35.375,-0.0009271191084879286,-0.0009271191561554227
finest-carrier,35.4,-0.0009335977566920101,-0.0009335977919624791
finest-carrier,35.425000000000004,-0.0009400473633960141,-0.0009400472363687191
finest-carrier,35.45,-0.0009464667309298263,-0.0009464669443108358
finest-carrier,35.475,-0.0009528528797042072,-0.0009528526007063165
finest-carrier,35.5,-0.0009592046688707799,-0.0009592049786722607
finest-carrier,35.525,-0.0009655190640161877,-0.0009655187686449611
finest-carrier,35.550000000000004,-0.0009717947190823777,-0.0009717949501199884
finest-carrier,35.575,-0.000978028811360026,-0.000978028692101847
finest-carrier,35.6,-0.0009842195454077432,-0.0009842195154729193
finest-carrier,35.625,-0.0009903645192448334,-0.0009903647188169097
finest-carrier,35.65,-0.0009964613375406351,-0.0009964609700419949
finest-carrier,35.675000000000004,-0.0010025081065704905,-0.001002508615574236
finest-carrier,35.7,-0.0010085018219177073,-0.0010085012218595528
finest-carrier,35.725,-0.0010144410359212246,-0.0010144416566541146
finest-carrier,35.75,-0.0010203222745574798,-0.0010203217162047347
finest-carrier,35.775,-0.0010261443378100036,-0.0010261447477343919
finest-carrier,35.800000000000004,-0.0010319035374106444,-0.0010319033539428993
finest-carrier,35.825,-0.0010375986356759477,-0.0010375985337155377
finest-carrier,35.85,-0.0010432260392515087,-0.0010432264569356742
finest-carrier,35.875,-0.001048784171050181,-0.001048783442972878
finest-carrier,35.9,-0.0010542698214735292,-0.0010542708158007392
finest-carrier,35.925000000000004,-0.0010596808289412888,-0.0010596796501396125
finest-carrier,35.95,-0.0010650145686183017,-0.001065015818198535
finest-carrier,35.975,-0.0010702681640203987,-0.0010702669794409245
finest-carrier,36.0,-0.0010754396428482753,-0.0010754406176736828
finest-carrier,36.025,-0.00108052542858535,-0.0010805248021420015
finest-carrier,36.050000000000004,-0.001085524121486293,-0.0010855242825923293
finest-carrier,36.075,-0.0010904316032633126,-0.001090431988412571
finest-carrier,36.1,-0.001095246836682187,-0.001095245872004905
finest-carrier,36.125,-0.0010999654313358076,-0.0010999669536150324
finest-carrier,36.15,-0.001104586416514619,-0.0011045844163136938
finest-carrier,36.175000000000004,-0.0011091054572331285,-0.0011091078007939347
finest-carrier,36.2,-0.0011135213271803088,-0.0011135188214791189
finest-carrier,36.225,-0.0011178300693418075,-0.0011178325223012181
finest-carrier,36.25,-0.001122029916225609,-0.0011220277478489855
finest-carrier,36.275,-0.001126117546972603,-0.0011261192009655136
finest-carrier,36.300000000000004,-0.0011300904571131198,-0.0011300895255226726
finest-carrier,36.325,-0.0011339461110093207,-0.0011339461527401671
finest-carrier,36.35,-0.0011376811955900094,-0.0011376821543391364
finest-carrier,36.375,-0.001141293977572874,-0.001141291976982805
finest-carrier,36.4,-0.0011447803984319458,-0.001144783405386015
finest-carrier,36.425000000000004,-0.0011481394140378447,-0.0011481355151595997
finest-carrier,36.45,-0.0011513664050450945,-0.0011513710059262519
finest-carrier,36.475,-0.0011544607967549799,-0.0011544557504586709
finest-carrier,36.5,-0.0011574176822895356,-0.0011574228642974376
finest-carrier,36.525,-0.0011602366700773044,-0.001160231697901212
finest-carrier,36.550000000000004,-0.0011629128826014998,-0.001162917283468517
finest-carrier,36.575,-0.0011654458063837401,-0.0011654423329946718
finest-carrier,36.6,-0.001167830905351129,-0.001167833121725471
finest-carrier,36.625,-0.0011700672670918717,-0.001170066590428808
finest-carrier,36.65,-0.0011721509610201392,-0.0011721498801716941
finest-carrier,36.675000000000004,-0.0011740804647750727,-0.001174083440989474
finest-carrier,36.7,-0.0011758526377070228,-0.0011758477196581367
finest-carrier,36.725,-0.0011774652265742192,-0.0011774720341149274
finest-carrier,36.75,-0.0011789159693323923,-0.0011789074266735763
finest-carrier,36.775,-0.0011802018591709454,-0.0011802118815273446
finest-carrier,36.800000000000004,-0.0011813215049094536,-0.0011813103542562583
finest-carrier,36.825,-0.0011822712154170116,-0.0011822830558950253
finest-carrier,36.85,-0.0011830503784266621,-0.0011830383612416574
finest-carrier,36.875,-0.0011836547625630192,-0.001183666384320287
finest-carrier,36.9,-0.0011840843789191224,-0.0011840737653047177
finest-carrier,36.925000000000004,-0.001184334651886811,-0.0011843436249077285
finest-carrier,36.95,-0.0011844060205581162,-0.0011843993174620996
finest-carrier,36.975,-0.0011842937893073884,-0.0011842976206453888
finest-carrier,37.0,-0.0011839986126512146,-0.0011839982020123464
finest-carrier,37.025,-0.00118351590644317,-0.0011835124261346968
finest-carrier,37.050000000000004,-0.0011828463294874228,-0.0011828540667737904
finest-carrier,37.075,-0.0011819856315783718,-0.0011819733999459928
finest-carrier,37.1,-0.0011809342800098762,-0.0011809510922209554
finest-carrier,37.125,-0.0011796885599422424,-0.0011796672515864786
finest-carrier,37.15,-0.0011782485770973382,-0.001178274110927982
finest-carrier,37.175000000000004,-0.0011766113230050458,-0.0011765820311834244
finest-carrier,37.2,-0.0011747764060916859,-0.0011748087869984116
finest-carrier,37.225,-0.0011727416564136202,-0.0011727070545181487
finest-carrier,37.25,-0.0011705060921494424,-0.0011705418575123912
finest-carrier,37.275,-0.0011680684664586386,-0.0011680327667906265
finest-carrier,37.300000000000004,-0.0011654271657571802,-0.0011654614248498407
finest-carrier,37.325,-0.0011625818949380694,-0.0011625505630820303
finest-carrier,37.35,-0.001159530425970078,-0.0011595572735627877
finest-carrier,37.375,-0.0011562733821273326,-0.001156252598208836
finest-carrier,37.4,-0.0011528080007681865,-0.0011528211725018755
finest-carrier,37.425000000000004,-0.0011491357276438442,-0.0011491316286990926
finest-carrier,37.45,-0.0011452534043447896,-0.0011452471166179309
finest-carrier,37.475,-0.0011411631485198884,-0.0011411809315071259
finest-carrier,37.5,-0.0011368615912300294,-0.0011368314657768596
finest-carrier,37.525,-0.0011323513338511834,-0.0011323943362165528
finest-carrier,37.550000000000004,-0.0011276290071609311,-0.0011275729506476145
finest-carrier,37.575,-0.001122697495288345,-0.0011227663904645325
finest-carrier,37.6,-0.0011175536368280001,-0.0011174725360167522
finest-carrier,37.625,-0.0011122004127040455,-0.0011122926559173193
finest-carrier,37.65,-0.001106635048211352,-0.0011065331555608349
finest-carrier,37.675000000000004,-0.001100860474614472,-0.001100970108205943
finest-carrier,37.7,-0.0010948744332434429,-0.0010947593547720054
finest-carrier,37.725,-0.0010886797132313778,-0.0010887975942792945
finest-carrier,37.75,-0.0010822746440454858,-0.0010821568952366482
finest-carrier,37.775,-0.0010756618342978692,-0.0010757762882843917
finest-carrier,37.800000000000004,-0.0010688402239012853,-0.0010687323811202623
finest-carrier,37.825,-0.00106181224205464,-0.0010619100845184197
finest-carrier,37.85,-0.0010545774320453944,-0.001054492966008604
finest-carrier,37.875,-0.0010471380595908227,-0.0010472058739683006
finest-carrier,37.9,-0.0010394942616103477,-0.001039446185931406
finest-carrier,37.925000000000004,-0.001031648144597309,-0.0010316736669040017
finest-carrier,37.95,-0.0010236004503882804,-0.0010235999452714582
finest-carrier,37.975,-0.001015353100183345,-0.0010153265456269193
finest-carrier,38.0,-0.0010069074845765259,-0.00100696265949018
finest-carrier,38.025,-0.0009982652799783989,-0.0009981804544824755
finest-carrier,38.050000000000004,-0.0009894285960481213,-0.0009895435362718423
finest-carrier,38.075,-0.0009803987865570215,-0.0009802538551317967
finest-carrier,38.1,-0.0009711787538500493,-0.0009713529581239386
finest-carrier,38.125,-0.000961769462196627,-0.0009615672908936747
finest-carrier,38.15,-0.0009521746505820173,-0.0009524029171094796
finest-carrier,38.175000000000004,-0.0009423948713724774,-0.0009421429126227789
finest-carrier,38.2,-0.0009324346837609636,-0.0009327074475494065
finest-carrier,38.225,-0.0009222942750061143,-0.0009220040198212928
finest-carrier,38.25,-0.0009119789318065609,-0.0009122830050929373
finest-carrier,38.275,-0.0009014885971141355,-0.0009011746647310522
finest-carrier,38.300000000000004,-0.0008908291237099047,-0.0008911487495908394
finest-carrier,38.325,-0.000880000384929433,-0.0008796793555487203
finest-carrier,38.35,-0.0008690086012509928,-0.0008693267029560698
finest-carrier,38.375,-0.0008578537638101752,-0.0008575428799084779
finest-carrier,38.4,-0.0008465422728141508,-0.0008468417691971994
finest-carrier,38.425000000000004,-0.0008350743876967955,-0.0008347902533675529
finest-carrier,38.45,-0.0008234565584635336,-0.0008237216200133447
finest-carrier,38.475,-0.0008116893854346368,-0.000811446782387051
finest-carrier,38.5,-0.0007997793268204232,-0.0007999964633748542
finest-carrier,38.525,-0.0007877273022525241,-0.0007875382190124879
finest-carrier,38.550000000000004,-0.0007755398251330287,-0.0007756987230678082
finest-carrier,38.575,-0.0007632180351647914,-0.000763090976088386
finest-carrier,38.6,-0.0007507686043573033,-0.0007508626630135809
finest-carrier,38.625,-0.0007381927610560556,-0.0007381323686787538
finest-carrier,38.65,-0.0007254974409183713,-0.0007255239911901202
finest-carrier,38.675000000000004,-0.0007126838565427028,-0.0007126908486004043
finest-carrier,38.7,-0.0006997592561372294,-0.000699719474714774
finest-carrier,38.725,-0.0006867248099196252,-0.0006867962040361231
finest-carrier,38.75,-0.0006735880331959196,-0.0006734865912363368
finest-carrier,38.775,-0.0006603501265051866,-0.000660479703811509
finest-carrier,38.800000000000004,-0.0006470187305390864,-0.0006468632336315026
finest-carrier,38.825,-0.0006335952296338115,-0.0006337741743244396
finest-carrier,38.85,-0.0006200871900733487,-0.0006198874766395815
finest-carrier,38.875,-0.0006064963598114305,-0.0006067140052108638
finest-carrier,38.9,-0.000592830038747309,-0.0005925974067659416
finest-carrier,38.925000000000004,-0.000579090473849989,-0.000579335086303007
finest-carrier,38.95,-0.0005652845832179116,-0.0005650310112959366
finest-carrier,38.975,-0.0005514151444799769,-0.000551674683027607
finest-carrier,39.0,-0.0005374886987668645,-0.0005372261185534302
finest-carrier,39.025,-0.0005235084596156092,-0.0005237712602884479
finest-carrier,39.050000000000004,-0.0005094807149207764,-0.0005092203795534175
finest-carrier,39.075,-0.0004954089193461366,-0.0004956642663226187
finest-carrier,39.1,-0.00048129930089109576,-0.00048105128005645727
finest-carrier,39.125,-0.00046715532865142717,-0.0004673938889386793
finest-carrier,39.15,-0.00045298335352709725,-0.00045275617142920196
finest-carrier,39.175000000000004,-0.00043878668485970593,-0.00043900079687769284
finest-carrier,39.2,-0.00042457188904424534,-0.0004243723085271928
finest-carrier,39.225,-0.00041034206047826157,-0.00041052587931289205
finest-carrier,39.25,-0.00039610393801131155,-0.000395936882718481
finest-carrier,39.275,-0.0003818604839686661,-0.00038200999599784637
finest-carrier,39.300000000000004,-0.00036761844138111455,-0.00036748703930025977
finest-carrier,39.325,-0.0003533808220992971,-0.00035349374900818563
finest-carrier,39.35,-0.00033915414493173066,-0.0003390598706086769
finest-carrier,39.375,-0.0003249416673191172,-0.0003250172841749713
finest-carrier,39.4,-0.0003107494903070829,-0.0003106923797647436
finest-carrier,39.425000000000004,-0.0002965812321831537,-0.0002966201262943916
finest-carrier,39.45,-0.0002824425027263208,-0.0002824214141443234
finest-carrier,39.475,-0.0002683372505103397,-0.0002683410477091788
finest-carrier,39.5,-0.000254270677828239,-0.00025428357209911613
finest-carrier,39.525,-0.000240246882928642,-0.00024021796598427893
finest-carrier,39.550000000000004,-0.000226270871631702,-0.00022631508957191582
finest-carrier,39.575,-0.0002123466233948913,-0.00021228786410246614
finest-carrier,39.6,-0.00019847919782535546,-0.00019855171442285862
finest-carrier,39.625,-0.00018467220395715115,-0.00018458672639229816
finest-carrier,39.65,-0.00017093093505900025,-0.0001710285754481507
finest-carrier,39.675000000000004,-0.0001572584972379656,-0.0001571494852058111
finest-carrier,39.7,-0.00014366044409619207,-0.00014378005056878867
finest-carrier,39.725,-0.00013013941889116902,-0.00013000997598980684
finest-carrier,39.75,-0.00011670109216735615,-0.00011683963611102985
finest-carrier,39.775,-0.00010334783449212964,-0.00010320090059657971
finest-carrier,39.800000000000004,-9.008518025062294e-05,-9.023981731806958e-05
finest-carrier,39.825,-7.691547561760843e-05,-7.675379944066478e-05
finest-carrier,39.85,-6.384386967868885e-05,-6.401194056174343e-05
finest-carrier,39.875,-5.087286833608111e-05,-5.069903185192509e-05
finest-carrier,39.9,-3.8007106976785175e-05,-3.818608972131025e-05
finest-carrier,39.925000000000004,-2.5249274094972737e-05,-2.5065761149175123e-05
finest-carrier,39.95,-1.2603549004874125e-05,-1.2790972115109445e-05
finest-carrier,39.975,-7.263970662109556e-08,1.180617720089575e-07
finest-carrier,40.0,1.2339506636646932e-05,1.2146178439577532e-05
finest-carrier,40.025,2.4630448619969413e-05,2.4825723877647162e-05
finest-carrier,40.050000000000004,3.679618053341393e-05,3.659967382957467e-05
finest-carrier,40.075,4.883481178081056e-05,4.903179084488493e-05
finest-carrier,40.1,6.074205616692026e-05,6.054541408359402e-05
finest-carrier,40.125,7.251672641935445e-05,7.271216610089116e-05
finest-carrier,40.15,8.415421055744144e-05,8.396089936153589e-05
finest-carrier,40.175000000000004,9.565397331819473e-05,9.584416615642968e-05
finest-carrier,40.2,0.00010701123493961097,0.0001068252155428764
finest-carrier,40.225,0.00011822588013479164,0.00011840660627385
finest-carrier,40.25,0.00012929325154966364,0.00012911900064142812
finest-carrier,40.275,0.00014021335239321927,0.00014037988875112992
finest-carrier,40.300000000000004,0.00015098193185220264,0.00015082439953179884
finest-carrier,40.325,0.00016159888898730995,0.0001617460872210683
finest-carrier,40.35,0.00017206051798220542,0.00017192501238047587
finest-carrier,40.375,0.000182366582978131,0.00018248902342737268
finest-carrier,40.4,0.00019251384452468898,0.00019240583885932221
finest-carrier,40.425000000000004,0.0002025021126912396,0.00020259433591333337
finest-carrier,40.45,0.00021232835438418998,0.00021225321820682007
finest-carrier,40.475,0.0002219927304151902,0.0002220495408215454
finest-carrier,40.5,0.0002314921020199006,0.0002314547660549315
finest-carrier,40.525,0.0002408272545497691,0.00024084408263615076
finest-carrier,40.550000000000004,0.00024999474050423293,0.00024999931284188243
finest-carrier,40.575,0.0002589960666288815,0.0002589693678028116
finest-carrier,40.6,0.0002678274941370145,0.0002678768540526235
finest-carrier,40.625,0.0002764911093850369,0.0002764187689179208
finest-carrier,40.65,0.0002849831230606158,0.00028507852668743723
finest-carrier,40.675000000000004,0.0002933058784531363,0.00029318758497600664
finest-carrier,40.7,0.0003014558881863417,0.0003015966265727299
finest-carrier,40.725,0.00030943540062614353,0.00030927294554114763
finest-carrier,40.75,0.00031724152241496936,0.000317424675769431
finest-carrier,40.775,0.0003248761957677939,0.0003246736544149145
finest-carrier,40.800000000000004,0.00033233720858364833,0.00033255754003775993
finest-carrier,40.825,0.00033962622561160307,0.0003393899790818296
finest-carrier,40.85,0.0003467415587864014,0.00034699158530958297
finest-carrier,40.875,0.0003536848375929647,0.0003534234023968584
finest-carrier,40.9,0.0003604545863795307,0.0003607248532727406
finest-carrier,40.925000000000004,0.00036705271286144694,0.0003667763597651461
finest-carrier,40.95,0.00037347766358224806,0.00037375723219795705
finest-carrier,40.975,0.0003797318238465179,0.00037945198664625157
finest-carrier,41.0,0.00038581346317075136,0.0003860905995274797
finest-carrier,41.025,0.000391725400001944,0.0003914538988329757
finest-carrier,41.050000000000004,0.0003974658896126903,0.00039772891652181837
finest-carrier,41.075,0.00040303789424794975,0.00040278602393231346
finest-carrier,41.1,0.00040844000964238437,0.00040867825891046316
finest-carrier,41.125,0.00041367494043041816,0.0004134524995408579
finest-carrier,41.15,0.00041874199159829705,0.0004189467694576936
finest-carrier,41.175000000000004,0.0004236432953609197,0.0004234576523994008
finest-carrier,41.2,0.0004283790572846966,0.00042854451918360664
finest-carrier,41.225,0.0004329507662446522,0.0004328060718030656
finest-carrier,41.25,0.0004373594423335268,0.00043748326634490296
finest-carrier,41.275,0.00044160613163555775,0.0004415027856511144
finest-carrier,41.300000000000004,0.0004456923551597874,0.0004457761100841526
finest-carrier,41.325,0.00044961906731812585,0.00044955353624065686
finest-carrier,41.35,0.00045338792440058725,0.0004534370509461609
finest-carrier,41.375,0.00045700008566037235,0.0004569651340982875
finest-carrier,41.4,0.0004604571303608655,0.00046048049162935846
finest-carrier,41.425000000000004,0.00046376048931630906,0.0004637458457686763
finest-carrier,41.45,0.00046691172461982153,0.0004669207329942263
finest-carrier,41.475,0.00046991233162293604,0.0004699057525062514
finest-carrier,41.5,0.0004727641488212035,0.000472771535071236
finest-carrier,41.525,0.0004754683719464078,0.0004754570080938447
finest-carrier,41.550000000000004,0.00047802746461350556,0.00047804581376253877
finest-carrier,41.575,0.00048044201660062645,0.00048041393125932666
finest-carrier,41.6,0.00048271530090574925,0.0004827555286971887
finest-carrier,41.625,0.00048484724431258866,0.0004847928907894985
finest-carrier,41.65,0.000486841815000393,0.0004869117888764534
finest-carrier,41.675000000000004,0.0004886985246071185,0.0004886119746273124
finest-carrier,41.7,0.0004904216563318348,0.0004905251669935901
finest-carrier,41.725,0.0004920107424599324,0.000491890470340067
finest-carrier,41.75,0.0004934699201018652,0.0004936061788910207
finest-carrier,41.775,0.0004947991400793574,0.0004946482155782863
finest-carrier,41.800000000000004,0.0004960020843163753,0.0004961658575144865
finest-carrier,41.825,0.0004970792775320077,0.0004969048992683402
finest-carrier,41.85,0.0004980339342109821,0.0004982163338313309
finest-carrier,41.875,0.000498867003638473,0.0004986794058311337
finest-carrier,41.9,0.0004995814866803733,0.0004997713309014631
finest-carrier,41.925000000000004,0.000500178422920233,0.0004999892958522717
finest-carrier,41.95,0.000500660928781554,0.0005008464811960989
finest-carrier,41.975,0.0005010298473739334,0.000500850507107669
finest-carrier,42.0,0.0005012885774038561,0.0005014593929503627
finest-carrier,42.025,0.0005014377316992232,0.0005012773373876987
finest-carrier,42.050000000000004,0.0005014808557221447,0.0005016294213010796
finest-carrier,42.075,0.000501418601983053,0.0005012827324212369
finest-carrier,42.1,0.0005012542726892536,0.0005013771459047735
finest-carrier,42.125,0.0005009889934533561,0.0005008788493166938
finest-carrier,42.15,0.0005006253907706339,0.0005007236149181066
finest-carrier,42.175000000000004,0.0005001654091326964,0.0005000778053223866
finest-carrier,42.2,0.0004996107752073337,0.0004996894744111414
finest-carrier,42.225,0.0004989643000542119,0.0004988924678794497
finest-carrier,42.25,0.000498226930676159,0.0004982941459059861
finest-carrier,42.275,0.0004974020554984426,0.000497337113547095
finest-carrier,42.300000000000004,0.0004964902407624937,0.0004965552242677492
finest-carrier,42.325,0.0004954949865438266,0.0004954277948770064
finest-carrier,42.35,0.00049441692571881,0.0004944882339432024
finest-carrier,42.375,0.0004932592912471965,0.0004931823108802677
finest-carrier,42.4,0.0004920230243636874,0.0004921068056871768
finest-carrier,42.425000000000004,0.0004907110024569863,0.0004906197673958662
finest-carrier,42.45,0.0004893243922609173,0.0004894232360198497
finest-carrier,42.475,0.0004878659318401824,0.0004877598155422097
finest-carrier,42.5,0.00048633669896914946,0.00048644929519290844
finest-carrier,42.525,0.00048473962795252096,0.0004846217406434079
finest-carrier,42.550000000000004,0.0004830754087362525,0.00048319708389664613
finest-carrier,42.575,0.0004813473591111393,0.00048122361567470997
finest-carrier,42.6,0.0004795557405562544,0.00047967972411288814
finest-carrier,42.625,0.00047770411741096107,0.0004775817201559173
finest-carrier,42.65,0.0004757926182404147,0.00047591170992909075
finest-carrier,42.675000000000004,0.0004738246277529488,0.0004737103602912592
finest-carrier,42.7,0.00047180062936923807,0.00047190882966863126
finest-carrier,42.725,0.00046972334326292185,0.0004696221255580747
finest-carrier,42.75,0.0004675940080735521,0.0004676876802722015
finest-carrier,42.775,0.0004654144181271978,0.000465328504925772
finest-carrier,42.800000000000004,0.0004631866427204289,0.00046326490236778473
finest-carrier,42.825,0.0004609116648279198,0.0004608406893768658
finest-carrier,42.85,0.00045859209434915855,0.0004586563442327957
finest-carrier,42.875,0.0004562285144043797,0.0004561703299607777
finest-carrier,42.9,0.0004538236054893292,0.00045387639297419326
finest-carrier,42.925000000000004,0.0004513779982222398,0.00045133002111050874
finest-carrier,42.95,0.0004488940858675602,0.00044893767825528907
finest-carrier,42.975,0.000446372756867875,0.0004463333448991519
finest-carrier,43.0,0.00044381607795167103,0.0004438512567317837
finest-carrier,43.025,0.00044122506483119104,0.00044119443608918544
finest-carrier,43.050000000000004,0.0004386017199418147,0.00043862724088333235
finest-carrier,43.075,0.00043594684978733776,0.0004359271831597374
finest-carrier,43.1,0.00043326272704376765,0.00043327568123252905
finest-carrier,43.125,0.0004305496892935596,0.00043054432171593665
finest-carrier,43.15,0.0004278104009763416,0.0004278073970101905
finest-carrier,43.175000000000004,0.0004250447838445488,0.0004250567501451175
finest-carrier,43.2,0.0004222556594268256,0.0004222344279507032
finest-carrier,43.225,0.0004194429222035717,0.00041947336138231704
finest-carrier,43.25,0.0004166090641713438,0.00041656987711015094
finest-carrier,43.275,0.00041375446168316057,0.0004138015294213835
finest-carrier,43.300000000000004,0.0004108808275999914,0.00041082711840321063
finest-carrier,43.325,0.00040798933713866246,0.00040804815212655207
finest-carrier,43.35,0.0004050807926672048,0.000405018592513229
finest-carrier,43.375,0.0004021570936235335,0.0004022209126460346
finest-carrier,43.4,0.0003992184002478349,0.00039915461878747225
finest-carrier,43.425000000000004,0.00039626692181688453,0.00039632927677397083
finest-carrier,43.45,0.0003933026677612882,0.0003932427166263369
finest-carrier,43.475,0.0003903276734769422,0.00039038477009277424
finest-carrier,43.5,0.00038734219615888416,0.00038728780635955383
finest-carrier,43.525,0.00038434784835716864,0.00038440029480104427
finest-carrier,43.550000000000004,0.00038134520338978787,0.00038129336486999673
finest-carrier,43.575,0.0003783355644756338,0.0003783885961634842
finest-carrier,43.6,0.00037531956422716915,0.00037526323681480467
finest-carrier,43.625,0.0003722985361941947,0.00037236035208127626
finest-carrier,43.65,0.00036927283187004775,0.00036920348651005313
finest-carrier,43.675000000000004,0.0003662440799441657,0.0003663225922790865
finest-carrier,43.7,0.00036321222975671004,0.00036312355421341455
finest-carrier,43.725,0.00036017914844468365,0.0003602781429139574
finest-carrier,43.75,0.0003571446235789954,0.00035703613277409394
finest-carrier,43.775,0.0003541103740202557,0.0003542265029454718
finest-carrier,43.800000000000004,0.0003510764984595696,0.0003509555893172578
finest-carrier,43.825,0.00034804409489985495,0.00034816606063975837
finest-carrier,43.85,0.0003450139634873573,0.00034489530290463406
finest-carrier,43.875,0.0003419863503514182,0.0003420970131814834
finest-carrier,43.9,0.00033896278667359063,0.0003388647810003862
finest-carrier,43.925000000000004,0.00033594285311010615,0.0003360239658755558
finest-carrier,43.95,0.0003329284415931412,0.0003328676524212817
finest-carrier,43.975,0.0003299189645599692,0.0003299571395693792
finest-carrier,44.0,0.00032691613815700657,0.0003269014748130357
finest-carrier,44.025,0.00032391969686834974,0.0003239114846688701
finest-carrier,44.050000000000004,0.00032093082116923795,0.0003209597324772576
finest-carrier,44.075,0.0003179497471190567,0.0003179037165211947
finest-carrier,44.1,0.00031497714388295506,0.00031503558713780747
finest-carrier,44.125,0.0003120135451433938,0.00031194812466959056
finest-carrier,44.15,0.00030905944235493104,0.0003091261634380027
finest-carrier,44.175000000000004,0.00030611528641821427,0.0003060526483440062
finest-carrier,44.2,0.00030318173640129094,0.0003032357306603647
finest-carrier,44.225,0.0003002589321301792,0.0003002168480468155
finest-carrier,44.25,0.00029734776337102747,0.00029737632719561426
finest-carrier,44.275,0.00029444818298832984,0.0002944328849010081
finest-carrier,44.300000000000004,0.00029156102646534865,0.000291565202141299
finest-carrier,44.325,0.00028868645325925914,0.00028868954133878203
finest-carrier,44.35,0.00028582482787335977,0.0002858196852507085
finest-carrier,44.375,0.0002829768719469133,0.00028297803851496056
finest-carrier,44.4,0.00028014226796970387,0.00028015128195450545
finest-carrier,44.425000000000004,0.00027732231782546466,0.00027729744910041487
finest-carrier,44.45,0.00027451621727918443,0.0002745613953260263
finest-carrier,44.475,0.00027172546931930635,0.00027165734674288274
finest-carrier,44.5,0.00026894928874704845,0.0002690407310865612
finest-carrier,44.525,0.0002661888383733734,0.0002660761855201544
finest-carrier,44.550000000000004,0.0002634438383609424,0.000263573136590843
finest-carrier,44.575,0.00026071476885166706,0.00026057555277839774
finest-carrier,44.6,0.0002580020007667945,0.0002581427867398396
finest-carrier,44.625,0.00025530540687782814,0.00025517227339839395
finest-carrier,44.65,0.0002526257398508716,0.00025274200435431045
finest-carrier,44.675000000000004,0.00024996267193908397,0.00024987156068895786
finest-carrier,44.7,0.0002473168822455748,0.00024737636188038064
finest-carrier,44.725,0.00024468825741162187,0.0002446643590173308
finest-carrier,44.75,0.00024207711437611442,0.0002420644957197328
finest-carrier,44.775,0.00023948366648838423,0.00023953054179541212
finest-carrier,44.800000000000004,0.000236907951766401,0.0002368321218148654
finest-carrier,44.825,0.00023435026181230846,0.0002344471924348342
finest-carrier,44.85,0.0002318107108899263,0.0002317023010523888
finest-carrier,44.875,0.00022928929598803622,0.0002293987995070483
finest-carrier,44.9,0.00022678651210806101,0.00022668594698992833
finest-carrier,44.925000000000004,0.00022430190469321216,0.00022438496119094747
finest-carrier,44.95,0.00022183631782876184,0.00022177690703409952
finest-carrier,44.975,0.0002193890733886325,0.00021942185039340454
finest-carrier,45.0,0.0002169609818547403,0.00021695431101782496
finest-carrier,45.025,0.00021455160976556684,0.00021453617838419265
finest-carrier,45.050000000000004,0.00021216127629691332,0.00021219178636506825
finest-carrier,45.075,0.00020979014995601986,0.00020975376834305066
finest-carrier,45.1,0.00020743787957264306,0.00020746987166231207
finest-carrier,45.125,0.00020510519988409294,0.00020508761395402313
finest-carrier,45.15,0.00020279133969337956,0.00020278606299630134
finest-carrier,45.175000000000004,0.00020049718477902506,0.0002005310477934746
finest-carrier,45.2,0.00019822204698181835,0.00019815748591718683
finest-carrier,45.225,0.0001959664726574532,0.0001960597669318476
finest-carrier,45.25,0.00019373024322371968,0.0001936142317899403
finest-carrier,45.275,0.00019151335780599217,0.00019164255243301424
finest-carrier,45.300000000000004,0.00018931606513791375,0.00018918574247756925
finest-carrier,45.325,0.000187138022153437,0.00018725625208906822
finest-carrier,45.35,0.00018497959211965733,0.00018488628113631328
finest-carrier,45.375,0.00018284051034783537,0.00018289804839045223
finest-carrier,45.4,0.0001807208643813348,0.0001807065831737805
finest-carrier,45.425000000000004,0.00017862074328244514,0.00017858868872064673
finest-carrier,45.45,0.00017653986124985488,0.0001766163984374908
finest-carrier,45.475,0.00017447856342406418,0.0001743642623254692
finest-carrier,45.5,0.00017243646184145293,0.00017257761600582291
finest-carrier,45.525,0.00017041377889417085,0.00017025965864398868
finest-carrier,45.550000000000004,0.00016841042489441877,0.0001685622695399551
finest-carrier,45.575,0.00016642617382055158,0.0001662913694415923
finest-carrier,45.6,0.00016446140886456321,0.00016456669739615303
finest-carrier,45.625,0.00016251547990553817,0.00016244833737185334
finest-carrier,45.65,0.00016058901997772457,0.0001606143214775002
finest-carrier,45.675000000000004,0.00015868133637805714,0.00015869616952298967
finest-carrier,45.7,0.0001567928521613812,0.00015674475587487853
finest-carrier,45.725,0.00015492327545793381,0.00015499352506760888
finest-carrier,45.75,0.00015307248881789355,0.00015299392230674585
finest-carrier,45.775,0.0001512407495629682,0.00015131297809343024
finest-carrier,45.800000000000004,0.00014942746776679783,0.00014937499496976892
finest-carrier,45.825,0.00014763318152895142,0.0001476556432358806
finest-carrier,45.85,0.00014585724153934343,0.00014587035836182566
finest-carrier,45.875,0.00014409999929049797,0.00014405132677593004
finest-carrier,45.9,0.00014236116939827256,0.00014243964983382654
finest-carrier,45.925000000000004,0.00014064062892731814,0.00014054313788832988
finest-carrier,45.95,0.00013893855101946098,0.00013904062143464167
finest-carrier,45.975,0.0001372544546933495,0.00013716389066999028
finest-carrier,46.0,0.00013558867651577804,0.0001356522745482547
finest-carrier,46.025,0.00013394078246323066,0.00013391671620365463
finest-carrier,46.050000000000004,0.00013231085333701364,0.00013228764687877226
finest-carrier,46.075,0.00013069884028947396,0.00013077092798025763
finest-carrier,46.1,0.000129104389818658,0.00012898842153070234
finest-carrier,46.125,0.00012752781818434628,0.0001276765066405764
finest-carrier,46.15,0.0001259685519654795,0.00012580312318108744
finest-carrier,46.175000000000004,0.00012442691548834062,0.00012459035170756715
finest-carrier,46.2,0.00012290253304012044,0.00012276005879105313
finest-carrier,46.225,0.00012139535738783164,0.00012150028020933378
finest-carrier,46.25,0.00011990546457808406,0.00011984996232584798
finest-carrier,46.275,0.00011843236830573637,0.0001184330181018428
finest-carrier,46.300000000000004,0.00011697646173271196,0.00011702883179691924
finest-carrier,46.325,0.00011553712726170266,0.00011544062898257572
finest-carrier,46.35,0.00011411466565483633,0.00011424057366308851
finest-carrier,46.375,0.00011270874608805494,0.00011257187351202682
finest-carrier,46.4,0.00011131924779844437,0.00011144758820378038
finest-carrier,46.425000000000004,0.00010994629174571028,0.00010984416917536848
finest-carrier,46.45,0.00010858937387218693,0.00010865202805818634
finest-carrier,46.475,0.00010724883536226578,0.00010723248093032704
finest-carrier,46.5,0.00010592416052438455,0.00010589483262595707
finest-carrier,46.525,0.00010461548685698015,0.00010468253232725854
finest-carrier,46.550000000000004,0.00010332266450242074,0.00010323197385827836
finest-carrier,46.575,0.00010204538607899908,0.0001021417512405367
finest-carrier,46.6,0.00010078391576217237,0.00010070088961110608
finest-carrier,46.625,9.953765937948545e-05,9.95903585254938e-05
finest-carrier,46.65,9.830696722313094e-05,9.82967540473125e-05
finest-carrier,46.675000000000004,9.70913811605329e-05,9.70538680779844e-05
finest-carrier,46.7,9.589091863012072e-05,9.597345215003372e-05
finest-carrier,46.725,9.470557577436319e-05,9.458844968240315e-05
finest-carrier,46.75,9.35348946176266e-05,9.366993425705995e-05
finest-carrier,46.775,9.237925961801901e-05,9.224672278214683e-05
finest-carrier,46.800000000000004,9.123799740909406e-05,9.134705805889361e-05
finest-carrier,46.825,9.011148738373282e-05,9.004408049456335e-05
finest-carrier,46.85,8.899927724196191e-05,8.901263885501733e-05
finest-carrier,46.875,8.790136247474454e-05,8.794651510117814e-05
finest-carrier,46.9,8.681774790805632e-05,8.67184511951453e-05
finest-carrier,46.925000000000004,8.574800352148294e-05,8.588871618221755e-05
finest-carrier,46.95,8.46924342767563e-05,8.452955797068618e-05
finest-carrier,46.975,8.365049816780174e-05,8.381268116503904e-05
finest-carrier,47.0,8.26224098832915e-05,8.248382802999126e-05
finest-carrier,47.025,8.160788678076589e-05,8.170353015332466e-05
finest-carrier,47.050000000000004,8.060679152435496e-05,8.056675584395764e-05
finest-carrier,47.075,7.961919159175061e-05,7.959967367091577e-05
finest-carrier,47.1,7.864469683310828e-05,7.871833587964357e-05
finest-carrier,47.125,7.768346517474053e-05,7.756963826551926e-05
finest-carrier,47.15,7.673520462079331e-05,7.686907497632723e-05
finest-carrier,47.175000000000004,7.579981435341123e-05,7.566891449571821e-05
finest-carrier,47.2,7.487735548425864e-05,7.49832500798573e-05
finest-carrier,47.225,7.396737779963307e-05,7.390383011881535e-05
finest-carrier,47.25,7.307019319615304e-05,7.308169240067564e-05
finest-carrier,47.275,7.218527819980087e-05,7.222622302765661e-05
finest-carrier,47.300000000000004,7.13128095477488e-05,7.122841097497125e-05
finest-carrier,47.325,7.045259373059676e-05,7.056361441897233e-05
finest-carrier,47.35,6.960435152828836e-05,6.948845455111978e-05
finest-carrier,47.375,6.876837628469933e-05,6.886631287587288e-05
finest-carrier,47.4,6.794398389116254e-05,6.788386828429295e-05
finest-carrier,47.425000000000004,6.713170097752649e-05,6.714071286819581e-05
finest-carrier,47.45,6.633084134363934e-05,6.63771433756976e-05
finest-carrier,47.475,6.554170230132442e-05,6.544587552915634e-05
finest-carrier,47.5,6.476401448908843e-05,6.489441201875555e-05
finest-carrier,47.525,6.3997564154195e-05,6.385423277031802e-05
finest-carrier,47.550000000000004,6.32425828311867e-05,6.337424823997656e-05
finest-carrier,47.575,6.249847325818227e-05,6.240171692473105e-05
finest-carrier,47.6,6.176566478998336e-05,6.180978575664975e-05
finest-carrier,47.625,6.104357919981629e-05,6.106104947943076e-05
finest-carrier,47.65,6.033243900435689e-05,6.025493910438025e-05
finest-carrier,47.675000000000004,5.9631997872742646e-05,5.9757549369557106e-05
finest-carrier,47.7,5.8942118314701575e-05,5.878894488107596e-05
finest-carrier,47.725,5.8262854232542835e-05,5.8418275644300423e-05
finest-carrier,47.75,5.759390210060119e-05,5.746210802017701e-05
finest-carrier,47.775,5.6935323509802e-05,5.702170326415367e-05
finest-carrier,47.800000000000004,5.628695276007e-05,5.6259780134415575e-05
finest-carrier,47.825,5.564863182147403e-05,5.561329971580039e-05
finest-carrier,47.85,5.502041865198954e-05,5.511043828370753e-05
finest-carrier,47.875,5.4402016301994224e-05,5.42748402495478e-05
finest-carrier,47.9,5.379348101873939e-05,5.393375861767207e-05
finest-carrier,47.925000000000004,5.3194683897217204e-05,5.306747040417191e-05
finest-carrier,47.95,5.2605378993885234e-05,5.2696084855640254e-05
finest-carrier,47.975,5.202580971171889e-05,5.198797442912532e-05
finest-carrier,48.0,5.145538748703752e-05,5.143413378310949e-05
finest-carrier,48.025,5.0894577815290194e-05,5.0969815039072656e-05
finest-carrier,48.050000000000004,5.034276819084089e-05,5.022902711618735e-05
finest-carrier,48.075,4.980022611439056e-05,4.992954150514835e-05
finest-carrier,48.1,4.926674061809318e-05,4.914786282826772e-05
finest-carrier,48.125,4.874205185298248e-05,4.8826393558466743e-05
finest-carrier,48.15,4.8226501939781645e-05,4.819420508904512e-05
finest-carrier,48.175000000000004,4.77193711589111e-05,4.769215905631959e-05
finest-carrier,48.2,4.7221278109155186e-05,4.730386645618415e-05
finest-carrier,48.225,4.673146992767338e-05,4.660855865954858e-05
finest-carrier,48.25,4.6250358696654626e-05,4.639042319762639e-05
finest-carrier,48.275,4.577759184070232e-05,4.564724261010377e-05
finest-carrier,48.300000000000004,4.531308305006364e-05,4.540834353651267e-05
finest-carrier,48.325,4.4856974167730043e-05,4.481571299427943e-05
finest-carrier,48.35,4.440879165401736e-05,4.438737335470294e-05
finest-carrier,48.375,4.3968896608152317e-05,4.404963213062024e-05
finest-carrier,48.4,4.3536789198807424e-05,4.341161452269028e-05
finest-carrier,48.425000000000004,4.311269690593934e-05,4.3258710613092714e-05
finest-carrier,48.45,4.269635351296055e-05,4.255728220477266e-05
finest-carrier,48.475,4.228774007617686e-05,4.239331969081399e-05
finest-carrier,48.5,4.188677917827277e-05,4.1834783215847734e-05
finest-carrier,48.525,4.1493373570315575e-05,4.1482148357521194e-05
finest-carrier,48.550000000000004,4.1107411062066924e-05,4.1179082012642364e-05
finest-carrier,48.575,4.072891367515997e-05,4.0611490395523216e-05
finest-carrier,48.6,4.0357634053219765e-05,4.0497075906432346e-05
finest-carrier,48.625,3.9993676274730675e-05,3.986028054506024e-05
finest-carrier,48.65,3.9636829939268946e-05,3.973739740174296e-05
finest-carrier,48.675000000000004,3.928701985775361e-05,3.923938592509081e-05
finest-carrier,48.7,3.894434617650692e-05,3.8929699350095534e-05
finest-carrier,48.725,3.860835545629181e-05,3.8681945987362274e-05
finest-carrier,48.75,3.8279510068466424e-05,3.8162354897615376e-05
finest-carrier,48.775,3.7957111044258474e-05,3.809351453473192e-05
finest-carrier,48.800000000000004,3.764167623793207e-05,3.751432289505981e-05
finest-carrier,48.825,3.7332684124175415e-05,3.742451193812489e-05
finest-carrier,48.85,3.7030260716801795e-05,3.699314343499974e-05
finest-carrier,48.875,3.67344297942946e-05,3.670893835931723e-05
finest-carrier,48.9,3.6444726463700636e-05,3.65277543826037e-05
finest-carrier,48.925000000000004,3.616169788627676e-05,3.6038175513554736e-05
finest-carrier,48.95,3.588453221559037e-05,3.6023038466031965e-05
finest-carrier,48.975,3.5613884603984484e-05,3.548908041447758e-05
finest-carrier,49.0,3.534909280004287e-05,3.543432593593645e-05
finest-carrier,49.025,3.509044965687162e-05,3.506240093185466e-05
finest-carrier,49.050000000000004,3.483778810461582e-05,3.480302869107594e-05
finest-carrier,49.075,3.459088329174394e-05,3.4680859966320255e-05
finest-carrier,49.1,3.435001052815238e-05,3.4224055852287486e-05
finest-carrier,49.125,3.411465622105572e-05,3.424975105731828e-05
finest-carrier,49.15,3.388520405309081e-05,3.376971232200714e-05
finest-carrier,49.175000000000004,3.3661200692838306e-05,3.3732575939814213e-05
finest-carrier,49.2,3.3442858294794215e-05,3.34306154360477e-05
finest-carrier,49.225,3.322993802584462e-05,3.318079102416636e-05
finest-carrier,49.25,3.302246718222925e-05,3.312196920394778e-05
finest-carrier,49.275,3.2820321005645995e-05,3.2692457557793464e-05
finest-carrier,49.300000000000004,3.2623496933436114e-05,3.2751492435989215e-05
finest-carrier,49.325,3.2431845979609236e-05,3.233207291165477e-05
finest-carrier,49.35,3.224539633085585e-05,3.2294650862047986e-05
finest-carrier,49.375,3.206402297735647e-05,3.207661448715734e-05
finest-carrier,49.4,3.1887636467071085e-05,3.181539318048325e-05
finest-carrier,49.425000000000004,3.17163374315326e-05,3.183290117534346e-05
finest-carrier,49.45,3.15497352405927e-05,3.141405332508221e-05
finest-carrier,49.475,3.1388246690111316e-05,3.151343105849482e-05
finest-carrier,49.5,3.123123726633161e-05,3.114411044231881e-05
finest-carrier,49.525,3.107921814351621e-05,3.1108848040154485e-05
finest-carrier,49.550000000000004,3.093166732783633e-05,3.096653412773409e-05
finest-carrier,49.575,3.078877060072485e-05,3.069645089204265e-05
finest-carrier,49.6,3.065050541634924e-05,3.078067831471758e-05
finest-carrier,49.625,3.0516474521941194e-05,3.0376331952898754e-05
finest-carrier,49.65,3.0387211698971093e-05,3.0507282720864065e-05
finest-carrier,49.675000000000004,3.026190698227747e-05,3.018747944815636e-05
finest-carrier,49.7,3.0141279647806117e-05,3.0154611768970056e-05
finest-carrier,49.725,3.002460353755328e-05,3.007429486690894e-05
finest-carrier,49.75,2.9912266036817597e-05,2.9811528732127484e-05
finest-carrier,49.775,2.9804053519461057e-05,2.9932694142866177e-05
finest-carrier,49.800000000000004,2.969976865000002e-05,2.9572276118608508e-05
finest-carrier,49.825,2.9599742718158218e-05,2.9697718286044203e-05
finest-carrier,49.85,2.95033739156638e-05,2.9456169161539245e-05
finest-carrier,49.875,2.9411201161650875e-05,2.939830155391731e-05
finest-carrier,49.9,2.932262525611651e-05,2.9390970963198046e-05
finest-carrier,49.925000000000004,2.923801060886426e-05,2.9131719416776168e-05
finest-carrier,49.95,2.9157039868686117e-05,2.927505315321899e-05
finest-carrier,49.975,2.9079768858978526e-05,2.897882862320755e-05
finest-carrier,50.0,2.9006151837222896e-05,2.9065418008937096e-05
finest-carrier,50.025,2.8936051196401748e-05,2.8933056367734098e-05
finest-carrier,50.050000000000004,2.8869534891434907e-05,2.8815156042074977e-05
finest-carrier,50.075,2.8806408575507003e-05,2.8905429151737457e-05
finest-carrier,50.1,2.8746783431925184e-05,2.8626770508905543e-05
finest-carrier,50.125,2.869039997716333e-05,2.8802354107792357e-05
finest-carrier,50.15,2.8637477113790286e-05,2.8561193834847627e-05
finest-carrier,50.175000000000004,2.858761868941444e-05,2.86086262702786e-05
finest-carrier,50.2,2.854117199112327e-05,2.858229220655152e-05
finest-carrier,50.225,2.8497679905279316e-05,2.840211931920168e-05
finest-carrier,50.25,2.8457430414374452e-05,2.8586825978863397e-05
finest-carrier,50.275,2.842018165606068e-05,2.8285795421517865e-05
finest-carrier,50.300000000000004,2.8385856809128543e-05,2.849480985884777e-05
finest-carrier,50.325,2.8354683381308447e-05,2.8296082953175387e-05
finest-carrier,50.35,2.83260965942469e-05,2.832076792188347e-05
finest-carrier,50.375,2.8300730427122893e-05,2.8369016752403e-05
finest-carrier,50.4,2.8277793293112522e-05,2.8161867051251408e-05
finest-carrier,50.425000000000004,2.8257903837832947e-05,2.8395381856684827e-05
finest-carrier,50.45,2.824054492058333e-05,2.8112260526760133e-05
finest-carrier,50.475,2.822584518780713e-05,2.8316736040990504e-05
finest-carrier,50.5,2.8213904854334692e-05,2.8179485267928748e-05
finest-carrier,50.525,2.8204229071826215e-05,2.817659993814807e-05
finest-carrier,50.550000000000004,2.8197428909518546e-05,2.827805367007582e-05
finest-carrier,50.575,2.8192708171781992e-05,2.8080385523571094e-05
finest-carrier,50.6,2.8190723648185584e-05,2.830652140212701e-05
finest-carrier,50.625,2.819088342057378e-05,2.809980212447042e-05
finest-carrier,50.65,2.8193450183674446e-05,2.8238547919010398e-05
finest-carrier,50.675000000000004,2.8198325979104258e-05,2.820841302513943e-05
finest-carrier,50.7,2.82052830213285e-05,2.8145001845055564e-05
finest-carrier,50.725,2.821462548794168e-05,2.8307332263017974e-05
finest-carrier,50.75,2.8225867519722042e-05,2.8126676408898685e-05
finest-carrier,50.775,2.823941569342646e-05,2.8317631328466048e-05
finest-carrier,50.800000000000004,2.8254816423320568e-05,2.821950929683999e-05
finest-carrier,50.825,2.8272356631768336e-05,2.8254020139257643e-05
finest-carrier,50.85,2.829174151275319e-05,2.8360395629990658e-05
finest-carrier,50.875,2.831309971064708e-05,2.8210829178422463e-05
finest-carrier,50.9,2.8336280282214394e-05,2.8446182596285096e-05
finest-carrier,50.925000000000004,2.8361277108680744e-05,2.8272513340609475e-05
finest-carrier,50.95,2.83880878138686e-05,2.8431446505668423e-05
finest-carrier,50.975,2.8416524608626458e-05,2.8432081398187725e-05
finest-carrier,51.0,2.8446807680327782e-05,2.837321024222051e-05
finest-carrier,51.025,2.8478505945990145e-05,2.859481946215863e-05
finest-carrier,51.050000000000004,2.8512061538709022e-05,2.8379252608598824e-05
finest-carrier,51.075,2.854690420598616e-05,2.866540704372851e-05
finest-carrier,51.1,2.8583475375754908e-05,2.8507142961921605e-05
finest-carrier,51.125,2.862138495024581e-05,2.863746681949847e-05
finest-carrier,51.15,2.866071564034522e-05,2.870872197855722e-05
finest-carrier,51.175000000000004,2.8701572427426926e-05,2.8600825973493124e-05
finest-carrier,51.2,2.874349190612503e-05,2.8873261561898394e-05
finest-carrier,51.225,2.878707080489646e-05,2.865848972931327e-05
finest-carrier,51.25,2.8831515773085546e-05,2.8929654545769667e-05
finest-carrier,51.275,2.8877514802318025e-05,2.8830962377175913e-05
finest-carrier,51.300000000000004,2.8924454014670463e-05,2.8911431623681252e-05
finest-carrier,51.325,2.8972599863349944e-05,2.903835665386795e-05
finest-carrier,51.35,2.9021923722877338e-05,2.8922999663419096e-05
finest-carrier,51.375,2.9072059705717128e-05,2.9177168248458645e-05
finest-carrier,51.4,2.9123536503996986e-05,2.9039514003166992e-05
finest-carrier,51.425000000000004,2.9175611753218443e-05,2.9218075981523757e-05
finest-carrier,51.45,2.9228949283031863e-05,2.9236516760752803e-05
finest-carrier,51.475,2.9282922988478936e-05,2.9230815952622847e-05
finest-carrier,51.5,2.933787376391456e-05,2.9416828683830013e-05
finest-carrier,51.525,2.9393626293626154e-05,2.931269912944275e-05
finest-carrier,51.550000000000004,2.945004011836473e-05,2.9507802946753883e-05
finest-carrier,51.575,2.950736587029667e-05,2.9491184591575206e-05
finest-carrier,51.6,2.9565155266273595e-05,2.9533223334590354e-05
finest-carrier,51.625,2.962382453421932e-05,2.9696560426292472e-05
finest-carrier,51.65,2.96828958293887e-05,2.9588702975818834e-05
finest-carrier,51.675000000000004,2.9742711205769886e-05,2.9832085007666733e-05
finest-carrier,51.7,2.980293384766802e-05,2.974451085382017e-05
finest-carrier,51.725,2.98637319566978e-05,2.9872375399340226e-05
finest-carrier,51.75,2.9924959122794763e-05,2.997229730234917e-05
finest-carrier,51.775,2.9986581337069328e-05,2.9891724726256125e-05
finest-carrier,51.800000000000004,3.0048672586401346e-05,3.016975362664511e-05
finest-carrier,51.825,3.0110960509990322e-05,2.999251126265134e-05
finest-carrier,51.85,3.017376492885326e-05,3.026050884211786e-05
finest-carrier,51.875,3.023659263174966e-05,3.020334592493854e-05
finest-carrier,51.9,3.0299914771072966e-05,3.0270828875361695e-05
finest-carrier,51.925000000000004,3.036320857031308e-05,3.0448162122134318e-05
finest-carrier,51.95,3.042681615135906e-05,3.030614290077863e-05
finest-carrier,51.975,3.0490514517136315e-05,3.061823607426528e-05
finest-carrier,52.0,3.055420532503672e-05,3.0449288991860813e-05
finest-carrier,52.025,3.0618180947020494e-05,3.0676838833135e-05
finest-carrier,52.050000000000004,3.0681850390974374e-05,3.068068189368037e-05
finest-carrier,52.075,3.0745874140566685e-05,3.0693080931283524e-05
finest-carrier,52.1,3.0809505899646796e-05,3.089936206724976e-05
finest-carrier,52.125,3.087330400244491e-05,3.0771763139976316e-05
finest-carrier,52.15,3.093687599629123e-05,3.102327685587789e-05
finest-carrier,52.175000000000004,3.100023940039551e-05,3.095000751055691e-05
finest-carrier,52.2,3.106362603571916e-05,3.106793280288885e-05
finest-carrier,52.225,3.112647202301181e-05,3.116433674796871e-05
finest-carrier,52.25,3.118943461198489e-05,3.112508670216825e-05
finest-carrier,52.275,3.125176206737597e-05,3.131987025872426e-05
finest-carrier,52.300000000000004,3.131403645564961e-05,3.1265110017906535e-05
finest-carrier,52.325,3.1375817703986855e-05,3.138919258711155e-05
finest-carrier,52.35,3.1437216509038546e-05,3.1464351952759446e-05
finest-carrier,52.375,3.149832497855024e-05,3.143864011454852e-05
finest-carrier,52.4,3.155876538899439e-05,3.163237923826777e-05
finest-carrier,52.425000000000004,3.161899482692072e-05,3.155533055316899e-05
finest-carrier,52.45,3.167844243602382e-05,3.171004045800736e-05
finest-carrier,52.475,3.173758187608155e-05,3.1751760472267394e-05
finest-carrier,52.5,3.179597795135091e-05,3.173508091816247e-05
finest-carrier,52.525,3.185386512350144e-05,3.1948854002559994e-05
finest-carrier,52.550000000000004,3.191110174055476e-05,3.1805166467197995e-05
finest-carrier,52.575,3.196762041939908e-05,3.2056940334934145e-05
finest-carrier,52.6,3.202356177496767e-05,3.197534546409103e-05
finest-carrier,52.625,3.2078615079511256e-05,3.2071115601503324e-05
finest-carrier,52.65,3.2133117707386026e-05,3.2196857683090336e-05
finest-carrier,52.675000000000004,3.218662116386752e-05,3.208062624940143e-05
finest-carrier,52.7,3.223952881814031e-05,3.2362799188972405e-05
finest-carrier,52.725,3.22914199596878e-05,3.21803369033797e-05
finest-carrier,52.75,3.234256077292535e-05,3.2415235229314645e-05
finest-carrier,52.775,3.239278579299095e-05,3.237468018596421e-05
finest-carrier,52.800000000000004,3.244200574503504e-05,3.240349238064027e-05
finest-carrier,52.825,3.2490470744061715e-05,3.2573352435923966e-05
finest-carrier,52.85,3.253768550928198e-05,3.2433312308955416e-05
finest-carrier,52.875,3.2584218447603375e-05,3.268304740181197e-05
finest-carrier,52.9,3.26294221393995e-05,3.255991625428366e-05
finest-carrier,52.925000000000004,3.2673802668639695e-05,3.269973931922096e-05
finest-carrier,52.95,3.2717001110311636e-05,3.273595002683411e-05
finest-carrier,52.975,3.275905166652557e-05,3.270645460912828e-05
finest-carrier,53.0,3.2800168396786686e-05,3.286657335901213e-05
finest-carrier,53.025,3.283982702511208e-05,3.278175694365952e-05
finest-carrier,53.050000000000004,3.287867226309258e-05,3.291072163927927e-05
finest-carrier,53.075,3.2915971621424673e-05,3.2917953266610034e-05
finest-carrier,53.1,3.2952312598110834e-05,3.29201172006242e-05
finest-carrier,53.125,3.298727638208095e-05,3.303556025169719e-05
finest-carrier,53.15,3.302094951903283e-05,3.297630949852909e-05
finest-carrier,53.175000000000004,3.305349898370993e-05,3.307559869336421e-05
finest-carrier,53.2,3.308446280675097e-05,3.309674116149253e-05
finest-carrier,53.225,3.3114415904489385e-05,3.3067080458044355e-05
finest-carrier,53.25,3.314270220947247e-05,3.321391458447023e-05
finest-carrier,53.275,3.31698577934804e-05,3.3094842232331036e-05
finest-carrier,53.300000000000004,3.319547458701441e-05,3.325112675356919e-05
finest-carrier,53.325,3.3219698899609574e-05,3.320272474029126e-05
finest-carrier,53.35,3.324257327236622e-05,3.3211438702115885e-05
finest-carrier,53.375,3.32638187951151e-05,3.3339306382088164e-05
finest-carrier,53.4,3.328381474021351e-05,3.318045389098619e-05
finest-carrier,53.425000000000004,3.3302076617390974e-05,3.3408275136232295e-05
finest-carrier,53.45,3.3319049257217314e-05,3.3236877525722915e-05
finest-carrier,53.475,3.333431530561229e-05,3.3371145634969636e-05
finest-carrier,53.5,3.334814700196928e-05,3.3366505563211465e-05
finest-carrier,53.525,3.3360378452795224e-05,3.32912045138201e-05
finest-carrier,53.550000000000004,3.3370985005799006e-05,3.3473581133031585e-05
finest-carrier,53.575,3.33801164210167e-05,3.326970526149985e-05
finest-carrier,53.6,3.338744794441479e-05,3.347887313097434e-05
finest-carrier,53.625,3.339338267129897e-05,3.334172365022109e-05
finest-carrier,53.65,3.339742972173362e-05,3.339991656788582e-05
finest-carrier,53.675000000000004,3.3400038990880286e-05,3.344275317311783e-05
finest-carrier,53.7,3.34008203912662e-05,3.3328415627766914e-05
finest-carrier,53.725,3.3399974168798034e-05,3.348005699791485e-05
finest-carrier,53.75,3.3397488091053325e-05,3.333157416948967e-05
finest-carrier,53.775,3.339311426763728e-05,3.342945879223729e-05
finest-carrier,53.800000000000004,3.338728308648644e-05,3.338542303419204e-05
finest-carrier,53.825,3.337940214927621e-05,3.3353006884639937e-05
finest-carrier,53.85,3.33700721522187e-05,3.341015763495134e-05
finest-carrier,53.875,3.3358757174657515e-05,3.3322583418942664e-05
finest-carrier,53.9,3.334577427773634e-05,3.336346030325935e-05
finest-carrier,53.925000000000004,3.3331054932403715e-05,3.333851807090909e-05
finest-carrier,53.95,3.331435854707247e-05,3.328516744934486e-05
finest-carrier,53.975,3.3296153328338356e-05,3.333479701049797e-05
finest-carrier,54.0,3.3275799618791546e-05,3.324461098845296e-05
finest-carrier,54.025,3.325394490947184e-05,3.326199826110002e-05
finest-carrier,54.050000000000004,3.323003112382584e-05,3.325395375174227e-05
finest-carrier,54.075,3.3204385817647405e-05,3.3150024845324894e-05
finest-carrier,54.1,3.317694198302038e-05,3.324955215264066e-05
finest-carrier,54.125,3.314747363891765e-05,3.3076283624825164e-05
finest-carrier,54.15,3.311641844350325e-05,3.3164752215334146e-05
finest-carrier,54.175000000000004,3.30831967035139e-05,3.307438192039576e-05
finest-carrier,54.2,3.304839059735957e-05,3.301115734941317e-05
finest-carrier,54.225,3.301150302519392e-05,3.308867875381148e-05
finest-carrier,54.25,3.297284173802561e-05,3.2873273517786804e-05
finest-carrier,54.275,3.293231290241006e-05,3.302987940124141e-05
finest-carrier,54.300000000000004,3.288977937025087e-05,3.281876031904647e-05
finest-carrier,54.325,3.284555530409168e-05,3.2872155235480645e-05
finest-carrier,54.35,3.2799201148128504e-05,3.2823268563925995e-05
finest-carrier,54.375,3.275119213214457e-05,3.268345639023008e-05
finest-carrier,54.4,3.270108403085509e-05,3.279439562356348e-05
finest-carrier,54.425000000000004,3.2649216413984496e-05,3.2554261092768825e-05
finest-carrier,54.45,3.2595394649398754e-05,3.2668982369525034e-05
finest-carrier,54.475,3.253963866481002e-05,3.250325859951021e-05
finest-carrier,54.5,3.24821017894021e-05,3.2476524212725385e-05
finest-carrier,54.525,3.2422477665967e-05,3.246316089181571e-05
finest-carrier,54.550000000000004,3.236118281554746e-05,3.230093919902258e-05
finest-carrier,54.575,3.229775439061067e-05,3.2358619285776866e-05
finest-carrier,54.6,3.223263180239653e-05,3.2187520256733536e-05
finest-carrier,54.625,3.2165480786036296e-05,3.218576811929586e-05
finest-carrier,54.65,3.209647222403497e-05,3.2100687458211174e-05
finest-carrier,54.675000000000004,3.202564940942183e-05,3.200554171030818e-05
finest-carrier,54.7,3.195275974538035e-05,3.197565761704609e-05
finest-carrier,54.725,3.187824220801378e-05,3.186502233042546e-05
finest-carrier,54.75,3.1801560477283226e-05,3.1797956739532116e-05
finest-carrier,54.775,3.172326222914033e-05,3.1742853866638496e-05
finest-carrier,54.800000000000004,3.1642915941408704e-05,3.161588755990138e-05
finest-carrier,54.825,3.156076256584144e-05,3.158205895711259e-05
finest-carrier,54.85,3.147682885364365e-05,3.1474169420906155e-05
finest-carrier,54.875,3.13908398523049e-05,3.136722590946672e-05
finest-carrier,54.9,3.1303290635086176e-05,3.135214352330576e-05
finest-carrier,54.925000000000004,3.12135909234427e-05,3.114978212598046e-05
finest-carrier,54.95,3.11223300525364e-05,3.118411834061057e-05
finest-carrier,54.975,3.102907091406163e-05,3.0988004856941064e-05
finest-carrier,55.0,3.093403704087484e-05,3.093980410341894e-05
finest-carrier,55.025,3.083729379913584e-05,3.087240285781813e-05
finest-carrier,55.050000000000004,3.073853730512008e-05,3.0668283118786334e-05
finest-carrier,55.075,3.0638275919933535e-05,3.072770315517819e-05
finest-carrier,55.1,3.053594137676764e-05,3.0449352185798773e-05
finest-carrier,55.125,3.043208123904744e-05,3.049389388147577e-05
finest-carrier,55.15,3.032631559017481e-05,3.0304956150588582e-05
finest-carrier,55.175000000000004,3.021882755344165e-05,3.019472002300674e-05
finest-carrier,55.2,3.0109698352253723e-05,3.017232754842996e-05
finest-carrier,55.225,2.9998652845645002e-05,2.991423912752583e-05
finest-carrier,55.25,2.9886141348547282e-05,2.9970737518691246e-05
finest-carrier,55.275,2.977167643747449e-05,2.9707212482137383e-05
finest-carrier,55.300000000000004,2.9655737136857887e-05,2.9686545819665395e-05
finest-carrier,55.325,2.9537986768799852e-05,2.9544329869161036e-05
finest-carrier,55.35,2.9418615315716394e-05,2.9381749109587345e-05
finest-carrier,55.375,2.929765723177095e-05,2.9351191053955243e-05
finest-carrier,55.4,2.917491971404029e-05,2.9120976052591373e-05
finest-carrier,55.425000000000004,2.9050769765207845e-05,2.9091583403911128e-05
finest-carrier,55.45,2.8924787714684536e-05,2.890415641517931e-05
finest-carrier,55.475,2.879742992358549e-05,2.8798606280451845e-05
finest-carrier,55.5,2.866834050085768e-05,2.8679553070544784e-05
finest-carrier,55.525,2.8537771435429145e-05,2.8524071021428623e-05
finest-carrier,55.550000000000004,2.8405682468197467e-05,2.8413357084152205e-05
finest-carrier,55.575,2.8271952066957526e-05,2.827403012127422e-05
finest-carrier,55.6,2.8136910251994794e-05,2.8127507347177166e-05
finest-carrier,55.625,2.800013838981667e-05,2.8009410071584368e-05
finest-carrier,55.65,2.7862133191556175e-05,2.78622910743722e-05
finest-carrier,55.675000000000004,2.7722481717171194e-05,2.7705823111610775e-05
finest-carrier,55.7,2.758149592064074e-05,2.7616053029831077e-05
finest-carrier,55.725,2.743910196119144e-05,2.739243292836145e-05
finest-carrier,55.75,2.7295181916863228e-05,2.7342072362830575e-05
finest-carrier,55.775,2.7150099389328598e-05,2.7117549693511403e-05
finest-carrier,55.800000000000004,2.700338618559933e-05,2.7009074329024386e-05
finest-carrier,55.825,2.6855592014052743e-05,2.6882805681750527e-05
finest-carrier,55.85,2.6706275340467123e-05,2.6649244921740446e-05
finest-carrier,55.875,2.6555747378003722e-05,2.6630507220091633e-05
finest-carrier,55.9,2.640397208912678e-05,2.6329592343343908e-05
finest-carrier,55.925000000000004,2.6250775961947228e-05,2.6305639089519705e-05
finest-carrier,55.95,2.6096582860652706e-05,2.607590158325971e-05
finest-carrier,55.975,2.5940887793052905e-05,2.5921496030078253e-05
finest-carrier,56.0,2.5784245771018184e-05,2.5839058464038804e-05
finest-carrier,56.025,2.5626251109465163e-05,2.5549901492261566e-05
finest-carrier,56.050000000000004,2.5467154243465153e-05,2.5545900556570824e-05
finest-carrier,56.075,2.530699160490868e-05,2.524484423624653e-05
finest-carrier,56.1,2.514553418502898e-05,2.5177400866899896e-05
finest-carrier,56.125,2.4983232041149666e-05,2.4986616375590864e-05
finest-carrier,56.15,2.4819596879014348e-05,2.4785390771460374e-05
finest-carrier,56.175000000000004,2.4655134524788844e-05,2.4708410218877823e-05
finest-carrier,56.2,2.4489510574942787e-05,2.4432211178647146e-05
finest-carrier,56.225,2.43229085111396e-05,2.4370491572197504e-05
finest-carrier,56.25,2.415541260753788e-05,2.412628849666273e-05
finest-carrier,56.275,2.3986782084266493e-05,2.3995400267040968e-05
finest-carrier,56.300000000000004,2.3817446158673102e-05,2.3825333957268225e-05
finest-carrier,56.325,2.364696509387454e-05,2.3630080186674008e-05
finest-carrier,56.35,2.34757887278761e-05,2.349401056528971e-05
finest-carrier,56.375,2.3303633183846995e-05,2.3288988421158897e-05
finest-carrier,56.4,2.3130653218483685e-05,2.314096054440175e-05
finest-carrier,56.425000000000004,2.295693924047611e-05,2.2948081497720486e-05
finest-carrier,56.45,2.278226669937177e-05,2.2794108106111667e-05
finest-carrier,56.475,2.2607038966159447e-05,2.2589017551295825e-05
finest-carrier,56.5,2.2430844162582014e-05,2.2454712587595368e-05
finest-carrier,56.525,2.2254113131652572e-05,2.2229080410149917e-05
finest-carrier,56.550000000000004,2.2076572398185657e-05,2.2094815060074458e-05
finest-carrier,56.575,2.189837461718266e-05,2.1895468444684613e-05
finest-carrier,56.6,2.171961233827051e-05,2.1701398579346036e-05
finest-carrier,56.625,2.15400556590042e-05,2.1579611036813284e-05
finest-carrier,56.65,2.1360120205069608e-05,2.1305707436393842e-05
finest-carrier,56.675000000000004,2.1179380277027307e-05,2.1236535004512983e-05
finest-carrier,56.7,2.0998276196678282e-05,2.0953022350970156e-05
finest-carrier,56.725,2.081653928306083e-05,2.0836950606168423e-05
finest-carrier,56.75,2.0634299140841834e-05,2.0645947302758625e-05
finest-carrier,56.775,2.0451689550712954e-05,2.0408992786240524e-05
finest-carrier,56.800000000000004,2.0268430770599157e-05,2.0332812734524714e-05
finest-carrier,56.825,2.0084983373891075e-05,2.001426992255075e-05
finest-carrier,56.85,1.9900897640953273e-05,1.996076264836633e-05
finest-carrier,56.875,1.9716606001988135e-05,1.968188771145976e-05
finest-carrier,56.9,1.953188244173322e-05,1.953386671760548e-05
finest-carrier,56.925000000000004,1.9346787120173515e-05,1.9376589968687536e-05
finest-carrier,56.95,1.916153267698104e-05,1.9108762851148055e-05
finest-carrier,56.975,1.8975772500944584e-05,1.9037654919408684e-05
finest-carrier,57.0,1.8790001629650805e-05,1.8733842306806553e-05
finest-carrier,57.025,1.860377936353505e-05,1.864238021922928e-05
finest-carrier,57.050000000000004,1.8417484993778882e-05,1.8402544910882212e-05
finest-carrier,57.075,1.823097604902134e-05,1.822267346628331e-05
finest-carrier,57.1,1.8044219194992095e-05,1.8070005427512126e-05
finest-carrier,57.125,1.7857504497375955e-05,1.782279907679403e-05
finest-carrier,57.15,1.7670442971150953e-05,1.770560044254014e-05
finest-carrier,57.175000000000004,1.7483524426020942e-05,1.7454013548398107e-05
finest-carrier,57.2,1.72963573362165e-05,1.731746897505958e-05
finest-carrier,57.225,1.71092392403495e-05,1.7096369471687356e-05
finest-carrier,57.25,1.6922118675108347e-05,1.692838374019163e-05
finest-carrier,57.275,1.6734882408985155e-05,1.673377134727666e-05
finest-carrier,57.300000000000004,1.6547868245166602e-05,1.6543968260447536e-05
finest-carrier,57.325,1.636067870737465e-05,1.6370837095367325e-05
finest-carrier,57.35,1.61737705257992e-05,1.6155689732244013e-05
finest-carrier,57.375,1.598681397669494e-05,1.6013325236846817e-05
finest-carrier,57.4,1.5800028658478532e-05,1.5767161713363827e-05
finest-carrier,57.425000000000004,1.5613436359953072e-05,1.564745095123972e-05
finest-carrier,57.45,1.5426866943351686e-05,1.5399303075603354e-05
finest-carrier,57.475,1.5240685135785621e-05,1.5253764121647434e-05
finest-carrier,57.5,1.5054496338682265e-05,1.5061784761223145e-05
finest-carrier,57.525,1.48687232064931e-05,1.483967190473606e-05
finest-carrier,57.550000000000004,1.4683089783631376e-05,1.4729607409110384e-05
finest-carrier,57.575,1.4497748621775167e-05,1.4443278165884424e-05
finest-carrier,57.6,1.4312785444021063e-05,1.4362639516972765e-05
finest-carrier,57.625,1.412797658574147e-05,1.409508248017021e-05
finest-carrier,57.65,1.3943715360532748e-05,1.3950966210265625e-05
finest-carrier,57.675000000000004,1.3759605294292871e-05,1.3780487319932929e-05
finest-carrier,57.7,1.3576037640686656e-05,1.3531563617147863e-05
finest-carrier,57.725,1.3392792052855503e-05,1.3450420434965946e-05
finest-carrier,57.75,1.320994605262667e-05,1.315272847522634e-05
finest-carrier,57.775,1.3027660036216259e-05,1.3071348674568912e-05
finest-carrier,57.800000000000004,1.2845647281839083e-05,1.2824830383398356e-05
finest-carrier,57.825,1.2664332022479398e-05,1.2658856221231141e-05
finest-carrier,57.85,1.2483323058763647e-05,1.2512158874493044e-05
finest-carrier,57.875,1.23029633060934e-05,1.225878283235514e-05
finest-carrier,57.9,1.2123109528757934e-05,1.2171995917929875e-05
finest-carrier,57.925000000000004,1.1943744401746745e-05,1.1900581406898486e-05
finest-carrier,57.95,1.1765113178733636e-05,1.1794707925708821e-05
finest-carrier,57.975,1.1586869452006126e-05,1.1574770329494628e-05
finest-carrier,58.0,1.1409450423009299e-05,1.1404153178866665e-05
finest-carrier,58.025,1.1232497514493257e-05,1.1251956440306428e-05
finest-carrier,58.050000000000004,1.105627585976261e-05,1.1027625928314835e-05
finest-carrier,58.075,1.0880741265521542e-05,1.091323599968227e-05
finest-carrier,58.1,1.0705773464095574e-05,1.0674230800487776e-05
finest-carrier,58.125,1.0531693430292118e-05,1.0558400877400719e-05
finest-carrier,58.15,1.0358118495176624e-05,1.0339265597551573e-05
finest-carrier,58.175000000000004,1.0185467208903967e-05,1.0194150627743728e-05
finest-carrier,58.2,1.0013443966483645e-05,1.001651471798723e-05
finest-carrier,58.225,9.842214838927312e-06,9.826879210372665e-06
finest-carrier,58.25,9.671840917494862e-06,9.698317028177137e-06
finest-carrier,58.275,9.50210842776324e-06,9.467734593435083e-06
finest-carrier,58.300000000000004,9.333391600285741e-06,9.370255077465672e-06
finest-carrier,58.325,9.165300323552485e-06,9.132879126712708e-06
finest-carrier,58.35,8.998206194987414e-06,9.019068231018306e-06
finest-carrier,58.375,8.831897401204177e-06,8.828140003062919e-06
finest-carrier,58.4,8.666431488096878e-06,8.650784265919807e-06
finest-carrier,58.425000000000004,8.501971151049305e-06,8.535043007086748e-06
finest-carrier,58.45,8.338224187970526e-06,8.29396539304656e-06
finest-carrier,58.475,8.175594729199877e-06,8.22174075239797e-06
finest-carrier,58.5,8.013711742071371e-06,7.975917578522867e-06
finest-carrier,58.525,7.852875108338804e-06,7.873639352809699e-06
finest-carrier,58.550000000000004,7.69297456577604e-06,7.69416661953813e-06
finest-carrier,58.575,7.533952062455535e-06,7.510896712665959e-06
finest-carrier,58.6,7.376065771258851e-06,7.415877520446113e-06
finest-carrier,58.625,7.218963965757424e-06,7.171252753507163e-06
finest-carrier,58.65,7.063051825845199e-06,7.108212932589456e-06
finest-carrier,58.675000000000004,6.9080101900110865e-06,6.87498265395102e-06
finest-carrier,58.7,6.754037978185925e-06,6.7683388681505805e-06
finest-carrier,58.725,6.601144164012976e-06,6.607879719485641e-06
finest-carrier,58.75,6.449154664095141e-06,6.423582870522258e-06
finest-carrier,58.775,6.298404372063854e-06,6.3368824086652436e-06
finest-carrier,58.800000000000004,6.1485165358742964e-06,6.1053002511218245e-06
finest-carrier,58.825,5.999855257461617e-06,6.039191928658231e-06
finest-carrier,58.85,5.852191759282221e-06,5.824125273976575e-06
finest-carrier,58.875,5.705600075518388e-06,5.717496966306658e-06
finest-carrier,58.9,5.560210188675979e-06,5.566196224483113e-06
finest-carrier,58.925000000000004,5.415753827837664e-06,5.393462484696923e-06
finest-carrier,58.95,5.272602517050403e-06,5.306747133432778e-06
finest-carrier,58.975,5.130401911572053e-06,5.090902591640081e-06
finest-carrier,59.0,4.989433598168574e-06,5.026858629182747e-06
finest-carrier,59.025,4.849582976040138e-06,4.8213213507948105e-06
finest-carrier,59.050000000000004,4.710799647407521e-06,4.7244139085976945e-06
finest-carrier,59.075,4.573310556867849e-06,4.57715540227889e-06
finest-carrier,59.1,4.436793593077189e-06,4.416006489166813e-06
finest-carrier,59.125,4.3016121430410795e-06,4.335436150004759e-06
finest-carrier,59.15,4.167471180101746e-06,4.127272738943682e-06
finest-carrier,59.175000000000004,4.034550195637985e-06,4.072972308268946e-06
finest-carrier,59.2,3.9028474236363165e-06,3.874159126598556e-06
finest-carrier,59.225,3.7722080921726454e-06,3.7851300155967564e-06
finest-carrier,59.25,3.6429246306474373e-06,3.6485101074232986e-06
finest-carrier,59.275,3.5146550771086383e-06,3.491762339680456e-06
finest-carrier,59.300000000000004,3.3877265945349995e-06,3.423034361531018e-06
finest-carrier,59.325,3.2619206896588117e-06,3.2216840768464013e-06
finest-carrier,59.35,3.137310175021531e-06,3.174071013025086e-06
finest-carrier,59.375,3.0139998156940204e-06,2.988201268132397e-06
finest-carrier,59.4,2.891744948976555e-06,2.9015700338125175e-06
finest-carrier,59.425000000000004,2.7708841431578753e-06,2.7786323441796764e-06
finest-carrier,59.45,2.6510777029208e-06,2.627723006390132e-06
finest-carrier,59.475,2.5325939905967653e-06,2.566603323627209e-06
finest-carrier,59.5,2.415311969783622e-06,2.3774717085461977e-06
finest-carrier,59.525,2.2991824334949142e-06,2.3335188613112697e-06
finest-carrier,59.550000000000004,2.1844221720677433e-06,2.1601024773314413e-06
finest-carrier,59.575,2.0707056622660513e-06,2.0804156705034547e-06
finest-carrier,59.6,1.958392532460731e-06,1.965222818788067e-06
finest-carrier,59.625,1.8471842868566688e-06,1.8248769520379002e-06
finest-carrier,59.65,1.7372459922264556e-06,1.7710758362289025e-06
finest-carrier,59.675000000000004,1.6285924656968433e-06,1.5895370992420092e-06
finest-carrier,59.7,1.5210335766189612e-06,1.5576612068428865e-06
finest-carrier,59.725,1.4148885496234182e-06,1.3883426769631801e-06
finest-carrier,59.75,1.3097912282375922e-06,1.320155303233217e-06
finest-carrier,59.775,1.2060599688559014e-06,1.2149577180230668e-06
finest-carrier,59.800000000000004,1.103505660425079e-06,1.076295664236901e-06
finest-carrier,59.825,1.0021372995259293e-06,1.0424798623625364e-06
finest-carrier,59.85,9.021250804512946e-07,8.572415861621537e-07
finest-carrier,59.875,8.031613834777732e-07,8.423725375675424e-07
finest-carrier,59.9,7.05605873742428e-07,6.814885873320583e-07
finest-carrier,59.925000000000004,6.091359074882917e-07,6.119691449091084e-07
finest-carrier,59.95,5.139479650071944e-07,5.335817305308711e-07
finest-carrier,59.975,4.2001426744875984e-07,3.822801263042839e-07
finest-carrier,60.0,3.271824513479088e-07,3.740412785129798e-07
time-carrier,0.0,0.0,0.0
time-carrier,0.025,0.0,0.0
time-carrier,0.05,0.0,0.0
time-carrier,0.075,0.0,0.0
time-carrier,0.1,0.0,0.0
time-carrier,0.125,0.0,0.0
time-carrier,0.15,0.0,0.0
time-carrier,0.17500000000000002,0.0,0.0
time-carrier,0.2,0.0,0.0
time-carrier,0.225,0.0,0.0
time-carrier,0.25,0.0,0.0
time-carrier,0.275,0.0,0.0
time-carrier,0.3,0.0,0.0
time-carrier,0.325,0.0,0.0
time-carrier,0.35000000000000003,0.0,0.0
time-carrier,0.375,0.0,0.0
time-carrier,0.4,0.0,0.0
time-carrier,0.425,0.0,0.0
time-carrier,0.45,0.0,0.0
time-carrier,0.47500000000000003,0.0,0.0
time-carrier,0.5,0.0,0.0
time-carrier,0.525,0.0,0.0
time-carrier,0.55,0.0,0.0
time-carrier,0.5750000000000001,0.0,0.0
time-carrier,0.6,0.0,0.0
time-carrier,0.625,0.0,0.0
time-carrier,0.65,0.0,0.0
time-carrier,0.675,0.0,0.0
time-carrier,0.7000000000000001,0.0,0.0
time-carrier,0.725,0.0,0.0
time-carrier,0.75,0.0,0.0
time-carrier,0.775,0.0,0.0
time-carrier,0.8,0.0,0.0
time-carrier,0.8250000000000001,0.0,0.0
time-carrier,0.85,0.0,0.0
time-carrier,0.875,0.0,0.0
time-carrier,0.9,0.0,0.0
time-carrier,0.925,0.0,0.0
time-carrier,0.9500000000000001,0.0,0.0
time-carrier,0.975,0.0,0.0
time-carrier,1.0,0.0,0.0
time-carrier,1.025,0.0,0.0
time-carrier,1.05,0.0,0.0
time-carrier,1.075,0.0,0.0
time-carrier,1.1,0.0,0.0
time-carrier,1.125,0.0,0.0
time-carrier,1.1500000000000001,0.0,0.0
time-carrier,1.175,0.0,0.0
time-carrier,1.2,0.0,0.0
time-carrier,1.225,0.0,0.0
time-carrier,1.25,0.0,0.0
time-carrier,1.2750000000000001,0.0,0.0
time-carrier,1.3,0.0,0.0
time-carrier,1.325,0.0,0.0
time-carrier,1.35,0.0,0.0
time-carrier,1.375,0.0,0.0
time-carrier,1.4000000000000001,0.0,0.0
time-carrier,1.425,0.0,0.0
time-carrier,1.45,0.0,0.0
time-carrier,1.475,0.0,0.0
time-carrier,1.5,0.0,0.0
time-carrier,1.5250000000000001,0.0,0.0
time-carrier,1.55,0.0,0.0
time-carrier,1.575,0.0,0.0
time-carrier,1.6,0.0,0.0
time-carrier,1.625,0.0,0.0
time-carrier,1.6500000000000001,0.0,0.0
time-carrier,1.675,0.0,0.0
time-carrier,1.7,0.0,0.0
time-carrier,1.725,0.0,0.0
time-carrier,1.75,0.0,0.0
time-carrier,1.7750000000000001,0.0,0.0
time-carrier,1.8,0.0,0.0
time-carrier,1.825,0.0,0.0
time-carrier,1.85,0.0,0.0
time-carrier,1.875,0.0,0.0
time-carrier,1.9000000000000001,0.0,0.0
time-carrier,1.925,0.0,0.0
time-carrier,1.95,0.0,0.0
time-carrier,1.975,0.0,0.0
time-carrier,2.0,0.0,0.0
time-carrier,2.025,0.0,0.0
time-carrier,2.05,0.0,0.0
time-carrier,2.075,0.0,0.0
time-carrier,2.1,0.0,0.0
time-carrier,2.125,0.0,0.0
time-carrier,2.15,0.0,0.0
time-carrier,2.1750000000000003,0.0,0.0
time-carrier,2.2,0.0,0.0
time-carrier,2.225,0.0,0.0
time-carrier,2.25,0.0,0.0
time-carrier,2.275,0.0,0.0
time-carrier,2.3000000000000003,0.0,0.0
time-carrier,2.325,0.0,0.0
time-carrier,2.35,0.0,0.0
time-carrier,2.375,0.0,0.0
time-carrier,2.4,0.0,0.0
time-carrier,2.4250000000000003,0.0,0.0
time-carrier,2.45,0.0,0.0
time-carrier,2.475,0.0,0.0
time-carrier,2.5,0.0,0.0
time-carrier,2.525,0.0,0.0
time-carrier,2.5500000000000003,0.0,0.0
time-carrier,2.575,0.0,0.0
time-carrier,2.6,0.0,0.0
time-carrier,2.625,0.0,0.0
time-carrier,2.65,0.0,0.0
time-carrier,2.6750000000000003,0.0,0.0
time-carrier,2.7,0.0,0.0
time-carrier,2.725,0.0,0.0
time-carrier,2.75,0.0,0.0
time-carrier,2.775,0.0,0.0
time-carrier,2.8000000000000003,0.0,0.0
time-carrier,2.825,0.0,0.0
time-carrier,2.85,0.0,0.0
time-carrier,2.875,0.0,0.0
time-carrier,2.9,0.0,0.0
time-carrier,2.9250000000000003,0.0,0.0
time-carrier,2.95,0.0,0.0
time-carrier,2.975,0.0,0.0
time-carrier,3.0,0.0,0.0
time-carrier,3.025,0.0,0.0
time-carrier,3.0500000000000003,0.0,0.0
time-carrier,3.075,0.0,0.0
time-carrier,3.1,0.0,0.0
time-carrier,3.125,0.0,0.0
time-carrier,3.15,0.0,0.0
time-carrier,3.1750000000000003,0.0,0.0
time-carrier,3.2,0.0,0.0
time-carrier,3.225,0.0,0.0
time-carrier,3.25,0.0,0.0
time-carrier,3.275,0.0,0.0
time-carrier,3.3000000000000003,0.0,0.0
time-carrier,3.325,0.0,0.0
time-carrier,3.35,0.0,0.0
time-carrier,3.375,0.0,0.0
time-carrier,3.4,0.0,0.0
time-carrier,3.4250000000000003,0.0,0.0
time-carrier,3.45,0.0,0.0
time-carrier,3.475,0.0,0.0
time-carrier,3.5,0.0,0.0
time-carrier,3.525,0.0,0.0
time-carrier,3.5500000000000003,0.0,0.0
time-carrier,3.575,0.0,0.0
time-carrier,3.6,0.0,0.0
time-carrier,3.625,0.0,0.0
time-carrier,3.65,0.0,0.0
time-carrier,3.6750000000000003,0.0,0.0
time-carrier,3.7,0.0,0.0
time-carrier,3.725,0.0,0.0
time-carrier,3.75,0.0,0.0
time-carrier,3.775,0.0,0.0
time-carrier,3.8000000000000003,0.0,0.0
time-carrier,3.825,0.0,0.0
time-carrier,3.85,0.0,0.0
time-carrier,3.875,0.0,0.0
time-carrier,3.9,0.0,0.0
time-carrier,3.9250000000000003,0.0,0.0
time-carrier,3.95,0.0,0.0
time-carrier,3.975,0.0,0.0
time-carrier,4.0,0.0,0.0
time-carrier,4.025,0.0,0.0
time-carrier,4.05,0.0,0.0
time-carrier,4.075,0.0,0.0
time-carrier,4.1,0.0,0.0
time-carrier,4.125,0.0,0.0
time-carrier,4.15,0.0,0.0
time-carrier,4.175,0.0,0.0
time-carrier,4.2,0.0,0.0
time-carrier,4.225,0.0,0.0
time-carrier,4.25,0.0,0.0
time-carrier,4.275,0.0,0.0
time-carrier,4.3,0.0,0.0
time-carrier,4.325,0.0,0.0
time-carrier,4.3500000000000005,0.0,0.0
time-carrier,4.375,0.0,0.0
time-carrier,4.4,0.0,0.0
time-carrier,4.425,0.0,0.0
time-carrier,4.45,0.0,0.0
time-carrier,4.4750000000000005,0.0,0.0
time-carrier,4.5,0.0,0.0
time-carrier,4.525,0.0,0.0
time-carrier,4.55,0.0,0.0
time-carrier,4.575,0.0,0.0
time-carrier,4.6000000000000005,0.0,0.0
time-carrier,4.625,0.0,0.0
time-carrier,4.65,0.0,0.0
time-carrier,4.675,0.0,0.0
time-carrier,4.7,0.0,0.0
time-carrier,4.7250000000000005,0.0,0.0
time-carrier,4.75,0.0,0.0
time-carrier,4.775,0.0,0.0
time-carrier,4.8,0.0,0.0
time-carrier,4.825,0.0,0.0
time-carrier,4.8500000000000005,0.0,0.0
time-carrier,4.875,0.0,0.0
time-carrier,4.9,0.0,0.0
time-carrier,4.925,0.0,0.0
time-carrier,4.95,0.0,0.0
time-carrier,4.9750000000000005,0.0,0.0
time-carrier,5.0,0.0,0.0
time-carrier,5.025,0.0,0.0
time-carrier,5.05,0.0,0.0
time-carrier,5.075,0.0,0.0
time-carrier,5.1000000000000005,0.0,0.0
time-carrier,5.125,0.0,0.0
time-carrier,5.15,0.0,0.0
time-carrier,5.175,0.0,0.0
time-carrier,5.2,0.0,0.0
time-carrier,5.2250000000000005,0.0,0.0
time-carrier,5.25,0.0,0.0
time-carrier,5.275,0.0,0.0
time-carrier,5.3,0.0,0.0
time-carrier,5.325,0.0,0.0
time-carrier,5.3500000000000005,0.0,0.0
time-carrier,5.375,0.0,0.0
time-carrier,5.4,0.0,0.0
time-carrier,5.425,0.0,0.0
time-carrier,5.45,0.0,0.0
time-carrier,5.4750000000000005,0.0,0.0
time-carrier,5.5,0.0,0.0
time-carrier,5.525,0.0,0.0
time-carrier,5.55,0.0,0.0
time-carrier,5.575,0.0,0.0
time-carrier,5.6000000000000005,0.0,0.0
time-carrier,5.625,0.0,0.0
time-carrier,5.65,0.0,0.0
time-carrier,5.675,0.0,0.0
time-carrier,5.7,0.0,0.0
time-carrier,5.7250000000000005,0.0,0.0
time-carrier,5.75,0.0,0.0
time-carrier,5.775,0.0,0.0
time-carrier,5.8,0.0,0.0
time-carrier,5.825,0.0,0.0
time-carrier,5.8500000000000005,0.0,0.0
time-carrier,5.875,0.0,0.0
time-carrier,5.9,0.0,0.0
time-carrier,5.925,0.0,0.0
time-carrier,5.95,0.0,0.0
time-carrier,5.9750000000000005,0.0,0.0
time-carrier,6.0,0.0,0.0
time-carrier,6.025,0.0,0.0
time-carrier,6.05,0.0,0.0
time-carrier,6.075,0.0,0.0
time-carrier,6.1000000000000005,0.0,0.0
time-carrier,6.125,0.0,0.0
time-carrier,6.15,0.0,0.0
time-carrier,6.175,0.0,0.0
time-carrier,6.2,0.0,0.0
time-carrier,6.2250000000000005,0.0,0.0
time-carrier,6.25,0.0,0.0
time-carrier,6.275,0.0,0.0
time-carrier,6.3,0.0,0.0
time-carrier,6.325,0.0,0.0
time-carrier,6.3500000000000005,0.0,0.0
time-carrier,6.375,0.0,0.0
time-carrier,6.4,0.0,0.0
time-carrier,6.425,0.0,0.0
time-carrier,6.45,0.0,0.0
time-carrier,6.4750000000000005,0.0,0.0
time-carrier,6.5,0.0,0.0
time-carrier,6.525,0.0,0.0
time-carrier,6.55,0.0,0.0
time-carrier,6.575,0.0,0.0
time-carrier,6.6000000000000005,0.0,0.0
time-carrier,6.625,0.0,0.0
time-carrier,6.65,0.0,0.0
time-carrier,6.675,0.0,0.0
time-carrier,6.7,0.0,0.0
time-carrier,6.7250000000000005,0.0,0.0
time-carrier,6.75,0.0,0.0
time-carrier,6.775,0.0,0.0
time-carrier,6.8,0.0,0.0
time-carrier,6.825,0.0,0.0
time-carrier,6.8500000000000005,0.0,0.0
time-carrier,6.875,0.0,0.0
time-carrier,6.9,0.0,0.0
time-carrier,6.925,0.0,0.0
time-carrier,6.95,0.0,0.0
time-carrier,6.9750000000000005,0.0,0.0
time-carrier,7.0,0.0,0.0
time-carrier,7.025,0.0,0.0
time-carrier,7.05,0.0,0.0
time-carrier,7.075,0.0,0.0
time-carrier,7.1000000000000005,0.0,0.0
time-carrier,7.125,0.0,0.0
time-carrier,7.15,0.0,0.0
time-carrier,7.175,0.0,0.0
time-carrier,7.2,0.0,0.0
time-carrier,7.2250000000000005,0.0,0.0
time-carrier,7.25,0.0,0.0
time-carrier,7.275,0.0,0.0
time-carrier,7.3,0.0,0.0
time-carrier,7.325,0.0,0.0
time-carrier,7.3500000000000005,0.0,0.0
time-carrier,7.375,0.0,0.0
time-carrier,7.4,0.0,0.0
time-carrier,7.425,0.0,0.0
time-carrier,7.45,0.0,0.0
time-carrier,7.4750000000000005,0.0,0.0
time-carrier,7.5,0.0,0.0
time-carrier,7.525,0.0,0.0
time-carrier,7.55,0.0,0.0
time-carrier,7.575,0.0,0.0
time-carrier,7.6000000000000005,0.0,0.0
time-carrier,7.625,0.0,0.0
time-carrier,7.65,0.0,0.0
time-carrier,7.675,0.0,0.0
time-carrier,7.7,0.0,0.0
time-carrier,7.7250000000000005,0.0,0.0
time-carrier,7.75,0.0,0.0
time-carrier,7.775,0.0,0.0
time-carrier,7.8,0.0,0.0
time-carrier,7.825,0.0,0.0
time-carrier,7.8500000000000005,0.0,0.0
time-carrier,7.875,0.0,0.0
time-carrier,7.9,0.0,0.0
time-carrier,7.925,0.0,0.0
time-carrier,7.95,0.0,0.0
time-carrier,7.9750000000000005,0.0,0.0
time-carrier,8.0,0.0,0.0
time-carrier,8.025,0.0,0.0
time-carrier,8.05,0.0,0.0
time-carrier,8.075,0.0,0.0
time-carrier,8.1,0.0,0.0
time-carrier,8.125,0.0,0.0
time-carrier,8.15,0.0,0.0
time-carrier,8.175,0.0,0.0
time-carrier,8.2,0.0,0.0
time-carrier,8.225,0.0,0.0
time-carrier,8.25,0.0,0.0
time-carrier,8.275,0.0,0.0
time-carrier,8.3,0.0,0.0
time-carrier,8.325,0.0,0.0
time-carrier,8.35,0.0,0.0
time-carrier,8.375,0.0,0.0
time-carrier,8.4,0.0,0.0
time-carrier,8.425,0.0,0.0
time-carrier,8.45,0.0,0.0
time-carrier,8.475,0.0,0.0
time-carrier,8.5,0.0,0.0
time-carrier,8.525,0.0,0.0
time-carrier,8.55,0.0,0.0
time-carrier,8.575000000000001,0.0,0.0
time-carrier,8.6,0.0,0.0
time-carrier,8.625,0.0,0.0
time-carrier,8.65,0.0,0.0
time-carrier,8.675,0.0,0.0
time-carrier,8.700000000000001,0.0,0.0
time-carrier,8.725,0.0,0.0
time-carrier,8.75,0.0,0.0
time-carrier,8.775,0.0,0.0
time-carrier,8.8,0.0,0.0
time-carrier,8.825000000000001,0.0,0.0
time-carrier,8.85,0.0,0.0
time-carrier,8.875,0.0,0.0
time-carrier,8.9,0.0,0.0
time-carrier,8.925,0.0,0.0
time-carrier,8.950000000000001,0.0,0.0
time-carrier,8.975,0.0,0.0
time-carrier,9.0,0.0,0.0
time-carrier,9.025,0.0,0.0
time-carrier,9.05,0.0,0.0
time-carrier,9.075000000000001,0.0,0.0
time-carrier,9.1,0.0,0.0
time-carrier,9.125,0.0,0.0
time-carrier,9.15,0.0,0.0
time-carrier,9.175,0.0,0.0
time-carrier,9.200000000000001,0.0,0.0
time-carrier,9.225,0.0,0.0
time-carrier,9.25,0.0,0.0
time-carrier,9.275,0.0,0.0
time-carrier,9.3,0.0,0.0
time-carrier,9.325000000000001,0.0,0.0
time-carrier,9.35,0.0,0.0
time-carrier,9.375,0.0,0.0
time-carrier,9.4,0.0,0.0
time-carrier,9.425,0.0,0.0
time-carrier,9.450000000000001,0.0,0.0
time-carrier,9.475,0.0,0.0
time-carrier,9.5,0.0,0.0
time-carrier,9.525,0.0,0.0
time-carrier,9.55,0.0,0.0
time-carrier,9.575000000000001,0.0,0.0
time-carrier,9.6,0.0,0.0
time-carrier,9.625,0.0,0.0
time-carrier,9.65,0.0,0.0
time-carrier,9.675,0.0,0.0
time-carrier,9.700000000000001,0.0,0.0
time-carrier,9.725,0.0,0.0
time-carrier,9.75,0.0,0.0
time-carrier,9.775,0.0,0.0
time-carrier,9.8,0.0,0.0
time-carrier,9.825000000000001,0.0,0.0
time-carrier,9.85,0.0,0.0
time-carrier,9.875,0.0,0.0
time-carrier,9.9,0.0,0.0
time-carrier,9.925,0.0,0.0
time-carrier,9.950000000000001,0.0,0.0
time-carrier,9.975,0.0,0.0
time-carrier,10.0,0.0,0.0
time-carrier,10.025,0.0,0.0
time-carrier,10.05,0.0,0.0
time-carrier,10.075000000000001,0.0,0.0
time-carrier,10.1,0.0,0.0
time-carrier,10.125,0.0,0.0
time-carrier,10.15,0.0,0.0
time-carrier,10.175,0.0,0.0
time-carrier,10.200000000000001,0.0,0.0
time-carrier,10.225,0.0,0.0
time-carrier,10.25,0.0,0.0
time-carrier,10.275,0.0,0.0
time-carrier,10.3,0.0,0.0
time-carrier,10.325000000000001,0.0,0.0
time-carrier,10.35,0.0,0.0
time-carrier,10.375,0.0,0.0
time-carrier,10.4,0.0,0.0
time-carrier,10.425,0.0,0.0
time-carrier,10.450000000000001,0.0,0.0
time-carrier,10.475,0.0,0.0
time-carrier,10.5,0.0,0.0
time-carrier,10.525,0.0,0.0
time-carrier,10.55,0.0,0.0
time-carrier,10.575000000000001,0.0,0.0
time-carrier,10.6,0.0,0.0
time-carrier,10.625,0.0,0.0
time-carrier,10.65,0.0,0.0
time-carrier,10.675,0.0,0.0
time-carrier,10.700000000000001,0.0,0.0
time-carrier,10.725,0.0,0.0
time-carrier,10.75,0.0,0.0
time-carrier,10.775,0.0,0.0
time-carrier,10.8,0.0,0.0
time-carrier,10.825000000000001,0.0,0.0
time-carrier,10.85,0.0,0.0
time-carrier,10.875,0.0,0.0
time-carrier,10.9,0.0,0.0
time-carrier,10.925,0.0,0.0
time-carrier,10.950000000000001,0.0,0.0
time-carrier,10.975,0.0,0.0
time-carrier,11.0,0.0,0.0
time-carrier,11.025,0.0,0.0
time-carrier,11.05,0.0,0.0
time-carrier,11.075000000000001,0.0,0.0
time-carrier,11.1,0.0,0.0
time-carrier,11.125,0.0,0.0
time-carrier,11.15,0.0,0.0
time-carrier,11.175,0.0,0.0
time-carrier,11.200000000000001,0.0,0.0
time-carrier,11.225,0.0,0.0
time-carrier,11.25,0.0,0.0
time-carrier,11.275,0.0,0.0
time-carrier,11.3,0.0,0.0
time-carrier,11.325000000000001,0.0,0.0
time-carrier,11.35,0.0,0.0
time-carrier,11.375,0.0,0.0
time-carrier,11.4,0.0,0.0
time-carrier,11.425,0.0,0.0
time-carrier,11.450000000000001,0.0,0.0
time-carrier,11.475,0.0,2.2e-322
time-carrier,11.5,0.0,2.6704e-320
time-carrier,11.525,0.0,3.11449e-318
time-carrier,11.55,0.0,3.56836185e-316
time-carrier,11.575000000000001,0.0,4.017126319e-314
time-carrier,11.6,0.0,4.443738780177e-312
time-carrier,11.625,0.0,4.8304655097208e-310
time-carrier,11.65,0.0,5.160094873933118e-308
time-carrier,11.675,0.0,5.4172046329024006e-306
time-carrier,11.700000000000001,0.0,5.589359919604459e-304
time-carrier,11.725,0.0,5.66811210672661e-302
time-carrier,11.75,0.0,5.649686617075897e-300
time-carrier,11.775,0.0,5.535281657843394e-298
time-carrier,11.8,0.0,5.330945106781481e-296
time-carrier,11.825000000000001,0.0,5.047046598989554e-294
time-carrier,11.85,0.0,4.69740873553608e-292
time-carrier,11.875,0.0,4.2981983471381827e-290
time-carrier,11.9,0.0,3.866700827441261e-288
time-carrier,11.925,0.0,3.4201053039010625e-286
time-carrier,11.950000000000001,0.0,2.974416386397511e-284
time-carrier,11.975,0.0,2.5435826028423455e-282
time-carrier,12.0,0.0,2.1388974209892148e-280
time-carrier,12.025,0.0,1.768691778493983e-278
time-carrier,12.05,0.0,1.4383028137518157e-276
time-carrier,12.075000000000001,0.0,1.1502763325027186e-274
time-carrier,12.1,0.0,9.047430443886997e-273
time-carrier,12.125,0.0,6.999014561424164e-271
time-carrier,12.15,0.0,5.325425380984352e-269
time-carrier,12.175,0.0,3.9856071423981835e-267
time-carrier,12.200000000000001,0.0,2.9340958353224936e-265
time-carrier,12.225,0.0,2.1247625169622087e-263
time-carrier,12.25,0.0,1.513628497521548e-261
time-carrier,12.275,0.0,1.0607604691045577e-259
time-carrier,12.3,0.0,7.313422341037499e-258
time-carrier,12.325000000000001,0.0,4.9607263961811146e-256
time-carrier,12.35,0.0,3.3106023372306236e-254
time-carrier,12.375,0.0,2.1738098098790776e-252
time-carrier,12.4,0.0,1.404443754581993e-250
time-carrier,12.425,0.0,8.928340976358249e-249
time-carrier,12.450000000000001,0.0,5.585164365012831e-247
time-carrier,12.475,0.0,3.4380716460995944e-245
time-carrier,12.5,0.0,2.0826797568619502e-243
time-carrier,12.525,0.0,1.2415761143867711e-241
time-carrier,12.55,0.0,7.284202154749369e-240
time-carrier,12.575000000000001,0.0,4.2059370063806414e-238
time-carrier,12.6,0.0,2.3901758420300478e-236
time-carrier,12.625,0.0,1.3368949301310683e-234
time-carrier,12.65,0.0,7.360018285026394e-233
time-carrier,12.675,-1e-323,3.988305342216037e-231
time-carrier,12.700000000000001,-1.34e-321,2.1273518868667426e-229
time-carrier,12.725,-1.3651e-319,1.1169791485937784e-227
time-carrier,12.75,-1.369697e-317,5.773229391231572e-226
time-carrier,12.775,-1.35272083e-315,2.937471292697921e-224
time-carrier,12.8,-1.3150552767e-313,1.4713717434218243e-222
time-carrier,12.825000000000001,-1.25848691087e-311,7.255676145220388e-221
time-carrier,12.85,-1.185601648378104e-309,3.522513298355279e-219
time-carrier,12.875,-1.0995897272316276e-307,1.6836781728833591e-217
time-carrier,12.9,-1.0040159025419875e-305,7.923361446301744e-216
time-carrier,12.925,-9.025778227709579e-304,3.6712663850580557e-214
time-carrier,12.950000000000001,-7.988750265619389e-302,1.674905507319446e-212
time-carrier,12.975,-6.962079599048577e-300,7.523925503991874e-211
time-carrier,13.0,-5.974213940716547e-298,3.328051580637378e-209
time-carrier,13.025,-5.048004831139755e-296,1.4495675548101208e-207
time-carrier,13.05,-4.20021360767984e-294,6.217288572703661e-206
time-carrier,13.075000000000001,-3.441524791414082e-292,2.625964754167818e-204
time-carrier,13.1,-2.776984686819333e-290,1.0922273574127493e-202
time-carrier,13.125,-2.2067550997395634e-288,4.473879975036664e-201
time-carrier,13.15,-1.7270612643101622e-286,1.8047348307254056e-199
time-carrier,13.175,-1.331217580938169e-284,7.169861697743991e-198
time-carrier,13.200000000000001,-1.0106310889038897e-282,2.805348494331632e-196
time-carrier,13.225,-7.557063139175949e-281,1.0810647812494263e-194
time-carrier,13.25,-5.566017692683399e-279,4.1031322676501725e-193
time-carrier,13.275,-4.0381408626474925e-277,1.5338683712771747e-191
time-carrier,13.3,-2.885876758413239e-275,5.647798137552807e-190
time-carrier,13.325000000000001,-2.031643412999931e-273,2.0483223299077193e-188
time-carrier,13.35,-1.4089786069231196e-271,7.317367982778572e-187
time-carrier,13.375,-9.62636263225003e-270,2.5748871374261468e-185
time-carrier,13.4,-6.479395719533797e-268,8.925186272694501e-184
time-carrier,13.425,-4.2966966629334856e-266,3.047481600630222e-182
time-carrier,13.450000000000001,-2.8072177040555677e-264,1.0250342361466477e-180
time-carrier,13.475,-1.8070571256996828e-262,3.396391362867275e-179
time-carrier,13.5,-1.1461332419767589e-260,1.1086324944924814e-177
time-carrier,13.525,-7.162731941435969e-259,3.564973280780071e-176
time-carrier,13.55,-4.410780515949687e-257,1.1293586232513777e-174
time-carrier,13.575000000000001,-2.676443170250247e-255,3.524701466012487e-173
time-carrier,13.6,-1.6003647578852106e-253,1.0837658779751616e-171
time-carrier,13.625,-9.429978969501435e-252,3.2830606431702685e-170
time-carrier,13.65,-5.475774494985347e-250,9.798511363440432e-169
time-carrier,13.675,-3.1335428517952075e-248,2.8812859587532142e-167
time-carrier,13.700000000000001,-1.7672297661904003e-246,8.347661481248438e-166
time-carrier,13.725,-9.82267132814061e-245,2.3828816415510607e-164
time-carrier,13.75,-5.380928439752364e-243,6.702025807591533e-163
time-carrier,13.775,-2.9052766934582735e-241,1.8573012106152396e-161
time-carrier,13.8,-1.5460801719445716e-239,5.0715146115740634e-160
time-carrier,13.825000000000001,-8.109651118631006e-238,1.364515323803644e-158
time-carrier,13.85,-4.192849579656192e-236,3.6175178688340394e-157
time-carrier,13.875,-2.1368031803615902e-234,9.450188017905616e-156
time-carrier,13.9,-1.073442889517059e-232,2.432615692413364e-154
time-carrier,13.925,-5.315736942640774e-231,6.170430600023292e-153
time-carrier,13.950000000000001,-2.5949497003397125e-229,1.54231045904508e-151
time-carrier,13.975,-1.248780247103051e-227,3.7988117769047544e-150
time-carrier,14.0,-5.924412325017868e-226,9.220373002834286e-149
time-carrier,14.025,-2.770876421915736e-224,2.205356859892731e-147
time-carrier,14.05,-1.2776502508986214e-222,5.198088620619476e-146
time-carrier,14.075000000000001,-5.808178575164327e-221,1.2073897280340536e-144
time-carrier,14.1,-2.6032217550123037e-219,2.7637239421699224e-143
time-carrier,14.125,-1.150364727803524e-217,6.2343251001115256e-142
time-carrier,14.15,-5.0121374737038146e-216,1.385912665086827e-140
time-carrier,14.175,-2.153193865889673e-214,3.036251656249209e-139
time-carrier,14.200000000000001,-9.120646665716932e-213,6.555394238567936e-138
time-carrier,14.225,-3.809429512513576e-211,1.3948339046680084e-136
time-carrier,14.25,-1.5689005665578924e-209,2.9249072528516546e-135
time-carrier,14.275,-6.3714942896284356e-208,6.044644064762642e-134
time-carrier,14.3,-2.551565314430627e-206,1.2311226208902907e-132
time-carrier,14.325000000000001,-1.0076288334929811e-204,2.4711923956776545e-131
time-carrier,14.35,-3.9240258456944197e-203,4.888650693857098e-130
time-carrier,14.375,-1.5069861413787634e-201,9.53127481325653e-129
time-carrier,14.4,-5.707440775686973e-200,1.8314482539831083e-127
time-carrier,14.425,-2.131752757494425e-198,3.4683421256770534e-126
time-carrier,14.450000000000001,-7.852426960793978e-197,6.473431652973087e-125
time-carrier,14.475,-2.8526658072677285e-195,1.1907870410227175e-123
time-carrier,14.5,-1.022082499785138e-193,2.1588469912311262e-122
time-carrier,14.525,-3.6117451402476616e-192,3.857438257980065e-121
time-carrier,14.55,-1.2587869563761132e-190,6.793074551022527e-120
time-carrier,14.575000000000001,-4.32712204934156e-189,1.1790297469243752e-118
time-carrier,14.6,-1.467119500871676e-187,2.016854753659419e-117
time-carrier,14.625,-4.90635317445484e-186,3.400292217649183e-116
time-carrier,14.65,-1.6184023956633393e-184,5.6500160097507765e-115
time-carrier,14.675,-5.2656974380861975e-183,9.25283406781977e-114
time-carrier,14.700000000000001,-1.6899511261779634e-181,1.4934515736154307e-112
time-carrier,14.725,-5.349932377078905e-180,2.3757360154558475e-111
time-carrier,14.75,-1.6706492149762653e-178,3.724732134219173e-110
time-carrier,14.775,-5.146261890153182e-177,5.75546831345535e-109
time-carrier,14.8,-1.563776959572544e-175,8.765036744651991e-108
time-carrier,14.825000000000001,-4.687492729792847e-174,1.3155662521160916e-106
time-carrier,14.85,-1.3861036503228093e-172,1.9460582345234394e-105
time-carrier,14.875,-4.0433973153797415e-171,2.837141760454043e-104
time-carrier,14.9,-1.163587170330665e-169,4.07648698244517e-103
time-carrier,14.925,-3.3033856868997897e-168,5.77255892013609e-102
time-carrier,14.950000000000001,-9.251953200827648e-167,8.056106457243538e-101
time-carrier,14.975,-2.556390323974009e-165,1.1080350122210899e-99
time-carrier,15.0,-6.968610274486226e-164,1.501930823450053e-98
time-carrier,15.025,-1.8741140524785584e-162,2.0063697148086652e-97
time-carrier,15.05,-4.972583822627398e-161,2.641391284414583e-96
time-carrier,15.075000000000001,-1.3016965783583258e-159,3.4269766178760475e-95
time-carrier,15.1,-3.3618949589523795e-158,4.3816911936914757e-94
time-carrier,15.125,-8.566635437878563e-157,5.521027787594079e-93
time-carrier,15.15,-2.1537392019596523e-155,6.855524172670929e-92
time-carrier,15.175,-5.3424123593565216e-154,8.388777962344188e-91
time-carrier,15.200000000000001,-1.3075184285762638e-152,1.0115525852493877e-89
time-carrier,15.225,-3.1573946731580153e-151,1.2019989514212071e-88
time-carrier,15.25,-7.522894245963609e-150,1.4074707884486087e-87
time-carrier,15.275,-1.7685621701924153e-148,1.6240068957621475e-86
time-carrier,15.3,-4.102410550329073e-147,1.8464719084007512e-85
time-carrier,15.325000000000001,-9.389561608018439e-146,2.0686963511286656e-84
time-carrier,15.35,-2.120521960291541e-144,2.2837182167358707e-83
time-carrier,15.375,-4.725363450236378e-143,2.4841177811923176e-82
time-carrier,15.4,-1.039025560759446e-141,2.6624261971252096e-81
time-carrier,15.425,-2.2543392095503083e-140,2.8115782307631853e-80
time-carrier,15.450000000000001,-4.826336832010206e-139,2.92537183899182e-79
time-carrier,15.475,-1.0195874814982458e-137,2.9988934212655703e-78
time-carrier,15.5,-2.1254108672462264e-136,3.0288683733500246e-77
time-carrier,15.525,-4.371955446851853e-135,3.0139022340184643e-76
time-carrier,15.55,-8.87412900855798e-134,2.95458775970696e-75
time-carrier,15.575000000000001,-1.7774424050610373e-132,2.8534665240560507e-74
time-carrier,15.6,-3.513076363330502e-131,2.714848448411101e-73
time-carrier,15.625,-6.85179274890107e-130,2.54450710056729e-72
time-carrier,15.65,-1.318704828454283e-128,2.3492807766471533e-71
time-carrier,15.675,-2.504492604817067e-127,2.1366177752818026e-70
time-carrier,15.700000000000001,-4.693778277711832e-126,1.9141079346045825e-69
time-carrier,15.725,-8.680760602763756e-125,1.6890411909029621e-68
time-carrier,15.75,-1.5842618387286076e-123,1.4680281069655192e-67
time-carrier,15.775,-2.853195601172579e-122,1.256708079967027e-66
time-carrier,15.8,-5.070757133747732e-121,1.059559734545636e-65
time-carrier,15.825000000000001,-8.89307341334841e-120,8.798164311677833e-65
time-carrier,15.85,-1.53911019313406e-118,7.194793462884995e-64
time-carrier,15.875,-2.6286159036345805e-117,5.7941235366562e-63
time-carrier,15.9,-4.430214754489441e-116,4.594976418425222e-62
time-carrier,15.925,-7.368229591015181e-115,3.5882883157359335e-61
time-carrier,15.950000000000001,-1.2093237246291936e-113,2.7591905042818564e-60
time-carrier,15.975,-1.9586787656451934e-112,2.0890438455129087e-59
time-carrier,16.0,-3.1305819559861312e-111,1.557275734397156e-58
time-carrier,16.025,-4.937737472708502e-110,1.1429191555900087e-57
time-carrier,16.05,-7.685491312317061e-109,8.258036989518771e-57
time-carrier,16.075,-1.1804714674536774e-107,5.873920412692218e-56
time-carrier,16.1,-1.7892824222501163e-106,4.112890237337493e-55
time-carrier,16.125,-2.6763381778618375e-105,2.8347266934223125e-54
time-carrier,16.15,-3.950397067605721e-104,1.9230772052825145e-53
time-carrier,16.175,-5.754094291515928e-103,1.2840424227970565e-52
time-carrier,16.2,-8.270814448757619e-102,8.437893301404309e-52
time-carrier,16.225,-1.173148782707725e-100,5.45675870859304e-51
time-carrier,16.25,-1.642062462311273e-99,3.4725998846616184e-50
time-carrier,16.275,-2.2680680297414336e-98,2.1745347517397407e-49
time-carrier,16.3,-3.0913642389588434e-97,1.3398031523866984e-48
time-carrier,16.325,-4.157858067952732e-96,8.121741471419627e-48
time-carrier,16.35,-5.5183851601862016e-95,4.843511800966185e-47
time-carrier,16.375,-7.227273938731575e-94,2.8414701688097278e-46
time-carrier,16.4,-9.34015908345361e-93,1.639701641999273e-45
time-carrier,16.425,-1.1910998490740945e-91,9.306618691007527e-45
time-carrier,16.45,-1.4988317695905898e-90,5.195048471417092e-44
time-carrier,16.475,-1.8610794389053706e-89,2.8518189085135935e-43
time-carrier,16.5,-2.2802396818617802e-88,1.539401060472504e-42
time-carrier,16.525,-2.7567393570300986e-87,8.170350441871985e-42
time-carrier,16.55,-3.288564531400946e-86,4.263329496535849e-41
time-carrier,16.575,-3.870865665278211e-85,2.186932049533059e-40
time-carrier,16.6,-4.49568932945317e-84,1.1026997633470431e-39
time-carrier,16.625,-5.151884399033742e-83,5.4647562944806315e-39
time-carrier,16.65,-5.825222062976459e-82,2.6615228350693835e-38
time-carrier,16.675,-6.498754332721118e-81,1.2737617074915472e-37
time-carrier,16.7,-7.153415862063226e-80,5.989571777922857e-37
time-carrier,16.725,-7.768850513867295e-79,2.7669553660777565e-36
time-carrier,16.75,-8.324419686748067e-78,1.2556096567363777e-35
time-carrier,16.775,-8.800326883256203e-77,5.596269218308198e-35
time-carrier,16.8,-9.178775386820124e-76,2.4494990749669516e-34
time-carrier,16.825,-9.445065884134094e-75,1.0527658359237438e-33
time-carrier,16.85,-9.588540291273949e-74,4.442228660800286e-33
time-carrier,16.875,-9.60328763854165e-73,1.8400136721610348e-32
time-carrier,16.9,-9.488547030464796e-72,7.480421173511611e-32
time-carrier,16.925,-9.248769495534992e-71,2.9843315992624616e-31
time-carrier,16.95,-8.893331958124404e-70,1.1681872512468806e-30
time-carrier,16.975,-8.435928907202238e-69,4.4858788769920284e-30
time-carrier,17.0,-7.893696756901586e-68,1.6895633737263528e-29
time-carrier,17.025,-7.286148951977378e-67,6.240395267022175e-29
time-carrier,17.05,-6.634014021515383e-66,2.2598292263831874e-28
time-carrier,17.075,-5.958072718929281e-65,8.0218863537441715e-28
time-carrier,17.1,-5.2780841741719174e-64,2.7907579550161857e-27
time-carrier,17.125,-4.6118759921542023e-63,9.512961650403276e-27
time-carrier,17.150000000000002,-3.974651851431698e-62,3.176550561750656e-26
time-carrier,17.175,-3.3785453951984825e-61,1.0388094655152804e-25
time-carrier,17.2,-2.8324242118254364e-60,3.3261706795820074e-25
time-carrier,17.225,-2.3419253186202574e-59,1.0424721515205474e-24
time-carrier,17.25,-1.909685972907241e-58,3.197219506570241e-24
time-carrier,17.275000000000002,-1.5357221442846368e-57,9.592654098064016e-24
time-carrier,17.3,-1.2179019604408662e-56,2.8146652173099864e-23
time-carrier,17.325,-9.524624070050312e-56,8.0740622404798e-23
time-carrier,17.35,-7.345233899698547e-55,2.2635100466581563e-22
time-carrier,17.375,-5.585624377798962e-54,6.199212419959537e-22
time-carrier,17.400000000000002,-4.188241914603182e-53,1.6579962841753917e-21
time-carrier,17.425,-3.096498874654093e-52,4.32854852667206e-21
time-carrier,17.45,-2.2572205608147522e-51,1.1026054322283861e-20
time-carrier,17.475,-1.6222780612682212e-50,2.739126253794144e-20
time-carrier,17.5,-1.1494992359347707e-49,6.632839115720204e-20
time-carrier,17.525000000000002,-8.029852618742048e-49,1.5647641066022148e-19
time-carrier,17.55,-5.52974213348966e-48,3.594267768598496e-19
time-carrier,17.575,-3.753902894272977e-47,8.033711694112981e-19
time-carrier,17.6,-2.5120250498180874e-46,1.7461379876942342e-18
time-carrier,17.625,-1.656948785929574e-45,3.687972489027926e-18
time-carrier,17.650000000000002,-1.077256867930216e-44,7.563269727827364e-18
time-carrier,17.675,-6.902952089690363e-44,1.5048161977143707e-17
time-carrier,17.7,-4.359489356147572e-43,2.902142369416774e-17
time-carrier,17.725,-2.713318380543212e-42,5.419908798892923e-17
time-carrier,17.75,-1.6642128470656392e-41,9.791376574001468e-17
time-carrier,17.775000000000002,-1.0058609741672147e-40,1.7091297296223172e-16
time-carrier,17.8,-5.990531988207758e-40,2.8790156452414295e-16
time-carrier,17.825,-3.515344520561736e-39,4.673728540388468e-16
time-carrier,17.85,-2.0324577578013406e-38,7.301283641504075e-16
time-carrier,17.875,-1.1577150255220804e-37,1.095900634638411e-15
time-carrier,17.900000000000002,-6.496553098538395e-37,1.5778259237216621e-15
time-carrier,17.925,-3.5911987590535404e-36,2.17528503253817e-15
time-carrier,17.95,-1.9554387510189253e-35,2.866794161297226e-15
time-carrier,17.975,-1.0487446134489383e-34,3.605825371153446e-15
time-carrier,18.0,-5.53971788928638e-34,4.322948532756534e-15
time-carrier,18.025000000000002,-2.8818325385292546e-33,4.936626753614358e-15
time-carrier,18.05,-1.4763284061211102e-32,5.371838019476072e-15
time-carrier,18.075,-7.447310059737465e-32,5.581004752388865e-15
time-carrier,18.1,-3.6990167069315084e-31,5.557637379548494e-15
time-carrier,18.125,-1.8088842820780188e-30,5.3329149610544996e-15
time-carrier,18.150000000000002,-8.708416266939289e-30,4.9517171063744186e-15
time-carrier,18.175,-4.127021626142159e-29,4.4365797842826415e-15
time-carrier,18.2,-1.9251638873507815e-28,3.759762208087814e-15
time-carrier,18.225,-8.838838946542177e-28,2.8457963995846123e-15
time-carrier,18.25,-3.993754176279638e-27,1.6130284585950255e-15
time-carrier,18.275000000000002,-1.7757708546422862e-26,3.666668699346225e-17
time-carrier,18.3,-7.769117661575602e-26,-1.8055404982470016e-15
time-carrier,18.325,-3.344214398765178e-25,-3.7401582728802266e-15
time-carrier,18.35,-1.4161567861988391e-24,-5.557865768703616e-15
time-carrier,18.375,-5.899011128500042e-24,-7.082960098578156e-15
time-carrier,18.400000000000002,-2.416863943262253e-23,-8.197236854257902e-15
time-carrier,18.425,-9.738303831024131e-23,-8.805578084471164e-15
time-carrier,18.45,-3.8585496920111474e-22,-8.799022990068013e-15
time-carrier,18.475,-1.50322681531387e-21,-8.093259822452779e-15
time-carrier,18.5,-5.757486642549646e-21,-6.748226722428824e-15
time-carrier,18.525000000000002,-2.1676844708355166e-20,-5.056458814243818e-15
time-carrier,18.55,-8.021560248318722e-20,-3.456212634476294e-15
time-carrier,18.575,-2.9171880928347717e-19,-2.2658852364663846e-15
time-carrier,18.6,-1.0424472151745097e-18,-1.450822821009465e-15
time-carrier,18.625,-3.659881921880552e-18,-6.802091158085647e-16
time-carrier,18.650000000000002,-1.2622363885497238e-17,3.1984393099316407e-16
time-carrier,18.675,-4.275728113275761e-17,1.4511473317616059e-15
time-carrier,18.7,-1.4223555282436918e-16,2.3147603631336885e-15
time-carrier,18.725,-4.645854325971768e-16,2.5633346516033296e-15
time-carrier,18.75,-1.4897404315244918e-15,1.918387517985293e-15
time-carrier,18.775000000000002,-4.688878600037841e-15,-8.067842990678002e-16
time-carrier,18.8,-1.4483180259107603e-14,-1.0186582427090785e-14
time-carrier,18.825,-4.389509236614808e-14,-3.9822607506604055e-14
time-carrier,18.85,-1.30509710559069e-13,-1.2761642148353874e-13
time-carrier,18.875,-3.8059176026719426e-13,-3.793716735129322e-13
time-carrier,18.900000000000002,-1.0883724111222543e-12,-1.088571386916217e-12
time-carrier,18.925,-3.0514486972307814e-12,-3.0527737928651406e-12
time-carrier,18.95,-8.385919268937626e-12,-8.388793680830087e-12
time-carrier,18.975,-2.2584669183359835e-11,-2.258970356864714e-11
time-carrier,19.0,-5.959287044675346e-11,-5.959939877698964e-11
time-carrier,19.025000000000002,-1.5402387914773247e-10,-1.5402961847860875e-10
time-carrier,19.05,-3.8984073002984955e-10,-3.898436270018443e-10
time-carrier,19.075,-9.660075560084426e-10,-9.660078969362647e-10
time-carrier,19.1,-2.3428975028411767e-09,-2.342897443198125e-09
time-carrier,19.125,-5.560161412612852e-09,-5.560162131833645e-09
time-carrier,19.150000000000002,-1.2908073772219529e-08,-1.2908073777687216e-08
time-carrier,19.175,-2.9305616393872707e-08,-2.930561331546089e-08
time-carrier,19.2,-6.504714534113509e-08,-6.50471390446386e-08
time-carrier,19.225,-1.411119039901477e-07,-1.4111189705466382e-07
time-carrier,19.25,-2.991060194473227e-07,-2.9910601447115724e-07
time-carrier,19.275000000000002,-6.192691968150775e-07,-6.192691939247806e-07
time-carrier,19.3,-1.2519670947043504e-06,-1.2519670919835897e-06
time-carrier,19.325,-2.4707707730705446e-06,-2.470770768920928e-06
time-carrier,19.35,-4.758469303683875e-06,-4.758469298379952e-06
time-carrier,19.375,-8.940680564952705e-06,-8.940680560138132e-06
time-carrier,19.400000000000002,-1.6384076587606863e-05,-1.638407658454327e-05
time-carrier,19.425,-2.927590434531072e-05,-2.9275904343553846e-05
time-carrier,19.45,-5.099614417993703e-05,-5.09961441777924e-05
time-carrier,19.475,-8.658085802697563e-05,-8.658085802346493e-05
time-carrier,19.5,-0.00014325344759631418,-0.00014325344759242578
time-carrier,19.525000000000002,-0.00023097040562285794,-0.00023097040562037888
time-carrier,19.55,-0.0003628943292184691,-0.0003628943292178536
time-carrier,19.575,-0.000555678827911145,-0.0005556788279111835
time-carrier,19.6,-0.0008294405795300889,-0.0008294405795294206
time-carrier,19.625,-0.001207316236087959,-0.0012073162360861556
time-carrier,19.650000000000002,-0.0017145629087281149,-0.0017145629087255206
time-carrier,19.675,-0.002377254072532055,-0.0023772540725294227
time-carrier,19.7,-0.0032207245165280876,-0.0032207245165262587
time-carrier,19.725,-0.004267992007737901,-0.004267992007737162
time-carrier,19.75,-0.005538393705231745,-0.005538393705231593
time-carrier,19.775000000000002,-0.007046606087542641,-0.0070466060875426255
time-carrier,19.8,-0.00880208780232035,-0.008802087802320781
time-carrier,19.825,-0.010808849588148177,-0.010808849588149748
time-carrier,19.85,-0.013065379202955718,-0.013065379202958485
time-carrier,19.875,-0.0155645692571851,-0.015564569257187673
time-carrier,19.900000000000002,-0.018293591743547142,-0.018293591743546958
time-carrier,19.925,-0.021233763115553687,-0.02123376311554898
time-carrier,19.95,-0.024360472771389995,-0.024360472771381682
time-carrier,19.975,-0.027643189030516217,-0.027643189030506637
time-carrier,20.0,-0.031045475852641786,-0.031045475852631083
time-carrier,20.025000000000002,-0.034524949905312505,-0.03452494990529907
time-carrier,20.05,-0.03803321759546326,-0.03803321759544728
time-carrier,20.075,-0.04151596947511145,-0.04151596947509614
time-carrier,20.1,-0.0449134214368385,-0.04491342143682585
time-carrier,20.125,-0.048161107297394,-0.04816110729738333
time-carrier,20.150000000000002,-0.05119076930791359,-0.051190769307903485
time-carrier,20.175,-0.053931011140455065,-0.05393101114044532
time-carrier,20.2,-0.05630760950219503,-0.05630760950218658
time-carrier,20.225,-0.05824376094612817,-0.05824376094612099
time-carrier,20.25,-0.059660698691546915,-0.05966069869154049
time-carrier,20.275000000000002,-0.06047883676223571,-0.06047883676222817
time-carrier,20.3,-0.06061911145874697,-0.060619111458738044
time-carrier,20.325,-0.06000399756533013,-0.06000399756532118
time-carrier,20.35,-0.05855803191696959,-0.058558031916961864
time-carrier,20.375,-0.05620823735912838,-0.056208237359122164
time-carrier,20.400000000000002,-0.052884976861621,-0.05288497686161532
time-carrier,20.425,-0.04852328400185913,-0.04852328400185378
time-carrier,20.45,-0.04306414779148476,-0.043064147791480725
time-carrier,20.475,-0.036455264732652676,-0.036455264732650865
time-carrier,20.5,-0.028651394240191398,-0.028651394240191284
time-carrier,20.525000000000002,-0.019614900482231662,-0.019614900482229348
time-carrier,20.55,-0.009316756470980745,-0.00931675647097526
time-carrier,20.575,0.002262387032235392,0.0022623870322428285
time-carrier,20.6,0.015131614883726734,0.01513161488373424
time-carrier,20.625,0.02928961472822987,0.029289614728236355
time-carrier,20.650000000000002,0.0447244611720166,0.044724461172022396
time-carrier,20.675,0.061413041658993146,0.06141304165900095
time-carrier,20.7,0.07932049104552617,0.07932049104553444
time-carrier,20.725,0.0984000949857909,0.09840009498579547
time-carrier,20.75,0.11859355424712374,0.11859355424712467
time-carrier,20.775000000000002,0.139831136904287,0.13983113690428858
time-carrier,20.8,0.16203161005327216,0.16203161005327513
time-carrier,20.825,0.18510233852253347,0.18510233852253646
time-carrier,20.85,0.20893980221653508,0.20893980221653868
time-carrier,20.875,0.2334302790577065,0.23343027905771052
time-carrier,20.900000000000002,0.25845038204706244,0.25845038204706616
time-carrier,20.925,0.28386756632853705,0.2838675663285423
time-carrier,20.95,0.30954090195642164,0.30954090195643047
time-carrier,20.975,0.3353220888468803,0.33532208884688897
time-carrier,21.0,0.3610564555689684,0.3610564555689756
time-carrier,21.025000000000002,0.3865838920575161,0.38658389205752375
time-carrier,21.05,0.41173989684099227,0.4117398968410008
time-carrier,21.075,0.43635679721534637,0.4363567972153541
time-carrier,21.1,0.4602650085860843,0.4602650085860938
time-carrier,21.125,0.4832942602257605,0.4832942602257715
time-carrier,21.150000000000002,0.5052748452384335,0.5052748452384455
time-carrier,21.175,0.5260389245004894,0.5260389245004976
time-carrier,21.2,0.5454218530842653,0.5454218530842748
time-carrier,21.225,0.5632635102516312,0.5632635102516417
time-carrier,21.25,0.5794096018166629,0.5794096018166732
time-carrier,21.275000000000002,0.5937128953662315,0.5937128953662422
time-carrier,21.3,0.6060344344463745,0.6060344344463829
time-carrier,21.325,0.616244783197398,0.6162447831974046
time-carrier,21.35,0.6242251955728678,0.6242251955728718
time-carrier,21.375,0.6298686091106543,0.6298686091106634
time-carrier,21.400000000000002,0.6330805907886009,0.6330805907886107
time-carrier,21.425,0.6337803316207964,0.6337803316208108
time-carrier,21.45,0.6319014970011309,0.6319014970011498
time-carrier,21.475,0.6273928201452847,0.6273928201453035
time-carrier,21.5,0.6202186677985472,0.620218667798566
time-carrier,21.525000000000002,0.6103596544141345,0.6103596544141516
time-carrier,21.55,0.5978130129828166,0.5978130129828412
time-carrier,21.575,0.5825926856231589,0.5825926856231859
time-carrier,21.6,0.5647294592381186,0.5647294592381447
time-carrier,21.625,0.5442710999380096,0.5442710999380314
time-carrier,21.650000000000002,0.5212821375718353,0.5212821375718495
time-carrier,21.675,0.49584344686858667,0.4958434468686053
time-carrier,21.7,0.4680519578110611,0.46805195781107956
time-carrier,21.725,0.4380202367170533,0.4380202367170772
time-carrier,21.75,0.40587567637076644,0.4058756763707826
time-carrier,21.775000000000002,0.37175966845839625,0.3717596684584117
time-carrier,21.8,0.3358269079865516,0.3358269079865714
time-carrier,21.825,0.2982443957806055,0.298244395780624
time-carrier,21.85,0.2591901720662349,0.2591901720662518
time-carrier,21.875,0.21885223558799272,0.21885223558800823
time-carrier,21.900000000000002,0.17742743953757947,0.17742743953759083
time-carrier,21.925,0.13512001250144368,0.1351200125014634
time-carrier,21.95,0.09214010460544413,0.09214010460546274
time-carrier,21.975,0.048702553742522386,0.04870255374253563
time-carrier,22.0,0.005025396595068448,0.005025396595067796
time-carrier,22.025000000000002,-0.03867180443873223,-0.03867180443872182
time-carrier,22.05,-0.0821693451636483,-0.08216934516363418
time-carrier,22.075,-0.1252487685967508,-0.12524876859674272
time-carrier,22.1,-0.16769454276617946,-0.16769454276617693
time-carrier,22.125,-0.20929554170829867,-0.20929554170830394
time-carrier,22.150000000000002,-0.24984629513234785,-0.24984629513236886
time-carrier,22.175,-0.28914848119376263,-0.2891484811937657
time-carrier,22.2,-0.32701238038725167,-0.32701238038724983
time-carrier,22.225,-0.36325796480823624,-0.3632579648082474
time-carrier,22.25,-0.39771607999311204,-0.3977160799931338
time-carrier,22.275000000000002,-0.4302297206152265,-0.4302297206152463
time-carrier,22.3,-0.46065492377762446,-0.4606549237776222
time-carrier,22.325,-0.4888615751200953,-0.4888615751200995
time-carrier,22.35,-0.514734373373269,-0.5147343733732769
time-carrier,22.375,-0.5381734751160595,-0.538173475116078
time-carrier,22.400000000000002,-0.5590949023136708,-0.559094902313709
time-carrier,22.425,-0.5774311068561684,-0.5774311068561854
time-carrier,22.45,-0.5931313127931398,-0.5931313127931392
time-carrier,22.475,-0.6061615279510737,-0.6061615279510753
time-carrier,22.5,-0.616504670301767,-0.6165046703017977
time-carrier,22.525000000000002,-0.6241605706286774,-0.6241605706287116
time-carrier,22.55,-0.6291456085845382,-0.629145608584547
time-carrier,22.575,-0.6314924087015052,-0.6314924087015176
time-carrier,22.6,-0.6312494956833281,-0.6312494956833313
time-carrier,22.625,-0.6284805916926224,-0.6284805916926525
time-carrier,22.650000000000002,-0.6232639268669898,-0.6232639268670214
time-carrier,22.675,-0.6156915727684569,-0.6156915727684976
time-carrier,22.7,-0.6058684549098227,-0.60586845490984
time-carrier,22.725,-0.593911350449993,-0.5939113504500078
time-carrier,22.75,-0.5799479560582116,-0.5799479560582393
time-carrier,22.775000000000002,-0.564115686524357,-0.5641156865243818
time-carrier,22.8,-0.5465604516221768,-0.5465604516222059
time-carrier,22.825,-0.5274355384995624,-0.5274355384995743
time-carrier,22.85,-0.5069002811515037,-0.5069002811515209
time-carrier,22.875,-0.4851187198201478,-0.4851187198201718
time-carrier,22.900000000000002,-0.4622583928504244,-0.46225839285043224
time-carrier,22.925,-0.4384889704152534,-0.4384889704152896
time-carrier,22.95,-0.4139809034418413,-0.41398090344185995
time-carrier,22.975,-0.38890422499801364,-0.38890422499803085
time-carrier,23.0,-0.3634272433534548,-0.36342724335348187
time-carrier,23.025000000000002,-0.3377152833406634,-0.3377152833406878
time-carrier,23.05,-0.3119295930887525,-0.3119295930887787
time-carrier,23.075,-0.28622618571863695,-0.2862261857186557
time-carrier,23.1,-0.2607547645398231,-0.26075476453985663
time-carrier,23.125,-0.23565781838266642,-0.23565781838268354
time-carrier,23.150000000000002,-0.21106968834550777,-0.21106968834553033
time-carrier,23.175,-0.18711575000738384,-0.1871157500074095
time-carrier,23.2,-0.16391176138001406,-0.16391176138002564
time-carrier,23.225,-0.14156321226005222,-0.14156321226006396
time-carrier,23.25,-0.12016481296386557,-0.12016481296387646
time-carrier,23.275000000000002,-0.0998001351478692,-0.09980013514788265
time-carrier,23.3,-0.08054127804796445,-0.08054127804797909
time-carrier,23.325,-0.06244868593342982,-0.06244868593342474
time-carrier,23.35,-0.045571096146398656,-0.045571096146411576
time-carrier,23.375,-0.029945530639187663,-0.029945530639186854
time-carrier,23.400000000000002,-0.015597435729703072,-0.015597435729712311
time-carrier,23.425,-0.002540926128030223,-0.002540926128029183
time-carrier,23.45,0.00922091641221384,0.009220916412214234
time-carrier,23.475,0.019695614655469026,0.019695614655463767
time-carrier,23.5,0.028900790257621222,0.028900790257628803
time-carrier,23.525000000000002,0.03686360157709625,0.03686360157708795
time-carrier,23.55,0.04362008310707111,0.043620083107072515
time-carrier,23.575,0.04921443191145879,0.049214431911460244
time-carrier,23.6,0.0536982475825167,0.053698247582508934
time-carrier,23.625,0.05712971223484891,0.05712971223484965
time-carrier,23.650000000000002,0.059572737432228635,0.059572737432218276
time-carrier,23.675,0.06109608839962753,0.06109608839962562
time-carrier,23.7,0.06177248507428497,0.06177248507428787
time-carrier,23.725,0.06167768815993916,0.06167768815993118
time-carrier,23.75,0.060889597794532034,0.06088959779453254
time-carrier,23.775000000000002,0.059487355778736664,0.05948735577874204
time-carrier,23.8,0.05755045486996274,0.05755045486996926
time-carrier,23.825,0.055157899593708065,0.0551578995937066
time-carrier,23.85,0.052387383312193045,0.05238738331220464
time-carrier,23.875,0.04931450440244248,0.04931450440245017
time-carrier,23.900000000000002,0.046012063167752026,0.046012063167755544
time-carrier,23.925,0.042549378135625995,0.04254937813564246
time-carrier,23.95,0.03899168374493385,0.03899168374494939
time-carrier,23.975,0.035399614931047325,0.03539961493105318
time-carrier,24.0,0.03182871736435109,0.03182871736436114
time-carrier,24.025000000000002,0.02832908087759982,0.028329080877618814
time-carrier,24.05,0.024945038481419914,0.02494503848142653
time-carrier,24.075,0.02171491432454729,0.021714914324560422
time-carrier,24.1,0.018670915378924912,0.01867091537893758
time-carrier,24.125,0.01583905230427302,0.01583905230428073
time-carrier,24.150000000000002,0.013239152200386886,0.013239152200399881
time-carrier,24.175,0.010884994877813069,0.010884994877825387
time-carrier,24.2,0.00878445466972143,0.00878445466972913
time-carrier,24.225,0.006939779073672639,0.006939779073686766
time-carrier,24.25,0.005347931097471922,0.005347931097484735
time-carrier,24.275000000000002,0.004000954620822703,0.0040009546208350545
time-carrier,24.3,0.002886492493665154,0.002886492493678923
time-carrier,24.325,0.0019883040424942934,0.0019883040425065822
time-carrier,24.35,0.0012868688198459867,0.0012868688198520056
time-carrier,24.375,0.0007601084941060925,0.0007601084941147754
time-carrier,24.400000000000002,0.00038408960976892123,0.0003840896097845879
time-carrier,24.425,0.00013387551065668948,0.0001338755106660164
time-carrier,24.45,-1.5594695239243827e-05,-1.5594695232492476e-05
time-carrier,24.475,-8.862804724341296e-05,-8.862804722705897e-05
time-carrier,24.5,-0.00010780614651263462,-0.00010780614650428119
time-carrier,24.525000000000002,-9.315923389310823e-05,-9.315923388164186e-05
time-carrier,24.55,-6.14106681948197e-05,-6.141066818217895e-05
time-carrier,24.575,-2.5409713800701418e-05,-2.540971378060938e-05
time-carrier,24.6,6.059870375943741e-06,6.059870383255334e-06
time-carrier,24.625,2.8217523085788275e-05,2.8217523108147325e-05
time-carrier,24.650000000000002,3.976462954969768e-05,3.976462955991391e-05
time-carrier,24.675,4.203601868889957e-05,4.20360187028713e-05
time-carrier,24.7,3.799074799619249e-05,3.7990748013107543e-05
time-carrier,24.725,3.105308232319386e-05,3.1053082334625157e-05
time-carrier,24.75,2.4213940747987513e-05,2.4213940759262995e-05
time-carrier,24.775000000000002,1.9414475189136847e-05,1.9414475197604276e-05
time-carrier,24.8,1.7325679445885616e-05,1.7325679446729346e-05
time-carrier,24.825,1.7606161776609484e-05,1.7606161785424363e-05
time-carrier,24.85,1.9293849271271702e-05,1.929384926818255e-05
time-carrier,24.875,2.1334759042846578e-05,2.1334759050570214e-05
time-carrier,24.900000000000002,2.2955619243677165e-05,2.2955619237110817e-05
time-carrier,24.925,2.376904814041241e-05,2.376904814566876e-05
time-carrier,24.95,2.378795295465099e-05,2.3787952953994003e-05
time-carrier,24.975,2.3231820421665156e-05,2.3231820422988065e-05
time-carrier,25.0,2.241752076384448e-05,2.24175207638062e-05
time-carrier,25.025000000000002,2.1687307137698816e-05,2.1687307137326013e-05
time-carrier,25.05,2.1297630070445836e-05,2.1297630061469194e-05
time-carrier,25.075,2.1402422901420435e-05,2.140242289741533e-05
time-carrier,25.1,2.192285719305941e-05,2.1922857189868604e-05
time-carrier,25.125,2.256177308268373e-05,2.2561773065574988e-05
time-carrier,25.150000000000002,2.294953517279776e-05,2.294953516811939e-05
time-carrier,25.175,2.2829196197734394e-05,2.2829196181731916e-05
time-carrier,25.2,2.230241223340637e-05,2.2302412221144498e-05
time-carrier,25.225,2.174711981887375e-05,2.174711980907628e-05
time-carrier,25.25,2.1570056274484843e-05,2.157005626457537e-05
time-carrier,25.275000000000002,2.189311120712406e-05,2.189311119291433e-05
time-carrier,25.3,2.2405123017984325e-05,2.2405123006373062e-05
time-carrier,25.325,2.266011285397995e-05,2.2660112837327847e-05
time-carrier,25.35,2.2424752158739224e-05,2.242475214814885e-05
time-carrier,25.375,2.1914611734483473e-05,2.191461171746155e-05
time-carrier,25.400000000000002,2.1596170567979775e-05,2.1596170559004418e-05
time-carrier,25.425,2.1715271337878955e-05,2.1715271311397364e-05
time-carrier,25.45,2.210086875505541e-05,2.2100868743689472e-05
time-carrier,25.475,2.2303689698696375e-05,2.2303689673891618e-05
time-carrier,25.5,2.2090484817665147e-05,2.209048480158174e-05
time-carrier,25.525000000000002,2.167186602455164e-05,2.1671865998363287e-05
time-carrier,25.55,2.1447222478847868e-05,2.1447222458878067e-05
time-carrier,25.575,2.1594888207643723e-05,2.159488818539572e-05
time-carrier,25.6,2.1847183308242296e-05,2.184718328042414e-05
time-carrier,25.625,2.1847830482995137e-05,2.1847830471975283e-05
time-carrier,25.650000000000002,2.154673550581894e-05,2.1546735476777184e-05
time-carrier,25.675,2.1239895153225268e-05,2.1239895131173067e-05
time-carrier,25.7,2.1215399214857284e-05,2.1215399203047896e-05
time-carrier,25.725,2.1375037089457073e-05,2.137503705679467e-05
time-carrier,25.75,2.141538057684384e-05,2.1415380577152028e-05
time-carrier,25.775000000000002,2.119332827236735e-05,2.119332824338978e-05
time-carrier,25.8,2.090845842733707e-05,2.0908458412851153e-05
time-carrier,25.825,2.0823243391714356e-05,2.0823243378953828e-05
time-carrier,25.85,2.0897514904179058e-05,2.089751488245985e-05
time-carrier,25.875,2.0895509296116292e-05,2.08955092922598e-05
time-carrier,25.900000000000002,2.06885886259209e-05,2.0688588609702763e-05
time-carrier,25.925,2.0443758277283903e-05,2.0443758269818992e-05
time-carrier,25.95,2.0353983703588794e-05,2.035398369802042e-05
time-carrier,25.975,2.036547904616385e-05,2.0365479039363755e-05
time-carrier,26.0,2.0293785971338347e-05,2.0293785974043885e-05
time-carrier,26.025000000000002,2.007596178799235e-05,2.007596178688085e-05
time-carrier,26.05,1.9874045550579777e-05,1.987404555263734e-05
time-carrier,26.075,1.9791357657901353e-05,1.9791357663577253e-05
time-carrier,26.1,1.974160014686548e-05,1.9741600156408636e-05
time-carrier,26.125,1.9598145629333666e-05,1.959814563299409e-05
time-carrier,26.150000000000002,1.9378760617068268e-05,1.9378760630615154e-05
time-carrier,26.175,1.921770009407531e-05,1.9217700089940405e-05
time-carrier,26.2,1.9123108875821776e-05,1.912310888424858e-05
time-carrier,26.225,1.900459867290242e-05,1.90045986769399e-05
time-carrier,26.25,1.8811536820271707e-05,1.8811536820922387e-05
time-carrier,26.275000000000002,1.861197125287391e-05,1.8611971256395357e-05
time-carrier,26.3,1.846927304832731e-05,1.8469273044026386e-05
time-carrier,26.325,1.8333115553832943e-05,1.8333115549237854e-05
time-carrier,26.35,1.815680339090034e-05,1.8156803393314213e-05
time-carrier,26.375,1.795022843333133e-05,1.7950228425029396e-05
time-carrier,26.400000000000002,1.7768992702652343e-05,1.7768992709758455e-05
time-carrier,26.425,1.7606051859947818e-05,1.7606051855791248e-05
time-carrier,26.45,1.742312814481321e-05,1.7423128141405146e-05
time-carrier,26.475,1.7220061831405902e-05,1.7220061831879865e-05
time-carrier,26.5,1.70131595643254e-05,1.7013159566903315e-05
time-carrier,26.525000000000002,1.6821305388130654e-05,1.6821305384403506e-05
time-carrier,26.55,1.6624177043621753e-05,1.6624177049779763e-05
time-carrier,26.575,1.6416850045595633e-05,1.6416850038147418e-05
time-carrier,26.6,1.6196577145797972e-05,1.6196577153740763e-05
time-carrier,26.625,1.5974213668534614e-05,1.5974213661868288e-05
time-carrier,26.650000000000002,1.576257949135448e-05,1.576257949712948e-05
time-carrier,26.675,1.5545264847368355e-05,1.554526484695004e-05
time-carrier,26.7,1.5311835828971932e-05,1.531183583007208e-05
time-carrier,26.725,1.5064521077527533e-05,1.5064521073342303e-05
time-carrier,26.75,1.4835289457061774e-05,1.4835289460019524e-05
time-carrier,26.775000000000002,1.4609041234631322e-05,1.4609041231309091e-05
time-carrier,26.8,1.4355559995285875e-05,1.4355559999179483e-05
time-carrier,26.825,1.4089224686249198e-05,1.4089224683255545e-05
time-carrier,26.85,1.3843205336440753e-05,1.3843205335533025e-05
time-carrier,26.875,1.3605242130076872e-05,1.3605242129230988e-05
time-carrier,26.900000000000002,1.332870752003897e-05,1.3328707516738574e-05
time-carrier,26.925,1.3044284828130475e-05,1.3044284830995526e-05
time-carrier,26.95,1.2787827181062825e-05,1.2787827186899123e-05
time-carrier,26.975,1.2529933713449247e-05,1.2529933710652027e-05
time-carrier,27.0,1.2230175025913616e-05,1.2230175031634187e-05
time-carrier,27.025000000000002,1.193040686747177e-05,1.1930406861813077e-05
time-carrier,27.05,1.1666209685194948e-05,1.1666209690043771e-05
time-carrier,27.075,1.138099335235886e-05,1.1380993352287839e-05
time-carrier,27.1,1.1057431150920253e-05,1.1057431149861414e-05
time-carrier,27.125,1.0750759707734215e-05,1.0750759712386796e-05
time-carrier,27.150000000000002,1.0472786256673395e-05,1.0472786253027174e-05
time-carrier,27.175,1.0155377534547871e-05,1.0155377535043506e-05
time-carrier,27.2,9.81195238804191e-06,9.81195238587767e-06
time-carrier,27.225,9.505097106147907e-06,9.505097103531577e-06
time-carrier,27.25,9.201582420328461e-06,9.201582421432508e-06
time-carrier,27.275000000000002,8.850277088224905e-06,8.850277087800175e-06
time-carrier,27.3,8.499036917563095e-06,8.49903691916838e-06
time-carrier,27.325,8.187496509506923e-06,8.187496508351995e-06
time-carrier,27.35,7.846456717898277e-06,7.846456715817877e-06
time-carrier,27.375,7.468428918301382e-06,7.468428919628543e-06
time-carrier,27.400000000000002,7.1210267070275215e-06,7.1210267036093446e-06
time-carrier,27.425,6.787495842551695e-06,6.787495850626886e-06
time-carrier,27.45,6.4048166271917856e-06,6.404816619166297e-06
time-carrier,27.475,6.018039481750084e-06,6.018039489980779e-06
time-carrier,27.5,5.670486035708845e-06,5.670486026581383e-06
time-carrier,27.525000000000002,5.294963664988621e-06,5.294963673338411e-06
time-carrier,27.55,4.883303934541363e-06,4.883303933527161e-06
time-carrier,27.575,4.502597453707115e-06,4.502597453564959e-06
time-carrier,27.6,4.130901971444935e-06,4.130901978709022e-06
time-carrier,27.625,3.709639147286133e-06,3.7096391400702945e-06
time-carrier,27.650000000000002,3.2937946653758422e-06,3.2937946641316842e-06
time-carrier,27.675,2.9096798700204625e-06,2.909679872636254e-06
time-carrier,27.7,2.489713970754584e-06,2.4897139646039827e-06
time-carrier,27.725,2.045419338437693e-06,2.0454193432824507e-06
time-carrier,27.75,1.6359443453978483e-06,1.6359443351885102e-06
time-carrier,27.775000000000002,1.2167122015836563e-06,1.2167122086225975e-06
time-carrier,27.8,7.544587989027665e-07,7.544587882936828e-07
time-carrier,27.825,3.14496824873073e-07,3.144968294073694e-07
time-carrier,27.85,-1.1262430688255545e-07,-1.1262430601365437e-07
time-carrier,27.875,-5.832627333598861e-07,-5.83262729242419e-07
time-carrier,27.900000000000002,-1.0538556257518462e-06,-1.0538556289958109e-06
time-carrier,27.925,-1.4968453667330639e-06,-1.4968453653539274e-06
time-carrier,27.95,-1.973338302043277e-06,-1.9733383026484063e-06
time-carrier,27.975,-2.4693344486094993e-06,-2.4693344498416167e-06
time-carrier,28.0,-2.9350386639753686e-06,-2.9350386655772473e-06
time-carrier,28.025000000000002,-3.4186901066861457e-06,-3.4186901018311587e-06
time-carrier,28.05,-3.934546342646318e-06,-3.934546344479899e-06
time-carrier,28.075,-4.426519821289506e-06,-4.4265198221149254e-06
time-carrier,28.1,-4.9207597533279385e-06,-4.920759755970858e-06
time-carrier,28.125,-5.452826592426559e-06,-5.452826586922505e-06
time-carrier,28.150000000000002,-5.971338806809105e-06,-5.971338808398411e-06
time-carrier,28.175,-6.48053217207912e-06,-6.480532175180387e-06
time-carrier,28.2,-7.026934480001741e-06,-7.026934475659831e-06
time-carrier,28.225,-7.5707618540606276e-06,-7.570761855105607e-06
time-carrier,28.25,-8.098683783645243e-06,-8.098683790937986e-06
time-carrier,28.275000000000002,-8.659105191966433e-06,-8.659105182595358e-06
time-carrier,28.3,-9.226837924182994e-06,-9.22683793327086e-06
time-carrier,28.325,-9.775842398102263e-06,-9.775842387030122e-06
time-carrier,28.35,-1.0351406660389046e-05,-1.035140667816956e-05
time-carrier,28.375,-1.0941699721270834e-05,-1.094169970201835e-05
time-carrier,28.400000000000002,-1.151304273653702e-05,-1.1513042751655807e-05
time-carrier,28.425,-1.2105809093736217e-05,-1.2105809086176209e-05
time-carrier,28.45,-1.2717129901793961e-05,-1.2717129902101027e-05
time-carrier,28.475,-1.33123760723553e-05,-1.3312376067499738e-05
time-carrier,28.5,-1.3923193251422018e-05,-1.3923193255635243e-05
time-carrier,28.525000000000002,-1.45561762654169e-05,-1.4556176262304422e-05
time-carrier,28.55,-1.5174679221606817e-05,-1.5174679226249812e-05
time-carrier,28.575,-1.5806177161218825e-05,-1.5806177145073286e-05
time-carrier,28.6,-1.6460081558894727e-05,-1.646008157716136e-05
time-carrier,28.625,-1.710270437819591e-05,-1.710270436000195e-05
time-carrier,28.650000000000002,-1.7755930059655408e-05,-1.7755930073094938e-05
time-carrier,28.675,-1.843135551120845e-05,-1.8431355506831964e-05
time-carrier,28.7,-1.9098428063905048e-05,-1.9098428067572978e-05
time-carrier,28.725,-1.9774207503704033e-05,-1.977420749909717e-05
time-carrier,28.75,-2.047260511296047e-05,-2.047260511027428e-05
time-carrier,28.775000000000002,-2.1163265250304055e-05,-2.1163265265189443e-05
time-carrier,28.8,-2.1864163321117412e-05,-2.1864163302931608e-05
time-carrier,28.825,-2.2584643357734307e-05,-2.2584643373741722e-05
time-carrier,28.85,-2.330108585509694e-05,-2.330108584294971e-05
time-carrier,28.875,-2.4026259822796745e-05,-2.40262598270691e-05
time-carrier,28.900000000000002,-2.4771526904225326e-05,-2.477152690370602e-05
time-carrier,28.925,-2.551243227299058e-05,-2.5512432270540203e-05
time-carrier,28.95,-2.6264592210670295e-05,-2.6264592220832623e-05
time-carrier,28.975,-2.7033921715613478e-05,-2.7033921704340916e-05
time-carrier,29.0,-2.7801226103636285e-05,-2.780122610520668e-05
time-carrier,29.025000000000002,-2.8580396994257374e-05,-2.8580397005995577e-05
time-carrier,29.05,-2.9375099368764166e-05,-2.9375099346677568e-05
time-carrier,29.075,-3.0169547627716393e-05,-3.016954765721937e-05
time-carrier,29.1,-3.097627424884572e-05,-3.097627422165775e-05
time-carrier,29.125,-3.179791284581881e-05,-3.1797912862273986e-05
time-carrier,29.150000000000002,-3.261931841885169e-05,-3.261931841001312e-05
time-carrier,29.175,-3.3455971668308935e-05,-3.3455971664851224e-05
time-carrier,29.2,-3.430348523405597e-05,-3.430348524612597e-05
time-carrier,29.225,-3.515516597283782e-05,-3.515516596267785e-05
time-carrier,29.25,-3.602001524931788e-05,-3.6020015256365924e-05
time-carrier,29.275000000000002,-3.689700053185114e-05,-3.689700052894862e-05
time-carrier,29.3,-3.7777362435918294e-05,-3.7777362434774136e-05
time-carrier,29.325,-3.8673866783221506e-05,-3.867386678052321e-05
time-carrier,29.35,-3.9578675973759504e-05,-3.957867598173318e-05
time-carrier,29.375,-4.0491493684021935e-05,-4.049149367233471e-05
time-carrier,29.400000000000002,-4.141787160328536e-05,-4.141787162080449e-05
time-carrier,29.425,-4.235395115368966e-05,-4.2353951126619426e-05
time-carrier,29.45,-4.329840531114769e-05,-4.329840533723793e-05
time-carrier,29.475,-4.425691794891647e-05,-4.4256917923406675e-05
time-carrier,29.5,-4.522449879863644e-05,-4.522449882426916e-05
time-carrier,29.525000000000002,-4.620228279894235e-05,-4.620228278353147e-05
time-carrier,29.55,-4.7193486515419504e-05,-4.7193486524454486e-05
time-carrier,29.575,-4.819388792467594e-05,-4.8193887919444646e-05
time-carrier,29.6,-4.920641016395269e-05,-4.9206410159513845e-05
time-carrier,29.625,-5.0230381579340884e-05,-5.0230381590600466e-05
time-carrier,29.650000000000002,-5.1266451748172934e-05,-5.1266451734305094e-05
time-carrier,29.675,-5.231264798049468e-05,-5.23126479893693e-05
time-carrier,29.7,-5.33729496674437e-05,-5.337294966894087e-05
time-carrier,29.725,-5.444339392731839e-05,-5.4443393915601215e-05
time-carrier,29.75,-5.5526939952019535e-05,-5.552693997018556e-05
time-carrier,29.775000000000002,-5.66220902876884e-05,-5.6622090268510014e-05
time-carrier,29.8,-5.7731117909079866e-05,-5.7731117926914375e-05
time-carrier,29.825,-5.8849803122580435e-05,-5.8849803112366064e-05
time-carrier,29.85,-5.9984818109993474e-05,-5.9984818110107525e-05
time-carrier,29.875,-6.112974462416516e-05,-6.11297446348891e-05
time-carrier,29.900000000000002,-6.228860170261405e-05,-6.228860168221116e-05
time-carrier,29.925,-6.346137932746983e-05,-6.346137934791828e-05
time-carrier,29.95,-6.464639043421007e-05,-6.464639041403261e-05
time-carrier,29.975,-6.584413540669542e-05,-6.584413542293934e-05
time-carrier,30.0,-6.705856000339512e-05,-6.705855998963511e-05
time-carrier,30.025000000000002,-6.828216167414119e-05,-6.82821616883956e-05
time-carrier,30.05,-6.952322471909586e-05,-6.952322470371311e-05
time-carrier,30.075,-7.077760155598581e-05,-7.077760157404061e-05
time-carrier,30.1,-7.204367186067243e-05,-7.204367183725803e-05
time-carrier,30.125,-7.332788693968662e-05,-7.332788696315848e-05
time-carrier,30.150000000000002,-7.46241529431557e-05,-7.462415292298447e-05
time-carrier,30.175,-7.593418447933191e-05,-7.593418449836794e-05
time-carrier,30.2,-7.726291870478536e-05,-7.726291869199206e-05
time-carrier,30.225,-7.860205445932936e-05,-7.860205446610666e-05
time-carrier,30.25,-7.995850239110606e-05,-7.995850239016976e-05
time-carrier,30.275000000000002,-8.133222156106977e-05,-8.133222155828623e-05
time-carrier,30.3,-8.27159123135799e-05,-8.271591232246692e-05
time-carrier,30.325,-8.412147818631364e-05,-8.412147818009997e-05
time-carrier,30.35,-8.553910267350835e-05,-8.553910267365054e-05
time-carrier,30.375,-8.697217692988328e-05,-8.697217693406899e-05
time-carrier,30.400000000000002,-8.842540298810798e-05,-8.842540297931743e-05
time-carrier,30.425,-8.989043561061776e-05,-8.989043561869691e-05
time-carrier,30.45,-9.137361147131254e-05,-9.137361145978606e-05
time-carrier,30.475,-9.287659737336374e-05,-9.287659738244571e-05
time-carrier,30.5,-9.43893221365053e-05,-9.438932212998674e-05
time-carrier,30.525000000000002,-9.592722095447247e-05,-9.592722095333914e-05
time-carrier,30.55,-9.747681901926314e-05,-9.747681903076372e-05
time-carrier,30.575,-9.904460097349461e-05,-9.904460096127216e-05
time-carrier,30.6,-0.00010063355640762336,-0.00010063355641784283
time-carrier,30.625,-0.00010223523942385528,-0.0001022352394169764
time-carrier,30.650000000000002,-0.00010385778599742889,-0.00010385778600445434
time-carrier,30.675,-0.00010550040761220755,-0.00010550040761035881
time-carrier,30.7,-0.00010715464179768883,-0.0001071546417990645
time-carrier,30.725,-0.00010883662411380946,-0.00010883662411177391
time-carrier,30.75,-0.00011052948907016272,-0.0001105294890694049
time-carrier,30.775000000000002,-0.00011224483514588648,-0.00011224483514492753
time-carrier,30.8,-0.00011398106469470239,-0.00011398106469640194
time-carrier,30.825,-0.00011573146616081653,-0.00011573146616007974
time-carrier,30.85,-0.00011750661928162382,-0.00011750661928377851
time-carrier,30.875,-0.00011929985815405781,-0.00011929985815270138
time-carrier,30.900000000000002,-0.00012110951026368731,-0.00012110951026543235
time-carrier,30.925,-0.0001229473848307141,-0.000122947384826885
time-carrier,30.95,-0.00012479610088205945,-0.00012479610088814036
time-carrier,30.975,-0.0001266728368379361,-0.00012667283682957458
time-carrier,31.0,-0.00012856779075428148,-0.00012856779076101096
time-carrier,31.025000000000002,-0.00013048115165144295,-0.00013048115164939045
time-carrier,31.05,-0.0001324216468591392,-0.00013242164685632366
time-carrier,31.075,-0.000134377906578446,-0.0001343779065798225
time-carrier,31.1,-0.0001363580541315084,-0.00013635805412833205
time-carrier,31.125,-0.00013836311451244338,-0.0001383631145151389
time-carrier,31.150000000000002,-0.00014038270661805735,-0.00014038270662256156
time-carrier,31.175,-0.00014243417525575268,-0.00014243417524588593
time-carrier,31.2,-0.00014450022464611054,-0.00014450022465949808
time-carrier,31.225,-0.00014659272962016989,-0.00014659272960716241
time-carrier,31.25,-0.0001487098435242791,-0.0001487098435328362
time-carrier,31.275000000000002,-0.00015084466577675897,-0.00015084466577387418
time-carrier,31.3,-0.0001530095271544072,-0.0001530095271545272
time-carrier,31.325,-0.00015519381012884164,-0.00015519381013394398
time-carrier,31.35,-0.0001574017180776453,-0.00015740171807285898
time-carrier,31.375,-0.00015963910367511715,-0.00015963910367678755
time-carrier,31.400000000000002,-0.00016189220014394093,-0.0001618922001475834
time-carrier,31.425,-0.00016417904825357296,-0.00016417904824080016
time-carrier,31.45,-0.0001664842949982839,-0.00016648429501848683
time-carrier,31.475,-0.00016881647250159258,-0.00016881647248281477
time-carrier,31.5,-0.00017117697172381417,-0.0001711769717392824
time-carrier,31.525000000000002,-0.00017355693986434076,-0.00017355693985307734
time-carrier,31.55,-0.00017596912459918464,-0.0001759691245983789
time-carrier,31.575,-0.00017840356485230753,-0.0001784035648537416
time-carrier,31.6,-0.000180863632293432,-0.00018086363229742643
time-carrier,31.625,-0.0001833555514829341,-0.0001833555514792494
time-carrier,31.650000000000002,-0.0001858658037661376,-0.0001858658037761074
time-carrier,31.675,-0.00018841202340319794,-0.00018841202338810859
time-carrier,31.7,-0.0001909787943568545,-0.00019097879437080783
time-carrier,31.725,-0.000193575647471268,-0.00019357564746168933
time-carrier,31.75,-0.00019620219082687202,-0.00019620219083333443
time-carrier,31.775000000000002,-0.00019885144930841407,-0.0001988514493087638
time-carrier,31.8,-0.00020153522739888228,-0.00020153522739588218
time-carrier,31.825,-0.00020424279757452217,-0.00020424279757014148
time-carrier,31.85,-0.00020698015746299224,-0.00020698015747000424
time-carrier,31.875,-0.0002097497904129317,-0.00020974979040407846
time-carrier,31.900000000000002,-0.00021254165327773715,-0.00021254165329189886
time-carrier,31.925,-0.00021537173288035277,-0.00021537173286905405
time-carrier,31.95,-0.00021822337836780226,-0.00021822337837483903
time-carrier,31.975,-0.00022111031943265383,-0.000221110319432752
time-carrier,32.0,-0.00022402606793408514,-0.00022402606792968542
time-carrier,32.025,-0.0002269697354365226,-0.0002269697354432604
time-carrier,32.05,-0.00022994916041107095,-0.00022994916040163516
time-carrier,32.075,-0.00023295390578637653,-0.00023295390579181283
time-carrier,32.1,-0.00023599372626083648,-0.00023599372624931263
time-carrier,32.125,-0.00023906430154173932,-0.00023906430155883835
time-carrier,32.15,-0.00024216328491560542,-0.00024216328489636384
time-carrier,32.175,-0.00024530065305974116,-0.00024530065308123904
time-carrier,32.2,-0.0002484618620357047,-0.00024846186201387326
time-carrier,32.225,-0.00025166345248269623,-0.0002516634525010919
time-carrier,32.25,-0.0002548916929233282,-0.0002548916929105983
time-carrier,32.275,-0.0002581553719645463,-0.0002581553719777494
time-carrier,32.3,-0.00026145302625933057,-0.00026145302624595217
time-carrier,32.325,-0.0002647802480947833,-0.0002647802481111259
time-carrier,32.35,-0.00026814597062894605,-0.0002681459706042449
time-carrier,32.375,-0.0002715409664052289,-0.0002715409664307659
time-carrier,32.4,-0.00027497225703966853,-0.0002749722570168482
time-carrier,32.425,-0.0002784385017840797,-0.0002784385018027147
time-carrier,32.45,-0.0002819351722475598,-0.0002819351722382578
time-carrier,32.475,-0.000285472909753951,-0.000285472909755417
time-carrier,32.5,-0.00028903795621058854,-0.0002890379562106347
time-carrier,32.525,-0.0002926450575181602,-0.0002926450575225684
time-carrier,32.55,-0.0002962823906118668,-0.0002962823906026621
time-carrier,32.575,-0.0002999573541362827,-0.0002999573541505999
time-carrier,32.6,-0.0003036688742395017,-0.0003036688742235118
time-carrier,32.625,-0.0003074129277365901,-0.00030741292774533175
time-carrier,32.65,-0.0003111977153281987,-0.0003111977153291703
time-carrier,32.675,-0.00031501420177016683,-0.0003150142017637772
time-carrier,32.7,-0.00031887030640040707,-0.0003188703064091383
time-carrier,32.725,-0.00032276222026374283,-0.0003227622202580682
time-carrier,32.75,-0.00032668915167344693,-0.00032668915167164824
time-carrier,32.775,-0.00033065720763134277,-0.00033065720764171593
time-carrier,32.8,-0.0003346568752506944,-0.00033465687524028743
time-carrier,32.825,-0.0003386997067203424,-0.0003386997067259314
time-carrier,32.85,-0.00034277519124154286,-0.00034277519124548003
time-carrier,32.875,-0.0003468912491429961,-0.0003468912491304271
time-carrier,32.9,-0.00035104469683333876,-0.0003510446968462477
time-carrier,32.925,-0.0003552340637661384,-0.0003552340637586885
time-carrier,32.95,-0.00035946553623063135,-0.00035946553622147245
time-carrier,32.975,-0.0003637301914338398,-0.0003637301914544791
time-carrier,33.0,-0.0003680382720703223,-0.0003680382720427918
time-carrier,33.025,-0.0003723807902328928,-0.00037238079025674455
time-carrier,33.05,-0.00037676424244595765,-0.00037676424243314433
time-carrier,33.075,-0.00038118613988009567,-0.00038118613987362336
time-carrier,33.1,-0.0003856451974809139,-0.0003856451975012017
time-carrier,33.125,-0.0003901462333302996,-0.0003901462333047104
time-carrier,33.15,-0.0003946825915382984,-0.0003946825915528875
time-carrier,33.175,-0.0003992614190723662,-0.0003992614190827869
time-carrier,33.2,-0.0004038771019555136,-0.0004038771019262274
time-carrier,33.225,-0.0004085326087743982,-0.0004085326088140082
time-carrier,33.25,-0.0004132286841594671,-0.00041322868412330723
time-carrier,33.275,-0.00041796096083510797,-0.000417960960854064
time-carrier,33.3,-0.0004227370359050711,-0.0004227370359102464
time-carrier,33.325,-0.0004275473376445744,-0.00042754733762366895
time-carrier,33.35,-0.00043240207711671045,-0.0004324020771465338
time-carrier,33.375,-0.0004372919406553504,-0.00043729194063647846
time-carrier,33.4,-0.00044222410836789735,-0.0004422241083605685
time-carrier,33.425,-0.0004471943362641934,-0.0004471943362964999
time-carrier,33.45,-0.0004522035863632557,-0.00045220358631855055
time-carrier,33.475,-0.000457253786826682,-0.000457253786862597
time-carrier,33.5,-0.0004623407188252131,-0.00046234071882299705
time-carrier,33.525,-0.0004674696160509217,-0.0004674696160124012
time-carrier,33.55,-0.00047263516236819284,-0.0004726351624479402
time-carrier,33.575,-0.0004778413639926324,-0.0004778413638935367
time-carrier,33.6,-0.0004830859905601085,-0.0004830859906381212
time-carrier,33.625,-0.000488368662963832,-0.000488368662939656
time-carrier,33.65,-0.0004936919006999086,-0.0004936919006536966
time-carrier,33.675,-0.0004990509502333681,-0.0004990509503417897
time-carrier,33.7,-0.0005044514876702397,-0.0005044514875373918
time-carrier,33.725,-0.0005098872104327118,-0.0005098872105234502
time-carrier,33.75,-0.000515363404507726,-0.0005153634045040399
time-carrier,33.775,-0.0005208758872921952,-0.000520875887173071
time-carrier,33.8,-0.0005264263292228505,-0.0005264263294551569
time-carrier,33.825,-0.0005320149798222273,-0.0005320149795438015
time-carrier,33.85,-0.0005376387835099018,-0.0005376387837406619
time-carrier,33.875,-0.0005433022301246991,-0.0005433022300384291
time-carrier,33.9,-0.0005489989235606092,-0.0005489989234455894
time-carrier,33.925,-0.0005547352768215376,-0.0005547352771328927
time-carrier,33.95,-0.0005605044154459904,-0.0005605044150273282
time-carrier,33.975,-0.0005663116907993404,-0.0005663116911843671
time-carrier,34.0,-0.00057215243978099,-0.0005721524395916057
time-carrier,34.025,-0.0005780288892848183,-0.0005780288891515576
time-carrier,34.05,-0.0005839397932332354,-0.0005839397937158658
time-carrier,34.075,-0.0005898839885180496,-0.0005898839877824095
time-carrier,34.1,-0.0005958630105535051,-0.0005958630113365422
time-carrier,34.125,-0.0006018736748758379,-0.0006018736743144255
time-carrier,34.15,-0.0006079184355097249,-0.000607918435603978
time-carrier,34.175000000000004,-0.0006139941487846858,-0.0006139941492896014
time-carrier,34.2,-0.0006201022092590137,-0.0006201022081921328
time-carrier,34.225,-0.0006262411486504221,-0.0006262411500456608
time-carrier,34.25,-0.0006324101913324653,-0.000632410190013078
time-carrier,34.275,-0.000638610021959302,-0.0006386100227485543
time-carrier,34.300000000000004,-0.0006448378576808516,-0.0006448378578051325
time-carrier,34.325,-0.0006510957947891928,-0.0006510957935887352
time-carrier,34.35,-0.0006573802218227087,-0.0006573802239686558
time-carrier,34.375,-0.0006636932022702509,-0.0006636931996482695
time-carrier,34.4,-0.0006700318047393717,-0.0006700318071297909
time-carrier,34.425000000000004,-0.0006763966680532413,-0.0006763966666785275
time-carrier,34.45,-0.000682786651810867,-0.0006827866515154558
time-carrier,34.475,-0.0006892002464824572,-0.0006892002487299403
time-carrier,34.5,-0.0006956383745527417,-0.0006956383705816074
time-carrier,34.525,-0.000702097554740303,-0.0007020975596556669
time-carrier,34.550000000000004,-0.0007085801890003008,-0.000708580184341923
time-carrier,34.575,-0.0007150817206357879,-0.000715081723647459
time-carrier,34.6,-0.0007216049303097585,-0.0007216049301578653
time-carrier,34.625,-0.000728145359793614,-0.0007281453564160839
time-carrier,34.65,-0.0007347050377211014,-0.0007347050444834645
time-carrier,34.675000000000004,-0.0007412805806855436,-0.0007412805716217487
time-carrier,34.7,-0.0007478725177392872,-0.0007478725271994044
time-carrier,34.725,-0.000754479005301362,-0.0007544789978399649
time-carrier,34.75,-0.0007610989005956204,-0.0007610989037057537
time-carrier,34.775,-0.000767731789816475,-0.0007677317927945942
time-carrier,34.800000000000004,-0.0007743752045725543,-0.0007743751949518593
time-carrier,34.825,-0.000781029633468425,-0.000781029648764631
time-carrier,34.85,-0.0007876919165359916,-0.0007876918980910051
time-carrier,34.875,-0.0007943627714782192,-0.0007943627892982989
time-carrier,34.9,-0.0008010389890791858,-0.0008010389762382838
time-carrier,34.925000000000004,-0.0008077209552271076,-0.0008077209590445305
time-carrier,34.95,-0.0008144058485115256,-0.0008144058564817967
time-carrier,34.975,-0.0008210934274009417,-0.0008210934070079096
time-carrier,35.0,-0.0008277814054894651,-0.0008277814363051595
time-carrier,35.025,-0.0008344689000775492,-0.0008344688634980825
time-carrier,35.050000000000004,-0.0008411540614731021,-0.0008411540970506703
time-carrier,35.075,-0.0008478355413524312,-0.0008478355145995305
time-carrier,35.1,-0.0008545117076237688,-0.0008545117181342257
time-carrier,35.125,-0.0008611809718734551,-0.000861180983041734
time-carrier,35.15,-0.0008678417168066887,-0.0008678416819195259
time-carrier,35.175000000000004,-0.0008744922691070421,-0.000874492325384024
time-carrier,35.2,-0.0008811309323923564,-0.0008811308616821743
time-carrier,35.225,-0.0008877559753573593,-0.0008877560495187661
time-carrier,35.25,-0.0008943656581898592,-0.0008943655941580543
time-carrier,35.275,-0.0009009581053297211,-0.0009009581451701783
time-carrier,35.300000000000004,-0.0009075316532459749,-0.00090753164963294
time-carrier,35.325,-0.000914084150852867,-0.0009140841106935762
time-carrier,35.35,-0.0009206141331283435,-0.0009206142180666505
time-carrier,35.375,-0.0009271190822865579,-0.0009271189592626148
time-carrier,35.4,-0.0009335977774196702,-0.0009335979241255274
time-carrier,35.425000000000004,-0.0009400473478777786,-0.0009400471983212267
time-carrier,35.45,-0.0009464667415445911,-0.0009464668692151865
time-carrier,35.475,-0.0009528528737134357,-0.0009528527931074792
time-carrier,35.5,-0.0009592046704512027,-0.0009592046823622883
time-carrier,35.525,-0.0009655190667233573,-0.0009655191376752408
time-carrier,35.550000000000004,-0.0009717947121339968,-0.0009717945548693243
time-carrier,35.575,-0.0009780288225798798,-0.0009780290568735626
time-carrier,35.6,-0.0009842195298748761,-0.000984219240908385
time-carrier,35.625,-0.0009903645391095576,-0.000990364848840694
time-carrier,35.65,-0.0009964613134123433,-0.0009964610249984006
time-carrier,35.675000000000004,-0.0010025081347605274,-0.0010025083565149322
time-carrier,35.7,-0.0010085017900473357,-0.0010085016776386153
time-carrier,35.725,-0.0010144410708933342,-0.0010144410401249449
time-carrier,35.75,-0.0010203222372807174,-0.0010203224305463095
time-carrier,35.775,-0.0010261443764023512,-0.0010261440201983069
time-carrier,35.800000000000004,-0.001031903498675541,-0.0010319039970326587
time-carrier,35.825,-0.0010375986732541424,-0.0010375980746683267
time-carrier,35.85,-0.0010432260042184595,-0.0010432266427271386
time-carrier,35.875,-0.0010487842021426423,-0.0010487835971477442
time-carrier,35.9,-0.001054269795664093,-0.001054270287919299
time-carrier,35.925000000000004,-0.00105968084825088,-0.0010596805450872394
time-carrier,35.95,-0.0010650145568292988,-0.0010650146065647491
time-carrier,35.975,-0.001070268167512593,-0.0010702684149539578
time-carrier,36.0,-0.0010754396481317337,-0.0010754390873768808
time-carrier,36.025,-0.0010805254143691021,-0.0010805262723545663
time-carrier,36.050000000000004,-0.001085524144457615,-0.0010855230391155514
time-carrier,36.075,-0.0010904315720492881,-0.0010904328429117538
time-carrier,36.1,-0.0010952468753239943,-0.0010952455475426817
time-carrier,36.125,-0.001099965386376421,-0.0010999666439535807
time-carrier,36.15,-0.0011045864664618987,-0.0011045854141046106
time-carrier,36.175000000000004,-0.0011091054038353204,-0.0011091061201445622
time-carrier,36.2,-0.001113521382381387,-0.0011135211162474198
time-carrier,36.225,-0.001117830014080417,-0.001117829744376211
time-carrier,36.25,-0.001122029969818617,-0.0011220308225512812
time-carrier,36.275,-0.0011261174967599462,-0.0011261160595154949
time-carrier,36.300000000000004,-0.0011300905023528618,-0.0011300924760282481
time-carrier,36.325,-0.0011339460722126127,-0.0011339436597281704
time-carrier,36.35,-0.0011376812266610504,-0.0011376839347167864
time-carrier,36.375,-0.0011412939553176265,-0.001141291132911226
time-carrier,36.4,-0.0011447804110221338,-0.0011447831394135746
time-carrier,36.425000000000004,-0.0011481394117346957,-0.0011481369995901944
time-carrier,36.45,-0.0011513663967088635,-0.0011513682713246533
time-carrier,36.475,-0.0011544608158424031,-0.0011544596837644154
time-carrier,36.5,-0.0011574176526252017,-0.001157417868277847
time-carrier,36.525,-0.0011602367099002532,-0.0011602375400487342
time-carrier,36.550000000000004,-0.001162912833317704,-0.0011629108836365516
time-carrier,36.575,-0.0011654458642041078,-0.001165448943295411
time-carrier,36.6,-0.0011678308401842968,-0.001167826690490843
time-carrier,36.625,-0.0011700673382135996,-0.001170072429788487
time-carrier,36.65,-0.0011721508855599956,-0.0011721450483077492
time-carrier,36.675000000000004,-0.0011740805427978627,-0.0011740868679570536
time-carrier,36.7,-0.001175852559053707,-0.0011758460562168642
time-carrier,36.725,-0.0011774653038478047,-0.0011774716335698557
time-carrier,36.75,-0.001178915895516378,-0.001178910116123954
time-carrier,36.775,-0.0011802019274674079,-0.0011802067687889462
time-carrier,36.800000000000004,-0.0011813214441392635,-0.0011813179221929243
time-carrier,36.825,-0.0011822712668030882,-0.0011822731121038496
time-carrier,36.85,-0.0011830503381085736,-0.0011830504851378144
time-carrier,36.875,-0.0011836547904103144,-0.0011836523939750846
time-carrier,36.9,-0.0011840843646571573,-0.0011840891930364418
time-carrier,36.925000000000004,-0.0011843346518332493,-0.0011843272978355743
time-carrier,36.95,-0.0011844060352774173,-0.0011844159074895578
time-carrier,36.975,-0.0011842937600114157,-0.0011842814876635815
time-carrier,37.0,-0.0011839986560432281,-0.001184013093247003
time-carrier,37.025,-0.0011835158498601883,-0.0011834996032261543
time-carrier,37.050000000000004,-0.0011828463980107758,-0.0011828639795551953
time-carrier,37.075,-0.001181985552694852,-0.0011819672244844385
time-carrier,37.1,-0.0011809343674387216,-0.00118095275035439
time-carrier,37.125,-0.0011796884659645884,-0.0011796708092133856
time-carrier,37.15,-0.0011782486755675331,-0.0011782647559616271
time-carrier,37.175000000000004,-0.0011766112221171855,-0.0011765976133728832
time-carrier,37.2,-0.0011747765074201116,-0.001174786732601591
time-carrier,37.225,-0.0011727415564763875,-0.001172735611245227
time-carrier,37.25,-0.0011705061890857663,-0.0011705070085143918
time-carrier,37.275,-0.0011680683738963483,-0.0011680734387226274
time-carrier,37.300000000000004,-0.0011654272528461322,-0.0011654156702270374
time-carrier,37.325,-0.0011625818141899082,-0.0011626003864447032
time-carrier,37.35,-0.00115953049975632,-0.0011595046623343662
time-carrier,37.375,-0.0011562733157633731,-0.0011563064666329165
time-carrier,37.4,-0.001152808059390999,-0.001152767799779816
time-carrier,37.425000000000004,-0.001149135677038436,-0.0011491825685371055
time-carrier,37.45,-0.0011452534466634679,-0.0011452006835948405
time-carrier,37.475,-0.001141163114837547,-0.0011412207032573227
time-carrier,37.5,-0.0011368616158240845,-0.0011368005270114868
time-carrier,37.525,-0.001132351318938984,-0.0011324143216776433
time-carrier,37.550000000000004,-0.001127629011662504,-0.001127565915694319
time-carrier,37.575,-0.0011226975020534587,-0.0011227586734162
time-carrier,37.6,-0.0011175536178993964,-0.0011174965399992508
time-carrier,37.625,-0.0011122004447018036,-0.0011122511633592529
time-carrier,37.65,-0.0011066350023633627,-0.001106592944982096
time-carrier,37.675000000000004,-0.0011008605349096077,-0.001100891658215165
time-carrier,37.7,-0.0010948743582271361,-0.0010948563441452713
time-carrier,37.725,-0.0010886798028588145,-0.0010886826994251934
time-carrier,37.75,-0.001082274540393731,-0.0010822885349600108
time-carrier,37.775,-0.0010756619508792682,-0.0010756295904849414
time-carrier,37.800000000000004,-0.0010688400960040096,-0.0010688919394701
time-carrier,37.825,-0.0010618123791696235,-0.0010617403437569123
time-carrier,37.85,-0.0010545772882293164,-0.001054669774600905
time-carrier,37.875,-0.0010471382073049113,-0.0010470254914996696
time-carrier,37.9,-0.0010394941129624766,-0.0010396263373992154
time-carrier,37.925000000000004,-0.0010316482912416834,-0.0010314977842766208
time-carrier,37.95,-0.0010236003085029063,-0.001023767373553988
time-carrier,37.975,-0.0010153532349279721,-0.001015171814575068
time-carrier,38.0,-0.0010069073588418744,-0.0010071004858252222
time-carrier,38.025,-0.0009982653954624789,-0.000998063612174773
time-carrier,38.050000000000004,-0.000989428491340182,-0.000989635533677632
time-carrier,38.075,-0.0009803988806534748,-0.0009801902596394876
time-carrier,38.1,-0.0009711786695164171,-0.0009713849769718183
time-carrier,38.125,-0.0009617695381612504,-0.0009615695716517823
time-carrier,38.15,-0.0009521745811753941,-0.0009523641244703257
time-carrier,38.175000000000004,-0.0009423949362125796,-0.0009422198716080928
time-carrier,38.2,-0.0009324346214951815,-0.0009325912598809365
time-carrier,38.225,-0.0009222943364242682,-0.0009221598853371179
time-carrier,38.25,-0.0009119788699546288,-0.0009120876332380555
time-carrier,38.275,-0.0009014886600462111,-0.0009014087565331047
time-carrier,38.300000000000004,-0.0008908290597866164,-0.0008908773204496881
time-carrier,38.325,-0.0008800004489505198,-0.0008799861737982764
time-carrier,38.35,-0.0008690085387706739,-0.0008689869678570155
time-carrier,38.375,-0.0008578538224534662,-0.0008579125866795845
time-carrier,38.4,-0.0008465422207628707,-0.0008464454495572957
time-carrier,38.425000000000004,-0.0008350744301669732,-0.000835209479178146
time-carrier,38.45,-0.0008234565285033388,-0.0008232834720537019
time-carrier,38.475,-0.000811689400283215,-0.0008118996647120775
time-carrier,38.5,-0.0007997793290620401,-0.0007995331632278047
time-carrier,38.525,-0.0007877272817617518,-0.0007880075663197077
time-carrier,38.550000000000004,-0.0007755398640143106,-0.0007752276805081498
time-carrier,38.575,-0.0007632179787897606,-0.0007635594503239711
time-carrier,38.6,-0.0007507686762697457,-0.0007504008671661437
time-carrier,38.625,-0.0007381926764409702,-0.0007385835891307411
time-carrier,38.65,-0.0007254975346999768,-0.000725086976826495
time-carrier,38.675000000000004,-0.0007126837574822453,-0.000713110338596564
time-carrier,38.7,-0.0006997593565301495,-0.0006993204762511685
time-carrier,38.725,-0.0006867247117741274,-0.0006871721257333651
time-carrier,38.75,-0.0006735881261692507,-0.0006731359265062813
time-carrier,38.775,-0.0006603500406239807,-0.0006608033516363286
time-carrier,38.800000000000004,-0.0006470188085388451,-0.0006465679345140692
time-carrier,38.825,-0.0006335951590000218,-0.0006340402216828031
time-carrier,38.85,-0.0006200872550413747,-0.0006196511612153828
time-carrier,38.875,-0.0006064962977146375,-0.0006069205193218013
time-carrier,38.9,-0.0005928301015188807,-0.0005924203699310824
time-carrier,38.925000000000004,-0.0005790904064110989,-0.0005794833410508936
time-carrier,38.95,-0.0005652846592675461,-0.0005649104985077729
time-carrier,38.975,-0.000551415056298583,-0.0005517688092417279
time-carrier,39.0,-0.0005374888017174059,-0.0005371567404878752
time-carrier,39.025,-0.0005235083404115064,-0.0005238177773665276
time-carrier,39.050000000000004,-0.0005094808504362571,-0.000509194623041902
time-carrier,39.075,-0.00049540876889995,-0.000495671539669431
time-carrier,39.1,-0.00048129946347364746,-0.00048106007171023145
time-carrier,39.125,-0.00046715515784684754,-0.00046737155531395585
time-carrier,39.15,-0.00045298352784183264,-0.0004527894538606463
time-carrier,39.175000000000004,-0.00043878651202968084,-0.0004389591954429246
time-carrier,39.2,-0.00042457205557157806,-0.00042441959400714836
time-carrier,39.225,-0.000410341904322416,-0.0004104755204089628
time-carrier,39.25,-0.0003961040808622774,-0.0003959877556705355
time-carrier,39.275,-0.00038186035581395255,-0.00038196109268777916
time-carrier,39.300000000000004,-0.00036761855509728975,-0.00036753158651379927
time-carrier,39.325,-0.0003533807208365919,-0.0003534558282237484
time-carrier,39.35,-0.0003391542371832867,-0.00033908902672398245
time-carrier,39.375,-0.00032494157945293044,-0.0003249988854688201
time-carrier,39.4,-0.0003107495790320436,-0.0003106981845459062
time-carrier,39.425000000000004,-0.0002965811372589614,-0.0002966285872665565
time-carrier,39.45,-0.0002824426086203364,-0.0002823971865103485
time-carrier,39.475,-0.00026833712995124725,-0.00026838236756355675
time-carrier,39.5,-0.0002542708151647789,-0.0002542240125235222
time-carrier,39.525,-0.00024024672852458392,-0.00024029673327212583
time-carrier,39.550000000000004,-0.0002262710414420108,-0.00022621632631730104
time-carrier,39.575,-0.00021234644160304024,-0.00021240723243596133
time-carrier,39.6,-0.0001984793867028133,-0.0001984113096432711
time-carrier,39.625,-0.00018467201378581254,-0.00018474842312292845
time-carrier,39.65,-0.00017093112043567536,-0.00017084550466267708
time-carrier,39.675000000000004,-0.00015725832229315304,-0.00015735384148216856
time-carrier,39.7,-0.00014366060402132063,-0.00014355466481353035
time-carrier,39.725,-0.0001301392768984409,-0.00013025597119643525
time-carrier,39.75,-0.000116701215300188,-0.00011657361162023597
time-carrier,39.775,-0.00010334772896348994,-0.0001034862181777484
time-carrier,39.800000000000004,-9.008527144804722e-05,-8.993609429823979e-05
time-carrier,39.825,-7.691539374997783e-05,-7.707489358463829e-05
time-carrier,39.85,-6.38439483078695e-05,-6.367465101939161e-05
time-carrier,39.875,-5.0872786429468615e-05,-5.105120515021282e-05
time-carrier,39.9,-3.800719827094003e-05,-3.782047430669383e-05
time-carrier,39.925000000000004,-2.5249168431070328e-05,-2.5443253238564264e-05
time-carrier,39.95,-1.2603672209887364e-05,-1.2403285967230105e-05
time-carrier,39.975,-7.249799656178592e-08,-2.780256353537699e-07
time-carrier,40.0,1.2339347870471537e-05,1.254877169931911e-05
time-carrier,40.025,2.4630620717705926e-05,2.44186146441328e-05
time-carrier,40.050000000000004,3.67960007242134e-05,3.700922368101557e-05
time-carrier,40.075,4.883499245019166e-05,4.862195128814182e-05
time-carrier,40.1,6.074188193591586e-05,6.0953328041467116e-05
time-carrier,40.125,7.251688737397752e-05,7.230844490003517e-05
time-carrier,40.15,8.41540684287678e-05,8.435812300293745e-05
time-carrier,40.175000000000004,9.56540930732916e-05,9.545576651278516e-05
time-carrier,40.2,0.00010701113864694069,0.00010720246106042884
time-carrier,40.225,0.00011822595449271649,0.00011804282871332381
time-carrier,40.25,0.0001292931951471133,0.00012946703469891749
time-carrier,40.275,0.00014021339678973833,0.00014004981158128067
time-carrier,40.300000000000004,0.00015098189230280755,0.0001511343941788506
time-carrier,40.325,0.00016159893113253468,0.00016145818601206966
time-carrier,40.35,0.000172060466489613,0.00017218895195847576
time-carrier,40.375,0.0001823666489662238,0.0001822507424082032
time-carrier,40.4,0.00019251376123254443,0.000192616964247257
time-carrier,40.425000000000004,0.0002025022133351925,0.00020241163531964007
time-carrier,40.45,0.00021232823919280008,0.00021240647971002715
time-carrier,40.475,0.00022199285478913892,0.00022192645257638831
time-carrier,40.5,0.00023149197575066683,0.0002315472499543459
time-carrier,40.525,0.00024082737439535588,0.00024078231095546387
time-carrier,40.550000000000004,0.0002499946353661171,0.00025003060430418524
time-carrier,40.575,0.00025899614987158536,0.00025896797197577415
time-carrier,40.6,0.0002678274379107146,0.0002678492996199781
time-carrier,40.625,0.00027649113619995395,0.0002764739642618684
time-carrier,40.65,0.00028498312495494704,0.00028499736139819056
time-carrier,40.675000000000004,0.00029330585155131964,0.00029329269596326576
time-carrier,40.7,0.00030145593384776963,0.00030146993264017387
time-carrier,40.725,0.00030943534415674547,0.00030941854275553057
time-carrier,40.75,0.00031724158110392,0.0003172631431711638
time-carrier,40.775,0.0003248761428874002,0.00032484790218486047
time-carrier,40.800000000000004,0.000332337249278148,0.0003323740064103622
time-carrier,40.825,0.0003396262008887662,0.0003395792103522123
time-carrier,40.85,0.00034674156688601574,0.0003468003466283888
time-carrier,40.875,0.00035368484346977693,0.0003536129189365342
time-carrier,40.9,0.00036045457211863135,0.0003605407600020814
time-carrier,40.925000000000004,0.00036705272767523456,0.00036695142838558055
time-carrier,40.95,0.000373477657165667,0.00037359461629993376
time-carrier,40.975,0.0003797318130140182,0.0003795989689807631
time-carrier,41.0,0.0003858134987076268,0.00038596211192230026
time-carrier,41.025,0.00039172533477461796,0.00039156141904241927
time-carrier,41.050000000000004,0.0003974659862310243,0.0003976443846759814
time-carrier,41.075,0.0004030377680974324,0.0004028460535224015
time-carrier,41.1,0.00040844016001981314,0.0004086436927314693
time-carrier,41.125,0.00041367477386800776,0.0004134612279269893
time-carrier,41.15,0.0004187421645791083,0.0004189636455013359
time-carrier,41.175000000000004,0.00042364312609283585,0.00042341601946286836
time-carrier,41.2,0.0004283792136795162,0.0004286094560967126
time-carrier,41.225,0.00043295062960725336,0.00043271986439837767
time-carrier,41.25,0.0004373595555119678,0.0004375881709095128
time-carrier,41.275,0.00044160604190925383,0.0004413822405915981
time-carrier,41.300000000000004,0.0004456924250700425,0.00044590882699691877
time-carrier,41.325,0.00044961901052161717,0.00044941244296150206
time-carrier,41.35,0.00045338797677630505,0.0004535824953053626
time-carrier,41.375,0.00045700002836399154,0.00045681948682095775
time-carrier,41.4,0.0004604572010654111,0.00046062218489607083
time-carrier,41.425000000000004,0.00046376039894081394,0.0004636121538722917
time-carrier,41.45,0.0004669118376141657,0.0004670426048684119
time-carrier,41.475,0.0004699121969488443,0.0004697991743089048
time-carrier,41.5,0.00047276430030203696,0.00047285980046075086
time-carrier,41.525,0.0004754682118591614,0.0004753895212390509
time-carrier,41.550000000000004,0.000478027622823323,0.0004780906940287625
time-carrier,41.575,0.00048044187153466336,0.0004803927818468368
time-carrier,41.6,0.00048271542232627344,0.000482752571380421
time-carrier,41.625,0.00048484715471527916,0.000484819561690933
time-carrier,41.65,0.0004868418680646542,0.0004868625611406311
time-carrier,41.675000000000004,0.0004886985085956168,0.000488681870977508
time-carrier,41.7,0.0004904216389817428,0.0004904371627219781
time-carrier,41.725,0.000492010785803087,0.0004919934337387958
time-carrier,41.75,0.0004934698606341961,0.00049349188566399
time-carrier,41.775,0.0004947992048010779,0.0004947698559568633
time-carrier,41.800000000000004,0.0004960020244923556,0.0004960410637011855
time-carrier,41.825,0.0004970793245718624,0.0004970285938724524
time-carrier,41.85,0.0004980339043019783,0.0004980978940013914
time-carrier,41.875,0.0004988670162664983,0.0004987886859189392
time-carrier,41.9,0.0004995814872433007,0.0004996747202526611
time-carrier,41.925000000000004,0.0005001784167958434,0.0005000702521770501
time-carrier,41.95,0.0005006609305205241,0.0005007835305139706
time-carrier,41.975,0.0005010298606065356,0.0005008938173576422
time-carrier,42.0,0.0005012885397484596,0.0005014365880897642
time-carrier,42.025,0.000501437800431678,0.0005012795626165314
time-carrier,42.050000000000004,0.000501480753277194,0.0005016470719888186
time-carrier,42.075,0.0005014187361150051,0.0005012466411620256
time-carrier,42.1,0.0005012541134310299,0.0005014295888053821
time-carrier,42.125,0.0005009891675531609,0.0005008126905813151
time-carrier,42.15,0.0005006252143793101,0.0005008004373802472
time-carrier,42.175000000000004,0.0005001655747820681,0.0004999936387917943
time-carrier,42.2,0.0004996106318638547,0.0004997775576150539
time-carrier,42.225,0.0004989644126481682,0.0004988038396485163
time-carrier,42.25,0.000498226852896282,0.0004983801621888826
time-carrier,42.275,0.000497402099250912,0.0004972565050256203
time-carrier,42.300000000000004,0.0004964902256301721,0.0004966281167772662
time-carrier,42.325,0.0004954949820421663,0.0004953643394928798
time-carrier,42.35,0.0004944169388786987,0.000494541185521089
time-carrier,42.375,0.0004932592804400535,0.0004931402441507736
time-carrier,42.4,0.0004920230237042707,0.0004921382853963251
time-carrier,42.425000000000004,0.0004907110201659121,0.0004905979424347829
time-carrier,42.45,0.0004893243564881824,0.0004894368934000719
time-carrier,42.475,0.0004878659818628424,0.0004877523935853092
time-carrier,42.5,0.00048633664273379303,0.00048645272528301204
time-carrier,42.525,0.00048473967943129474,0.00048461989631576975
time-carrier,42.550000000000004,0.0004830753740331093,0.00048319975635724096
time-carrier,42.575,0.0004813473660482925,0.00048121784397110056
time-carrier,42.6,0.0004795557693616107,0.00047969058673142956
time-carrier,42.625,0.0004777040493833086,0.0004775641681086063
time-carrier,42.65,0.0004757927236650154,0.0004759370733651991
time-carrier,42.675000000000004,0.0004738244919486511,0.0004736765877386953
time-carrier,42.7,0.0004718007842877519,0.00047195107555203915
time-carrier,42.725,0.0004697231830543921,0.00046957184649460516
time-carrier,42.75,0.00046759415930089197,0.0004677451126237936
time-carrier,42.775,0.00046541428838525723,0.000465265144451411
time-carrier,42.800000000000004,0.0004631867421755968,0.0004633327368957884
time-carrier,42.825,0.0004609115994793366,0.0004607699351734076
time-carrier,42.85,0.00045859212721417107,0.0004587284934934434
time-carrier,42.875,0.00045622850745762874,0.0004560981597844111
time-carrier,42.9,0.0004538235966964636,0.00045394746158105247
time-carrier,42.925000000000004,0.00045137801094909515,0.0004512608518678209
time-carrier,42.95,0.0004488940803921277,0.0004490045135803713
time-carrier,42.975,0.0004463727466567712,0.00044626891410157947
time-carrier,43.0,0.00044381610787352525,0.00044391353898303685
time-carrier,43.025,0.00044122501641349833,0.00044113379197848146
time-carrier,43.050000000000004,0.00043860178050859807,0.0004386869111880781
time-carrier,43.075,0.00043594678748101246,0.0004358677879744418
time-carrier,43.1,0.0004332627784602494,0.00043333540705568074
time-carrier,43.125,0.0004305496613243547,0.00043048387479206784
time-carrier,43.15,0.00042781039536611613,0.00042786863552394177
time-carrier,43.175000000000004,0.0004250448287752963,0.00042499504476761687
time-carrier,43.2,0.0004222555750626274,0.0004222958441909157
time-carrier,43.225,0.0004194430402292164,0.000419413411929105
time-carrier,43.25,0.0004166089233820609,0.000416626818385748
time-carrier,43.275,0.0004137546109108578,0.00041374939713474803
time-carrier,43.300000000000004,0.0004108806853893139,0.00041087252559364896
time-carrier,43.325,0.00040798945826674556,0.00040801132847309584
time-carrier,43.35,0.00040508070300550796,0.0004050452188658613
time-carrier,43.375,0.00040215714674609053,0.0004022056690410153
time-carrier,43.4,0.0003992183827351507,0.0003991578840919461
time-carrier,43.425000000000004,0.000396266910251673,0.00039633787411638385
time-carrier,43.45,0.00039330269766519173,0.00039322314859768055
time-carrier,43.475,0.00039032763800964673,0.0003904136436093476
time-carrier,43.5,0.00038734222488901615,0.0003872519883127381
time-carrier,43.525,0.0003843478357745628,0.00038444015220604177
time-carrier,43.550000000000004,0.00038134519515117327,0.00038125269972972745
time-carrier,43.575,0.00037833559254550045,0.0003784267799386014
time-carrier,43.6,0.00037531952282571224,0.00037523058234854026
time-carrier,43.625,0.0003722985801851208,0.0003723849723000367
time-carrier,43.65,0.0003692727981808863,0.0003691885867153929
time-carrier,43.675000000000004,0.00036624409086597544,0.00036632712459972713
time-carrier,43.7,0.00036321225109174377,0.0003631288588976647
time-carrier,43.725,0.000360179090378635,0.0003602647448491199
time-carrier,43.75,0.00035714471669335705,0.00035705474705308117
time-carrier,43.775,0.0003541102536907679,0.000354206486178827
time-carrier,43.800000000000004,0.0003510766331761083,0.0003509725633143742
time-carrier,43.825,0.00034804396150285013,0.00034815681395961403
time-carrier,43.85,0.0003450140796789007,0.00034489234654743877
time-carrier,43.875,0.0003419862646863385,0.00034211597483896507
time-carrier,43.9,0.00033896283337906514,0.00033882712200678124
time-carrier,43.925000000000004,0.00033594284750795443,0.0003360815401766676
time-carrier,43.95,0.0003329284105126819,0.0003327906682952705
time-carrier,43.975,0.0003299190223266077,0.00033005120291890145
time-carrier,44.0,0.0003269160672878417,0.00032679442070306043
time-carrier,44.025,0.0003239197663380359,0.00032402592526310905
time-carrier,44.050000000000004,0.00032093076571018024,0.00032084461974319907
time-carrier,44.075,0.0003179497802476623,0.00031801221812669005
time-carrier,44.1,0.00031497713558798743,0.00031494091637615957
time-carrier,44.125,0.00031201353227405744,0.00031202247601856806
time-carrier,44.15,0.00030905946745018515,0.00030907725014279346
time-carrier,44.175000000000004,0.00030611526133806125,0.00030607291950006507
time-carrier,44.2,0.00030318174859998443,0.0003032450011319199
time-carrier,44.225,0.0003002589434929058,0.0003001796278451159
time-carrier,44.25,0.00029734772238610823,0.00029743746172324336
time-carrier,44.275,0.00029444825354228824,0.00029435402311343703
time-carrier,44.300000000000004,0.0002915609328196727,0.0002916539731540364
time-carrier,44.325,0.00028868655811483546,0.0002885996002646954
time-carrier,44.35,0.00028582472697840137,0.00028590197315203256
time-carrier,44.375,0.0002829769532538578,0.00028291142592375054
time-carrier,44.4,0.00028014221932826897,0.00028019584229099954
time-carrier,44.425000000000004,0.0002773223258206818,0.0002772789601483961
time-carrier,44.45,0.00027451625121612113,0.00027455265061630715
time-carrier,44.475,0.00027172539917037796,0.00027169140960721887
time-carrier,44.5,0.00026894938343383806,0.0002689862475836769
time-carrier,44.525,0.00026618873458493996,0.0002661436296511023
time-carrier,44.550000000000004,0.00026344393500976057,0.0002635020387516723
time-carrier,44.575,0.00026071469331736684,0.00026064010080129615
time-carrier,44.6,0.00025800204609227465,0.0002580947944888567
time-carrier,44.625,0.00025530539435841566,0.00025519502773160786
time-carrier,44.65,0.0002526257237279452,0.0002527508100015843
time-carrier,44.675000000000004,0.00024996270686642743,0.00024982806021305157
time-carrier,44.7,0.0002473168417641617,0.0002474539894877872
time-carrier,44.725,0.00024468828972488364,0.00024455700433756076
time-carrier,44.75,0.00024207710139387143,0.00024219363523088463
time-carrier,44.775,0.00023948365401107945,0.00023939040271490181
time-carrier,44.800000000000004,0.00023690798941670128,0.00023697068225959656
time-carrier,44.825,0.0002343502057322613,0.0002343232819849865
time-carrier,44.85,0.00023181077359389596,0.00023179941122111416
time-carrier,44.875,0.00022928924104914262,0.0002293383458062662
time-carrier,44.9,0.00022678654540247512,0.00022670335498165816
time-carrier,44.925000000000004,0.000224301903362238,0.00022441269255886093
time-carrier,44.95,0.00022183628278440903,0.00022170661158003822
time-carrier,44.975,0.0002193891421551261,0.00021952761116914035
time-carrier,45.0,0.00021696088878010389,0.00021682403752614396
time-carrier,45.025,0.00021455171271062874,0.0002146772958286319
time-carrier,45.050000000000004,0.0002121611801564056,0.00021205471864589628
time-carrier,45.075,0.0002097902236831305,0.00020987235054438697
time-carrier,45.1,0.00020743783968930226,0.00020738207101368345
time-carrier,45.125,0.00020510520094645758,0.00020513595662062018
time-carrier,45.15,0.0002027913750347222,0.0002027811430121927
time-carrier,45.175000000000004,0.00020049712227024406,0.00020049384980079366
time-carrier,45.2,0.0001982221225909011,0.00019823029241806888
time-carrier,45.225,0.00019596639984935268,0.00019596236413429216
time-carrier,45.25,0.0001937302988343639,0.00019372199253311575
time-carrier,45.275,0.00019151332929383773,0.00019154018407220965
time-carrier,45.300000000000004,0.00018931606316870342,0.00018926741069218275
time-carrier,45.325,0.00018713805089696413,0.00018720818999767885
time-carrier,45.35,0.0001849795464337336,0.00018489195072750428
time-carrier,45.375,0.0001828405593249493,0.0001829381874386133
time-carrier,45.4,0.0001807208264481374,0.0001806231972601623
time-carrier,45.425000000000004,0.0001786207584535362,0.00017870691801822567
time-carrier,45.45,0.00017653987523362228,0.00017647668101182756
time-carrier,45.475,0.0001744785207608713,0.00017450871766028025
time-carrier,45.5,0.00017243652582253098,0.00017244652068520237
time-carrier,45.525,0.00017041370630983878,0.0001703602389217544
time-carrier,45.550000000000004,0.0001684104907718911,0.00016850617121508363
time-carrier,45.575,0.00016642612918943498,0.00016629411274510624
time-carrier,45.6,0.0001644614217263722,0.000164619783238023
time-carrier,45.625,0.00016251550290152534,0.0001623438595496264
time-carrier,45.65,0.00016058896448213752,0.00016075921786281943
time-carrier,45.675000000000004,0.00015868141416877036,0.0001585271214991568
time-carrier,45.7,0.00015679276701484804,0.0001569183694771035
time-carrier,45.725,0.00015492335145683595,0.00015483578424174615
time-carrier,45.75,0.0001530724364962979,0.0001531171448715338
time-carrier,45.775,0.0001512407687784772,0.0001512386525251114
time-carrier,45.800000000000004,0.00014942748398722393,0.00014939227527637842
time-carrier,45.825,0.00014763313511151655,0.0001476961537485628
time-carrier,45.85,0.00014585730656927108,0.00014577891213936534
time-carrier,45.875,0.00014409993097765176,0.00014418008434135537
time-carrier,45.9,0.00014236122536371784,0.0001422921990007024
time-carrier,45.925000000000004,0.0001406405977641926,0.0001406881706757957
time-carrier,45.95,0.00013893855087844257,0.00013891871348980419
time-carrier,45.975,0.00013725448527838593,0.00013724527233000244
time-carrier,46.0,0.00013558862344395387,0.0001356230189161881
time-carrier,46.025,0.00013394084483736772,0.00013388977593575298
time-carrier,46.050000000000004,0.00013231079699961473,0.0001323666293252146
time-carrier,46.075,0.00013069887664244717,0.00013065181283058785
time-carrier,46.1,0.00012910438275551004,0.0001291295980890443
time-carrier,46.125,0.00012752779346486966,0.00012753498064990997
time-carrier,46.15,0.00012596860354157505,0.00012592275479586843
time-carrier,46.175000000000004,0.0001244268482919194,0.00012451212929217635
time-carrier,46.2,0.0001229026008939419,0.00012278302720795112
time-carrier,46.225,0.00012139530412693032,0.00012153855907728616
time-carrier,46.25,0.00011990549126150826,0.00011975337447132793
time-carrier,46.275,0.00011843237414486602,0.00011857625622284661
time-carrier,46.300000000000004,0.0001169764248925449,0.00011685781585653803
time-carrier,46.325,0.00011553718644298673,0.00011561595049085776
time-carrier,46.35,0.00011411459793978682,0.00011408565700042091
time-carrier,46.375,0.0001127088065729902,0.00011268406374146907
time-carrier,46.4,0.00011131920858750661,0.00011139470161226278
time-carrier,46.425000000000004,0.00010994630063622928,0.00010982949177531667
time-carrier,46.45,0.00010858939719487599,0.00010873283164785196
time-carrier,46.475,0.00010724878554283262,0.0001070966385937062
time-carrier,46.5,0.00010592422480351547,0.00010606648239600023
time-carrier,46.525,0.00010461542367554205,0.00010449968225188861
time-carrier,46.550000000000004,0.00010332271115249948,0.00010339967731993682
time-carrier,46.575,0.00010204536764739564,0.00010201331601270506
time-carrier,46.6,0.00010078390080750015,0.00010077185026978195
time-carrier,46.625,9.953770512507671e-05,9.95863260502429e-05
time-carrier,46.65,9.830690049937163e-05,9.823468310310262e-05
time-carrier,46.675000000000004,9.709145411428037e-05,9.717099095254916e-05
time-carrier,46.7,9.589085573153743e-05,9.582090247520324e-05
time-carrier,46.725,9.470561459194393e-05,9.47512535930037e-05
time-carrier,46.75,9.353488839512559e-05,9.352364843160829e-05
time-carrier,46.775,9.237923220147713e-05,9.235237798845638e-05
time-carrier,46.800000000000004,9.123805186153786e-05,9.129958904531446e-05
time-carrier,46.825,9.011141853191875e-05,9.002526691719903e-05
time-carrier,46.85,8.899934485442931e-05,8.909495239106899e-05
time-carrier,46.875,8.79013109930732e-05,8.78140413313704e-05
time-carrier,46.9,8.681777262487127e-05,8.687923486384963e-05
time-carrier,46.925000000000004,8.57480094791626e-05,8.572651135515429e-05
time-carrier,46.95,8.469240130000624e-05,8.466561554247954e-05
time-carrier,46.975,8.365054798539376e-05,8.372647135329101e-05
time-carrier,47.0,8.262235730041724e-05,8.250434843403494e-05
time-carrier,47.025,8.160792771599606e-05,8.175391879494956e-05
time-carrier,47.050000000000004,8.060677333931504e-05,8.045191239581155e-05
time-carrier,47.075,7.961918206368178e-05,7.976171336301402e-05
time-carrier,47.1,7.864473160506738e-05,7.853447753325514e-05
time-carrier,47.125,7.768341448413902e-05,7.774590752767494e-05
time-carrier,47.15,7.673525732134574e-05,7.67289977974211e-05
time-carrier,47.175000000000004,7.579977464731374e-05,7.57497840043842e-05
time-carrier,47.2,7.487736989922442e-05,7.497509362447573e-05
time-carrier,47.225,7.396739508373844e-05,7.383766135461364e-05
time-carrier,47.25,7.307014547814375e-05,7.321149523829716e-05
time-carrier,47.275,7.218534748678223e-05,7.205411181038457e-05
time-carrier,47.300000000000004,7.131273320585155e-05,7.141437033379684e-05
time-carrier,47.325,7.045266032185184e-05,7.03946378499905e-05
time-carrier,47.35,6.960430981184735e-05,6.961247725814694e-05
time-carrier,47.375,6.87683832711683e-05,6.880755222992476e-05
time-carrier,47.4,6.794401383909529e-05,6.786825866242277e-05
time-carrier,47.425000000000004,6.713164008456076e-05,6.722696463561226e-05
time-carrier,47.45,6.633092040753563e-05,6.62362341968871e-05
time-carrier,47.475,6.554162159667095e-05,6.561592955489485e-05
time-carrier,47.5,6.476408043643402e-05,6.472582229815204e-05
time-carrier,47.525,6.399752541480895e-05,6.399103026823513e-05
time-carrier,47.550000000000004,6.324258865806086e-05,6.329390341878415e-05
time-carrier,47.575,6.249849820865862e-05,6.241105309231953e-05
time-carrier,47.6,6.176561819606274e-05,6.187322820468359e-05
time-carrier,47.625,6.104363386001125e-05,6.0936263364525406e-05
time-carrier,47.65,6.033239068990382e-05,6.041838254987379e-05
time-carrier,47.675000000000004,5.963202832334333e-05,5.958537626407092e-05
time-carrier,47.7,5.894211146570862e-05,5.893805098547529e-05
time-carrier,47.725,5.826283885520357e-05,5.832012204659558e-05
time-carrier,47.75,5.759393178814315e-05,5.749047603350304e-05
time-carrier,47.775,5.6935291646538005e-05,5.706934866784853e-05
time-carrier,47.800000000000004,5.628697390534917e-05,5.61437871496477e-05
time-carrier,47.825,5.564863136604944e-05,5.577732907812525e-05
time-carrier,47.85,5.502039431322222e-05,5.492773464908857e-05
time-carrier,47.875,5.440206227463475e-05,5.444311798379284e-05
time-carrier,47.9,5.3793423332706514e-05,5.3810671927270674e-05
time-carrier,47.925000000000004,5.3194738966064026e-05,5.312265259389489e-05
time-carrier,47.95,5.2605341697828136e-05,5.2719179037305104e-05
time-carrier,47.975,5.202581720298912e-05,5.1890614378082215e-05
time-carrier,48.0,5.1455415432195054e-05,5.158799001262049e-05
time-carrier,48.025,5.089451693894488e-05,5.078778344813659e-05
time-carrier,48.050000000000004,5.034285160278301e-05,5.04055869120293e-05
time-carrier,48.075,4.9800136230078675e-05,4.979114474841779e-05
time-carrier,48.1,4.926681890661212e-05,4.922252504858067e-05
time-carrier,48.125,4.874200102841588e-05,4.8829044759129586e-05
time-carrier,48.15,4.8226515318654483e-05,4.81152909710314e-05
time-carrier,48.175000000000004,4.77193970446309e-05,4.783178748692235e-05
time-carrier,48.2,4.7221219598211435e-05,4.713066222938735e-05
time-carrier,48.225,4.6731547736062503e-05,4.6781769500018675e-05
time-carrier,48.25,4.62502782756094e-05,4.625076413477131e-05
time-carrier,48.275,4.577765888030339e-05,4.57262940884995e-05
time-carrier,48.300000000000004,4.5313040945095836e-05,4.5405170875862244e-05
time-carrier,48.325,4.4856986708566184e-05,4.4742549474347125e-05
time-carrier,48.35,4.440880576585917e-05,4.4522357690108386e-05
time-carrier,48.375,4.396886494733474e-05,4.387953982037307e-05
time-carrier,48.4,4.353682602594753e-05,4.358310123958665e-05
time-carrier,48.425000000000004,4.3112666908029625e-05,4.3119923268706705e-05
time-carrier,48.45,4.269636848548148e-05,4.2635646715226673e-05
time-carrier,48.475,4.2287742309221134e-05,4.2391188526604614e-05
time-carrier,48.5,4.1886764017515505e-05,4.1760001838028475e-05
time-carrier,48.525,4.1493392375026924e-05,4.161916416799442e-05
time-carrier,48.550000000000004,4.1107399960600546e-05,4.100702229334071e-05
time-carrier,48.575,4.0728907275502706e-05,4.078427005402066e-05
time-carrier,48.6,4.035766294758796e-05,4.0358174929933734e-05
time-carrier,48.625,3.999362667492167e-05,3.993740085988698e-05
time-carrier,48.65,3.963689155802359e-05,3.9737588089212584e-05
time-carrier,48.675000000000004,3.928695994470898e-05,3.916193940042865e-05
time-carrier,48.7,3.894438898923259e-05,3.9068688140054575e-05
time-carrier,48.725,3.86083427763689e-05,3.8509670585889206e-05
time-carrier,48.75,3.82794855526496e-05,3.8332821414691404e-05
time-carrier,48.775,3.7957171621862754e-05,3.795964550719208e-05
time-carrier,48.800000000000004,3.764158914566715e-05,3.758425072669237e-05
time-carrier,48.825,3.733278169572153e-05,3.7432764981227645e-05
time-carrier,48.85,3.7030171614035804e-05,3.6908570689984534e-05
time-carrier,48.875,3.673449294147395e-05,3.685218111664531e-05
time-carrier,48.9,3.6444701268173e-05,3.6355690563012176e-05
time-carrier,48.925000000000004,3.616168134767611e-05,3.62031634846143e-05
time-carrier,48.95,3.588458538650002e-05,3.5899616354864604e-05
time-carrier,48.975,3.5613807304678666e-05,3.5545065537584073e-05
time-carrier,49.0,3.5349177540829846e-05,3.545757504681367e-05
time-carrier,49.025,3.5090374216746726e-05,3.4964729800119235e-05
time-carrier,49.050000000000004,3.483784136599618e-05,3.495464464251823e-05
time-carrier,49.075,3.459085849605513e-05,3.450718541476634e-05
time-carrier,49.1,3.435000801120771e-05,3.438318915697248e-05
time-carrier,49.125,3.411467859803937e-05,3.4138737794743e-05
time-carrier,49.15,3.388517279773826e-05,3.38091848755187e-05
time-carrier,49.175000000000004,3.366122986350471e-05,3.3772894385622415e-05
time-carrier,49.2,3.34428388838052e-05,3.331922466718109e-05
time-carrier,49.225,3.322994540082167e-05,3.333939227332695e-05
time-carrier,49.25,3.3022468409377166e-05,3.295007692646228e-05
time-carrier,49.275,3.282031881471256e-05,3.28409375116183e-05
time-carrier,49.300000000000004,3.2623491117242044e-05,3.265800575772393e-05
time-carrier,49.325,3.243186673929622e-05,3.235093817334691e-05
time-carrier,49.35,3.2245358564237574e-05,3.2353819220209715e-05
time-carrier,49.375,3.2064073525355255e-05,3.195296545861227e-05
time-carrier,49.4,3.18875831616733e-05,3.1975957292109973e-05
time-carrier,49.425000000000004,3.171637999150206e-05,3.167096732408592e-05
time-carrier,49.45,3.154971680546003e-05,3.154164094309793e-05
time-carrier,49.475,3.138823159815911e-05,3.144819884799539e-05
time-carrier,49.5,3.1231288243261426e-05,3.113289129274305e-05
time-carrier,49.525,3.107913731468349e-05,3.119355207109859e-05
time-carrier,49.550000000000004,3.0931764363362744e-05,3.082774522918443e-05
time-carrier,49.575,3.07886757655984e-05,3.085778535508448e-05
time-carrier,49.6,3.065057904759467e-05,3.0633448638228696e-05
time-carrier,49.625,3.051643721746982e-05,3.04759060505876e-05
time-carrier,49.65,3.0387205026519893e-05,3.04782540960528e-05
time-carrier,49.675000000000004,3.0261956004145026e-05,3.013894191607647e-05
time-carrier,49.7,3.0141198723995127e-05,3.027020227961242e-05
time-carrier,49.725,3.0024699695911256e-05,2.991741625250372e-05
time-carrier,49.75,2.991217351968135e-05,2.9974422778060487e-05
time-carrier,49.775,2.980412571824468e-05,2.9800633064960106e-05
time-carrier,49.800000000000004,2.9699727616063654e-05,2.9643418142783183e-05
time-carrier,49.825,2.9599749528677055e-05,2.9703966172415582e-05
time-carrier,49.85,2.9503396732109694e-05,2.9373473337842603e-05
time-carrier,49.875,2.9411158888857478e-05,2.9539235170392325e-05
time-carrier,49.9,2.9322674579106843e-05,2.9223197868549665e-05
time-carrier,49.925000000000004,2.9237965285374173e-05,2.9288852245294144e-05
time-carrier,49.95,2.915707430747521e-05,2.916359948583103e-05
time-carrier,49.975,2.907974675565497e-05,2.901999339110882e-05
time-carrier,50.0,2.9006165030530084e-05,2.9103109696159744e-05
time-carrier,50.025,2.89360407454958e-05,2.8825914836840613e-05
time-carrier,50.050000000000004,2.8869548574998206e-05,2.8966577865438934e-05
time-carrier,50.075,2.8806388659030786e-05,2.8744801918850048e-05
time-carrier,50.1,2.8746807919870513e-05,2.8759777878808605e-05
time-carrier,50.125,2.8690377252982655e-05,2.8726983677561405e-05
time-carrier,50.15,2.863748879985421e-05,2.8562680763645737e-05
time-carrier,50.175000000000004,2.858762728634702e-05,2.8679770186129247e-05
time-carrier,50.2,2.8541137262223228e-05,2.8456878062666528e-05
time-carrier,50.225,2.8497740548280015e-05,2.8550766011497203e-05
time-carrier,50.25,2.8457351256032607e-05,2.8451227549127536e-05
time-carrier,50.275,2.842026567495402e-05,2.8375503580895976e-05
time-carrier,50.300000000000004,2.8385785015847225e-05,2.84725281705882e-05
time-carrier,50.325,2.835472649534817e-05,2.8245878186462767e-05
time-carrier,50.35,2.832609375486927e-05,2.8430818740424833e-05
time-carrier,50.375,2.830068947230541e-05,2.8226426012323715e-05
time-carrier,50.4,2.82778721432384e-05,2.830161167028586e-05
time-carrier,50.425000000000004,2.825780140867135e-05,2.829337966260393e-05
time-carrier,50.45,2.8240651312701018e-05,2.8150609894582527e-05
time-carrier,50.475,2.822575528986598e-05,2.8352596417618023e-05
time-carrier,50.5,2.8213961606385132e-05,2.807689442907569e-05
time-carrier,50.525,2.8204214661101285e-05,2.8322083396330905e-05
time-carrier,50.550000000000004,2.819740098977519e-05,2.8124213087354413e-05
time-carrier,50.575,2.8192769769138545e-05,2.820564622377573e-05
time-carrier,50.6,2.8190643038581658e-05,2.824024705190987e-05
time-carrier,50.625,2.819096624402655e-05,2.8090612934184443e-05
time-carrier,50.65,2.8193379996572107e-05,2.832169385170332e-05
time-carrier,50.675000000000004,2.819837377710392e-05,2.807050561168102e-05
time-carrier,50.7,2.8205260784892384e-05,2.830538145012852e-05
time-carrier,50.725,2.8214625082552266e-05,2.816207519591596e-05
time-carrier,50.75,2.8225883636242527e-05,2.8222998993807696e-05
time-carrier,50.775,2.823939186761516e-05,2.8292107861479652e-05
time-carrier,50.800000000000004,2.8254841694954756e-05,2.816955130591628e-05
time-carrier,50.825,2.827233270453555e-05,2.8365944970689128e-05
time-carrier,50.85,2.829176500425883e-05,2.821475829929891e-05
time-carrier,50.875,2.831307337115516e-05,2.835425773311292e-05
time-carrier,50.9,2.8336312825224852e-05,2.833961995199255e-05
time-carrier,50.925000000000004,2.8361237410757244e-05,2.8317381859528688e-05
time-carrier,50.95,2.838813154525266e-05,2.8457210891579514e-05
time-carrier,50.975,2.841648425021364e-05,2.8344676472567922e-05
time-carrier,51.0,2.844683443189888e-05,2.849781679898927e-05
time-carrier,51.025,2.8478503032586784e-05,2.846651866044762e-05
time-carrier,51.050000000000004,2.8512033732400032e-05,2.8477324463680257e-05
time-carrier,51.075,2.854696341627439e-05,2.8623175959277297e-05
time-carrier,51.1,2.8583391672965207e-05,2.8482808926701403e-05
time-carrier,51.125,2.8621479272900547e-05,2.872146252353761e-05
time-carrier,51.15,2.8660628859405335e-05,2.8587789591808504e-05
time-carrier,51.175000000000004,2.8701633309488105e-05,2.872605048643098e-05
time-carrier,51.2,2.8743471003849447e-05,2.877781589711954e-05
time-carrier,51.225,2.8787045580962907e-05,2.8697564516760353e-05
time-carrier,51.25,2.883158352167755e-05,2.895904406271928e-05
time-carrier,51.275,2.8877417316874882e-05,2.873882164610612e-05
time-carrier,51.300000000000004,2.8924562099023935e-05,2.904408744525514e-05
time-carrier,51.325,2.897250228070699e-05,2.8898370642099444e-05
time-carrier,51.35,2.902199253536174e-05,2.9034635058138096e-05
time-carrier,51.375,2.9072031122990855e-05,2.912289485481055e-05
time-carrier,51.4,2.9123522362873905e-05,2.9021596487723817e-05
time-carrier,51.425000000000004,2.9175662258600025e-05,2.9304921241778008e-05
time-carrier,51.45,2.92288753852146e-05,2.910137654075888e-05
time-carrier,51.475,2.9283004320919277e-05,2.938143596964051e-05
time-carrier,51.5,2.9337799989349335e-05,2.9287400874272212e-05
time-carrier,51.525,2.93936816820762e-05,2.9389723096001563e-05
time-carrier,51.550000000000004,2.9450008130412113e-05,2.9501035868060225e-05
time-carrier,51.575,2.95073751094172e-05,2.942763342281204e-05
time-carrier,51.6,2.9565164153638032e-05,2.9649539325628587e-05
time-carrier,51.625,2.96238036566547e-05,2.9557920441822294e-05
time-carrier,51.65,2.968292342379601e-05,2.9714364964031236e-05
time-carrier,51.675000000000004,2.9742679858412897e-05,2.9750355840033286e-05
time-carrier,51.7,2.9802968411025138e-05,2.9763664920677362e-05
time-carrier,51.725,2.986369343930495e-05,2.9917496015107773e-05
time-carrier,51.75,2.992500175426425e-05,2.9878236289238868e-05
time-carrier,51.775,2.998653679021486e-05,3.000680011692146e-05
time-carrier,51.800000000000004,3.0048713604775397e-05,3.0066421595951417e-05
time-carrier,51.825,3.011093121179132e-05,3.005548692539296e-05
time-carrier,51.85,3.0173773455503103e-05,3.0254590194774382e-05
time-carrier,51.875,3.0236611970384e-05,3.0151880919954183e-05
time-carrier,51.9,3.0299865268860565e-05,3.0363677471881617e-05
time-carrier,51.925000000000004,3.036328381049174e-05,3.0341719434729008e-05
time-carrier,51.95,3.0426726522345963e-05,3.039438824850363e-05
time-carrier,51.975,3.0490602044352096e-05,3.057507189165601e-05
time-carrier,52.0,3.055413806293652e-05,3.0432985649434215e-05
time-carrier,52.025,3.0618212434487424e-05,3.075031974310275e-05
time-carrier,52.050000000000004,3.0681863502444624e-05,3.0568589082512584e-05
time-carrier,52.075,3.074581688653135e-05,3.081384558577397e-05
time-carrier,52.1,3.080959717029511e-05,3.0803149896318275e-05
time-carrier,52.125,3.087319647406186e-05,3.081599932242297e-05
time-carrier,52.15,3.093697834491172e-05,3.104503997417446e-05
time-carrier,52.175000000000004,3.100016244789305e-05,3.086564556493624e-05
time-carrier,52.2,3.1063663152352365e-05,3.1194745938093906e-05
time-carrier,52.225,3.112648034353044e-05,3.1026745170859646e-05
time-carrier,52.25,3.118938493277284e-05,3.123862802109116e-05
time-carrier,52.275,3.1251840875002816e-05,3.125911183519163e-05
time-carrier,52.300000000000004,3.131394557307596e-05,3.125807146354532e-05
time-carrier,52.325,3.137590298811286e-05,3.146140200645316e-05
time-carrier,52.35,3.143715121171235e-05,3.134639873242541e-05
time-carrier,52.375,3.149836178680314e-05,3.1571464401910875e-05
time-carrier,52.4,3.155875884675529e-05,3.151861411721818e-05
time-carrier,52.425000000000004,3.161897508552419e-05,3.1622157650666396e-05
time-carrier,52.45,3.1678480909523206e-05,3.17046501993976e-05
time-carrier,52.475,3.173753319913873e-05,3.1698147375170234e-05
time-carrier,52.5,3.179602943803224e-05,3.182949331122112e-05
time-carrier,52.525,3.185381600017794e-05,3.18421208178736e-05
time-carrier,52.550000000000004,3.191114546749873e-05,3.1893711040914286e-05
time-carrier,52.575,3.19675840148677e-05,3.201047946708177e-05
time-carrier,52.6,3.202358881127924e-05,3.196904631168745e-05
time-carrier,52.625,3.2078600405654055e-05,3.2124918021974295e-05
time-carrier,52.65,3.213311616571752e-05,3.211483176647167e-05
time-carrier,52.675000000000004,3.218664251441366e-05,3.216351979839647e-05
time-carrier,52.7,3.2239486140728626e-05,3.230622640211407e-05
time-carrier,52.725,3.229148159173351e-05,3.219171302464742e-05
time-carrier,52.75,3.2342487437538225e-05,3.24539371665927e-05
time-carrier,52.775,3.239285902992299e-05,3.229657741930309e-05
time-carrier,52.800000000000004,3.244194698984687e-05,3.249778171971398e-05
time-carrier,52.825,3.24905012357802e-05,3.249187828405689e-05
time-carrier,52.85,3.2537692826602306e-05,3.2475717933545604e-05
time-carrier,52.875,3.258417104847324e-05,3.2695363039527874e-05
time-carrier,52.9,3.262950315885475e-05,3.249270688820125e-05
time-carrier,52.925000000000004,3.267370255527577e-05,3.280607326000274e-05
time-carrier,52.95,3.271710057727739e-05,3.261806478749209e-05
time-carrier,52.975,3.27589734437717e-05,3.280410591722174e-05
time-carrier,53.0,3.2800208723630865e-05,3.281625305246117e-05
time-carrier,53.025,3.283983330680652e-05,3.277000939341425e-05
time-carrier,53.050000000000004,3.2878620709702407e-05,3.298266647945805e-05
time-carrier,53.075,3.2916057391476616e-05,3.280388761885402e-05
time-carrier,53.1,3.295221071555519e-05,3.3046967470569296e-05
time-carrier,53.125,3.298737352493845e-05,3.292843484871073e-05
time-carrier,53.15,3.3020875957004786e-05,3.303695247946099e-05
time-carrier,53.175000000000004,3.30535361814836e-05,3.307521451363433e-05
time-carrier,53.2,3.308446639504654e-05,3.3039567859389644e-05
time-carrier,53.225,3.3114375645548455e-05,3.316382066522511e-05
time-carrier,53.25,3.3142768320111135e-05,3.310541722875071e-05
time-carrier,53.275,3.316978020673776e-05,3.318558504520324e-05
time-carrier,53.300000000000004,3.319554919490352e-05,3.3200970160907326e-05
time-carrier,53.325,3.321963889915289e-05,3.320235964636327e-05
time-carrier,53.35,3.3242611518689606e-05,3.325708077072842e-05
time-carrier,53.375,3.326380471949533e-05,3.326657488374667e-05
time-carrier,53.4,3.328380606166223e-05,3.325515037898245e-05
time-carrier,53.425000000000004,3.330210426501413e-05,3.3355761477388064e-05
time-carrier,53.45,3.331900741460805e-05,3.3251450237290034e-05
time-carrier,53.475,3.333436638572825e-05,3.33972022936195e-05
time-carrier,53.5,3.334809168634757e-05,3.3310758451197644e-05
time-carrier,53.525,3.336043258111967e-05,3.335577265249639e-05
time-carrier,53.550000000000004,3.3370938276872e-05,3.3424201820874585e-05
time-carrier,53.575,3.338014883293334e-05,3.328452751703181e-05
time-carrier,53.6,3.3387436601736587e-05,3.350696507952708e-05
time-carrier,53.625,3.339336793917793e-05,3.3276349837213266e-05
time-carrier,53.65,3.3397471892006765e-05,3.3484313353502996e-05
time-carrier,53.675000000000004,3.3399973204460694e-05,3.3364885634848363e-05
time-carrier,53.7,3.340090032592814e-05,3.337462557439883e-05
time-carrier,53.725,3.3399894175847315e-05,3.348243504808997e-05
time-carrier,53.75,3.3397551992993075e-05,3.327733975394714e-05
time-carrier,53.775,3.3393081068464737e-05,3.3523691709110275e-05
time-carrier,53.800000000000004,3.3387276239056095e-05,3.327514253456337e-05
time-carrier,53.825,3.337945029521176e-05,3.344996921964514e-05
time-carrier,53.85,3.336999058469709e-05,3.3352923075969253e-05
time-carrier,53.875,3.335885637281625e-05,3.332423073717933e-05
time-carrier,53.9,3.334567785571871e-05,3.341813883315074e-05
time-carrier,53.925000000000004,3.333112816063511e-05,3.3242094835627664e-05
time-carrier,53.95,3.3314324171774866e-05,3.339765387549365e-05
time-carrier,53.975,3.3296141646789236e-05,3.323565856075101e-05
time-carrier,54.0,3.32758544532252e-05,3.330558756866368e-05
time-carrier,54.025,3.325385913025098e-05,3.325257602902844e-05
time-carrier,54.050000000000004,3.3230129334111114e-05,3.321319036079836e-05
time-carrier,54.075,3.320429559702408e-05,3.32259001652202e-05
time-carrier,54.1,3.3177006527210695e-05,3.316231330249038e-05
time-carrier,54.125,3.31474460424879e-05,3.314985586517186e-05
time-carrier,54.15,3.311640617166811e-05,3.312369743658876e-05
time-carrier,54.175000000000004,3.308324356243353e-05,3.307550960280328e-05
time-carrier,54.2,3.3048320649602904e-05,3.304440647337344e-05
time-carrier,54.225,3.301158142937007e-05,3.303698334794121e-05
time-carrier,54.25,3.2972769324316975e-05,3.292285545122729e-05
time-carrier,54.275,3.2932367752287826e-05,3.300058079415057e-05
time-carrier,54.300000000000004,3.2889749192965515e-05,3.2818011788428655e-05
time-carrier,54.325,3.284555849781161e-05,3.290121541275969e-05
time-carrier,54.35,3.2799223088764986e-05,3.277833732722226e-05
time-carrier,54.375,3.27511499479507e-05,3.272550367066334e-05
time-carrier,54.4,3.270113969495384e-05,3.277376335986224e-05
time-carrier,54.425000000000004,3.264915500935058e-05,3.2541715267376075e-05
time-carrier,54.45,3.2595453655109974e-05,3.271530295834899e-05
time-carrier,54.475,3.253959016568378e-05,3.243451348800788e-05
time-carrier,54.5,3.248213230191916e-05,3.2547553544089125e-05
time-carrier,54.525,3.2422471065298594e-05,3.241262644984975e-05
time-carrier,54.550000000000004,3.2361162355751426e-05,3.231279206558468e-05
time-carrier,54.575,3.229780099480928e-05,3.2393016511948445e-05
time-carrier,54.6,3.223256486291913e-05,3.2112807641010195e-05
time-carrier,54.625,3.21655574890351e-05,3.228258422752627e-05
time-carrier,54.65,3.2096399756440867e-05,3.200722725188067e-05
time-carrier,54.675000000000004,3.202570277162323e-05,3.2070275299771325e-05
time-carrier,54.7,3.195273794969798e-05,3.195751451196376e-05
time-carrier,54.725,3.187822560343843e-05,3.183145821569218e-05
time-carrier,54.75,3.180161444244347e-05,3.1874127173166746e-05
time-carrier,54.775,3.172318033320314e-05,3.164466616383751e-05
time-carrier,54.800000000000004,3.164300948643576e-05,3.1710084904761817e-05
time-carrier,54.825,3.1560677102300006e-05,3.1515743089251616e-05
time-carrier,54.85,3.1476887519261955e-05,3.149753231806862e-05
time-carrier,54.875,3.13908212273819e-05,3.138919814345532e-05
time-carrier,54.9,3.130326470119373e-05,3.129509285462146e-05
time-carrier,54.925000000000004,3.121365599329669e-05,3.122283499049994e-05
time-carrier,54.95,3.1122239995968985e-05,3.1116688727730424e-05
time-carrier,54.975,3.102916639208306e-05,3.103231335361442e-05
time-carrier,55.0,3.093395654752979e-05,3.092701124204539e-05
time-carrier,55.025,3.08373427159158e-05,3.0856165758044285e-05
time-carrier,55.050000000000004,3.073852913316053e-05,3.070202863653419e-05
time-carrier,55.075,3.063824329060058e-05,3.0692305575165666e-05
time-carrier,55.1,3.053600626550839e-05,3.047209234801603e-05
time-carrier,55.125,3.0431998828436936e-05,3.0491531339034792e-05
time-carrier,55.15,3.032639821580179e-05,3.0288322062038952e-05
time-carrier,55.175000000000004,3.0218760773652616e-05,3.022069344658492e-05
time-carrier,55.2,3.0109737595679076e-05,3.0151123660904738e-05
time-carrier,55.225,2.999864661050145e-05,2.991758008556281e-05
time-carrier,55.25,2.9886115649877195e-05,2.9992144969667594e-05
time-carrier,55.275,2.9771727426354433e-05,2.9663466889196135e-05
time-carrier,55.300000000000004,2.9655671226217152e-05,2.97410662780248e-05
time-carrier,55.325,2.953805564295273e-05,2.9496339002558108e-05
time-carrier,55.35,2.9418555023549888e-05,2.9405774171894963e-05
time-carrier,55.375,2.9297699403802256e-05,2.9362727536002364e-05
time-carrier,55.4,2.9174902118213517e-05,2.9072462145870298e-05
time-carrier,55.425000000000004,2.9050760086341525e-05,2.916710069699016e-05
time-carrier,55.45,2.892482330147929e-05,2.88205833216818e-05
time-carrier,55.475,2.87973738117681e-05,2.886767950390413e-05
time-carrier,55.5,2.8668408185730263e-05,2.864447199558422e-05
time-carrier,55.525,2.8537703665908156e-05,2.851462474669709e-05
time-carrier,55.550000000000004,2.8405737895081172e-05,2.846564718985814e-05
time-carrier,55.575,2.8271920178180808e-05,2.819239968201053e-05
time-carrier,55.6,2.8136910964932333e-05,2.8217087623745788e-05
time-carrier,55.625,2.8000170923901487e-05,2.79349251804894e-05
time-carrier,55.65,2.7862072048292762e-05,2.7903571354683624e-05
time-carrier,55.675000000000004,2.772256040173601e-05,2.7705991674737048e-05
time-carrier,55.7,2.7581415390642096e-05,2.757786858340579e-05
time-carrier,55.725,2.743916718491139e-05,2.7455265719791318e-05
time-carrier,55.75,2.7295146795436042e-05,2.727329020811711e-05
time-carrier,55.775,2.7150095595782066e-05,2.717414234202133e-05
time-carrier,55.800000000000004,2.7003429318077242e-05,2.6976985847794144e-05
time-carrier,55.825,2.6855518023720768e-05,2.6886909735387543e-05
time-carrier,55.85,2.6706364430448887e-05,2.66678307159496e-05
time-carrier,55.875,2.6555662726424075e-05,2.660040523361022e-05
time-carrier,55.9,2.6404033485694147e-05,2.6358723859686988e-05
time-carrier,55.925000000000004,2.625075148550482e-05,2.6286712871629672e-05
time-carrier,55.95,2.609656511635224e-05,2.608161161735201e-05
time-carrier,55.975,2.5940943484545904e-05,2.5925377159792174e-05
time-carrier,56.0,2.578416486988682e-05,2.583367295268018e-05
time-carrier,56.025,2.5626339102423077e-05,2.5548101212421192e-05
time-carrier,56.050000000000004,2.546707839944393e-05,2.556013160174005e-05
time-carrier,56.075,2.5307039335910455e-05,2.521907330034421e-05
time-carrier,56.1,2.5145523850549402e-05,2.5207402022453353e-05
time-carrier,56.125,2.4983204116156202e-05,2.49638127327513e-05
time-carrier,56.15,2.48196557696028e-05,2.4789569320967007e-05
time-carrier,56.175000000000004,2.4655058091294345e-05,2.472979501814234e-05
time-carrier,56.2,2.4489588221013733e-05,2.4386049277189246e-05
time-carrier,56.225,2.432284535960736e-05,2.4432173159724575e-05
time-carrier,56.25,2.4155449300796456e-05,2.4064669178135767e-05
time-carrier,56.275,2.3986777986956643e-05,2.403950775094923e-05
time-carrier,56.300000000000004,2.381741810595382e-05,2.3812679571507e-05
time-carrier,56.325,2.3647018786234374e-05,2.3605400956329674e-05
time-carrier,56.35,2.347572041285222e-05,2.355162687901094e-05
time-carrier,56.375,2.3303702801565304e-05,2.3212213609949696e-05
time-carrier,56.4,2.313059549635597e-05,2.3217513995714455e-05
time-carrier,56.425000000000004,2.295697425167481e-05,2.2891220372924876e-05
time-carrier,56.45,2.2782260987422666e-05,2.2817245741927667e-05
time-carrier,56.475,2.2607014161739488e-05,2.2604345350322286e-05
time-carrier,56.5,2.2430895019339834e-05,2.24064896707284e-05
time-carrier,56.525,2.225404574157614e-05,2.229634735181986e-05
time-carrier,56.550000000000004,2.2076643295560616e-05,2.202628996031375e-05
time-carrier,56.575,2.189831442214528e-05,2.1948751706524704e-05
time-carrier,56.6,2.171964918193219e-05,2.1674124721209115e-05
time-carrier,56.625,2.1540050570752756e-05,2.1578199444745247e-05
time-carrier,56.65,2.1360091426963167e-05,2.1330682246033313e-05
time-carrier,56.675000000000004,2.1179437881180034e-05,2.1198302695443535e-05
time-carrier,56.7,2.0998201292025367e-05,2.0992893114493895e-05
time-carrier,56.725,2.0816615652769215e-05,2.080464776788108e-05
time-carrier,56.75,2.0634238095059896e-05,2.0666234953400412e-05
time-carrier,56.775,2.0451721312399426e-05,2.0400095143517486e-05
time-carrier,56.800000000000004,2.026843606340337e-05,2.0334421022292464e-05
time-carrier,56.825,2.0084941475249834e-05,2.001507141334147e-05
time-carrier,56.85,1.990096728629713e-05,1.9960580682507086e-05
time-carrier,56.875,1.971652401628429e-05,1.9681758518839105e-05
time-carrier,56.9,1.953195829104506e-05,1.9530896178414953e-05
time-carrier,56.925000000000004,1.934673467096724e-05,1.9387338562169127e-05
time-carrier,56.95,1.9161549759692683e-05,1.9086955392448588e-05
time-carrier,56.975,1.8975794632557777e-05,1.907003063681437e-05
time-carrier,57.0,1.8789945460708444e-05,1.8696200022599404e-05
time-carrier,57.025,1.8603856625457615e-05,1.8676034737576475e-05
time-carrier,57.050000000000004,1.8417404278513898e-05,1.8383472844149743e-05
time-carrier,57.075,1.8231042031008626e-05,1.8218770822600235e-05
time-carrier,57.1,1.8044182500185844e-05,1.809982307487311e-05
time-carrier,57.125,1.7857504220096687e-05,1.777133992675017e-05
time-carrier,57.15,1.767047946175939e-05,1.7767675478362576e-05
time-carrier,57.175000000000004,1.7483460503676975e-05,1.739641326930699e-05
time-carrier,57.2,1.729643406379767e-05,1.7355595914369227e-05
time-carrier,57.225,1.7109166764909995e-05,1.7088268698532797e-05
time-carrier,57.25,1.6922171208949607e-05,1.6903529976119255e-05
time-carrier,57.275,1.6734860777274e-05,1.6785893936805672e-05
time-carrier,57.300000000000004,1.654785492701809e-05,1.6477356212539905e-05
time-carrier,57.325,1.6360723447343504e-05,1.643562253920558e-05
time-carrier,57.35,1.617370450896081e-05,1.610809446756042e-05
time-carrier,57.375,1.5986886815240466e-05,1.6033375279346827e-05
time-carrier,57.4,1.5799964668996684e-05,1.5777561073918017e-05
time-carrier,57.425000000000004,1.5613477912445232e-05,1.5611351856048414e-05
time-carrier,57.45,1.542685654751085e-05,1.5450632999932452e-05
time-carrier,57.475,1.5240662314226619e-05,1.5200072673217323e-05
time-carrier,57.5,1.505454737054992e-05,1.510615298971213e-05
time-carrier,57.525,1.4868654994561177e-05,1.4812368264869498e-05
time-carrier,57.550000000000004,1.4683160409583287e-05,1.4737269329634776e-05
time-carrier,57.575,1.4497690973476475e-05,1.4453119984787924e-05
time-carrier,57.6,1.4312817396985426e-05,1.434045975086545e-05
time-carrier,57.625,1.4127977551259555e-05,1.4123547425064577e-05
time-carrier,57.65,1.3943681421356709e-05,1.3921380485957016e-05
time-carrier,57.675000000000004,1.3759664928209325e-05,1.3807776850002077e-05
time-carrier,57.7,1.3575965459912013e-05,1.3508401954138663e-05
time-carrier,57.725,1.3392860623848969e-05,1.3468358725217488e-05
time-carrier,57.75,1.3209896659471173e-05,1.3141313434002257e-05
time-carrier,57.775,1.3027678853718038e-05,1.3074289257501673e-05
time-carrier,57.800000000000004,1.2845663577223899e-05,1.283260206681962e-05
time-carrier,57.825,1.266428411313055e-05,1.2638936137906876e-05
time-carrier,57.85,1.2483391743983824e-05,1.2543514335922714e-05
time-carrier,57.875,1.2302889583587342e-05,1.2219808262220414e-05
time-carrier,57.9,1.2123171280838504e-05,1.2211679807237672e-05
time-carrier,57.925000000000004,1.1943708931329013e-05,1.1868978089892697e-05
time-carrier,57.95,1.176511412867199e-05,1.180975931306913e-05
time-carrier,57.975,1.1586903223620866e-05,1.1581871867617348e-05
time-carrier,58.0,1.1409389799006043e-05,1.1374232792420242e-05
time-carrier,58.025,1.123257087700596e-05,1.1299604195660017e-05
time-carrier,58.050000000000004,1.1056206802191249e-05,1.0972284607162222e-05
time-carrier,58.075,1.0880790030656716e-05,1.096362493104806e-05
time-carrier,58.1,1.0705756188027367e-05,1.0640827463245958e-05
time-carrier,58.125,1.0531675362794724e-05,1.0566590115831382e-05
time-carrier,58.15,1.035816754821833e-05,1.0358493759654382e-05
time-carrier,58.175000000000004,1.0185398672662503e-05,1.0151926793835512e-05
time-carrier,58.2,1.0013516043695903e-05,1.0071866281082784e-05
time-carrier,58.225,9.842155908481827e-06,9.771127941280993e-06
time-carrier,58.25,9.671873119008416e-06,9.742105720535134e-06
time-carrier,58.275,9.502110322546742e-06,9.444950226415061e-06
time-carrier,58.300000000000004,9.333356150175351e-06,9.368227257576555e-06
time-carrier,58.325,9.165361033094963e-06,9.157832476963902e-06
time-carrier,58.35,8.998134379239977e-06,8.97781386860719e-06
time-carrier,58.375,8.831963584854673e-06,8.87628611318485e-06
time-carrier,58.4,8.666386397346881e-06,8.605622125998465e-06
time-carrier,58.425000000000004,8.501984579989707e-06,8.568938649384537e-06
time-carrier,58.45,8.338245606902277e-06,8.276658349888038e-06
time-carrier,58.475,8.175543452713033e-06,8.220618618915592e-06
time-carrier,58.5,8.013780804679307e-06,7.994046402835078e-06
time-carrier,58.525,7.85280459382025e-06,7.842493873169864e-06
time-carrier,58.550000000000004,7.693029766775061e-06,7.732660403862475e-06
time-carrier,58.575,7.533925354124105e-06,7.471514862292367e-06
time-carrier,58.6,7.3760575748102345e-06,7.449709848475065e-06
time-carrier,58.625,7.2190051007588425e-06,7.148617086401781e-06
time-carrier,58.65,7.062987662923447e-06,7.1155559489208705e-06
time-carrier,58.675000000000004,6.908081898969406e-06,6.884750313637661e-06
time-carrier,58.7,6.753976043916136e-06,6.742482182196637e-06
time-carrier,58.725,6.601181406669984e-06,6.645775212214221e-06
time-carrier,58.75,6.449150989009303e-06,6.380343752239262e-06
time-carrier,58.775,6.29837381645378e-06,6.377166448251595e-06
time-carrier,58.800000000000004,6.148573665705529e-06,6.076282030813693e-06
time-carrier,58.825,5.999785615915324e-06,6.050449490377226e-06
time-carrier,58.85,5.852256959865044e-06,5.833693997292339e-06
time-carrier,58.875,5.705554994424483e-06,5.688406233359274e-06
time-carrier,58.9,5.560224550631144e-06,5.609183048380569e-06
time-carrier,58.925000000000004,5.415773209187139e-06,5.345428643826449e-06
time-carrier,58.95,5.272554533308387e-06,5.349675525734902e-06
time-carrier,58.975,5.1304665743464444e-06,5.0622573517004384e-06
time-carrier,59.0,4.989367943358341e-06,5.035088718961741e-06
time-carrier,59.025,4.849633973426556e-06,4.835236311293424e-06
time-carrier,59.050000000000004,4.710775181000509e-06,4.6913573639896234e-06
time-carrier,59.075,4.573303086699806e-06,4.622350928969306e-06
time-carrier,59.1,4.436830789980763e-06,4.36809428720431e-06
time-carrier,59.125,4.301554357674765e-06,4.376247636632069e-06
time-carrier,59.15,4.167535729069592e-06,4.101765526070396e-06
time-carrier,59.175000000000004,4.034494129840793e-06,4.078172287149275e-06
time-carrier,59.2,3.902881881833251e-06,3.890176810610544e-06
time-carrier,59.225,3.7722032714030252e-06,3.7511640151999385e-06
time-carrier,59.25,3.6428987276460757e-06,3.6936539224785396e-06
time-carrier,59.275,3.5147056284318336e-06,3.4444182937386866e-06
time-carrier,59.300000000000004,3.3876632875457057e-06,3.463079962910629e-06
time-carrier,59.325,3.261981759322653e-06,3.197147486336102e-06
time-carrier,59.35,3.137265993787139e-06,3.177813384463916e-06
time-carrier,59.375,3.0140162625405923e-06,3.0064463530093805e-06
time-carrier,59.4,2.8917606086962706e-06,2.864669381921381e-06
time-carrier,59.425000000000004,2.7708396886561322e-06,2.826799143396059e-06
time-carrier,59.45,2.651140511114678e-06,2.5783631945945475e-06
time-carrier,59.475,2.5325280503507714e-06,2.6064761941308947e-06
time-carrier,59.5,2.4153646476012616e-06,2.3560016048104406e-06
time-carrier,59.525,2.299156507249788e-06,2.331554442996564e-06
time-carrier,59.550000000000004,2.1844142855573793e-06,2.1853306084718665e-06
time-carrier,59.575,2.0707459599524215e-06,2.0374177011884173e-06
time-carrier,59.6,1.9583295897081014e-06,2.0163579444365076e-06
time-carrier,59.625,1.8472540229876954e-06,1.7771321437586354e-06
time-carrier,59.65,1.7371874194655364e-06,1.8047592877745713e-06
time-carrier,59.675000000000004,1.6286245166169663e-06,1.5771858635896817e-06
time-carrier,59.7,1.5210366692356645e-06,1.5464755142831054e-06
time-carrier,59.725,1.4148508629088037e-06,1.419841201060692e-06
time-carrier,59.75,1.309853792185049e-06,1.276002468491196e-06
time-carrier,59.775,1.2059889260264993e-06,1.26169645673775e-06
time-carrier,59.800000000000004,1.1035664749028688e-06,1.036989298285439e-06
time-carrier,59.825,1.0021026882836746e-06,1.0666128050239283e-06
time-carrier,59.85,9.021245467255549e-07,8.522870811453659e-07
time-carrier,59.875,8.031965701828036e-07,8.283147532989519e-07
time-carrier,59.9,7.05545738852258e-07,7.107454706756664e-07
time-carrier,59.925000000000004,6.092048157000085e-07,5.738010246816865e-07
time-carrier,59.95,5.138884806710339e-07,5.733091903647919e-07
time-carrier,59.975,4.2004903074470987e-07,3.481110841555e-07
time-carrier,60.0,3.2718082242031057e-07,3.9676584488010147e-07
