preparation,time,local_chi,mode_coordinate,mode_momentum,mode_energy_fraction,charge_fraction,charge_balance_fraction,total_energy,outer_energy_sink,core_peak
0.0000,0.0,0.0,0.0,0.0,0.0,1.0,0.0,2615.9859600628142,0.0,0.7426140469967158
0.0000,0.8,0.0,0.0,0.0,0.0,1.0,0.0,2615.986012693903,1.2897696424493977e-20,0.742662335624419
0.0000,1.6,0.0,0.0,0.0,0.0,1.0,0.0,2615.9860654097574,2.5760431363155788e-20,0.7426951656457959
0.0000,2.4,0.0,0.0,0.0,0.0,1.0000000000000002,1.5982512640237355e-16,2615.986017085875,3.861745461619983e-20,0.7426363668194091
0.0000,3.2,0.0,0.0,0.0,0.0,1.0,0.0,2615.9859668567096,5.144853449875093e-20,0.7426221172100113
0.0000,4.0,0.0,0.0,0.0,0.0,1.0000000000000002,1.5982512640237355e-16,2615.9860054234546,6.422674695714652e-20,0.7426845968204123
0.0000,4.8,0.0,0.0,0.0,0.0,1.0000000000000002,1.5982512640237355e-16,2615.986051345262,7.697281813752714e-20,0.7426774990837226
0.0000,5.6000000000000005,0.0,0.0,0.0,0.0,1.0000000000000002,1.5982512640237355e-16,2615.9860276084273,8.971704092226732e-20,0.7426160881703056
0.0000,6.4,0.0,0.0,0.0,0.0,1.0000000000000002,1.5982512640237355e-16,2615.9859896212147,1.02445169890717e-19,0.7426415770394659
0.0000,7.2,0.0,0.0,0.0,0.0,1.0000000000000002,1.5982512640237355e-16,2615.9860001481024,1.1513165837182537e-19,0.7426914861007017
0.0000,8.0,0.0,0.0,0.0,0.0,1.0,0.0,2615.9860350396884,1.2779313753704297e-19,0.7426413413572481
0.0000,8.8,0.0,0.0,0.0,0.0,1.0000000000000002,1.5982512640237355e-16,2615.986044552616,1.4045972345536306e-19,0.7425937266409368
0.0000,9.6,0.0,0.0,0.0,0.0,1.0,0.0,2615.9860190656022,1.531221902268209e-19,0.7426381553927821
0.0000,10.4,0.0,0.0,0.0,0.0,1.0,0.0,2615.985996708486,1.6575622233559746e-19,0.7426205493990382
0.0000,11.200000000000001,0.0,0.0,0.0,0.0,1.0,0.0,2615.9860198978663,1.7837437419963724e-19,0.7425142707855222
0.0000,12.0,0.0,0.0,0.0,0.0,1.0,0.0,2615.9860600701327,1.910058839081899e-19,0.7425248969281589
0.0000,12.8,0.0,0.0,0.0,0.0,1.0,0.0,2615.9860455224175,2.0364549990222181e-19,0.7425963732091535
0.0000,13.6,0.0,0.0,0.0,0.0,1.0,0.0,2615.9859967779958,2.1626974575631613e-19,0.7425495811414599
0.0000,14.4,0.0,0.0,0.0,0.0,1.0,0.0,2615.986008859739,2.2888723493133836e-19,0.7425137821290929
0.0000,15.200000000000001,0.0,0.0,0.0,0.0,0.9999999999999997,-3.196502528047471e-16,2615.986068049072,2.4152602811925294e-19,0.7425823370483707
0.0000,16.0,0.0,0.0,0.0,0.0,0.9999999999999997,-3.196502528047471e-16,2615.9860636654475,2.541840368083796e-19,0.742594679433308
0.0000,16.8,0.0,0.0,0.0,0.0,1.0,0.0,2615.9860028640555,2.668381254493337e-19,0.7425452392325235
0.0000,17.6,0.0,0.0,0.0,0.0,1.0,0.0,2615.9860034177345,2.7949299698057083e-19,0.7425738964161067
0.0000,18.400000000000002,0.0,0.0,0.0,0.0,1.0,0.0,2615.986065204526,2.921754801336778e-19,0.7426152651701027
0.0000,19.2,0.0,0.0,0.0,0.0,1.0000000000000002,1.5982512640237355e-16,2615.986072199836,3.048862331188516e-19,0.7425771746465853
0.0000,20.0,0.0,0.0,0.0,0.0,1.0000000000000002,1.5982512640237355e-16,2615.986016539702,3.176020468910415e-19,0.7425661535205257
0.0000,20.8,0.0,0.0,0.0,0.0,1.0,0.0,2615.9860047476923,3.303235563203548e-19,0.7426178053257116
0.0000,21.6,0.0,0.0,0.0,0.0,1.0000000000000002,1.5982512640237355e-16,2615.9860538683415,3.4307634958533866e-19,0.7426134961306865
0.0000,22.400000000000002,0.0,0.0,0.0,0.0,1.0,0.0,2615.986073596282,3.5586382238984436e-19,0.7425698896502362
0.0000,23.2,0.0,0.0,0.0,0.0,1.0,0.0,2615.9860360010557,3.686625560799498e-19,0.742595636821566
0.0000,24.0,0.0,0.0,0.0,0.0,1.0,0.0,2615.9860086198396,3.8146881794470715e-19,0.7426350029579648
0.0000,24.8,0.0,0.0,0.0,0.0,1.0,0.0,2615.9860314258112,3.943068033672588e-19,0.7426040132495095
0.0000,25.6,0.0,0.0,0.0,0.0,1.0000000000000002,1.5982512640237355e-16,2615.986063299101,4.0718292247519717e-19,0.7425812306950027
0.0000,26.400000000000002,0.0,0.0,0.0,0.0,1.0000000000000002,1.5982512640237355e-16,2615.9860508045567,4.200738326256275e-19,0.7426194716024338
0.0000,27.2,0.0,0.0,0.0,0.0,1.0000000000000002,1.5982512640237355e-16,2615.9860084342663,4.329711353824324e-19,0.7426338781505004
0.0000,28.0,0.0,0.0,0.0,0.0,1.0000000000000002,1.5982512640237355e-16,2615.986003903354,4.458972078531181e-19,0.7426029118409871
0.0000,28.8,0.0,0.0,0.0,0.0,1.0000000000000002,1.5982512640237355e-16,2615.9860475620762,4.588618541570587e-19,0.7426037044525234
0.0000,29.6,0.0,0.0,0.0,0.0,1.0000000000000002,3.196502528047471e-16,2615.986059787571,4.718425370919293e-19,0.7426312682264764
0.0000,30.400000000000002,0.0,0.0,0.0,0.0,1.0000000000000002,1.5982512640237355e-16,2615.986009668527,4.848260719676235e-19,0.7426264723104127
0.0000,31.2,0.0,0.0,0.0,0.0,1.0,0.0,2615.985984581747,4.978323548924786e-19,0.7426131086785278
0.0000,32.0,0.0,0.0,0.0,0.0,1.0,0.0,2615.9860316402264,5.108747679538672e-19,0.7426263257529795
0.0000,32.8,0.0,0.0,0.0,0.0,1.0000000000000002,1.5982512640237355e-16,2615.9860618646317,5.239326597965328e-19,0.742632145346862
0.0000,33.6,0.0,0.0,0.0,0.0,1.0000000000000002,3.196502528047471e-16,2615.9860161335864,5.36988383921871e-19,0.7426209105681715
0.0000,34.4,0.0,0.0,0.0,0.0,1.0000000000000002,1.5982512640237355e-16,2615.985978189739,5.500584402769672e-19,0.7426281373943782
0.0000,35.2,0.0,0.0,0.0,0.0,1.0000000000000002,1.5982512640237355e-16,2615.9860156424425,5.631595942523482e-19,0.7426398035745286
0.0000,36.0,0.0,0.0,0.0,0.0,1.0,0.0,2615.9860565521935,5.762744381050202e-19,0.7426255247918507
0.0000,36.800000000000004,0.0,0.0,0.0,0.0,1.0000000000000002,1.5982512640237355e-16,2615.986027584005,5.8938161196374135e-19,0.7426181387941261
0.0000,37.6,0.0,0.0,0.0,0.0,1.0000000000000002,1.5982512640237355e-16,2615.9859832512984,6.024932429275719e-19,0.7426381395033007
0.0000,38.4,0.0,0.0,0.0,0.0,1.0000000000000002,1.5982512640237355e-16,2615.9860002780374,6.156289302134222e-19,0.742640368365315
0.0000,39.2,0.0,0.0,0.0,0.0,1.0000000000000002,1.5982512640237355e-16,2615.986045577358,6.287757811843356e-19,0.7426164101420241
0.0000,40.0,0.0,0.0,0.0,0.0,1.0000000000000002,1.5982512640237355e-16,2615.986041064432,6.419098638834206e-19,0.7426168157119499
0.0000,40.800000000000004,0.0,0.0,0.0,0.0,1.0000000000000002,1.5982512640237355e-16,2615.98599615112,6.550382325189835e-19,0.7426384249146566
0.0000,41.6,0.0,0.0,0.0,0.0,1.0000000000000002,1.5982512640237355e-16,2615.985988167526,6.681823783120329e-19,0.7426321339461432
0.0000,42.4,0.0,0.0,0.0,0.0,1.0000000000000002,1.5982512640237355e-16,2615.98603172796,6.8133478275286005e-19,0.7426104495652269
0.0000,43.2,0.0,0.0,0.0,0.0,1.0,0.0,2615.9860524946894,6.944704416305889e-19,0.7426157621779673
0.0000,44.0,0.0,0.0,0.0,0.0,1.0,0.0,2615.986013150288,7.075911130745457e-19,0.7426302436648979
0.0000,44.800000000000004,0.0,0.0,0.0,0.0,1.0,0.0,2615.985982467795,7.207189054838551e-19,0.7426219730873505
0.0000,45.6,0.0,0.0,0.0,0.0,1.0,0.0,2615.98601770067,7.338519539101047e-19,0.7426097863182799
0.0000,46.4,0.0,0.0,0.0,0.0,1.0000000000000002,1.5982512640237355e-16,2615.9860583534155,7.4696585170518375e-19,0.7426135476171226
0.0000,47.2,0.0,0.0,0.0,0.0,1.0,0.0,2615.9860310709405,7.600573508189033e-19,0.7426177970122854
0.0000,48.0,0.0,0.0,0.0,0.0,1.0,0.0,2615.9859851873894,7.73147415010226e-19,0.7426145286082833
0.0000,48.800000000000004,0.0,0.0,0.0,0.0,1.0,0.0,2615.986005595169,7.862380459477428e-19,0.7426125210322496
0.0000,49.6,0.0,0.0,0.0,0.0,0.9999999999999997,-3.196502528047471e-16,2615.986056769107,7.993050506425318e-19,0.7426096447477486
0.0000,50.4,0.0,0.0,0.0,0.0,0.9999999999999996,-4.794753792071207e-16,2615.9860471448137,8.123211067571952e-19,0.7426058926595157
0.0000,51.2,0.0,0.0,0.0,0.0,1.0,0.0,2615.9859960610916,8.25022567081165e-19,0.742610880128465
0.0000,52.0,0.0,0.0,0.0,0.0,1.0,0.0,2615.985996805991,8.379559177644222e-19,0.7426153815997296
0.0000,52.800000000000004,0.0,0.0,0.0,0.0,0.9999999999999997,-3.196502528047471e-16,2615.9860478688774,8.928592810658127e-19,0.7426052901055764
0.0000,53.6,0.0,0.0,0.0,0.0,1.0,0.0,2615.986058874142,1.6725573546408074e-18,0.7425980971406859
0.0000,54.4,0.0,0.0,0.0,0.0,0.9999999999999997,-3.196502528047471e-16,2615.9860126292206,1.4215774442958484e-17,0.7426096350878045
0.0000,55.2,0.0,0.0,0.0,0.0,0.9999999999999997,-3.196502528047471e-16,2615.9859923357826,1.6262531200504157e-16,0.7426162880029717
0.0000,56.0,0.0,0.0,0.0,0.0,0.9999999999999996,-4.794753792071207e-16,2615.9860337054315,1.3985021123908478e-15,0.7426026949477508
0.0000,56.800000000000004,0.0,0.0,0.0,0.0,0.9999999999999997,-3.196502528047471e-16,2615.986064330108,9.729189821706572e-15,0.7425956895608479
0.0000,57.6,0.0,0.0,0.0,0.0,0.9999999999999997,-3.196502528047471e-16,2615.9860312228557,5.1121305983765393e-14,0.7426088345014966
0.0000,58.4,0.0,0.0,0.0,0.0,0.9999999999999996,-4.794753792071207e-16,2615.9859929987606,2.2205043596231254e-13,0.7426151730069473
0.0000,59.2,0.0,0.0,0.0,0.0,0.9999999999999996,-3.196502528047471e-16,2615.9860176231073,7.911062841842202e-13,0.7426034540112465
0.0000,60.0,0.0,0.0,0.0,0.0,0.9999999999999993,-3.196502528047471e-16,2615.9860625295505,2.4096220150458195e-12,0.7425977955392474
0.0000,60.800000000000004,0.0,0.0,0.0,0.0,0.9999999999999989,-3.196502528047471e-16,2615.9860480496122,6.335370937325344e-12,0.7426073745580822
0.0000,61.6,0.0,0.0,0.0,0.0,0.9999999999999978,-1.5982512640237355e-16,2615.9859991586004,1.4702650788414812e-11,0.742613211669982
0.0000,62.4,0.0,0.0,0.0,0.0,0.9999999999999957,0.0,2615.986003235491,3.0465352496653274e-11,0.7426074655432909
0.0000,63.2,0.0,0.0,0.0,0.0,0.9999999999999917,-1.5982512640237355e-16,2615.9860537033214,5.73209515004134e-11,0.7426023869482311
0.0000,64.0,0.0,0.0,0.0,0.0,0.9999999999999856,0.0,2615.986060012219,9.911640895139547e-11,0.7426053878745302
0.0000,64.8,0.0,0.0,0.0,0.0,0.9999999999999765,-1.5982512640237355e-16,2615.9860102779808,1.5997270201498382e-10,0.7426115758927778
0.0000,65.6,0.0,0.0,0.0,0.0,0.9999999999999643,0.0,2615.9859935057193,2.4409400750896664e-10,0.7426130491094506
0.0000,66.4,0.0,0.0,0.0,0.0,0.9999999999999473,0.0,2615.9860394077655,3.5659200041663466e-10,0.7426074870354427
0.0000,67.2,0.0,0.0,0.0,0.0,0.9999999999999251,-1.5982512640237355e-16,2615.9860651882336,5.039835738896869e-10,0.7426038155493894
0.0000,68.0,0.0,0.0,0.0,0.0,0.9999999999998963,-1.5982512640237355e-16,2615.986024687937,6.934595930705687e-10,0.7426107067398572
0.0000,68.8,0.0,0.0,0.0,0.0,0.9999999999998596,-3.196502528047471e-16,2615.985990216088,9.339746997430755e-10,0.7426179787280747
0.0000,69.60000000000001,0.0,0.0,0.0,0.0,0.9999999999998136,-3.196502528047471e-16,2615.9860223643486,1.233803161611019e-09,0.7426119296900124
0.0000,70.4,0.0,0.0,0.0,0.0,0.9999999999997569,-3.196502528047471e-16,2615.986062994205,1.6019832979748324e-09,0.7426036550482109
0.0000,71.2,0.0,0.0,0.0,0.0,0.999999999999688,-3.196502528047471e-16,2615.986039778805,2.049019305055372e-09,0.7426103314749514
0.0000,72.0,0.0,0.0,0.0,0.0,0.9999999999996049,-4.794753792071207e-16,2615.985993814696,2.5841555142718667e-09,0.7426205983079838
0.0000,72.8,0.0,0.0,0.0,0.0,0.9999999999995065,-1.5982512640237355e-16,2615.9860059631533,3.220360350674529e-09,0.7426153963296988
0.0000,73.60000000000001,0.0,0.0,0.0,0.0,0.9999999999993898,-3.196502528047471e-16,2615.986054115898,3.970493004857559e-09,0.7426053363132685
0.0000,74.4,0.0,0.0,0.0,0.0,0.9999999999992532,-6.393005056094942e-16,2615.986052562812,4.84606687911017e-09,0.7426099232591459
0.0000,75.2,0.0,0.0,0.0,0.0,0.999999999999095,-6.393005056094942e-16,2615.986003496329,5.86378257797442e-09,0.7426203931867011
0.0000,76.0,0.0,0.0,0.0,0.0,0.999999999998913,-6.393005056094942e-16,2615.985993523891,7.036468973521414e-09,0.7426179727114203
0.0000,76.8,0.0,0.0,0.0,0.0,0.9999999999987056,-4.794753792071207e-16,2615.986040294417,8.376822101960453e-09,0.7426085215938176
0.0000,77.60000000000001,0.0,0.0,0.0,0.0,0.9999999999984701,-6.393005056094942e-16,2615.98606039361,9.906400536618288e-09,0.7426091923039232
0.0000,78.4,0.0,0.0,0.0,0.0,0.9999999999982052,-4.794753792071207e-16,2615.986017405424,1.1636986213807032e-08,0.7426179063878737
0.0000,79.2,0.0,0.0,0.0,0.0,0.9999999999979078,-6.393005056094942e-16,2615.985987535608,1.3594927860367352e-08,0.7426196893589314
0.0000,80.0,0.0,0.0,0.0,0.0,0.9999999999975764,-3.196502528047471e-16,2615.9860240249627,1.579456929559511e-08,0.7426123428598959
0.0000,80.8,0.0,0.0,0.0,0.0,0.999999999997209,-6.393005056094942e-16,2615.9860616003666,1.825119422001469e-08,0.7426083153750392
0.0000,81.60000000000001,0.0,0.0,0.0,0.0,0.9999999999968059,-6.393005056094942e-16,2615.986032937683,2.1000207459236663e-08,0.742614253704067
0.0000,82.4,0.0,0.0,0.0,0.0,0.9999999999963675,-4.794753792071207e-16,2615.985989111374,2.399126012900729e-08,0.7426203568591861
0.0000,83.2,0.0,0.0,0.0,0.0,0.9999999999958954,-4.794753792071207e-16,2615.9860081866996,2.7352263811467486e-08,0.7426158452904685
0.0000,84.0,0.0,0.0,0.0,0.0,0.9999999999953909,-3.196502528047471e-16,2615.986055864837,3.090493607747716e-08,0.7426078231474491
0.0000,84.8,0.0,0.0,0.0,0.0,0.999999999994856,-3.196502528047471e-16,2615.9860471578863,3.492767691329259e-08,0.7426105863470619
0.0000,85.60000000000001,0.0,0.0,0.0,0.0,0.9999999999942905,-3.196502528047471e-16,2615.9859977984133,3.915022429946629e-08,0.7426197123921824
0.0000,86.4,0.0,0.0,0.0,0.0,0.9999999999936947,-1.5982512640237355e-16,2615.9859956063433,4.389922547056551e-08,0.7426183509523554
0.0000,87.2,0.0,0.0,0.0,0.0,0.9999999999930672,-6.393005056094942e-16,2615.9860442679933,4.902348339682866e-08,0.7426082669897142
0.0000,88.0,0.0,0.0,0.0,0.0,0.9999999999924105,-1.5982512640237355e-16,2615.9860573122537,5.455450957959507e-08,0.7426077431799993
0.0000,88.8,0.0,0.0,0.0,0.0,0.9999999999917251,-3.196502528047471e-16,2615.9860117423423,6.089558189668351e-08,0.7426176880622153
0.0000,89.60000000000001,0.0,0.0,0.0,0.0,0.9999999999910143,-1.5982512640237355e-16,2615.9859885775872,6.718008806769502e-08,0.742619584398268
0.0000,90.4,0.0,0.0,0.0,0.0,0.9999999999902807,-3.196502528047471e-16,2615.986029034793,7.499078977002631e-08,0.7426098848540202
0.0000,91.2,0.0,0.0,0.0,0.0,0.9999999999895238,-1.5982512640237355e-16,2615.986061362722,8.235284925111343e-08,0.742606155046641
0.0000,92.0,0.0,0.0,0.0,0.0,0.9999999999887458,-3.196502528047471e-16,2615.9860281293627,9.132483161324852e-08,0.7426145861500145
0.0000,92.8,0.0,0.0,0.0,0.0,0.9999999999879431,-3.196502528047471e-16,2615.9859884218727,1.008963657041739e-07,0.7426195850801681
0.0000,93.60000000000001,0.0,0.0,0.0,0.0,0.99999999998712,-3.196502528047471e-16,2615.986013067156,1.1040305848988842e-07,0.7426124482554722
0.0000,94.4,0.0,0.0,0.0,0.0,0.9999999999862784,-3.196502528047471e-16,2615.986058418039,1.2284901639493435e-07,0.7426059226275223
0.0000,95.2,0.0,0.0,0.0,0.0,0.9999999999854202,-4.794753792071207e-16,2615.9860437585758,1.3376171417286105e-07,0.742611054598809
0.0000,96.0,0.0,0.0,0.0,0.0,0.9999999999845581,-3.196502528047471e-16,2615.9859951949,1.475505089927551e-07,0.7426185419085011
0.0000,96.8,0.0,0.0,0.0,0.0,0.9999999999836934,-1.5982512640237355e-16,2615.985999370923,1.6253533434167685e-07,0.7426153441227913
0.0000,97.60000000000001,0.0,0.0,0.0,0.0,0.9999999999828357,-3.196502528047471e-16,2615.986048960081,1.7610735575037984e-07,0.7426069399482312
0.0000,98.4,0.0,0.0,0.0,0.0,0.9999999999819997,0.0,2615.9860556507547,1.951244100061444e-07,0.7426078924146541
0.0000,99.2,0.0,0.0,0.0,0.0,0.9999999999811813,-3.196502528047471e-16,2615.986007624728,2.1203053214705768e-07,0.7426166781640322
0.0000,100.0,0.0,0.0,0.0,0.0,0.999999999980413,-1.5982512640237355e-16,2615.9859905133753,2.303829489843258e-07,0.742617815748817
0.0000,100.8,0.0,0.0,0.0,0.0,0.9999999999797062,-1.5982512640237355e-16,2615.986034757155,2.5453677067759013e-07,0.7426089722041777
0.0000,101.60000000000001,0.0,0.0,0.0,0.0,0.9999999999790806,-3.196502528047471e-16,2615.9860615819944,2.736532901474458e-07,0.7426057974681944
0.0000,102.4,0.0,0.0,0.0,0.0,0.9999999999785955,-1.5982512640237355e-16,2615.986023340594,2.9840245763606927e-07,0.7426142332206273
0.0000,103.2,0.0,0.0,0.0,0.0,0.9999999999782324,0.0,2615.985988134878,3.2710824450190345e-07,0.7426192278898283
0.0000,104.0,0.0,0.0,0.0,0.0,0.9999999999780592,1.5982512640237355e-16,2615.98601855862,3.4927503916213107e-07,0.7426116722004628
0.0000,104.8,0.0,0.0,0.0,0.0,0.9999999999780934,-3.196502528047471e-16,2615.986060457162,3.8159234721570515e-07,0.7426051729808743
0.0000,105.60000000000001,0.0,0.0,0.0,0.0,0.9999999999783382,-3.196502528047471e-16,2615.986039312824,4.148746565563463e-07,0.7426115047640327
0.0000,106.4,0.0,0.0,0.0,0.0,0.9999999999788802,1.5982512640237355e-16,2615.9859926937906,4.412032323797119e-07,0.7426192451214734
0.0000,107.2,0.0,0.0,0.0,0.0,0.9999999999797016,-1.5982512640237355e-16,2615.9860034828635,4.823262592557284e-07,0.7426145786567153
0.0000,108.0,0.0,0.0,0.0,0.0,0.9999999999808578,0.0,2615.9860525034314,5.206717083851331e-07,0.7426060555785811
0.0000,108.8,0.0,0.0,0.0,0.0,0.9999999999823942,0.0,2615.9860524792107,5.519533845974174e-07,0.7426088806969214
0.0000,109.60000000000001,0.0,0.0,0.0,0.0,0.9999999999843293,0.0,2615.986003306259,6.03376112062874e-07,0.7426178820404767
0.0000,110.4,0.0,0.0,0.0,0.0,0.9999999999867238,-3.196502528047471e-16,2615.9859924489615,6.472964161695379e-07,0.7426171502971415
0.0000,111.2,0.0,0.0,0.0,0.0,0.9999999999896017,0.0,2615.986039237234,6.835972910470043e-07,0.7426081604103631
0.0000,112.0,0.0,0.0,0.0,0.0,0.9999999999930499,-1.5982512640237355e-16,2615.9860602722283,7.473993526589843e-07,0.742606809614925
0.0000,112.8,0.0,0.0,0.0,0.0,0.9999999999970626,-3.196502528047471e-16,2615.986017981215,7.959917320010766e-07,0.7426154484071243
0.0000,113.60000000000001,0.0,0.0,0.0,0.0,1.0000000000016969,0.0,2615.985987582645,8.384356291546486e-07,0.7426188576300266
0.0000,114.4,0.0,0.0,0.0,0.0,1.0000000000070763,0.0,2615.9860231176594,9.148823882990604e-07,0.7426109947241926
0.0000,115.2,0.0,0.0,0.0,0.0,1.0000000000130946,-3.196502528047471e-16,2615.986061216846,9.684320633438196e-07,0.742605706692237
0.0000,116.0,0.0,0.0,0.0,0.0,1.0000000000199034,-3.196502528047471e-16,2615.986033933992,1.017418196564044e-06,0.7426124416036499
0.0000,116.8,0.0,0.0,0.0,0.0,1.0000000000275944,-3.196502528047471e-16,2615.9859897370457,1.1056264076142052e-06,0.7426193096885577
0.0000,117.60000000000001,0.0,0.0,0.0,0.0,1.0000000000359477,-3.196502528047471e-16,2615.9860072243937,1.166097444763626e-06,0.7426139845348855
0.0000,118.4,0.0,0.0,0.0,0.0,1.0000000000452245,-3.196502528047471e-16,2615.9860551251595,1.2203071572072766e-06,0.7426058340809435
0.0000,119.2,0.0,0.0,0.0,0.0,1.0000000000554365,0.0,2615.9860480396383,1.3201752342853663e-06,0.7426094323358885
0.0000,120.0,0.0,0.0,0.0,0.0,1.0000000000662583,-3.196502528047471e-16,2615.9859985023645,1.3896001380429199e-06,0.7426183659810188
0.0000,120.8,0.0,0.0,0.0,0.0,1.0000000000780844,-1.5982512640237355e-16,2615.985994552893,1.4476121018471052e-06,0.7426165797580722
0.0000,121.60000000000001,0.0,0.0,0.0,0.0,1.0000000000907951,-1.5982512640237355e-16,2615.986043069601,1.5587686634195392e-06,0.7426072096115078
0.0000,122.4,0.0,0.0,0.0,0.0,1.0000000001039684,0.0,2615.986057612502,1.638668564076914e-06,0.7426069660534987
0.0000,123.2,0.0,0.0,0.0,0.0,1.0000000001181155,-1.5982512640237355e-16,2615.9860121463157,1.7003818628031856e-06,0.7426161872031422
0.0000,124.0,0.0,0.0,0.0,0.0,1.0000000001329972,-1.5982512640237355e-16,2615.985987412706,1.820905707515812e-06,0.7426183299912484
0.0000,124.8,0.0,0.0,0.0,0.0,1.000000000148096,1.5982512640237355e-16,2615.9860273629856,1.912596418544915e-06,0.7426095827413959
0.0000,125.60000000000001,0.0,0.0,0.0,0.0,1.0000000001640306,1.5982512640237355e-16,2615.986060755452,1.9794703790295946e-06,0.7426054826861018
0.0000,126.4,0.0,0.0,0.0,0.0,1.0000000001804676,-1.5982512640237355e-16,2615.9860279290247,2.1052094280848643e-06,0.7426132046462042
0.0000,127.2,0.0,0.0,0.0,0.0,1.0000000001967901,-1.5982512640237355e-16,2615.985987182897,2.2095778759535443e-06,0.7426189386445459
0.0000,128.0,0.0,0.0,0.0,0.0,1.0000000002136837,0.0,2615.986010938302,2.2844297649401037e-06,0.7426124861214936
0.0000,128.8,0.0,0.0,0.0,0.0,1.0000000002308098,0.0,2615.986056713613,2.4100212579789276e-06,0.7426052515237318
0.0000,129.6,0.0,0.0,0.0,0.0,1.000000000247431,-1.5982512640237355e-16,2615.986042840346,2.526259371330116e-06,0.7426100198055462
0.0000,130.4,0.0,0.0,0.0,0.0,1.0000000002642595,-1.5982512640237355e-16,2615.985993848445,2.6131005788047323e-06,0.7426183018396109
0.0000,131.2,0.0,0.0,0.0,0.0,1.0000000002810407,-1.5982512640237355e-16,2615.9859967809884,2.7335250832063235e-06,0.7426153424466603
0.0000,132.0,0.0,0.0,0.0,0.0,1.0000000002969183,-3.196502528047471e-16,2615.986046238376,2.8578529061422417e-06,0.7426063243470249
0.0000,132.8,0.0,0.0,0.0,0.0,1.0000000003125487,0.0,2615.986053968526,2.96108447658267e-06,0.7426072686833769
0.0000,133.6,0.0,0.0,0.0,0.0,1.0000000003278773,0.0,2615.986006009462,3.0741596150677265e-06,0.7426165300918697
0.0000,134.4,0.0,0.0,0.0,0.0,1.0000000003419451,-1.5982512640237355e-16,2615.98598755598,3.199189574326886e-06,0.742617590858862
0.0000,135.2,0.0,0.0,0.0,0.0,1.0000000003552667,0.0,2615.9860312449805,3.321875299022255e-06,0.7426085158257093
0.0000,136.0,0.0,0.0,0.0,0.0,1.0000000003680551,-3.196502528047471e-16,2615.986059083312,3.430168969776935e-06,0.7426054867954522
0.0000,136.8,0.0,0.0,0.0,0.0,1.0000000003793352,-3.196502528047471e-16,2615.98602129856,3.5464179899755782e-06,0.7426139407651747
0.0000,137.6,0.0,0.0,0.0,0.0,1.0000000003893597,-3.196502528047471e-16,2615.985984923446,3.687366124150436e-06,0.7426188024761574
0.0000,138.4,0.0,0.0,0.0,0.0,1.0000000003986396,-3.196502528047471e-16,2615.9860145047764,3.7988726676629174e-06,0.742611427572327
0.0000,139.20000000000002,0.0,0.0,0.0,0.0,1.0000000004063059,-3.196502528047471e-16,2615.9860571546956,3.898337229763056e-06,0.7426050086520022
0.0000,140.0,0.0,0.0,0.0,0.0,1.0000000004122669,-6.393005056094942e-16,2615.9860366796693,4.049738824737279e-06,0.7426110129605057
0.0000,140.8,0.0,0.0,0.0,0.0,1.000000000417263,-3.196502528047471e-16,2615.985989309202,4.175382775945526e-06,0.742618756784778
0.0000,141.6,0.0,0.0,0.0,0.0,1.0000000004206975,-3.196502528047471e-16,2615.9859991582503,4.256554791190074e-06,0.7426145128038629
0.0000,142.4,0.0,0.0,0.0,0.0,1.0000000004220986,-3.196502528047471e-16,2615.9860484140213,4.404045003679897e-06,0.7426059117161622
0.0000,143.20000000000002,0.0,0.0,0.0,0.0,1.0000000004222827,-4.794753792071207e-16,2615.9860491427157,4.552288687139809e-06,0.7426083025314213
0.0000,144.0,0.0,0.0,0.0,0.0,1.000000000421077,-4.794753792071207e-16,2615.985999829989,4.6237065415977005e-06,0.7426174764096612
0.0000,144.8,0.0,0.0,0.0,0.0,1.0000000004177083,-4.794753792071207e-16,2615.985987985311,4.750855808090932e-06,0.7426171836295687
0.0000,145.6,0.0,0.0,0.0,0.0,1.0000000004128442,-1.5982512640237355e-16,2615.986034443088,4.921025722704819e-06,0.7426080157379059
0.0000,146.4,0.0,0.0,0.0,0.0,1.000000000406801,-4.794753792071207e-16,2615.986056272722,5.000205241256622e-06,0.7426063375130492
0.0000,147.20000000000002,0.0,0.0,0.0,0.0,1.000000000398691,-3.196502528047471e-16,2615.986014328866,5.096721077420258e-06,0.7426152172072898
0.0000,148.0,0.0,0.0,0.0,0.0,1.0000000003888263,-3.196502528047471e-16,2615.9859830142445,5.2756242250747465e-06,0.742618926613845
0.0000,148.8,0.0,0.0,0.0,0.0,1.000000000377946,-1.5982512640237355e-16,2615.986017874469,5.381678572681281e-06,0.7426109203693567
0.0000,149.6,0.0,0.0,0.0,0.0,1.0000000003653082,-1.5982512640237355e-16,2615.9860565683107,5.45132466736991e-06,0.7426055078432927
0.0000,150.4,0.0,0.0,0.0,0.0,1.0000000003507503,-3.196502528047471e-16,2615.98602991596,5.616823321208849e-06,0.742612414141557
0.0000,151.20000000000002,0.0,0.0,0.0,0.0,1.00000000033521,-1.5982512640237355e-16,2615.9859851596975,5.759316347131517e-06,0.7426194059642017
0.0000,152.0,0.0,0.0,0.0,0.0,1.0000000003183447,0.0,2615.986001744247,5.821886468711349e-06,0.7426140823928805
0.0000,152.8,0.0,0.0,0.0,0.0,1.0000000002995795,0.0,2615.9860498312037,5.9540904257413594e-06,0.7426059856526158
0.0000,153.6,0.0,0.0,0.0,0.0,1.0000000002797391,-3.196502528047471e-16,2615.986043574786,6.124469369360295e-06,0.7426096037365632
0.0000,154.4,0.0,0.0,0.0,0.0,1.0000000002589833,-1.5982512640237355e-16,2615.9859939065436,6.2076096547968955e-06,0.7426185366749108
0.0000,155.20000000000002,0.0,0.0,0.0,0.0,1.0000000002365574,-1.5982512640237355e-16,2615.98598897056,6.302319825965367e-06,0.7426169178077214
0.0000,156.0,0.0,0.0,0.0,0.0,1.0000000002129075,0.0,2615.9860372881903,6.475453269556405e-06,0.7426076906285636
0.0000,156.8,0.0,0.0,0.0,0.0,1.0000000001886062,-1.5982512640237355e-16,2615.986052636975,6.598957692922047e-06,0.7426073280123351
0.0000,157.6,0.0,0.0,0.0,0.0,1.0000000001630354,-1.5982512640237355e-16,2615.986007437713,6.673907721054375e-06,0.7426164986877464
0.0000,158.4,0.0,0.0,0.0,0.0,1.0000000001361504,-4.794753792071207e-16,2615.985981860071,6.821555723989977e-06,0.7426188824823955
0.0000,159.20000000000002,0.0,0.0,0.0,0.0,1.00000000010866,-4.794753792071207e-16,2615.9860212335284,6.983267620111291e-06,0.7426103217718257
0.0000,160.0,0.0,0.0,0.0,0.0,1.0000000000803322,-3.196502528047471e-16,2615.9860552632363,7.0705252265433015e-06,0.7426061160845141
0.0000,160.8,0.0,0.0,0.0,0.0,1.000000000050773,-3.196502528047471e-16,2615.986023123823,7.180243687843532e-06,0.7426134642430693
0.0000,161.6,0.0,0.0,0.0,0.0,1.0000000000204965,-6.393005056094942e-16,2615.985981778053,7.3546347600136836e-06,0.7426195329853285
0.0000,162.4,0.0,0.0,0.0,0.0,0.9999999999896869,-6.393005056094942e-16,2615.9860045714254,7.480729731786274e-06,0.7426140870109414
0.0000,163.20000000000002,0.0,0.0,0.0,0.0,0.9999999999578929,-4.794753792071207e-16,2615.986050666613,7.566873872137967e-06,0.7426060652732789
0.0000,164.0,0.0,0.0,0.0,0.0,0.999999999925248,-4.794753792071207e-16,2615.986037743654,7.720803965048046e-06,0.7426086513214176
0.0000,164.8,0.0,0.0,0.0,0.0,0.9999999998921643,-1.5982512640237355e-16,2615.985988662053,7.887472592425689e-06,0.7426190581165834
0.0000,165.6,0.0,0.0,0.0,0.0,0.9999999998584208,-3.196502528047471e-16,2615.985990681682,7.983614528544335e-06,0.7426202800140025
0.0000,166.4,0.0,0.0,0.0,0.0,0.9999999998238057,0.0,2615.986039913848,8.100181824632026e-06,0.7426073598096694
0.0000,167.20000000000002,0.0,0.0,0.0,0.0,0.9999999997886507,-1.5982512640237355e-16,2615.9860484405026,8.2811314328197e-06,0.7426015336812034
0.0000,168.0,0.0,0.0,0.0,0.0,0.99999999975308,-1.5982512640237355e-16,2615.986000826414,8.41643111655609e-06,0.7426148134331187
0.0000,168.8,0.0,0.0,0.0,0.0,0.9999999997167949,-3.196502528047471e-16,2615.9859814885062,8.50939539718545e-06,0.7426271062165671
0.0000,169.6,0.0,0.0,0.0,0.0,0.9999999996798271,-3.196502528047471e-16,2615.9860246371977,8.668693533142018e-06,0.7426148697030235
0.0000,170.4,0.0,0.0,0.0,0.0,0.9999999996424924,-1.5982512640237355e-16,2615.986053324077,8.844501164880895e-06,0.7425982850674062
0.0000,171.20000000000002,0.0,0.0,0.0,0.0,0.9999999996046843,-4.794753792071207e-16,2615.9860163618278,8.949409593769768e-06,0.7426065254909728
0.0000,172.0,0.0,0.0,0.0,0.0,0.9999999995661637,-4.794753792071207e-16,2615.985979467523,9.07004519278349e-06,0.7426224379728391
0.0000,172.8,0.0,0.0,0.0,0.0,0.9999999995271649,-4.794753792071207e-16,2615.9860080577205,9.256922747228588e-06,0.742619457022117
0.0000,173.6,0.0,0.0,0.0,0.0,0.9999999994878781,-3.196502528047471e-16,2615.9860509135046,9.402796479378403e-06,0.7426058467093474
0.0000,174.4,0.0,0.0,0.0,0.0,0.9999999994480129,-1.5982512640237355e-16,2615.9860314940156,9.501880386861118e-06,0.7426087199399312
0.0000,175.20000000000002,0.0,0.0,0.0,0.0,0.9999999994075236,-3.196502528047471e-16,2615.9859839025003,9.662672370223812e-06,0.7426214294512862
0.0000,176.0,0.0,0.0,0.0,0.0,0.9999999993667634,-1.5982512640237355e-16,2615.9859924973703,9.846691789287559e-06,0.7426146425652429
0.0000,176.8,0.0,0.0,0.0,0.0,0.9999999993256616,-3.196502528047471e-16,2615.986041947863,9.962306484753657e-06,0.7426006560875222
0.0000,177.6,0.0,0.0,0.0,0.0,0.9999999992839179,-3.196502528047471e-16,2615.98604406628,1.0083835979841985e-05,0.7426049721558113
0.0000,178.4,0.0,0.0,0.0,0.0,0.9999999992417663,-4.794753792071207e-16,2615.985994956289,1.0272048050139121e-05,0.7426189110198146
0.0000,179.20000000000002,0.0,0.0,0.0,0.0,0.9999999991994386,-6.393005056094942e-16,2615.9859820958372,1.0430205831612054e-05,0.7426240901777469
0.0000,180.0,0.0,0.0,0.0,0.0,0.9999999991566327,-4.794753792071207e-16,2615.9860281453243,1.0535918081460601e-05,0.7426143739208171
0.0000,180.8,0.0,0.0,0.0,0.0,0.9999999991132857,-4.794753792071207e-16,2615.986050719536,1.069239694334652e-05,0.7426053278917624
0.0000,181.6,0.0,0.0,0.0,0.0,0.9999999990697587,-4.794753792071207e-16,2615.9860094578735,1.088264512257994e-05,0.7426108329731462
0.0000,182.4,0.0,0.0,0.0,0.0,0.999999999025986,-4.794753792071207e-16,2615.985977441376,1.1012004276456492e-05,0.7426150769225788
0.0000,183.20000000000002,0.0,0.0,0.0,0.0,0.9999999989816776,-3.196502528047471e-16,2615.9860110702302,1.1131830834200975e-05,0.7426087974032938
0.0000,184.0,0.0,0.0,0.0,0.0,0.9999999989370586,-3.196502528047471e-16,2615.986050241913,1.1315863448488965e-05,0.7426051629822035
0.0000,184.8,0.0,0.0,0.0,0.0,0.9999999988923501,-3.196502528047471e-16,2615.9860248866335,1.1487409508098806e-05,0.7426078373857589
0.0000,185.6,0.0,0.0,0.0,0.0,0.999999998847276,-4.794753792071207e-16,2615.985979698946,1.1601625732970279e-05,0.7426174321780287
0.0000,186.4,0.0,0.0,0.0,0.0,0.9999999988017709,-3.196502528047471e-16,2615.985995293358,1.1749105444635198e-05,0.7426257416664197
0.0000,187.20000000000002,0.0,0.0,0.0,0.0,0.9999999987561574,-3.196502528047471e-16,2615.9860440159837,1.1942166754164573e-05,0.7426159737941752
0.0000,188.0,0.0,0.0,0.0,0.0,0.9999999987104043,-3.196502528047471e-16,2615.9860389724236,1.2087966269228437e-05,0.7426063003118557
0.0000,188.8,0.0,0.0,0.0,0.0,0.9999999986642546,-3.196502528047471e-16,2615.9859892685154,1.2205951785525278e-05,0.7426120008992948
0.0000,189.6,0.0,0.0,0.0,0.0,0.9999999986178649,-6.393005056094942e-16,2615.985983145894,1.2380381463660176e-05,0.7426122801700502
0.0000,190.4,0.0,0.0,0.0,0.0,0.9999999985714456,-4.794753792071207e-16,2615.986030761238,1.2564059664489355e-05,0.7426031783587492
0.0000,191.20000000000002,0.0,0.0,0.0,0.0,0.9999999985248051,-3.196502528047471e-16,2615.9860468393113,1.268994975696936e-05,0.7426057992076996
0.0000,192.0,0.0,0.0,0.0,0.0,0.9999999984778495,-3.196502528047471e-16,2615.986002307033,1.2826271185167838e-05,0.742615209970116
0.0000,192.8,0.0,0.0,0.0,0.0,0.9999999984308157,0.0,2615.9859758038447,1.3016529828397578e-05,0.7426146114515341
0.0000,193.6,0.0,0.0,0.0,0.0,0.9999999983837367,-3.196502528047471e-16,2615.986014147074,1.3179599292805523e-05,0.7426118705260246
0.0000,194.4,0.0,0.0,0.0,0.0,0.9999999983364076,-3.196502528047471e-16,2615.986049141015,1.329874200400184e-05,0.7426109482535441
0.0000,195.20000000000002,0.0,0.0,0.0,0.0,0.9999999982888895,-4.794753792071207e-16,2615.986018408482,1.3459001928225718e-05,0.7426144956612183
0.0000,196.0,0.0,0.0,0.0,0.0,0.9999999982413834,-3.196502528047471e-16,2615.9859762419724,1.3649733266867652e-05,0.742625559213492
0.0000,196.8,0.0,0.0,0.0,0.0,0.9999999981937955,-3.196502528047471e-16,2615.985997691687,1.3790585086969037e-05,0.7426214009849538
0.0000,197.6,0.0,0.0,0.0,0.0,0.999999998145985,0.0,2615.9860445977383,1.391722333260852e-05,0.7426052218661316
0.0000,198.4,0.0,0.0,0.0,0.0,0.9999999980981051,1.5982512640237355e-16,2615.9860327532374,1.4097474084560293e-05,0.7426056746086118
0.0000,199.20000000000002,0.0,0.0,0.0,0.0,0.9999999980502725,0.0,2615.9859830181786,1.4275088367205761e-05,0.7426091999640994
0.0000,200.0,0.0,0.0,0.0,0.0,0.99999999800233,1.5982512640237355e-16,2615.985984327516,1.4400716458061912e-05,0.7426019901729938
0.0000,200.8,0.0,0.0,0.0,0.0,0.9999999979542304,1.5982512640237355e-16,2615.986033788335,1.4544736432229664e-05,0.7426015881826452
0.0000,201.6,0.0,0.0,0.0,0.0,0.9999999979061642,1.5982512640237355e-16,2615.986042785728,1.4734047365938218e-05,0.7426092480281258
0.0000,202.4,0.0,0.0,0.0,0.0,0.9999999978581424,-3.196502528047471e-16,2615.985995703594,1.4891333025454166e-05,0.7426167426198366
0.0000,203.20000000000002,0.0,0.0,0.0,0.0,0.9999999978099989,-3.196502528047471e-16,2615.9859758151697,1.5013481263286713e-05,0.7426238967816384
0.0000,204.0,0.0,0.0,0.0,0.0,0.9999999977617966,-1.5982512640237355e-16,2615.9860173175066,1.5177136168553415e-05,0.7426234139605677
0.0000,204.8,0.0,0.0,0.0,0.0,0.9999999977137036,-3.196502528047471e-16,2615.986046363919,1.5362471430078114e-05,0.7426144608235957
0.0000,205.6,0.0,0.0,0.0,0.0,0.9999999976656251,0.0,2615.986010856365,1.5500270296574813e-05,0.742612213573971
0.0000,206.4,0.0,0.0,0.0,0.0,0.9999999976174453,-3.196502528047471e-16,2615.985972447113,1.5630179194874814e-05,0.7426183319982067
0.0000,207.20000000000002,0.0,0.0,0.0,0.0,0.9999999975693211,-4.794753792071207e-16,2615.9859992970173,1.580825662442959e-05,0.7426128241841774
0.0000,208.0,0.0,0.0,0.0,0.0,0.9999999975213397,-3.196502528047471e-16,2615.986043974097,1.597950660792871e-05,0.7425985250812268
0.0000,208.8,0.0,0.0,0.0,0.0,0.999999997473338,-4.794753792071207e-16,2615.9860261526132,1.6104891353839622e-05,0.742604631889127
0.0000,209.6,0.0,0.0,0.0,0.0,0.9999999974253039,-1.5982512640237355e-16,2615.9859776177277,1.6249161067965978e-05,0.7426198641068734
0.0000,210.4,0.0,0.0,0.0,0.0,0.9999999973774231,0.0,2615.985985939226,1.643209883126054e-05,0.7426117442575908
0.0000,211.20000000000002,0.0,0.0,0.0,0.0,0.9999999973296718,-1.5982512640237355e-16,2615.9860363042203,1.658491550778356e-05,0.7426027154732026
0.0000,212.0,0.0,0.0,0.0,0.0,0.9999999972818978,-1.5982512640237355e-16,2615.986038622824,1.6707359765448377e-05,0.742613824001339
0.0000,212.8,0.0,0.0,0.0,0.0,0.9999999972341908,-4.794753792071207e-16,2615.9859891716337,1.6866578626793707e-05,0.7426153755429967
0.0000,213.6,0.0,0.0,0.0,0.0,0.9999999971866897,-1.5982512640237355e-16,2615.9859757586446,1.704441058309859e-05,0.7426074896082038
0.0000,214.4,0.0,0.0,0.0,0.0,0.9999999971392863,-1.5982512640237355e-16,2615.986021004536,1.718020192121432e-05,0.742612773238269
0.0000,215.20000000000002,0.0,0.0,0.0,0.0,0.9999999970919022,-3.196502528047471e-16,2615.9860436379468,1.7307981897392612e-05,0.74261244759322
0.0000,216.0,0.0,0.0,0.0,0.0,0.9999999970446823,-4.794753792071207e-16,2615.9860031040644,1.747779574745065e-05,0.7426071908408804
0.0000,216.8,0.0,0.0,0.0,0.0,0.9999999969976757,-3.196502528047471e-16,2615.9859705960057,1.7643066825487005e-05,0.7426217354748325
0.0000,217.6,0.0,0.0,0.0,0.0,0.9999999969507476,-3.196502528047471e-16,2615.9860029910096,1.7767194822603455e-05,0.7426274721291023
0.0000,218.4,0.0,0.0,0.0,0.0,0.9999999969039103,-4.794753792071207e-16,2615.9860425030106,1.7905249228689497e-05,0.7426095584932355
0.0000,219.20000000000002,0.0,0.0,0.0,0.0,0.9999999968573061,-3.196502528047471e-16,2615.9860186509877,1.8078529278369412e-05,0.742613260543974
0.0000,220.0,0.0,0.0,0.0,0.0,0.9999999968108998,-4.794753792071207e-16,2615.9859731917268,1.822765454826748e-05,0.7426308675336976
0.0000,220.8,0.0,0.0,0.0,0.0,0.9999999967645802,-7.991256320118678e-16,2615.985986791836,1.834713851314892e-05,0.7426161024906882
0.0000,221.6,0.0,0.0,0.0,0.0,0.9999999967184279,-4.794753792071207e-16,2615.9860356502313,1.849638325719804e-05,0.7425972621972896
0.0000,222.4,0.0,0.0,0.0,0.0,0.9999999966725439,-3.196502528047471e-16,2615.986032884854,1.866547493704786e-05,0.7426073182021062
0.0000,223.20000000000002,0.0,0.0,0.0,0.0,0.9999999966268418,-4.794753792071207e-16,2615.9859830843393,1.879885099310235e-05,0.7426109855069735
0.0000,224.0,0.0,0.0,0.0,0.0,0.9999999965812594,-4.794753792071207e-16,2615.9859751624267,1.892026416705798e-05,0.7425977844039108
0.0000,224.8,0.0,0.0,0.0,0.0,0.9999999965359088,-6.393005056094942e-16,2615.9860239786562,1.9077974089747354e-05,0.7425985457288153
0.0000,225.6,0.0,0.0,0.0,0.0,0.9999999964908375,-1.5982512640237355e-16,2615.986042390711,1.92365986695851e-05,0.7426067576920242
0.0000,226.4,0.0,0.0,0.0,0.0,0.9999999964459397,-3.196502528047471e-16,2615.9859967720517,1.935780758439598e-05,0.7426070015047621
0.0000,227.20000000000002,0.0,0.0,0.0,0.0,0.9999999964012103,-4.794753792071207e-16,2615.985968648021,1.948565757388043e-05,0.7426136343378787
0.0000,228.0,0.0,0.0,0.0,0.0,0.9999999963567638,-3.196502528047471e-16,2615.9860082033474,1.9646635376688865e-05,0.7426230127841242
0.0000,228.8,0.0,0.0,0.0,0.0,0.999999996312589,-4.794753792071207e-16,2615.986043235799,1.9791177989165135e-05,0.7426193906991384
0.0000,229.6,0.0,0.0,0.0,0.0,0.999999996268591,-3.196502528047471e-16,2615.9860104796994,1.9905545822359254e-05,0.7426187480240737
0.0000,230.4,0.0,0.0,0.0,0.0,0.9999999962248185,-3.196502528047471e-16,2615.985969132261,2.0041407536626126e-05,0.7426306321119164
0.0000,231.20000000000002,0.0,0.0,0.0,0.0,0.9999999961813631,-1.5982512640237355e-16,2615.9859917640997,2.019961067921407e-05,0.7426306843937303
0.0000,232.0,0.0,0.0,0.0,0.0,0.9999999961381633,-3.196502528047471e-16,2615.9860361896685,2.032953930971407e-05,0.7426143773348945
0.0000,232.8,0.0,0.0,0.0,0.0,0.9999999960951568,-1.5982512640237355e-16,2615.986024542536,2.0442472439460988e-05,0.7426095188131977
0.0000,233.6,0.0,0.0,0.0,0.0,0.9999999960524322,-3.196502528047471e-16,2615.985978543008,2.058503579793372e-05,0.7426187950973316
0.0000,234.4,0.0,0.0,0.0,0.0,0.9999999960100391,-3.196502528047471e-16,2615.985977974378,2.073514947148137e-05,0.7426144800109683
0.0000,235.20000000000002,0.0,0.0,0.0,0.0,0.9999999959678871,-6.393005056094942e-16,2615.9860237943935,2.0852552730173906e-05,0.7425961493006137
0.0000,236.0,0.0,0.0,0.0,0.0,0.9999999959259602,-4.794753792071207e-16,2615.986036810046,2.0968182939267382e-05,0.7425941647866822
0.0000,236.8,0.0,0.0,0.0,0.0,0.9999999958843598,-4.794753792071207e-16,2615.985992622401,2.1114047957065326e-05,0.7426084164730634
0.0000,237.6,0.0,0.0,0.0,0.0,0.9999999958430869,-4.794753792071207e-16,2615.98596756348,2.125254218186524e-05,0.7426074167645019
0.0000,238.4,0.0,0.0,0.0,0.0,0.9999999958020519,-6.393005056094942e-16,2615.9860080626977,2.136111830813362e-05,0.7425953720890419
0.0000,239.20000000000002,0.0,0.0,0.0,0.0,0.9999999957612836,-6.393005056094942e-16,2615.9860427920025,2.148158628353783e-05,0.7426028756017283
0.0000,240.0,0.0,0.0,0.0,0.0,0.9999999957208678,-3.196502528047471e-16,2615.9860066157908,2.162637728091863e-05,0.7426179705198256
0.0000,240.8,0.0,0.0,0.0,0.0,0.9999999956807637,-6.393005056094942e-16,2615.9859635873927,2.1751885987996458e-05,0.7426146118017555
0.0000,241.6,0.0,0.0,0.0,0.0,0.9999999956409082,-3.196502528047471e-16,2615.9859930218345,2.1855821808596116e-05,0.7426119664138672
0.0000,242.4,0.0,0.0,0.0,0.0,0.9999999956013615,-3.196502528047471e-16,2615.9860409952284,2.1981197985144916e-05,0.7426231683560472
0.0000,243.20000000000002,0.0,0.0,0.0,0.0,0.9999999955621753,-7.991256320118678e-16,2615.986019532093,2.2120619975387792e-05,0.7426228427573035
0.0000,244.0,0.0,0.0,0.0,0.0,0.9999999955232859,-3.196502528047471e-16,2615.9859694390298,2.2233772932176462e-05,0.7426153293352133
0.0000,244.8,0.0,0.0,0.0,0.0,0.9999999954846647,-4.794753792071207e-16,2615.9859816618746,2.2336789131859495e-05,0.7426250376361155
0.0000,245.6,0.0,0.0,0.0,0.0,0.9999999954463868,-4.794753792071207e-16,2615.9860313677145,2.2465410586000575e-05,0.742627107379531
0.0000,246.4,0.0,0.0,0.0,0.0,0.9999999954084654,-3.196502528047471e-16,2615.9860298817857,2.2596045393197405e-05,0.7426067715094148
0.0000,247.20000000000002,0.0,0.0,0.0,0.0,0.9999999953708285,-4.794753792071207e-16,2615.9859834260524,2.269898684257886e-05,0.7426077214015261
0.0000,248.0,0.0,0.0,0.0,0.0,0.9999999953334848,-6.393005056094942e-16,2615.985973580562,2.2803708385025957e-05,0.7426278605166886
0.0000,248.8,0.0,0.0,0.0,0.0,0.9999999952965072,-6.393005056094942e-16,2615.986014420831,2.2932778343704816e-05,0.7426129552287546
0.0000,249.6,0.0,0.0,0.0,0.0,0.9999999952598754,-4.794753792071207e-16,2615.9860352330215,2.3052564250741256e-05,0.7425880588118422
0.0000,250.4,0.0,0.0,0.0,0.0,0.9999999952235267,-4.794753792071207e-16,2615.9860009326903,2.3148281307113104e-05,0.7426082492518723
0.0000,251.20000000000002,0.0,0.0,0.0,0.0,0.999999995187496,-6.393005056094942e-16,2615.985968620738,2.3255896087171096e-05,0.7426264218793609
0.0000,252.0,0.0,0.0,0.0,0.0,0.9999999951518389,-6.393005056094942e-16,2615.9859939761595,2.3382162115315618e-05,0.7425988471437746
0.0000,252.8,0.0,0.0,0.0,0.0,0.9999999951165132,-3.196502528047471e-16,2615.98603527168,2.349055818514926e-05,0.7425892728218435
0.0000,253.6,0.0,0.0,0.0,0.0,0.9999999950814773,-4.794753792071207e-16,2615.986018214421,2.3582207154866827e-05,0.7426204127408352
0.0000,254.4,0.0,0.0,0.0,0.0,0.9999999950467823,-6.393005056094942e-16,2615.985968640543,2.3692484585211353e-05,0.7426218026821632
0.0000,255.20000000000002,0.0,0.0,0.0,0.0,0.9999999950124568,-3.196502528047471e-16,2615.985976280021,2.381290506343394e-05,0.7425964750516906
0.0000,256.0,0.0,0.0,0.0,0.0,0.9999999949784458,-6.393005056094942e-16,2615.9860308670677,2.3910735648265926e-05,0.7426083400556028
0.0000,256.8,0.0,0.0,0.0,0.0,0.9999999949447396,-3.196502528047471e-16,2615.9860318754863,2.4001021442967186e-05,0.74262833273923
0.0000,257.6,0.0,0.0,0.0,0.0,0.999999994911396,-4.794753792071207e-16,2615.9859750369037,2.4112563633884552e-05,0.7426107130379238
0.0000,258.4,0.0,0.0,0.0,0.0,0.9999999948784137,-6.393005056094942e-16,2615.9859658894998,2.422477574787175e-05,0.7426041004779358
0.0000,259.2,0.0,0.0,0.0,0.0,0.9999999948457337,-4.794753792071207e-16,2615.9860217039923,2.4313791660040585e-05,0.7426264941259338
0.0000,260.0,0.0,0.0,0.0,0.0,0.9999999948133678,-6.393005056094942e-16,2615.9860384043877,2.440455821702362e-05,0.7426195964529161
0.0000,260.8,0.0,0.0,0.0,0.0,0.999999994781372,-4.794753792071207e-16,2615.985987224992,2.451529416441617e-05,0.742597459365391
0.0000,261.6,0.0,0.0,0.0,0.0,0.9999999947497233,-6.393005056094942e-16,2615.9859639017272,2.4617994776402482e-05,0.7426162003617125
0.0000,262.4,0.0,0.0,0.0,0.0,0.9999999947183744,-7.991256320118678e-16,2615.98600725477,2.4700507840584022e-05,0.7426314826540339
0.0000,263.2,0.0,0.0,0.0,0.0,0.9999999946873556,-6.393005056094942e-16,2615.986036309152,2.4792588109077102e-05,0.7426011358835951
0.0000,264.0,0.0,0.0,0.0,0.0,0.9999999946567035,-4.794753792071207e-16,2615.9860033535665,2.490018618244659e-05,0.742593488619317
0.0000,264.8,0.0,0.0,0.0,0.0,0.9999999946263775,-6.393005056094942e-16,2615.9859690929693,2.4993107527431545e-05,0.7426285980707552
0.0000,265.6,0.0,0.0,0.0,0.0,0.9999999945963474,-9.589507584142415e-16,2615.9859892660443,2.5071525153507765e-05,0.7426251218160604
0.0000,266.4,0.0,0.0,0.0,0.0,0.9999999945666577,-7.991256320118678e-16,2615.9860274018824,2.5164855363832788e-05,0.7425894675959682
0.0000,267.2,0.0,0.0,0.0,0.0,0.9999999945373284,-6.393005056094942e-16,2615.986020647273,2.5267206448480382e-05,0.7426036657063959
0.0000,268.0,0.0,0.0,0.0,0.0,0.9999999945083147,-6.393005056094942e-16,2615.9859792117804,2.5350970993421596e-05,0.7426356789530274
0.0000,268.8,0.0,0.0,0.0,0.0,0.9999999944796067,-4.794753792071207e-16,2615.985972016758,2.542730456649137e-05,0.7426146570947288
0.0000,269.6,0.0,0.0,0.0,0.0,0.9999999944512444,-6.393005056094942e-16,2615.986015081297,2.5520951557584853e-05,0.7425925359431784
0.0000,270.4,0.0,0.0,0.0,0.0,0.9999999944232235,-7.991256320118678e-16,2615.986035015174,2.5616355710497e-05,0.7426191164675404
0.0000,271.2,0.0,0.0,0.0,0.0,0.9999999943954968,-7.991256320118678e-16,2615.9859915743273,2.5692323347231925e-05,0.7426311674656225
0.0000,272.0,0.0,0.0,0.0,0.0,0.9999999943680741,-3.196502528047471e-16,2615.9859602662923,2.5768149019536868e-05,0.7426052706978536
0.0000,272.8,0.0,0.0,0.0,0.0,0.9999999943409947,-3.196502528047471e-16,2615.9860018621343,2.5860814554285286e-05,0.742605092944324
0.0000,273.6,0.0,0.0,0.0,0.0,0.9999999943142416,-6.393005056094942e-16,2615.98604186613,2.5948346128863465e-05,0.7426262972802548
0.0000,274.40000000000003,0.0,0.0,0.0,0.0,0.9999999942877807,-7.991256320118678e-16,2615.98600379866,2.6018205722709386e-05,0.7426150924443511
0.0000,275.2,0.0,0.0,0.0,0.0,0.9999999942616348,-6.393005056094942e-16,2615.9859572333576,2.6094311862009634e-05,0.7426003323752087
0.0000,276.0,0.0,0.0,0.0,0.0,0.99999999423583,-4.794753792071207e-16,2615.9859888928163,2.618432214101393e-05,0.7426176649646199
0.0000,276.8,0.0,0.0,0.0,0.0,0.9999999942103348,-6.393005056094942e-16,2615.9860385023303,2.62635994443775e-05,0.7426205405993863
0.0000,277.6,0.0,0.0,0.0,0.0,0.9999999941851232,-7.991256320118678e-16,2615.986014599634,2.632914297944865e-05,0.7425969178354197
0.0000,278.40000000000003,0.0,0.0,0.0,0.0,0.9999999941602224,-7.991256320118678e-16,2615.985963774786,2.640568871259106e-05,0.7426026127706566
0.0000,279.2,0.0,0.0,0.0,0.0,0.9999999941356428,-6.393005056094942e-16,2615.985977160774,2.649156680285021e-05,0.7426251627134554
0.0000,280.0,0.0,0.0,0.0,0.0,0.9999999941113474,-6.393005056094942e-16,2615.986025907077,2.6563066664189583e-05,0.7426089603298293
0.0000,280.8,0.0,0.0,0.0,0.0,0.9999999940873309,-7.991256320118678e-16,2615.9860235893484,2.6626032069163777e-05,0.7425886959393139
0.0000,281.6,0.0,0.0,0.0,0.0,0.9999999940636308,-4.794753792071207e-16,2615.985978307747,2.670264237115307e-05,0.7426118661547887
0.0000,282.40000000000003,0.0,0.0,0.0,0.0,0.9999999940402469,-6.393005056094942e-16,2615.985968341839,2.6783127475342715e-05,0.7426274405942682
0.0000,283.2,0.0,0.0,0.0,0.0,0.9999999940171435,-7.991256320118678e-16,2615.9860081220504,2.684755929842208e-05,0.7426019278686558
0.0000,284.0,0.0,0.0,0.0,0.0,0.9999999939943202,-9.589507584142415e-16,2615.9860300576293,2.6909165361817483e-05,0.742594854448629
0.0000,284.8,0.0,0.0,0.0,0.0,0.9999999939718032,-6.393005056094942e-16,2615.9859971021606,2.6984920441498486e-05,0.7426226856682693
0.0000,285.6,0.0,0.0,0.0,0.0,0.9999999939495761,-7.991256320118678e-16,2615.9859643693144,2.705914020711408e-05,0.7426256409040993
0.0000,286.40000000000003,0.0,0.0,0.0,0.0,0.9999999939276069,-4.794753792071207e-16,2615.9859899130256,2.7117845793459197e-05,0.7426038033523414
0.0000,287.2,0.0,0.0,0.0,0.0,0.9999999939059079,-6.393005056094942e-16,2615.986032166184,2.717902744546994e-05,0.7426090438149097
0.0000,288.0,0.0,0.0,0.0,0.0,0.9999999938845013,-7.991256320118678e-16,2615.986015280982,2.7253084132131917e-05,0.7426273520298962
0.0000,288.8,0.0,0.0,0.0,0.0,0.9999999938633658,-6.393005056094942e-16,2615.9859664980618,2.7320710459125517e-05,0.7426204815166995
0.0000,289.6,0.0,0.0,0.0,0.0,0.9999999938424812,-6.393005056094942e-16,2615.985974844075,2.7375127729867635e-05,0.7426112188238158
0.0000,290.40000000000003,0.0,0.0,0.0,0.0,0.999999993821868,-7.991256320118678e-16,2615.986027749613,2.7436255615890352e-05,0.7426203554467014
0.0000,291.2,0.0,0.0,0.0,0.0,0.9999999938015375,-6.393005056094942e-16,2615.986028526151,2.7507548036965448e-05,0.7426219281660984
0.0000,292.0,0.0,0.0,0.0,0.0,0.9999999937814671,-7.991256320118678e-16,2615.985974783934,2.75686065252969e-05,0.7426132852404314
0.0000,292.8,0.0,0.0,0.0,0.0,0.9999999937616465,-9.589507584142415e-16,2615.985964861497,2.7619896953402276e-05,0.7426179251927778
0.0000,293.6,0.0,0.0,0.0,0.0,0.9999999937421,-1.118775884816615e-15,2615.9860161178876,2.7681040004146413e-05,0.7426221818270309
0.0000,294.40000000000003,0.0,0.0,0.0,0.0,0.9999999937228303,-7.991256320118678e-16,2615.98603454597,2.7748265609604775e-05,0.7426096481411355
0.0000,295.2,0.0,0.0,0.0,0.0,0.9999999937038039,-4.794753792071207e-16,2615.985988043662,2.7803322350939305e-05,0.7426067105272297
0.0000,296.0,0.0,0.0,0.0,0.0,0.999999993685016,-6.393005056094942e-16,2615.9859608475317,2.7852523559234433e-05,0.7426201281409841
0.0000,296.8,0.0,0.0,0.0,0.0,0.9999999936664861,-7.991256320118678e-16,2615.985999223374,2.7913283845444116e-05,0.7426160770441964
0.0000,297.6,0.0,0.0,0.0,0.0,0.9999999936482012,-4.794753792071207e-16,2615.9860333403517,2.797597522119807e-05,0.7425984496537262
0.0000,298.40000000000003,0.0,0.0,0.0,0.0,0.9999999936301335,-6.393005056094942e-16,2615.986003957621,2.8025738560605076e-05,0.7426034993196438
0.0000,299.2,0.0,0.0,0.0,0.0,0.9999999936122943,-6.393005056094942e-16,2615.9859630836304,2.8074113370666854e-05,0.7426181651834068
0.0000,300.0,0.0,0.0,0.0,0.0,0.9999999935947023,-4.794753792071207e-16,2615.985981186819,2.8133805872947085e-05,0.742608837522106
0.0000,300.8,0.0,0.0,0.0,0.0,0.9999999935773501,-6.393005056094942e-16,2615.986026309308,2.819170744618009e-05,0.7425951408869286
0.0000,301.6,0.0,0.0,0.0,0.0,0.9999999935602244,-4.794753792071207e-16,2615.9860193152126,2.8236921174053254e-05,0.7426045549308157
0.0000,302.40000000000003,0.0,0.0,0.0,0.0,0.9999999935433397,-4.794753792071207e-16,2615.985971218443,2.8284747448728645e-05,0.7426147663270882
0.0000,303.2,0.0,0.0,0.0,0.0,0.9999999935267115,-4.794753792071207e-16,2615.9859666119714,2.834274516876523e-05,0.7426066220984342
0.0000,304.0,0.0,0.0,0.0,0.0,0.9999999935103233,-3.196502528047471e-16,2615.986015154504,2.8394963574179688e-05,0.7426010832741835
0.0000,304.48,0.0,0.0,0.0,0.0,0.9999999935005979,-4.794753792071207e-16,2615.9860333753977,2.8420395885024353e-05,0.7426048369722299
0.0005,0.0,0.0005,0.0005,0.0,1.0,1.0,0.0,2615.985981248702,0.0,0.7426140469967158
0.0005,0.8,0.0004729885483489115,0.0004729885099742788,-6.691019879983245e-05,0.9999889646117972,1.0,0.0,2615.986033881125,1.0458858832079967e-14,0.7426623396284056
0.0005,1.6,0.0003948755490163888,0.0003948752212374539,-0.00012658617106730435,0.9999401952565669,1.0,0.0,2615.986086597658,3.685538470068517e-14,0.7426951714391122
0.0005,2.4,0.00027410212329064925,0.0002741016662383232,-0.00017258654602547512,0.9998854424715922,1.0,0.0,2615.9860382713223,-1.4279823547059914e-14,0.7426363664824089
0.0005,3.2,0.00012371412789171824,0.0001237140957757437,-0.00019994343134765836,0.9998633850381,1.0,0.0,2615.985988040625,4.8582812964932607e-14,0.7426221160731149
0.0005,4.0,-4.004064426864881e-05,-4.004026684799377e-05,-0.00020569757057216543,0.9998590581523049,0.9999999999999997,-3.196502528047471e-16,2615.986026608804,5.9579581508863e-14,0.7426846012489638
0.0005,4.8,-0.00019946964889957342,-0.000199468869869047,-0.00018922832357429098,0.9998847123694902,0.9999999999999997,-3.196502528047471e-16,2615.9860725314966,-6.2023771034297015e-15,0.7426775025066036
0.0005,5.6000000000000005,-0.0003373480096447046,-0.00033734735024181796,-0.00015231452413653278,0.9999270791436021,1.0,0.0,2615.9860487940755,-1.114720545918642e-14,0.7426160884666007
0.0005,6.4,-0.0004387768320159491,-0.00043877792289442094,-9.894209271147198e-05,0.9999562148384932,0.9999999999999997,-3.196502528047471e-16,2615.986010807439,-6.037008762535612e-14,0.7426415824946877
0.0005,7.2,-0.0004927983196558354,-0.0004928009083346042,-3.488036274624927e-05,0.9999768467737952,0.9999999999999997,-3.196502528047471e-16,2615.9860213355546,-1.1342721498e-13,0.7426914953460074
0.0005,8.0,-0.0004935781674321378,-0.0004935808804141623,3.294823630109509e-05,0.9999771988430907,0.9999999999999997,-3.196502528047471e-16,2615.986056226899,-1.0287849820247069e-13,0.7426413459532427
0.0005,8.8,-0.00044102818671267965,-0.0004410337750105088,9.721815013760049e-05,0.9999551280243016,1.0,0.0,2615.9860657390614,-6.12882068071791e-14,0.7425937300475288
0.0005,9.6,-0.00034082324678624706,-0.00034083589009072443,0.00015098516708903813,0.9999238341787144,0.9999999999999997,-3.196502528047471e-16,2615.9860402516347,1.2451057481943875e-15,0.7426381627044641
0.0005,10.4,-0.00020379414378885675,-0.0002038127857985249,0.0001884390728384945,0.9998934095883963,0.9999999999999997,-3.196502528047471e-16,2615.9860178934123,-2.468066396711799e-14,0.7426205540953322
0.0005,11.200000000000001,-4.474933321318537e-05,-4.4768913546108236e-05,0.00020553348794371588,0.9998788993232917,1.0,0.0,2615.9860410819215,-7.167432012765543e-14,0.7425142712505891
0.0005,12.0,0.00011912625400478204,0.00011911202664348625,0.0002004210953710394,0.9998835586144169,1.0000000000000002,1.5982512640237355e-16,2615.986081255136,-5.352896537038365e-14,0.7425249014477258
0.0005,12.8,0.0002701278225078821,0.00027012368908839034,0.00017365469388065508,0.9999093057885206,1.0,0.0,2615.986066708295,-1.5653539376938322e-14,0.7425963813446528
0.0005,13.6,0.00039194349517423984,0.0003919502398636982,0.00012812533449535937,0.9999393010079111,0.9999999999999997,-3.196502528047471e-16,2615.9860179632474,1.2507381146087695e-14,0.7425495865111819
0.0005,14.4,0.000471407172830494,0.00047142774618988393,6.87506455008135e-05,0.9999551642726118,1.0,0.0,2615.9860300453315,7.738507301725197e-14,0.7425137877530745
0.0005,15.200000000000001,0.0004999293205901132,0.0004999684170257917,1.948880629793514e-06,0.9999628498391768,0.9999999999999997,-3.196502528047471e-16,2615.986089236409,1.1424667927226977e-13,0.7425823462907225
0.0005,16.0,0.00047443627233365374,0.0004744904883101781,-6.506094277261635e-05,0.99995123859234,0.9999999999999997,-3.196502528047471e-16,2615.9860848524877,1.0955081532681367e-13,0.7425946866722407
0.0005,16.8,0.00039768790221434694,0.00039774708452568506,-0.00012504311144237185,0.999928869830081,1.0000000000000002,1.5982512640237355e-16,2615.9860240487515,1.7745262775649762e-13,0.7425452425242755
0.0005,17.6,0.0002779741452448443,0.0002780279147504185,-0.00017151691339086476,0.9999147250936926,1.0,0.0,2615.986024601797,7.048977176490687e-14,0.7425739009524902
0.0005,18.400000000000002,0.00012822896666869345,0.00012826805198553625,-0.00019945756538249445,0.9998971547965457,1.0,0.0,2615.9860863895333,4.021756230787598e-14,0.7426152708007699
0.0005,19.2,-3.536926937144202e-05,-3.535052118420331e-05,-0.00020584715972798358,0.9998902539875948,1.0000000000000002,1.5982512640237355e-16,2615.9860933843934,2.6396675209520045e-14,0.7425771778578256
0.0005,20.0,-0.00019514721007067224,-0.00019514961173589174,-0.00018999596980276334,0.9999019510290025,1.0,0.0,2615.986037723351,4.025160318152887e-14,0.742566157337543
0.0005,20.8,-0.00033384144627546627,-0.00033386311311683843,-0.00015361541438033155,0.999916793854517,1.0,0.0,2615.9860259323964,1.2040213862335048e-14,0.7426178128671513
0.0005,21.6,-0.00043646506473816007,-0.00043650335723974373,-0.00010063830480150238,0.9999411552499919,1.0,0.0,2615.9860750546977,-1.4991566358763637e-14,0.7426135037157129
0.0005,22.400000000000002,-0.0004919292450759183,-0.00049198194163002,-3.678951903244322e-05,0.9999634850010406,1.0000000000000002,1.5982512640237355e-16,2615.986094782854,-2.7255852152640828e-14,0.7425698952325044
0.0005,23.2,-0.000494243698007739,-0.0004943050694961614,3.103517623797942e-05,0.9999648951243459,1.0000000000000002,1.5982512640237355e-16,2615.986057187161,-1.5412831254212467e-14,0.7425956432756231
0.0005,24.0,-0.00044316337288202024,-0.00044322048742373123,9.550808833104446e-05,0.9999513899981493,1.0000000000000002,1.5982512640237355e-16,2615.9860298055846,4.986965557999276e-14,0.7426350096752693
0.0005,24.8,-0.0003442070262234251,-0.00034424731922509747,0.0001496612120453432,0.9999265124300406,1.0000000000000002,1.5982512640237355e-16,2615.9860526109424,2.771619392382442e-14,0.7426040168417021
0.0005,25.6,-0.00020806095831591884,-0.00020807990030321518,0.00018764325231616138,0.9998965541820055,1.0,0.0,2615.986084483771,8.405894858108461e-14,0.7425812327688385
0.0005,26.400000000000002,-4.943234265902494e-05,-4.943080858645298e-05,0.0002053514086048505,0.9998789205407563,1.0000000000000002,1.5982512640237355e-16,2615.9860719891594,8.219115935837257e-14,0.7426194753980963
0.0005,27.2,0.00011454005298033476,0.00011455893028365966,0.0002008726735642022,0.9998826750324277,1.0000000000000002,1.5982512640237355e-16,2615.9860296185784,4.491627664652477e-14,0.7426338824434322
0.0005,28.0,0.00026613858915811934,0.00026617106778401717,0.00017469040763125988,0.9999012407071868,1.0,0.0,2615.986025087814,7.58494272103744e-14,0.7426029155377475
0.0005,28.8,0.00038898063133951255,0.0003890246110932087,0.00012963415592957673,0.9999313553293986,1.0,0.0,2615.9860687480873,6.639637337171016e-15,0.7426037097829072
0.0005,29.6,0.00046979580411583225,0.0004698468322331372,7.057333413196221e-05,0.9999653125690976,1.0000000000000002,1.5982512640237355e-16,2615.9860809748643,1.391852069564218e-14,0.742631275212835
0.0005,30.400000000000002,0.0004998590341039697,0.000499906167310322,3.887253351173212e-06,0.9999794947341991,1.0,0.0,2615.9860308551843,1.6525734949761764e-14,0.7426264780683617
0.0005,31.2,0.0004759216033101256,0.0004759536614075507,-6.322101255959531e-05,0.9999720692036814,1.0,0.0,2615.9860057675496,-3.4161931143506e-14,0.7426131129382606
0.0005,32.0,0.0004005634621822771,0.0004005763347928535,-0.00012349813418113456,0.9999476489320342,1.0,0.0,2615.9860528264476,-5.117810444452701e-14,0.7426263298980262
0.0005,32.8,0.0002819239197463851,0.00028191960626212036,-0.0001704299925693064,0.9999047467742476,1.0,0.0,2615.986083050785,-4.002454383143703e-14,0.7426321484394685
0.0005,33.6,0.00013282145239429174,0.00013280430434899694,-0.0001989484492776576,0.9998718837497177,1.0,0.0,2615.986037318238,-9.798416152011085e-15,0.7426209121234602
0.0005,34.4,-3.06338570181818e-05,-3.06594218224227e-05,-0.00020597267227223044,0.9998652306949775,1.0,0.0,2615.985999373697,-4.701245667521317e-14,0.7426281396907107
0.0005,35.2,-0.0001907796986274789,-0.00019081053941339248,-0.000190742731958621,0.9998787923527411,1.0000000000000002,1.5982512640237355e-16,2615.9860368276627,-1.2223453496511972e-13,0.7426398076055941
0.0005,36.0,-0.00033031248244716553,-0.0003303460952204674,-0.0001549054669010772,0.9999176223853129,1.0,0.0,2615.9860777387144,-9.122317198130364e-14,0.7426255291740882
0.0005,36.800000000000004,-0.00043415947998755213,-0.00043419118841108784,-0.00010233232765073609,0.9999614497118269,0.9999999999999996,-4.794753792071207e-16,2615.986048770636,-1.3815780123300558e-13,0.742618143585212
0.0005,37.6,-0.0004911033770237965,-0.0004911254690725478,-3.870101013266053e-05,0.9999835243575553,1.0,0.0,2615.9860044378756,-1.2423766374607575e-13,0.7426381455342904
0.0005,38.4,-0.000494989246273146,-0.0004949962901424995,2.9112282081406378e-05,0.9999846417901436,0.9999999999999997,-3.196502528047471e-16,2615.986021465023,-1.31195057632756e-13,0.7426403740302329
0.0005,39.2,-0.0004453916111667247,-0.0004453861321275073,9.377826408408068e-05,0.9999611224805175,1.0,0.0,2615.9860667644093,-8.599969148910728e-14,0.742616413767236
0.0005,40.0,-0.00034766734528830925,-0.0003476563053843934,0.00014831149242711453,0.9999183574699283,0.9999999999999997,-3.196502528047471e-16,2615.9860622506485,-6.451543670630988e-14,0.7426168183939743
0.0005,40.800000000000004,-0.00021237788410849077,-0.00021236544522108478,0.00018682197945898217,0.9998831093637748,1.0,0.0,2615.986017336126,-1.0559114863363256e-13,0.7426384277277448
0.0005,41.6,-5.414308804828989e-05,-5.412991416237651e-05,0.00020514820639661762,0.9998669753183058,0.9999999999999997,-3.196502528047471e-16,2615.986009351989,-1.3440858628248604e-13,0.742632136289232
0.0005,42.4,0.00010993974210642932,0.00010995407156869631,0.0002013094224105342,0.9998714799692573,0.9999999999999997,-3.196502528047471e-16,2615.986052913063,-1.0044824291673589e-13,0.742610451952773
0.0005,43.2,0.0002621432623979026,0.0002621585260196933,0.00017572116595514616,0.9999019594840332,0.9999999999999997,-3.196502528047471e-16,2615.986073680769,-1.0893116119560427e-13,0.7426157662870388
0.0005,44.0,0.0003860265124058557,0.00038603926569257435,0.00013114756400449949,0.9999425959652106,0.9999999999999997,-3.196502528047471e-16,2615.9860343365967,-1.6972577282428776e-13,0.7426302493054187
0.0005,44.800000000000004,0.0004682055806423461,0.0004682112169150079,7.240289941864807e-05,0.9999699339085573,0.9999999999999996,-4.794753792071207e-16,2615.9860036540945,-1.6676229180239883e-13,0.7426219788254467
0.0005,45.6,0.0004997956283922687,0.0004997953577906604,5.835402391452049e-06,0.9999811155454423,0.9999999999999997,-3.196502528047471e-16,2615.9860388876987,-2.162800407438557e-13,0.74260979187778
0.0005,46.4,0.00047737965422611344,0.00047738013491881545,-6.136051935460669e-05,0.9999695751638433,0.9999999999999997,-3.196502528047471e-16,2615.9860795409645,-2.9001139026580655e-13,0.7426135528962337
0.0005,47.2,0.00040338337023686184,0.0004033885850302169,-0.00012192651264660286,0.9999351227518408,0.9999999999999997,-3.196502528047471e-16,2615.98605225739,-3.473167117899088e-13,0.7426178010518302
0.0005,48.0,0.0002858059140065313,0.0002858141598994762,-0.00016932107605539698,0.9999030504332282,0.9999999999999996,-4.794753792071207e-16,2615.9860063721844,-3.660580155743026e-13,0.742614531353532
0.0005,48.800000000000004,0.00013735133437963012,0.0001373588855524481,-0.00019842201908576202,0.9998822112827692,0.9999999999999996,-4.794753792071207e-16,2615.986026779737,-3.4392164494199907e-13,0.7426125236599059
0.0005,49.6,-2.5941421258736727e-05,-2.593732375558763e-05,-0.00020608413205706696,0.9998745630396383,0.9999999999999997,-3.196502528047471e-16,2615.9860779544156,-3.337199711516225e-13,0.7426096478381523
0.0005,50.4,-0.00018643146503500487,-0.0001864312973026295,-0.0001914806047422579,0.9998925908174846,0.9999999999999997,-3.196502528047471e-16,2615.986068330204,-3.3633004264787934e-13,0.7426058963508
0.0005,51.2,-0.00032678097171982064,-0.00032678283270980645,-0.00015618833783086813,0.9999219785640486,0.9999999999999996,-4.794753792071207e-16,2615.98601724627,-3.355675797529439e-13,0.7426108851295792
0.0005,52.0,-0.00043182386804609975,-0.0004318269601647497,-0.00010401970922611232,0.9999469738445278,0.9999999999999997,-3.196502528047471e-16,2615.9860179919815,-2.6940390454539823e-13,0.742615387953195
0.0005,52.800000000000004,-0.0004902061045616542,-0.0004902142276771972,-4.061363034181393e-05,0.9999683633263678,0.9999999999999997,-3.196502528047471e-16,2615.986069056134,-2.2547374017345406e-13,0.7426052965060421
0.0005,53.6,-0.0004956199002045814,-0.0004956377595589947,2.7178763823823967e-05,0.9999710009693071,0.9999999999999997,-3.196502528047471e-16,2615.9860800614647,-2.2409232426080852e-13,0.7425981027489518
0.0005,54.4,-0.0004474856853282174,-0.0004475118212935028,9.20359120074945e-05,0.9999516906904733,0.9999999999999996,-4.794753792071207e-16,2615.9860338153458,-1.754153481173196e-13,0.7426096400756015
0.0005,55.2,-0.00035100734393783814,-0.000351034624562015,0.00014695086032072074,0.9999272878008266,0.9999999999999996,-4.794753792071207e-16,2615.986013520896,-6.643510823226985e-14,0.7426162921086897
0.0005,56.0,-0.00021660729516420458,-0.00021662951183973217,0.00018598802067982197,0.9999002408146952,0.9999999999999993,-6.393005056094942e-16,2615.9860548904207,-1.3056817081320077e-13,0.7426026978333202
0.0005,56.800000000000004,-5.88042962723731e-05,-5.8818925902932834e-05,0.00020492951869623195,0.9998798457760009,0.9999999999999993,-6.393005056094942e-16,2615.986085515137,-2.3858615470111324e-13,0.742595692223194
0.0005,57.6,0.00010535349856492954,0.00010534654492096171,0.00020172994839914323,0.999882946654568,0.9999999999999996,-4.794753792071207e-16,2615.986052407514,-1.830912496728275e-13,0.7426088382636785
0.0005,58.4,0.0002581299330755809,0.00025812987930214635,0.00017673426708411113,0.9999015675642474,0.9999999999999996,-4.794753792071207e-16,2615.9860141833583,5.84049836709741e-14,0.742615177939426
0.0005,59.2,0.0003830149732120879,0.00038302323802415363,0.00013264305078720964,0.9999270346508555,0.9999999999999996,-3.196502528047471e-16,2615.9860388087704,6.419297871715088e-13,0.7426034596852573
0.0005,60.0,0.00046651237801530865,0.000466533009149932,7.422194394226353e-05,0.9999574975930057,0.9999999999999993,-3.196502528047471e-16,2615.9860837165734,2.2425899689032108e-12,0.7425978018872158
0.0005,60.800000000000004,0.0004996044962378463,0.0004996376519789563,7.782507310571403e-06,0.9999732165690454,0.9999999999999987,-4.794753792071207e-16,2615.986069236721,6.1925105419454194e-12,0.7426073810826064
0.0005,61.6,0.00047872190773495034,0.0004787600183952496,-5.949954888021528e-05,0.999966118446318,0.9999999999999978,-1.5982512640237355e-16,2615.9860203446665,1.4513736407005663e-11,0.7426132173253248
0.0005,62.4,0.00040612036651733026,0.00040615432174858604,-0.00012035423408234598,0.9999469989681926,0.9999999999999952,-4.794753792071207e-16,2615.9860244209517,3.031617172176289e-11,0.7426074698817564
0.0005,63.2,0.0002896398579237442,0.0002896653305896859,-0.0001682039828316888,0.9999153131211393,0.9999999999999916,-3.196502528047471e-16,2615.986074888869,5.717771416649022e-11,0.7426023903169648
0.0005,64.0,0.0001418637857679222,0.0001418801047859319,-0.00019787946831616068,0.9998838333376385,0.9999999999999853,-3.196502528047471e-16,2615.986081197312,9.900632237919192e-11,0.742605390779824
0.0005,64.8,-2.1241236151428265e-05,-2.123407942951697e-05,-0.0002061758492068936,0.9998749133791831,0.9999999999999767,0.0,2615.9860314620887,1.5992853494597293e-10,0.7426115790152751
0.0005,65.6,-0.00018205117942092662,-0.00018205393148914737,-0.000192195923820977,0.9998845458028027,0.999999999999964,-1.5982512640237355e-16,2615.9860146899086,2.4405674628050093e-10,0.742613053226517
0.0005,66.4,-0.0003231885033041455,-0.00032320356709631776,-0.00015745042581998095,0.9999101407240184,0.9999999999999469,-3.196502528047471e-16,2615.9860605934227,3.565187106372631e-10,0.7426074923216509
0.0005,67.2,-0.0004294043965234008,-0.00042943330976702454,-0.00010569481222794497,0.9999488900863991,0.9999999999999248,-3.196502528047471e-16,2615.9860863750328,5.039682371025484e-10,0.742603821583721
0.0005,68.0,-0.0004892282015520983,-0.0004892663990477705,-4.2519300551197486e-05,0.999974535089247,0.999999999999896,-4.794753792071207e-16,2615.9860458745557,6.934612178303554e-10,0.7426107131045743
0.0005,68.8,-0.0004961993184654297,-0.0004962370819337955,2.5252288934502227e-05,0.9999772312121762,0.9999999999998593,-4.794753792071207e-16,2615.9860114022313,9.339900537979326e-10,0.7426179848399609
0.0005,69.60000000000001,-0.00044956085570954576,-0.0004495911712024378,9.029546223040195e-05,0.9999623517121996,0.9999999999998136,-3.196502528047471e-16,2615.986043550591,1.2338442122716374e-09,0.7426119346571984
0.0005,70.4,-0.00035434759826214997,-0.00035436952499489017,0.00014558080765887397,0.9999269565498106,0.9999999999997571,-1.5982512640237355e-16,2615.9860841803384,1.6020443368739698e-09,0.7426036585870491
0.0005,71.2,-0.00022084697047476375,-0.0002208612424062503,0.00018513691533656853,0.9998892756319707,0.999999999999688,-3.196502528047471e-16,2615.9860609638677,2.049145520194013e-09,0.7426103343275262
0.0005,72.0,-6.348493241650398e-05,-6.349052820316381e-05,0.00020469108721073227,0.9998722258301873,0.9999999999996048,-6.393005056094942e-16,2615.9860149986894,2.5843339505489885e-09,0.742620601273384
0.0005,72.8,0.00010073471462064455,0.0001007400333364467,0.0002021295072773367,0.9998743454510988,0.9999999999995063,-3.196502528047471e-16,2615.9860271474413,3.220531126481251e-09,0.7426153997501879
0.0005,73.60000000000001,0.00025406791946059237,0.0002540862221212456,0.00017772929911785267,0.9998978890867869,0.9999999999993896,-4.794753792071207e-16,2615.9860753014727,3.970704156636915e-09,0.7426053406083888
0.0005,74.4,0.00037995052369865946,0.00037998050817502347,0.0001341274382757163,0.9999381823809738,0.9999999999992532,-6.393005056094942e-16,2615.9860737491454,4.846313507735478e-09,0.7426099288121343
0.0005,75.2,0.0004647865280575456,0.00046482090605701496,7.603303334041071e-05,0.9999685238167981,0.999999999999095,-6.393005056094942e-16,2615.9860246825724,5.864063057031115e-09,0.7426203995677356
0.0005,76.0,0.0004994093797577263,0.0004994396948517655,9.722161782652209e-06,0.9999793131377942,0.9999999999989128,-9.589507584142415e-16,2615.9860147102477,7.036764505857708e-09,0.7426179788829647
0.0005,76.8,0.0004800724423352169,0.00048009623009527796,-5.7638074103722466e-05,0.9999714164012897,0.9999999999987056,-4.794753792071207e-16,2615.9860614813047,8.377161805696573e-09,0.7426085268396444
0.0005,77.60000000000001,0.0004088627564568574,0.0004088818936221462,-0.00011876906936077948,0.999939436050722,0.9999999999984701,-6.393005056094942e-16,2615.986081580231,9.90683965319683e-09,0.742609196462473
0.0005,78.4,0.00029347720689858344,0.00029349144939054843,-0.00016706850146930345,0.9999017361818862,0.999999999998205,-6.393005056094942e-16,2615.9860385906127,1.1637463133104733e-08,0.7426179095887677
0.0005,79.2,0.00014638496442849122,0.00014639110479444813,-0.00019731842933226026,0.9998795247442,0.9999999999979076,-6.393005056094942e-16,2615.986008719729,1.3595536734346178e-08,0.7426196920350804
0.0005,80.0,-1.652120964215498e-05,-1.6526198555407573e-05,-0.00020624903897523966,0.999872560526506,0.9999999999975759,-7.991256320118678e-16,2615.986045209518,1.579517702157827e-08,0.7426123457279105
0.0005,80.8,-0.00017764127157314386,-0.00017765805416726353,-0.00019289585633763346,0.9998881290571112,0.999999999997209,-4.794753792071207e-16,2615.986082785865,1.825193602226633e-08,0.7426083191067997
0.0005,81.60000000000001,-0.0003195705975477377,-0.0003195955565579812,-0.00015870192678438155,0.9999231918794452,0.9999999999968058,-6.393005056094942e-16,2615.9860541233993,2.100105478269006e-08,0.7426142586456694
0.0005,82.4,-0.0004269769171111139,-0.00042700296021686197,-0.00010736002025728435,0.9999531492869783,0.9999999999963674,-4.794753792071207e-16,2615.986010297144,2.3992215371719585e-08,0.742620362845708
0.0005,83.2,-0.0004882519032663372,-0.00048827452621770685,-4.4417822982100686e-05,0.9999714649829483,0.9999999999958948,-7.991256320118678e-16,2615.986029373294,2.7353355736472338e-08,0.7426158515780875
0.0005,84.0,-0.0004967701670544744,-0.0004967907721578265,2.3321560319833052e-05,0.9999745887397024,0.9999999999953905,-6.393005056094942e-16,2615.9860770522287,3.090611186691261e-08,0.7426078288462654
0.0005,84.8,-0.0004516126166889208,-0.0004516330580119321,8.854012775571835e-05,0.9999525940099065,0.9999999999948553,-7.991256320118678e-16,2615.9860683446927,3.4929007466117486e-08,0.7426105910368472
0.0005,85.60000000000001,-0.0003576627529335889,-0.0003576800649599652,0.00014419411707047763,0.9999213682456282,0.9999999999942899,-6.393005056094942e-16,2615.9860189837236,3.9151713923025345e-08,0.7426197160993454
0.0005,86.4,-0.00022507244628086295,-0.00022508154768370513,0.00018426977485405422,0.9998962540680754,0.999999999993694,-6.393005056094942e-16,2615.9860167909205,4.390088568814675e-08,0.7426183538366645
0.0005,87.2,-6.816566593940638e-05,-6.816399661910136e-05,0.00020443548677887886,0.9998780548032067,0.9999999999930671,-6.393005056094942e-16,2615.986065452929,4.902527355568864e-08,0.7426082695402147
0.0005,88.0,9.610684261125294e-05,9.611821603352625e-05,0.00020251322482469492,0.9998805773726505,0.9999999999924098,-6.393005056094942e-16,2615.986078497467,5.455646480509578e-08,0.7426077463335621
0.0005,88.8,0.00024999881345226575,0.00025001564850344937,0.00017871083353079292,0.9999043973693432,0.9999999999917246,-6.393005056094942e-16,2615.986032927376,6.089762719952264e-08,0.7426176925153296
0.0005,89.60000000000001,0.0003768826337458753,0.0003769002634878871,0.00013559885385647618,0.9999311412223996,0.9999999999910139,-4.794753792071207e-16,2615.9860097630108,6.718230983827148e-08,0.74261958999891
0.0005,90.4,0.0004630443527038618,0.00046306246194043396,7.78364941453713e-05,0.9999574635005626,0.9999999999902804,-4.794753792071207e-16,2615.9860502215024,7.499327839426615e-08,0.742609890955789
0.0005,91.2,0.0004991723487707598,0.000499193994548891,1.1666333114944347e-05,0.9999741940418454,0.9999999999895232,-6.393005056094942e-16,2615.9860825502337,8.235555081842834e-08,0.7426061610669448
0.0005,92.0,0.0004813675886460843,0.00048139207313404155,-5.576431226487549e-05,0.999966063642992,0.9999999999887456,-4.794753792071207e-16,2615.9860493161596,9.132770152364883e-08,0.7426145915664951
0.0005,92.8,0.0004115578366583387,0.0004115790504642904,-0.00011717199710442452,0.9999437149375892,0.9999999999879428,-4.794753792071207e-16,2615.986009607426,1.0089946092486328e-07,0.7426195893997023
0.0005,93.60000000000001,0.00029728409395642075,0.0002972966961112345,-0.00016592021612575153,0.9999164093175152,0.9999999999871197,-6.393005056094942e-16,2615.9860342523275,1.1040638695772586e-07,0.742612451401886
0.0005,94.4,0.00015088990711424963,0.00015089309745014228,-0.00019674059316434353,0.9998867261027423,0.9999999999862782,-6.393005056094942e-16,2615.986079603337,1.2285263666574825e-07,0.742605925186128
0.0005,95.2,-1.1809179957459872e-05,-1.1813224670412744e-05,-0.00020630444200520694,0.9998749693717607,0.9999999999854204,-4.794753792071207e-16,2615.9860649434677,1.3376568087532955e-07,0.7426110574777169
0.0005,96.0,-0.00017323482421611962,-0.00017324313541538963,-0.00019357856653107964,0.9998863544390603,0.9999999999845581,-4.794753792071207e-16,2615.986016379329,1.475549238035918e-07,0.7426185457792974
0.0005,96.8,-0.0003159434301176004,-0.000315954882303328,-0.00015993712535509476,0.9999089235102754,0.9999999999836932,-6.393005056094942e-16,2615.986020556087,1.6254023456256818e-07,0.7426153491347716
0.0005,97.60000000000001,-0.0004245122617778518,-0.00042452931894056085,-0.00010901632899326223,0.9999422778281237,0.9999999999828357,-6.393005056094942e-16,2615.9860701467796,1.7611272757601078e-07,0.7426069458100016
0.0005,98.4,-0.00048721231603423757,-0.0004872368323882263,-4.631850458615504e-05,0.9999716050828407,0.9999999999819997,-4.794753792071207e-16,2615.9860768380636,1.9513036621956124e-07,0.7426078986181132
0.0005,99.2,-0.0004972748559846572,-0.0004973025374035439,2.138483143288539e-05,0.9999766188262105,0.9999999999811818,-3.196502528047471e-16,2615.9860288113277,2.120371847783617e-07,0.7426166840794242
0.0005,100.0,-0.0004536141145544428,-0.00045363741795756456,8.677952461914772e-05,0.9999632147288119,0.9999999999804136,-4.794753792071207e-16,2615.986011699285,2.3039010282258828e-07,0.7426178206985911
0.0005,100.8,-0.00036094338385202115,-0.00036095873007757227,0.000142797435837043,0.9999347111958027,0.999999999979707,-4.794753792071207e-16,2615.986055943039,2.545448212000703e-07,0.742608975846468
0.0005,101.60000000000001,-0.00022927244271297133,-0.00022928096744540035,0.00018338560553529722,0.9998960676778982,0.9999999999790817,-4.794753792071207e-16,2615.986082767577,2.7366225505230837e-07,0.7426058002023627
0.0005,102.4,-7.282795184263249e-05,-7.283144009329877e-05,0.00020416057733193706,0.9998730450475701,0.9999999999785966,-6.393005056094942e-16,2615.9860445251584,2.984123491711236e-07,0.7426142359382736
0.0005,103.2,9.148567729945255e-05,9.148695957349235e-05,0.00020287762394248258,0.999873651283767,0.9999999999782337,-6.393005056094942e-16,2615.986009318954,3.271194753154915e-07,0.742619231290496
0.0005,104.0,0.0002459126000819799,0.0002459205694088783,0.00017967474287948948,0.9998917739720564,0.9999999999780608,-4.794753792071207e-16,2615.986039743686,3.492875158432539e-07,0.7426116765603293
0.0005,104.8,0.00037376646276704965,0.0003737840470864766,0.00013706014353418158,0.9999289270983158,0.9999999999780956,-7.991256320118678e-16,2615.986081643634,3.8160625684106413e-07,0.7426051783634657
0.0005,105.60000000000001,0.00046123725791695133,0.0004612634509250881,7.963772433432834e-05,0.9999658272550787,0.9999999999783411,-4.794753792071207e-16,2615.9860604996343,4.148903965353554e-07,0.7426115109586676
0.0005,106.4,0.0004988788699200578,0.0004989067266471708,1.3609230774137182e-05,0.9999803247126827,0.9999999999788832,-3.196502528047471e-16,2615.98601388017,4.4122049650887085e-07,0.7426192514097522
0.0005,107.2,0.0004826223529236365,0.0004826453523593801,-5.389069545402118e-05,0.9999750297063728,0.9999999999797055,-3.196502528047471e-16,2615.986024669218,4.823455358336116e-07,0.7426145841128985
0.0005,108.0,0.00041421906746804066,0.0004142366040226171,-0.00011556639393093483,0.9999484207757847,0.9999999999808621,-3.196502528047471e-16,2615.986073689954,5.206935247608221e-07,0.7426060597565922
0.0005,108.8,0.0003010589098770741,0.00030107296830540607,-0.00016475485507295195,0.9999069325400396,0.9999999999823987,-6.393005056094942e-16,2615.9860736649775,5.519770486235827e-07,0.7426088838638072
0.0005,109.60000000000001,0.00015537072691237673,0.00015538093673453086,-0.00019614364631840645,0.9998781257752821,0.9999999999843349,-4.794753792071207e-16,2615.986024490644,6.034028308819937e-07,0.7426178848044181
0.0005,110.4,-7.102744923896812e-06,-7.09912990654757e-06,-0.0002063407588538052,0.99987021171113,0.9999999999867305,-3.196502528047471e-16,2615.9860136329735,6.473264326733969e-07,0.742617153259388
0.0005,111.2,-0.00016880591710128365,-0.00016881221457956336,-0.0001942438401373094,0.9998817333370296,0.999999999989609,-3.196502528047471e-16,2615.9860604222854,6.836296401918114e-07,0.7426081641216714
0.0005,112.0,-0.00031226891163785433,-0.00031228647457239017,-0.00016116090441083952,0.9999166225551596,0.9999999999930583,-3.196502528047471e-16,2615.9860814582808,7.474357208720368e-07,0.7426068144823342
0.0005,112.8,-0.00042199598537100196,-0.00042202089364045406,-0.00011066543513955342,0.999954309651686,0.9999999999970723,-1.5982512640237355e-16,2615.986039167346,7.960320427802446e-07,0.7426154543741477
0.0005,113.60000000000001,-0.0004861334518533701,-0.0004861584644971074,-4.8211492027950145e-05,0.9999743826739613,1.0000000000017073,-3.196502528047471e-16,2615.9860087688094,8.384789101952638e-07,0.742618864016639
0.0005,114.4,-0.0004977468981881355,-0.0004977686166337635,1.9451328098032267e-05,0.9999778915261346,1.000000000007088,-1.5982512640237355e-16,2615.986044304451,9.149308014566978e-07,0.7426110005980633
0.0005,115.2,-0.0004555777456516759,-0.00045559803342090524,8.501045035740164e-05,0.9999582689806553,1.000000000013108,-1.5982512640237355e-16,2615.986082403828,9.684851462246838e-07,0.7426057114843037
0.0005,116.0,-0.00036418445157958577,-0.00036420409242364445,0.00014138457636815512,0.999921200762124,1.0000000000199178,-4.794753792071207e-16,2615.986055119823,1.0174748625665755e-06,0.7426124453256886
0.0005,116.8,-0.00023344507105183435,-0.00023346054544963425,0.00018248456026225126,0.9998919920631272,1.0000000000276108,-1.5982512640237355e-16,2615.9860109214483,1.1056894280514404e-06,0.742619312672335
0.0005,117.60000000000001,-7.748598621561152e-05,-7.749261408744204e-05,0.00020386837536876624,0.9998764225005229,1.0000000000359657,-3.196502528047471e-16,2615.9860284086412,1.1661657827470927e-06,0.7426139872587113
0.0005,118.4,8.684315876073338e-05,8.684806457523059e-05,0.0002032251002360111,0.9998777372340641,1.000000000045244,-3.196502528047471e-16,2615.9860763102106,1.220379730503688e-06,0.7426058372403289
0.0005,119.2,0.00024179019261929514,0.00024180559611612163,0.00018062512167623767,0.999903683110956,1.0000000000554576,-1.5982512640237355e-16,2615.986069225079,1.320255599537811e-06,0.7426094366354573
0.0005,120.0,0.00037061723197245574,0.00037063789793487326,0.00013850915530447228,0.9999360545889145,1.0000000000662816,-3.196502528047471e-16,2615.9860196877657,1.3896865364048833e-06,0.7426183715681804
0.0005,120.8,0.00045940367886942074,0.0004594245156349663,8.142688647347194e-05,0.999959544813982,1.0000000000781097,-1.5982512640237355e-16,2615.9860157389,1.4477034881669964e-06,0.7426165860329804
0.0005,121.60000000000001,0.0004985512286757848,0.0004985724344816406,1.5548042199162446e-05,0.9999738249790547,1.0000000000908222,-4.794753792071207e-16,2615.9860642566828,1.558869007880229e-06,0.7426072157281458
0.0005,122.4,0.00048382943278824867,0.0004838534251283405,-5.2008846288980904e-05,0.9999663053487272,1.000000000103998,0.0,2615.986078799639,1.638775603457486e-06,0.7426069714441488
0.0005,123.2,0.00041683366111156434,0.0004168582216752158,-0.00011394743450095968,0.9999393673122147,1.0000000001181473,-3.196502528047471e-16,2615.9860333321417,1.7004945965842456e-06,0.7426161916035854
0.0005,124.0,0.0003048050453687865,0.0003048239154617041,-0.00016357636215162368,0.9999126763615099,1.0000000001330316,-1.5982512640237355e-16,2615.9860085973664,1.8210283101383391e-06,0.7426183333478599
0.0005,124.8,0.00015984606300818138,0.00015985462430474366,-0.00019553141480559038,0.9998889382777723,1.0000000001481324,-1.5982512640237355e-16,2615.986048547656,1.9127262506694483e-06,0.7426095854025746
0.0005,125.60000000000001,-2.383566270695019e-06,-2.3859875238129033e-06,-0.00020635990986759238,0.9998769650916801,1.0000000001640699,1.5982512640237355e-16,2615.9860819404453,1.9796063682059144e-06,0.7426054854838829
0.0005,126.4,-0.00016435810111079175,-0.00016436881569239717,-0.00019489285078807384,0.9998897080924679,1.0000000001805096,-1.5982512640237355e-16,2615.9860491137806,2.105355932279431e-06,0.7426132084332391
0.0005,127.2,-0.000308577859389211,-0.0003085926044557167,-0.00016236821348890548,0.9999138603411398,1.0000000001968348,0.0,2615.9860083676576,2.2097318506194355e-06,0.7426189436927952
0.0005,128.0,-0.0004194570012835589,-0.00041947421297088613,-0.00011230019288874199,0.9999403319590546,1.000000000213731,0.0,2615.9860321241836,2.284590253610582e-06,0.7426124920584489
0.0005,128.8,-0.00048501184691132084,-0.0004850340406923834,-5.010047866760791e-05,0.9999666042888595,1.00000000023086,0.0,2615.9860779007427,2.410192042710034e-06,0.7426052577354513
0.0005,129.6,-0.0004981623405362054,-0.000498190098357926,1.751130349463343e-05,0.9999733383639228,1.000000000247484,-3.196502528047471e-16,2615.9860640273373,2.5264376460869387e-06,0.7426100257120947
0.0005,130.4,-0.0004574929278059509,-0.00045752054774700893,8.323291070214373e-05,0.9999584874002022,1.0000000002643155,-3.196502528047471e-16,2615.9860150342565,2.6132854039044335e-06,0.7426183068961448
0.0005,131.2,-0.0003673976539216458,-0.00036741800779343327,0.00013996284992256526,0.9999349697203839,1.0000000002810996,-3.196502528047471e-16,2615.986017966124,2.7337195815233253e-06,0.7426153462883024
0.0005,132.0,-0.00023760720268573818,-0.00023761764429399213,0.00018156944240174503,0.9999030675473053,1.0000000002969802,-1.5982512640237355e-16,2615.986067423563,2.8580546423682186e-06,0.7426063271741873
0.0005,132.8,-8.214266847377528e-05,-8.214450482160773e-05,0.00020355800457970338,0.9998778405778922,1.0000000003126137,-1.5982512640237355e-16,2615.986075153395,2.961292591662089e-06,0.7426072713201955
0.0005,133.6,8.219930331304423e-05,8.220360443518955e-05,0.0002035538735510875,0.9998772048667718,1.0000000003279452,1.5982512640237355e-16,2615.9860271936013,3.0743763738746626e-06,0.7426165334291683
0.0005,134.4,0.0002376610162502245,0.00023766996636820934,0.00018155660311061734,0.999893072368356,1.0000000003420164,0.0,2615.986008740317,3.199413260033565e-06,0.742617595288408
0.0005,135.2,0.00036744193018762016,0.0003674571115104628,0.00013994339868945012,0.9999220813014754,1.0000000003553409,1.5982512640237355e-16,2615.986052430751,3.322104978747893e-06,0.7426085212526294
0.0005,136.0,0.0004575192289395496,0.0004575431444765312,8.321177326777152e-05,0.9999585918298197,1.0000000003681326,0.0,2615.986080270202,3.4304059997526024e-06,0.7426054929060261
0.0005,136.8,0.0004981657017443842,0.0004981956445441702,1.748951691920525e-05,0.9999775387981423,1.0000000003794156,0.0,2615.9860424851813,3.5466609545992494e-06,0.7426139470261338
0.0005,137.6,0.0004849932112566893,0.0004850212639874932,-5.0124486518346555e-05,0.9999735235234606,1.000000000389443,0.0,2615.9860061093295,3.687614282139274e-06,0.7426188081039424
0.0005,138.4,0.00041942174655947527,0.000419442299637613,-0.00011232296694767434,0.9999533519730464,1.0000000003987262,0.0,2615.9860356905415,3.7991268621879837e-06,0.7426114319431545
0.0005,139.20000000000002,0.0003085318920000167,0.00030854503518644287,-0.00016238388847870193,0.9999159544791264,1.0000000004063956,3.196502528047471e-16,2615.9860783403747,3.898596090370234e-06,0.7426050118346716
0.0005,140.0,0.00016430456118214548,0.00016431213416645917,-0.0001949001032721135,0.9998815628845154,1.0000000004123593,0.0,2615.9860578644057,4.050002046538923e-06,0.7426110156622793
0.0005,140.8,2.3243115846535063e-06,2.3266067020700507e-06,-0.00020635936887771056,0.9998706033437447,1.0000000004173581,0.0,2615.986010492968,4.1756508292370785e-06,0.7426187597804145
0.0005,141.6,-0.00015990561489636514,-0.00015991025038339694,-0.0001955225703289892,0.9998788800802961,1.0000000004207952,-1.5982512640237355e-16,2615.986020342443,4.2568259798435245e-06,0.7426145165793885
0.0005,142.4,-0.0003048551889485027,-0.00030486968241504736,-0.00016356118796771185,0.9999077390922613,1.0000000004221994,0.0,2615.9860695996485,4.404319166162434e-06,0.7426059165253251
0.0005,143.20000000000002,-0.0004168657249999876,-0.0004168904906419664,-0.00011392913294887073,0.9999490636541425,1.000000000422386,-4.794753792071207e-16,2615.986070329112,4.552566559120527e-06,0.7426083083747191
0.0005,144.0,-0.0004838403750290648,-0.00048386967758328874,-5.198673935069081e-05,0.9999752372712419,1.000000000421183,-1.5982512640237355e-16,2615.9860210161464,4.623986070541475e-06,0.7426174827998809
0.0005,144.8,-0.000498543026242793,-0.0004985691888990328,1.557422325783525e-05,0.9999800110542826,1.0000000004178171,-1.5982512640237355e-16,2615.98600917138,4.751136892538677e-06,0.7426171896562079
0.0005,145.6,-0.00045937984131264975,-0.00045940046461945445,8.145146450532603e-05,0.999965143328189,1.0000000004129554,-3.196502528047471e-16,2615.9860556295093,4.921309392972559e-06,0.7426080206479998
0.0005,146.4,-0.0003705798265095384,-0.0003705968540515679,0.0001385266306942219,0.9999280327363446,1.0000000004069152,0.0,2615.9860774587864,5.00048931190757e-06,0.7426063412180988
0.0005,147.20000000000002,-0.00024173980043888709,-0.00024175351093554614,0.00018063550972734476,0.9998910512073681,1.0000000003988074,-1.5982512640237355e-16,2615.9860355135384,5.0970051096569895e-06,0.742615220165039
0.0005,148.0,-8.678266115938327e-05,-8.679025536228336e-05,0.00020322885704584313,0.9998734379192573,1.000000000388945,-1.5982512640237355e-16,2615.9860041979737,5.275909337620378e-06,0.7426189294050177
0.0005,148.8,7.75482377791836e-05,7.755033706018502e-05,0.00020386431821518407,0.9998733803229575,1.0000000003780667,-6.393005056094942e-16,2615.9860390587746,5.381963195210505e-06,0.7426109235619259
0.0005,149.6,0.00023349832203449058,0.00023351220538751901,0.0001824738717195228,0.999896897227116,1.0000000003654317,-6.393005056094942e-16,2615.9860777537206,5.4516075895268925e-06,0.742605512009923
0.0005,150.4,0.0003642218639459523,0.0003642451534699881,0.0001413687378264915,0.9999356944042678,1.0000000003508767,-1.5982512640237355e-16,2615.9860511016955,5.617105626303316e-06,0.7426124195640328
0.0005,151.20000000000002,0.0004555981340635794,0.00045562394342009904,8.498819928473237e-05,0.9999638938174987,1.0000000003353386,-1.5982512640237355e-16,2615.986006345419,5.7595975098933555e-06,0.7426194122462586
0.0005,152.0,0.0004977512364043311,0.0004977745046921145,1.9424394480106545e-05,0.999976754414481,1.0000000003184755,-3.196502528047471e-16,2615.986022930579,5.822164759865786e-06,0.7426140886245565
0.0005,152.8,0.00048612161897453564,0.00048614320728180654,-4.823624407471376e-05,0.9999710959591377,1.0000000002997125,-3.196502528047471e-16,2615.986071018158,5.95436665114389e-06,0.7426059910604194
0.0005,153.6,0.000421966595727205,0.0004219882264921687,-0.00011068415151759548,0.9999412958743742,1.0000000002798748,-4.794753792071207e-16,2615.9860647610767,6.124743728178013e-06,0.742609608070297
0.0005,154.4,0.00031222196707048056,0.0003122408566154354,-0.00016117481020014096,0.9999079061521646,1.0000000002591214,-3.196502528047471e-16,2615.986015091295,6.2078806213093544e-06,0.7426185400566786
0.0005,155.20000000000002,0.00016874651107114886,0.00016875744905086462,-0.00019425238760699108,0.9998857515344775,1.0000000002366982,0.0,2615.9860101546105,6.302587311977369e-06,0.742616920564353
0.0005,156.0,7.041123079955225e-06,7.040520565087436e-06,-0.00020634160181280282,0.9998750647103166,1.0000000002130502,-3.196502528047471e-16,2615.986058472779,6.475718168504717e-06,0.7426076933876296
0.0005,156.8,-0.00015542512353841024,-0.0001554371678031091,-0.00019613707768341808,0.9998875359307262,1.0000000001887515,-3.196502528047471e-16,2615.9860738220773,6.599218843251878e-06,0.7426073316009221
0.0005,157.6,-0.00030110239004501997,-0.0003011211821950983,-0.0001647412226282016,0.9999176036283087,1.0000000001631828,-4.794753792071207e-16,2615.986028622752,6.674164404306984e-06,0.7426165035880542
0.0005,158.4,-0.0004142505876576794,-0.0004142707271135813,-0.00011554486295469256,0.9999446712724609,1.0000000001363005,-3.196502528047471e-16,2615.986003045468,6.821808510448124e-06,0.7426188884274242
0.0005,159.20000000000002,-0.0004826389261533357,-0.0004826600698956279,-5.386480458919886e-05,0.9999663527436323,1.0000000001088125,-3.196502528047471e-16,2615.986042420106,6.9835163692652455e-06,0.7426103280073477
0.0005,160.0,-0.0004988767995737995,-0.0004989012608589087,1.3632951354014321e-05,0.999973681846324,1.0000000000804874,0.0,2615.9860764504733,7.070768883947214e-06,0.7426061219182879
0.0005,160.8,-0.00046121459901846015,-0.00046124060378798074,7.965772006074549e-05,0.9999563080248692,1.00000000005093,-4.794753792071207e-16,2615.986044310189,7.180482331538043e-06,0.742613469236581
0.0005,161.6,-0.00037372473203008637,-0.00037374609461734477,0.0001370779402026371,0.9999299943766411,1.0000000000206566,-1.5982512640237355e-16,2615.9860029630704,7.354868777705001e-06,0.7426195368934323
0.0005,162.4,-0.0002458585864637103,-0.00024586991842408533,0.0001796879703301108,0.9999037432434603,0.9999999999898495,-1.5982512640237355e-16,2615.9860257560736,7.480958554653997e-06,0.7426140899366099
0.0005,163.20000000000002,-9.142789373988079e-05,-9.142881951934588e-05,0.0002028828201540752,0.9998806166077175,0.9999999999580579,-1.5982512640237355e-16,2615.9860718515374,7.567096739386768e-06,0.7426060678384006
0.0005,164.0,7.28846116424344e-05,7.289041694408996e-05,0.0002041576010395127,0.9998788880654971,0.9999999999254153,-3.196502528047471e-16,2615.9860589283912,7.72102138790807e-06,0.7426086544210767
0.0005,164.8,0.00022932441337160297,0.00022933433170753734,0.000183374392905829,0.9998974071953186,0.9999999998923341,0.0,2615.986009846497,7.887684655106034e-06,0.7426190624097929
0.0005,165.6,0.0003609842622063945,0.00036099969457148207,0.00014277795361822946,0.9999223791556607,0.9999999998585931,-3.196502528047471e-16,2615.986011866903,7.983820366912617e-06,0.742620285531148
0.0005,166.4,0.0004536371972035289,0.0004536608344955333,8.67562020731031e-05,0.9999531700217743,0.9999999998239809,1.5982512640237355e-16,2615.98606110055,8.100381357548281e-06,0.7426073659305711
0.0005,167.20000000000002,0.0004972778815505132,0.0004973075731890283,2.1362595989591798e-05,0.9999743360917688,0.9999999997888284,-1.5982512640237355e-16,2615.986069627704,8.281325371682265e-06,0.7426015396669874
0.0005,168.0,0.00048719750112686074,0.00048722446490491754,-4.634017757291853e-05,0.9999705495464742,0.99999999975326,-1.5982512640237355e-16,2615.98602201274,8.416618821251562e-06,0.7426148189163463
0.0005,168.8,0.0004244819513206936,0.00042449945703345004,-0.00010903802655574012,0.9999519499677172,0.9999999997169778,-1.5982512640237355e-16,2615.9860026739707,8.509576023330787e-06,0.7426271109002461
0.0005,169.6,0.00031589865360488224,0.0003159090867070597,-0.00015995428984501845,0.999922096925035,0.999999999680013,0.0,2615.9860458225926,8.668867800036004e-06,0.7426148731564433
0.0005,170.4,0.0001731793125302465,0.00017318688851258773,-0.00019358728717172867,0.9998876860995404,0.9999999996426806,-3.196502528047471e-16,2615.986074509301,8.844669149053352e-06,0.7425982874951533
0.0005,171.20000000000002,1.1750182542082715e-05,1.1753391790951936e-05,-0.0002063048066081419,0.9998728613364188,0.9999999996048757,-1.5982512640237355e-16,2615.9860375462345,8.949570382855739e-06,0.7426065281263857
0.0005,172.0,-0.00015094591713428286,-0.00015094988368332765,-0.00019673248444847802,0.9998803759086227,0.999999999566358,0.0,2615.986000651602,9.07019875050175e-06,0.7426224418174037
0.0005,172.8,-0.00029733134866010384,-0.00029734364275582956,-0.00016590413899091817,0.9999028175265982,0.9999999995273616,-3.196502528047471e-16,2615.9860292428934,9.257069524026825e-06,0.7426194619579994
0.0005,173.6,-0.00041158945420262616,-0.00041161128073343686,-0.00011715210003315024,0.9999403722766934,0.9999999994880777,-1.5982512640237355e-16,2615.9860721001205,9.402936116651525e-06,0.7426058523768478
0.0005,174.4,-0.00048137905531933596,-0.00048140793187896635,-5.574326099010476e-05,0.9999720239730091,0.9999999994482154,0.0,2615.9860526808916,9.502012207802516e-06,0.7426087262156099
0.0005,175.20000000000002,-0.0004991634737813378,-0.0004991920419951209,1.1690080316399595e-05,0.9999794192391558,0.9999999994077292,1.5982512640237355e-16,2615.9860050887605,9.662796816171196e-06,0.7426214356898728
0.0005,176.0,-0.00046301787747207734,-0.00046304069237218943,7.786147215415324e-05,0.9999681318085325,0.9999999993669715,-1.5982512640237355e-16,2615.9860136834145,9.846809047692502e-06,0.7426146476013991
0.0005,176.8,-0.00037684427721265543,-0.0003768601017192649,0.0001356188254666558,0.9999372313179176,0.9999999993258729,0.0,2615.986063134003,9.962415741822689e-06,0.742600659584227
0.0005,177.6,-0.00024995378598691544,-0.000249962813771126,0.00017872248246262004,0.9998964937967806,0.9999999992841324,1.5982512640237355e-16,2615.986065251732,1.0083937123295979e-05,0.7426049749510628
0.0005,178.4,-9.605507221993411e-05,-9.605917305441356e-05,0.0002025172101952506,0.9998730907469825,0.9999999992419835,-1.5982512640237355e-16,2615.9860161405063,1.0272141747015268e-05,0.7426189138845871
0.0005,179.20000000000002,6.822292824225735e-05,6.822308204731184e-05,0.00020443144060397231,0.9998714457694142,0.9999999991996589,-3.196502528047471e-16,2615.986003279845,1.0430291618757591e-05,0.7426240935031989
0.0005,180.0,0.0002251252140445286,0.00022513417558046926,0.00018425803784757265,0.9998894718143135,0.9999999991568561,0.0,2615.9860493305296,1.0535995390410213e-05,0.7426143782120832
0.0005,180.8,0.00035770065929701403,0.0003577212475060585,0.00014417773031947064,0.9999282653062411,0.9999999991135117,-3.196502528047471e-16,2615.986071905841,1.0692466143911125e-05,0.7426053333235348
0.0005,181.6,0.00045163392579192696,0.00045165965191515395,8.851978296472699e-05,0.9999641039213332,0.9999999990699882,0.0,2615.986030644232,1.0882706321098052e-05,0.742610839094655
0.0005,182.4,0.0004967767149046452,0.000496798959421083,2.329593749053844e-05,0.9999790824355727,0.9999999990262186,-1.5982512640237355e-16,2615.9859986276074,1.10120568965192e-05,0.7426150830516717
0.0005,183.20000000000002,0.00048824247018028203,0.00048826117699922754,-4.4444859259112223e-05,0.9999757305380259,0.9999999989819132,0.0,2615.986032256889,1.1131874637868759e-05,0.7426088028423266
0.0005,184.0,0.0004269494642373051,0.000426969811252503,-0.00010738161909888211,0.9999488172530839,0.9999999989372972,0.0,2615.986071428649,1.1315898830344368e-05,0.7426051672661862
0.0005,184.8,0.0003195266160651169,0.0003195480911261132,-0.00015871630113449683,0.9999089717265275,0.9999999988925922,0.0,2615.9860460722316,1.1487436354071874e-05,0.7426078406512937
0.0005,185.6,0.00017758605231763826,0.00017760155801872646,-0.0001929040686853301,0.9998822360157454,0.9999999988475211,0.0,2615.986000883208,1.1601643604902e-05,0.7426174351074505
0.0005,186.4,1.6462365083626178e-05,1.6465975034507973e-05,-0.00020624983535288459,0.9998723259871835,0.999999998802019,-1.5982512640237355e-16,2615.986016477611,1.1749114300027236e-05,0.7426257449383614
0.0005,187.20000000000002,-0.00014643939920125213,-0.00014644875523798405,-0.00019731142378359774,0.9998821431648293,0.9999999987564092,3.196502528047471e-16,2615.98606520125,1.194216696643121e-05,0.7426159776575847
0.0005,188.0,-0.0002935216564343969,-0.000293540974991749,-0.00016705538411137646,0.9999151229044354,0.9999999987106589,0.0,2615.9860601582504,1.2087957490676362e-05,0.7426063049344764
0.0005,188.8,-0.00040889499966435025,-0.00040891839096499544,-0.00011874933778634295,0.9999487876079686,0.9999999986645123,-3.196502528047471e-16,2615.9860104543086,1.2205933847183302e-05,0.7426120065672832
0.0005,189.6,-0.00048009052505459444,-0.0004801141272450537,-5.761177223392897e-05,0.9999689838893073,0.9999999986181263,-1.5982512640237355e-16,2615.986004332156,1.2380354516649857e-05,0.7426122863955318
0.0005,190.4,-0.0004994104868618171,-0.0004994357059584681,9.74928600094921e-06,0.9999757760736712,0.9999999985717098,-3.196502528047471e-16,2615.986051948409,1.2564023742312998e-05,0.7426031840400884
0.0005,191.20000000000002,-0.0004647704728689547,-0.0004647970278259189,7.605515090919362e-05,0.9999587136067978,0.9999999985250728,0.0,2615.9860680264055,1.2689904346336866e-05,0.742605804017321
0.0005,192.0,-0.0003799195009828372,-0.0003799410499145668,0.00013414459051203559,0.9999262810486487,0.9999999984781204,0.0,2615.9860234927582,1.2826216336973342e-05,0.7426152140390747
0.0005,192.8,-0.0002540238652775342,-0.00025403470368303376,0.00017774205680836337,0.9998996573875422,0.9999999984310896,0.0,2615.9859969884455,1.3016465826465497e-05,0.7426146146839835
0.0005,193.6,-0.0001006817399182554,-0.00010068093799902302,0.00020213520177532287,0.999880784732398,0.9999999983840139,-4.794753792071207e-16,2615.9860353318168,1.317952597857876e-05,0.7426118733834507
0.0005,194.4,6.354134941398832e-05,6.355083860384457e-05,0.00020468853157088815,0.9998783087695751,0.9999999983366883,-3.196502528047471e-16,2615.986070326296,1.3298659040667068e-05,0.7426109516920673
0.0005,195.20000000000002,0.00022090507144956352,0.0002209165111213954,0.00018512690001932052,0.9998998729001066,0.9999999982891736,-3.196502528047471e-16,2615.986039593739,1.345890945374124e-05,0.7426145001062512
0.0005,196.0,0.00035440487303382227,0.0003544135741461669,0.0001455626209450181,0.9999275199400159,0.999999998241671,-1.5982512640237355e-16,2615.985997427291,1.364963141895792e-05,0.7426255645775643
0.0005,196.8,0.00044960715257067987,0.0004496177027126195,9.02706161467314e-05,0.9999524443893486,0.9999999981940864,-3.196502528047471e-16,2615.986018878026,1.3790473591280372e-05,0.7426214069307615
0.0005,197.6,0.0004962219378507604,0.0004962431666269228,2.5227166597877503e-05,0.9999716113505271,0.9999999981462787,-4.794753792071207e-16,2615.9860657852073,1.3917102021425561e-05,0.7426052276567363
0.0005,198.4,0.0004892213944305981,0.0004892537866211603,-4.254087912715212e-05,0.9999682648472965,0.9999999980984026,-1.5982512640237355e-16,2615.986053940452,1.4097343197740142e-05,0.7426056796627092
0.0005,199.20000000000002,0.0004293713637550197,0.00042940435667502413,-0.00010571440172511594,0.9999466634346356,0.9999999980505736,0.0,2615.9860042040805,1.427494782306945e-05,0.7426092042917657
0.0005,200.0,0.000323137184297251,0.0003231598104368688,-0.00015746723553821518,0.9999213019977956,0.999999998002634,-3.196502528047471e-16,2615.9860055127047,1.4400565991588178e-05,0.7426019937803945
0.0005,200.8,0.00018199041856940544,0.0001819993138695217,-0.00019220563957000487,0.9998927003863443,0.9999999979545379,-3.196502528047471e-16,2615.986054973701,1.454457601430758e-05,0.7426015912409935
0.0005,201.6,2.117747723451076e-05,2.1175146754726498e-05,-0.0002061770131876444,0.9998761856234499,0.9999999979064751,-3.196502528047471e-16,2615.9860639709855,1.4733877239810633e-05,0.7426092513955295
0.0005,202.4,-0.0001419276109000686,-0.00014193676536069206,-0.00019787259813349825,0.9998843205077895,0.9999999978584574,-1.5982512640237355e-16,2615.9860168883138,1.4891153043691574e-05,0.7426167468459731
0.0005,203.20000000000002,-0.00028969921633737687,-0.00028971310228776467,-0.0001681886598052714,0.9999049991409518,0.9999999978103173,-4.794753792071207e-16,2615.9859970002008,1.5013291163542458e-05,0.742623901692671
0.0005,204.0,-0.0004061664025557087,-0.00040618718148119066,-0.00012033315571563032,0.999934654564527,0.9999999977621183,-3.196502528047471e-16,2615.9860385039565,1.5176936087428542e-05,0.7426234194675245
0.0005,204.8,-0.00047874760294330446,-0.00047877559756653117,-5.9478138358136704e-05,0.9999659782044623,0.9999999977140289,-4.794753792071207e-16,2615.9860675513837,1.5362261455319668e-05,0.7426144665576483
0.0005,205.6,-0.0004996082505866543,-0.0004996365185627874,7.80318432225977e-06,0.9999762527791796,0.9999999976659538,-1.5982512640237355e-16,2615.9860320434423,1.5500050204217462e-05,0.7426122188202322
0.0005,206.4,-0.00046649417142084266,-0.0004665149785118258,7.424351987626086e-05,0.9999654147377055,0.9999999976177776,-3.196502528047471e-16,2615.9859936333037,1.562994896069013e-05,0.7426183366805259
0.0005,207.20000000000002,-0.0003829756471709458,-0.0003829884244167714,0.00013266249593134628,0.9999414918446772,0.9999999975696574,-1.5982512640237355e-16,2615.9860204829665,1.5808016476847317e-05,0.7426128283055193
0.0005,208.0,-0.0002580734307831053,-0.0002580821557990274,0.00017674652930170233,0.9999047960311152,0.9999999975216793,0.0,2615.9860651600284,1.5979256434016505e-05,0.7425985283838582
0.0005,208.8,-0.0001052851183366326,-0.00010529232021192647,0.00020173409374872443,0.9998765285258627,0.9999999974736812,-1.5982512640237355e-16,2615.9860473378376,1.610463102469086e-05,0.7426046350961655
0.0005,209.6,5.887804751002812e-05,5.887346862367637e-05,0.0002049261296386329,0.9998729094438381,0.9999999974256502,-3.196502528047471e-16,2615.9859988021567,1.6248890727028273e-05,0.7426198681519062
0.0005,210.4,0.00021667475440862504,0.00021667818662198063,0.00018597682468466121,0.9998868253158446,0.9999999973777728,-3.196502528047471e-16,2615.986007124167,1.6431818422326592e-05,0.7426117488257217
0.0005,211.20000000000002,0.0003510539860399203,0.0003510719665177453,0.00014693447041328194,0.9999190657102944,0.9999999973300249,-4.794753792071207e-16,2615.986057490692,1.6584625022272513e-05,0.7426027203188472
0.0005,212.0,0.00044750435032368845,0.00044753533241775694,9.201802932887148e-05,0.9999585855560071,0.9999999972822546,-4.794753792071207e-16,2615.9860598100613,1.6707059025480163e-05,0.7426138295172066
0.0005,212.8,0.0004956136571049557,0.0004956462083994933,2.7158536979693282e-05,0.9999786962743613,0.9999999972345511,-4.794753792071207e-16,2615.9860103584374,1.6866267854486893e-05,0.7426153811932249
0.0005,213.6,0.0004901794699785982,0.000490205066952231,-4.0637064512624156e-05,0.9999771435985875,0.9999999971870537,-3.196502528047471e-16,2615.9859969451613,1.7044089794617937e-05,0.7426074944613215
0.0005,214.4,0.0004317796295664907,0.00043179939229587907,-0.00010404108955241086,0.9999561862017251,0.9999999971396537,-3.196502528047471e-16,2615.9860421913313,1.7179870887544574e-05,0.7426127774518781
0.0005,215.20000000000002,0.0003267246608199037,0.00032674090438599015,-0.0001562024883292607,0.9999161640663038,0.9999999970922734,-1.5982512640237355e-16,2615.9860648243775,1.7307640657012835e-05,0.7426124514863401
0.0005,216.0,0.00018637037543536706,0.00018638094701005866,-0.00019148778256995857,0.9998820479282259,0.999999997045057,-3.196502528047471e-16,2615.986024289193,1.747744446032665e-05,0.7426071942923704
0.0005,216.8,2.5883037492019556e-05,2.5883773696644298e-05,-0.00020608479790586544,0.9998699066716669,0.9999999969980538,-3.196502528047471e-16,2615.9859917804056,1.7642705495648963e-05,0.7426217390169244
0.0005,217.6,-0.00013739803876532157,-0.00013741003442520103,-0.00019841538958187215,0.9998766574737474,0.999999996951129,-4.794753792071207e-16,2615.9860241761517,1.7766823299939947e-05,0.7426274764956534
0.0005,218.4,-0.00028583491743790847,-0.00028585764145725985,-0.00016930901890176544,0.9999066149753796,0.9999999969042953,-3.196502528047471e-16,2615.9860636893054,1.7904867649881226e-05,0.7426095633842668
0.0005,219.20000000000002,-0.00040339572611836424,-0.0004034208505058056,-0.00012191041343449309,0.9999470810014451,0.9999999968576945,-4.794753792071207e-16,2615.9860398376577,1.8078137669153514e-05,0.7426132655908279
0.0005,220.0,-0.00047737867117164515,-0.0004773973231223784,-6.133867793475777e-05,0.9999722959196375,0.9999999968112918,-3.196502528047471e-16,2615.9859943783267,1.822725287658823e-05,0.7426308730390779
0.0005,220.8,-0.000499781122277279,-0.0004997931066338732,5.861291011294831e-06,0.9999792244343911,0.999999996764976,-4.794753792071207e-16,2615.98600797878,1.834672668294124e-05,0.7426161079768044
0.0005,221.6,-0.0004681753372032275,-0.00046818883705407,7.24262354964406e-05,0.9999654620776074,0.9999999967188269,-3.196502528047471e-16,2615.9860568376034,1.8495961318700348e-05,0.7425972665606283
0.0005,222.4,-0.00038598101424187464,-0.0003860006371398968,0.00013116478526365233,0.9999293692321714,0.9999999966729463,-3.196502528047471e-16,2615.986054071636,1.8665042942238935e-05,0.7426073218089771
0.0005,223.20000000000002,-0.00026208722795994084,-0.00026210828631956055,0.00017573313108969552,0.9998953387559709,0.9999999966272478,-3.196502528047471e-16,2615.9860042696496,1.8798409043703865e-05,0.7426109893544267
0.0005,224.0,-0.00010988189790765012,-0.00010989650438375314,0.0002013153986832288,0.999877351158435,0.9999999965816685,-6.393005056094942e-16,2615.985996347035,1.8919812135139266e-05,0.7425977880898512
0.0005,224.8,5.419156950886046e-05,5.418916692539984e-05,0.00020514631928678122,0.9998744687641036,0.9999999965363218,-3.196502528047471e-16,2615.986045164022,1.90775121674982e-05,0.7425985491423401
0.0005,225.6,0.00021241006953091364,0.00021242020631670247,0.00018681287597552003,0.9998962941232564,0.9999999964912535,-3.196502528047471e-16,2615.986063576877,1.9236126778203055e-05,0.7426067621717084
0.0005,226.4,0.00034768436241699525,0.0003477010788359834,0.00014829542201260761,0.9999309751079778,0.9999999964463593,-3.196502528047471e-16,2615.986017958119,1.935732580885135e-05,0.7426070070711429
0.0005,227.20000000000002,0.0004453958096783366,0.00044541478910635105,9.375405314817366e-05,0.9999566290814071,0.9999999964016332,-4.794753792071207e-16,2615.9859898342725,1.9485165872646185e-05,0.742613639583116
0.0005,228.0,0.0004949790822105959,0.0004950032681705649,2.9083447515167023e-05,0.9999728752832113,0.99999999635719,-6.393005056094942e-16,2615.9860293907427,1.9646133796927352e-05,0.7426230178773703
0.0005,228.8,0.0004910785318026822,0.0004911100112586199,-3.872728119046885e-05,0.99997055138681,0.9999999963130186,-4.794753792071207e-16,2615.9860644237133,1.979066661610797e-05,0.742619396100915
0.0005,229.6,0.0004341245728776628,0.0004341566862704059,-0.00010235387310335695,0.9999451555243143,0.9999999962690239,-6.393005056094942e-16,2615.9860316664917,1.9905024671646734e-05,0.7426187524160413
0.0005,230.4,0.0003302733329536418,0.0003302957229681529,-0.0001549235940283567,0.9999163776302598,0.9999999962252546,-6.393005056094942e-16,2615.985990317741,2.0040876727150613e-05,0.7426306353752479
0.0005,231.20000000000002,0.00019074057139362025,0.0001907477588017153,-0.00019075488953433588,0.9998918737348285,0.9999999961818025,-6.393005056094942e-16,2615.986012949426,2.0199070169590595e-05,0.7426306882252267
0.0005,232.0,3.0597140162913365e-05,3.059052293725684e-05,-0.00020597557622627845,0.9998764383279476,0.9999999961386061,-6.393005056094942e-16,2615.9860573753176,2.032898901757942e-05,0.7426143814753047
0.0005,232.8,-0.00013285725345698555,-0.00013287180161328986,-0.0001989421429334656,0.9998846981913467,0.9999999960956031,-4.794753792071207e-16,2615.986045728114,2.0441912623292102e-05,0.7426095223822324
0.0005,233.6,-0.0002819614922977315,-0.00028197829367147185,-0.00017041407063453904,0.9999097016056793,0.9999999960528818,-4.794753792071207e-16,2615.985999728579,2.058446633104859e-05,0.7426187997074697
0.0005,234.4,-0.0004005992278498092,-0.00040061838351408593,-0.00012347293960746124,0.9999363095191345,0.999999996010492,-4.794753792071207e-16,2615.9859991606872,2.0734570486334308e-05,0.742614486095282
0.0005,235.20000000000002,-0.00047594745390215946,-0.0004759735829946396,-6.319210598407727e-05,0.9999621272760522,0.9999999959683434,-6.393005056094942e-16,2615.986044981851,2.0851964404865565e-05,0.7425961544857862
0.0005,236.0,-0.0004998704302121767,-0.0004999034541088665,3.914516329298726e-06,0.9999736380393147,0.9999999959264196,-6.393005056094942e-16,2615.9860579979554,2.096758520635221e-05,0.7425941690363134
0.0005,236.8,-0.0004697918807958676,-0.00046982306496289673,7.05989256074857e-05,0.999960805351184,0.9999999958848227,-4.794753792071207e-16,2615.9860138094896,2.11134409069796e-05,0.7426084215474923
0.0005,237.6,-0.0003889611899889318,-0.0003889810539642643,0.0001296575376802748,0.9999381526468271,0.999999995843553,-3.196502528047471e-16,2615.985988749432,2.1251925689540012e-05,0.7426074212448691
0.0005,238.4,-0.00026610479728855844,-0.00026611116626506316,0.00017470703785463446,0.9999101307468904,0.9999999958025213,-6.393005056094942e-16,2615.9860292484796,2.1360492512751982e-05,0.7425953746964179
0.0005,239.20000000000002,-0.00011449291430801785,-0.0001144896434619666,0.00020087932680320947,0.9998819540109399,0.9999999957617561,-4.794753792071207e-16,2615.9860639780304,2.148095121177516e-05,0.7426028788827306
0.0005,240.0,4.949374936394492e-05,4.9501438826850216e-05,0.00020534822064046266,0.9998761295642663,0.9999999957213435,-3.196502528047471e-16,2615.986027801241,2.1625732960537185e-05,0.7426179753907837
0.0005,240.8,0.00020813485877592424,0.00020814410295146854,0.00018763033753922795,0.9998896505061685,0.9999999956812426,-4.794753792071207e-16,2615.9859847723574,2.1751232435676923e-05,0.7426146160877366
0.0005,241.6,0.00034428384641566387,0.00034429755848929114,0.00014963975894126928,0.9999141210243431,0.9999999956413901,-4.794753792071207e-16,2615.9860142079915,2.1855159142298857e-05,0.7426119707996829
0.0005,242.4,0.00044322970385830173,0.0004432517955376154,9.548325726594235e-05,0.9999510538607832,0.9999999956018465,-4.794753792071207e-16,2615.9860621830444,2.1980526161090086e-05,0.7426231746506676
0.0005,243.20000000000002,0.0004942916399925128,0.0004943167375049521,3.101110911976461e-05,0.9999759749875909,0.999999995562664,-3.196502528047471e-16,2615.9860407198553,2.211993912302592e-05,0.742622848731544
0.0005,244.0,0.0004919568358521861,0.0004919743776602324,-3.681386313294634e-05,0.99997578502237,0.999999995523777,-4.794753792071207e-16,2615.9859906257884,2.2233083162931628e-05,0.7426153334064868
0.0005,244.8,0.0004364682418645311,0.00043647624916914825,-0.00010066210376242119,0.9999589795384584,0.9999999954851589,-4.794753792071207e-16,2615.9860028485514,2.233609051093409e-05,0.7426250421085219
0.0005,245.6,0.00033381420168843753,0.0003338191726600401,-0.00015363267067257594,0.9999239274188333,0.9999999954468842,-4.794753792071207e-16,2615.9860525545614,2.2464703082558696e-05,0.7426271122421054
0.0005,246.4,0.00019508854805102335,0.00019509569261147547,-0.00019000372249770097,0.9998869549539262,0.9999999954089657,-4.794753792071207e-16,2615.986051067715,2.259532911790405e-05,0.742606774441039
0.0005,247.20000000000002,3.5284517655269395e-05,3.529371396714879e-05,-0.0002058468510666355,0.999871217962795,0.9999999953713319,-4.794753792071207e-16,2615.9860046109648,2.2698261905492853e-05,0.7426077242236828
0.0005,248.0,-0.000128327531421193,-0.0001283215108541928,-0.00019944948891724936,0.999876377951092,0.9999999953339911,-7.991256320118678e-16,2615.985994765759,2.2802974774423976e-05,0.7426278656938061
0.0005,248.8,-0.0002780681391924884,-0.0002780722654348978,-0.00017150289169067437,0.9999004496832706,0.9999999952970166,-6.393005056094942e-16,2615.986035607114,2.293203609618604e-05,0.7426129603976597
0.0005,249.6,-0.0003977629854700927,-0.0003977793090739718,-0.0001250273184895409,0.9999386835741048,0.9999999952603876,-4.794753792071207e-16,2615.9860564201313,2.3051813388315083e-05,0.7425880627389115
0.0005,250.4,-0.00047448589956717793,-0.00047450954171461465,-6.504340263352576e-05,0.9999699843137352,0.9999999952240418,-6.393005056094942e-16,2615.9860221200884,2.3147522045496652e-05,0.7426082546848043
0.0005,251.20000000000002,-0.0004999473304253323,-0.0004999721418094084,1.9694739822095032e-06,0.9999796426848337,0.9999999951880142,-6.393005056094942e-16,2615.9859898079803,2.325512838672376e-05,0.7426264282127377
0.0005,252.0,-0.00047139019526095896,-0.0004714150125484097,6.877016622888432e-05,0.9999701714424296,0.99999999515236,-4.794753792071207e-16,2615.986015163226,2.33813860327995e-05,0.7425988510189808
0.0005,252.8,-0.00039189692236598126,-0.00039192404683028833,0.00012813906400960468,0.9999397822251685,0.9999999951170371,-3.196502528047471e-16,2615.986056458759,2.3489773838534387e-05,0.7425892756801572
0.0005,253.6,-0.00027006121093153536,-0.00027008896259502635,0.00017366253931016585,0.9998982447902041,0.999999995082004,-6.393005056094942e-16,2615.986039400874,2.3581414641989672e-05,0.7426204172360994
0.0005,254.4,-0.00011905196168347296,-0.00011907299723956947,0.00020042403194722085,0.9998740115633938,0.999999995047312,-4.794753792071207e-16,2615.985989825612,2.369168399845936e-05,0.7426218067173306
0.0005,255.20000000000002,4.4814367735779715e-05,4.480821342389018e-05,0.00020553115194106464,0.9998704348058306,0.9999999950129891,-4.794753792071207e-16,2615.9859974648334,2.3812096374461415e-05,0.7425964777062206
0.0005,256.0,0.0002038347677982509,0.00020384818198146559,0.00018843188689397024,0.999887542004701,0.9999999949789812,-3.196502528047471e-16,2615.9860520533784,2.3909918995724572e-05,0.7426083445927566
0.0005,256.8,0.00034083515833308584,0.0003408642016046905,0.00015097491067032423,0.9999283178071601,0.9999999949452776,-3.196502528047471e-16,2615.986053062731,2.400019686452164e-05,0.7426283391347223
0.0005,257.6,0.00044102012740479817,0.0004410527960617802,9.720492015363621e-05,0.9999618469725461,0.9999999949119366,-4.794753792071207e-16,2615.985996223612,2.4111731245973235e-05,0.7426107180882306
0.0005,258.4,0.0004935583263264225,0.0004935875002049188,3.2930347700186044e-05,0.9999756683957998,0.9999999948789573,-3.196502528047471e-16,2615.9859870763953,2.422393546243773e-05,0.7426041051028032
0.0005,259.2,0.0004927631924073863,0.0004927920063888012,-3.490028503508278e-05,0.9999743927534541,0.9999999948462798,-3.196502528047471e-16,2615.9860428921306,2.4312943615397422e-05,0.7426265002296599
0.0005,260.0,0.0004387246711774117,0.000438754429563481,-9.89578560639392e-05,0.9999469955942311,0.9999999948139164,-4.794753792071207e-16,2615.9860595922664,2.4403702556127048e-05,0.7426196014378722
0.0005,260.8,0.0003372896898905204,0.00033731341048884143,-0.00015232532000957554,0.9999127079879084,0.9999999947819234,-4.794753792071207e-16,2615.9860084109923,2.4514430903316825e-05,0.7425974620482173
0.0005,261.6,0.00019941787341822118,0.00019942741349211914,-0.00018923637561706934,0.9998901164801577,0.9999999947502775,-3.196502528047471e-16,2615.985985086926,2.4617123960481225e-05,0.7426162040161874
0.0005,262.4,4.000193729533137e-05,3.99940590545495e-05,-0.0002057008540276711,0.9998759814135134,0.9999999947189313,-3.196502528047471e-16,2615.986028440633,2.469962958585666e-05,0.7426314876553836
0.0005,263.2,-0.0001237386938822064,-0.00012376044019683566,-0.0001999406357099658,0.9998830130053975,0.9999999946879148,-3.196502528047471e-16,2615.9860574952995,2.479170253132943e-05,0.7426011395496867
0.0005,264.0,-0.0002741170741869863,-0.0002741436264285409,-0.0001725781743050127,0.9999096139282067,0.9999999946572654,0.0,2615.986024539588,2.489929325514932e-05,0.7425934923652374
0.0005,264.8,-0.0003948831615309567,-0.0003949071983002177,-0.00012656894052477945,0.999938798035155,0.9999999946269419,-3.196502528047471e-16,2615.98599027957,2.499220731588025e-05,0.7426286043139607
0.0005,265.6,-0.00047298130485932456,-0.00047300301206484483,-6.688477045535452e-05,0.9999639589588605,0.9999999945969146,-1.5982512640237355e-16,2615.9860104535596,2.5070617823755465e-05,0.7426251279188726
0.0005,266.4,-0.0004999709356575692,-0.0004999937785794292,2.493704411896013e-08,0.9999751290733179,0.999999994567227,-4.794753792071207e-16,2615.9860485898057,2.5163940899964162e-05,0.7425894714702537
0.0005,267.2,-0.00047294154838981695,-0.0004729639804911253,6.69314204009664e-05,0.9999628388837866,0.9999999945378999,-4.794753792071207e-16,2615.9860418349804,2.5266284882962518e-05,0.7426036699430681
0.0005,268.0,-0.00039481902349036436,-0.00039483400512691625,0.00012660697841548386,0.9999336960129052,0.9999999945088887,-6.393005056094942e-16,2615.986000398562,2.535004247223546e-05,0.7426356840621648
0.0005,268.8,-0.0002740418159434695,-0.0002740445667036601,0.00017260440739903422,0.9999050107914985,0.9999999944801831,-3.196502528047471e-16,2615.985993202432,2.542636916617303e-05,0.7426146602780765
0.0005,269.6,-0.00012365349687244577,-0.00012364588099719121,0.00019995275430962871,0.9998834267127679,0.9999999944518235,-3.196502528047471e-16,2615.986036266908,2.5520009278340503e-05,0.7425925381614739
0.0005,270.4,4.009986095665753e-05,4.011200411452202e-05,0.00020569707566523918,0.999877277328202,0.9999999944238049,-3.196502528047471e-16,2615.9860562013855,2.5615406629584487e-05,0.7426191207911075
0.0005,271.2,0.00019952583988948382,0.0001995361537710489,0.0001892174781105126,0.9998957297224237,0.9999999943960803,-4.794753792071207e-16,2615.9860127603283,2.569136760312798e-05,0.7426311726313898
0.0005,272.0,0.000337395202601111,0.00033740162480197164,0.0001522931148103858,0.999920446705873,0.9999999943686596,-3.196502528047471e-16,2615.9859814520864,2.57671866929988e-05,0.7426052748167882
0.0005,272.8,0.00043880376241701974,0.0004388120088467025,9.891394679776822e-05,0.9999451160893329,0.9999999943415823,-6.393005056094942e-16,2615.986023049346,2.5859845704142944e-05,0.7426050979570272
0.0005,273.6,0.0004927957310148814,0.0004928114929626922,3.485036753054927e-05,0.9999694670093567,0.9999999943148317,-6.393005056094942e-16,2615.9860630547837,2.594737084867408e-05,0.7426263036884023
0.0005,274.40000000000003,0.000493547938216075,0.0004935675052748033,-3.297799125419785e-05,0.9999704436880162,0.9999999942883734,-4.794753792071207e-16,2615.9860249865237,2.6017224102962463e-05,0.7426150974163925
0.0005,275.2,0.000440981162703207,0.00044099703814351894,-9.724645013652493e-05,0.9999547308462134,0.9999999942622294,-4.794753792071207e-16,2615.985978419756,2.6093323905132447e-05,0.7426003358599779
0.0005,276.0,0.00034076748814777596,0.00034077820360210265,-0.00015100842111821991,0.9999314397878728,0.9999999942364266,-6.393005056094942e-16,2615.986010079309,2.618332783422082e-05,0.7426176693066965
0.0005,276.8,0.00020373101604140943,0.00020374011609209392,-0.00018845268144610254,0.9998953675024078,0.9999999942109337,-6.393005056094942e-16,2615.9860596891413,2.6262598947636107e-05,0.7426205449774803
0.0005,277.6,4.467929148494914e-05,4.468984765985495e-05,-0.000205535906444493,0.9998739492794316,0.9999999941857243,-6.393005056094942e-16,2615.986035785424,2.6328136412134253e-05,0.7425969208784435
0.0005,278.40000000000003,-0.00011919978153069942,-0.00011918869545204082,-0.00020041268415802314,0.9998774789657707,0.9999999941608257,-6.393005056094942e-16,2615.985984959885,2.6404676094796572e-05,0.7426026166577734
0.0005,279.2,-0.00027019393925437936,-0.0002701892912940866,-0.00017363564430578478,0.9998957555841926,0.9999999941362481,-6.393005056094942e-16,2615.9859983469723,2.6490548177448027e-05,0.7426251686113409
0.0005,280.0,-0.00039198701926147333,-0.00039199749095516947,-0.0001280995880702929,0.9999325802167058,0.9999999941119546,-7.991256320118678e-16,2615.986047094689,2.656204204822181e-05,0.7426089658800155
0.0005,280.8,-0.0004714275989879138,-0.00047145381232496363,-6.872405433304842e-05,0.9999676419834871,0.9999999940879404,-6.393005056094942e-16,2615.9860447772426,2.6625001616914915e-05,0.7425887005944021
0.0005,281.6,-0.0004999403130872643,-0.000499973117095569,-1.921652251358617e-06,0.9999791745698523,0.9999999940642421,-4.794753792071207e-16,2615.985999495335,2.6701606158731272e-05,0.7426118717335827
0.0005,282.40000000000003,-0.00047444191501775946,-0.00047447274684564515,6.508935712478551e-05,0.9999707244309394,0.9999999940408604,-4.794753792071207e-16,2615.985989529223,2.678208552456893e-05,0.7426274461697108
0.0005,283.2,-0.0003976799683133533,-0.0003977080122464355,0.00012506672361360267,0.9999432093379031,0.9999999940177587,-7.991256320118678e-16,2615.9860293091933,2.6846511640738952e-05,0.7426019314081719
0.0005,284.0,-0.0002779471385672322,-0.00027797381551472003,0.00017153059933134853,0.99990464185878,0.999999993994938,-3.196502528047471e-16,2615.986051244301,2.690811216328203e-05,0.7425948573772325
0.0005,284.8,-0.0001281846322294251,-0.00012820678842902274,0.00019946211198296876,0.9998768897112661,0.9999999939724221,-7.991256320118678e-16,2615.9860182880607,2.6983861656869728e-05,0.7426226897790089
0.0005,285.6,3.5422912703406357e-05,3.541209946865798e-05,0.00020584335204251272,0.9998708778086698,0.9999999939501972,-7.991256320118678e-16,2615.9859855545774,2.7058075937378155e-05,0.7426256449971872
0.0005,286.40000000000003,0.00019519746667331922,0.00019520486967253625,0.00018998431067311834,0.9998842126349884,0.9999999939282297,-6.393005056094942e-16,2615.986011098787,2.7116776152707046e-05,0.7426038069645272
0.0005,287.2,0.000333879582306956,0.00033390696777758845,0.0001535991957674666,0.9999169451032635,0.9999999939065325,-9.589507584142415e-16,2615.9860533533774,2.7177952484932927e-05,0.7426090486692459
0.0005,288.0,0.00043649434898205815,0.00043653321527494345,0.00010061951644972793,0.9999566413578226,0.9999999938851281,-9.589507584142415e-16,2615.986036468807,2.7252003931594822e-05,0.7426273579288497
0.0005,288.8,0.0004919580323433727,0.0004919954491302193,3.6767348096748145e-05,0.9999783586043324,0.9999999938639942,-7.991256320118678e-16,2615.985987685386,2.731962505595049e-05,0.7426204865421954
0.0005,289.6,0.0004942691673713312,0.000494299958609648,-3.105880008010903e-05,0.9999791263459014,0.9999999938431111,-9.589507584142415e-16,2615.9859960313975,2.737403726962182e-05,0.742611223151603
0.0005,290.40000000000003,0.00044317155849189126,0.00044319770483141886,-9.55277610550671e-05,0.9999588503580431,0.9999999938225002,-7.991256320118678e-16,2615.9860489375224,2.7435160108167505e-05,0.742620359996535
0.0005,291.2,0.0003441906156134194,0.00034421152970956715,-0.00014967399080752475,0.9999177656288909,0.9999999938021713,-6.393005056094942e-16,2615.9860497134196,2.750644753049461e-05,0.742621932020883
0.0005,292.0,0.00020802559439101688,0.00020803636515398765,-0.00018765007191548315,0.9998841833161006,0.9999999937821027,-6.393005056094942e-16,2615.9859959695086,2.756750108544042e-05,0.7426132881165587
0.0005,292.8,4.938815877916157e-05,4.9384036425723684e-05,-0.00020535253842656923,0.9998713283446519,0.9999999937622839,-7.991256320118678e-16,2615.9859860466213,2.7618786777226454e-05,0.742617928702624
0.0005,293.6,-0.00011458366789355918,-0.00011460408859654021,-0.00020086759184716188,0.9998761356942042,0.9999999937427394,-7.991256320118678e-16,2615.9860373041197,2.767992510829419e-05,0.7426221863595012
0.0005,294.40000000000003,-0.0002661784444092046,-0.0002662102191317726,-0.00017468086716791926,0.9999063539765736,0.9999999937234707,-9.589507584142415e-16,2615.986055732946,2.7747145914546275e-05,0.7426096526718806
0.0005,295.2,-0.0003890221783747996,-0.00038905471233897915,-0.0001296208275395985,0.9999439082119896,0.9999999937044459,-7.991256320118678e-16,2615.986009230532,2.7802198033679247e-05,0.7426067154194403
0.0005,296.0,-0.0004698385839423165,-0.0004698640355687996,-7.055422922951581e-05,0.9999666715346107,0.99999999368566,-4.794753792071207e-16,2615.985982034719,2.7851394733097003e-05,0.7426201340311659
0.0005,296.8,-0.0004998868189242493,-0.0004999063925465013,-3.864977120017401e-06,0.9999763408503966,0.9999999936671314,-9.589507584142415e-16,2615.9860204114566,2.7912150514923767e-05,0.7426160826465551
0.0005,297.6,-0.00047591879393018145,-0.0004759371598207921,6.323963687572343e-05,0.9999645379379911,0.9999999936488482,-4.794753792071207e-16,2615.9860545286115,2.7974837366876525e-05,0.7425984539888555
0.0005,298.40000000000003,-0.00040053086472980714,-0.00040054711848187835,0.00012351167074071636,0.9999325324665572,0.9999999936307824,-4.794753792071207e-16,2615.9860251448454,2.802459636097644e-05,0.742603503368933
0.0005,299.2,-0.00028187242597629754,-0.00028188073146051177,0.00017044076023612503,0.9999032544578598,0.9999999936129446,-4.794753792071207e-16,2615.9859842696214,2.8072966786374225e-05,0.7426181693977477
0.0005,300.0,-0.00013276172262522204,-0.0001327583238372365,0.00019895489343110372,0.9998832454996304,0.9999999935953537,-7.991256320118678e-16,2615.9860023725005,2.813265497631606e-05,0.7426088411726768
0.0005,300.8,3.0694403821593916e-05,3.0707983619070006e-05,0.0002059726064226217,0.999876514229844,0.999999993578003,-9.589507584142415e-16,2615.986047495505,2.8190552249345862e-05,0.7425951444730966
0.0005,301.6,0.0001908390144668226,0.00019085659831598548,0.00019073661236591717,0.9998942965373453,0.9999999935608789,-6.393005056094942e-16,2615.9860405017553,2.82357618457698e-05,0.7426045596760281
0.0005,302.40000000000003,0.00033037019434123627,0.0003303845824824875,0.00015489231662520382,0.9999236881147124,0.9999999935439954,-7.991256320118678e-16,2615.9859924049297,2.8283584048286564e-05,0.7426147718532512
0.0005,303.2,0.00043420533755753326,0.0004342160266036088,0.00010231172413030767,0.999948730339793,0.9999999935273689,-6.393005056094942e-16,2615.985987798971,2.834157760796179e-05,0.7426066274658721
0.0005,304.0,0.0004911182224795502,0.0004911323944792785,3.867797927563111e-05,0.9999688918499381,0.9999999935109818,-9.589507584142415e-16,2615.9860363427288,2.8393791884481037e-05,0.7426010886446441
0.0005,304.48,0.0004999518019576443,0.0004999703972813043,-1.9750682855194023e-06,0.9999731830913335,0.9999999935012572,-1.118775884816615e-15,2615.986054564046,2.8419221778831248e-05,0.7426048424016678
0.0010,0.0,0.001,0.001,0.0,1.0,1.0,0.0,2615.9860448063705,0.0,0.7426140469967158
0.0010,0.8,0.0009459770739453808,0.000945977011110588,-0.0001338204187103619,0.9999889810558366,1.0,0.0,2615.986097442798,-9.663291955458795e-14,0.7426623516403636
0.0010,1.6,0.000789751019860549,0.0007897504112948461,-0.0002531723749247563,0.999940243465225,1.0,0.0,2615.9861501613686,-8.36960667701827e-14,0.7426951888190602
0.0010,2.4,0.00054820410755564,0.0005482032741594056,-0.00034517312543206274,0.999885513799782,1.0,0.0,2615.9861018276683,-1.4547145386807841e-13,0.7426363654713998
0.0010,3.2,0.0002474280750737508,0.00024742810918199987,-0.0003998868883433927,0.9998634646829931,1.0,0.0,2615.986051592383,-2.1234699262709972e-13,0.7426221126624359
0.0010,4.0,-8.008147820318027e-05,-8.008063183925868e-05,-0.00041139515449639636,0.9998591383567782,1.0000000000000002,1.5982512640237355e-16,2615.9860901648626,-2.0130321597270348e-13,0.742684614534573
0.0010,4.8,-0.00039893946332396346,-0.0003989378430432129,-0.00037845664640614036,0.9998847914954857,1.0000000000000002,1.5982512640237355e-16,2615.9861360902087,-2.7312428389738524e-13,0.7426775127752236
0.0010,5.6000000000000005,-0.0006746961325027198,-0.0006746947965583294,-0.0003046290300977209,0.9999271437862909,1.0000000000000002,1.5982512640237355e-16,2615.986112351029,-2.452906518195765e-13,0.7426160893555148
0.0010,6.4,-0.0008775536985389331,-0.0008775559185261856,-0.00019788414444167718,0.9999562472972651,1.0000000000000002,1.5982512640237355e-16,2615.986074366123,-3.0685373941922223e-13,0.7426415988603386
0.0010,7.2,-0.0009855965710291073,-0.0009856018465178625,-6.976065934574002e-05,0.9999768514395098,1.0000000000000002,1.5982512640237355e-16,2615.9860848979215,-2.6861627010928366e-13,0.7426915230819766
0.0010,8.0,-0.0009871561480217412,-0.0009871617288127925,6.589655980201912e-05,0.9999772030921735,1.0000000000000002,3.196502528047471e-16,2615.986119788544,-1.610006850086557e-13,0.7426413597412074
0.0010,8.8,-0.0008820560697213452,-0.0008820674435233607,0.00019443639662793387,0.9999551600846603,1.0,0.0,2615.986129298407,-1.363830306115396e-13,0.7425937402672999
0.0010,9.6,-0.0006816461026429069,-0.0006816715988669917,0.00030197042168068005,0.9999238971845235,1.0000000000000002,1.5982512640237355e-16,2615.9861038097415,-1.6892379055434502e-13,0.742638184639549
0.0010,10.4,-0.00040758786503766346,-0.00040762532962431504,0.0003768782075266638,0.9998934859692608,1.0000000000000002,1.5982512640237355e-16,2615.986081448199,-1.5234229348306476e-13,0.7426205681841748
0.0010,11.200000000000001,-8.949827557137457e-05,-8.953754939458859e-05,0.0004110670023499372,0.9998789772970376,1.0000000000000002,1.5982512640237355e-16,2615.986104634095,-1.5428198187954494e-13,0.7425142726457638
0.0010,12.0,0.00023825281530472631,0.00023822433676750187,0.0004008421785814404,0.9998836364532571,1.0000000000000002,1.5982512640237355e-16,2615.986144810154,-1.0037768879332825e-13,0.7425249150062754
0.0010,12.8,0.0005402558378304063,0.0005402476364940832,0.0003473093371483719,0.9999093785350206,1.0,0.0,2615.986130265933,-1.253446369328663e-13,0.7425964057510486
0.0010,13.6,0.000783887055353803,0.0007839006823706371,0.00025625058046310756,0.9999393523947251,1.0,0.0,2615.9860815190095,-1.020733984608128e-13,0.7425496026204019
0.0010,14.4,0.0009428142756952432,0.0009428556093571387,0.00013750116593451444,0.9999551829723637,1.0000000000000002,1.5982512640237355e-16,2615.9860936021155,-6.912715039358503e-14,0.742513804624931
0.0010,15.200000000000001,0.0009998584317169599,0.0009999368386154096,3.897607395447609e-06,0.999962851925808,1.0000000000000002,1.5982512640237355e-16,2615.986152798426,-5.418550196018937e-14,0.7425823740177905
0.0010,16.0,0.0009488722016054959,0.0009489808520008791,-0.00013012205110481416,0.9999512549763944,1.0000000000000002,1.5982512640237355e-16,2615.986148413612,-6.641791536932055e-14,0.7425947083889815
0.0010,16.8,0.0007953753527704884,0.0007954939149482805,-0.00025008637690328306,0.999928917742975,1.0000000000000002,1.5982512640237355e-16,2615.9860876028447,-7.942612897666534e-14,0.7425452523995582
0.0010,17.6,0.0005559477778126063,0.0005560554648849004,-0.00034303394529915505,0.9999147968824046,1.0,0.0,2615.9860881539926,-1.1172212782370803e-13,0.742573914561527
0.0010,18.400000000000002,0.00025645742268099267,0.00025653566516301403,-0.00039891519544727594,0.9998972325723208,1.0,0.0,2615.9861499445597,-9.203129826523009e-14,0.7426152876927349
0.0010,19.2,-7.073898644638222e-05,-7.070150825988433e-05,-0.0004116943218791716,0.9998903315775651,1.0000000000000002,1.5982512640237355e-16,2615.986156938072,-3.346761256187443e-14,0.7425771874915564
0.0010,20.0,-0.0003902947605516954,-0.00039029966607119065,-0.0003799918792878689,0.9999020274456866,1.0,0.0,2615.986101274305,-2.6734092689623237e-14,0.7425661687885597
0.0010,20.8,-0.0006676830997814432,-0.0006677265965497029,-0.0003072307091863692,0.9999168571148623,1.0,0.0,2615.9860894865155,-2.4367861363301637e-14,0.7426178354914597
0.0010,21.6,-0.0008729301884430499,-0.0008730069674745708,-0.0002012764372738542,0.9999411897827581,1.0000000000000002,1.5982512640237355e-16,2615.986138613774,-3.115122120265135e-14,0.742613526470757
0.0010,22.400000000000002,-0.0009838583882640264,-0.0009839639807996698,-7.35788242022488e-05,0.9999634922190266,1.0000000000000002,1.5982512640237355e-16,2615.9861583425727,-5.421750348083366e-14,0.7425699119795477
0.0010,23.2,-0.0009884871249156715,-0.0009886100549262842,6.207058856400154e-05,0.9999649009415776,1.0,0.0,2615.9861207454856,-1.098479856574879e-13,0.7425956626377489
0.0010,24.0,-0.0008863263136520785,-0.0008864407022796928,0.00019101640648074066,0.9999514221289217,1.0,0.0,2615.9860933628233,-3.7789731478209273e-14,0.7426350298270933
0.0010,24.8,-0.0006884134939466738,-0.0006884941953403449,0.000299322615374898,0.9999265744356213,1.0,0.0,2615.9861161663425,-7.113482910638157e-14,0.7426040276181962
0.0010,25.6,-0.0004161212909770778,-0.0004161592293557568,0.0003752866298738797,0.9998966305011563,0.9999999999999997,-3.196502528047471e-16,2615.9861480377863,-1.4122975602356638e-13,0.7425812389903372
0.0010,26.400000000000002,-9.886406371529601e-05,-9.88609781579564e-05,0.000410702859601945,0.9998789985879966,1.0,0.0,2615.986135542977,-2.0063765039661864e-13,0.7426194867850269
0.0010,27.2,0.00022908065725021895,0.00022911849836339994,0.0004017453017211568,0.9998827531369038,1.0,0.0,2615.9860931715207,-1.0993768539830444e-13,0.7426338953221472
0.0010,28.0,0.0005322776079481377,0.000532342702941015,0.0003493806857186124,0.999901313441243,1.0000000000000002,1.5982512640237355e-16,2615.986088641206,-1.0879150883898691e-13,0.7426029266281757
0.0010,28.8,0.00077796153224763,0.0007780496550857276,0.0002592681071279752,0.9999314058183033,1.0000000000000002,1.5982512640237355e-16,2615.986132306126,-1.520014508861024e-13,0.7426037257740481
0.0010,29.6,0.0009395916863411509,0.0009396939081376772,0.0001411464029780212,0.9999653309395843,1.0000000000000002,1.5982512640237355e-16,2615.9861445367533,-1.711341420028681e-13,0.7426312961720136
0.0010,30.400000000000002,0.0009997179298648301,0.000999812349070635,7.774203501678718e-06,0.9999794959561205,0.9999999999999997,-3.196502528047471e-16,2615.986094415165,-2.1462445519642675e-13,0.7426264953421582
0.0010,31.2,0.0009518428413215525,0.0009519070898853471,-0.00012644233426788967,0.9999720846458657,0.9999999999999997,-3.196502528047471e-16,2615.9860693249634,-2.1444341968944832e-13,0.7426131257174806
0.0010,32.0,0.0008011263497150208,0.0008011521998389165,-0.0002469965444972836,0.9999476969513365,1.0,0.0,2615.9861163851165,-2.1398417321005497e-13,0.7426263423332337
0.0010,32.8,0.0005638471087738193,0.0005638385479620004,-0.00034086019032626203,0.9999048184382398,1.0000000000000002,1.5982512640237355e-16,2615.9861466092543,-2.613635097931304e-13,0.7426321577173075
0.0010,33.6,0.00026564209917077003,0.0002656078180110267,-0.00039789700526025504,0.9998719621618246,1.0,0.0,2615.9861008722023,-2.914617508709342e-13,0.7426209167893956
0.0010,34.4,-6.126850395768813e-05,-6.131967548502852e-05,-0.0004119453397361439,0.9998653094571055,1.0,0.0,2615.9860629255804,-2.533779280876106e-13,0.7426281465797682
0.0010,35.2,-0.0003815600885913031,-0.00038162186188970176,-0.0003814853477263972,0.9998788696576477,1.0,0.0,2615.9861003833335,-2.228696738681855e-13,0.742639819698762
0.0010,36.0,-0.0006606254898455484,-0.0006606928389968496,-0.0003098107159790679,0.9999176871378505,1.0000000000000002,1.5982512640237355e-16,2615.9861412982864,-2.2354476893758454e-13,0.7426255423208026
0.0010,36.800000000000004,-0.0008683192636941214,-0.0008683828158174043,-0.00020466435261796154,0.9999614848874692,1.0,0.0,2615.986112330537,-2.378179874121396e-13,0.7426181579584487
0.0010,37.6,-0.0009822067921362145,-0.000982251108990365,-7.740165758678507e-05,0.9999835304274921,1.0,0.0,2615.9860679976223,-1.7013940694213218e-13,0.7426381636272715
0.0010,38.4,-0.000989978236919538,-0.0009899924484667614,5.822495127057311e-05,0.9999846453955074,1.0000000000000002,1.5982512640237355e-16,2615.9860850259874,-1.5864476361792e-13,0.7426403910248057
0.0010,39.2,-0.0008907826746030822,-0.000890771827711091,0.00018755689491004274,0.99996115227055,1.0,0.0,2615.9861303255743,-1.9423003252702027e-13,0.742616424642853
0.0010,40.0,-0.0006953338939854813,-0.0006953119047321942,0.0002966232843217794,0.9999184184616301,1.0,0.0,2615.986125809311,-1.2118243191966118e-13,0.7426168264400138
0.0010,40.800000000000004,-0.00042475480732907014,-0.0004247299853050254,0.00037364415170228676,0.9998831861257491,0.9999999999999997,-3.196502528047471e-16,2615.9860808911503,-1.524235814444783e-13,0.7426384361669731
0.0010,41.6,-0.00010828516078645403,-0.00010825882032672855,0.00041029647454902485,0.9998670545299052,1.0,0.0,2615.9860729053908,-1.3292475080855958e-13,0.742632143318338
0.0010,42.4,0.00021988044123182293,0.00021990914519362019,0.0004026187683279542,0.9998715591375373,1.0,0.0,2615.986116468379,-1.0743197417950492e-13,0.742610459115543
0.0010,43.2,0.0005242873241212069,0.0005243179395658179,0.00035144212423409874,0.9999020333413343,1.0,0.0,2615.9861372390164,-7.005579088379022e-14,0.742615778614121
0.0010,44.0,0.0007720535852775814,0.0007720792058448471,0.0002622948067202799,0.9999426481067482,1.0,0.0,2615.986097895534,7.652671172766664e-14,0.742630266226888
0.0010,44.800000000000004,0.0009364114181415207,0.0009364228144191109,0.00014480539079440846,0.9999699530322046,1.0,0.0,2615.986067213005,5.528528191862635e-14,0.7426219960397086
0.0010,45.6,0.0009995911634291057,0.000999590747211466,1.167034776159957e-05,0.9999811161639225,1.0,0.0,2615.986102448795,6.382684706277168e-16,0.7426098085562862
0.0010,46.4,0.0009547588482669464,0.0009547599322872206,-0.00012272149566787993,0.999969588948342,1.0000000000000002,1.5982512640237355e-16,2615.9861431036234,-3.94762920294066e-14,0.7426135687336598
0.0010,47.2,0.0008067659421228688,0.0008067764852722192,-0.0002438534272216923,0.9999351684330036,0.9999999999999997,-3.196502528047471e-16,2615.9861158167455,-2.2583865021045006e-14,0.7426178131702287
0.0010,48.0,0.0005716107707880672,0.0005716273528312202,-0.0003386424479628632,0.9999031211165851,0.9999999999999997,-3.196502528047471e-16,2615.986069926581,-7.324821520494102e-14,0.7426145395893339
0.0010,48.800000000000004,0.00027470147158832907,0.0002747166229776681,-0.0003968441904626766,0.999882289959298,0.9999999999999996,-4.794753792071207e-16,2615.9860903334506,-4.729347518107811e-14,0.7426125315427226
0.0010,49.6,-5.1884043890109707e-05,-5.187585329523636e-05,-0.0004121682545977879,0.9998746420933974,1.0,0.0,2615.986141510351,2.4239830132816925e-14,0.7426096571093281
0.0010,50.4,-0.0003728640061991553,-0.00037286372775083705,-0.0003829610389114984,0.9998926689652218,0.9999999999999997,-3.196502528047471e-16,2615.986131886384,-1.8737082434511354e-14,0.7426059074245548
0.0010,51.2,-0.0006535627840037383,-0.0006535666024512388,-0.00031237635958036446,0.9999220442552479,0.9999999999999997,-3.196502528047471e-16,2615.9860808018148,-5.798050127173309e-14,0.7426109001328627
0.0010,52.0,-0.0008636482519973313,-0.0008636545550299009,-0.00020803898427396996,0.9999470097690215,0.9999999999999997,-3.196502528047471e-16,2615.9860815499646,-1.04466807272524e-13,0.7426154070136386
0.0010,52.800000000000004,-0.0009804123332937246,-0.000980428708197351,-8.122674789068898e-05,0.9999683701269654,1.0,0.0,2615.986132617918,-1.5185785199712938e-13,0.7426053157072631
0.0010,53.6,-0.0009912394960859114,-0.0009912753471444894,5.4358067298956044e-05,0.9999710043976886,1.0,0.0,2615.9861436234382,-2.2778402536953624e-13,0.7425981195736154
0.0010,54.4,-0.0008949706462945443,-0.0008950230482275027,0.00018407232974965125,0.9999517196245471,0.9999999999999997,-3.196502528047471e-16,2615.98609737373,-2.2369102346739963e-13,0.7426096550389325
0.0010,55.2,-0.0007020136080615564,-0.0007020682845051062,0.0002939021307150658,0.9999273482253997,0.9999999999999997,-3.196502528047471e-16,2615.9860770762466,-1.5753423953029968e-13,0.7426163044258617
0.0010,56.0,-0.00043321327195727094,-0.000433257787001416,0.000371976304229547,0.999900317133386,1.0,0.0,2615.9861184453985,-1.2578721123827112e-13,0.7426027064899114
0.0010,56.800000000000004,-0.00011760718510671814,-0.00011763647514235291,0.0004098591210246639,0.9998799242880965,0.9999999999999997,-3.196502528047471e-16,2615.986149070235,-1.0592624812497347e-13,0.7425957002103664
0.0010,57.6,0.00021070833804879795,0.00021069445783288213,0.0004034597916846676,0.9998830252396518,0.9999999999999997,-3.196502528047471e-16,2615.986115961499,-7.289114705871495e-14,0.742608849550222
0.0010,58.4,0.0005162609996978972,0.0005162609698512264,0.00035346825054905694,0.9999016412947298,0.9999999999999996,-4.794753792071207e-16,2615.986077737163,9.689821102546575e-14,0.7426151927369157
0.0010,59.2,0.0007660307553466607,0.0007660473971457688,0.00026528566531895003,0.9999270871978402,0.9999999999999996,-3.196502528047471e-16,2615.98610236577,6.220217194160844e-13,0.7426034767072057
0.0010,60.0,0.000933025148906694,0.0009330665420721543,0.0001484433386034763,0.9999575178006773,0.9999999999999993,-3.196502528047471e-16,2615.9861472776515,2.225825121204216e-12,0.7425978209312589
0.0010,60.800000000000004,0.0009992089095131622,0.0009992753603571922,1.556440546793228e-05,0.999973217978578,0.9999999999999987,-4.794753792071207e-16,2615.986132798056,6.099865776620646e-12,0.7426074006563066
0.0010,61.6,0.0009574432411827676,0.0009575196032393483,-0.0001189997018728376,0.9999661321322273,0.9999999999999978,-1.5982512640237355e-16,2615.9860839028715,1.4410510066137921e-11,0.7426132342914001
0.0010,62.4,0.0008122397096377245,0.0008123077521605035,-0.00024070899677957073,0.9999470446701118,0.9999999999999953,-3.196502528047471e-16,2615.9860879773414,3.026019082932315e-11,0.7426074828970829
0.0010,63.2,0.0005792783471337543,0.000579329399255161,-0.0003364083537578162,0.9999153836898416,0.999999999999991,-7.991256320118678e-16,2615.986138445519,5.715240097519429e-11,0.7426024004231212
0.0010,64.0,0.0002837260101214484,0.000283758710020079,-0.0003957591365705323,0.9998839112429257,0.9999999999999851,-4.794753792071207e-16,2615.9861447525996,9.892684553419993e-11,0.7426053994957018
0.0010,64.8,-4.248405125359408e-05,-4.246973449719295e-05,-0.0004123516869144106,0.999874991543533,0.9999999999999762,-4.794753792071207e-16,2615.986095014419,1.597759938741081e-10,0.7426115883827397
0.0010,65.6,-0.000364103784856808,-0.0003641093444274024,-0.000384391625671149,0.9998846229466496,0.9999999999999634,-7.991256320118678e-16,2615.9860782424826,2.4391005485556897e-10,0.7426130655777559
0.0010,66.4,-0.0006463781312600684,-0.00064640836038834,-0.00031490044053780736,0.9999102061937332,0.9999999999999465,-7.991256320118678e-16,2615.986124150405,3.5645792207136967e-10,0.7426075081801888
0.0010,67.2,-0.0008588094969830425,-0.0008588674533598211,-0.00021138906228883447,0.9999489272800374,0.9999999999999244,-7.991256320118678e-16,2615.9861499354415,5.038763289168137e-10,0.7426038396867432
0.0010,68.0,-0.0009784566004961343,-0.0009785331389440782,-8.503794094091953e-05,0.9999745430988913,0.999999999999896,-4.794753792071207e-16,2615.9861094344233,6.934260590537749e-10,0.7426107321987039
0.0010,68.8,-0.0009923982848531504,-0.0009924739593271854,5.050526888355917e-05,0.9999772349204261,0.9999999999998593,-4.794753792071207e-16,2615.986074960667,9.340174259480576e-10,0.7426180031757734
0.0010,69.60000000000001,-0.0008991208241033648,-0.0008991815982351545,0.0001805915692190457,0.9999623803647243,0.9999999999998134,-6.393005056094942e-16,2615.9861071093246,1.233878729220485e-09,0.7426119495587613
0.0010,70.4,-0.0007086938556333501,-0.0007087378344375115,0.0002911621368472887,0.9999270161963438,0.9999999999997568,-4.794753792071207e-16,2615.9861477387435,1.6021133708783164e-09,0.7426036692035538
0.0010,71.2,-0.0004416922910415075,-0.00044172092319438513,0.00037027416543202244,0.9998893511927446,0.9999999999996877,-6.393005056094942e-16,2615.986124519062,2.0492751814977646e-09,0.7426103428851946
0.0010,72.0,-0.00012696809127529218,-0.00012697931584886214,0.0004093822826474301,0.9998723039330376,0.9999999999996049,-4.794753792071207e-16,2615.986078550677,2.584606001501978e-09,0.742620610169616
0.0010,72.8,0.00020147113082612125,0.00020148179821808122,0.00040425888400040435,0.9998744236044407,0.9999999999995062,-4.794753792071207e-16,2615.986090700314,3.2210040573014174e-09,0.7426154100116023
0.0010,73.60000000000001,0.0005081372882877641,0.0005081739794480639,0.00035545824202100074,0.9998979629157057,0.9999999999993893,-6.393005056094942e-16,2615.986138858203,3.971352478996948e-09,0.7426053534937191
0.0010,74.4,0.0007599020937535674,0.0007599621870119217,0.0002682543286227726,0.9999382361484355,0.9999999999992528,-7.991256320118678e-16,2615.986137308154,4.847160639984456e-09,0.7426099454711973
0.0010,75.2,0.0009295735841741522,0.0009296424843390263,0.00015206537853552945,0.9999685451958745,0.9999999999990946,-7.991256320118678e-16,2615.9860882413095,5.865026408610342e-09,0.7426204187108474
0.0010,76.0,0.0009988186962381687,0.0009988794773804447,1.944356297961638e-05,0.9999793146796192,0.9999999999989125,-9.589507584142415e-16,2615.986078269325,7.03801622016614e-09,0.7426179973974916
0.0010,76.8,0.0009601442122519699,0.0009601919371826287,-0.00011527689991995224,0.9999714293241415,0.9999999999987053,-6.393005056094942e-16,2615.9861250419735,8.378670345045026e-09,0.7426085425771457
0.0010,77.60000000000001,0.0008177242834275071,0.000817762695334153,-0.00023753879498800243,0.9999394802831523,0.99999999999847,-6.393005056094942e-16,2615.9861451401034,9.908549148611411e-09,0.7426092089381902
0.0010,78.4,0.0005869527530099141,0.0005869813467857493,-0.000334137485122891,0.9999018056408748,0.9999999999982049,-4.794753792071207e-16,2615.9861021461857,1.1639424992727616e-08,0.7426179191914688
0.0010,79.2,0.0002927680209980953,0.0002927803616105094,-0.0003946371090435098,0.99987960262038,0.9999999999979075,-6.393005056094942e-16,2615.9860722721023,1.3597752811690288e-08,0.7426197000634824
0.0010,80.0,-3.304436140195136e-05,-3.305434200822288e-05,-0.0004124980675879637,0.9998726389158892,0.9999999999975756,-7.991256320118678e-16,2615.9861087631944,1.5797685375997918e-08,0.7426123543317225
0.0010,80.8,-0.00035528430983683694,-0.00035531794000769935,-0.00038579144244809267,0.999888206829415,0.9999999999972085,-6.393005056094942e-16,2615.9861463423713,1.8254712181791003e-08,0.7426083303021315
0.0010,81.60000000000001,-0.0006391426020540382,-0.0006391926327875498,-0.0003174033501394921,0.9999232587173792,0.9999999999968054,-6.393005056094942e-16,2615.986117680556,2.100414122753137e-08,0.7426142734705512
0.0010,82.4,-0.0008539547330453826,-0.0008540069593576949,-0.00021471935170332403,0.9999531874690507,0.9999999999963667,-7.991256320118678e-16,2615.9860738544617,2.3995666746062277e-08,0.7426203808052971
0.0010,83.2,-0.0009765040910473319,-0.0009765494877587807,-8.88348384461267e-05,0.9999714730544159,0.9999999999958943,-9.589507584142415e-16,2615.986092933084,2.7357052505157656e-08,0.7426158704409268
0.0010,84.0,-0.0009935399516683356,-0.0009935813134245885,4.664396356849731e-05,0.9999745914924851,0.9999999999953898,-7.991256320118678e-16,2615.9861406144137,3.091025594912935e-08,0.7426078459428249
0.0010,84.8,-0.0009032242010467719,-0.0009032652276179325,0.0001770810404388327,0.9999526208379645,0.9999999999948548,-7.991256320118678e-16,2615.9861319051224,3.4933482724906513e-08,0.7426106051061039
0.0010,85.60000000000001,-0.0007153239208528034,-0.0007153586676745719,0.0002883888693476616,0.9999214267315482,0.9999999999942891,-9.589507584142415e-16,2615.9860825396645,3.9156489940951236e-08,0.7426197272206978
0.0010,86.4,-0.0004501429256645134,-0.0004501612109148182,0.0003685399593548989,0.9998963298013446,0.9999999999936938,-4.794753792071207e-16,2615.9860803446627,4.3906004950704245e-08,0.7426183624896228
0.0010,87.2,-0.00013632920238330275,-0.00013632588841277292,0.0004088711094952954,0.999878133416266,0.9999999999930664,-6.393005056094942e-16,2615.9861290077424,4.903077148101664e-08,0.742608277191609
0.0010,88.0,0.0001922157438038859,0.0001922385299749815,0.0004050262965849913,0.9998806561632774,0.9999999999924093,-7.991256320118678e-16,2615.986142053114,5.456235339354463e-08,0.7426077557942593
0.0010,88.8,0.000499999396719852,0.0005000331611234082,0.00035742124057394306,0.9999044720591014,0.9999999999917237,-9.589507584142415e-16,2615.986096482485,6.090406181029045e-08,0.7426177058746611
0.0010,89.60000000000001,0.0007537665640138197,0.0007538019535632981,0.00027119704925598746,0.9999311955746338,0.9999999999910132,-6.393005056094942e-16,2615.986073319289,6.718914418548335e-08,0.7426196068006906
0.0010,90.4,0.0009260893863606596,0.0009261257513954062,0.0001556721614337138,0.9999574851463326,0.9999999999902798,-6.393005056094942e-16,2615.9861137816406,7.500067181655777e-08,0.7426099092611543
0.0010,91.2,0.0009983446730102165,0.0009983881148299125,2.3331753958929202e-05,0.9999741952183143,0.9999999999895229,-4.794753792071207e-16,2615.986146112779,8.23635272996916e-08,0.7426061791279458
0.0010,92.0,0.0009627344254078645,0.0009627835401535684,-0.00011152952478231267,0.9999660752425784,0.9999999999887454,-3.196502528047471e-16,2615.9861128765583,9.133652061058637e-08,0.7426146078159731
0.0010,92.8,0.0008231142548804425,0.0008231568135548524,-0.0002343447803086829,0.9999437581751723,0.9999999999879426,-6.393005056094942e-16,2615.986073164095,1.0090908936436459e-07,0.7426196023581723
0.0010,93.60000000000001,0.0005945662485112899,0.0005945915531472061,-0.00033184101149129005,0.999916478862334,0.9999999999871197,-6.393005056094942e-16,2615.9860978078477,1.1041674298810539e-07,0.7426124608410785
0.0010,94.4,0.00030177756721071864,0.0003017839990661521,-0.00039348149016155164,0.9998868042707516,0.9999999999862784,-6.393005056094942e-16,2615.9861431592394,1.228639581120265e-07,0.7426059328619375
0.0010,95.2,-2.3620665945621416e-05,-2.3628765286296615e-05,-0.0004126088776507387,0.9998750480066716,0.9999999999854206,-6.393005056094942e-16,2615.98612849815,1.3377792947577873e-07,0.7426110661143919
0.0010,96.0,-0.00034647176506777204,-0.000346488456646982,-0.00038715681694374376,0.9998864323657534,0.9999999999845587,-7.991256320118678e-16,2615.9860799326234,1.475682585588901e-07,0.7426185573917684
0.0010,96.8,-0.000631888565380985,-0.0006319115832170586,-0.0003198736564464115,0.9999089903202159,0.9999999999836942,-6.393005056094942e-16,2615.986084111587,1.6255488038836615e-07,0.7426153641706259
0.0010,97.60000000000001,-0.0008490256361165295,-0.0008490598883201499,-0.00021803184351892307,0.9999423164881893,0.9999999999828372,-4.794753792071207e-16,2615.9861337068855,1.7612863342283649e-07,0.7426069633954006
0.0010,98.4,-0.0009744250227167,-0.000974474201669379,-9.263605493747006e-05,0.9999716137071734,0.9999999999820013,-6.393005056094942e-16,2615.9861404000007,1.9514786025981885e-07,0.7426079172284886
0.0010,99.2,-0.0009945493171580396,-0.0009946048247879253,4.2770658171504635e-05,0.9999766212363091,0.9999999999811838,-6.393005056094942e-16,2615.986092371138,2.120565884571028e-07,0.742616701825537
0.0010,100.0,-0.0009072270673373339,-0.0009072738095448719,0.00017355997618526408,0.9999632410141698,0.9999999999804163,-4.794753792071207e-16,2615.986075257024,2.3041136793328093e-07,0.7426178355480365
0.0010,100.8,-0.0007218849491762067,-0.0007219157556959964,0.00028559562304059094,0.9999347694188927,0.9999999999797102,-6.393005056094942e-16,2615.9861195007024,2.545687888253706e-07,0.7426089867733807
0.0010,101.60000000000001,-0.00045854260486135365,-0.0004585597300425319,0.0003667716982061527,0.9998961430609228,0.9999999999790856,-6.393005056094942e-16,2615.986146324333,2.7368878506358777e-07,0.7426058084049078
0.0010,102.4,-0.00014565341347719927,-0.00014566041139721684,0.0004083213210422797,0.9998731233762594,0.9999999999786015,-4.794753792071207e-16,2615.9861080788605,2.9844153156607435e-07,0.742614244091065
0.0010,103.2,0.00018297378199109166,0.00018297638526701434,0.00040575507488917656,0.9998737297072763,0.9999999999782395,-6.393005056094942e-16,2615.98607287119,3.271525529746597e-07,0.7426192414925477
0.0010,104.0,0.0004918273063656827,0.0004918433355885093,0.00035934899115567734,0.9998918483467208,0.9999999999780673,-6.393005056094942e-16,2615.9861032988933,3.4932389432928067e-07,0.7426116896400813
0.0010,104.8,0.0007475344889589466,0.0007475697820447246,0.00027411951999313863,0.9999289821913042,0.9999999999781038,-4.794753792071207e-16,2615.9861452030586,3.816466932789209e-07,0.7426051945111297
0.0010,105.60000000000001,0.0009224753656069309,0.0009225278913903581,0.000159274484514043,0.9999658501998313,0.9999999999783501,-6.393005056094942e-16,2615.986124060076,4.149364120826503e-07,0.7426115295424947
0.0010,106.4,0.0009977577686395365,0.000997813624468579,2.7217397692846503e-05,0.9999803263793196,0.9999999999788934,-7.991256320118678e-16,2615.9860774393205,4.4127099580386814e-07,0.7426192702746094
0.0010,107.2,0.0009652438859643366,0.000965290022387004,-0.00010778244094045009,0.9999750410415652,0.9999999999797172,-6.393005056094942e-16,2615.9860882282887,4.824021845849579e-07,0.7426146004813051
0.0010,108.0,0.0008284365332667532,0.0008284717308455954,-0.0002311337055604114,0.9999484632470141,0.999999999980876,-4.794753792071207e-16,2615.986137249535,5.207578626878439e-07,0.7426060722906549
0.0010,108.8,0.0006021156004735578,0.0006021438145853788,-0.0003295103884802069,0.9999070010345376,0.9999999999824146,-6.393005056094942e-16,2615.9861372222904,5.520470894540015e-07,0.7426088933645022
0.0010,109.60000000000001,0.00031073886014886524,0.00031075933208359237,-0.00039228765245510075,0.9998782033311382,0.9999999999843528,-6.393005056094942e-16,2615.9860880438105,6.034816799883457e-07,0.7426178930963372
0.0010,110.4,-1.420817140885258e-05,-1.420094664874854e-05,-0.0004126815181061594,0.999870289945999,0.9999999999867507,-6.393005056094942e-16,2615.98607718502,6.474148319752391e-07,0.7426171621460869
0.0010,111.2,-0.000337614313702145,-0.0003376269711390055,-0.00038848732094761627,0.9998818110239467,0.9999999999896316,-4.794753792071207e-16,2615.9861239774473,6.837252218861927e-07,0.7426081752555027
0.0010,112.0,-0.000624539838823011,-0.0006245750708353041,-0.000322321126314239,0.999916690287479,0.9999999999930835,-7.991256320118678e-16,2615.9861450164462,7.47543439241832e-07,0.7426068290845542
0.0010,112.8,-0.000843993308187709,-0.0008440432552406323,-0.00022132993206748782,0.9999543498935318,0.999999999997101,-4.794753792071207e-16,2615.986102725747,7.961512002581753e-07,0.7426154722752629
0.0010,113.60000000000001,-0.0009722674101335011,-0.0009723175744457983,-9.642188360187486e-05,0.9999743921627611,1.000000000001739,-7.991256320118678e-16,2615.9860723273096,8.386071152953931e-07,0.7426188831765271
0.0010,114.4,-0.0009954933953830907,-0.0009955369710266534,3.8903804437633703e-05,0.999977893799905,1.0000000000071236,-6.393005056094942e-16,2615.9861078648323,9.15074382470806e-07,0.7426110182197024
0.0010,115.2,-0.0009111542009638717,-0.0009111949088028189,0.00017002197059997834,0.9999582940675252,1.000000000013148,-3.196502528047471e-16,2615.986145964781,9.686426416486505e-07,0.7426057258604989
0.0010,116.0,-0.0007283668468929302,-0.000728406243544119,0.00028277002175126524,0.9999212574453601,1.000000000019962,-4.794753792071207e-16,2615.986118677323,1.017643025227561e-06,0.74261245649176
0.0010,116.8,-0.00046688754040107326,-0.0004669185694758535,0.0003649696875209979,0.9998920668233906,1.0000000000276592,-4.794753792071207e-16,2615.986074474664,1.105876787403061e-06,0.7426193216236119
0.0010,117.60000000000001,-0.00015496911297399875,-0.00015498239711210968,0.00040773695041529027,0.9998765007597394,1.0000000000360192,-3.196502528047471e-16,2615.9860919613902,1.1663692568332878e-06,0.7426139954300321
0.0010,118.4,0.00017368912160122113,0.00017369896413599808,0.00040645001052046074,0.999877815722869,1.0000000000453027,-3.196502528047471e-16,2615.986139865371,1.2205958228852776e-06,0.7426058467186056
0.0010,119.2,0.00048358283457444864,0.0004836137246822843,0.0003612496835196948,0.9999037583332036,1.0000000000555216,-6.393005056094942e-16,2615.9861327814097,1.3204950257919084e-06,0.7426094495341163
0.0010,120.0,0.0007412363003511699,0.0007412777501085891,0.000277017437034821,0.9999361109027699,1.0000000000663514,-6.393005056094942e-16,2615.98608324398,1.3899439710771977e-06,0.7426183883296611
0.0010,120.8,0.0009188083811677892,0.0009188501891204506,0.00016285267239226335,0.9999595685064896,1.0000000000781857,-1.5982512640237355e-16,2615.986079296927,1.4479759314829286e-06,0.7426166048576407
0.0010,121.60000000000001,0.000997102541200145,0.0009971450922513388,3.109486915574099e-05,0.999973826654977,1.0000000000909046,-4.794753792071207e-16,2615.9861278179355,1.559168388313099e-06,0.7426072340780023
0.0010,122.4,0.0009676579756060814,0.0009677060984108573,-0.00010401889254208375,0.9999663155417203,1.0000000001040865,-4.794753792071207e-16,2615.9861423610587,1.6390950043194318e-06,0.7426069876161489
0.0010,123.2,0.0008336655330068877,0.0008337147825869667,-0.00022789591936745395,0.9999394082697017,1.000000000118243,-4.794753792071207e-16,2615.986096889624,1.7008310356152707e-06,0.7426162048047764
0.0010,124.0,0.0006096075871204489,0.0006096454308699422,-0.0003271535039653061,0.999912744417744,1.0000000001331342,-4.794753792071207e-16,2615.986072151352,1.821394517086779e-06,0.7426183434176193
0.0010,124.8,0.0003196891822566704,0.0003197063645276528,-0.0003910632482390562,0.9998890160514605,1.0000000001482425,-3.196502528047471e-16,2615.9861121016743,1.9131142589837663e-06,0.7426095933860959
0.0010,125.60000000000001,-4.7701918322703455e-06,-4.775032263092662e-06,-0.00041271982990057494,0.9998770435322462,1.0000000001641873,-4.794753792071207e-16,2615.9861454954316,1.9800127414512793e-06,0.7426054938771761
0.0010,126.4,-0.00032871904626121225,-0.0003287405314267369,-0.00038978530197575904,0.9998897862535135,1.0000000001806353,-3.196502528047471e-16,2615.9861126680544,2.1057934774353527e-06,0.7426132197943331
0.0010,127.2,-0.0006171580464743153,-0.0006171876376898667,-0.00032473565845914977,0.9999139285393567,1.0000000001969684,-3.196502528047471e-16,2615.9860719219428,2.2101918315787214e-06,0.7426189588373899
0.0010,128.0,-0.0008389155658337412,-0.0008389501168406695,-0.0002245993251727007,0.9999403725884972,1.000000000213873,-1.5982512640237355e-16,2615.9860956818343,2.285069497790225e-06,0.7426125098693425
0.0010,128.8,-0.0009700243148803775,-0.000970068841719347,-0.00010019971165032348,0.9999666141189854,1.0000000002310105,-3.196502528047471e-16,2615.986141462142,2.4107023646371693e-06,0.7426052763705171
0.0010,129.6,-0.000996324271344084,-0.0009963799292183773,3.502390767332322e-05,0.9999733400969659,1.000000000247643,-4.794753792071207e-16,2615.9861275883186,2.526970412384605e-06,0.7426100434318132
0.0010,130.4,-0.0009149844349228789,-0.0009150398126677413,0.00016646703503160718,0.9999585114694854,1.0000000002644835,-1.5982512640237355e-16,2615.9860785916994,2.6138378255442053e-06,0.7426183220656644
0.0010,131.2,-0.0007347930140980777,-0.0007348338431290205,0.0002799266885789384,0.99993502614325,1.0000000002812766,-3.196502528047471e-16,2615.986081521538,2.7343009682971755e-06,0.7426153578133012
0.0010,132.0,-0.0004752114845236421,-0.00047523245436957795,0.00036313953425807865,0.9999031424272052,1.000000000297166,-1.5982512640237355e-16,2615.9861309791304,2.858657925024706e-06,0.7426063356555966
0.0010,132.8,-0.0001642821109275979,-0.00016428581791560478,0.00040711624495835184,0.9998779188364728,1.0000000003128084,-1.5982512640237355e-16,2615.98613870801,2.9619151661007733e-06,0.7426072792305256
0.0010,133.6,0.0001644017851318359,0.0001644104134100704,0.0004071075430454427,0.9998772833253443,1.0000000003281488,-4.794753792071207e-16,2615.9860907460297,3.0750246786884618e-06,0.7426165434411961
0.0010,134.4,0.0004753248234191756,0.00047534280367476364,0.00036311258354074233,0.9998931473407746,1.0000000003422291,-3.196502528047471e-16,2615.9860722933367,3.2000820392961403e-06,0.7426176085769397
0.0010,135.2,0.0007348859680148485,0.0007349164481241255,0.0002798858192042179,0.9999221377655945,1.0000000003555627,-3.196502528047471e-16,2615.986115988067,3.322791644335374e-06,0.7426085375336244
0.0010,136.0,0.0009150396527260414,0.0009150876210465116,0.00016642231126424298,0.9999586163801513,1.0000000003683636,-3.196502528047471e-16,2615.9861438308753,3.4311146369559057e-06,0.742605511237676
0.0010,136.8,0.000996331541388553,0.0009963915715215457,3.497766810691665e-05,0.9999775408098345,1.0000000003796554,-3.196502528047471e-16,2615.9861060450517,3.547387385664101e-06,0.742613965808814
0.0010,137.6,0.000969985464567929,0.0009700417137701353,-0.00010025032356551467,0.9999735333323132,1.0000000003896916,-6.393005056094942e-16,2615.986069666985,3.6883564380961788e-06,0.7426188249870874
0.0010,138.4,0.0008388415213539793,0.0008388827610784299,-0.00022464711870911626,0.9999533925883994,1.000000000398984,-3.196502528047471e-16,2615.9860992478393,3.799887204685013e-06,0.742611445055546
0.0010,139.20000000000002,0.0006170610022870356,0.0006170873968065082,-0.00032476866013432325,0.9999160220884004,1.0000000004066616,-4.794753792071207e-16,2615.9861418974147,3.899370215017645e-06,0.7426050213823846
0.0010,140.0,0.00032860583450682116,0.00032862104419387493,-0.00038980068650615297,0.999881640202392,1.0000000004126344,-6.393005056094942e-16,2615.98612141862,4.050788781677097e-06,0.7426110237676362
0.0010,140.8,4.6451910131825664e-06,4.649786305862785e-06,-0.00041271876045631073,0.999870681451423,1.0000000004176417,-7.991256320118678e-16,2615.986074044269,4.176452223967007e-06,0.7426187687672453
0.0010,141.6,-0.00031981443459426875,-0.00031982376053949017,-0.00039104470337887094,0.9998789577406365,1.0000000004210874,-7.991256320118678e-16,2615.9860838950253,4.257636628875319e-06,0.7426145279059445
0.0010,142.4,-0.0006097130146028422,-0.0006097421043542745,-0.0003271215238174249,0.9999078074983256,1.0000000004224998,-6.393005056094942e-16,2615.986133156534,4.405138864720933e-06,0.742605930952948
0.0010,143.20000000000002,-0.0008337332374296422,-0.0008337829006431022,-0.00022785708506503172,0.9999491056105362,1.000000000422695,-7.991256320118678e-16,2615.986133888305,4.553397455073749e-06,0.7426083259047699
0.0010,144.0,-0.0009676814876344057,-0.0009677402372687588,-0.00010397208886379921,0.9999752481171811,1.0000000004215002,-4.794753792071207e-16,2615.986084574622,4.624822025456992e-06,0.7426175019706327
0.0010,144.8,-0.0009970856401172843,-0.0009971381121562858,3.114990011656398e-05,0.9999800128455346,1.0000000004181424,-3.196502528047471e-16,2615.986072729591,4.751977524498439e-06,0.7426172077360759
0.0010,145.6,-0.0009187581401258429,-0.0009187995279524802,0.00016290428771265834,0.9999651667531093,1.0000000004132885,-4.794753792071207e-16,2615.9861191887776,4.922157615023151e-06,0.74260803537822
0.0010,146.4,-0.0007411571305688281,-0.000741191309617099,0.0002770543715077067,0.9999280879431706,1.0000000004072558,-6.393005056094942e-16,2615.9861410169824,5.001338969965031e-06,0.7426063523330022
0.0010,147.20000000000002,-0.00048347636870881895,-0.0004835038784385337,0.0003612717536133249,0.9998911251933805,1.000000000399156,-3.196502528047471e-16,2615.9860990675593,5.097854480989036e-06,0.7426152290383234
0.0010,148.0,-0.00017356173618021103,-0.0001735769598828882,0.0004064579887705552,0.9998735158983818,1.0000000003893013,-4.794753792071207e-16,2615.986067749168,5.276762150347321e-06,0.7426189377784926
0.0010,148.8,0.00015510002348178388,0.00015510424892000953,0.00040772842109913375,0.9998734585389625,1.000000000378431,-1.5982512640237355e-16,2615.9861026117032,5.382814708980494e-06,0.742610933139576
0.0010,149.6,0.0004669997733992134,0.0004670276231579537,0.0003649470607003065,0.9998969726590907,1.0000000003658032,-4.794753792071207e-16,2615.9861413099566,5.452454316838692e-06,0.7426055245099401
0.0010,150.4,0.0007284461070392919,0.0007284928079851633,0.0002827363952658422,0.9999357523214168,1.0000000003512552,-3.196502528047471e-16,2615.986114658911,5.617951118475985e-06,0.742612435831628
0.0010,151.20000000000002,0.0009111976396215898,0.0009112493997116105,0.00016997502971820958,0.9999639195344623,1.0000000003357246,-3.196502528047471e-16,2615.9860699025885,5.760439636155121e-06,0.7426194310923441
0.0010,152.0,0.0009955026740149863,0.0009955493578393986,3.8847272556801485e-05,0.9999767566472135,1.0000000003188687,-3.196502528047471e-16,2615.9860864895827,5.822998553190544e-06,0.7426141073194116
0.0010,152.8,0.000972242222576108,0.0009722855444676406,-9.647398996827139e-05,0.9999711049013539,1.000000000300113,-3.196502528047471e-16,2615.986134579029,5.9551942019163675e-06,0.7426060072836866
0.0010,153.6,0.000843931047088664,0.0008439744430987391,-0.00022136962345318604,0.9999413347875993,1.0000000002802827,-3.196502528047471e-16,2615.986128319957,6.125565924814713e-06,0.7426096210714688
0.0010,154.4,0.0006244408831721277,0.0006244787706262253,-0.00032235060915885596,0.9999079726995738,1.000000000259536,-3.196502528047471e-16,2615.9860786455583,6.208692502030064e-06,0.7426185502019524
0.0010,155.20000000000002,0.0003374893976010496,0.0003375113363968702,-0.00038850531930488254,0.9998858288466321,1.0000000002371197,-3.196502528047471e-16,2615.9860737067684,6.30338883641657e-06,0.7426169288343001
0.0010,156.0,1.4078446487537558e-05,1.4077244302839203e-05,-0.00041268324185115424,0.9998751429920176,1.0000000002134788,-3.196502528047471e-16,2615.986122026554,6.476511535800548e-06,0.7426077016648754
0.0010,156.8,-0.0003108538105753802,-0.0003108779573535149,-0.0003922736833794146,0.9998876141791714,1.0000000001891873,-1.5982512640237355e-16,2615.9861373773897,6.600001156900047e-06,0.7426073423666502
0.0010,157.6,-0.0006022077287096784,-0.0006022454191247916,-0.00032948151198780064,0.9999176731257345,1.000000000163626,-1.5982512640237355e-16,2615.986092177877,6.674933314437275e-06,0.7426165182892159
0.0010,158.4,-0.0008285031950355186,-0.0008285436080153106,-0.000231088426104648,0.9999447140289743,1.000000000136751,0.0,2615.986066601667,6.822565812004501e-06,0.7426189062625901
0.0010,159.20000000000002,-0.0009652787173864222,-0.0009653211502107269,-0.0001077280755097041,0.9999663638681888,1.0000000001092701,0.0,2615.9861059798436,6.984261576941983e-06,0.7426103467139703
0.0010,160.0,-0.0009977531952901498,-0.0009978022645901778,2.726750924178718e-05,0.9999736829762058,1.0000000000809517,-3.196502528047471e-16,2615.986140012192,7.071498995412059e-06,0.7426061394195349
0.0010,160.8,-0.0009224275441909549,-0.0009224796942456259,0.00015931694461851116,0.9999563298805522,1.0000000000514018,-4.794753792071207e-16,2615.986107869293,7.18119715657372e-06,0.74261348421702
0.0010,161.6,-0.000747446722531284,-0.0007474895700717708,0.00027415711386411375,0.9999300486726961,1.0000000000211358,-1.5982512640237355e-16,2615.9860665181272,7.3555698214796375e-06,0.742619548617617
0.0010,162.4,-0.0004917136373946357,-0.0004917363876161033,0.0003593767622823493,0.9999038173974598,0.9999999999903362,-1.5982512640237355e-16,2615.986089310024,7.481643890183944e-06,0.7426140987134818
0.0010,163.20000000000002,-0.00018285184607706088,-0.0001828537301841251,0.0004057659568360102,0.9998806948939749,0.9999999999585519,-3.196502528047471e-16,2615.986135406317,7.567764367854714e-06,0.742606075533816
0.0010,164.0,0.00014577314061538354,0.00014578478023735575,0.0004083149784400033,0.9998789666747337,0.999999999925917,-3.196502528047471e-16,2615.9861224826113,7.721672704764966e-06,0.7426086637201953
0.0010,164.8,0.0004586523000606088,0.0004586722207534156,0.00036674804548813894,0.9998974830193855,0.9999999998928432,-3.196502528047471e-16,2615.9860733998335,7.888320136686906e-06,0.7426190752894807
0.0010,165.6,0.0007219711844654831,0.0007220021712541382,0.0002855547261939554,0.9999224372888366,0.9999999998591104,-1.5982512640237355e-16,2615.9860754225742,7.984437313682583e-06,0.7426203020828297
0.0010,166.4,0.0009072759529191979,0.0009073233687574794,0.00017351090274133574,0.9999531961775484,0.9999999998245053,-1.5982512640237355e-16,2615.9861246606624,8.100979454364118e-06,0.7426073842931832
0.0010,167.20000000000002,0.000994556037953885,0.0009946155676836474,4.272352559660428e-05,0.999974338358244,0.9999999997893607,-4.794753792071207e-16,2615.986133189317,8.281906406001065e-06,0.7426015576244377
0.0010,168.0,0.0009743939405230473,0.0009744480108361453,-9.26820086304269e-05,0.9999705576300995,0.9999999997538,-6.393005056094942e-16,2615.986085571726,8.417181458175082e-06,0.7426148353660337
0.0010,168.8,0.0008489615969051125,0.0008489967386212377,-0.00021807751092009161,0.999951988279467,0.9999999997175264,-1.5982512640237355e-16,2615.9860662303713,8.510117923800641e-06,0.7426271249511556
0.0010,169.6,0.0006317939953160964,0.0006318149661244838,-0.00031990967654123124,0.9999221634533946,0.9999999996805691,-4.794753792071207e-16,2615.9861093787827,8.669390390641722e-06,0.7426148835165506
0.0010,170.4,0.00034635466661090493,0.0003463698800053314,-0.0003871751852821523,0.9998877633674851,0.9999999996432453,-4.794753792071207e-16,2615.986138064975,8.84517299361359e-06,0.7425982947784958
0.0010,171.20000000000002,2.349619510655374e-05,2.3502617041781585e-05,-0.0004126096698037516,0.9998729395740399,0.9999999996054484,-6.393005056094942e-16,2615.986101099457,8.950052539930918e-06,0.7426065360323686
0.0010,172.0,-0.00030189576328444725,-0.0003019037532639139,-0.00039346446475522026,0.999880453902483,0.9999999995669386,-6.393005056094942e-16,2615.9860642038407,9.070659083129317e-06,0.7426224533511697
0.0010,172.8,-0.0005946659666703754,-0.0005946906594550903,-0.00033180726558676654,0.9999028868229058,0.9999999995279509,-7.991256320118678e-16,2615.9860927984173,9.257509840477018e-06,0.7426194767655945
0.0010,173.6,-0.0008231811694478037,-0.0008232249551895411,-0.00023430278307514163,0.9999404157736846,0.9999999994886757,-6.393005056094942e-16,2615.9861356599727,9.403354906782351e-06,0.7426058693792854
0.0010,174.4,-0.0009627591124577705,-0.0009628170092831314,-0.00011148484576939977,0.9999720360000184,0.9999999994488215,-9.589507584142415e-16,2615.986116241525,9.502407492812225e-06,0.742608745042554
0.0010,175.20000000000002,-0.0009983265621621572,-0.0009983838426936011,2.338192018063505e-05,0.9999794203966229,0.9999999994083438,-7.991256320118678e-16,2615.986068647543,9.663170027016706e-06,0.7426214544055849
0.0010,176.0,-0.0009260339991418363,-0.0009260797660310171,0.0001557245960467747,0.9999681533099569,0.9999999993675953,-6.393005056094942e-16,2615.9860772415477,9.84716088019338e-06,0.742614662709756
0.0010,176.8,-0.0007536856007677493,-0.0007537173688364488,0.00027123900972434676,0.9999372850618197,0.9999999993265051,-9.589507584142415e-16,2615.9861266924227,9.962743942779928e-06,0.7426006700743032
0.0010,177.6,-0.000499903736205691,-0.0004999218760477448,0.00035744587629277073,0.9998965672391174,0.9999999992847733,-7.991256320118678e-16,2615.9861288080883,1.008424118052005e-05,0.7426049833369402
0.0010,178.4,-0.00019210584615771416,-0.00019211408079387632,0.00040503478142788786,0.99987316859804,0.9999999992426335,-9.589507584142415e-16,2615.986079693158,1.0272423275795267e-05,0.7426189224789541
0.0010,179.20000000000002,0.0001364501484966962,0.00013645048261255567,0.0004088626519547211,0.9998715238824041,0.9999999992003179,-1.118775884816615e-15,2615.9860668318765,1.0430549574192705e-05,0.7426241034796758
0.0010,180.0,0.000450254252060984,0.00045027225615644224,0.00036851528031308403,0.9998895473967269,0.9999999991575239,-1.118775884816615e-15,2615.9861128861467,1.0536227864949794e-05,0.7426143910858156
0.0010,180.8,0.0007154042675902026,0.0007154455628787105,0.0002883541813579003,0.9999283244686797,0.9999999991141889,-1.118775884816615e-15,2615.9861354647633,1.0692673991378757e-05,0.7426053496190765
0.0010,181.6,0.0009032696078279147,0.0009033211968917381,0.00017703793366610274,0.9999641315439884,0.9999999990706742,-1.118775884816615e-15,2615.986094203312,1.088289010580708e-05,0.742610857459174
0.0010,182.4,0.0009935537903238607,0.0009935984201829163,4.6590058838083934e-05,0.9999790853355318,0.9999999990269142,-9.589507584142415e-16,2615.9860621863013,1.10122149409198e-05,0.7426151014390107
0.0010,183.20000000000002,0.0009764838411386392,0.000976521393005207,-8.889152455603254e-05,0.9999757383612766,0.9999999989826178,-1.118775884816615e-15,2615.9860958168642,1.1132006325585214e-05,0.7426088191592983
0.0010,184.0,0.0008538964638824851,0.0008539372874706532,-0.00021476483466957875,0.9999488544218157,0.9999999989380113,-1.118775884816615e-15,2615.986134988859,1.1316005330778638e-05,0.7426051801180309
0.0010,184.8,0.0006390496571989548,0.0006390927150549484,-0.000317433808998437,0.9999090369457717,0.9999999988933155,-1.118775884816615e-15,2615.986109629031,1.1487517429750703e-05,0.742607850447857
0.0010,185.6,0.00035516780908628623,0.00035519888675408594,-0.00038580881766144643,0.9998823127419928,0.9999999988482537,-1.438426137621362e-15,2615.9860644359933,1.1601697606033525e-05,0.7426174438956923
0.0010,186.4,3.292018629386445e-05,3.292741470150248e-05,-0.0004124997484862227,0.9998724039513098,0.9999999988027615,-1.118775884816615e-15,2615.9860800303736,1.1749141785637339e-05,0.7426257547539865
0.0010,187.20000000000002,-0.0002928830972796244,-0.0002929018619341939,-0.0003946223141729193,0.9998822211691973,0.999999998757161,-1.118775884816615e-15,2615.9861287570498,1.194216868642223e-05,0.7426159892478296
0.0010,188.0,-0.000587046907391958,-0.0005870856468551142,-0.00033410967949325736,0.999915193278677,0.9999999987114206,-1.118775884816615e-15,2615.986123715733,1.2087932288470944e-05,0.7426063188022544
0.0010,188.8,-0.0008177925063618735,-0.0008178394212515109,-0.00023749714331327654,0.9999488325175052,0.9999999986652838,-1.2786010112189884e-15,2615.9860740116906,1.2205880684814238e-05,0.7426120235712614
0.0010,189.6,-0.0009601821937124346,-0.0009602295417756656,-0.00011522172629479969,0.9999689966676225,0.9999999986189078,-9.589507584142415e-16,2615.9860678909454,1.2380274295318104e-05,0.742612305072047
0.0010,190.4,-0.0009988206113804552,-0.0009988711932180294,1.9500484725092245e-05,0.9999757770264986,0.9999999985725012,-9.589507584142415e-16,2615.9861155099275,1.2563916535407597e-05,0.7426032010840934
0.0010,191.20000000000002,-0.0009295390919634133,-0.0009295923380642977,0.0001521121013103638,0.9999587337087263,0.9999999985258741,-7.991256320118678e-16,2615.986131587695,1.2689768887507476e-05,0.7426058184461254
0.0010,192.0,-0.0007598358393904461,-0.0007598790555847303,0.0002682906665161636,0.9999263332837799,0.9999999984789313,-1.118775884816615e-15,2615.9860870499374,1.2826052372319913e-05,0.7426152262458863
0.0010,192.8,-0.0005080435965195309,-0.0005080653578807186,0.0003554851171188199,0.9998997304531992,0.9999999984319108,-7.991256320118678e-16,2615.986060542252,1.3016274179183442e-05,0.7426146243812568
0.0010,193.6,-0.00020135882612716964,-0.0002013572563505094,0.00040427081197624517,0.9998808627018589,0.9999999983848454,-9.589507584142415e-16,2615.986098886052,1.3179306049591703e-05,0.7426118819559003
0.0010,194.4,0.00012708736515199952,0.00012710636814768067,0.0004093768313243141,0.9998783871407374,0.9999999983375298,-9.589507584142415e-16,2615.9861338821456,1.3298409990308085e-05,0.7426109620074557
0.0010,195.20000000000002,0.0004418143214118849,0.00044183727757033075,0.00037025295250372813,0.9998999492658704,0.9999999982900252,-1.118775884816615e-15,2615.986103149519,1.3458631654628873e-05,0.742614513441305
0.0010,196.0,0.0007088129926108688,0.0007088305066127845,0.00029112386641252756,0.9999275799093176,0.9999999982425327,-7.991256320118678e-16,2615.9860609832513,1.3649325610960567e-05,0.7426255806698145
0.0010,196.8,0.0008992162681496245,0.0008992374976825731,0.00018053947020594397,0.9999524725398062,0.9999999981949583,-7.991256320118678e-16,2615.986082437051,1.3790138795394584e-05,0.7426214247681693
0.0010,197.6,0.0009924443274241983,0.0009924869211583925,5.045236791114555e-05,0.9999716142757358,0.9999999981471612,-7.991256320118678e-16,2615.9861293476224,1.3916737740284978e-05,0.742605245028416
0.0010,198.4,0.0009784416545057504,0.000978506577098442,-8.508371672391437e-05,0.9999682715843808,0.9999999980992949,-9.589507584142415e-16,2615.986117502101,1.4096950136481178e-05,0.7426056948250592
0.0010,199.20000000000002,0.0008587401057757394,0.0008588062252376172,-0.00021143053969144095,0.9999466993664369,0.999999998051476,-9.589507584142415e-16,2615.986067761794,1.4274525998627305e-05,0.7426092172745912
0.0010,200.0,0.000646270531862339,0.0006463158988870623,-0.00031493578995746545,0.9999213670395273,0.999999998003547,-9.589507584142415e-16,2615.9860690682767,1.4400114344516244e-05,0.7426020046024718
0.0010,200.8,0.00036397620315591496,0.00036399406925789437,-0.0003844120315481876,0.9998927773636308,0.9999999979554612,-1.118775884816615e-15,2615.9861185298087,1.4544094666257336e-05,0.7426016004160748
0.0010,201.6,4.235003276141898e-05,4.234539007839728e-05,-0.00041235412831710643,0.9998762638143762,0.9999999979074088,-1.118775884816615e-15,2615.986127526765,1.4733366588782726e-05,0.7426092614978902
0.0010,202.4,-0.00028385989533586054,-0.000283878249344345,-0.0003957446364769584,0.9998843987768259,0.9999999978594015,-9.589507584142415e-16,2615.986080442481,1.4890612629212357e-05,0.7426167595244156
0.0010,203.20000000000002,-0.0005794023566789569,-0.0005794302280194131,-0.00033637615672551255,0.9999050695563669,0.9999999978112719,-9.589507584142415e-16,2615.9860605553026,1.5012720440992277e-05,0.742623916425818
0.0010,204.0,-0.000812335559886874,-0.0008123772529957092,-0.0002406646654770865,0.9999346997801429,0.9999999977630833,-1.118775884816615e-15,2615.9861020633125,1.5176335486212842e-05,0.7426234359885211
0.0010,204.8,-0.0009574964892781592,-0.0009575526304511481,-0.00011895431790633843,0.999965991516698,0.9999999977150045,-1.118775884816615e-15,2615.9861311137843,1.5361631310466598e-05,0.7426144837597423
0.0010,205.6,-0.0009992161582839203,-0.0009992728481038875,1.5608434010931534e-05,0.9999762534390679,0.9999999976669395,-1.118775884816615e-15,2615.9860956046773,1.5499389945773434e-05,0.7426122345590204
0.0010,206.4,-0.0009329863887007064,-0.0009330281474833822,0.00014848898796064274,0.9999654341483706,0.9999999976187743,-6.393005056094942e-16,2615.986057191884,1.562925842095769e-05,0.7426183507274451
0.0010,207.20000000000002,-0.0007659479232917908,-0.0007659736006018387,0.00026532660611800694,0.9999415438588478,0.9999999975706642,-9.589507584142415e-16,2615.9860840408182,1.5807296015915145e-05,0.742612840669246
0.0010,208.0,-0.0005161424333391567,-0.0005161599679401222,0.0003534941567035096,0.9999048689726776,0.9999999975226966,-9.589507584142415e-16,2615.986128717828,1.5978506148452013e-05,0.7425985382918071
0.0010,208.8,-0.000210565233845303,-0.0002105796681805497,0.00040346864605046934,0.9998766063709408,0.9999999974747088,-1.118775884816615e-15,2615.986110893515,1.61038502708432e-05,0.7426046447172248
0.0010,209.6,0.00011776112913870955,0.00011775200111306627,0.00040985202767763036,0.9998729876301659,0.9999999974266889,-6.393005056094942e-16,2615.9860623554473,1.6248079557047877e-05,0.7426198802871776
0.0010,210.4,0.0004333540346081439,0.00043336098149406147,0.0003719527520803136,0.9998869012558084,0.999999997378822,-7.991256320118678e-16,2615.9860706789955,1.6430977228257178e-05,0.742611762529997
0.0010,211.20000000000002,0.0007021115081166948,0.0007021475861885964,0.0002938674712782619,0.9999191259828684,0.9999999973310848,-7.991256320118678e-16,2615.986121050111,1.658375340737665e-05,0.742602734855844
0.0010,212.0,0.0008950108659334656,0.0008950729622923389,0.00018403416860450028,0.9999586148507216,0.9999999972833248,-9.589507584142415e-16,2615.986123371779,1.6706156722045205e-05,0.7426138460648589
0.0010,212.8,0.00099122786179408,0.0009912930983808862,5.431496028351189e-05,0.9999786997784685,0.9999999972356318,-1.118775884816615e-15,2615.986073918854,1.6865335016730847e-05,0.742615398143857
0.0010,213.6,0.0009803577851775595,0.0009804091096829348,-8.127624074061356e-05,0.9999771501661315,0.9999999971881446,-1.118775884816615e-15,2615.9860605047156,1.7043126531719997e-05,0.7426075090206641
0.0010,214.4,0.0008635565001748352,0.0008635961494169622,-0.00020808405678872686,0.9999562215997232,0.9999999971407555,-9.589507584142415e-16,2615.9861057517255,1.7178877121565548e-05,0.7426127900925196
0.0010,215.20000000000002,0.0006534452419318588,0.0006534778365401537,-0.00031240640968669553,0.999916228208943,0.9999999970933854,-1.118775884816615e-15,2615.9861283836744,1.7306616385125896e-05,0.7426124631656584
0.0010,216.0,0.0003727357918806111,0.0003727570091109449,-0.00038297639213099606,0.999882124298688,0.9999999970461801,-6.393005056094942e-16,2615.986087844584,1.747638994272324e-05,0.7426072046466135
0.0010,216.8,5.1760780536444844e-05,5.176227654631591e-05,-0.00041216972467824725,0.9998699845330178,0.9999999969991868,-1.118775884816615e-15,2615.9860553336125,1.764162086743157e-05,0.742621749643314
0.0010,217.6,-0.0002748011305603322,-0.0002748251561806456,-0.0003968301956618043,0.9998767353631738,0.9999999969522729,-7.991256320118678e-16,2615.9860877315846,1.776570845695783e-05,0.7426274895955054
0.0010,218.4,-0.000571674102491168,-0.0005717196365886465,-0.0003386168033716434,0.9999066859332295,0.9999999969054496,-9.589507584142415e-16,2615.986127248198,1.7903722468463263e-05,0.7426095780572891
0.0010,219.20000000000002,-0.000806794475949858,-0.0008068448473789123,-0.00024381906938885167,0.9999471276996375,0.9999999968588594,-7.991256320118678e-16,2615.986103397674,1.8076962446140442e-05,0.7426132807314942
0.0010,220.0,-0.0009547587887274844,-0.0009547962364775849,-0.0001226752572894902,0.9999723102812235,0.999999996812467,-9.589507584142415e-16,2615.98605793813,1.822604742468968e-05,0.7426308895551306
0.0010,220.8,-0.000999561938006628,-0.0009995860609203532,1.1724800512401744e-05,0.9999792252015787,0.999999996766162,-6.393005056094942e-16,2615.986071539613,1.8345490935748473e-05,0.7426161244349937
0.0010,221.6,-0.0009363486241329388,-0.0009363757789488582,0.00014485456898289526,0.9999654806128261,0.9999999967200229,-9.589507584142415e-16,2615.9861203997257,1.8494695454001302e-05,0.7425972796504361
0.0010,222.4,-0.0007719584401355911,-0.0007719978273967855,0.0002623313150250178,0.9999294197317009,0.9999999966741524,-1.2786010112189884e-15,2615.9861176319855,1.866374705535034e-05,0.7426073326295367
0.0010,223.20000000000002,-0.0005241697158694621,-0.0005242119386718137,0.00035146745710992424,0.9998954107827702,0.9999999966284645,-9.589507584142415e-16,2615.9860678255836,1.8797083065716187e-05,0.7426110008967899
0.0010,224.0,-0.0002197584247337242,-0.00021978768575128054,0.00040263130883082433,0.9998774288310894,0.9999999965828958,-1.118775884816615e-15,2615.986059900862,1.8918456311286432e-05,0.7425977991476456
0.0010,224.8,0.00010838855369370694,0.00010838377111368119,0.00041029241010497123,0.9998745468919272,0.9999999965375592,-1.118775884816615e-15,2615.9861087201234,1.9076126575577576e-05,0.7425985593828293
0.0010,225.6,0.0004248250145240203,0.00042484537662058403,0.00037362480782185045,0.9998963707765487,0.9999999964925009,-1.2786010112189884e-15,2615.986127135379,1.9234711594214745e-05,0.7426067756107707
0.0010,226.4,0.0006953725434343044,0.0006954061106415091,0.0002965892827617352,0.9999310368134479,0.999999996447617,-1.2786010112189884e-15,2615.9860815163247,1.9355880913278758e-05,0.7426070237702956
0.0010,227.20000000000002,0.000890793973066644,0.0008908320872296089,0.00018750608930217865,0.9999566593476539,0.9999999964029015,-9.589507584142415e-16,2615.986053393037,1.9483691605562902e-05,0.7426136553188504
0.0010,228.0,0.000989958789015996,0.0009900073183201526,5.816463298763271e-05,0.9999728789832643,0.9999999963584684,-1.118775884816615e-15,2615.9860929529355,1.9644630131465802e-05,0.7426230331571886
0.0010,228.8,0.0009821558696633068,0.0009822189768266215,-7.74568276042768e-05,0.9999705569693077,0.9999999963143075,-7.991256320118678e-16,2615.986127987465,1.9789133565597286e-05,0.7426194123061106
0.0010,229.6,0.0008682462403021635,0.0008683105964880934,-0.0002047097662674056,0.9999451892026695,0.9999999962703229,-7.991256320118678e-16,2615.986095226878,1.9903462174144048e-05,0.7426187655919255
0.0010,230.4,0.0006605423506884024,0.0006605872284304906,-0.00030984873732608023,0.9999164410403877,0.9999999962265637,-1.118775884816615e-15,2615.9860538741923,2.0039284949295343e-05,0.7426306451652225
0.0010,231.20000000000002,0.00038147588309707153,0.0003814903092397217,-0.00038151068342366987,0.9998919502573148,0.9999999961831215,-9.589507584142415e-16,2615.9860765054095,2.0197449184207895e-05,0.7426306997196316
0.0010,232.0,6.118864796316718e-05,6.117540826339067e-05,-0.0004119513112313657,0.9998765164116208,0.9999999961399351,-1.118775884816615e-15,2615.9861209322676,2.0327339086185813e-05,0.74261439389655
0.0010,232.8,-0.0002657199044194889,-0.000265749061023138,-0.00039788368163214284,0.9998847765725356,0.9999999960969419,-9.589507584142415e-16,2615.986109284854,2.0440233654163628e-05,0.7426095330894507
0.0010,233.6,-0.0005639275711232653,-0.0005639612752002492,-0.0003408268376810047,0.999909773202591,0.9999999960542304,-1.2786010112189884e-15,2615.9860632852983,2.0582758657641768e-05,0.7426188135378284
0.0010,234.4,-0.0008012017409018082,-0.0008012401752066859,-0.0002469440116349787,0.999936356833332,0.9999999960118507,-9.589507584142415e-16,2615.9860627196235,2.073283411358176e-05,0.7426145043483632
0.0010,235.20000000000002,-0.0009518965303022699,-0.0009519489174744586,-0.00012638197442650927,0.9999621420896846,0.999999995969712,-1.118775884816615e-15,2615.98610854423,2.085019941642388e-05,0.742596170041401
0.0010,236.0,-0.0009997406237287963,-0.000999806799375833,7.831403879038603e-06,0.9999736383701152,0.999999995927798,-1.118775884816615e-15,2615.9861215616893,2.0965792019257673e-05,0.7425941817850946
0.0010,236.8,-0.0009395816634020308,-0.0009396441559682761,0.00014120009951811325,0.9999608225664322,0.9999999958862107,-7.991256320118678e-16,2615.9860773707583,2.1111619478141142e-05,0.7426084367705488
0.0010,237.6,-0.0007779186260422165,-0.0007779584682723921,0.0002593169519118824,0.999938202388641,0.9999999958449505,-1.118775884816615e-15,2615.986052307293,2.1250076246534238e-05,0.7426074346859661
0.0010,238.4,-0.0005322045839054264,-0.0005322174123144657,0.00034941537007962407,0.9999102030000818,0.9999999958039286,-1.118775884816615e-15,2615.9860928058315,2.13586152098608e-05,0.7425953825184078
0.0010,239.20000000000002,-0.00022898010727819346,-0.00022897361498602678,0.00040175922085255474,0.9998820319575452,0.999999995763173,-9.589507584142415e-16,2615.98612753612,2.1479046292052696e-05,0.7426028887257414
0.0010,240.0,9.899330623778627e-05,9.900868880550215e-05,0.0004106962188835571,0.9998762079637897,0.9999999957227698,-1.118775884816615e-15,2615.9860913576,2.1623800245352093e-05,0.7426179900036428
0.0010,240.8,0.0004162749832625019,0.0004162935283294214,0.0003752596865810078,0.9998897271029603,0.9999999956826784,-1.118775884816615e-15,2615.986048327258,2.1749272211618333e-05,0.7426146289459226
0.0010,241.6,0.0006885718506257331,0.0006885993741333859,0.0002992778666524925,0.9999141824664942,0.9999999956428356,-9.589507584142415e-16,2615.9860777664685,2.1853171812670505e-05,0.7426119839572237
0.0010,242.4,0.0008864620059498182,0.0008865063173363605,0.00019096437222827404,0.9999510847784057,0.9999999956033014,-7.991256320118678e-16,2615.986125746499,2.1978511731669635e-05,0.7426231935345218
0.0010,243.20000000000002,0.0009885840250279615,0.000988634364293329,6.201980906735129e-05,0.9999759792053077,0.9999999955641279,-9.589507584142415e-16,2615.9861042831467,2.211789768384265e-05,0.7426228666543848
0.0010,244.0,0.0009839124608571287,0.0009839476954805128,-7.363014533425036e-05,0.9999757903605855,0.9999999955252504,-9.589507584142415e-16,2615.9860541860658,2.223101492099922e-05,0.74261534562013
0.0010,244.8,0.0008729334251847079,0.0008729495878405461,-0.00020132637166475444,0.9999590130242477,0.9999999954866416,-7.991256320118678e-16,2615.9860664085872,2.233399571884874e-05,0.742625055525675
0.0010,245.6,0.0006676238166532106,0.0006676338874177764,-0.0003072670089467523,0.9999239902857778,0.9999999954483757,-1.118775884816615e-15,2615.9861161151093,2.246258201550454e-05,0.7426271268298141
0.0010,246.4,0.00039017148050498983,0.0003901858564884799,-0.00038000842915177774,0.9998870309433818,0.9999999954104664,-1.118775884816615e-15,2615.986114625507,2.2593181771635862e-05,0.7426067832359479
0.0010,247.20000000000002,7.056300717637425e-05,7.058142453710074e-05,-0.00041169389358991856,0.9998712958089433,0.9999999953728419,-6.393005056094942e-16,2615.986068165703,2.269608849630926e-05,0.7426077326902251
0.0010,248.0,-0.0002566608474785321,-0.00025664885118752313,-0.00039889835553236805,0.9998764559717569,0.9999999953355099,-1.118775884816615e-15,2615.9860583213576,2.280077562409345e-05,0.7426278812252174
0.0010,248.8,-0.0005561411985791591,-0.0005561495561740986,-0.0003430044130941563,0.9999005214711164,0.9999999952985443,-7.991256320118678e-16,2615.986099165969,2.2929811123708805e-05,0.7426129759043257
0.0010,249.6,-0.0007955295014872583,-0.000795562293255632,-0.000250052661426437,0.9999387317848036,0.9999999952619241,-9.589507584142415e-16,2615.9861199814677,2.3049562720136725e-05,0.7425880745202628
0.0010,250.4,-0.0009489735562068075,-0.0009490210027204106,-0.00013008443014686646,0.9999700000104377,0.9999999952255874,-7.991256320118678e-16,2615.986085682288,2.314524605176411e-05,0.7426082709835584
0.0010,251.20000000000002,-0.0009998944394089928,-0.0009999442254942136,3.941471714671877e-06,0.9999796431826602,0.9999999951895685,-6.393005056094942e-16,2615.9860533697133,2.3252827284274902e-05,0.7426264472128662
0.0010,252.0,-0.0009427781925978027,-0.0009428279791865777,0.00013754273214506662,0.9999701883129164,0.9999999951539228,-7.991256320118678e-16,2615.986078724429,2.3379059760367676e-05,0.7425988626444887
0.0010,252.8,-0.0007837898901410945,-0.0007838442668932595,0.0002562801383907065,0.9999398315019962,0.9999999951186082,-9.589507584142415e-16,2615.9861200200007,2.3487422693065246e-05,0.7425892842549537
0.0010,253.6,-0.0005401171325846598,-0.0005401727228522878,0.0003473264745092908,0.9998983161661836,0.9999999950835843,-4.794753792071207e-16,2615.9861029602384,2.3579039040224357e-05,0.7426204307219223
0.0010,254.4,-0.00023809787554855973,-0.00023813997590130007,0.00040084868946084566,0.9998740888077668,0.9999999950489004,-6.393005056094942e-16,2615.9860533808246,2.3689284040766747e-05,0.7426218188228718
0.0010,255.20000000000002,8.96348842556533e-05,8.962261173720696e-05,0.0004110620902637867,0.9998705125137455,0.9999999950145857,-6.393005056094942e-16,2615.986061019275,2.3809672164323575e-05,0.7425964856698948
0.0010,256.0,0.00040767512456096655,0.00040770204684086254,0.0003768627436690286,0.999887618309089,0.9999999949805862,-4.794753792071207e-16,2615.9861156123193,2.3907470799000103e-05,0.7426083582044426
0.0010,256.8,0.0006816747513165133,0.0006817329688411706,0.000301948083020788,0.999928380904611,0.9999999949468905,-7.991256320118678e-16,2615.986116624468,2.3997725067198428e-05,0.7426283583213
0.0010,257.6,0.000882043061090378,0.0008821085418973555,0.00019440757448042692,0.9999618797204644,0.999999994913558,-6.393005056094942e-16,2615.98605978374,2.4109235710461077e-05,0.7426107332390524
0.0010,258.4,0.000987117517141159,0.0009871760039274946,6.585813905681189e-05,0.9999756732087192,0.9999999948805867,-6.393005056094942e-16,2615.986050637088,2.4221416392022134e-05,0.7426041189773371
0.0010,259.2,0.0009855251894623066,0.0009855829453914425,-6.980314349744203e-05,0.9999743975546961,0.9999999948479174,-4.794753792071207e-16,2615.986106456551,2.4310401317844688e-05,0.7426265185407996
0.0010,260.0,0.0008774461905516165,0.0008775058204028575,-0.0001979180209346269,0.999947027053712,0.999999994815562,-6.393005056094942e-16,2615.9861231559075,2.4401137306931174e-05,0.7426196163925843
0.0010,260.8,0.0006745745970899718,0.0006746221280244359,-0.00030465242766948455,0.9999127695741279,0.9999999947835767,-6.393005056094942e-16,2615.9860719689964,2.4511842615537653e-05,0.7425974700965107
0.0010,261.6,0.00039882984808084797,0.0003988489814135903,-0.00037847381785580597,0.9998901926092151,0.9999999947519387,-6.393005056094942e-16,2615.986048642529,2.4614512903821437e-05,0.7426162149796348
0.0010,262.4,7.999750162979732e-05,7.998175020372109e-05,-0.00041140193511668936,0.9998760593839514,0.9999999947206002,-6.393005056094942e-16,2615.9860919982293,2.4696996421674275e-05,0.7426315026595017
0.0010,263.2,-0.0002474835452468322,-0.00024752708267475066,-0.00039988063407379637,0.9998830914285447,0.9999999946895916,-4.794753792071207e-16,2615.9861210537474,2.4789047369346915e-05,0.7426011505479282
0.0010,264.0,-0.0005482394302665627,-0.0005482926190204105,-0.00034515491422592535,0.9999096862098584,0.9999999946589495,-4.794753792071207e-16,2615.986088097655,2.4896616061475234e-05,0.7425935036030936
0.0010,264.8,-0.000789770162626302,-0.0007898183438306644,-0.00025313579937308144,0.9999388469999925,0.9999999946286335,-4.794753792071207e-16,2615.9860538393746,2.4989508425469356e-05,0.7426286230438107
0.0010,265.6,-0.0009459645850367722,-0.0009460081175984626,-0.0001337670292805009,0.9999639755773814,0.9999999945986134,-6.393005056094942e-16,2615.9860740161066,2.5067897588454693e-05,0.7426251462274089
0.0010,266.4,-0.0009999417477300327,-0.0009999875565916444,5.255027323324527e-08,0.9999751295478647,0.9999999945689338,-4.794753792071207e-16,2615.9861121535787,2.5161199339946553e-05,0.7425894830930697
0.0010,267.2,-0.0009458808597097432,-0.0009459258497244253,0.00013386539247999498,0.9999628547083332,0.9999999945396141,-4.794753792071207e-16,2615.986105398104,2.5263522070869895e-05,0.7426036826527828
0.0010,268.0,-0.0007896339171635092,-0.0007896640022728108,0.0002532161022484426,0.9999337436806708,0.9999999945106103,-3.196502528047471e-16,2615.986063958909,2.5347258779517458e-05,0.7426356993896378
0.0010,268.8,-0.0005480780496318978,-0.0005480836534614901,0.0003452103144659619,0.9999050814494487,0.9999999944819116,-4.794753792071207e-16,2615.986056759457,2.5423564893169788e-05,0.7426146698278103
0.0010,269.6,-0.00024730056809265283,-0.00024728539916472767,0.00039990619544018335,0.9998835042647826,0.999999994453559,-4.794753792071207e-16,2615.9860998237455,2.5517184540206355e-05,0.7425925448164076
0.0010,270.4,8.020628895147806e-05,8.02305669081127e-05,0.00041139394963192043,0.9998773555684918,0.9999999944255473,-6.393005056094942e-16,2615.986119760022,2.5612561455150772e-05,0.7426191337618863
0.0010,271.2,0.0003990576773429145,0.0003990783534365847,0.0003784338874924612,0.999895807220407,0.9999999943978302,-4.794753792071207e-16,2615.9860763183347,2.568850251791188e-05,0.7426311881287938
0.0010,272.0,0.0006747951890300073,0.0006748081282736649,0.0003045844060336301,0.9999205103548201,0.9999999943704163,-3.196502528047471e-16,2615.9860450094743,2.57643019363873e-05,0.74260528717367
0.0010,272.8,0.0008776105769508582,0.000877627196523374,0.00019782550511696106,0.9999451486820409,0.9999999943433459,-4.794753792071207e-16,2615.986086610987,2.5856941104817266e-05,0.7426051129950045
0.0010,273.6,0.0009855924398317819,0.0009856241100215022,6.969803275129851e-05,0.9999694717209526,0.9999999943166019,-6.393005056094942e-16,2615.9861266207504,2.5944446736521454e-05,0.7426263229130452
0.0010,274.40000000000003,0.0009870946524600324,0.0009871339427810592,-6.595870981048786e-05,0.9999704474240264,0.9999999942901502,-6.393005056094942e-16,2615.986088550122,2.601428086664807e-05,0.7426151123325888
0.0010,275.2,0.0008819590104136302,0.0008819909160651572,-0.00019449535531373567,0.9999547618506338,0.999999994264013,-3.196502528047471e-16,2615.9860419789566,2.60903617546576e-05,0.742600346314111
0.0010,276.0,0.0006815299175082353,0.0006815514842046652,-0.000302018752397445,0.9999315018567272,0.9999999942382164,-7.991256320118678e-16,2615.9860736387914,2.618034667329254e-05,0.7426176823329461
0.0010,276.8,0.0004074557789268157,0.0004074740727948428,-0.0003769065144999964,0.9998954434611725,0.9999999942127304,-4.794753792071207e-16,2615.986123249582,2.6259599054262515e-05,0.7426205581116254
0.0010,277.6,8.935181998492372e-05,8.937296379462618e-05,-0.00041107207835085766,0.9998740270807066,0.9999999941875276,-3.196502528047471e-16,2615.9860993428015,2.632511815242865e-05,0.7425969300074252
0.0010,278.40000000000003,-0.00023840610085635713,-0.00023838396731137458,-0.00040082471856761213,0.9998775569155661,0.9999999941626355,-3.196502528047471e-16,2615.986048515188,2.640163956178157e-05,0.7426026283192145
0.0010,279.2,-0.0005403934884057276,-0.0005403842929152978,-0.0003472697924826346,0.9998958276113495,0.9999999941380636,-6.393005056094942e-16,2615.9860619055717,2.6487493432512717e-05,0.7426251863050926
0.0010,280.0,-0.0007839781202272349,-0.0007839992063731036,-0.0002561969904367741,0.9999326302481018,0.9999999941137766,-6.393005056094942e-16,2615.9861106575327,2.6558969442642392e-05,0.7426089825306319
0.0010,280.8,-0.0009428573086320407,-0.0009429098987726265,-0.00013744546174813813,0.9999676595490423,0.9999999940897685,-4.794753792071207e-16,2615.986108340929,2.662191169162755e-05,0.7425887145597315
0.0010,281.6,-0.0009998805232206388,-0.000999946298221721,-3.840476114463041e-06,0.999979175056649,0.9999999940660763,-3.196502528047471e-16,2615.9860630581074,2.6698498772272213e-05,0.7426118884700226
0.0010,282.40000000000003,-0.0009488815026647181,-0.0009489433239639793,0.000130181418591341,0.9999707394981178,0.9999999940427006,-1.5982512640237355e-16,2615.986053091378,2.677896084654427e-05,0.7426274628958391
0.0010,283.2,-0.0007953556182862972,-0.0007954118411869135,0.00025013572948921075,0.999943256276924,0.9999999940196053,-3.196502528047471e-16,2615.986092870631,2.6843370104053263e-05,0.7426019420266577
0.0010,284.0,-0.0005558884284652494,-0.000555941877606794,0.00034306280458166035,0.9999047124241551,0.9999999939967897,-4.794753792071207e-16,2615.9861148043246,2.6904954146348406e-05,0.7425948661630122
0.0010,284.8,-0.00025636252185454254,-0.0002564068718384422,0.00039892497472087925,0.999876967209084,0.9999999939742803,-3.196502528047471e-16,2615.98608184577,2.6980687042262958e-05,0.7426227021109453
0.0010,285.6,7.085272842381543e-05,7.083113153350612e-05,0.0004116865170400115,0.9998709558469053,0.999999993952061,-4.794753792071207e-16,2615.9860491103755,2.705488473788595e-05,0.7426256572763343
0.0010,286.40000000000003,0.0003904012533741442,0.0003904161504314122,0.0003799675163485113,0.9998842895126605,0.999999993930099,-3.196502528047471e-16,2615.986074656081,2.711356895101459e-05,0.7426038178012582
0.0010,287.2,0.0006677642270792617,0.000667819131234941,0.00030719648496443355,0.999917008773654,0.9999999939084077,-3.196502528047471e-16,2615.9861169149685,2.7174729405067793e-05,0.7426090632325733
0.0010,288.0,0.0008729919606613578,0.000873069844325973,0.00020123652412762122,0.9999566753883955,0.9999999938870086,-4.794753792071207e-16,2615.9861000322926,2.7248764950512378e-05,0.7426273756256411
0.0010,288.8,0.000983917166786548,0.0009839921502016547,7.353184870204495e-05,0.9999783642876114,0.9999999938658803,-3.196502528047471e-16,2615.9860512473706,2.7316370340140686e-05,0.7426205016187301
0.0010,289.6,0.000988537134883635,0.000988598856110889,-6.212048247140042e-05,0.9999791302700209,0.9999999938450027,-3.196502528047471e-16,2615.986059593376,2.737076762152695e-05,0.7426112361349153
0.0010,290.40000000000003,0.0008863397194275267,0.0008863921338978909,-0.0001910581247336522,0.9999588806634327,0.9999999938243967,-3.196502528047471e-16,2615.986112501259,2.743187550031964e-05,0.7426203736458658
0.0010,291.2,0.000688375987717377,0.0006884179112690293,-0.0002993500157585368,0.9999178259529767,0.9999999938040731,-3.196502528047471e-16,2615.9861132752317,2.750314789755483e-05,0.7426219435853305
0.0010,292.0,0.00041604466403437167,0.00041606626045555516,-0.00037530138282868144,0.9998842584100982,0.9999999937840094,-6.393005056094942e-16,2615.9860595262394,2.7564186868834956e-05,0.7426132967450697
0.0010,292.8,9.876922130961121e-05,9.876097890934236e-05,-0.0004107053835672879,0.9998714059211592,0.9999999937641962,-3.196502528047471e-16,2615.9860496020005,2.7615458199965087e-05,0.7426179392321212
0.0010,293.6,-0.0002291742352480998,-0.00022921512884962932,-0.00040173452451624977,0.999876213656212,0.9999999937446566,-3.196502528047471e-16,2615.9861008628222,2.7676582226319996e-05,0.7426221999569442
0.0010,294.40000000000003,-0.0005323628515858763,-0.0005324264962661298,-0.0003493601793468343,0.9999064272157204,0.999999993725393,-3.196502528047471e-16,2615.986119293883,2.7743788659889482e-05,0.7426096662643614
0.0010,295.2,-0.0007780487448745942,-0.0007781139318511853,-0.00025923936724599786,0.9999439595910761,0.9999999937063729,-4.794753792071207e-16,2615.986072791148,2.779882700496893e-05,0.7426067300961257
0.0010,296.0,-0.0009396795031295518,-0.000939730532432561,-0.0001411056770367368,0.9999666898689961,0.9999999936875915,-4.794753792071207e-16,2615.986045596292,2.7848010028397368e-05,0.7426201517017506
0.0010,296.8,-0.000999773648601678,-0.0009998129205852006,-7.72697375748175e-06,0.9999763413659583,0.9999999936690684,-1.5982512640237355e-16,2615.9860839757134,2.7908752197276767e-05,0.7426160994535055
0.0010,297.6,-0.0009518352454404037,-0.000951872098093265,0.00012648213144489913,0.9999645518970244,0.9999999936507894,-4.794753792071207e-16,2615.9861180934004,2.797142543671647e-05,0.7425984669942005
0.0010,298.40000000000003,-0.0008010572646848979,-0.0008010898840920401,0.00024702576209058254,0.9999325781010777,0.9999999936327284,-1.5982512640237355e-16,2615.9860887065247,2.80211712917469e-05,0.742603515516632
0.0010,299.2,-0.0005637387393047714,-0.0005637554403136576,0.00034088323479454914,0.9999033243231854,0.9999999936148951,-4.794753792071207e-16,2615.9860478276014,2.8069529074446748e-05,0.742618182040719
0.0010,300.0,-0.0002655163494479694,-0.00026550960280381065,0.0003979106042441702,0.999883322753976,0.9999999935973092,-3.196502528047471e-16,2615.9860659295528,2.8129204214244576e-05,0.7426088521244005
0.0010,300.8,6.139611353048007e-05,6.142327367861028e-05,0.0004119450433771566,0.9998765921826116,0.9999999935799633,-1.5982512640237355e-16,2615.9861110541046,2.8187088682603724e-05,0.7425951552317624
0.0010,301.6,0.0003816847553724798,0.0003817199752126803,0.0003814720864573273,0.9998943739226688,0.9999999935628431,-4.794753792071207e-16,2615.9861040613923,2.8232285759620184e-05,0.7426045739117139
0.0010,302.40000000000003,0.0006607458139234625,0.0006607746822287568,0.00030978264621277034,0.9999237530441468,0.9999999935459642,-3.196502528047471e-16,2615.986055964402,2.82800955904106e-05,0.7426147884317504
0.0010,303.2,0.0008684142132439985,0.0008684357079855519,0.0002046208203090817,0.9999487653490553,0.999999993529342,-4.794753792071207e-16,2615.98605135998,2.8338076637503308e-05,0.742606643568064
0.0010,304.0,0.0009822377006011894,0.0009822661752579304,7.73529661352212e-05,0.9999688978167095,0.9999999935129598,-1.5982512640237355e-16,2615.986099907413,2.8390278668831145e-05,0.7426011047560359
0.0010,304.8,0.0009899280800274282,0.00098997029288841,-5.8268573524700806e-05,0.9999706069847424,0.9999999934968018,-1.5982512640237355e-16,2615.9861153859274,2.8432070567304358e-05,0.7426083912512073
0.0010,305.6,0.0008906738849126287,0.0008907166881458125,-0.00018759643536362964,0.9999499933582312,0.999999993480877,-4.794753792071207e-16,2615.986068767367,2.8479367869287373e-05,0.7426124392810647
0.0010,306.40000000000003,0.0006951982479151477,0.0006952262066839584,-0.00029665941816521665,0.9999250871792789,0.9999999934651898,-1.5982512640237355e-16,2615.9860436172644,2.8534674214845582e-05,0.7426109201748167
0.0010,307.2,0.00042460846584967387,0.0004246192632744875,-0.0003736690135191272,0.9998982034539797,0.999999993449711,-1.5982512640237355e-16,2615.986086166817,2.858183322654887e-05,0.7426121454291311
0.0010,308.0,0.00010813423595418934,0.00010813493671714843,-0.000410304225525669,0.9998775817335361,0.999999993434432,0.0,2615.9861198751146,2.8620917410913696e-05,0.7426122432564245
0.0010,308.8,-0.00022003179228006112,-0.00022003237625845386,-0.0004026094114722432,0.9998815478789284,0.9999999934193696,0.0,2615.9860840737547,2.8668170355275605e-05,0.7426118764126023
0.0010,309.6,-0.0005244265598629443,-0.000524426431705801,-0.0003514143031123073,0.9999010335824056,0.9999999934045163,0.0,2615.9860439963527,2.872041007911363e-05,0.7426184027963688
0.0010,310.40000000000003,-0.0007721479085790004,-0.000772158345407242,-0.0002622504402413281,0.9999282542256631,0.9999999933898559,0.0,2615.986071506788,2.876281800100025e-05,0.7426219798574926
0.0010,311.2,-0.0009364300436927279,-0.0009364633748532662,-0.00014475537242571043,0.9999609031680804,0.9999999933753898,0.0,2615.986116412823,2.8800596204302777e-05,0.7426140285136302
0.0010,312.0,-0.000999541662387346,-0.0009995918237873744,-1.162177210759604e-05,0.9999766271265953,0.9999999933611345,-1.5982512640237355e-16,2615.986099137448,2.8847165736903887e-05,0.7426121520556972
0.0010,312.8,-0.0009546742527124971,-0.0009547218850272046,0.00012277123070163486,0.9999686066913908,0.9999999933470811,-4.794753792071207e-16,2615.986051796123,2.889611667772573e-05,0.7426238759576378
0.0010,313.6,-0.0008066640930418144,-0.0008066987516442695,0.0002439013079892083,0.999946831733626,0.9999999933332118,-1.5982512640237355e-16,2615.98605803407,2.8934390349536516e-05,0.742625971720396
0.0010,314.40000000000003,-0.0005714903343431452,-0.0005715159940896562,0.00033867678236803304,0.9999123272367344,0.9999999933195358,-1.5982512640237355e-16,2615.9861058003116,2.8970945015698567e-05,0.7426132528144871
0.0010,315.2,-0.00027456262265620573,-0.00027458545722308935,0.0003968592895731501,0.9998805857318994,0.9999999933060556,-1.5982512640237355e-16,2615.986111047597,2.9017147827420234e-05,0.7426117247471108
0.0010,316.0,5.203138252988246e-05,5.2011664922908116e-05,0.00041216480792999105,0.9998720738331697,0.9999999932927635,0.0,2615.986064918407,2.906194864494706e-05,0.7426236941064499
0.0010,316.8,0.0003729968567654601,0.00037298906796127404,0.0003829382041700988,0.9998834960844407,0.9999999932796443,-3.196502528047471e-16,2615.9860482622184,2.9096796153774713e-05,0.7426233417456701
0.0010,317.6,0.0006536488970654541,0.0006536667707228449,0.0003123376029288373,0.9999108681243977,0.9999999932666969,-1.5982512640237355e-16,2615.98609049587,2.9133169720434294e-05,0.7426110200228252
0.0010,318.40000000000003,0.0008636731612875832,0.0008637204654074714,0.00020799341437524314,0.9999495780904675,0.9999999932539374,-3.196502528047471e-16,2615.9861174221296,2.9177845247027347e-05,0.7426097946232912
0.0010,319.2,0.0009803954014637759,0.000980456626290436,8.117692803774909e-05,0.9999756218842436,0.9999999932413471,-1.5982512640237355e-16,2615.9860806403894,2.921897335580057e-05,0.7426177384005094
0.0010,320.0,0.0009912042074749347,0.000991260845672841,-5.441408769301487e-05,0.9999780223147048,0.9999999932289102,-3.196502528047471e-16,2615.9860444806945,2.9251236200240544e-05,0.7426167089554073
0.0010,320.8,0.0008949144013008872,0.0008949634795134492,-0.0001841267070423029,0.9999626163441059,0.9999999932166455,-1.5982512640237355e-16,2615.9860737372182,2.9287224699294252e-05,0.7426090536252536
0.0010,321.6,0.0007019232496512724,0.0007019703770506251,-0.00029394199505395236,0.9999274362305333,0.9999999932045482,0.0,2615.9861168124194,2.9330553342302258e-05,0.7426068894868412
0.0010,322.40000000000003,0.00043309125414089353,0.000433135344912052,-0.00037199798669625627,0.9998889216455376,0.9999999931925996,-1.5982512640237355e-16,2615.9860960402257,2.9367931944810364e-05,0.742609067284343
0.0010,323.2,0.00011747293503244415,0.00011750343936760217,-0.00040986389564077753,0.9998716160025967,0.9999999931807971,-1.5982512640237355e-16,2615.986047867637,2.939804799493451e-05,0.7426100646723273
0.0010,324.0,-0.00021082630324262337,-0.00021082409691332475,-0.0004034463656718163,0.999874079450779,0.999999993169149,0.0,2615.9860587271223,2.9434421302362937e-05,0.7426088054107148
0.0010,324.8,-0.0005163385964495889,-0.0005163732470452875,-0.0003534393466168136,0.9998976476604121,0.999999993157646,0.0,2615.986109158439,2.947558054478921e-05,0.7426047096632704
0.0010,325.6,-0.0007660692781604747,-0.0007661325700833976,-0.0002652474491941956,0.9999385769981836,0.9999999931462701,-1.5982512640237355e-16,2615.986108487626,2.9509448792859427e-05,0.7426020102604317
0.0010,326.40000000000003,-0.00093304582854987,-0.0009331174393470567,-0.00014839524187299156,0.9999686980249575,0.9999999931350276,-3.196502528047471e-16,2615.986058034526,2.953884482532861e-05,0.7426065436466806
0.0010,327.2,-0.0009992169954741897,-0.0009992833703483172,-1.5506235262321963e-05,0.999978617358117,0.9999999931239191,-1.5982512640237355e-16,2615.9860480970783,2.9574634983829618e-05,0.7426107706137494
0.0010,328.0,-0.000957417843952644,-0.0009574807844326299,0.00011905588240341363,0.999970297821433,0.9999999931129349,-1.5982512640237355e-16,2615.986095845718,2.9613957474220662e-05,0.7426050275498953
0.0010,328.8,-0.0008121668098225106,-0.0008122292977784966,0.0002407508775729942,0.9999379515472275,0.9999999931020773,-4.794753792071207e-16,2615.986115834082,2.9645009926268634e-05,0.7425997159014106
0.0010,329.6,-0.0005791723799882703,-0.000579223481573397,0.0003364357232054448,0.999900767674122,0.9999999930913409,-3.196502528047471e-16,2615.986072900771,2.9672946814023414e-05,0.7426069204077592
0.0010,330.40000000000003,-0.0002836140763972671,-0.00028363608061956124,0.0003957731815122572,0.9998795870832934,0.9999999930807335,-1.5982512640237355e-16,2615.9860435125875,2.970949152996638e-05,0.7426143970822826
0.0010,331.2,4.258130599100076e-05,4.2597116534761176e-05,0.00041234910389859107,0.9998733235169726,0.9999999930702644,-1.5982512640237355e-16,2615.9860794416945,2.9745781195193674e-05,0.7426086914707989
0.0010,332.0,0.00036417951369623096,0.00036422817006941745,0.00038437350649776856,0.9998894048817878,0.9999999930599126,-1.5982512640237355e-16,2615.986116754984,2.9773647159869396e-05,0.7426024772351549
0.0010,332.8,0.0006464430792348154,0.0006465075948530295,0.0003148695845000328,0.9999244441299063,0.9999999930496859,-3.196502528047471e-16,2615.986089326606,2.980237072276269e-05,0.7426099642764364
0.0010,333.6,0.0008588746886041105,0.0008589362358915613,0.00021134345452872695,0.9999539124000244,0.9999999930396051,0.0,2615.9860456665356,2.9837172175405795e-05,0.7426187099298188
0.0010,334.40000000000003,0.000978504672721444,0.0009785603846832365,8.498152160376344e-05,0.9999715598224422,0.9999999930296489,-1.5982512640237355e-16,2615.9860632253667,2.9870774961405923e-05,0.7426144376129877
0.0010,335.2,0.0009923994637498288,0.0009924564388111546,-5.0558349087617665e-05,0.9999739465224636,0.9999999930198109,-3.196502528047471e-16,2615.986111005925,2.9897181624062922e-05,0.7426080399593308
0.0010,336.0,0.0008990755189107747,0.0008991260570057884,-0.0001806334402278289,0.999951280579485,0.9999999930101017,0.0,2615.986103890077,2.9924368168863343e-05,0.7426137318693433
0.0010,336.8,0.0007086263349679858,0.0007086524351743649,-0.0002911954262771875,0.9999197668286324,0.9999999930005147,-1.5982512640237355e-16,2615.986054115747,2.9958961261262477e-05,0.7426221316005085
0.0010,337.6,0.000441616368876771,0.00044161249047696224,-0.00037029749022215596,0.9998949626226424,0.9999999929910385,-3.196502528047471e-16,2615.9860503488726,2.998990923374667e-05,0.7426196671854203
0.0010,338.40000000000003,0.00012688576396876222,0.0001268583078791376,-0.00040938971438791413,0.9998773049329677,0.9999999929816643,-1.5982512640237355e-16,2615.9860994857013,3.0013570445732885e-05,0.7426131869034696
0.0010,339.2,-0.00020156152696871238,-0.0002016020709002064,-0.00040424998425711545,0.9998806670467955,0.9999999929723972,-1.5982512640237355e-16,2615.9861137036073,3.0041848961174383e-05,0.7426160613079056
0.0010,340.0,-0.0005082411376435788,-0.0005082810391726138,-0.00035543389769212837,0.9999051997881895,0.999999992963234,1.5982512640237355e-16,2615.986067450094,3.007482459274418e-05,0.7426235647086502
0.0010,340.8,-0.0007600098949580778,-0.0007600430499074968,-0.0002682133305995126,0.9999320463173431,0.9999999929541552,-1.5982512640237355e-16,2615.986043332157,3.010271893247406e-05,0.7426224872382867
0.0010,341.6,-0.0009296533726694634,-0.0009296857852372485,-0.00015201457468211967,0.9999583759983222,0.9999999929451678,0.0,2615.9860842408184,3.012626647140342e-05,0.7426152738255609
0.0010,342.40000000000003,-0.0009988490832495251,-0.0009988826098579974,-1.9395586781038892e-05,0.9999746350362799,0.9999999929362772,-1.5982512640237355e-16,2615.9861169392266,3.0153911266617874e-05,0.7426149030598468
0.0010,343.2,-0.0009601331211280756,-0.0009601591921290021,0.00011531917550392808,0.9999657699184672,0.999999992927474,-1.5982512640237355e-16,2615.986083325205,3.0185535118850683e-05,0.7426222351160154
0.0010,344.0,-0.0008176860372876734,-0.0008176971739999278,0.00023757849483501322,0.9999430401223887,0.9999999929187647,-1.5982512640237355e-16,2615.9860435465603,3.021182052755741e-05,0.7426230719322774
0.0010,344.8,-0.0005868906565940634,-0.0005868865792236644,0.0003341692805142452,0.9999152896413094,0.9999999929101508,0.0,2615.986068165309,3.0233777133802693e-05,0.7426144409968107
0.0010,345.6,-0.0002926783064294051,-0.00029266625525160145,0.00039465286937524606,0.9998858171077201,0.9999999929016371,-1.5982512640237355e-16,2615.9861130943195,3.0261672890063012e-05,0.7426098665712412
0.0010,346.40000000000003,3.316690187930652e-05,3.3174181306732544e-05,0.0004124968929364395,0.999874887344959,0.9999999928932353,0.0,2615.9860986670246,3.0292040359612015e-05,0.7426162724937557
0.0010,347.2,0.00035543333958025215,0.00035543023833133996,0.000385773518616822,0.9998868463371653,0.9999999928849357,0.0,2615.986050767707,3.0315285675395622e-05,0.7426213670507522
0.0010,348.0,0.0006392855871376775,0.0006392836360170703,0.000317368532366017,0.9999098729080242,0.9999999928767462,0.0,2615.98605439771,3.033695310645679e-05,0.742614204320351
0.0010,348.8,0.0008540499178735219,0.000854065696305482,0.0002146754231190782,0.9999427934473702,0.9999999928686839,0.0,2615.986103149775,3.0364738879853036e-05,0.7426053272097961
0.0010,349.6,0.0009765388383535661,0.0009765727413618389,8.879078498488013e-05,0.9999709585729403,0.9999999928607389,-1.5982512640237355e-16,2615.9861106618628,3.039234370510068e-05,0.7426069543834951
0.0010,350.40000000000003,0.0009935331374483843,0.0009935691679823994,-4.66891592260088e-05,0.9999752171208812,0.9999999928529069,-1.5982512640237355e-16,2615.98606354869,3.041373401812895e-05,0.7426142222667308
0.0010,351.2,0.0009031876115900373,0.0009032158068750513,-0.00017712824555628207,0.9999614897552624,0.9999999928451972,-1.5982512640237355e-16,2615.9860454537584,3.0435000617525165e-05,0.7426137516608572
0.0010,352.0,0.0007152463353776058,0.0007152737242866793,-0.00028842837214263,0.9999336534424847,0.9999999928376103,0.0,2615.9860888112703,3.0461543880452596e-05,0.7426053318719092
0.0010,352.8,0.0004500156639231266,0.0004500510334309659,-0.0003685628941311711,0.9998963779679544,0.9999999928301351,-1.5982512640237355e-16,2615.9861167294894,3.048729056399392e-05,0.7426022205234653
0.0010,353.6,0.00013616416744059414,0.0001362041961846899,-0.0004088772215681384,0.9998743068733834,0.9999999928227682,0.0,2615.9860794189426,3.0506811532521087e-05,0.7426073102429449
0.0010,354.40000000000003,-0.00019238971190922057,-0.0001923584562719634,-0.0004050154912827629,0.9998754022636777,0.9999999928155155,-1.5982512640237355e-16,2615.9860432290284,3.052729879518654e-05,0.7426102988838073
0.0010,355.2,-0.000500143502867449,-0.0005001375059603547,-0.00035739366729904134,0.9998931414668368,0.9999999928083657,0.0,2615.9860728158133,3.055362902083073e-05,0.7426050375018364
0.0010,356.0,-0.0007538531400114376,-0.0007538797029894644,-0.0002711595998976977,0.9999291952415418,0.9999999928013099,0.0,2615.9861155977032,3.05770550065181e-05,0.7425999153615255
0.0010,356.8,-0.0009261225774181238,-0.0009261716025829547,-0.00015562987477925374,0.9999651451088704,0.9999999927943578,1.5982512640237355e-16,2615.986095185268,3.059487056380942e-05,0.7426063859411485
0.0010,357.6,-0.0009983396540080493,-0.0009983972976555645,-2.328186305106999e-05,0.999978880483715,0.9999999927874963,-1.5982512640237355e-16,2615.986047827728,3.061619049785816e-05,0.7426138032537924
0.0010,358.40000000000003,-0.0009626865260421753,-0.0009627503432334393,0.00011158388415327707,0.9999733446157312,0.9999999927807236,-1.5982512640237355e-16,2615.986057903296,3.064129379942213e-05,0.7426082047319538
0.0010,359.2,-0.000823011965487089,-0.0008230827580260747,0.00023439030483556064,0.9999471011446518,0.9999999927740543,1.5982512640237355e-16,2615.9861073336738,3.0662658418395094e-05,0.7425990828345508
0.0010,360.0,-0.0005944175820829271,-0.0005944875757784462,0.000331870072891469,0.9999060611461984,0.9999999927674681,1.5982512640237355e-16,2615.9861079778866,3.068068368668402e-05,0.7426025501146519
0.0010,360.8,-0.00030160830783690444,-0.00030166295861563757,0.0003934953622832872,0.9998778440139549,0.9999999927609716,3.196502528047471e-16,2615.9860586437417,3.0701493886397474e-05,0.7426146781617966
0.0010,361.6,2.37778823904453e-05,2.3754670868099124e-05,0.00041260671508729226,0.9998705386462065,0.9999999927545895,1.5982512640237355e-16,2615.986046977093,3.0725848125063996e-05,0.7426167975251711
0.0010,362.40000000000003,0.00034658758372078263,0.0003466058041199778,0.00038713804285983393,0.9998824373070556,0.9999999927482983,1.5982512640237355e-16,2615.9860934745084,3.074669439963361e-05,0.7426078371716391
0.0010,363.2,0.0006319557794990548,0.0006320088886392301,0.0003198432174433389,0.9999176771557987,0.9999999927421072,1.5982512640237355e-16,2615.9861150834886,3.07632284238451e-05,0.7426058729180472
0.0010,364.0,0.0008490610361204576,0.0008491289315893935,0.00021799118773189763,0.9999555112250019,0.9999999927360449,3.196502528047471e-16,2615.986073059831,3.078479043268973e-05,0.742614776628766
0.0010,364.8,0.0009744374544319007,0.0009745056924650589,9.258298071424837e-05,0.9999752860474154,0.9999999927300901,0.0,2615.9860419457987,3.08092173931245e-05,0.7426196698899734
0.0010,365.6,0.0009945213755927728,0.0009945911308560447,-4.2828114945555695e-05,0.9999782505258097,0.9999999927242564,1.5982512640237355e-16,2615.9860769384645,3.0827183593814435e-05,0.7426144336705578
0.0010,366.40000000000003,0.0009071443166904545,0.0009072173690540889,-0.00017360754921389986,0.9999577753534911,0.9999999927185629,1.5982512640237355e-16,2615.9861156056722,3.084464074754266e-05,0.7426085769715292
0.0010,367.2,0.0007217638276349095,0.000721826930439946,-0.00028562937903214944,0.9999197123605098,0.999999992712992,1.5982512640237355e-16,2615.986088854061,3.086725795013702e-05,0.7426143205062081
0.0010,368.0,0.0004584156854635811,0.00045844851524867107,-0.00036679396251534447,0.9998900263043375,0.9999999927075716,3.196502528047471e-16,2615.9860439995855,3.088870469675082e-05,0.74262508830942
0.0010,368.8,0.00014554477716157828,0.00014553684292948493,-0.0004083291294609417,0.9998745710510359,0.9999999927023017,0.0,2615.9860607338383,3.090720716476735e-05,0.742623255600082
0.0010,369.6,-0.00018305636538827076,-0.00018309945221491841,-0.0004057462241979843,0.9998766223366674,0.999999992697156,3.196502528047471e-16,2615.9861091136627,3.092551331332513e-05,0.7426150251623352
0.0010,370.40000000000003,-0.0004918936014677799,-0.0004919535691000949,-0.00035932613941566595,0.9999038955390963,0.9999999926921826,0.0,2615.9861027222732,3.094586027261746e-05,0.7426150456330571
0.0010,371.2,-0.0007475974540068279,-0.0007476560649394598,-0.0002740820098789566,0.9999372925542324,0.9999999926873768,3.196502528047471e-16,2615.9860527604533,3.096859463452654e-05,0.7426206263689819
0.0010,372.0,-0.0009225238861110215,-0.000922578021847596,-0.00015922252026200575,0.999961197712836,0.999999992682688,-1.5982512640237355e-16,2615.986048243535,3.0986979518880575e-05,0.7426212288863506
0.0010,372.8,-0.0009977633687635885,-0.0009978199194791068,-2.716235511599622e-05,0.9999753193080531,0.9999999926781789,-1.5982512640237355e-16,2615.986097152155,3.1002855590507106e-05,0.7426142434732848
0.0010,373.6,-0.0009651998435973737,-0.0009652553611208697,0.00010782882573244161,0.9999668306230828,0.9999999926738502,0.0,2615.9861122511365,3.10261458785911e-05,0.7426133235173104
0.0010,374.40000000000003,-0.0008283659244104897,-0.0008284035715424905,0.00023117178377577593,0.999938863025114,0.9999999926696332,-1.5982512640237355e-16,2615.986066827974,3.104875546113384e-05,0.74262340357857
0.0010,375.2,-0.0006020413851091208,-0.0006020477806543535,0.0003295414528341698,0.999911531064967,0.9999999926655884,0.0,2615.986041983276,3.1063664030223295e-05,0.7426264225915854
0.0010,376.0,-0.0003106672664519363,-0.0003106433078498794,0.0003923053200554601,0.9998874725096206,0.9999999926617313,0.0,2615.986081981963,3.108331826265001e-05,0.7426157461185097
0.0010,376.8,1.4282962559465006e-05,1.4324209628387132e-05,0.00041268196802840416,0.9998759858020624,0.9999999926579854,0.0,2615.9861157597684,3.11076200131685e-05,0.7426077422227615
0.0010,377.6,0.0003377032453731776,0.00033774412065084414,0.00038847166962792113,0.9998895506580602,0.9999999926543982,-1.5982512640237355e-16,2615.986083423108,3.11263929645218e-05,0.7426122567927194
0.0010,378.40000000000003,0.0006246413408035899,0.0006246728918957983,0.00032228818012975844,0.9999142328767546,0.9999999926509977,1.5982512640237355e-16,2615.986042714142,3.11446123691194e-05,0.7426182332613869
0.0010,379.2,0.0008440792894536829,0.0008441083575479154,0.000221282495158648,0.9999410083957899,0.9999999926477121,0.0,2615.986066236917,3.1165973380468076e-05,0.7426140244444882
0.0010,380.0,0.0009723078367008297,0.0009723428333080193,9.63718539068935e-05,0.9999668950790587,0.9999999926445745,0.0,2615.986112191645,3.118733758297567e-05,0.7426065224446414
0.0010,380.8,0.0009954888958959966,0.0009955239695495057,-3.8949368497027904e-05,0.999972829177159,0.999999992641617,-1.5982512640237355e-16,2615.9860990841153,3.1209062798809676e-05,0.7426085994640745
0.0010,381.6,0.0009111233744509724,0.0009111463009753106,-0.00017006597315436293,0.9999575545906249,0.9999999926387809,-1.5982512640237355e-16,2615.986050717321,3.1228414990519386e-05,0.742616128018965
0.0010,382.40000000000003,0.000728314449693889,0.0007283234153380408,-0.00028281019666947485,0.9999339743873157,0.9999999926360864,-1.5982512640237355e-16,2615.986053443501,3.1247609902833025e-05,0.7426134191510784
0.0010,383.2,0.0004668044077563934,0.0004668084819107694,-0.0003649961462456962,0.9999026449073506,0.9999999926335621,-3.196502528047471e-16,2615.9861027492184,3.127262107246405e-05,0.7426032936063847
0.0010,384.0,0.00015485133381316774,0.00015485835657340065,-0.0004077453954281396,0.9998784920960649,0.9999999926311652,-3.196502528047471e-16,2615.9861113013317,3.1294819179376665e-05,0.7426030220007449
0.0010,384.8,-0.00017383106409192529,-0.00017382284507248447,-0.00040644113984011535,0.9998785402586943,0.9999999926289096,-1.5982512640237355e-16,2615.98606397361,3.131154779481804e-05,0.7426101910571108
0.0010,385.6,-0.000483721185715543,-0.00048372321634159587,-0.0003612225264802215,0.9998945062521121,0.9999999926268106,-3.196502528047471e-16,2615.9860449968105,3.1335108758852175e-05,0.7426109811202087
0.0010,386.40000000000003,-0.0007413344655457805,-0.0007413592781682008,-0.00027697620341008957,0.999922901768557,0.9999999926248399,0.0,2615.9860882246403,3.136105315543796e-05,0.7426042201319638
0.0010,387.2,-0.0009188507988536815,-0.0009188965367783217,-0.00016280735965503164,0.9999581252386076,0.9999999926230126,-1.5982512640237355e-16,2615.9861166765704,3.137977426285523e-05,0.7425983496029686
0.0010,388.0,-0.0009971065520416604,-0.000997154758560051,-3.1047968671492915e-05,0.9999759963625084,0.9999999926213284,0.0,2615.986079710379,3.1400344397948844e-05,0.742603516233155
0.0010,388.8,-0.0009676404324922923,-0.0009676764946528275,0.00010407008870204937,0.9999715544086871,0.9999999926197577,-1.5982512640237355e-16,2615.9860432183973,3.142579557056659e-05,0.7426126347011827
0.0010,389.6,-0.0008336171923047822,-0.0008336444941258091,0.0002279442878472589,0.9999516320606959,0.9999999926183324,-1.5982512640237355e-16,2615.986072156792,3.144837018136533e-05,0.7426081252012923
0.0010,390.40000000000003,-0.0006095126182286841,-0.0006095417999813857,0.0003271870428623567,0.9999152175783351,0.9999999926170406,0.0,2615.9861150160154,3.146959421094485e-05,0.7426011449405396
0.0010,391.2,-0.00031954927463515693,-0.0003195831625770369,0.0003910788558315897,0.9998819095171023,0.9999999926158343,1.5982512640237355e-16,2615.986095521884,3.1492167252431796e-05,0.7426086217415043
0.0010,392.0,4.934148249757589e-06,4.903967445036004e-06,0.0004127184554426574,0.9998716319888651,0.9999999926147568,0.0,2615.9860481734654,3.151511733183467e-05,0.7426159827606823
0.0010,392.8,0.0003288719211535341,0.0003288611434255682,0.0003897658786085178,0.9998802227209684,0.9999999926138101,0.0,2615.98605695108,3.153934969205177e-05,0.742611275716226
0.0010,393.6,0.0006172673657689597,0.0006172866069404218,0.0003247022789267039,0.9999088575926761,0.9999999926129176,-1.5982512640237355e-16,2615.9861059367463,3.1561870704211013e-05,0.7426038163799485
0.0010,394.40000000000003,0.0008389771699260157,0.000839019282647339,0.00022455883251348624,0.9999496724047335,0.9999999926121157,-3.196502528047471e-16,2615.9861075140475,3.158241488021365e-05,0.7426029357670552
0.0010,395.2,0.0009700539938884605,0.0009701027180270282,0.00010015133203896045,0.999975444194142,0.9999999926114364,-3.196502528047471e-16,2615.986058367129,3.1606761285880935e-05,0.7426106447290095
0.0010,396.0,0.000996321740102266,0.0009963714971082788,-3.508034240174998e-05,0.9999797599166473,0.9999999926107909,-3.196502528047471e-16,2615.9860455011535,3.1631802535155724e-05,0.7426159821071252
0.0010,396.8,0.0009149303648772523,0.0009149866423863965,-0.00016651986836122823,0.9999644753518202,0.999999992610181,-1.5982512640237355e-16,2615.986091434218,3.1652258504785944e-05,0.7426104326140058
0.0010,397.6,0.0007346814401969017,0.0007347440746776423,-0.000279964393480032,0.999927020407115,0.999999992609671,-3.196502528047471e-16,2615.9861141000715,3.167360178067756e-05,0.7426094632237398
0.0010,398.40000000000003,0.00047506384182076307,0.0004751189382632917,-0.0003631616696324778,0.9998896313038087,0.9999999926091867,-3.196502528047471e-16,2615.986072788072,3.169857305351143e-05,0.7426206304690095
0.0010,399.2,0.0001641315248655356,0.00016416036751543215,-0.0004071236264433073,0.9998719946070649,0.9999999926086853,0.0,2615.9860407033902,3.1721948533565525e-05,0.7426257369903404
0.0010,400.0,-0.00016452700896712162,-0.0001645350346102862,-0.0004070979568158648,0.999872461882014,0.9999999926082404,-3.196502528047471e-16,2615.986074746905,3.1742230169585847e-05,0.7426183889103594
0.0010,400.8,-0.00047541344074064564,-0.00047545368735548853,-0.0003630887244453238,0.9998968713921135,0.9999999926078208,-3.196502528047471e-16,2615.9861139589916,3.176331703571889e-05,0.742612001654967
0.0010,401.6,-0.0007349493425510358,-0.0007350039127452121,-0.0002798511573590399,0.9999368200591356,0.9999999926073473,-4.794753792071207e-16,2615.9860881029763,3.1787561547974555e-05,0.7426141567999045
0.0010,402.40000000000003,-0.0009150896274352231,-0.000915142333841586,-0.00016637471037307395,0.9999657667406059,0.9999999926068769,-3.196502528047471e-16,2615.986042872321,3.181059687782864e-05,0.7426196121827983
0.0010,403.2,-0.0009963535876963076,-0.0009964037785022291,-3.4920779909267015e-05,0.999978526024594,0.9999999926064252,-3.196502528047471e-16,2615.9860584499716,3.182882869080689e-05,0.7426181644464553
0.0010,404.0,-0.0009699554142251891,-0.0009700093535320106,0.0001003024153306843,0.999972075860239,0.9999999926059067,-3.196502528047471e-16,2615.986106896083,3.1849419591714956e-05,0.7426109581253607
0.0010,404.8,-0.0008387610157519569,-0.0008388138490493562,0.0002246862320286498,0.9999409410155798,0.9999999926053389,-3.196502528047471e-16,2615.9861018791653,3.187448969977364e-05,0.7426129149403431
0.0010,405.6,-0.0006169547273308788,-0.0006169916613859538,0.0003247971100966941,0.9999063523081478,0.9999999926047747,0.0,2615.9860521467826,3.1894086041427336e-05,0.7426244900893094
0.0010,406.40000000000003,-0.0003284960718170117,-0.000328506862953617,0.0003898175563966905,0.9998838090525384,0.9999999926041447,-1.5982512640237355e-16,2615.9860462692895,3.1910546309142114e-05,0.7426270679533621
0.0010,407.2,-4.542918907955719e-06,-4.528372324566476e-06,0.00041271957243659414,0.9998735012919714,0.9999999926034292,-3.196502528047471e-16,2615.9860948983123,3.1933329784909336e-05,0.7426175384072746
0.0010,408.0,0.0003199103195318878,0.0003199395493303659,0.00039103032091944515,0.999887010284411,0.9999999926026916,-1.5982512640237355e-16,2615.9861113192646,3.195513112811138e-05,0.7426140034294781
0.0010,408.8,0.0006098095614944418,0.0006098408026093489,0.0003270928865381378,0.9999182072768829,0.9999999926018983,0.0,2615.986066268056,3.197106371469778e-05,0.7426213079205303
0.0010,409.6,0.00083381878837975,0.0008338522857413005,0.00022781256708896504,0.999945742123344,0.9999999926010013,-1.5982512640237355e-16,2615.9860402719964,3.1989987206799694e-05,0.7426225636946698
0.0010,410.40000000000003,0.0009677211881831871,0.0009677696426770669,0.0001039188849531082,0.9999672385841109,0.9999999926000529,-3.196502528047471e-16,2615.986079700165,3.201073950504463e-05,0.7426120561572878
0.0010,411.2,0.0009970604550072779,0.0009971261321218073,-3.1198416692659376e-05,0.9999738773179204,0.9999999925990541,-3.196502528047471e-16,2615.986114471058,3.202771519770971e-05,0.7426060361273983
0.0010,412.0,0.0009186881456228094,0.0009187521179103738,-0.00016294487999806185,0.9999556884621055,0.9999999925979532,-4.794753792071207e-16,2615.9860832474715,3.204543758933694e-05,0.7426117375970022
0.0010,412.8,0.000741073737331408,0.0007411133585507969,-0.0002770902135511769,0.9999291254992067,0.9999999925967785,-3.196502528047471e-16,2615.986042059802,3.206347350496277e-05,0.7426166963634891
0.0010,413.6,0.00048339268823291144,0.00048340044172214415,-0.0003612981860692445,0.99990322154696,0.999999992595549,-3.196502528047471e-16,2615.986064546126,3.207904544029679e-05,0.7426131119580248
0.0010,414.40000000000003,0.0001734741030182288,0.0001734586619973634,-0.0004064681191490557,0.9998808018862061,0.999999992594225,-4.794753792071207e-16,2615.986111263639,3.2097113420269536e-05,0.7426071880533445
0.0010,415.2,-0.0001551997411180888,-0.00015522392848981613,-0.00040772199971364595,0.9998798621294364,0.9999999925928198,-3.196502528047471e-16,2615.9860994449236,3.2114834217197055e-05,0.7426081130006154
0.0010,416.0,-0.00046711063868330884,-0.0004671356001183345,-0.00036492389213786,0.9998985814686303,0.9999999925913519,-4.794753792071207e-16,2615.986050245819,3.212745259522801e-05,0.7426156499205261
0.0010,416.8,-0.000728545442697168,-0.0007285752549796245,-0.0002826963507644935,0.9999229755878504,0.9999999925897947,-4.794753792071207e-16,2615.9860516127014,3.2143451063148814e-05,0.7426160336481946
0.0010,417.6,-0.0009112529784899803,-0.000911295782126486,-0.00016992707086990952,0.9999527675336676,0.99999999258816,-3.196502528047471e-16,2615.9861013792156,3.216271610542879e-05,0.7426051553101172
0.0010,418.40000000000003,-0.0009955047672486218,-0.0009955578867037065,-3.8801404711304525e-05,0.9999728326520857,0.9999999925864617,-4.794753792071207e-16,2615.986110867728,3.217493868154278e-05,0.7426018530895498
0.0010,419.2,-0.0009722097847246953,-0.0009722581454728582,9.65187298969949e-05,0.9999685093499653,0.9999999925846728,-7.991256320118678e-16,2615.9860634226566,3.218670420950268e-05,0.7426111622877689
0.0010,420.0,-0.0008438777606194321,-0.0008439109732818722,0.00022141430655770217,0.9999503394980347,0.9999999925828128,-6.393005056094942e-16,2615.9860439567847,3.2205255900205954e-05,0.7426126286463779
0.0010,420.8,-0.0006243603278054241,-0.0006243824978328801,0.00032238595970424263,0.999921525419131,0.9999999925809032,-4.794753792071207e-16,2615.9860871719534,3.221988915280174e-05,0.7426034144093173
0.0010,421.6,-0.0003373747868361344,-0.00033739351089186,0.0003885233314972657,0.9998884620157726,0.9999999925789042,-7.991256320118678e-16,2615.9861162618313,3.2229425823348044e-05,0.7426008632929862
0.0010,422.40000000000003,-1.393659160767933e-05,-1.3952039814464459e-05,0.0004126838810146013,0.9998747301998996,0.9999999925768325,-7.991256320118678e-16,2615.986079959789,3.224426430165807e-05,0.7426068948531993
0.0010,423.2,0.0003109994027910158,0.0003109966668907744,0.0003922565306357355,0.9998824471409727,0.9999999925747329,-6.393005056094942e-16,2615.9860430447325,3.226010905240503e-05,0.7426114047272472
0.0010,424.0,0.0006023180465708004,0.0006023433492740981,0.0003294475588363592,0.9999043144785358,0.9999999925725602,-7.991256320118678e-16,2615.986071079339,3.2270703691827344e-05,0.7426089026975748
0.0010,424.8,0.0008285531077407557,0.0008286103794965124,0.0002310461599179414,0.999940711090752,0.9999999925703086,-9.589507584142415e-16,2615.9861143185703,3.22825727617454e-05,0.7426014567332178
0.0010,425.6,0.0009652830611242164,0.0009653530233239003,0.00010768310289746804,0.9999710358143041,0.9999999925680447,-7.991256320118678e-16,2615.986095795113,3.229673358079718e-05,0.7426023166251269
0.0010,426.40000000000003,0.0009977373195951295,0.000997796152530287,-2.7317989585730844e-05,0.9999776600635051,0.9999999925657409,-7.991256320118678e-16,2615.9860480197062,3.23083167613035e-05,0.742613676813818
0.0010,427.2,0.000922389679173942,0.0009224316239842605,-0.00015936966262685172,0.9999662608396808,0.9999999925633585,-7.991256320118678e-16,2615.986055777935,3.231991747012529e-05,0.7426136857758745
0.0010,428.0,0.0007473700919189526,0.0007474027182149249,-0.00027419923160737855,0.9999357815025566,0.9999999925609653,-7.991256320118678e-16,2615.9861050501713,3.233246847396547e-05,0.7426016808966215
0.0010,428.8,0.0004915956517584266,0.0004916227868735495,-0.0003594013481066327,0.9998958373660223,0.9999999925585704,-9.589507584142415e-16,2615.9861074851606,3.234290272311204e-05,0.7426047440578104
0.0010,429.6,0.00018271142781167796,0.00018272712002813892,-0.0004057740888466202,0.9998731463528358,0.9999999925561152,-9.589507584142415e-16,2615.9860582553933,3.235424592051126e-05,0.742618478575891
0.0010,430.40000000000003,-0.00014590533541813372,-0.00014591111696696384,-0.00040830583852827343,0.9998720070453758,0.999999992553642,-7.991256320118678e-16,2615.9860447581777,3.2367326665585346e-05,0.7426171524066995
0.0010,431.2,-0.0004587528851263412,-0.0004587843765571028,-0.00036672250277718554,0.9998904107302711,0.9999999925511925,-9.589507584142415e-16,2615.986090400916,3.237699227012735e-05,0.7426090829480427
0.0010,432.0,-0.000722041532050014,-0.00072208947559491,-0.00028551917347831605,0.9999293361246936,0.9999999925487142,-6.393005056094942e-16,2615.986113365816,3.2385978540411795e-05,0.7426117380566534
0.0010,432.8,-0.0009073323798869338,-0.0009073791067775985,-0.00017346709240976198,0.9999651154150695,0.9999999925462135,-9.589507584142415e-16,2615.9860726703855,3.239921976164629e-05,0.7426170914506779
0.0010,433.6,-0.0009945946982665807,-0.0009946320152354657,-4.26692838313529e-05,0.9999798683681891,0.9999999925437484,-6.393005056094942e-16,2615.9860403824814,3.2410759739137226e-05,0.7426181280009678
0.0010,434.40000000000003,-0.0009743836088467778,-0.0009744191572655959,9.273862257235797e-05,0.9999759438359546,0.9999999925412862,-6.393005056094942e-16,2615.986073431002,3.241778771471615e-05,0.7426162871973292
0.0010,435.2,-0.0008488850060151406,-0.0008489264862844754,0.00021812263488068953,0.9999482416607444,0.9999999925388053,-7.991256320118678e-16,2615.986112952306,3.242819998729747e-05,0.7426102813144697
0.0010,436.0,-0.0006316730333661342,-0.000631714869500994,0.0003199394767324831,0.999907612241445,0.9999999925363544,-6.393005056094942e-16,2615.9860885072712,3.244179891103866e-05,0.7426096991284344
0.0010,436.8,-0.00034622367695203175,-0.00034625130118365316,0.0003871916102763437,0.9998802914420131,0.9999999925339308,-3.196502528047471e-16,2615.9860431093703,3.24503740567e-05,0.7426195212864561
0.0010,437.6,-2.3376252221375568e-05,-2.337695633213144e-05,0.00041261037812284016,0.9998704796853399,0.9999999925315017,-7.991256320118678e-16,2615.986057389026,3.245719241821684e-05,0.7426202130128083
0.0010,438.40000000000003,0.0003019954936683577,0.00030202330633409254,0.0003934489865064379,0.9998811603776401,0.9999999925290946,-6.393005056094942e-16,2615.986105890087,3.24693894064267e-05,0.7426090495418415
0.0010,439.2,0.0005947498194844636,0.000594792671154565,0.0003317793360293693,0.9999154383627634,0.9999999925267201,-6.393005056094942e-16,2615.9861018127535,3.2481243428888615e-05,0.7426113993146964
0.0010,440.0,0.0008232597702395135,0.0008232995873153187,0.0002342617476061557,0.999950435557502,0.9999999925243527,-7.991256320118678e-16,2615.986052029656,3.2487773061259974e-05,0.7426250460919895
0.0010,440.8,0.0009628200907565728,0.0009628532674785818,0.00011143087459890707,0.9999712371923142,0.999999992522,-4.794753792071207e-16,2615.986045042812,3.249620893159258e-05,0.7426247284690848
0.0010,441.6,0.000998337890514577,0.0009983753213112798,-2.343729230155048e-05,0.9999776226774132,0.9999999925196773,-4.794753792071207e-16,2615.98609295434,3.250878981487975e-05,0.7426156311277697
0.0010,442.40000000000003,0.0009259862073156517,0.0009260307445551355,-0.00015576947119359601,0.9999594107046357,0.9999999925173675,-6.393005056094942e-16,2615.9861101933143,3.251803896199643e-05,0.742616675317706
0.0010,443.2,0.0007535992918943502,0.0007536369036762548,-0.00027127340107495427,0.9999255134143804,0.9999999925150678,-6.393005056094942e-16,2615.9860661293837,3.252457748380918e-05,0.7426230132710208
0.0010,444.0,0.0004998004840009754,0.0004998173862743498,-0.00035747109590525015,0.9998979374497181,0.9999999925127901,-4.794753792071207e-16,2615.9860392152345,3.2534833886918125e-05,0.742623581960231
0.0010,444.8,0.00019199885810847287,0.00019199477508659548,-0.0004050456459465162,0.9998790034383733,0.9999999925105251,-3.196502528047471e-16,2615.9860774795347,3.254588077956629e-05,0.7426177949056253
0.0010,445.6,-0.0001365567708775635,-0.00013657176054645287,-0.0004088569446823997,0.9998772412306736,0.9999999925082662,-3.196502528047471e-16,2615.9861132950005,3.25535139125693e-05,0.742610239809885
0.0010,446.40000000000003,-0.0004503682333361142,-0.0004503829686346639,-0.0003684946319263057,0.9998999336074126,0.9999999925060195,-4.794753792071207e-16,2615.9860833507487,3.256180113496973e-05,0.7426104926577368
0.0010,447.2,-0.0007155192147258235,-0.0007155333115090635,-0.00028831711113074383,0.9999284094339093,0.9999999925037785,-6.393005056094942e-16,2615.986041341186,3.25722117281857e-05,0.7426176835278112
0.0010,448.0,-0.0009033465640610303,-0.0009033733301176081,-0.00017698749044928611,0.9999534957496178,0.9999999925015375,-3.196502528047471e-16,2615.986062731241,3.2581090247451356e-05,0.7426142925897639
0.0010,448.8,-0.0009935599017359767,-0.0009936090102223673,-4.653890862927781e-05,0.999972168585137,0.9999999924993008,-4.794753792071207e-16,2615.986110030583,3.258943870777512e-05,0.7426021299518131
0.0010,449.6,-0.0009764321865686755,-0.0009764937629369356,8.89358211980361e-05,0.99996801402872,0.9999999924970661,-4.794753792071207e-16,2615.9860993467632,3.259910573853508e-05,0.7426045385464607
0.0010,450.40000000000003,-0.0008538222209028305,-0.0008538760623281848,0.00021480509883271186,0.9999458196099981,0.9999999924948236,-6.393005056094942e-16,2615.9860501321477,3.26077531969331e-05,0.742617139144871
0.0010,451.2,-0.0006389670177186303,-0.0006390011048274265,0.00031746829629162367,0.999920476748468,0.9999999924925761,-4.794753792071207e-16,2615.986050386586,3.261617573216147e-05,0.7426152583237833
0.0010,452.0,-0.0003550702595229243,-0.00035508492334655257,0.0003858289488041802,0.9998925481291512,0.9999999924903237,-6.393005056094942e-16,2615.986099743882,3.2626427551328396e-05,0.7426052210472082
0.0010,452.8,-3.2802547824967216e-05,-3.280440712757146e-05,0.00041250234547496794,0.9998768946887494,0.9999999924880597,-6.393005056094942e-16,2615.9861105219693,3.263528096804249e-05,0.7426082780325979
0.0010,453.6,0.0002930146161951309,0.0002930202519773761,0.00039460807931293254,0.9998856433388034,0.999999992485781,-4.794753792071207e-16,2615.9860637905344,3.264250778831393e-05,0.7426175785769219
0.0010,454.40000000000003,0.0005871682240647741,0.0005871854678990847,0.00033407748914685736,0.9999061548933296,0.9999999924834909,-3.196502528047471e-16,2615.986042768534,3.265272835304865e-05,0.7426168993212848
0.0010,455.2,0.0008178684962816663,0.0008179076514366293,0.0002374520972636096,0.9999348571098627,0.999999992481189,-4.794753792071207e-16,2615.9860850778387,3.2663454351135595e-05,0.7426099205234024
0.0010,456.0,0.000960200460138724,0.0009602604393659674,0.00011517497518838702,0.9999651094036356,0.9999999924788682,-6.393005056094942e-16,2615.9861158272383,3.267029342087072e-05,0.7426068368905222
0.0010,456.8,0.000998802788974132,0.0009988653155139477,-1.954622102466487e-05,0.9999745175811546,0.9999999924765282,-7.991256320118678e-16,2615.986080435222,3.267841600195885e-05,0.7426092802673634
0.0010,457.6,0.0009295012852297426,0.0009295490401081761,-0.00015215991508476135,0.9999636333818206,0.9999999924741773,-7.991256320118678e-16,2615.986042100406,3.2690427242063085e-05,0.7426121252248585
0.0010,458.40000000000003,0.000759766127738226,0.0007597984781320989,-0.00026833404068713406,0.9999405058152909,0.9999999924718117,-4.794753792071207e-16,2615.986069638736,3.2699432831393834e-05,0.7426081185837434
0.0010,459.2,0.0005079293203497479,0.0005079557537495964,-0.00035551303125838516,0.9999048684138602,0.9999999924694215,-4.794753792071207e-16,2615.98611430341,3.270560773501449e-05,0.7425996603176238
0.0010,460.0,0.00020120798180975463,0.00020123260321101825,-0.0004042807449769694,0.9998778212853057,0.9999999924670165,-6.393005056094942e-16,2615.986096525707,3.271606333542564e-05,0.7425997493214265
0.0010,460.8,-0.00012724717965528637,-0.00012723210424207864,-0.00040936944882677124,0.9998748870703393,0.9999999924646047,-6.393005056094942e-16,2615.986048247055,3.272773832254748e-05,0.7426082501854957
0.0010,461.6,-0.0004419406749369235,-0.000441949799364184,-0.0003702274841522196,0.9998886964019069,0.9999999924621732,-4.794753792071207e-16,2615.9860556412023,3.273479328794213e-05,0.7426089232502785
0.0010,462.40000000000003,-0.0007088752068943136,-0.0007089170065760264,-0.0002910858372622868,0.9999202513123708,0.9999999924597205,-6.393005056094942e-16,2615.986105169843,3.2742471751087236e-05,0.7426004789259737
0.0010,463.2,-0.0008992268473683721,-0.0008992913767982921,-0.00018049661596828646,0.9999585580041218,0.9999999924572663,-4.794753792071207e-16,2615.9861084000727,3.275424708518355e-05,0.7426005717610338
0.0010,464.0,-0.000992438885394031,-0.0009925044837319132,-5.040372163127312e-05,0.9999776768084448,0.9999999924548052,-4.794753792071207e-16,2615.9860595880878,3.276393712230681e-05,0.7426121041790611
0.0010,464.8,-0.0009784270143255419,-0.000978482377751587,8.51385355861003e-05,0.9999756874668188,0.9999999924523244,-6.393005056094942e-16,2615.9860451430854,3.277078159910875e-05,0.7426171072426635
0.0010,465.6,-0.0008586897390107293,-0.0008587392530450183,0.00021148017042217935,0.9999548757407775,0.9999999924498425,-4.794753792071207e-16,2615.986090123116,3.278047555454275e-05,0.7426097698456674
0.0010,466.40000000000003,-0.0006461687531615988,-0.0006462153059725548,0.0003149693381299307,0.999915389922119,0.9999999924473697,-7.991256320118678e-16,2615.9861142401787,3.279141424549276e-05,0.7426067583496805
0.0010,467.2,-0.0003638382327883806,-0.00036387340181476654,0.00038442906476000177,0.999881817860044,0.9999999924448897,-6.393005056094942e-16,2615.986074197548,3.2799501270610634e-05,0.7426163542966603
0.0010,468.0,-4.220692332091908e-05,-4.221738788516929e-05,0.00041235512548327697,0.9998702667836972,0.9999999924424046,-7.991256320118678e-16,2615.986040568055,3.280771192322178e-05,0.7426228393539688
0.0010,468.8,0.0002839764491802884,0.0002840000440167633,0.0003957282515891772,0.9998774421433263,0.9999999924399365,-6.393005056094942e-16,2615.9860728960484,3.2817962594534505e-05,0.7426153342072234
0.0010,469.6,0.0005794793976087632,0.0005795332190478771,0.0003363466372189796,0.9999078665642539,0.9999999924374777,-4.794753792071207e-16,2615.986113463055,3.282701863645489e-05,0.7426080951081063
0.0010,470.40000000000003,0.0008123886353246617,0.0008124529730154704,0.00024062602146825404,0.9999485588543505,0.9999999924350155,-4.794753792071207e-16,2615.9860894683125,3.2835144935645774e-05,0.7426136654108542
0.0010,471.2,0.0009575368031848685,0.0009575930160202874,0.00011890422080345892,0.9999733906500318,0.9999999924325684,-7.991256320118678e-16,2615.9860431894185,3.284467375897339e-05,0.7426200776899873
0.0010,472.0,0.000999221279359572,0.000999269337035301,-1.5666275604617357e-05,0.9999798548320451,0.9999999924301456,-7.991256320118678e-16,2615.9860569489056,3.285370593344803e-05,0.7426148325451438
0.0010,472.8,0.000932931274987974,0.0009329799463603616,-0.000148540449420576,0.9999652142541563,0.9999999924277323,-7.991256320118678e-16,2615.986105823835,3.286155946770592e-05,0.7426071037803778
0.0010,473.6,0.0007658436236323288,0.0007658899683333745,-0.00026536351621386637,0.9999284079583294,0.9999999924253342,-9.589507584142415e-16,2615.986102199138,3.287085480893668e-05,0.7426089783344791
0.0010,474.40000000000003,0.0005160228923543948,0.0005160520374748413,-0.0003535184120449284,0.9998941226902894,0.9999999924229692,-6.393005056094942e-16,2615.986052394581,3.28802177614937e-05,0.7426159695189606
0.0010,475.2,0.0002104581729532613,0.0002104574904793996,-0.0004034793307451837,0.9998757747087784,0.9999999924206285,-7.991256320118678e-16,2615.9860448737636,3.2887342716705206e-05,0.7426172048197235
0.0010,476.0,-0.00011784507804629598,-0.00011787609185460462,-0.0004098460276464354,0.9998733577823042,0.999999992418306,-9.589507584142415e-16,2615.986092394392,3.289545347139555e-05,0.7426115934603404
0.0010,476.8,-0.0004334266057158989,-0.0004334742607370873,-0.0003719323497631505,0.9998960093024016,0.9999999924160153,-9.589507584142415e-16,2615.9861100773824,3.290557701477089e-05,0.7426092161876087
0.0010,477.6,-0.0007021936081820474,-0.0007022393589595108,-0.00029383377064432674,0.9999317530389007,0.99999999241376,-6.393005056094942e-16,2615.9860665253095,3.2913235205907304e-05,0.7426170324919711
0.0010,478.40000000000003,-0.000895094042180265,-0.0008951317202620632,-0.00018398551746213928,0.9999587066927396,0.9999999924115286,-7.991256320118678e-16,2615.986038937914,3.2919273194506745e-05,0.7426245406265872
0.0010,479.2,-0.0009912711621278584,-0.0009913091307894493,-5.42591316701486e-05,0.999974905411374,0.9999999924093247,-7.991256320118678e-16,2615.9860760823417,3.2928574502767394e-05,0.7426190773475602
0.0010,480.0,-0.0009803397985431615,-0.0009803824079602222,8.132547135442214e-05,0.999971781592698,0.9999999924071572,-7.991256320118678e-16,2615.986112076161,3.2938130241860884e-05,0.7426118366353334
0.0010,480.8,-0.0008634977474352401,-0.0008635342964511481,0.000208123158995806,0.9999449228259972,0.9999999924050205,-7.991256320118678e-16,2615.9860829892673,3.294368497619933e-05,0.742618947559771
0.0010,481.6,-0.0006533714269984194,-0.0006533876758396741,0.0003124381343689578,0.9999147580409942,0.9999999924029098,-7.991256320118678e-16,2615.9860403663174,3.295012649702558e-05,0.7426277552489984
0.0010,482.40000000000003,-0.00037265287659109323,-0.0003726455490425484,0.00038299671675827185,0.9998904239891933,0.9999999924008315,-7.991256320118678e-16,2615.986060289272,3.296026103418096e-05,0.7426207861771885
0.0010,483.2,-5.1662956491283225e-05,-5.164106838698837e-05,0.0004121734540591665,0.9998754967826592,0.9999999923987862,-6.393005056094942e-16,2615.9861077907085,3.296789911354647e-05,0.7426112591798546
0.0010,484.0,0.0002749205044625963,0.00027494287651452564,0.00039681804596058474,0.9998848538163326,0.9999999923967663,-6.393005056094942e-16,2615.9860983248127,3.2972291279750566e-05,0.7426154133020916
0.0010,484.8,0.0005718063442199041,0.0005718213300036526,0.000338588528344091,0.9999105808889259,0.9999999923947744,-7.991256320118678e-16,2615.9860487786736,3.2980068799406885e-05,0.7426213066866261
0.0010,485.6,0.000806902328711287,0.0008069172101289303,0.00024377472114722854,0.9999369750374996,0.9999999923928153,-6.393005056094942e-16,2615.9860479367853,3.298968524126672e-05,0.7426162820248258
0.0010,486.40000000000003,0.0009548010378116046,0.000954829665764019,0.00012262458786664138,0.9999631903284506,0.9999999923908818,-6.393005056094942e-16,2615.986097612126,3.299512478306968e-05,0.7426090361894336
0.0010,487.2,0.0009995378765356412,0.0009995803999172435,-1.1770935435253938e-05,0.9999742706642306,0.999999992388971,-9.589507584142415e-16,2615.9861092654855,3.299988101028774e-05,0.7426081861892564
0.0010,488.0,0.0009362943311249449,0.0009363350967191157,-0.00014489677606960625,0.9999610800801598,0.9999999923870881,-6.393005056094942e-16,2615.9860625587453,3.3008629253114045e-05,0.7426112295871299
0.0010,488.8,0.0007718971074976818,0.0007719241112075129,-0.00026237107500932927,0.9999380651559684,0.9999999923852285,-4.794753792071207e-16,2615.986041245015,3.301651409381691e-05,0.742613629692868
0.0010,489.6,0.0005240939152877013,0.000524109950891942,-0.00035149663766183487,0.9999089020187896,0.9999999923833858,-3.196502528047471e-16,2615.9860832314844,3.3020774500913685e-05,0.7426102195760454
0.0010,490.40000000000003,0.0002196552003009014,0.0002196691272871486,-0.0004026432068720632,0.9998815675237878,0.9999999923815588,-7.991256320118678e-16,2615.9861138701226,3.302683191988479e-05,0.7426031732372926
0.0010,491.2,-0.00010851978142982284,-0.00010850501679085768,-0.00041028740521813537,0.9998767368338868,0.9999999923797485,-7.991256320118678e-16,2615.9860794115375,3.3035366124085596e-05,0.7426060096079782
0.0010,492.0,-0.00042496363927379643,-0.0004249557083514779,-0.0003736022533912145,0.9998912047936759,0.9999999923779473,-7.991256320118678e-16,2615.986041555966,3.304143080319096e-05,0.7426166857406526
0.0010,492.8,-0.0006954780972185646,-0.0006954916309699875,-0.0002965508757889513,0.9999162677502081,0.9999999923761516,-7.991256320118678e-16,2615.9860675503664,3.304602503239622e-05,0.7426141699563968
0.0010,493.6,-0.000890841443398698,-0.0008908837201360108,-0.0001874616158299716,0.9999507684359407,0.9999999923743648,-6.393005056094942e-16,2615.986111749019,3.305315044875227e-05,0.7426021408398228
0.0010,494.40000000000003,-0.0009899644516388327,-0.0009900233295649524,-5.812002839404875e-05,0.9999741358930375,0.9999999923725832,-7.991256320118678e-16,2615.9860963387387,3.3060499641585774e-05,0.7426063509428439
0.0010,495.2,-0.0009821431125311005,-0.000982198249116994,7.750459050176525e-05,0.9999732841462298,0.9999999923707988,-7.991256320118678e-16,2615.9860486487787,3.306569826883289e-05,0.7426198227378905
0.0010,496.0,-0.0008682064122186471,-0.0008682509271480852,0.00020475777996752708,0.9999569710180031,0.9999999923690167,-6.393005056094942e-16,2615.986053619949,3.307152009270895e-05,0.7426153452660581
0.0010,496.8,-0.0006604530655376072,-0.0006604929750853127,0.00030988529314326,0.9999249052818541,0.9999999923672384,-4.794753792071207e-16,2615.9861033847224,3.307863758814378e-05,0.7426029688997761
0.0010,497.6,-0.00038133632300866416,-0.00038137376243866077,0.00038152972949223666,0.9998883467579683,0.9999999923654528,-6.393005056094942e-16,2615.9861096467243,3.3084718059080746e-05,0.7426072594485257
0.0010,498.40000000000003,-6.1022914183858116e-05,-6.105034991678547e-05,0.00041195365514245033,0.9998725666542059,0.999999992363659,-6.393005056094942e-16,2615.9860606781494,3.3090360739130784e-05,0.7426165412351352
0.0010,499.2,0.000265873029305134,0.0002658690644749026,0.00039786846706913863,0.9998775063447868,0.9999999923618614,-3.196502528047471e-16,2615.986044040403,3.309712662420528e-05,0.7426122959505079
0.0010,500.0,0.0005640316997946324,0.0005640624391281877,0.0003407959475213489,0.9999002965367181,0.9999999923600529,-3.196502528047471e-16,2615.9860900881326,3.310343318700082e-05,0.7426052093663379
0.0010,500.8,0.0008012536762141636,0.000801312933352991,0.00024690509353707816,0.999940139314603,0.9999999923582255,-4.794753792071207e-16,2615.986116181345,3.310910898667338e-05,0.742606009152571
0.0010,501.6,0.0009519232484391369,0.0009519884123586501,0.0001263372626473623,0.9999710114970152,0.999999992356383,-3.196502528047471e-16,2615.9860752448594,3.3115979646834964e-05,0.742608424744607
0.0010,502.40000000000003,0.0009997499421458393,0.0009998070731224752,-7.88473321666737e-06,0.9999791054508974,0.9999999923545256,-4.794753792071207e-16,2615.986040839667,3.312283031515944e-05,0.7426101106396834
0.0010,503.2,0.0009395476710036782,0.0009396003255468019,-0.00014125467940278707,0.9999689459419872,0.9999999923526447,-4.794753792071207e-16,2615.986074124406,3.312833696894222e-05,0.7426102282979297
0.0010,504.0,0.0007778242076893416,0.0007778753200372943,-0.0002593588734323267,0.9999364694021,0.9999999923507383,-4.794753792071207e-16,2615.986114538611,3.313478152018843e-05,0.7426043555397367
0.0010,504.8,0.0005320650728782635,0.0005321074821667837,-0.00034944072008963724,0.9998971916870292,0.9999999923488143,-4.794753792071207e-16,2615.9860900930285,3.314265356210947e-05,0.742602410976523
0.0010,505.6,0.00022882723071196567,0.0002288492757449477,-0.0004017698960558886,0.9998754571077948,0.9999999923468688,-1.5982512640237355e-16,2615.9860449417997,3.314888681970961e-05,0.7426131332199725
0.0010,506.40000000000003,-9.91270824038793e-05,-9.913505405064267e-05,-0.0004106901986464143,0.9998722204499705,0.999999992344893,0.0,2615.9860584161493,3.315429171804876e-05,0.7426170624812067
0.0010,507.2,-0.00041637166058679177,-0.00041640850751999093,-0.0003752380379408638,0.9998901017737712,0.9999999923428952,0.0,2615.9861054733797,3.316213358043297e-05,0.7426045114233205
0.0010,508.0,-0.0006886410181737208,-0.0006886924723693498,-0.0002992452288798623,0.9999277418127201,0.9999999923408797,-4.794753792071207e-16,2615.986103118717,3.317015762361438e-05,0.742602712691088
0.0010,508.8,-0.0008865173602476049,-0.00088656863044628,-0.0001909194253690624,0.9999608179131769,0.9999999923388379,-3.196502528047471e-16,2615.9860555652544,3.3175603787460005e-05,0.7426191013836092
0.0010,509.6,-0.000988608753577216,-0.0009886555358016897,-6.19630196372547e-05,0.9999765123982195,0.9999999923367698,-3.196502528047471e-16,2615.986045895227,3.318190232701873e-05,0.7426213444274207
0.0010,510.40000000000003,-0.0009838763209715894,-0.0009839226029321464,7.368638039814235e-05,0.9999750392867869,0.999999992334685,-1.5982512640237355e-16,2615.9860912732534,3.319083258854944e-05,0.7426067445320121
0.0010,511.2,-0.000872835885131927,-0.0008728839475136766,0.00020137061457042697,0.9999489957971951,0.9999999923325794,-3.196502528047471e-16,2615.9861119457073,3.319819792270201e-05,0.7426078305855787
0.0010,512.0,-0.000667495920428499,-0.0006675379080725779,0.000307299092702675,0.999911580398246,0.9999999923304469,-3.196502528047471e-16,2615.986070070001,3.32034594057213e-05,0.7426216645147302
0.0010,512.8,-0.00039004659860111834,-0.00039006872179872873,0.0003800287408086685,0.9998862523405119,0.9999999923282937,-4.794753792071207e-16,2615.986038883488,3.3211159896377915e-05,0.7426198558527405
0.0010,513.6,-7.045858395204646e-05,-7.045419595948292e-05,0.00041169816589321746,0.9998740008454233,0.9999999923261259,-3.196502528047471e-16,2615.9860749155027,3.32203904278104e-05,0.7426108241288353
0.0010,514.4,0.0002567478820545066,0.0002567726710380036,0.00039888597079117415,0.9998820316923202,0.9999999923239361,-3.196502528047471e-16,2615.9861143374937,3.322684194737436e-05,0.7426139473826028
0.0010,515.2,0.0005562257276735442,0.0005562576631794183,0.000342977638008449,0.9999129678533794,0.999999992321723,-1.5982512640237355e-16,2615.986085109434,3.323280868185886e-05,0.7426176367616706
0.0010,516.0,0.000795611044688132,0.0007956428792251903,0.0002500103606303597,0.9999427955646839,0.9999999923194957,-1.5982512640237355e-16,2615.986039030463,3.3241727678181806e-05,0.7426146318861574
0.0010,516.8,0.0009490228003578486,0.0009490621354918719,0.00013002958814714021,0.9999643391943093,0.9999999923172566,-1.5982512640237355e-16,2615.986059555348,3.325037789840824e-05,0.7426168074319531
0.0010,517.6,0.0009998848627588805,0.0009999407043763775,-3.995800437878875e-06,0.9999751325540898,0.9999999923149977,-4.794753792071207e-16,2615.9861092039905,3.3256411689025747e-05,0.7426182145808305
0.0010,518.4,0.0009427218429543018,0.0009427847177558867,-0.00013758739246861945,0.9999607390440973,0.999999992312725,-3.196502528047471e-16,2615.986097891787,3.3263566876094056e-05,0.7426100382049694
0.0010,519.2,0.0007837198972520592,0.0007837684797172898,-0.0002563174745098719,0.999933365874957,0.9999999923104484,-3.196502528047471e-16,2615.986046882744,3.32729469325877e-05,0.7426110291875799
0.0010,520.0,0.0005400473216353656,0.0005400698462338094,-0.0003473558613222534,0.9999070142448548,0.9999999923081644,-1.5982512640237355e-16,2615.9860478395076,3.328062306169368e-05,0.7426232568279747
0.0010,520.8,0.0002380194015761452,0.00023801932088137595,-0.0004008626682291571,0.9998824206907285,0.9999999923058708,0.0,2615.986097176914,3.328690837422986e-05,0.7426187972398699
0.0010,521.6,-8.973428058822936e-05,-8.97473607711434e-05,-0.00041105863277108396,0.9998762038721322,0.9999999923035776,-1.5982512640237355e-16,2615.9861066480717,3.329518258356844e-05,0.7426041942079762
0.0010,522.4,-0.00040779644709627996,-0.0004078174974907061,-0.00037684275603093703,0.9998933426964886,0.9999999923012897,-1.5982512640237355e-16,2615.9860613551036,3.3304004286127177e-05,0.742612511795614
0.0010,523.2,-0.0006817917424188242,-0.0006818251768248137,-0.00030191002957058737,0.9999192295507081,0.9999999922990012,-3.196502528047471e-16,2615.9860415676594,3.33109627751014e-05,0.7426273171665477
0.0010,524.0,-0.0008821130538362289,-0.0008821649508419806,-0.00019435832375448822,0.9999490107463176,0.9999999922967171,-1.5982512640237355e-16,2615.9860807241,3.3318032114876915e-05,0.742615064949483
0.0010,524.8,-0.0009871281707535303,-0.0009871930345079552,-6.581048176964806e-05,0.9999724648143232,0.9999999922944476,-1.5982512640237355e-16,2615.9861103870758,3.332660709076402e-05,0.7426021661715876
0.0010,525.6,-0.0009855034560150868,-0.0009855634467914119,6.984760310602786e-05,0.9999724077048407,0.9999999922921895,0.0,2615.9860794120596,3.3334440337669386e-05,0.742617019327213
0.0010,526.4,-0.0008774118036772196,-0.0008774506526912291,0.00019796255347870353,0.9999536928136175,0.9999999922899411,0.0,2615.9860414259456,3.334122118841473e-05,0.7426264907110348
0.0010,527.2,-0.0006745183626910081,-0.0006745334041469968,0.0003046898558337174,0.9999269380657472,0.9999999922877103,-3.196502528047471e-16,2615.986063455163,3.3349040237863546e-05,0.74261007545583
0.0010,528.0,-0.0003987368739421321,-0.00039873649095151285,0.00037849495562296086,0.9998943929347791,0.9999999922855015,-1.5982512640237355e-16,2615.98610859628,3.335709474575483e-05,0.742603617038755
0.0010,528.8,-7.986704342891697e-05,-7.985939599429045e-05,0.0004114056922923804,0.999874648352788,0.9999999922833117,-1.5982512640237355e-16,2615.986096795097,3.3363957775458884e-05,0.7426180615346378
0.0010,529.6,0.0002476315733697626,0.00024764570310619014,0.0003998673841561482,0.9998796287531764,0.9999999922811418,-1.5982512640237355e-16,2615.9860472081286,3.337115072734706e-05,0.7426197046651378
0.0010,530.4,0.0005483670414413976,0.0005483936968763464,0.00034512471102554377,0.9998981587170698,0.999999992278998,-3.196502528047471e-16,2615.986049158617,3.3379147930401876e-05,0.7426082334308901
0.0010,531.2,0.000789846634373057,0.0007898903279343856,0.00025309480448677563,0.9999307449773311,0.9999999922768822,-3.196502528047471e-16,2615.9861013188615,3.338609058317604e-05,0.7426093001092456
0.0010,532.0,0.0009459935680277831,0.0009460458012324512,0.00013372307833421786,0.9999662666416658,0.9999999922747902,-3.196502528047471e-16,2615.986109643357,3.339253799246228e-05,0.7426140336077056
0.0010,532.8,0.0009999463586897314,0.0009999892767991697,-9.896997176055014e-08,0.999978611208702,0.9999999922727258,-3.196502528047471e-16,2615.9860582795986,3.340024938380706e-05,0.7426093413332758
0.0010,533.6,0.0009458628396362963,0.0009458889713031815,-0.00013391487953200355,0.9999708726231198,0.9999999922706941,-3.196502528047471e-16,2615.9860409099674,3.3407633649373464e-05,0.7426095593431198
0.0010,534.4,0.0007895706457089703,0.0007895889680862519,-0.00025325990244066206,0.999945460688019,0.9999999922686913,-1.5982512640237355e-16,2615.986089273129,3.341346034330563e-05,0.7426152750716973
0.0010,535.2,0.0005479597591546876,0.0005479795281922696,-0.0003452382641082079,0.9999042284567266,0.9999999922667155,-1.5982512640237355e-16,2615.98611532331,3.342007969798102e-05,0.7426091361597347
0.0010,536.0,0.00024714708948753476,0.0002471658322148252,-0.0003999171939201247,0.9998760202626045,0.9999999922647733,-3.196502528047471e-16,2615.9860731916433,3.342792482404641e-05,0.7426034866234975
0.0010,536.8,-8.035954357130554e-05,-8.03524971927458e-05,-0.000411388620509757,0.9998711979822316,0.9999999922628653,-3.196502528047471e-16,2615.986040204294,3.343414982381149e-05,0.7426142338025287
0.0010,537.6,-0.0003991753939508402,-0.0003991890818988628,-0.0003784115297157505,0.9998848724030966,0.9999999922609851,-3.196502528047471e-16,2615.9860742744518,3.3439301540645104e-05,0.74261682641554
0.0010,538.4,-0.0006748641088887515,-0.0006748959983500302,-0.00030455110261380137,0.999920031716459,0.9999999922591374,-1.5982512640237355e-16,2615.986113251369,3.3446405368186336e-05,0.7426022345605919
0.0010,539.2,-0.0008776495891571504,-0.0008776861267810666,-0.0001977863817048979,0.9999577382535478,0.9999999922573274,-1.5982512640237355e-16,2615.9860895709644,3.3453739191033876e-05,0.7426034196558758
0.0010,540.0,-0.0009856158455733837,-0.0009856480737840771,-6.964895040286304e-05,0.9999765642051187,0.9999999922555488,-3.196502528047471e-16,2615.986046598388,3.345865677840302e-05,0.7426211987487098
0.0010,540.8,-0.0009870815515986495,-0.0009871150363397376,6.601485666188202e-05,0.9999766163061053,0.9999999922538025,-3.196502528047471e-16,2615.98605888182,3.346382364694062e-05,0.7426173047121206
0.0010,541.6,-0.0008818857403587613,-0.0008819293733959872,0.00019454325670972486,0.9999555927869512,0.9999999922520949,-1.5982512640237355e-16,2615.9861042952193,3.347114662619848e-05,0.7425983082221039
0.0010,542.4,-0.0006814074800622188,-0.0006814579826373363,0.00030205077992858596,0.9999176212199683,0.999999992250422,-3.196502528047471e-16,2615.9861041542363,3.347741496549187e-05,0.7426041418876951
0.0010,543.2,-0.00040731807314995446,-0.0004073603941808301,0.0003769253152057484,0.9998860048828085,0.9999999922487831,-1.5982512640237355e-16,2615.9860582338665,3.348139465303156e-05,0.7426219545473647
0.0010,544.0,-8.923025088235392e-05,-8.924977814968335e-05,0.00041107638800314824,0.9998728211760746,0.9999999922471817,0.0,2615.986046318321,3.348682580091948e-05,0.7426149149379062
0.0010,544.8,0.0002384962558324887,0.00023850394767935124,0.0004008126142276608,0.9998778173703181,0.9999999922456166,0.0,2615.986090628407,3.3494026755217773e-05,0.7426005807577567
0.0010,545.6,0.0005404616723706545,0.0005404891158014604,0.00034724461401966316,0.9999064831896556,0.9999999922440849,0.0,2615.986113535951,3.3498843509785346e-05,0.742608132855787
0.0010,546.4,0.0007840438000259077,0.0007840790408344598,0.0002561592963150948,0.9999444538287313,0.9999999922425847,-4.794753792071207e-16,2615.9860724311006,3.350236472971557e-05,0.7426177858308136
0.0010,547.2,0.0009429142422417623,0.0009429539745110413,0.00013739414916334142,0.9999679996642267,0.9999999922411184,-1.5982512640237355e-16,2615.9860394309967,3.350837755974528e-05,0.7426112895590116
0.0010,548.0,0.0009998946810717935,0.0009999462937787037,3.7838325086051833e-06,0.9999766311744873,0.9999999922396832,-1.5982512640237355e-16,2615.986074917327,3.351460258398089e-05,0.7426060738707767
0.0010,548.8000000000001,0.00094883484186287,0.0009489003284373557,-0.00013023061628534424,0.9999643431314935,0.9999999922382729,-3.196502528047471e-16,2615.9861156070783,3.35182710773879e-05,0.742609711111902
0.0010,549.6,0.0007952689477804297,0.0007953341226209599,-0.00025017353206686975,0.9999306418849504,0.9999999922368858,0.0,2615.9860869595514,3.352209964089665e-05,0.7426106207658647
0.0010,550.4,0.0005557925468532883,0.0005558378970177333,-0.00034309062205681805,0.9999011468102081,0.9999999922355227,-3.196502528047471e-16,2615.986040225138,3.3528100565926675e-05,0.7426103159285332
0.0010,551.2,0.0002562697267611515,0.0002562856041859803,-0.00039893944294162274,0.9998825537043284,0.9999999922341786,0.0,2615.986059858657,3.3533355481891664e-05,0.7426145442479402
0.0010,552.0,-7.094681943594862e-05,-7.095721256396235e-05,-0.0004116839698548116,0.9998765219931592,0.9999999922328466,-3.196502528047471e-16,2615.986109543022,3.353644006768953e-05,0.7426125857365212
0.0010,552.8000000000001,-0.0003905076577692731,-0.00039053383868901937,-0.00037994944538938795,0.999895591043724,0.9999999922315284,0.0,2615.9860994970495,3.354073555066543e-05,0.7426058802960032
0.0010,553.6,-0.0006678820896290767,-0.0006679162300157822,-0.0003071626683391539,0.9999247579429142,0.9999999922302231,1.5982512640237355e-16,2615.9860488033187,3.354666580364865e-05,0.7426123368431392
0.0010,554.4,-0.0008730888133758737,-0.0008731331951802999,-0.00020118665287774718,0.9999494950535489,0.9999999922289227,0.0,2615.9860480471975,3.355083597058693e-05,0.7426203168767922
0.0010,555.2,-0.0009839526342636622,-0.0009840123204712475,-7.347632196764325e-05,0.9999701446740291,0.999999992227625,0.0,2615.9860969152,3.355406113098773e-05,0.742610600451588
0.0010,556.0,-0.000988508775112309,-0.0009885768404491694,6.2169283445754e-05,0.9999712047085155,0.9999999922263351,0.0,2615.9861083429123,3.355898589567578e-05,0.7426042126844282
0.0010,556.8000000000001,-0.000886276209125859,-0.0008863340826609191,0.00019110020230209075,0.9999503604092843,0.9999999922250472,0.0,2615.986063255729,3.356422631844693e-05,0.7426181343541972
0.0010,557.6,-0.000688294486373449,-0.00068832798855363,0.00029938705281896315,0.9999241915588214,0.9999999922237548,0.0,2615.9860412041294,3.356799696820365e-05,0.7426263039722739
0.0010,558.4,-0.0004159420436923025,-0.00041595110922156003,0.0003753258379817754,0.9998962014364462,0.9999999922224637,0.0,2615.9860802311764,3.357171684947063e-05,0.7426128980864567
0.0010,559.2,-9.864027412439697e-05,-9.863346282284319e-05,0.00041071166408464927,0.9998765169962406,0.9999999922211743,-3.196502528047471e-16,2615.986111712487,3.357677549366962e-05,0.7426053141641787
0.0010,560.0,0.00022932485581192197,0.00022934065563981715,0.00040172340720698356,0.9998813436061567,0.9999999922198791,-3.196502528047471e-16,2615.986080198067,3.358154596927527e-05,0.7426176167268411
0.0010,560.8000000000001,0.000532510236882806,0.0005325359262031234,0.0003493308041707327,0.9999024924554476,0.9999999922185776,-3.196502528047471e-16,2615.986040576321,3.358512012447575e-05,0.7426231374202797
0.0010,561.6,0.0007781510946656479,0.0007781930714389418,0.0002591943486638099,0.9999301280806747,0.9999999922172736,-3.196502528047471e-16,2615.986063099317,3.358946016681763e-05,0.7426128881819428
0.0010,562.4,0.0009397129588995841,0.0009397711203723033,0.00014105637883099636,0.9999613250521333,0.9999999922159646,-6.393005056094942e-16,2615.98610873509,3.359450565470052e-05,0.7426100972424377
0.0010,563.2,0.0009997556370387518,0.0009998150645875994,7.680222546864e-06,0.9999764004999377,0.9999999922146457,-4.794753792071207e-16,2615.9860959208777,3.359857776636508e-05,0.7426181923063916
0.0010,564.0,0.000951794148184903,0.0009518369640993083,-0.00012652908744245042,0.9999674029685145,0.9999999922133168,-1.5982512640237355e-16,2615.986046394772,3.360264474929039e-05,0.7426203183704241
0.0010,564.8000000000001,0.0008009942427788495,0.0008010175609228935,-0.0002470703162369751,0.9999459273695307,0.99999999221198,-3.196502528047471e-16,2615.9860488732206,3.360747073209336e-05,0.742615190136879
0.0010,565.6,0.0005636385535188892,0.0005636520517164942,-0.000340914643903816,0.9999124638260233,0.9999999922106305,-1.5982512640237355e-16,2615.9860995605036,3.361192343419416e-05,0.7426112611342962
0.0010,566.4,0.0002653781070008543,0.0002653883801292176,-0.0003979237519914081,0.9998803845002485,0.9999999922092622,-6.393005056094942e-16,2615.9861073063985,3.361608180344533e-05,0.7426104735226903
0.0010,567.2,-6.155207866775803e-05,-6.154808485699131e-05,-0.0004119409694968305,0.9998722387863346,0.9999999922078807,-3.196502528047471e-16,2615.986057961539,3.3620776503975153e-05,0.7426134690306576
0.0010,568.0,-0.0003818226086008871,-0.0003818344333272482,-0.0003814501722838843,0.9998836322313835,0.9999999922064831,-4.794753792071207e-16,2615.9860401954434,3.362557004422769e-05,0.7426173209265905
0.0010,568.8000000000001,-0.0006608297845604918,-0.0006608652841884789,-0.0003097462504229056,0.9999111417068804,0.9999999922050623,-6.393005056094942e-16,2615.9860855465854,3.36298610158991e-05,0.7426136174562316
0.0010,569.6,-0.0008684403842290776,-0.0008684945627996922,-0.0002045792024322194,0.9999510285254397,0.9999999922036183,-4.794753792071207e-16,2615.9861125602542,3.3634380691473696e-05,0.7426068502166543
0.0010,570.4,-0.0009822351100825387,-0.0009822907747675815,-7.730837145211466e-05,0.9999767402599006,0.999999992202153,-3.196502528047471e-16,2615.986073611496,3.363962963842817e-05,0.7426108414196702
0.0010,571.2,-0.0009899121945013392,-0.0009899567287419658,5.831939175278047e-05,0.9999785285370423,0.9999999922006636,-3.196502528047471e-16,2615.986038766459,3.364441595361306e-05,0.7426188599317812
0.0010,572.0,-0.0008906270471308512,-0.0008906619618346129,0.00018764625282506993,0.9999622336798286,0.9999999921991443,-4.794753792071207e-16,2615.986069677822,3.3648652364236416e-05,0.7426136218090267
0.0010,572.8000000000001,-0.0006951055407201734,-0.00069513653769304,0.00029669541027780455,0.9999257715388689,0.9999999921975963,-7.991256320118678e-16,2615.986111147741,3.365393968322374e-05,0.7426034088427259
0.0010,573.6,-0.0004244825273369192,-0.00042450766177475443,0.0003736881969901744,0.9998875949097505,0.9999999921960239,-4.794753792071207e-16,2615.986090184922,3.365963682669036e-05,0.7426083461812869
0.0010,574.4,-0.00010800398553593508,-0.00010801403663531453,0.0004103082492560808,0.9998708310560762,0.9999999921944216,-3.196502528047471e-16,2615.986044332095,3.366417354505889e-05,0.74261945888885
0.0010,575.2,0.0002201365090047791,0.00022014992798255313,0.00040259685175456214,0.9998739294500016,0.9999999921927857,-6.393005056094942e-16,2615.986054770654,3.3668911085457244e-05,0.74261466877687
0.0010,576.0,0.0005244921291878965,0.0005245279636141501,0.0003513878481067608,0.9998984001930945,0.999999992191123,-4.794753792071207e-16,2615.9861034449987,3.3675028579479554e-05,0.7426040615712499
0.0010,576.8000000000001,0.0007721897947093317,0.0007722351471343392,0.00026221552581960275,0.9999393812326363,0.9999999921894337,-3.196502528047471e-16,2615.9861045479865,3.368073316834555e-05,0.7426089606744031
0.0010,577.6,0.0009364680114723643,0.0009365085959853705,0.00014471068295251758,0.9999696683709698,0.9999999921877134,-3.196502528047471e-16,2615.9860559577414,3.368532101143816e-05,0.7426183590177041
0.0010,578.4,0.0009995621030932222,0.0009995969882567101,1.1567307236518234e-05,0.9999795383295376,0.9999999921859644,-3.196502528047471e-16,2615.986044220951,3.369079706993748e-05,0.7426153364008903
0.0010,579.2,0.000954644146358846,0.0009546831884647753,-0.00012282389566592515,0.9999706412648244,0.9999999921841916,-6.393005056094942e-16,2615.9860911295627,3.369743373156818e-05,0.7426088130949396
0.0010,580.0,0.0008065774835047474,0.000806622759083033,-0.00024394096163149687,0.9999377816647979,0.9999999921823953,-4.794753792071207e-16,2615.986113415963,3.3703061876881764e-05,0.7426096494771518
0.0010,580.8000000000001,0.0005713747550015831,0.0005714138141553111,-0.0003387030680513514,0.9999000574894223,0.9999999921805721,-4.794753792071207e-16,2615.986071012979,3.370784508090336e-05,0.7426145001990518
0.0010,581.6,0.00027444880259862384,0.00027446717439317685,-0.00039687286986369897,0.9998789138683558,0.9999999921787273,-7.991256320118678e-16,2615.986039774707,3.371407674986338e-05,0.7426162538975897
0.0010,582.4,-5.212747672255395e-05,-5.213458362461724e-05,-0.00041216239378382325,0.9998731941076258,0.9999999921768674,-3.196502528047471e-16,2615.986075859745,3.372101199844303e-05,0.7426116559336519
0.0010,583.2,-0.0003730775706734385,-0.0003731037345480153,-0.0003829206039677259,0.9998899268851896,0.9999999921749877,-3.196502528047471e-16,2615.98611470339,3.37263531548064e-05,0.7426067764951026
0.0010,584.0,-0.0006537296818237776,-0.0006537623230019284,-0.00031230744296430196,0.9999252125006254,0.9999999921730887,-3.196502528047471e-16,2615.986086923999,3.373152573125445e-05,0.7426097351099945
0.0010,584.8000000000001,-0.0008637541930323365,-0.0008637862354953426,-0.00020794874643018533,0.999954139008381,0.9999999921711775,-6.393005056094942e-16,2615.986042505149,3.373851538084616e-05,0.7426162097393645
0.0010,585.6,-0.0009804439926163727,-0.0009804815000383162,-8.112100987747214e-05,0.9999711266361271,0.9999999921692554,-7.991256320118678e-16,2615.986060681113,3.374524000317848e-05,0.7426155160861363
0.0010,586.4,-0.0009911907177273754,-0.0009912409710679348,5.446759644904624e-05,0.9999728192679681,0.9999999921673206,-6.393005056094942e-16,2615.9861085658613,3.375034395919775e-05,0.7426078748160834
0.0010,587.2,-0.0008948494308078137,-0.0008949050753463974,0.00018416927082623026,0.9999500965360913,0.9999999921653755,-6.393005056094942e-16,2615.9861009156584,3.3756243498517824e-05,0.7426067468548214
0.0010,588.0,-0.0007018375189736044,-0.0007018816552962709,0.00029397573259511595,0.999919311631481,0.9999999921634242,-4.794753792071207e-16,2615.9860517606585,3.3763497872832474e-05,0.7426158110264918
0.0010,588.8000000000001,-0.0004330012982407139,-0.00043302328592217547,0.00037202164343598775,0.9998951762429242,0.9999999921614668,-3.196502528047471e-16,2615.9860481923465,3.3769749921862715e-05,0.7426165944299146
0.0010,589.6,-0.00011737712605750833,-0.00011737860990450742,0.00040987143417898174,0.9998785690814088,0.9999999921595013,-1.5982512640237355e-16,2615.986095913004,3.377505487280394e-05,0.7426041845953815
0.0010,590.4,0.00021093843941820428,0.0002109481008282786,0.0004034371143463399,0.9998825640394822,0.9999999921575307,-4.794753792071207e-16,2615.9861101479796,3.378147723859798e-05,0.7426018276082882
0.0010,591.2,0.00051646950336017,0.0005164835539095779,0.0003534141292213362,0.9999069489941533,0.99999999215556,-3.196502528047471e-16,2615.9860655958228,3.3788619514832584e-05,0.7426132946319461
0.0010,592.0,0.0007661922228841754,0.0007662157145511096,0.0002652048701169005,0.9999334061484506,0.9999999921535851,-3.196502528047471e-16,2615.9860408846052,3.379461565192691e-05,0.7426155389539912
0.0010,592.8000000000001,0.0009331168984596335,0.0009331614393198713,0.00014834210058655393,0.9999582527652369,0.9999999921516053,-4.794753792071207e-16,2615.986079818361,3.380012897177271e-05,0.7426069279795782
0.0010,593.6,0.0009992195520775733,0.000999285185852414,1.545567658967108e-05,0.9999730571652047,0.9999999921496273,-3.196502528047471e-16,2615.986113455685,3.3806924104211794e-05,0.7426057539782379
0.0010,594.4,0.0009573755217422492,0.0009574447769509929,-0.00011910036944141395,0.9999635363094423,0.9999999921476506,-3.196502528047471e-16,2615.9860817030503,3.381389016194171e-05,0.7426134575275273
0.0010,595.2,0.0008121049193264795,0.0008121589588362093,-0.00024079226107209884,0.9999406675499757,0.9999999921456718,-4.794753792071207e-16,2615.9860406036523,3.381953943633293e-05,0.7426169973492246
0.0010,596.0,0.0005790897432148313,0.0005791227536567735,-0.00033646867196475964,0.9999142321636626,0.9999999921436951,-4.794753792071207e-16,2615.9860634246456,3.3825473810746445e-05,0.7426114884506247
0.0010,596.8000000000001,0.000283500034883671,0.0002835153761120629,-0.0003957893386404457,0.9998862009016208,0.999999992141724,-4.794753792071207e-16,2615.9861096426107,3.3832515889406434e-05,0.7426057745331243
0.0010,597.6,-4.2723776619028835e-05,-4.27235158235871e-05,-0.0004123474403697076,0.999876055116925,0.9999999921397571,-4.794753792071207e-16,2615.9860965124058,3.383890142550317e-05,0.7426088142577317
0.0010,598.4,-0.00036432911314465905,-0.00036434630123076926,-0.00038435425671886557,0.999888611328413,0.9999999921377951,-4.794753792071207e-16,2615.9860470807726,3.384457960749386e-05,0.742614970119639
0.0010,599.2,-0.0006465629375735165,-0.0006466030346917275,-0.000314832619031375,0.9999112248185268,0.9999999921358418,-4.794753792071207e-16,2615.986049540003,3.385097160330955e-05,0.7426141715283003
0.0010,600.0,-0.0008589345756368225,-0.0008589974788418231,-0.00021129696925356413,0.9999438016505874,0.9999999921339002,-4.794753792071207e-16,2615.9860994670403,3.385765828642937e-05,0.7426094861985122
0.0010,600.8000000000001,-0.000978512640020148,-0.0009785841907876376,-8.493523334092373e-05,0.9999719846558229,0.9999999921319694,-4.794753792071207e-16,2615.9861076131065,3.386370018449209e-05,0.742610336673896
0.0010,601.6,-0.0009923843496092847,-0.0009924432527849475,5.0605332782085506e-05,0.9999756731725796,0.9999999921300522,-7.991256320118678e-16,2615.9860595484074,3.386955584136803e-05,0.742617376186496
0.0010,602.4,-0.0008990386909564592,-0.0008990742729776509,0.00018068215340569547,0.9999614765261082,0.9999999921281537,-4.794753792071207e-16,2615.9860410855126,3.387590513531215e-05,0.742621217766531
0.0010,603.2,-0.000708546392221888,-0.0007085641346907747,0.000291235828025654,0.9999327504632597,0.9999999921262737,-4.794753792071207e-16,2615.98608485361,3.388225889836716e-05,0.7426153642468662
0.0010,604.0,-0.0004414889279628538,-0.0004414985724619893,0.0003703204989480927,0.9998943863513376,0.999999992124414,-4.794753792071207e-16,2615.986112706384,3.388795163176768e-05,0.7426093316202961
0.0010,604.8000000000001,-0.000126729657084583,-0.00012673307607025553,0.0004093952865946144,0.9998723279988683,0.999999992122579,-3.196502528047471e-16,2615.9860751946644,3.3893756117602505e-05,0.7426145273256205
0.0010,605.6,0.00020171511623392132,0.000201724901571627,0.00040423814609103837,0.9998740276638464,0.9999999921207693,-6.393005056094942e-16,2615.9860390019394,3.390008317449214e-05,0.7426208786651595
0.0010,606.4,0.0005083560913869131,0.0005083873447744247,0.00035540507914173813,0.9998930316791986,0.9999999921189877,-4.794753792071207e-16,2615.986068240593,3.390575366523811e-05,0.7426146776257482
0.0010,607.2,0.0007600708317451435,0.00076012183603827,0.0002681748582029186,0.9999306834592788,0.9999999921172357,-6.393005056094942e-16,2615.98611082711,3.391102162788068e-05,0.7426068004899116
0.0010,608.0,0.0009296775038340811,0.0009297319446359496,0.00015197145307478788,0.9999672616336336,0.999999992115514,-6.393005056094942e-16,2615.98609101786,3.39170478077887e-05,0.7426122478962747
0.0010,608.8000000000001,0.0009988504994911409,0.0009988914828505063,1.934503037021856e-05,0.9999808646875189,0.999999992113826,-7.991256320118678e-16,2615.986043929669,3.392276500821714e-05,0.7426211234392073
0.0010,609.6,0.0009600978938386824,0.000960125351412907,-0.00011537364967894574,0.9999745511865473,0.9999999921121727,-6.393005056094942e-16,2615.9860532676216,3.3927588261230325e-05,0.7426179507883782
0.0010,610.4,0.0008175981905113951,0.0008176226132770774,-0.00023762362320624904,0.9999469887186516,0.9999999921105514,-4.794753792071207e-16,2615.986102456082,3.3932972375619476e-05,0.742609784009191
0.0010,611.2,0.0005867586984872918,0.0005867824758128811,-0.0003341978346716131,0.9999051305266793,0.9999999921089652,-6.393005056094942e-16,2615.9861039135053,3.3938705381740776e-05,0.7426114524550823
0.0010,612.0,0.0002925307970195111,0.00029254551661300553,-0.00039466616189737084,0.9998767460009647,0.9999999921074166,-6.393005056094942e-16,2615.9860548744355,3.394348281440278e-05,0.7426187512348088
0.0010,612.8000000000001,-3.329584064035802e-05,-3.3299290101989774e-05,-0.0004124941052757726,0.9998697043399614,0.9999999921059011,-6.393005056094942e-16,2615.9860425564643,3.394803011704988e-05,0.7426175701108332
0.0010,613.6,-0.00035552323174413663,-0.0003555463502022461,-0.0003857543007771399,0.9998823665148175,0.9999999921044199,-7.991256320118678e-16,2615.9860889613674,3.395329754557515e-05,0.7426089841627264
0.0010,614.4,-0.0006393463158698923,-0.0006393794424707419,-0.0003173378755286643,0.9999181612649631,0.9999999921029757,-6.393005056094942e-16,2615.9861114359123,3.395841233241619e-05,0.7426062208222336
0.0010,615.2,-0.0008541036497099522,-0.000854133183821374,-0.00021463488643519386,0.9999559238559534,0.9999999921015628,-9.589507584142415e-16,2615.9860698798916,3.396259798300957e-05,0.7426123776010906
0.0010,616.0,-0.0009765791972851118,-0.0009766029865698968,-8.873837271879385e-05,0.9999754156773171,0.9999999921001823,-7.991256320118678e-16,2615.986038428265,3.3966854864416824e-05,0.7426161137101052
0.0010,616.8000000000001,-0.0009935258091716749,-0.0009935549013866175,4.674568112325099e-05,0.9999778669045973,0.9999999920988363,-7.991256320118678e-16,2615.9860732429406,3.3971945338074094e-05,0.7426105176533622
0.0010,617.6,-0.0009031172981661172,-0.0009031595021261077,0.00017717501104340885,0.999957040536804,0.9999999920975212,-6.393005056094942e-16,2615.9861122881557,3.397654873502741e-05,0.7426053637539689
0.0010,618.4,-0.0007151369727031469,-0.0007151856488644933,0.0002884613579305973,0.9999193632053175,0.9999999920962347,-6.393005056094942e-16,2615.986086149205,3.398009296847791e-05,0.742610773028528
0.0010,619.2,-0.00044990101615184993,-0.0004499412200535891,0.00036858431616643367,0.9998902385069072,0.9999999920949779,-6.393005056094942e-16,2615.9860416141673,3.398430346674628e-05,0.7426178482538579
0.0010,620.0,-0.00013606214417589307,-0.00013608265744844924,0.0004088843484394798,0.999875423360178,0.999999992093751,-6.393005056094942e-16,2615.9860579518368,3.398927527748632e-05,0.7426141202498094
0.0010,620.8000000000001,0.00019247870707628773,0.00019247907650500774,0.00040500629046067365,0.9998780743481479,0.9999999920925512,-7.991256320118678e-16,2615.9861060290086,3.399315281590771e-05,0.7426067849723449
0.0010,621.6,0.0005002305234444543,0.000500245165891993,0.00035737086724814735,0.9999051838177618,0.9999999920913769,-6.393005056094942e-16,2615.986100527812,3.3996407340937935e-05,0.742608787938539
0.0010,622.4,0.0007539396195364641,0.0007539636507204683,0.00027112263368909257,0.9999381078289267,0.9999999920902302,-9.589507584142415e-16,2615.9860514093416,3.400073042058174e-05,0.7426157593447055
0.0010,623.2,0.0009261817667213775,0.0009262199690153758,0.00015557872381658256,0.9999612989836204,0.9999999920891117,-6.393005056094942e-16,2615.9860460687923,3.4005317343233706e-05,0.7426154428555527
0.0010,624.0,0.0009983425993024364,0.0009984024527415754,2.3227534327335503e-05,0.9999743422770058,0.9999999920880166,-1.5982512640237355e-16,2615.986094246195,3.400869124965081e-05,0.7426082638932687
0.0010,624.8000000000001,0.0009626400133335626,0.0009627150890296749,-0.00011162956076447892,0.9999653105705171,0.9999999920869465,-4.794753792071207e-16,2615.986110539924,3.40118234828048e-05,0.7426062848876281
0.0010,625.6,0.0008229462278172337,0.0008230146617468243,-0.00023442744638692552,0.9999372172633574,0.9999999920859052,-4.794753792071207e-16,2615.9860660072673,3.401616113540904e-05,0.7426138941292414
0.0010,626.4,0.0005943495987295469,0.0005943923824370147,-0.00033190019677374437,0.9999102570568158,0.9999999920848869,-6.393005056094942e-16,2615.986039998291,3.402046069697005e-05,0.7426185146065748
0.0010,627.2,0.00030153440043900076,0.0003015484183219881,-0.0003935123855449612,0.9998873927843395,0.9999999920838933,-4.794753792071207e-16,2615.9860791263577,3.402327979269063e-05,0.742611699586233
0.0010,628.0,-2.386927353409851e-05,-2.387606519110184e-05,-0.0004126068441445838,0.9998769458837609,0.9999999920829299,-3.196502528047471e-16,2615.9861138662454,3.40264031823863e-05,0.7426066123192205
0.0010,628.8000000000001,-0.00034670197671762045,-0.00034672096258940203,-0.00038712241017817864,0.9998912326190668,0.9999999920819909,-6.393005056094942e-16,2615.986082301062,3.4030938877026415e-05,0.7426135880444873
0.0010,629.6,-0.000632075012697694,-0.0006321048417356947,-0.0003198105138847752,0.9999161819421469,0.9999999920810763,-4.794753792071207e-16,2615.9860407007627,3.40345878543559e-05,0.7426196142658001
0.0010,630.4,-0.0008491447260251628,-0.0008491923471746103,-0.0002179439304934349,0.9999422862288355,0.9999999920801902,-3.196502528047471e-16,2615.986063241714,3.403699680306506e-05,0.7426141108233888
0.0010,631.2,-0.0009744618001259417,-0.0009745294002750399,-9.25331711689639e-05,0.9999673702699893,0.9999999920793298,-3.196502528047471e-16,2615.986109744689,3.404055713624754e-05,0.7426076851307863
0.0010,632.0,-0.0009945039325148601,-0.0009945768858209607,4.287311138806815e-05,0.9999725503173257,0.9999999920784959,-3.196502528047471e-16,2615.9860973817094,3.404480491061271e-05,0.7426106815925423
0.0010,632.8000000000001,-0.0009071104189681883,-0.0009071680603204357,0.00017365083613022855,0.9999565441927013,0.9999999920776905,-3.196502528047471e-16,2615.9860481959327,3.404778961001156e-05,0.7426172223049445
0.0010,633.6,-0.0007217102272237403,-0.0007217439065601691,0.00028566903063308743,0.9999328303132984,0.9999999920769086,0.0,2615.9860497683635,3.4050393808183553e-05,0.7426164309430021
0.0010,634.4,-0.00045832516047747884,-0.000458338583154591,0.0003668200396595691,0.9999015352317555,0.9999999920761522,-4.794753792071207e-16,2615.9860993054303,3.40540176540189e-05,0.7426086465295731
0.0010,635.2,-0.00014541426521162863,-0.00014541323843506255,0.0004083372579515912,0.9998775738456451,0.9999999920754259,-6.393005056094942e-16,2615.9861085851057,3.405785464740809e-05,0.7426068146203986
0.0010,636.0,0.0001832082708782754,0.00018322267407827156,0.0004057370994281768,0.9998782974471776,0.9999999920747206,-4.794753792071207e-16,2615.9860610449427,3.406072210699281e-05,0.7426151463754366
0.0010,636.8000000000001,0.0004920292753623722,0.0004920621798615395,0.00035929866479923967,0.9998948765295269,0.9999999920740379,-4.794753792071207e-16,2615.986041363907,3.4063308368164536e-05,0.7426178990728076
0.0010,637.6,0.0007476809961512923,0.0007477364479712389,0.0002740404776359533,0.9999238713350032,0.9999999920733846,-6.393005056094942e-16,2615.9860845537764,3.40669820235885e-05,0.742608574587762
0.0010,638.4,0.0009225543007521978,0.0009226230803498224,0.00015917716287227183,0.9999595688287075,0.9999999920727513,-3.196502528047471e-16,2615.986113550306,3.407080522065919e-05,0.7426045900545591
0.0010,639.2,0.0009977676307862064,0.000997828331865633,2.711553814923257e-05,0.9999771914758574,0.9999999920721346,-6.393005056094942e-16,2615.9860766872944,3.407330691793174e-05,0.7426126133714278
0.0010,640.0,0.0009651869382051388,0.000965224546197394,-0.00010787999980531,0.9999721383943058,0.9999999920715457,-7.991256320118678e-16,2615.9860395944775,3.407608198545662e-05,0.7426163130186971
0.0010,640.8000000000001,0.0008283140235187334,0.0008283321089111451,-0.00023122004615153284,0.9999514603633346,0.9999999920709756,-7.991256320118678e-16,2615.986068081996,3.408020488964388e-05,0.7426098312479692
0.0010,641.6,0.0006019326142846364,0.000601943130398261,-0.0003295747229403429,0.9999142519660434,0.9999999920704178,-4.794753792071207e-16,2615.9861112400213,3.408355402773762e-05,0.7426054908581164
0.0010,642.4,0.00031051176267245375,0.0003105193308536907,-0.0003923205953310364,0.9998808148382322,0.9999999920698811,-4.794753792071207e-16,2615.9860922405833,3.408597847970782e-05,0.7426094457577077
0.0010,643.2,-1.4452771099952379e-05,-1.4453620565679578e-05,-0.00041268016333340926,0.9998709666882787,0.9999999920693615,-4.794753792071207e-16,2615.9860447471915,3.408954337018085e-05,0.7426152704995084
0.0010,644.0,-0.00033784729202865306,-0.00033786481962569235,-0.000388451725050385,0.9998801404442216,0.9999999920688504,-7.991256320118678e-16,2615.9860530731216,3.4093515651497806e-05,0.7426144777527417
0.0010,644.8000000000001,-0.0006247361428751125,-0.0006247715473223945,-0.00032225433924496064,0.9999094651227026,0.9999999920683549,-4.794753792071207e-16,2615.9861023986596,3.409652397825711e-05,0.742607546666081
0.0010,645.6,-0.0008441342246230421,-0.0008441768713391,-0.00022124160490964847,0.999950464987494,0.9999999920678713,-4.794753792071207e-16,2615.986104873909,3.4099652593950673e-05,0.7426066946627964
0.0010,646.4,-0.0009723391554802816,-0.0009723757537888098,-9.632312956610938e-05,0.9999758046282456,0.9999999920673938,-3.196502528047471e-16,2615.986055910494,3.41034973888726e-05,0.742615299988619
0.0010,647.2,-0.0009954851794040335,-0.00099551438442856,3.900592220453651e-05,0.9999796229523203,0.9999999920669272,-3.196502528047471e-16,2615.986042703737,3.410721392198844e-05,0.7426173496623822
0.0010,648.0,-0.000911060645240569,-0.0009110919903775796,0.00017011867971207712,0.9999638336896892,0.999999992066469,-3.196502528047471e-16,2615.986088829754,3.411062338966292e-05,0.7426080951002504
0.0010,648.8000000000001,-0.0007281950397096084,-0.0007282326464565045,0.00028284769859047016,0.9999262827820434,0.999999992066011,-4.794753792071207e-16,2615.9861120203254,3.411417189422659e-05,0.7426054736225719
0.0010,649.6,-0.0004666596837357718,-0.00046669415858925726,0.0003650179782205403,0.9998894751883282,0.9999999920655598,-6.393005056094942e-16,2615.9860709827153,3.411809302332398e-05,0.7426141164790638
0.0010,650.4,-0.0001547150728449558,-0.00015473241840283317,0.0004077522842214038,0.9998724783392575,0.9999999920651155,-4.794753792071207e-16,2615.9860388791503,3.412208426666714e-05,0.7426174670249648
0.0010,651.2,0.00017394058015537313,0.00017394752015762501,0.0004064309911848006,0.9998734749936786,0.9999999920646655,-6.393005056094942e-16,2615.986072695055,3.4125756662854345e-05,0.7426112867323245
0.0010,652.0,0.00048380710095539573,0.0004838337198697705,0.0003611981534309584,0.9998980710003456,0.9999999920642157,-4.794753792071207e-16,2615.98611207245,3.41296364266966e-05,0.7426080023536402
0.0010,652.8000000000001,0.0007414132038996711,0.0007414459891171731,0.00027694114125134694,0.999937475963951,0.9999999920637718,-4.794753792071207e-16,2615.9860869870436,3.4133969124662295e-05,0.7426129626165651
0.0010,653.6,0.0009189202451626339,0.0009189502744167255,0.00016275963014326735,0.9999656744920897,0.9999999920633211,-6.393005056094942e-16,2615.98604196294,3.413804563658005e-05,0.7426191493034284
0.0010,654.4,0.000997132838092497,0.0009971660041685326,3.099121159249848e-05,0.9999777550630833,0.9999999920628627,-7.991256320118678e-16,2615.9860568836334,3.414205426648444e-05,0.7426179291689786
0.0010,655.2,0.0009675977457476878,0.0009676432983157283,-0.0001041220325290752,0.9999707870296525,0.9999999920624072,-6.393005056094942e-16,2615.9861051999196,3.414653020368582e-05,0.7426110054884979
0.0010,656.0,0.0008335216157166732,0.0008335748580801201,-0.00022798323550766035,0.9999397660103406,0.9999999920619483,-6.393005056094942e-16,2615.986100909087,3.415094739591921e-05,0.7426111507878653
0.0010,656.8000000000001,0.0006094005442003228,0.0006094455553337017,-0.0003272151003095675,0.999905671782699,0.9999999920614746,-6.393005056094942e-16,2615.9860514519705,3.415523268678322e-05,0.7426198564620596
0.0010,657.6,0.0003194443293021865,0.0003194688664950901,-0.00039109516930732076,0.9998837673556409,0.9999999920609951,-4.794753792071207e-16,2615.9860448778945,3.4159891171546276e-05,0.7426204442428896
0.0010,658.4,-5.0275009864599615e-06,-5.0250587101260435e-06,-0.0004127187530926683,0.9998742764755746,0.9999999920605139,-6.393005056094942e-16,2615.9860930576424,3.416457719324332e-05,0.742610262343481
0.0010,659.2,-0.00032896309982463547,-0.00032897624021497446,-0.00038975109468130184,0.9998882918019762,0.9999999920600177,-6.393005056094942e-16,2615.9861102082987,3.416914714320615e-05,0.7426079997374423
0.0010,660.0,-0.0006173626690274731,-0.0006173843625246105,-0.00032467343170726573,0.9999195957800654,0.9999999920595053,-3.196502528047471e-16,2615.9860658209423,3.4174003125190206e-05,0.7426165123047096
0.0010,660.8000000000001,-0.0008390553630609982,-0.0008390876345601033,-0.00022451426726012444,0.999946900848262,0.9999999920589868,-6.393005056094942e-16,2615.986039093269,3.4178924869530764e-05,0.7426182763698077
0.0010,661.6,-0.0009700791991718976,-0.0009701310306222186,-0.00010009798636950439,0.9999676731036092,0.9999999920584576,-4.794753792071207e-16,2615.986077661065,3.4183821000356506e-05,0.7426104519714093
0.0010,662.4,-0.0009962880431498016,-0.0009963582544472627,3.5129100709023927e-05,0.9999734650465899,0.9999999920579057,-6.393005056094942e-16,2615.986112835163,3.418887976411506e-05,0.7426071302952866
0.0010,663.2,-0.0009148677672844057,-0.0009149378447618676,0.0001665604850700429,0.9999545902198157,0.9999999920573394,-7.991256320118678e-16,2615.9860820512863,3.419389440854756e-05,0.742612683166998
0.0010,664.0,-0.000734615474327877,-0.0007346648330843901,0.0002799999986006789,0.9999276125595165,0.9999999920567636,-4.794753792071207e-16,2615.9860400724706,3.419907256479574e-05,0.7426177952200227
0.0010,664.8000000000001,-0.00047499315163639983,-0.00047501442902411154,0.0003631878236978153,0.9999018428306347,0.9999999920561637,-4.794753792071207e-16,2615.986061521058,3.4204486319562535e-05,0.7426148605621616
0.0010,665.6,-0.00016404251137878146,-0.00016404121330497166,0.0004071334856558662,0.9998800106684282,0.9999999920555397,-4.794753792071207e-16,2615.9861081929675,3.420956567773841e-05,0.7426083192558457
0.0010,666.4,0.0001646407964232121,0.00016465533847712896,0.0004070912227489085,0.9998798815898391,0.999999992054902,-7.991256320118678e-16,2615.986096947926,3.4214730644905805e-05,0.7426097563989079
0.0010,667.2,0.00047553738336705126,0.0004755620127485909,0.0003630651651974087,0.9998994714907893,0.9999999920542424,-4.794753792071207e-16,2615.9860477067336,3.422051692388291e-05,0.7426179914506602
0.0010,668.0,0.0007350461703321365,0.0007350863214683425,0.00027981051350365645,0.9999244482688904,0.999999992053552,-6.393005056094942e-16,2615.986048190679,3.4225948478291463e-05,0.7426173723009126
0.0010,668.8000000000001,0.0009151292715667564,0.0009151881039430081,0.00016632594594075638,0.9999543091619516,0.9999999920528408,-9.589507584142415e-16,2615.9860976340783,3.423092552572413e-05,0.742607317692769
0.0010,669.6,0.0009963437802335035,0.0009964110649915612,3.487420076610038e-05,0.9999739638658264,0.9999999920521093,-6.393005056094942e-16,2615.9861080295072,3.423666120769956e-05,0.742606010671623
0.0010,670.4,0.0009699230899326691,0.0009699802586904672,-0.00010034757654923607,0.9999688222715093,0.999999992051345,-6.393005056094942e-16,2615.9860610081705,3.424262998743018e-05,0.7426147095264677
0.0010,671.2,0.0008387124122763324,0.0008387484273025438,-0.0002247311621191433,0.9999497178421963,0.9999999920505541,-4.794753792071207e-16,2615.9860405003665,3.424777961436087e-05,0.7426153080947302
0.0010,672.0,0.0006168750820174381,0.0006168932803811798,-0.00032483259349142435,0.9999202674688863,0.9999999920497415,-6.393005056094942e-16,2615.9860831006695,3.4253048489850236e-05,0.742606498265394
0.0010,672.8000000000001,0.0003283783979848898,0.0003283869071072808,-0.000389835471154687,0.9998869965475253,0.9999999920488963,-7.991256320118678e-16,2615.9861130465474,3.4259108390445496e-05,0.7426041791204737
0.0010,673.6,4.401200424991526e-06,4.401229788937235e-06,-0.00041271982762281455,0.999873602386592,0.9999999920480195,-6.393005056094942e-16,2615.9860771914978,3.426488396873369e-05,0.742610844157586
0.0010,674.4,-0.0003200452841435628,-0.00032005977354468103,-0.00039101249146056104,0.9998821082176143,0.9999999920471216,-7.991256320118678e-16,2615.98603940876,3.426998320452328e-05,0.742614752688038
0.0010,675.2,-0.0006099045034631359,-0.0006099395979395173,-0.0003270580109056135,0.9999048018614886,0.9999999920461944,-6.393005056094942e-16,2615.986066913746,3.42754308168288e-05,0.7426111041353968
0.0010,676.0,-0.000833865334688544,-0.000833919169495428,-0.00022776939958896417,0.9999418507662893,0.9999999920452306,-4.794753792071207e-16,2615.986110750956,3.42815555668645e-05,0.7426067402484887
0.0010,676.8000000000001,-0.0009677424506080459,-0.0009678010125709454,-0.00010387329627565604,0.999972352438577,0.9999999920442455,-7.991256320118678e-16,2615.9860928423846,3.428719926752128e-05,0.7426097168311088
0.0010,677.6,-0.0009970731311295016,-0.0009971191404253231,3.12492392771021e-05,0.9999785635620517,0.9999999920432384,-7.991256320118678e-16,2615.9860449556954,3.429207053347597e-05,0.7426173818558496
0.0010,678.4,-0.0009186737958950782,-0.0009187029802987766,0.00016299772211042046,0.9999664994143944,0.9999999920421941,-4.794753792071207e-16,2615.986052298379,3.429766808673382e-05,0.7426176594137037
0.0010,679.2,-0.0007410040800955278,-0.0007410254456591956,0.0002771321818759097,0.9999353575343961,0.9999999920411252,-6.393005056094942e-16,2615.986101757634,3.430393410669832e-05,0.7426096270693989
0.0010,680.0,-0.00048326639045861823,-0.00048328601179234583,0.00036132235186397266,0.9998951068795062,0.9999999920400433,-4.794753792071207e-16,2615.9861052037604,3.43090374513149e-05,0.7426085373063204
0.0010,680.8000000000001,-0.0001733187398455428,-0.00017333164099433168,0.0004064756398000739,0.9998726396311418,0.999999992038931,-7.991256320118678e-16,2615.9860565292483,3.431375666062398e-05,0.7426176191704897
0.0010,681.6,0.00015534676814562385,0.0001553501433689817,0.0004077121629940673,0.9998719780804267,0.9999999920377892,-7.991256320118678e-16,2615.9860424534395,3.431982057427197e-05,0.7426196961737946
0.0010,682.4,0.0004672225372063375,0.0004672471039704899,0.00036489776053213953,0.9998908226666524,0.9999999920366404,-7.991256320118678e-16,2615.986088022106,3.4325629967641e-05,0.7426099321621575
0.0010,683.2,0.000728622205532157,0.0007286615547224996,0.00028266053405223246,0.9999298751058061,0.9999999920354743,-7.991256320118678e-16,2615.986112177231,3.433009338039841e-05,0.7426059472840992
0.0010,684.0,0.0009113110836408479,0.0009113504681073511,0.0001698834050308815,0.9999653434511403,0.9999999920342767,-6.393005056094942e-16,2615.9860720700663,3.433527904024481e-05,0.7426142571688223
0.0010,684.8000000000001,0.000995541043617551,0.0009955735423261274,3.874765076942765e-05,0.9999795362437405,0.9999999920330702,-9.589507584142415e-16,2615.9860391080206,3.4341285436082555e-05,0.7426187951251813
0.0010,685.6,0.000972195015785926,0.000972228991307985,-9.65746197521407e-05,0.999975166490794,0.9999999920318613,-7.991256320118678e-16,2615.9860719384933,3.434619065811867e-05,0.7426112345904579
0.0010,686.4,0.0008437979571509948,0.0008438410643315353,-0.00022145855907251884,0.999947388982334,0.9999999920306263,-9.589507584142415e-16,2615.9861121973872,3.435075767019277e-05,0.7426053719103787
0.0010,687.2,0.0006242389886448382,0.0006242834689690092,-0.0003224148390499593,0.9999071761727362,0.9999999920293776,-7.991256320118678e-16,2615.9860882083217,3.435623721273668e-05,0.7426116203462855
0.0010,688.0,0.0003372465583306311,0.00033727671634744253,-0.00038853890826048756,0.999880713390014,0.9999999920281331,-9.589507584142415e-16,2615.9860425194643,3.4361431277870254e-05,0.7426193335310362
0.0010,688.8000000000001,1.3822459480151446e-05,1.3828764217201066e-05,-0.0004126839638253193,0.9998717067039449,0.9999999920268773,-7.991256320118678e-16,2615.986056410851,3.436604136128115e-05,0.7426156165031497
0.0010,689.6,-0.0003110970777947456,-0.0003111134805206991,-0.00039224081653529166,0.9998827566746025,0.9999999920256063,-4.794753792071207e-16,2615.986105138047,3.4370965429841226e-05,0.7426077190851315
0.0010,690.4,-0.0006024125943811194,-0.0006024426184497865,-0.00032941985544305386,0.9999167712619698,0.9999999920243395,-7.991256320118678e-16,2615.9861018113475,3.437587518066506e-05,0.7426103036339194
0.0010,691.2,-0.0008286479588738891,-0.0008286826116972229,-0.00023100573315158016,0.9999507767811022,0.9999999920230757,-6.393005056094942e-16,2615.986052249396,3.438057551984419e-05,0.7426193736943527
0.0010,692.0,-0.0009653479553403299,-0.0009653874750499458,-0.00010762998137439044,0.9999704153791973,0.9999999920218022,-7.991256320118678e-16,2615.9860446998346,3.4385413669166125e-05,0.7426189394586321
0.0010,692.8000000000001,-0.0009977360986034884,-0.000997786546662991,2.7372435739728213e-05,0.9999759692758584,0.9999999920205316,-7.991256320118678e-16,2615.986092554753,3.438995798423955e-05,0.7426094806918746
0.0010,693.6,-0.000922323422555188,-0.0009223822376467144,0.00015941368057367534,0.9999575188936879,0.9999999920192714,-4.794753792071207e-16,2615.9861105603363,3.439430056847887e-05,0.7426072409381839
0.0010,694.4,-0.000747270053198743,-0.0007473225326115176,0.0002742328671392451,0.9999242057920226,0.9999999920180097,-4.794753792071207e-16,2615.986066723569,3.439912592448555e-05,0.7426150523552334
0.0010,695.2,-0.0004914870885796059,-0.0004915191380260213,0.0003594259314528995,0.9998976627796284,0.999999992016749,-7.991256320118678e-16,2615.986039115014,3.4403721064610624e-05,0.7426180893493354
0.0010,696.0,-0.00018260109405340993,-0.00018260908382388384,0.00040578453490862864,0.9998797855333014,0.9999999920154992,-6.393005056094942e-16,2615.9860768544654,3.440765168428339e-05,0.7426099639331545
0.0010,696.8000000000001,0.0001460200364912208,0.00014603089428013802,0.0004082999661864684,0.9998788269280557,0.9999999920142548,-3.196502528047471e-16,2615.9861128219422,3.441204330492992e-05,0.7426036012244501
0.0010,697.6,0.00045887186036738104,0.00045889353489018313,0.0003667018692379368,0.9999017538569477,0.9999999920130133,-7.991256320118678e-16,2615.986083050726,3.4416818591481896e-05,0.7426089387161555
0.0010,698.4,0.0007221460211167844,0.0007221757162846217,0.00028548217895348125,0.9999298965675243,0.9999999920117805,-9.589507584142415e-16,2615.9860404715264,3.4420796678766786e-05,0.742616099278501
0.0010,699.2,0.0009073854762847882,0.0009074297602092455,0.00017341661616010034,0.9999542644590632,0.9999999920105568,-7.991256320118678e-16,2615.9860608830522,3.442458843436707e-05,0.7426122288597041
0.0010,700.0,0.0009945776114739697,0.0009946410247648552,4.261792371110231e-05,0.9999720787768065,0.9999999920093413,-7.991256320118678e-16,2615.9861080117457,3.442912664763677e-05,0.7426039109971433
0.0010,700.8000000000001,0.0009743191949307062,0.0009743897526982609,-9.278316186619822e-05,0.9999671424685156,0.9999999920081353,-9.589507584142415e-16,2615.986097866453,3.443341610723531e-05,0.7426064871515046
0.0010,701.6,0.0008488067371085605,0.0008488633285248459,-0.0002181630436694984,0.9999444969656403,0.9999999920069388,-9.589507584142415e-16,2615.986048369235,3.443701194892397e-05,0.7426161104525193
0.0010,702.4,0.0006315892373343085,0.0006316212491879709,-0.0003199740190600516,0.9999190857860967,0.9999999920057538,-7.991256320118678e-16,2615.9860476505273,3.444095831875992e-05,0.7426162963641381
0.0010,703.2,0.000346124336173583,0.00034613531623718115,-0.00038721170806670113,0.9998913419561074,0.9999999920045798,-7.991256320118678e-16,2615.9860969546094,3.444528338060791e-05,0.7426080279731967
0.0010,704.0,2.325514638987277e-05,2.3252012478795673e-05,-0.0004126127787827384,0.9998762822992838,0.9999999920034153,-6.393005056094942e-16,2615.9861083302744,3.4449105155504504e-05,0.7426074893467607
0.0010,704.8000000000001,-0.0003021283923612752,-0.00030214337659598313,-0.00039343429206488114,0.9998858310205145,0.999999992002262,-7.991256320118678e-16,2615.9860614805702,3.4452651751641285e-05,0.7426162714384508
0.0010,705.6,-0.0005948628238909211,-0.000594893675451536,-0.00033174635850393043,0.9999071613420314,0.9999999920011218,-6.393005056094942e-16,2615.9860398607348,3.445661739868558e-05,0.7426190302070432
0.0010,706.4,-0.0008233168476346999,-0.0008233682462395766,-0.00023421561819576248,0.9999366433957755,0.9999999919999889,-3.196502528047471e-16,2615.986081859366,3.446061823728139e-05,0.7426116284518415
0.0010,707.2,-0.0009628177132250003,-0.0009628836590473989,-0.00011138290943344221,0.9999670306523687,0.9999999919988646,-7.991256320118678e-16,2615.9861125993248,3.446418836600796e-05,0.7426074588203416
0.0010,708.0,-0.0009983054065216478,-0.0009983680031172425,2.3484105013337796e-05,0.999975903323487,0.9999999919977547,-6.393005056094942e-16,2615.986077423705,3.4467777214018086e-05,0.7426135119846191
0.0010,708.8000000000001,-0.0009259406383840017,-0.0009259852706553987,0.00015581803233748748,0.9999640090813459,0.9999999919966522,-9.589507584142415e-16,2615.9860389689857,3.4471654476863874e-05,0.742619138706416
0.0010,709.6,-0.00075352748037991,-0.0007535536888056088,0.0002713171895981278,0.9999395556078213,0.9999999919955557,-1.118775884816615e-15,2615.9860655764414,3.447538675995103e-05,0.7426139337892242
0.0010,710.4,-0.0004996906529502911,-0.0004997049399560235,0.0003574990995776171,0.9999030694890276,0.9999999919944729,-1.118775884816615e-15,2615.986109861851,3.44788532762077e-05,0.7426063370376194
0.0010,711.2,-0.00019186265691470474,-0.00019186736238050695,0.0004050552720921868,0.9998758683887669,0.999999991993402,-9.589507584142415e-16,2615.98609303991,3.4482460052673636e-05,0.7426093836957407
0.0010,712.0,0.00013669143155297715,0.00013669984823324173,0.00040884886084581045,0.999873443163462,0.9999999919923354,-9.589507584142415e-16,2615.9860449688636,3.4486202955784647e-05,0.742617621561144
0.0010,712.8000000000001,0.0004504701988914638,0.00045049715767752957,0.00036846817752472365,0.9998883664373729,0.9999999919912791,-1.118775884816615e-15,2615.9860511457723,3.448972353673634e-05,0.7426165873277427
0.0010,713.6,0.0007155743808613014,0.0007156206339783045,0.0002882779978601179,0.9999210017167159,0.9999999919902375,-1.2786010112189884e-15,2615.986100627546,3.4493135825773856e-05,0.7426085107209219
0.0010,714.4,0.0009033720876274875,0.0009034272261237894,0.0001769437634902369,0.9999600315094618,0.9999999919892029,-1.2786010112189884e-15,2615.9861053122186,3.449672128280821e-05,0.7426085146171427
0.0010,715.2,0.0009935784847876382,0.0009936260666502648,4.648984411134861e-05,0.9999792713701171,0.9999999919881739,-1.2786010112189884e-15,2615.986056764845,3.450030239014565e-05,0.7426164708173641
0.0010,716.0,0.0009764354929648432,0.000976468892559753,-8.89906643513441e-05,0.9999767212684358,0.9999999919871595,-1.2786010112189884e-15,2615.9860414409764,3.450367035766331e-05,0.7426185754347437
0.0010,716.8000000000001,0.0008537822772443133,0.0008538085024884719,-0.00021485450927409,0.9999550634165604,0.9999999919861564,-1.438426137621362e-15,2615.9860866835547,3.450702075427243e-05,0.7426126276864832
0.0010,717.6,0.0006388752454077364,0.0006389001962273569,-0.00031750137829321585,0.9999148277055412,0.9999999919851573,-1.438426137621362e-15,2615.9861118857525,3.451054479984992e-05,0.7426099680750413
0.0010,718.4,0.00035494600544112983,0.0003549644082634686,-0.00038584529601921365,0.999881022850111,0.9999999919841688,-1.2786010112189884e-15,2615.986072175797,3.451400033051809e-05,0.7426154850867471
0.0010,719.2,3.267527279529498e-05,3.267714341706826e-05,-0.00041250259421740177,0.9998697658347877,0.9999999919831962,-1.118775884816615e-15,2615.9860383722425,3.4517176608381634e-05,0.7426197364704888
0.0010,720.0,-0.0002931214017360084,-0.00029314074667028767,-0.0003945910733218806,0.9998774928819193,0.9999999919822312,-1.2786010112189884e-15,2615.9860706879913,3.452043170270038e-05,0.7426149679434675
0.0010,720.8000000000001,-0.0005872515194147433,-0.0005872867885543604,-0.00033404770439969094,0.9999083437932825,0.999999991981273,-1.2786010112189884e-15,2615.986111550595,3.452395653626831e-05,0.7426084276831234
0.0010,721.6,-0.0008179436670975167,-0.0008179816904793873,-0.00023741369907023682,0.9999489462542152,0.9999999919803307,-1.2786010112189884e-15,2615.986088343617,3.452718967758911e-05,0.7426112900365925
0.0010,722.4,-0.0009602679252915622,-0.0009602995260481626,-0.00011512556023899172,0.9999733772804058,0.9999999919794041,-1.2786010112189884e-15,2615.9860425096304,3.4530062087507976e-05,0.7426187208459812
0.0010,723.2,-0.000998831206677205,-0.0009988611706193593,1.960310608693477e-05,0.9999793094117801,0.9999999919784858,-1.2786010112189884e-15,2615.986055581695,3.4533352586501394e-05,0.7426160259270395
0.0010,724.0,-0.0009294633533691387,-0.0009295010369273065,0.0001522102746064217,0.9999643655533759,0.9999999919775795,-1.438426137621362e-15,2615.9861042944563,3.453680907674451e-05,0.7426059302184222
0.0010,724.8000000000001,-0.0007596729340123376,-0.0007597159419608396,0.00026836982622705814,0.9999278283922628,0.999999991976693,-1.2786010112189884e-15,2615.986102087744,3.4539552239319766e-05,0.7426060710369642
0.0010,725.6,-0.0005078144881696626,-0.0005078497937059638,0.0003555362437384003,0.9998941165433325,0.9999999919758203,-1.438426137621362e-15,2615.9860529127786,3.4542268420495814e-05,0.7426154626174839
0.0010,726.4,-0.00020109629691084574,-0.00020111314969821826,0.000404290620407233,0.9998766302601826,0.9999999919749579,-1.2786010112189884e-15,2615.9860442265576,3.4545690143310754e-05,0.7426154168024582
0.0010,727.2,0.00012734934002671196,0.00012735297892772703,0.00040936305150439503,0.9998749155433395,0.9999999919741144,-1.2786010112189884e-15,2615.986091582606,3.4548730996989674e-05,0.7426059690846539
0.0010,728.0,0.0004420414075151086,0.0004420597388879531,0.00037020717523354117,0.9998976167464456,0.9999999919732901,-1.438426137621362e-15,2615.9861107967545,3.4550985432082654e-05,0.7426047832584812
0.0010,728.8000000000001,0.0007089808682131228,0.0007090057122110953,0.000291052713840092,0.9999328443844296,0.9999999919724778,-1.2786010112189884e-15,2615.986067567637,3.4553818114150155e-05,0.7426132455162084
0.0010,729.6,0.0008993170794655026,0.000899347667128556,0.0001804488313539127,0.9999585631648394,0.9999999919716813,-1.2786010112189884e-15,2615.9860388166335,3.455714552213931e-05,0.7426159821660796
0.0010,730.4,0.000992474544183786,0.0009925187419829236,5.034871872583836e-05,0.9999734510289167,0.9999999919709079,-1.2786010112189884e-15,2615.9860759078124,3.455951387798958e-05,0.7426095700536693
0.0010,731.2,0.000978394595816337,0.0009784545212797478,-8.518701872149439e-05,0.9999696467332532,0.9999999919701512,-1.2786010112189884e-15,2615.9861128461293,3.456158088104902e-05,0.7426062645300777
0.0010,732.0,0.0008586143792885318,0.0008586768579065402,-0.0002115184888689471,0.9999428594633829,0.9999999919694093,-1.118775884816615e-15,2615.9860837768783,3.456458577781977e-05,0.7426110820500604
0.0010,732.8000000000001,0.0006460778777159081,0.0006461252018257945,-0.00031500038733496934,0.9999137590372599,0.9999999919686896,-1.2786010112189884e-15,2615.9860405335307,3.456739245880388e-05,0.7426162300340926
0.0010,733.6,0.00036373830944332313,0.00036376244565273976,-0.0003844489470406245,0.9998908146573282,0.9999999919679924,-1.438426137621362e-15,2615.986060204729,3.456921032343693e-05,0.7426145736524143
0.0010,734.4,4.209362507357425e-05,4.2096957363351055e-05,-0.0004123586062793073,0.9998769630702949,0.9999999919673124,-1.2786010112189884e-15,2615.986107655732,3.457139480763647e-05,0.7426085889621539
0.0010,735.2,-0.0002841053173675445,-0.00028411685372401114,-0.0003957160027403989,0.9998868998651523,0.9999999919666531,-1.438426137621362e-15,2615.986098339029,3.4574222959072996e-05,0.7426088018974174
0.0010,736.0,-0.0005796101928598158,-0.0005796339239922579,-0.0003363182254407069,0.9999124184262006,0.9999999919660184,-1.118775884816615e-15,2615.98604893713,3.457635798111659e-05,0.7426162867264744
0.0010,736.8000000000001,-0.000812484236737835,-0.0008125241694024864,-0.00024058137108486183,0.9999381314886387,0.9999999919654036,-1.118775884816615e-15,2615.986047360608,3.4577985044430326e-05,0.7426171930611455
0.0010,737.6,-0.0009575650184819842,-0.000957625009306802,-0.00011885319753436863,0.9999634568361137,0.999999991964808,-1.438426137621362e-15,2615.9860962497996,3.458021678945833e-05,0.7426083426438733
0.0010,738.4,-0.0009991906093419591,-0.0009992619364386738,1.5712834146817203e-05,0.9999736401378263,0.9999999919642367,-1.438426137621362e-15,2615.986108575909,3.4582551074518167e-05,0.7426055739881456
0.0010,739.2,-0.0009328742599416975,-0.0009329371473783896,0.00014858314752540434,0.9999598232578992,0.9999999919636878,-1.438426137621362e-15,2615.9860623935597,3.458422796199025e-05,0.7426148713680107
0.0010,740.0,-0.0007657732223103632,-0.0007658137982509496,0.000265403591027062,0.9999365916885029,0.999999991963157,-1.2786010112189884e-15,2615.9860396925556,3.458585525284986e-05,0.7426193137150192
0.0010,740.8000000000001,-0.0005159284282942601,-0.0005159474390800176,0.0003535476874050257,0.99990768056024,0.9999999919626475,-1.118775884816615e-15,2615.986080759483,3.4587854996517554e-05,0.7426104136734767
0.0010,741.6,-0.00021033208625270531,-0.00021033630850575603,0.00040349115569695925,0.9998807943400001,0.9999999919621615,-1.118775884816615e-15,2615.986112513322,3.458969570819855e-05,0.7426054262498156
0.0010,742.4,0.00011799227559412382,0.00011799979105166127,0.0004098406484023099,0.9998766535993937,0.9999999919616938,-1.118775884816615e-15,2615.9860782931487,3.459120214807202e-05,0.7426131362617968
0.0010,743.2,0.000433564619046646,0.00043358660671509057,0.00037190907306873245,0.9998917887553713,0.9999999919612433,-1.118775884816615e-15,2615.986038854884,3.45927303438953e-05,0.7426181049923071
0.0010,744.0,0.0007022842724631363,0.000702326164845267,0.000293794249179848,0.9999173569750169,0.999999991960814,-1.118775884816615e-15,2615.986064482287,3.459434757428061e-05,0.7426126689291989
0.0010,744.8000000000001,0.0008951234681431816,0.0008951835964240879,0.00018393960409643985,0.9999524241026801,0.9999999919604041,-1.2786010112189884e-15,2615.986109577182,3.459592191583679e-05,0.7426083264196123
0.0010,745.6,0.0009912615853678826,0.0009913242617295983,5.42132456224225e-05,0.9999756881770335,0.99999999196001,-9.589507584142415e-16,2615.986093689933,3.459734765996378e-05,0.7426127331470709
0.0010,746.4,0.000980312579633072,0.0009803599291900726,-8.137415431338919e-05,0.9999741997275284,0.999999991959632,-1.118775884816615e-15,2615.986045115483,3.459859826990429e-05,0.7426188315121923
0.0010,747.2,0.0008634435979790929,0.0008634722084854413,-0.00020817193818079135,0.9999568925537393,0.9999999919592724,-9.589507584142415e-16,2615.9860504947387,3.459993374550588e-05,0.7426174985359565
0.0010,748.0,0.000653272622593148,0.0006532904974579712,-0.0003124751311214321,0.9999234863955327,0.9999999919589274,-1.2786010112189884e-15,2615.986100178007,3.4601437561030455e-05,0.7426109021878572
0.0010,748.8000000000001,0.00037251373169756716,0.000372525938333333,-0.0003830156687527859,0.9998865086339769,0.9999999919585949,-9.589507584142415e-16,2615.9861056456816,3.460267892204767e-05,0.7426092822900868
0.0010,749.6,5.1509590042381814e-05,5.1513206922094286e-05,-0.0004121752531979719,0.9998710129849531,0.9999999919582762,-9.589507584142415e-16,2615.9860573673013,3.4603635298403627e-05,0.7426159229948915
0.0010,750.4,-0.0002750533619434574,-0.0002750650785872524,-0.0003968018801963207,0.9998767590186336,0.9999999919579718,-1.118775884816615e-15,2615.9860413650144,3.460490469713525e-05,0.7426199647779375
0.0010,751.2,-0.0005718929665383371,-0.0005719238540583198,-0.00033855656516867456,0.9999007972538414,0.9999999919576773,-9.589507584142415e-16,2615.986085979709,3.4606359141965896e-05,0.7426130205569899
0.0010,752.0,-0.0008069461345775552,-0.0008069905202766171,-0.00024373484807300132,0.9999411899993964,0.9999999919573901,-9.589507584142415e-16,2615.986111864606,3.4607317650025325e-05,0.7426070765856435
0.0010,752.8000000000001,-0.0009548243196083595,-0.0009548689397498528,-0.000122578889281592,0.9999724176308897,0.9999999919571142,-1.118775884816615e-15,2615.986073144906,3.460814264571126e-05,0.7426139288047395
0.0010,753.6,-0.0009995426558777165,-0.0009995797427744633,1.1824943081285412e-05,0.9999804372031279,0.9999999919568483,-1.118775884816615e-15,2615.986038651486,3.460948465961918e-05,0.7426199615712732
0.0010,754.4,-0.0009362557140342258,-0.0009362900728954829,0.00014495135206149735,0.9999696208093394,0.9999999919565855,-9.589507584142415e-16,2615.9860696990518,3.461078595965979e-05,0.7426118697046508
0.0010,755.2,-0.0007718020420441308,-0.0007718398919662664,0.0002624127958839893,0.999936567323541,0.9999999919563269,-9.589507584142415e-16,2615.9861112285134,3.461152146226345e-05,0.7426041509523134
0.0010,756.0,-0.0005239627979052188,-0.0005239991082112818,0.0003515217375999966,0.9998963042833299,0.9999999919560765,-1.118775884816615e-15,2615.9860893306604,3.461240050462606e-05,0.7426104874905155
0.0010,756.8000000000001,-0.00021952218009134756,-0.00021954421502941274,0.000402653269675333,0.9998742708504654,0.9999999919558292,-9.589507584142415e-16,2615.986042764985,3.4613810181405724e-05,0.7426174994639796
0.0010,757.6,0.00010862977920551084,0.00010863138257717695,0.0004102806234877386,0.9998715105606597,0.9999999919555796,-1.118775884816615e-15,2615.9860545524753,3.461491050089166e-05,0.7426126169239436
0.0010,758.4,0.0004250451033475944,0.0004250700761758727,0.00037357983465483485,0.9998900954727454,0.9999999919553324,-1.118775884816615e-15,2615.9861039213556,3.4615550642247754e-05,0.7426062544263224
0.0010,759.2,0.000695545428338996,0.0006955835645183964,0.0002965177364496139,0.999928789033097,0.9999999919550882,-1.118775884816615e-15,2615.9861028249625,3.4616631351832246e-05,0.7426087859637595
0.0010,760.0,0.0008909049152152295,0.0008909448103598472,0.00018741706866881057,0.9999615957506691,0.9999999919548396,-9.589507584142415e-16,2615.9860532002817,3.4618013511410265e-05,0.7426142257708742
0.0010,760.8000000000001,0.0009900025855409168,0.00099004381864722,5.806399473983442e-05,0.9999764917503434,0.9999999919545854,-1.118775884816615e-15,2615.986043711676,3.4618928243999636e-05,0.7426142421333983
0.0010,761.6,0.0009821231805438213,0.0009821729323639848,-7.756041797052459e-05,0.9999743671590587,0.9999999919543316,-7.991256320118678e-16,2615.9860912490217,3.461971934133328e-05,0.7426093092132791
0.0010,762.4,0.0008681287935688237,0.0008681854849921294,-0.00020480121367327778,0.9999477514337615,0.9999999919540737,-1.118775884816615e-15,2615.986110958698,3.462094431371065e-05,0.7426066024144673
0.0010,763.2,0.0006603488345654623,0.0006603981116393058,-0.0003099160103606006,0.9999113543070862,0.9999999919538062,-9.589507584142415e-16,2615.986067957644,3.4622233082018226e-05,0.7426114284243766
0.0010,764.0,0.0003812313382992707,0.0003812587648042964,-0.0003815489555462545,0.9998867621493653,0.999999991953532,-9.589507584142415e-16,2615.986039028424,3.462317625672977e-05,0.7426172233274057
0.0010,764.8000000000001,6.092471728233068e-05,6.092595286398936e-05,-0.000411957256622611,0.999874810721152,0.9999999919532535,-9.589507584142415e-16,2615.9860754127103,3.4624144922620744e-05,0.7426132385064989
0.0010,765.6,-0.0002659698815076038,-0.00026598971166953255,-0.0003978559596098035,0.9998832541173065,0.9999999919529653,-9.589507584142415e-16,2615.986112266049,3.462546124439259e-05,0.7426054046371873
0.0010,766.4,-0.0005641354932250089,-0.0005641675290044411,-0.0003407695959992027,0.9999134381172555,0.9999999919526651,-9.589507584142415e-16,2615.9860843747074,3.462674707843095e-05,0.7426093128842594
0.0010,767.2,-0.0008013516456352237,-0.0008013908313248603,-0.0002468631374982562,0.9999433838678813,0.9999999919523566,-1.2786010112189884e-15,2615.98604132899,3.462780551708206e-05,0.7426190393776239
0.0010,768.0,-0.0009519781865273292,-0.0009520272266142158,-0.00012628318380146828,0.9999647241287568,0.9999999919520399,-1.2786010112189884e-15,2615.9860593402823,3.462895985236959e-05,0.7426152598160775
0.0010,768.8000000000001,-0.0009997410233890257,-0.0009998022246787378,7.937449320760991e-06,0.9999743063935783,0.9999999919517101,-9.589507584142415e-16,2615.986106529177,3.463033963973706e-05,0.7426049013269089
0.0010,769.6,-0.0009394937123398223,-0.0009395569529111746,0.00014129813151927397,0.9999595089622272,0.9999999919513672,-7.991256320118678e-16,2615.9860991255723,3.463172890033806e-05,0.7426086444062515
0.0010,770.4,-0.0007777531248220705,-0.0007778000960541653,0.00025939557141981115,0.999931190815782,0.9999999919510145,-9.589507584142415e-16,2615.986049796764,3.4632947822165504e-05,0.7426184468121514
0.0010,771.2,-0.0005319850652985496,-0.0005320057857414554,0.0003494691513182857,0.9999056139128883,0.9999999919506494,-1.438426137621362e-15,2615.98604610136,3.463421310630136e-05,0.7426154299908452
0.0010,772.0,-0.00022873262138661238,-0.00022873056632145543,0.0004017830571328284,0.9998832152444954,0.9999999919502695,-1.118775884816615e-15,2615.986095037549,3.46357613255511e-05,0.7426071354209612
0.0010,772.8000000000001,9.924148257009838e-05,9.925739518480521e-05,0.00041068636172824545,0.9998779928959675,0.9999999919498764,-1.118775884816615e-15,2615.9861093456043,3.463728197698063e-05,0.7426087348228858
0.0010,773.6,0.00041649822437890815,0.000416521373751239,0.00037521805249308456,0.9998960744391092,0.9999999919494715,-1.2786010112189884e-15,2615.9860629712216,3.463859051491092e-05,0.7426157686944811
0.0010,774.4,0.0006887509673498145,0.0006887824095566448,0.0002992079427657723,0.9999206485319252,0.9999999919490518,-1.118775884816615e-15,2615.9860386868477,3.464005640990395e-05,0.7426169226884943
0.0010,775.2,0.0008865772668925665,0.0008866233732036346,0.00019087063191834466,0.9999485389991729,0.9999999919486166,-9.589507584142415e-16,2615.9860800858655,3.4641781701140506e-05,0.7426121523723199
0.0010,776.0,0.0009886125403216941,0.0009886708357019947,6.191490645049908e-05,0.999971780117924,0.9999999919481684,-1.2786010112189884e-15,2615.9861129544684,3.464339022966223e-05,0.7426092865405179
0.0010,776.8000000000001,0.00098384713675973,0.0009839012464028154,-7.373041023562214e-05,0.9999711129674805,0.9999999919477063,-1.2786010112189884e-15,2615.986078473271,3.464482032282723e-05,0.7426125427326092
0.0010,777.6,0.0008727918781253419,0.0008728277147101848,-0.00020141390305051387,0.9999531755962773,0.9999999919472284,-1.2786010112189884e-15,2615.986038546545,3.4646509784209604e-05,0.7426175429346331
0.0010,778.4,0.0006674304130653956,0.0006674487937080558,-0.00030733622211728725,0.9999265697410492,0.9999999919467372,-1.438426137621362e-15,2615.9860642490203,3.464841396457677e-05,0.7426161591766917
0.0010,779.2,0.00038994667093289405,0.0003899558156920937,-0.0003800500117738892,0.9998930840304676,0.9999999919462332,-1.438426137621362e-15,2615.9861091760404,3.46500330441533e-05,0.7426088611349012
0.0010,780.0,7.032772372053389e-05,7.033143347945471e-05,-0.00041170179312934805,0.9998742488946867,0.9999999919457141,-1.2786010112189884e-15,2615.9860935581887,3.4651632583526045e-05,0.742608675703697
0.0010,780.8000000000001,-0.00025688585541257757,-0.00025689155475883157,-0.00039887243341319735,0.9998797063700117,0.9999999919451819,-1.2786010112189884e-15,2615.986045800018,3.465362252679799e-05,0.7426187222793434
0.0010,781.6,-0.0005563354560975192,-0.0005563585094793851,-0.00034294644811499835,0.999899592382428,0.999999991944639,-1.118775884816615e-15,2615.9860505030974,3.465553074212295e-05,0.7426203595089346
0.0010,782.4,-0.0007956706211785055,-0.0007957138194328432,-0.0002499686308857614,0.9999332184913604,0.9999999919440831,-1.118775884816615e-15,2615.986098928008,3.465718140775504e-05,0.7426088442610759
0.0010,783.2,-0.0009490448599742467,-0.0009490986716094036,-0.00012998597596400752,0.9999671275736635,0.9999999919435149,-9.589507584142415e-16,2615.986105583626,3.4659086074542054e-05,0.742607117489311
0.0010,784.0,-0.0009998930626735519,-0.0009999413521729846,4.042713248565576e-06,0.9999786416407521,0.9999999919429374,-1.2786010112189884e-15,2615.9860588074066,3.4661196341926854e-05,0.7426187015138368
0.0010,784.8000000000001,-0.0009427110320567759,-0.000942745884335304,0.0001376382612480478,0.9999696974627923,0.9999999919423506,-1.2786010112189884e-15,2615.9860411218187,3.46630521107916e-05,0.7426192783906264
0.0010,785.6,-0.0007836643118036607,-0.0007836907700997671,0.0002563615067285612,0.9999440672176335,0.9999999919417527,-1.438426137621362e-15,2615.9860841831855,3.466484874035831e-05,0.7426076293226958
0.0010,786.4,-0.0005399390091640972,-0.0005399632120984274,0.0003473834401209498,0.9999043123676177,0.999999991941147,-1.438426137621362e-15,2615.9861120597648,3.466699308799424e-05,0.742606194172257
0.0010,787.2,-0.00023787843652794822,-0.00023789742270494195,0.00040087355149754327,0.9998756246293647,0.9999999919405356,-1.2786010112189884e-15,2615.9860746899526,3.466911399849244e-05,0.7426153145681593
0.0010,788.0,8.987634610320209e-05,8.987143530943256e-05,0.0004110529067140061,0.9998708579837682,0.9999999919399161,-1.2786010112189884e-15,2615.986038100874,3.467089792284369e-05,0.7426170891164391
0.0010,788.8000000000001,0.00040791368344005025,0.00040793002108103853,0.0003768199824405364,0.999884385968072,0.9999999919392885,-1.2786010112189884e-15,2615.9860681889772,3.4672912494612697e-05,0.74261068643613
0.0010,789.6,0.000681877705535317,0.0006819143759279028,0.00030187575807841835,0.9999194114778281,0.9999999919386565,-1.2786010112189884e-15,2615.9861117683813,3.4675229399580206e-05,0.7426085006695734
0.0010,790.4,0.0008821785830408887,0.0008822239594962117,0.00019431719832985179,0.9999592988737408,0.9999999919380212,-1.118775884816615e-15,2615.9860905281193,3.467718319236924e-05,0.742612213247646
0.0010,791.2,0.0009871736475754497,0.0009872157006516557,6.576030991016468e-05,0.9999784693661927,0.9999999919373793,-9.589507584142415e-16,2615.9860423458936,3.4679016936160724e-05,0.7426148620892283
0.0010,792.0,0.0009855031598688987,0.0009855429167230693,-6.990379366235444e-05,0.9999780348746872,0.9999999919367317,-1.118775884816615e-15,2615.9860538721814,3.468129776292743e-05,0.7426136789544264
0.0010,792.8000000000001,0.000877342364931216,0.0008773871463389312,-0.0001980114362776652,0.9999558678863684,0.999999991936083,-1.118775884816615e-15,2615.986104287687,3.468354138501797e-05,0.7426093482963562
0.0010,793.6,0.0006743906562527049,0.0006744369599496343,-0.0003047229922444614,0.9999153717434267,0.9999999919354322,-9.589507584142415e-16,2615.986103100036,3.468537350968e-05,0.7426063358841404
0.0010,794.4,0.0003985857727115927,0.00039861945871167624,-0.00037851366389397547,0.999884207102433,0.9999999919347756,-9.589507584142415e-16,2615.9860530362444,3.468738934707105e-05,0.7426114246781165
0.0010,795.2,7.97239906263522e-05,7.973321263136006e-05,-0.0004114093208967124,0.9998720358168955,0.999999991934117,-1.118775884816615e-15,2615.986043767087,3.468977189239538e-05,0.742617577991742
0.0010,796.0,-0.0002477508318701929,-0.0002477679631482451,-0.00039985413993925853,0.9998780265852691,0.99999999193346,-1.118775884816615e-15,2615.9860909899508,3.4691868161622714e-05,0.7426112554207162
0.0010,796.8000000000001,-0.0005484653067888406,-0.0005484998277199338,-0.0003450984414528604,0.9999081418515368,0.999999991932801,-1.118775884816615e-15,2615.9861104480274,3.4693673632466426e-05,0.742603530379037
0.0010,797.6,-0.0007899320971268903,-0.000789970910329146,-0.0002530567365775106,0.9999449531964553,0.9999999919321391,-9.589507584142415e-16,2615.986068464844,3.469586514424983e-05,0.7426122168205195
0.0010,798.4,-0.0009460515269726336,-0.0009460901874155875,-0.00013367077924358756,0.9999681648649977,0.9999999919314794,-7.991256320118678e-16,2615.9860396574136,3.4698226758360047e-05,0.7426213790994822
0.0010,799.2,-0.0009999435748186893,-0.0009999884243487528,1.5723876804716883e-07,0.9999769939575219,0.9999999919308229,-9.589507584142415e-16,2615.986074412902,3.470013585011072e-05,0.7426116634917355
0.0010,800.0,-0.0009457902839067463,-0.0009458442544057867,0.00013396442762179703,0.9999641899853466,0.9999999919301653,-9.589507584142415e-16,2615.9861112765457,3.470201722905754e-05,0.7426022276588965
0.0010,800.8000000000001,-0.0007894568944039529,-0.0007895097074619908,0.0002532971859290674,0.9999311593417989,0.9999999919295091,-9.589507584142415e-16,2615.9860852578527,3.4704319637995974e-05,0.742611366146131
0.0010,801.6,-0.0005478377613245708,-0.0005478743261326301,0.0003452658215397681,0.9999006366745493,0.9999999919288592,-7.991256320118678e-16,2615.9860418676153,3.470649477478808e-05,0.7426194986951757
0.0010,802.4,-0.00024703034351212583,-0.00024704360499625883,0.000399931167255825,0.9998812189394932,0.9999999919282138,-1.118775884816615e-15,2615.9860578370685,3.4708307286098646e-05,0.7426112382474352
0.0010,803.2,8.047223432915787e-05,8.047903157577468e-05,0.00041138539259512856,0.9998759593282155,0.9999999919275704,-7.991256320118678e-16,2615.986105542071,3.4710298854803404e-05,0.7426044548519285
0.0010,804.0,0.00039928774393324006,0.000399306698467491,0.0003783927770705094,0.9998954835285445,0.9999999919269319,-9.589507584142415e-16,2615.9861001217387,3.471252265054959e-05,0.74261152126354
0.0010,804.8000000000001,0.0006749661161084388,0.0006749923965056426,0.0003045164613096642,0.9999263114006548,0.9999999919263024,-9.589507584142415e-16,2615.986050275879,3.471450796553006e-05,0.7426180607275004
0.0010,805.6,0.0008777108905113287,0.0008777483735708933,0.0001977365143618724,0.9999512336583659,0.9999999919256792,-6.393005056094942e-16,2615.9860449281528,3.471631116571376e-05,0.7426145011462799
0.0010,806.4,0.0009856123569191835,0.0009856675718670587,6.959431299387584e-05,0.9999703440023083,0.9999999919250594,-9.589507584142415e-16,2615.9860943955423,3.47183037789312e-05,0.7426101494138962
0.0010,807.2,0.0009870256286980553,0.0009870929751370277,-6.606309583322956e-05,0.999970461575633,0.9999999919244478,-9.589507584142415e-16,2615.986110052799,3.4720363407190455e-05,0.7426112889954491
0.0010,808.0,0.0008818109562688941,0.0008818716895281381,-0.00019458465264088692,0.9999484030819484,0.9999999919238458,-7.991256320118678e-16,2615.986063344196,3.4722222470388835e-05,0.7426143389239027
0.0010,808.8000000000001,0.0006813303101125522,0.0006813693025660912,-0.00030208635967541886,0.9999229380127124,0.9999999919232495,-9.589507584142415e-16,2615.986038117982,3.4724023928099e-05,0.742616154810432
0.0010,809.6,0.00040723185185833553,0.0004072476736478663,-0.00037694843324410693,0.9998964818246014,0.9999999919226586,-9.589507584142415e-16,2615.986079573438,3.4725923885780424e-05,0.7426139986463384
0.0010,810.4,8.912689923704198e-05,8.912552666222986e-05,-0.0004110819092574237,0.9998773029932512,0.9999999919220769,-9.589507584142415e-16,2615.9861129978162,3.472781031022584e-05,0.7426087402861422
0.0010,811.2,-0.00023861195940720988,-0.00023862582059921332,-0.0004008013184251817,0.9998828159442137,0.9999999919215032,-9.589507584142415e-16,2615.9860788558717,3.472962082958977e-05,0.7426101040590027
0.0010,812.0,-0.0005405681642274511,-0.0005405950404448557,-0.0003472157519743699,0.9999033442975774,0.9999999919209334,-9.589507584142415e-16,2615.9860387662166,3.473138756026377e-05,0.7426186489872203
0.0010,812.8000000000001,-0.0007841107048353537,-0.0007841551783858128,-0.0002561149148982152,0.9999304019312321,0.9999999919203688,-6.393005056094942e-16,2615.9860637891693,3.4733132338936373e-05,0.7426183151946435
0.0010,813.6,-0.0009429308489660957,-0.0009429920780648088,-0.00013734562655270548,0.9999616095823879,0.999999991919812,-9.589507584142415e-16,2615.9861086789347,3.4734934827488785e-05,0.742608121516731
0.0010,814.4,-0.0009998828884349412,-0.000999946873478003,-3.738633035833703e-06,0.9999757946992992,0.9999999919192608,-7.991256320118678e-16,2615.9860940868575,3.4736751517609584e-05,0.7426087359654691
0.0010,815.2,-0.0009488157536582932,-0.0009488650088190362,0.00013027587178186895,0.9999665163465902,0.9999999919187107,-1.118775884816615e-15,2615.986046460733,3.47384085569364e-05,0.7426203811546856
0.0010,816.0,-0.0007952332510213705,-0.0007952627506361813,0.00025021695624593166,0.9999446637825671,0.9999999919181655,-7.991256320118678e-16,2615.9860498759026,3.474003725898295e-05,0.7426195467835115
0.0010,816.8000000000001,-0.0005557199986191212,-0.0005557362277878865,0.0003431211820170024,0.9999112279550592,0.9999999919176259,-6.393005056094942e-16,2615.986098052225,3.474186687143294e-05,0.7426069148830904
0.0010,817.6,-0.00025615861962036195,-0.00025616668543671943,0.000398952023183251,0.9998805329880671,0.9999999919170881,-6.393005056094942e-16,2615.9861059747946,3.4743652912418944e-05,0.7426067215547308
0.0010,818.4,7.107714916363852e-05,7.107942602035577e-05,0.0004116797026168277,0.9998732571764269,0.9999999919165504,-7.991256320118678e-16,2615.9860594811394,3.474517942362818e-05,0.7426177750959355
0.0010,819.2,0.0003906260753976513,0.0003906456315282585,0.00037992755468684594,0.9998852810335257,0.9999999919160165,-4.794753792071207e-16,2615.986040682615,3.474680255789728e-05,0.7426175177699851
0.0010,820.0,0.0006679625946381979,0.0006680043169883156,0.000307126638683409,0.999912520201518,0.999999991915485,-7.991256320118678e-16,2615.9860834130736,3.47486840686138e-05,0.742607494004578
0.0010,820.8000000000001,0.0008731325823114655,0.0008731898858643704,0.00020114544050387344,0.9999511671846554,0.9999999919149537,-7.991256320118678e-16,2615.986112214744,3.47503888510824e-05,0.7426068903264775
0.0010,821.6,0.0009839796413959598,0.0009840349446599845,7.343181597076446e-05,0.9999762914335949,0.9999999919144221,-6.393005056094942e-16,2615.9860753784824,3.47518360991487e-05,0.742614677907322
0.0010,822.4,0.0009885206690302833,0.0009885614068821705,-6.221982843248777e-05,0.9999775955205124,0.9999999919138924,-7.991256320118678e-16,2615.986038191733,3.475352059164493e-05,0.7426164750397302
0.0010,823.2,0.0008862489383227069,0.0008862778176141042,-0.0001911495682065862,0.9999613887571921,0.9999999919133635,-9.589507584142415e-16,2615.9860675365476,3.4755434965331184e-05,0.7426115486315018
0.0010,824.0,0.0006882123409171592,0.0006882369968032649,-0.0002994229990151276,0.999925283405952,0.9999999919128334,-4.794753792071207e-16,2615.986111349672,3.4757038268420394e-05,0.7426083133166463
0.0010,824.8000000000001,0.00041581828531290333,0.0004158381314015669,-0.0003753450932729077,0.9998870725950842,0.9999999919123026,-4.794753792071207e-16,2615.986091058181,3.4758459859870725e-05,0.7426102921918736
0.0010,825.6,9.850402153683567e-05,9.851123711831502e-05,-0.00041071547895485746,0.9998708147894749,0.9999999919117725,-4.794753792071207e-16,2615.9860429718206,3.476025781835131e-05,0.7426149061348811
0.0010,826.4,-0.0002294469584833609,-0.00022945926589479425,-0.00040171038046729493,0.9998743275496738,0.9999999919112408,-6.393005056094942e-16,2615.986053336264,3.4762156054072764e-05,0.7426149855692296
0.0010,827.2,-0.000532606644818561,-0.0005326379948926313,-0.0003493035086257828,0.9998992778978573,0.9999999919107064,-4.794753792071207e-16,2615.9861034475857,3.476364901595468e-05,0.742608262243458
0.0010,828.0,-0.0007782293189405058,-0.0007782696917195152,-0.00025915859554115014,0.9999406005573586,0.9999999919101712,-6.393005056094942e-16,2615.986103761519,3.476515130362418e-05,0.7426058891088981
0.0010,828.8000000000001,-0.0009397782203120404,-0.0009398156530733133,-0.0001410112346423567,0.9999702833083315,0.9999999919096353,-4.794753792071207e-16,2615.986054268963,3.476704656888436e-05,0.7426137985842205
0.0010,829.6,-0.0009997858464801655,-0.0009998191433057092,-7.6250973756836695e-06,0.999979604013746,0.9999999919090957,-6.393005056094942e-16,2615.9860433520453,3.476885836759887e-05,0.7426177662076561
0.0010,830.4,-0.0009517586447493823,-0.0009517964912697641,0.00012658271729578877,0.9999700367484056,0.9999999919085525,-7.991256320118678e-16,2615.986089958622,3.477033958509397e-05,0.7426094771729129
0.0010,831.2,-0.0008008941215738289,-0.0008009391673080624,0.0002471104613312685,0.9999367954939118,0.9999999919080075,-6.393005056094942e-16,2615.986111134728,3.477196219138518e-05,0.7426047331700663
0.0010,832.0,-0.0005635060957786335,-0.0005635473251950219,0.00034094086248936825,0.999899352911847,0.9999999919074593,-4.794753792071207e-16,2615.9860696549977,3.4773883911471314e-05,0.7426133328734073
0.0010,832.8000000000001,-0.00026524460047182535,-0.00026526771909879935,0.0003979369913835124,0.999878203770298,0.9999999919069058,-3.196502528047471e-16,2615.9860391203306,3.477566556658563e-05,0.7426192492581706
0.0010,833.6,6.167205674753868e-05,6.167298917637994e-05,0.000411937917396218,0.9998728695666871,0.9999999919063483,-4.794753792071207e-16,2615.986073454281,3.477719701753089e-05,0.7426114246639114
0.0010,834.4,0.0003819295453712247,0.0003819505125511254,0.0003814318224708586,0.9998901214652545,0.9999999919057873,-4.794753792071207e-16,2615.9861117849014,3.4778914667104974e-05,0.742604806397362
0.0010,835.2,0.0006609301477037578,0.0006609616376661086,0.0003097152783771915,0.9999258856940596,0.9999999919052206,-3.196502528047471e-16,2615.9860860029526,3.478087983124194e-05,0.7426114528323094
0.0010,836.0,0.0008685247552256015,0.0008685603921927988,0.0002045334963628116,0.9999556181126644,0.9999999919046483,-4.794753792071207e-16,2615.986041534253,3.47826599931117e-05,0.7426182832640273
0.0010,836.8000000000001,0.000982271624745508,0.0009823148809019924,7.725150656520134e-05,0.9999725091368126,0.9999999919040723,-6.393005056094942e-16,2615.9860574196214,3.47842633142062e-05,0.7426129375951589
0.0010,837.6,0.0009898797687198297,0.000989935472699712,-5.837349662109921e-05,0.9999735039791837,0.9999999919034912,-6.393005056094942e-16,2615.9861056498917,3.4786085760771804e-05,0.7426061187525801
0.0010,838.4,0.0008905420697535722,0.0008906017789809716,-0.00018768923976644322,0.9999497391713152,0.999999991902904,-4.794753792071207e-16,2615.9861001576005,3.478807105783899e-05,0.7426096908918863
0.0010,839.2,0.0006949996451722339,0.0006950457794133514,-0.0002967293267064918,0.9999177422937756,0.9999999919023123,-4.794753792071207e-16,2615.9860503369323,3.478988954252317e-05,0.7426162074039055
0.0010,840.0,0.00042437108222431524,0.0004243935861546965,-0.00037371162647591275,0.9998935438204698,0.9999999919017166,-3.196502528047471e-16,2615.9860449917755,3.4791583581550664e-05,0.7426152281101708
0.0010,840.8000000000001,0.00010788693590263979,0.00010788749127932354,-0.0004103152963483032,0.9998774550437759,0.999999991901115,-3.196502528047471e-16,2615.9860937046037,3.479345299372017e-05,0.7426097473987884
0.0010,841.6,-0.00022026076328403774,-0.00022027519304373475,-0.00040258696238889945,0.9998823592452047,0.9999999919005087,-1.5982512640237355e-16,2615.9861093846616,3.479549998451436e-05,0.7426083796465247
0.0010,842.4,-0.0005246161947741098,-0.0005246389788819996,-0.0003513619003422846,0.9999078385315924,0.9999999918998986,-3.196502528047471e-16,2615.9860639658978,3.4797378371080465e-05,0.7426135939681457
0.0010,843.2,-0.0007722871230710129,-0.000772318401241712,-0.00026217218169561013,0.9999345554018864,0.9999999918992847,-6.393005056094942e-16,2615.986038487111,3.47990831387063e-05,0.7426180914470516
0.0010,844.0,-0.0009365052242294972,-0.0009365520753028011,-0.00014465673526022895,0.9999594754840726,0.9999999918986662,-3.196502528047471e-16,2615.9860781850803,3.4801036936412616e-05,0.7426135742523889
0.0010,844.8000000000001,-0.0009995351781491222,-0.0009995976616081152,-1.15160414439471e-05,0.9999739382064767,0.999999991898044,-3.196502528047471e-16,2615.986112089227,3.4803166439213945e-05,0.7426069359534212
0.0010,845.6,-0.0009545830087542119,-0.0009546455861823468,0.0001228687876325551,0.9999635882590951,0.9999999918974202,-3.196502528047471e-16,2615.986079944841,3.480501106237844e-05,0.7426116192574342
0.0010,846.4,-0.000806505709176163,-0.0008065506335698615,0.00024398242593824933,0.9999401857504119,0.9999999918967936,-1.5982512640237355e-16,2615.986039139017,3.4806752976721114e-05,0.7426202646346118
0.0010,847.2,-0.0005712886334006546,-0.0005713113546820535,0.00033873580279820145,0.9999131427370306,0.9999999918961632,0.0,2615.986062100474,3.480881290293808e-05,0.7426161118320345
0.0010,848.0,-0.0002743388247677455,-0.00027434500775002345,0.0003968885864388654,0.9998850947816486,0.9999999918955313,-3.196502528047471e-16,2615.9861078500994,3.481093476649625e-05,0.7426070012111189
0.0010,848.8000000000001,5.2257192899169644e-05,5.226203659709094e-05,0.00041216015777367174,0.9998756805217213,0.9999999918948996,-3.196502528047471e-16,2615.9860952273066,3.4812750709872214e-05,0.7426108284223537
0.0010,849.6,0.0003732070165000872,0.00037322241677931547,0.0003829006797319655,0.9998889381988926,0.9999999918942651,-4.794753792071207e-16,2615.9860467520116,3.481454238422863e-05,0.7426200167342887
0.0010,850.4,0.00065382651135595,0.0006538577804296714,0.00031226985659694876,0.9999122366608635,0.9999999918936296,-3.196502528047471e-16,2615.986048489324,3.4816657995969045e-05,0.7426174076708886
0.0010,851.2,0.0008637961444051263,0.00086384707686084,0.00020790183589057852,0.9999447431225825,0.9999999918929955,-3.196502528047471e-16,2615.986097490273,3.4818768492263706e-05,0.7426087638562116
0.0010,852.0,0.0009804437021090928,0.0009805046283721279,8.107445983629563e-05,0.9999721625025638,0.9999999918923614,-3.196502528047471e-16,2615.9861068177643,3.482052465477744e-05,0.7426095321614591
0.0010,852.8000000000001,0.0009911747229398495,0.0009912270263272766,-5.451445692018024e-05,0.9999751512307542,0.9999999918917264,-4.794753792071207e-16,2615.986059707934,3.4822355391052734e-05,0.7426171249791289
0.0010,853.6,0.0008948177779350056,0.0008948528756396638,-0.00018421726259343804,0.9999604475963437,0.999999991891093,-4.794753792071207e-16,2615.986039892995,3.4824547465913854e-05,0.7426180150421323
0.0010,854.4,0.0007017700613830535,0.0007017936425852866,-0.0002940151882901796,0.9999319481716262,0.9999999918904632,-3.196502528047471e-16,2615.986082962226,3.482655816966216e-05,0.7426109809991934
0.0010,855.2,0.00043289204955445656,0.00043291037060341596,-0.00037204382476297603,0.9998942769634996,0.9999999918898346,-3.196502528047471e-16,2615.9861123213313,3.482824197090234e-05,0.7426079774113382
0.0010,856.0,0.00011724357494592094,0.00011725500308087814,-0.0004098762770413183,0.9998728695792556,0.9999999918892073,-6.393005056094942e-16,2615.986075427302,3.483017979999379e-05,0.7426137723956209
0.0010,856.8000000000001,-0.0002110661250669923,-0.00021106880053136626,-0.00040342477628670196,0.9998750664830337,0.9999999918885851,-3.196502528047471e-16,2615.9860380686246,3.48323400104933e-05,0.742617926542967
0.0010,857.6,-0.0005165630468850481,-0.0005165874605496561,-0.0003533851333573679,0.9998939939997411,0.9999999918879676,-4.794753792071207e-16,2615.986067055893,3.483419438604087e-05,0.7426130139573702
0.0010,858.4,-0.0007662459221629762,-0.0007662920863114453,-0.0002651665713707911,0.9999312150490847,0.9999999918873538,-4.794753792071207e-16,2615.986110636912,3.4835891195025296e-05,0.7426074339287293
0.0010,859.2,-0.000933150156323308,-0.0009332055890543564,-0.00014829988770563983,0.9999671496155127,0.9999999918867444,-6.393005056094942e-16,2615.9860911149012,3.4837860918647006e-05,0.7426103008918313
0.0010,860.0,-0.0009992431853623487,-0.0009992931064356843,-1.5406773818768195e-05,0.9999800279650608,0.9999999918861431,-1.5982512640237355e-16,2615.9860435620794,3.4839900619614865e-05,0.7426160351572935
0.0010,860.8000000000001,-0.0009573698469770756,-0.0009574113677873527,0.00011915315862357359,0.9999733887299668,0.9999999918855484,-3.196502528047471e-16,2615.986052751866,3.4841638694061805e-05,0.7426144852989129
0.0010,861.6,-0.000812047594749174,-0.0008120860583952232,0.00024083598579640475,0.9999458726295595,0.9999999918849604,-1.5982512640237355e-16,2615.9861021406837,3.48433101894627e-05,0.7426075208009719
0.0010,862.4,-0.0005789866141814841,-0.0005790213817746812,0.0003364959414118588,0.9999045484758857,0.99999999188438,-3.196502528047471e-16,2615.9861039385883,3.48452501654828e-05,0.7426064825451472
0.0010,863.2,-0.00028337655212700834,-0.0002833983023786267,0.0003958016369364481,0.9998769743535095,0.9999999918838094,-4.794753792071207e-16,2615.9860552102164,3.484713993502486e-05,0.7426135571858596
0.0010,864.0,4.284326660159556e-05,4.284436181865037e-05,0.00041234416277554763,0.999870529457821,0.9999999918832488,-3.196502528047471e-16,2615.9860426210116,3.484871161210477e-05,0.7426161683079161
0.0010,864.8000000000001,0.00036443111297648176,0.00036445796866422424,0.00038433508863223087,0.999883507072003,0.9999999918826968,-4.794753792071207e-16,2615.9860885116127,3.485037214418838e-05,0.7426085713638383
0.0010,865.6,0.0006466501595066122,0.0006466946983018797,0.0003148026812017513,0.9999191272380302,0.9999999918821553,-4.794753792071207e-16,2615.986111388036,3.485223003095044e-05,0.7426047502951678
0.0010,866.4,0.000859014564424542,0.0008590616227746519,0.00021125763047897782,0.9999564317126046,0.9999999918816262,-3.196502528047471e-16,2615.986070595322,3.4853856903873826e-05,0.7426128401623278
0.0010,867.2,0.000978570617662506,0.0009786120570321162,8.488395992145642e-05,0.9999754144595379,0.9999999918811081,-1.5982512640237355e-16,2615.986038617295,3.485533003583768e-05,0.742617906994726
0.0010,868.0,0.000992386219778492,0.0009924274273752018,-5.066092386448492e-05,0.9999773060314843,0.9999999918805998,-3.196502528047471e-16,2615.9860724108335,3.4856978045428594e-05,0.7426107453610016
0.0010,868.8000000000001,0.0008989710331242609,0.0008990171141864296,-0.00018072808670443596,0.999956143573396,0.9999999918801048,0.0,2615.986111947656,3.4858592528020515e-05,0.7426057151680395
0.0010,869.6,0.0007084328808004404,0.0007084757926075061,-0.0002912682109583244,0.999918290044217,0.9999999918796225,0.0,2615.9860868118144,3.4860011361103507e-05,0.7426121260894845
0.0010,870.4,0.000441362854584094,0.00044138884841560375,-0.000370341620145304,0.9998893381639018,0.9999999918791505,-3.196502528047471e-16,2615.986041663414,3.486145742195806e-05,0.7426175703581147
0.0010,871.2,0.00012660949621293198,0.00012661179596598315,-0.00040940226467032825,0.9998751403893188,0.9999999918786899,-4.794753792071207e-16,2615.986056945379,3.4862945953590564e-05,0.7426130929179474
0.0010,872.0,-0.000201826626343688,-0.00020184517050621863,-0.0004042288527045769,0.9998784621970542,0.9999999918782434,-1.5982512640237355e-16,2615.986105541894,3.4864318696582786e-05,0.7426072970925883
0.0010,872.8000000000001,-0.0005084646603570236,-0.0005084945650376873,-0.0003553821132740589,0.9999062437224986,0.9999999918778087,-1.5982512640237355e-16,2615.9861008832827,3.486563375640245e-05,0.7426094588028379
0.0010,873.6,-0.0007601723971534341,-0.0007602050969234951,-0.00026813740421917896,0.9999393596344773,0.9999999918773845,-3.196502528047471e-16,2615.9860511906277,3.486697725351965e-05,0.742615737111776
0.0010,874.4,-0.0009297424806078048,-0.0009297790761446894,-0.00015191943738018302,0.9999621181222148,0.9999999918769725,-1.5982512640237355e-16,2615.986044987006,3.486826974618177e-05,0.7426159941162105
0.0010,875.2,-0.0009988479232725112,-0.000998894613892114,-1.928962046926089e-05,0.9999745540318384,0.9999999918765727,0.0,2615.986093320983,3.486947229447454e-05,0.7426093143501843
0.0010,876.0,-0.000960033513590951,-0.0009600871581990456,0.00011542052079272716,0.9999647095269675,0.9999999918761839,-1.5982512640237355e-16,2615.9861099633645,3.487067917239836e-05,0.7426071613127587
0.0010,876.8000000000001,-0.0008175042801912792,-0.0008175506207449119,0.00023766191836098796,0.9999361061382553,0.9999999918758059,0.0,2615.986065160883,3.487190144513697e-05,0.7426146547545027
0.0010,877.6,-0.0005866554783863818,-0.0005866825908860823,0.0003342287356471093,0.9999091607263141,0.999999991875439,0.0,2615.9860386683577,3.4873013087186265e-05,0.742619044371625
0.0010,878.4,-0.00029241877298313856,-0.0002924258948114955,0.00039468337057451796,0.9998865045407895,0.9999999918750827,-1.5982512640237355e-16,2615.9860774950744,3.487406426321406e-05,0.7426122003827131
0.0010,879.2,3.341948063617165e-05,3.342567159297695e-05,0.0004124938114305777,0.9998767141817089,0.999999991874737,1.5982512640237355e-16,2615.986112269354,3.4875199514042746e-05,0.7426069573289071
0.0010,880.0,0.0003556532847754676,0.0003556659001326931,0.00038573759480552415,0.9998917383716618,0.999999991874401,1.5982512640237355e-16,2615.986081029297,3.487628436689677e-05,0.7426131915886954
0.0010,880.8000000000001,0.0006394605865870056,0.000639478686177465,0.00031730353148227476,0.9999171400209977,0.9999999918740748,1.5982512640237355e-16,2615.9860393645645,3.4877215617185597e-05,0.7426194333561307
0.0010,881.6,0.0008541675580266547,0.0008541984467091256,0.00021458570772297717,0.9999435109682615,0.9999999918737588,0.0,2615.9860612644147,3.4878190350474925e-05,0.742614592540475
0.0010,882.4,0.0009765775543983993,0.0009766269559155823,8.868653844471697e-05,0.9999682502435423,0.9999999918734523,1.5982512640237355e-16,2615.9861076589173,3.487924434442205e-05,0.7426073952247911
0.0010,883.2,0.0009934802173859987,0.0009935393199571947,-4.679258125632675e-05,0.9999726558573195,0.9999999918731552,1.5982512640237355e-16,2615.986096036346,3.488016040414598e-05,0.7426099188551123
0.0010,884.0,0.0009030559559106477,0.0009031075494826371,-0.0001772195785101241,0.9999559111434726,0.9999999918728674,0.0,2615.9860470344606,3.488097533772134e-05,0.7426171510346722
0.0010,884.8000000000001,0.0007150634086787517,0.000715099304712469,-0.00028850143224228714,0.9999315852288345,0.9999999918725895,0.0,2615.9860477912684,3.488188875710011e-05,0.7426162249684195
0.0010,885.6,0.00044980495072425756,0.00044982789774318657,-0.00036861019374557276,0.9999002523475359,0.9999999918723205,0.0,2615.986097033618,3.488282494502928e-05,0.7426081312201244
0.0010,886.4,0.00013594289063987149,0.0001359560089325606,-0.0004088918205751369,0.9998768379065439,0.9999999918720597,-1.5982512640237355e-16,2615.986107133603,3.488360505488762e-05,0.7426071012625418
0.0010,887.2,-0.00019260632672552308,-0.00019260466454376943,-0.0004049961635375354,0.9998782869718401,0.9999999918718084,0.0,2615.9860600140355,3.4884331804485695e-05,0.7426155836471396
0.0010,888.0,-0.0005003392245132977,-0.0005003552946575843,-0.0003573423182204279,0.9998956084109987,0.9999999918715661,-1.5982512640237355e-16,2615.986039575346,3.4885183341456473e-05,0.7426184491227243
0.0010,888.8000000000001,-0.000754004359485545,-0.0007540447179260231,-0.0002710801023928328,0.9999249959831337,0.9999999918713312,-1.5982512640237355e-16,2615.986082280121,3.488601216739899e-05,0.7426104976179955
0.0010,889.6,-0.0009262045604686137,-0.0009262649954656113,-0.00015553264059169484,0.9999605538685076,0.9999999918711043,-1.5982512640237355e-16,2615.986112030129,3.48866640606627e-05,0.7426066194319012
0.0010,890.4,-0.0009983473457592475,-0.0009984105249609381,-2.3180745922046374e-05,0.999977715405367,0.9999999918708867,-1.5982512640237355e-16,2615.98607583402,3.4887338281622495e-05,0.742614372710358
0.0010,891.2,-0.0009626331037871079,-0.0009626843050755128,0.00011167989584776966,0.9999720178902777,0.9999999918706765,-1.5982512640237355e-16,2615.986038244256,3.488814287030515e-05,0.742619850621401
0.0010,892.0,-0.0008229054497586444,-0.0008229440472023791,0.00023447459844649015,0.9999507689515145,0.9999999918704735,-4.794753792071207e-16,2615.9860662108827,3.488883574610093e-05,0.7426138095069277
0.0010,892.8000000000001,-0.0005942586531623996,-0.0005942894595332028,0.00033193238825525776,0.9999133514393068,0.9999999918702792,0.0,2615.986109915524,3.488940044642873e-05,0.7426073414112931
0.0010,893.6,-0.0003014052718832035,-0.00030142701310006156,0.00039352664493416683,0.999880063810694,0.9999999918700917,0.0,2615.9860916839407,3.489006962331969e-05,0.7426110300195102
0.0010,894.4,2.4007623176531627e-05,2.4002182927811704e-05,0.0004126042957307246,0.9998706400336916,0.9999999918699113,-1.5982512640237355e-16,2615.9860441252677,3.48907767195468e-05,0.7426178981849038
0.0010,895.2,0.0003468194562775295,0.0003468379453884887,0.0003871021643356391,0.999880358395364,0.9999999918697379,-3.196502528047471e-16,2615.9860519366975,3.4891361988136794e-05,0.7426159691727293
0.0010,896.0,0.0006321560910116779,0.0006321997459505754,0.00031977691747871883,0.9999100396693393,0.9999999918695717,0.0,2615.9861012986466,3.489191093146812e-05,0.7426081572328779
0.0010,896.8000000000001,0.0008491994043899911,0.0008492576003376434,0.0002179040504032521,0.9999510879726209,0.9999999918694115,1.5982512640237355e-16,2615.986104519842,3.4892534758505066e-05,0.7426075117838248
0.0010,897.6,0.0009745037758639205,0.000974560156282986,9.248610484145843e-05,0.9999762009016827,0.9999999918692571,-1.5982512640237355e-16,2615.986055952603,3.4893159854875626e-05,0.7426150325018779
0.0010,898.4,0.0009945191457832962,0.0009945665347147207,-4.292792149714007e-05,0.9999795649391756,0.9999999918691088,0.0,2615.9860420613763,3.4893700934416316e-05,0.7426170752501039
0.0010,899.2,0.0009070715339257138,0.000907114289174717,-0.00017370203377835197,0.9999633752742495,0.9999999918689657,-1.5982512640237355e-16,2615.9860876444886,3.4894230105188086e-05,0.742609397539456
0.0010,900.0,0.0007216148883978231,0.0007216547964389228,-0.0002857052414388786,0.9999256553488068,0.9999999918688285,-1.5982512640237355e-16,2615.9861116160264,3.489482655630341e-05,0.7426060696258405
0.0010,900.8000000000001,0.00045819834875917805,0.00045822683666199473,-0.0003668408982745688,0.9998889392590513,0.9999999918686958,0.0,2615.9860712603554,3.4895405010042184e-05,0.7426136499771062
0.0010,901.6,0.00014528436118243452,0.00014529048011267473,-0.00040834361856665626,0.9998723789558299,0.9999999918685679,-3.196502528047471e-16,2615.986038358894,3.489591052175577e-05,0.7426183630507076
0.0010,902.4,-0.0001833234392117437,-0.00018334391760360712,-0.0004057268422984639,0.9998738849142804,0.9999999918684453,-1.5982512640237355e-16,2615.9860714788347,3.489645632771191e-05,0.7426118121855974
0.0010,903.2,-0.000492127890907231,-0.0004921693296007643,-0.00035927459580201875,0.9998988158698309,0.9999999918683268,-1.5982512640237355e-16,2615.986111646369,3.4897037209014205e-05,0.7426061211578515
0.0010,904.0,-0.0007477718416160818,-0.0007478201875428691,-0.0002740060237788866,0.9999382724958948,0.999999991868213,0.0,2615.986087301628,3.489755422384661e-05,0.7426112293317821
0.0010,904.8000000000001,-0.0009226307921429058,-0.0009226743369102784,-0.00015912998648240703,0.9999660075416198,0.9999999918681035,-1.5982512640237355e-16,2615.986041735061,3.4898086445351356e-05,0.7426177755110999
0.0010,905.6,-0.0009977971228877418,-0.000997837433027508,-2.7059068712387874e-05,0.9999773972924835,0.9999999918679977,0.0,2615.9860560779607,3.489866408748419e-05,0.7426143393474075
0.0010,906.4,-0.0009651454228929056,-0.00096518936394793,0.00010793180868306547,0.9999698525449493,0.9999999918678956,-1.5982512640237355e-16,2615.9861048003672,3.4899178961560576e-05,0.7426066941974534
0.0010,907.2,-0.0008282167477765789,-0.000828260562210483,0.00023125894373951774,0.9999385309783534,0.9999999918677982,0.0,2615.9861011171115,3.489970494273864e-05,0.742607623665901
0.0010,908.0,-0.0006018140556587211,-0.0006018449784715312,0.00032960280928200097,0.9999047713283528,0.9999999918677043,0.0,2615.986051567557,3.4900307478956e-05,0.7426151829503146
0.0010,908.8000000000001,-0.0003103936601416128,-0.00031040312142649007,0.00039233686322627596,0.9998835846494256,0.9999999918676128,-4.794753792071207e-16,2615.9860443960306,3.4900835656252646e-05,0.7426158317107083
0.0010,909.6,1.4565374261514314e-05,1.4576514168057371e-05,0.0004126802231085864,0.9998748239007507,0.9999999918675261,-4.794753792071207e-16,2615.9860923541087,3.4901334030390055e-05,0.742607877265194
0.0010,910.4,0.0003379574962018127,0.00033798144456040634,0.000388436483441132,0.9998894560782626,0.9999999918674426,-4.794753792071207e-16,2615.9861099920067,3.490194534876896e-05,0.742605368800751
0.0010,911.2,0.0006248424964275205,0.0006248703424001611,0.0003222247097130242,0.999920835462236,0.9999999918673622,-1.5982512640237355e-16,2615.9860658857724,3.4902531790005205e-05,0.7426134079249923
0.0010,912.0,0.0008442149402127806,0.0008442455019620717,0.00022119594629160525,0.9999477653832822,0.999999991867285,-3.196502528047471e-16,2615.986038541603,3.490303189144596e-05,0.7426178407067884
0.0010,912.8000000000001,0.000972363060912492,0.0009724034187732935,9.626859838596795e-05,0.9999679603962904,0.9999999918672113,0.0,2615.9860765455223,3.490359994266696e-05,0.7426111099731701
0.0010,913.6,0.0009954477699640925,0.0009954995585320374,-3.9055822381868724e-05,0.9999729691307195,0.9999999918671401,-1.5982512640237355e-16,2615.9861121545346,3.4904230898271446e-05,0.7426062231601475
0.0010,914.4,0.0009109897887145846,0.0009110407505655686,-0.00017016026318600894,0.9999535260262548,0.999999991867072,-3.196502528047471e-16,2615.986081963757,3.4904797508196285e-05,0.7426124229164258
0.0010,915.2,0.0007281151201266338,0.0007281503552976747,-0.0002828838091857063,0.9999263496535914,0.999999991867007,0.0,2615.986039653857,3.4905333244681225e-05,0.742619041601172
0.0010,916.0,0.00046657086547953377,0.0004665864288130038,-0.00036504406562840367,0.9999007266224554,0.9999999918669441,-1.5982512640237355e-16,2615.986060444928,3.490594119480388e-05,0.7426150099314246
0.0010,916.8000000000001,0.00015460896374378175,0.00015461027835109932,-0.0004077616508999466,0.9998795328750338,0.9999999918668849,0.0,2615.986107295419,3.4906578727796447e-05,0.7426081494875372
0.0010,917.6,-0.00017406362779015937,-0.00017407028442619139,-0.0004064234483205,0.9998802097041076,0.9999999918668279,-1.5982512640237355e-16,2615.986096791283,3.490715373807493e-05,0.7426110016258689
0.0010,918.4,-0.00048393079052334403,-0.00048394376962469977,-0.0003611735959593554,0.9999004459808624,0.9999999918667729,-1.5982512640237355e-16,2615.9860475797254,3.4907724695560576e-05,0.7426185769724318
0.0010,919.2,-0.0007415045193535144,-0.0007415293202771533,-0.00027689952156689714,0.9999257503258637,0.999999991866721,-3.196502528047471e-16,2615.9860472639284,3.4908364152020284e-05,0.7426175612475967
0.0010,920.0,-0.0009189531055866263,-0.0009189962355995182,-0.00016271002437642592,0.9999553791650647,0.9999999918666724,-4.794753792071207e-16,2615.986096459918,3.490900463524988e-05,0.7426093754601195
0.0010,920.8000000000001,-0.0009971169030708763,-0.0009971729034864956,-3.094407042106882e-05,0.9999743764687578,0.9999999918666252,-4.794753792071207e-16,2615.986107599448,3.490959217403318e-05,0.7426079291991994
0.0010,921.6,-0.0009675613103708299,-0.0009676135770335794,0.0001041671882896564,0.9999684772180247,0.9999999918665802,-4.794753792071207e-16,2615.9860608447448,3.4910202853783456e-05,0.7426158125787456
0.0010,922.4,-0.0008334714042835999,-0.000833509066143726,0.00022802756685918522,0.999948747456681,0.9999999918665391,-1.5982512640237355e-16,2615.9860394725215,3.49108598989913e-05,0.74261883394987
0.0010,923.2,-0.0006093222585546954,-0.0006093474093240217,0.0003272497335374575,0.9999190991845913,0.9999999918664995,-4.794753792071207e-16,2615.986081545848,3.491149311785725e-05,0.7426114290327209
0.0010,924.0,-0.00031933196922152016,-0.00031934982979965707,0.0003911122475352613,0.9998861379742869,0.9999999918664608,-3.196502528047471e-16,2615.9861121251834,3.4912113938180634e-05,0.7426070089455868
0.0010,924.8000000000001,5.160901820614916e-06,5.150654200167289e-06,0.0004127182954010043,0.9998733369004017,0.9999999918664252,-3.196502528047471e-16,2615.9860767925406,3.491275875491722e-05,0.7426132684453041
0.0010,925.6,0.00032909083509111815,0.0003290944469130611,0.0003897328272540808,0.999882498586409,0.9999999918663928,-1.5982512640237355e-16,2615.9860384812378,3.491339618435225e-05,0.7426187973751336
0.0010,926.4,0.0006174553281659096,0.0006174809309655294,0.0003246384725094113,0.9999056028872365,0.9999999918663602,-3.196502528047471e-16,2615.9860653733426,3.491405344232363e-05,0.7426137476754514
0.0010,927.2,0.0008391040023619509,0.0008391523753688945,0.0002244714122599918,0.999942608283682,0.9999999918663293,-4.794753792071207e-16,2615.9861095968927,3.491471797711685e-05,0.7426072086724718
0.0010,928.0,0.0009701022763715708,0.0009701607230113118,0.00010005327624667014,0.9999727570794753,0.9999999918663021,-3.196502528047471e-16,2615.986092474769,3.491533372153523e-05,0.7426111284339943
0.0010,928.8000000000001,0.000996298066452564,0.000996350516730302,-3.517852203018531e-05,0.9999784419260372,0.9999999918662754,-4.794753792071207e-16,2615.986044490372,3.491598745756434e-05,0.742618695237113
0.0010,929.6,0.0009148470768663957,0.000914889145930388,-0.00016661185209961084,0.9999659365997053,0.9999999918662492,-4.794753792071207e-16,2615.9860510560834,3.4916695672800307e-05,0.7426165445589562
0.0010,930.4,0.0007345419266594239,0.0007345784402519427,-0.0002800407633353056,0.9999346883338485,0.9999999918662253,-4.794753792071207e-16,2615.9861005481216,3.491732120719462e-05,0.742608271684924
0.0010,931.2,0.0004748712017820436,0.00047490236031984365,-0.00036321108598893375,0.9998945736441762,0.9999999918662038,-3.196502528047471e-16,2615.9861049337196,3.491794114698027e-05,0.7426077548630478
0.0010,932.0,0.000163899001407609,0.0001639171512664221,-0.00040714042657216876,0.999872498669943,0.9999999918661816,-3.196502528047471e-16,2615.986056425739,3.491865222132841e-05,0.742615293320597
0.0010,932.8000000000001,-0.00016477479054283653,-0.0001647782753269721,-0.0004070811654726807,0.9998723168041338,0.9999999918661603,-3.196502528047471e-16,2615.986041443332,3.491931324116264e-05,0.7426169680506929
0.0010,933.6,-0.00047564135923573616,-0.0004756701929914682,-0.00036303913614098445,0.999891437223778,0.9999999918661409,-4.794753792071207e-16,2615.9860867725392,3.491992755606162e-05,0.7426091850412605
0.0010,934.4,-0.0007351214069393587,-0.0007351695145723129,-0.00027977514412683943,0.999930586456414,0.9999999918661213,-3.196502528047471e-16,2615.9861117674263,3.492061044958055e-05,0.7426055787556372
0.0010,935.2,-0.0009151875758264866,-0.0009152401702944278,-0.00016628301827554233,0.9999658026136506,0.999999991866101,-4.794753792071207e-16,2615.9860719672633,3.4921275265176064e-05,0.7426123457389636
0.0010,936.0,-0.0009963776091628073,-0.0009964247090908209,-3.482116636350888e-05,0.9999794579182232,0.999999991866082,-4.794753792071207e-16,2615.9860383175455,3.4921903693030706e-05,0.7426170093474512
0.0010,936.8000000000001,-0.0009699046619704119,-0.0009699495640654531,0.0001004030250573639,0.999974615892126,0.999999991866062,-7.991256320118678e-16,2615.986070803824,3.492257752657917e-05,0.7426109228535093
0.0010,937.6,-0.0008386299793575569,-0.0008386772299403218,0.0002247751986994467,0.9999464813520798,0.9999999918660408,-7.991256320118678e-16,2615.986111608588,3.49232286376908e-05,0.7426045494738629
0.0010,938.4,-0.0006167504557733253,-0.0006167930973621652,0.0003248613352842944,0.9999062826664743,0.9999999918660202,-3.196502528047471e-16,2615.986088122671,3.4923835873224556e-05,0.7426092324993308
0.0010,939.2,-0.0003282442202230481,-0.00032826906348937187,0.00038985091090626683,0.999880275889812,0.9999999918659978,-7.991256320118678e-16,2615.9860422115303,3.4924505667002696e-05,0.7426170967758625
0.0010,940.0,-4.27845277798956e-06,-4.277043915215311e-06,0.0004127196837810564,0.9998718277261979,0.9999999918659733,-6.393005056094942e-16,2615.986055614419,3.492517637431617e-05,0.7426146224822279
0.0010,940.8000000000001,0.0003201506673120602,0.000320177256169309,0.000390996397436097,0.9998834491150126,0.9999999918659478,-6.393005056094942e-16,2615.986104456561,3.4925749632525246e-05,0.742606799227794
0.0010,941.6,0.0006099981339532256,0.0006100391673156296,0.00032702975904122907,0.9999178045050171,0.9999999918659213,-7.991256320118678e-16,2615.986101818771,3.4926360435953894e-05,0.7426082914579573
0.0010,942.4,0.0008339480201155927,0.0008339911669890296,0.00022772816154112692,0.9999516781134051,0.9999999918658918,-6.393005056094942e-16,2615.9860524114542,3.492705455413212e-05,0.7426168241408639
0.0010,943.2,0.0009677909730615293,0.0009678344441429121,0.00010381902650832305,0.9999709024144715,0.9999999918658599,-6.393005056094942e-16,2615.986044171744,3.492765385197755e-05,0.7426171280275149
0.0010,944.0,0.0009970576675467093,0.000997107504443847,-3.1305018842159684e-05,0.9999758401015398,0.9999999918658269,-6.393005056094942e-16,2615.986091768675,3.492817980540091e-05,0.7426087433585602
0.0010,944.8000000000001,0.0009185963330881803,0.0009186505156544267,-0.00016304298225261186,0.9999567224349857,0.999999991865791,-7.991256320118678e-16,2615.9861104579004,3.492881437487753e-05,0.7426069090738313
0.0010,945.6,0.0007408965243957061,0.0007409413051159714,-0.00027716673155399205,0.9999230764040723,0.9999999918657513,-6.393005056094942e-16,2615.986066925385,3.492947810356578e-05,0.7426148197735348
0.0010,946.4,0.0004831547976098932,0.0004831778714864262,-0.000361347337747745,0.9998965821264545,0.9999999918657098,-9.589507584142415e-16,2615.9860386309297,3.493000191504911e-05,0.7426182359813627
0.0010,947.2,0.00017320926683437788,0.00017320902705223625,-0.0004064858979583729,0.9998791003476202,0.9999999918656668,-6.393005056094942e-16,2615.986075916786,3.4930505580728696e-05,0.7426113758727616
0.0010,948.0,-0.000155457022974816,-0.00015547412393235994,-0.00040770555493371455,0.99987888563379,0.999999991865619,-4.794753792071207e-16,2615.986112348885,3.493114975611827e-05,0.7426064653317804
0.0010,948.8000000000001,-0.00046733408368771097,-0.0004673596842847692,-0.00036487592416085246,0.999902501568676,0.9999999918655682,-6.393005056094942e-16,2615.986083007067,3.4931765062538734e-05,0.7426116598537632
0.0010,949.6,-0.0007287195555115281,-0.0007287501041444365,-0.000282621984411805,0.9999310158834135,0.999999991865516,-7.991256320118678e-16,2615.986040076903,3.4932206822890774e-05,0.7426174653109977
0.0010,950.4,-0.0009113618599637707,-0.0009114021064431738,-0.00016983121290158247,0.999955392635649,0.9999999918654602,-7.991256320118678e-16,2615.9860599190138,3.493270789966052e-05,0.7426138182742392
0.0010,951.2,-0.000995528270457576,-0.000995582185135345,-3.869467641419348e-05,0.9999726646679478,0.9999999918653999,-9.589507584142415e-16,2615.9861071006126,3.493337061659992e-05,0.7426070593381632
0.0010,952.0,-0.0009721396923542486,-0.0009721980698773951,9.662037133813772e-05,0.9999669253777592,0.9999999918653388,-7.991256320118678e-16,2615.986097543051,3.493388783777926e-05,0.7426090199305184
0.0010,952.8000000000001,-0.0008437296971582241,-0.000843775660047148,0.00022149955885092593,0.9999436148071708,0.9999999918652751,-6.393005056094942e-16,2615.9860482012855,3.493425784937635e-05,0.7426169368950971
0.0010,953.6,-0.0006241621250328316,-0.0006241873872527648,0.0003224493449585193,0.9999178343535325,0.9999999918652065,-9.589507584142415e-16,2615.986046809442,3.493482241911018e-05,0.7426173207215123
0.0010,954.4,-0.0003371506161887662,-0.0003371584993105568,0.00038855850122076265,0.999890355670481,0.9999999918651367,-7.991256320118678e-16,2615.986095742547,3.493543952417564e-05,0.7426092892869711
0.0010,955.2,-1.3705341902018318e-05,-1.3702117127591965e-05,0.00041268557695891314,0.999876035282503,0.9999999918650654,-6.393005056094942e-16,2615.9861078502563,3.493581441190251e-05,0.7426075255398062
0.0010,956.0,0.00031122326376416693,0.0003112345702895063,0.0003922252312940983,0.9998863514889127,0.9999999918649899,-7.991256320118678e-16,2615.9860615164826,3.493622312228819e-05,0.7426158824796326
0.0010,956.8000000000001,0.000602521277599374,0.0006025439511528245,0.00032938607244250114,0.9999082341330212,0.9999999918649127,-4.794753792071207e-16,2615.9860391201746,3.493682246308721e-05,0.7426193109382659
0.0010,957.6,0.0008287102950434898,0.0008287510500202488,0.0002309590675035879,0.9999376674856871,0.9999999918648349,-6.393005056094942e-16,2615.9860804874797,3.4937288978204404e-05,0.7426115698409886
0.0010,958.4,0.0009653608314114967,0.0009654173891104437,0.00010758194417746752,0.999967490177761,0.9999999918647543,-6.393005056094942e-16,2615.9861119555353,3.4937627324735535e-05,0.7426068110059572
0.0010,959.2,0.0009977224301809652,0.0009977789370141626,-2.7418697602488624e-05,0.9999756622326456,0.999999991864671,-7.991256320118678e-16,2615.9860774380345,3.4938110828623795e-05,0.7426134856449528
0.0010,960.0,0.0009222950105660923,0.0009223371499172733,-0.00015946113611488294,0.9999631692675011,0.9999999918645883,-4.794753792071207e-16,2615.986038328268,3.493861466769681e-05,0.7426192516503668
0.0010,960.8000000000001,0.0007472130030067814,0.0007472407076147946,-0.000274275313629655,0.9999385761499295,0.9999999918645044,-4.794753792071207e-16,2615.9860642612384,3.4938986429370156e-05,0.7426135793533972
0.0010,961.6,0.0004913891375009261,0.0004914091397130049,-0.0003594526740167829,0.9999023879253609,0.9999999918644179,-6.393005056094942e-16,2615.9861090683207,3.493937677933319e-05,0.7426066091402147
0.0010,962.4,0.00018247120651732765,0.00018248502490329684,-0.0004057931878801117,0.9998757136264301,0.9999999918643316,-6.393005056094942e-16,2615.986092946058,3.4939827420467535e-05,0.7426105008143307
0.0010,963.2,-0.00014615727237498534,-0.00014615502287346728,-0.0004082913680582235,0.9998738825095563,0.9999999918642455,-6.393005056094942e-16,2615.9860445948907,3.494023332006182e-05,0.7426177778593473
0.0010,964.0,-0.00045898615139388976,-0.00045900357790966444,-0.0003666754750927688,0.9998891403713882,0.9999999918641579,-7.991256320118678e-16,2615.9860501386383,3.494060801666894e-05,0.7426156335055091
0.0010,964.8000000000001,-0.0007222186520969076,-0.0007222591951731825,-0.00028544377458671977,0.9999217740564239,0.9999999918640703,-7.991256320118678e-16,2615.986099713963,3.494099425844381e-05,0.7426081195821468
0.0010,965.6,-0.000907425854337315,-0.0009074806593756008,-0.00017337429457425335,0.9999604918111685,0.9999999918639838,-7.991256320118678e-16,2615.98610505651,3.494137806106216e-05,0.7426081141031076
0.0010,966.4,-0.00099460342854958,-0.000994656444988394,-4.257080455472643e-05,0.9999791925404954,0.9999999918638973,-6.393005056094942e-16,2615.9860567209194,3.4941754015171884e-05,0.7426157100325373
0.0010,967.2,-0.0009743213821581036,-0.0009743648936588465,9.28359007311038e-05,0.9999761601196876,0.9999999918638103,-7.991256320118678e-16,2615.9860408205445,3.4942122176478256e-05,0.7426179199463129
0.0010,968.0,-0.0008487595172554504,-0.0008487974050453109,0.00021821054229564964,0.9999542462250144,0.9999999918637242,-7.991256320118678e-16,2615.9860856781356,3.494246879494359e-05,0.7426106348168923
0.0010,968.8000000000001,-0.0006314884478909169,-0.000631523354174395,0.00032000559723319914,0.9999140560310369,0.9999999918636392,-1.118775884816615e-15,2615.986111510695,3.494281770591955e-05,0.7426070231837048
0.0010,969.6,-0.000345993236719579,-0.0003460188114750378,0.0003872270798617026,0.999880580259404,0.9999999918635547,-9.589507584142415e-16,2615.986072443622,3.4943185126825417e-05,0.7426142637022926
0.0010,970.4,-2.312297027608728e-05,-2.312931393427329e-05,0.00041261261682592554,0.9998698068692241,0.999999991863471,-9.589507584142415e-16,2615.9860380726523,3.4943519703693926e-05,0.7426195732818328
0.0010,971.2,0.0003022405276042057,0.0003022592023946643,0.0003934174345193531,0.9998779766352502,0.9999999918633883,-9.589507584142415e-16,2615.9860696586193,3.494383193441738e-05,0.742613602202481
0.0010,972.0,0.0005949503249330331,0.0005949906555993427,0.0003317172306973553,0.9999091205019311,0.9999999918633068,-7.991256320118678e-16,2615.9861110898382,3.4944181940606294e-05,0.7426072665068858
0.0010,972.8000000000001,0.0008233898167272192,0.0008234386295846748,0.00023417824395068304,0.9999497945912097,0.9999999918632263,-7.991256320118678e-16,2615.9860886696615,3.4944519559416983e-05,0.7426115617516
0.0010,973.6,0.0009628750740432345,0.0009629199845448939,0.0001113346637923803,0.9999739141392808,0.9999999918631465,-7.991256320118678e-16,2615.98604234741,3.49448133827082e-05,0.7426183914647365
0.0010,974.4,0.0009983204028022003,0.0009983619988421007,-2.3539951288124275e-05,0.9999793292932545,0.9999999918630683,-7.991256320118678e-16,2615.9860546855334,3.494513148871149e-05,0.7426152517813557
0.0010,975.2,0.0009258909681066982,0.0009259361129932194,-0.0001558676846283833,0.9999638140199798,0.9999999918629915,-9.589507584142415e-16,2615.986103794283,3.4945466257902464e-05,0.7426073117435662
0.0010,976.0,0.0007534250426685149,0.0007534704325980738,-0.00027135257527122675,0.9999268034135801,0.9999999918629155,-9.589507584142415e-16,2615.9861022669365,3.494575903823977e-05,0.7426083496266591
0.0010,976.8000000000001,0.0004995663061072767,0.0004995985046140481,-0.00035752207820966025,0.9998931509268973,0.9999999918628409,-1.438426137621362e-15,2615.986052878047,3.494604502214623e-05,0.742616126732994
0.0010,977.6,0.00019173907494057825,0.0001917475888957293,-0.00040506498000605445,0.9998760852759329,0.9999999918627689,-1.118775884816615e-15,2615.98604365177,3.494636438239768e-05,0.7426166762196951
0.0010,978.4,-0.00013680484785597976,-0.00013682090874233573,-0.00040884228102615463,0.9998749744762923,0.9999999918626977,-1.118775884816615e-15,2615.98609104719,3.4946665481565315e-05,0.7426090052597898
0.0010,979.2,-0.00045057443958465527,-0.0004506071014188578,-0.00036844758187816066,0.9998983491930122,0.9999999918626279,-1.118775884816615e-15,2615.9861106724575,3.494692746044997e-05,0.7426061163973476
0.0010,980.0,-0.0007156713872917805,-0.0007157090397611841,-0.0002882443817063278,0.9999337793717897,0.9999999918625603,-1.118775884816615e-15,2615.986067654672,3.494721448941849e-05,0.7426127903010892
0.0010,980.8000000000001,-0.0009034445691217626,-0.0009034827025698404,-0.00017689517283033242,0.9999593507779325,0.9999999918624942,-1.2786010112189884e-15,2615.986038638893,3.494752468498e-05,0.7426172967485075
0.0010,981.6,-0.0009935947074834544,-0.0009936387322615487,-4.643371263421785e-05,0.9999738245978902,0.9999999918624298,-1.118775884816615e-15,2615.9860752259715,3.494778650606938e-05,0.7426109138524081
0.0010,982.4,-0.0009763865835677816,-0.000976438458457706,8.904044242042942e-05,0.9999693050425617,0.9999999918623672,-1.2786010112189884e-15,2615.9861122669136,3.4948025140595556e-05,0.7426045637539518
0.0010,983.2,-0.0008536936005779591,-0.0008537425189557191,0.00021489400656967398,0.999942027214003,0.9999999918623068,-9.589507584142415e-16,2615.986083919933,3.4948320681617496e-05,0.7426103761370951
0.0010,984.0,-0.0006387736631274194,-0.0006388057068630726,0.0003175332017234863,0.9999127214924702,0.9999999918622473,-1.118775884816615e-15,2615.9860406466883,3.4948614667385565e-05,0.7426181402874409
0.0010,984.8000000000001,-0.00035483809237472956,-0.00035484866125313195,0.0003858654096714451,0.9998899752501096,0.9999999918621897,-1.118775884816615e-15,2615.9860594218194,3.494882602336646e-05,0.7426137895878399
0.0010,985.6,-3.255815495984223e-05,-3.2551961931059154e-05,0.0004125057412702203,0.9998768404785825,0.9999999918621341,-1.118775884816615e-15,2615.9861068852415,3.4949066167078036e-05,0.7426060138216378
0.0010,986.4,0.0002932466785550879,0.00029326180856338927,0.00039457791265081464,0.999887519799531,0.9999999918620792,-1.118775884816615e-15,2615.986098591566,3.4949380777428665e-05,0.7426091641617834
0.0010,987.2,0.0005873711268999609,0.0005873908034815891,0.0003340178687944918,0.9999135293858702,0.9999999918620258,-7.991256320118678e-16,2615.98604921454,3.4949619714891844e-05,0.7426170020165141
0.0010,988.0,0.0008180263599011804,0.0008180548933941731,0.0002373672313207522,0.9999392085549299,0.9999999918619735,-1.2786010112189884e-15,2615.986046610097,3.4949808833100194e-05,0.7426155465954996
0.0010,988.8000000000001,0.0009602871368172287,0.0009603319552931664,0.00011507246425815416,0.9999639173020733,0.9999999918619229,-1.2786010112189884e-15,2615.9860954380474,3.495008511241425e-05,0.7426076683103997
0.0010,989.6,0.0009987953091336137,0.0009988525597086203,-1.965162319517152e-05,0.9999732865335506,0.9999999918618725,-9.589507584142415e-16,2615.9861086955516,3.495036700550794e-05,0.7426068879077617
0.0010,990.4,0.000929402147131322,0.0009294556681195165,-0.00015225435696624668,0.9999588090318284,0.9999999918618233,-1.118775884816615e-15,2615.986062661887,3.495056892797746e-05,0.7426141861742828
0.0010,991.2,0.0007595988286202314,0.0007596363745515425,-0.0002684105993282341,0.999935405900688,0.9999999918617757,-9.589507584142415e-16,2615.9860392652254,3.4950775577347044e-05,0.7426169908143437
0.0010,992.0,0.0005077194313451672,0.0005077414750541597,-0.0003555656423888593,0.9999068205613275,0.9999999918617276,-9.589507584142415e-16,2615.9860801361174,3.495104515771414e-05,0.7426108105376178
0.0010,992.8000000000001,0.00020097660089761667,0.0002009883649362957,-0.00040430203277997377,0.9998806207414502,0.9999999918616803,-7.991256320118678e-16,2615.986112397121,3.495130346000435e-05,0.742606580690959
0.0010,993.6,-0.00012748268827549868,-0.00012747976176003518,-0.000409356812363802,0.9998772401979951,0.9999999918616341,-9.589507584142415e-16,2615.98607854599,3.495148962204875e-05,0.7426119799514065
0.0010,994.4,-0.00044216425604367865,-0.00044217435577884165,-0.0003701827521506081,0.9998928229724147,0.999999991861588,-1.118775884816615e-15,2615.98603884669,3.495169464504102e-05,0.7426181738396666
0.0010,995.2,-0.0007090630258694215,-0.0007090938119176513,-0.0002910119349330514,0.9999184523251776,0.9999999918615416,-1.118775884816615e-15,2615.986063885499,3.4951969322786674e-05,0.7426142113551474
0.0010,996.0,-0.0008993468088308149,-0.0008993998919642847,-0.00018040188113055224,0.9999530555601304,0.9999999918614965,-9.589507584142415e-16,2615.98610895422,3.495219623650754e-05,0.742606531112123
0.0010,996.8000000000001,-0.0009924711295381055,-0.00099253360352203,-5.0302362032813505e-05,0.9999755641768808,0.9999999918614518,-9.589507584142415e-16,2615.986093809566,3.4952364817243255e-05,0.7426092438583879
0.0010,997.6,-0.0009783774230903862,-0.0009784316489576293,8.523556057381239e-05,0.9999734471762619,0.999999991861407,-9.589507584142415e-16,2615.9860453860088,3.4952588681872956e-05,0.7426181371102264
0.0010,998.4,-0.0008585742972073233,-0.0008586146779001908,0.00021156668851781183,0.9999557792449653,0.9999999918613619,-9.589507584142415e-16,2615.9860497578543,3.495284504669303e-05,0.742616931621622
0.0010,999.2,-0.0006459971439962236,-0.0006460285087528142,0.00031503654862632073,0.9999225489164348,0.9999999918613176,-9.589507584142415e-16,2615.9860991100777,3.495304456304244e-05,0.7426081304366108
0.0010,1000.0,-0.00036361989860333175,-0.00036364403444100207,0.00038446697842497757,0.9998860646221236,0.9999999918612736,-9.589507584142415e-16,2615.986105644797,3.4953216693021866e-05,0.7426087619605299
0.0010,1000.8000000000001,-4.195929227565907e-05,-4.197100570426184e-05,0.00041235958161868773,0.9998710961508871,0.9999999918612288,-1.118775884816615e-15,2615.9860576693063,3.4953442839452576e-05,0.7426178714890801
0.0010,1001.6,0.0002842278869332106,0.00028423658760469363,0.0003956992946298676,0.9998773338585829,0.9999999918611842,-9.589507584142415e-16,2615.986040519569,3.49536855617098e-05,0.7426190786753687
0.0010,1002.4,0.0005796992124949858,0.0005797337152637748,0.00033628617079354834,0.9999015589500079,0.9999999918611401,-1.118775884816615e-15,2615.9860847957734,3.495386303540338e-05,0.7426111106418448
0.0010,1003.2,0.0008125399063672544,0.0008125949095866465,0.0002405420222662269,0.9999419670923556,0.9999999918610954,-7.991256320118678e-16,2615.9861116911097,3.4954043639465256e-05,0.7426082742605957
0.0010,1004.0,0.0009576032229272029,0.0009576624076541751,0.00011880869765180933,0.9999730064587964,0.9999999918610499,-7.991256320118678e-16,2615.9860732255324,3.4954286251891e-05,0.7426146316709881
0.0010,1004.8000000000001,0.0009992095974498767,0.0009992605584490128,-1.576522018541633e-05,0.9999805656173106,0.9999999918610047,-7.991256320118678e-16,2615.986037868104,3.4954496115649584e-05,0.7426186143822632
0.0010,1005.6,0.000932849105918721,0.0009328927370053425,-0.00014863605982085577,0.9999692733406402,0.9999999918609588,-9.589507584142415e-16,2615.9860686287257,3.4954667256811305e-05,0.742613245724979
0.0010,1006.4,0.0007656916256117063,0.0007657314755450043,-0.0002654437821136121,0.9999357456570772,0.9999999918609122,-7.991256320118678e-16,2615.9861106895078,3.49548875318149e-05,0.7426073308050815
0.0010,1007.2,0.000515808557840601,0.0005158396284142476,-0.00035357150657599345,0.999895308528494,0.9999999918608653,-4.794753792071207e-16,2615.986089110108,3.495511218499393e-05,0.7426108036204428
0.0010,1008.0,0.00021020292724918332,0.0002102152924313094,-0.0004035003642210033,0.9998735207716941,0.9999999918608176,-7.991256320118678e-16,2615.9860423789737,3.495529437361461e-05,0.7426178346019171
0.0010,1008.8000000000001,-0.00011810871237326722,-0.00011812178218455975,-0.0004098335351016559,0.9998712337326574,0.9999999918607689,-7.991256320118678e-16,2615.9860537331833,3.495550573317289e-05,0.7426160373642104
0.0010,1009.6,-0.00043365960009622085,-0.00043369656899279333,-0.00037188692251484873,0.9998904487330763,0.9999999918607199,-4.794753792071207e-16,2615.9861028991954,3.4955740012416044e-05,0.7426080363326062
0.0010,1010.4,-0.0007023653293548236,-0.0007024141508364405,-0.0002937619604936713,0.999929595317319,0.99999999186067,-7.991256320118678e-16,2615.9861023872236,3.495592531072126e-05,0.7426079718024483
0.0010,1011.2,-0.000895195656536972,-0.0008952415672839721,-0.00018389622362415572,0.9999625522385208,0.9999999918606195,-6.393005056094942e-16,2615.986053217263,3.495612406914492e-05,0.7426162759837611
0.0010,1012.0,-0.0009913028308162774,-0.0009913426098931816,-5.415847129734916e-05,0.9999772231947386,0.9999999918605679,-7.991256320118678e-16,2615.9860429069486,3.495637877193531e-05,0.742617603733921
0.0010,1012.8000000000001,-0.0009802923650781275,-0.0009803334794398642,8.142874973658752e-05,0.9999745127080255,0.9999999918605158,-7.991256320118678e-16,2615.9860897952335,3.495658359430037e-05,0.7426087470279034
0.0010,1013.6,-0.0008633626060115514,-0.0008634065356352618,0.00020821438249926972,0.9999472225005764,0.9999999918604628,-7.991256320118678e-16,2615.9861105291466,3.4956752637972896e-05,0.7426056218574832
0.0010,1014.4,-0.0006531599442712837,-0.0006531960687522274,0.00031250515808930204,0.9999102714603617,0.9999999918604087,-9.589507584142415e-16,2615.9860682552776,3.495700467356208e-05,0.7426138615380452
0.0010,1015.2,-0.0003723951027704509,-0.0003724118491023255,0.0003830343894577121,0.999885698566275,0.9999999918603544,-7.991256320118678e-16,2615.9860381931226,3.4957260500550877e-05,0.7426181003848216
0.0010,1016.0,-5.139581125861097e-05,-5.139004695039144e-05,0.0004121785468356312,0.9998742767502078,0.9999999918602989,-1.118775884816615e-15,2615.9860739562687,3.4957426676036067e-05,0.7426109240734717
0.0010,1016.8000000000001,0.0002751618584758825,0.0002751843188978439,0.00039678923939734265,0.9998834869219594,0.9999999918602425,-9.589507584142415e-16,2615.9861120049723,3.49576290928955e-05,0.7426059811598231
0.0010,1017.6,0.0005719988190510176,0.0005720274680521438,0.0003385301665137035,0.9999144081064372,0.9999999918601853,-7.991256320118678e-16,2615.9860845878,3.495791706100872e-05,0.7426119812353972
0.0010,1018.4,0.0008070374307515626,0.0008070669225309946,0.00024369286627309029,0.9999443926129977,0.9999999918601274,-7.991256320118678e-16,2615.98604053695,3.495814387504178e-05,0.7426179533428309
0.0010,1019.2,0.0009548700189681092,0.0009549061662115621,0.00012252455600275482,0.9999653415775414,0.9999999918600686,-7.991256320118678e-16,2615.9860584141834,3.495830544075456e-05,0.7426139522261629
0.0010,1020.0,0.0009995242115257053,0.0009995729649203231,-1.1878226223557582e-05,0.9999743007202135,0.9999999918600085,-6.393005056094942e-16,2615.9861064092743,3.49585541758295e-05,0.7426072736288981
0.0010,1020.8000000000001,0.0009361905421277733,0.0009362443082691012,-0.00014499532864377943,0.9999587704632962,0.9999999918599473,-7.991256320118678e-16,2615.9860990214506,3.495885094440452e-05,0.7426089377794062
0.0010,1021.6,0.0007717188554918143,0.0007717619433890738,-0.00026244981052417815,0.9999302825999972,0.9999999918598856,-6.393005056094942e-16,2615.986049480563,3.4959050449648096e-05,0.7426158509156127
0.0010,1022.4,0.0005238709513028205,0.000523894488790755,-0.00035155034688403637,0.9999047424417313,0.9999999918598221,-6.393005056094942e-16,2615.9860460420855,3.4959240213600864e-05,0.7426161314179044
0.0010,1023.2,0.0002194168022996471,0.000219422530075846,-0.00040266635815262863,0.9998827256746033,0.9999999918597571,-7.991256320118678e-16,2615.9860947385146,3.495953567987284e-05,0.7426087483777035
0.0010,1024.0,-0.0001087508351214465,-0.00010875651133166521,-0.000410276387391483,0.9998783087282752,0.9999999918596915,-7.991256320118678e-16,2615.986108868579,3.495981459285403e-05,0.7426063410364192
0.0010,1024.8,-0.00042517267022381945,-0.000425185262312334,-0.0003735590556278778,0.999896904946456,0.9999999918596243,-7.991256320118678e-16,2615.986063374539,3.496001276666519e-05,0.742613933783346
0.0010,1025.6,-0.0006956527889581129,-0.0006956749974944866,-0.00029647920166253714,0.9999218642415685,0.9999999918595559,-3.196502528047471e-16,2615.9860391982584,3.4960257815285746e-05,0.7426184301783195
0.0010,1026.4,-0.0008909604414992818,-0.0008909999617685633,-0.00018736687285988258,0.999949445723599,0.9999999918594855,-6.393005056094942e-16,2615.986079284311,3.496056443641703e-05,0.7426113888595952
0.0010,1027.2,-0.0009900016136638564,-0.0009900584247038477,-5.8014520148890326e-05,0.9999717031330131,0.9999999918594146,-6.393005056094942e-16,2615.9861123403457,3.496082937413942e-05,0.7426057404106501
0.0010,1028.0,-0.0009820898454202984,-0.0009821497866356172,7.760580350653026e-05,0.9999702386427453,0.9999999918593419,-6.393005056094942e-16,2615.986079553837,3.496106343657176e-05,0.7426124001312492
0.0010,1028.8,-0.0008680792536676483,-0.0008681265035719545,0.00020484545131678697,0.9999517133125674,0.9999999918592674,-6.393005056094942e-16,2615.986039148333,3.4961340031577154e-05,0.7426191170562771
0.0010,1029.6,-0.0006602750460732727,-0.0006603057685613974,0.0003099534077388855,0.9999254680139555,0.9999999918591921,-6.393005056094942e-16,2615.986063033071,3.496164340532747e-05,0.7426135779050879
0.0010,1030.4,-0.00038112384861074643,-0.000381142595352135,0.000381570092551513,0.9998928751689119,0.9999999918591156,-6.393005056094942e-16,2615.9861087993017,3.4961921790909803e-05,0.7426063252935129
0.0010,1031.2,-6.079086807416689e-05,-6.0800166554212913e-05,0.0004119603984571288,0.999874693977053,0.9999999918590371,-7.991256320118678e-16,2615.9860948938513,3.4962188367416854e-05,0.7426102328823985
0.0010,1032.0,0.0002661077066160142,0.00026611108080308116,0.0003978415938789839,0.9998807379354607,0.9999999918589575,-7.991256320118678e-16,2615.9860459354,3.496247840126232e-05,0.7426176086369413
0.0010,1032.8,0.0005642464737710886,0.0005642701280536237,0.0003407374063786867,0.9999004454875222,0.9999999918588771,-7.991256320118678e-16,2615.986049196353,3.496278355985889e-05,0.742615811518198
0.0010,1033.6,0.0008014143402974792,0.0008014626155614525,0.00024682012214667306,0.9999337918667415,0.9999999918587956,-7.991256320118678e-16,2615.986098940611,3.496308569715345e-05,0.7426086750567994
0.0010,1034.4,0.0009520003466221734,0.0009520635626135463,0.00012623839238177497,0.9999675186216178,0.9999999918587127,-7.991256320118678e-16,2615.986106425347,3.4963373692940074e-05,0.7426083451702323
0.0010,1035.2,0.0009997431494879546,0.0009998020503891808,-7.98468430621534e-06,0.999978372480522,0.9999999918586291,-9.589507584142415e-16,2615.986058298422,3.4963658146414555e-05,0.7426154163350002
0.0010,1036.0,0.0009394730660633977,0.0009395172893472872,-0.0001413488467289943,0.9999691193602489,0.9999999918585448,-7.991256320118678e-16,2615.9860404069454,3.4963978027055045e-05,0.7426181755802923
0.0010,1036.8,0.0007776884981573129,0.0007777216498290789,-0.00025943952241851744,0.9999430177753996,0.9999999918584594,-4.794753792071207e-16,2615.9860844989594,3.4964307932420745e-05,0.7426115416487147
0.0010,1037.6,0.0005318719402414037,0.0005318985694606332,-0.0003494963473063757,0.9999031261080958,0.9999999918583728,-7.991256320118678e-16,2615.9861118672484,3.496458757851707e-05,0.7426066066606348
0.0010,1038.4,0.00022859157474048241,0.00022860855608644985,-0.00040179320385895804,0.9998752758920973,0.999999991858286,-7.991256320118678e-16,2615.9860739172236,3.496487626624692e-05,0.7426124775128664
0.0010,1039.2,-9.938045302217152e-05,-9.93809610261225e-05,-0.00041067984338646473,0.9998711110246936,0.9999999918581983,-7.991256320118678e-16,2615.9860383026194,3.496522993565994e-05,0.7426188849573574
0.0010,1040.0,-0.000416608387154239,-0.00041663276342172276,-0.00037519455369447663,0.9998853717079333,0.9999999918581093,-9.589507584142415e-16,2615.9860681875894,3.4965556390855767e-05,0.7426136347705188
0.0010,1040.8,-0.0006888240167450324,-0.000688870085722914,-0.00029917351937984053,0.9999205270691489,0.9999999918580205,-6.393005056094942e-16,2615.9861103211356,3.4965826647054256e-05,0.7426057183433672
0.0010,1041.6,-0.0008866266089504265,-0.0008866810253218545,-0.0001908299863330297,0.9999597064945223,0.9999999918579304,-9.589507584142415e-16,2615.9860899351615,3.4966148186381416e-05,0.7426096799253279
0.0010,1042.4,-0.0009886436878551908,-0.0009886925640076596,-6.186524184332224e-05,0.9999786600973103,0.9999999918578398,-9.589507584142415e-16,2615.9860432444016,3.496651351488084e-05,0.7426183213510861
0.0010,1043.2,-0.0009838384460518427,-0.0009838802481619753,7.3785820826751e-05,0.9999777728376144,0.9999999918577486,-7.991256320118678e-16,2615.9860531425716,3.496682206249667e-05,0.7426156451644342
0.0010,1044.0,-0.0008727237993741753,-0.0008727646076126625,0.00020146145120108176,0.9999554587947814,0.9999999918576569,-7.991256320118678e-16,2615.9861021731467,3.496710979277984e-05,0.742606763788495
0.0010,1044.8,-0.0006673152705759344,-0.0006673538147357538,0.00030736815020932423,0.9999149949595606,0.9999999918575639,-1.118775884816615e-15,2615.9861031994756,3.496745700009852e-05,0.7426081298103342
0.0010,1045.6,-0.0003898153609256102,-0.0003898410583913934,0.00038006786583410015,0.9998832573178106,0.9999999918574707,-9.589507584142415e-16,2615.986054141345,3.4967814321697956e-05,0.7426168558827393
0.0010,1046.4,-7.020514548151484e-05,-7.020813373664883e-05,0.00041170476942201486,0.9998713056047112,0.9999999918573766,-7.991256320118678e-16,2615.986042271796,3.4968123876443406e-05,0.7426169501478026
0.0010,1047.2,0.0002569885258538251,0.00025701056633547966,0.0003988589552912521,0.9998777546511786,0.9999999918572817,-9.589507584142415e-16,2615.986088999996,3.4968437952277824e-05,0.742609117709842
0.0010,1048.0,0.0005564218412566091,0.000556461347756043,0.00034292026533600184,0.9999086229377143,0.999999991857186,-7.991256320118678e-16,2615.9861110872666,3.496879559291422e-05,0.7426075680855305
0.0010,1048.8,0.0007957483359878509,0.0007957913249756776,0.0002499311035192653,0.9999464512907056,0.9999999918570891,-9.589507584142415e-16,2615.9860689686843,3.4969147650689245e-05,0.7426140516118585
0.0010,1049.6,0.0009491013925658206,0.0009491407471644693,0.00012993503164639917,0.9999692716173001,0.9999999918569921,-6.393005056094942e-16,2615.9860378132958,3.496947160747548e-05,0.7426171779718382
0.0010,1050.4,0.0009998978339086225,0.0009999393609803123,-4.099608485338519e-06,0.9999773787495231,0.9999999918568937,-7.991256320118678e-16,2615.9860733124024,3.4969808436226685e-05,0.7426123820933455
0.0010,1051.2,0.0009426527892456832,0.0009427008847883446,-0.00013768699761801452,0.9999636167577317,0.9999999918567942,-7.991256320118678e-16,2615.9861120382643,3.497016716055747e-05,0.7426075674850118
0.0010,1052.0,0.0007835662362340655,0.0007836118867774,-0.0002563978287874271,0.9999297558031104,0.9999999918566942,-7.991256320118678e-16,2615.98608496602,3.49705203833188e-05,0.7426106484213051
0.0010,1052.8,0.0005398299642261886,0.0005398592685252917,-0.00034740986385816666,0.999899836302747,0.9999999918565932,-9.589507584142415e-16,2615.986040615217,3.4970867863293544e-05,0.7426172861534894
0.0010,1053.6,0.00023777063324814906,0.00023777721104312115,-0.0004008868145075145,0.9998808614011864,0.9999999918564912,-9.589507584142415e-16,2615.9860579542205,3.497121653413877e-05,0.7426158547220085
0.0010,1054.4,-8.998261681382366e-05,-8.999555693618977e-05,-0.00041104937676666493,0.9998761492317226,0.9999999918563883,-1.118775884816615e-15,2615.986105810855,3.4971569574703416e-05,0.7426076605038168
0.0010,1055.2,-0.000408021772737467,-0.0004080451678264907,-0.00037680141905452243,0.9998962252189961,0.9999999918562852,-7.991256320118678e-16,2615.986099127444,3.497193887320206e-05,0.7426078275754311
0.0010,1056.0,-0.0006819817921598804,-0.0006820086064182896,-0.00030184156117951883,0.9999267503029432,0.9999999918561808,-9.589507584142415e-16,2615.986050103289,3.497230670291955e-05,0.7426171683304998
0.0010,1056.8,-0.0008822511129738564,-0.0008822842420230556,-0.0001942673467395864,0.9999519600067542,0.9999999918560757,-9.589507584142415e-16,2615.9860457952095,3.4972650494470785e-05,0.742618044589205
0.0010,1057.6,-0.0009871864369283918,-0.0009872331938090178,-6.570572170357632e-05,0.9999708838580399,0.9999999918559702,-7.991256320118678e-16,2615.9860936746104,3.4973008111532095e-05,0.7426082345862259
0.0010,1058.4,-0.0009854621123787486,-0.000985519120422226,6.995145383616709e-05,0.9999702564353613,0.9999999918558637,-9.589507584142415e-16,2615.986108840496,3.497339855292778e-05,0.7426064461753661
0.0010,1059.2,-0.0008772765979157354,-0.0008773281533040743,0.0001980524886722518,0.9999477917677227,0.9999999918557568,-7.991256320118678e-16,2615.9860644103824,3.497376940245018e-05,0.7426159062481819
0.0010,1060.0,-0.0006743140828539135,-0.0006743470592632732,0.0003047585990923134,0.9999215006776309,0.9999999918556489,-9.589507584142415e-16,2615.9860391163634,3.4974110187512436e-05,0.7426185117636068
0.0010,1060.8,-0.00039849236108556566,-0.0003985055559076368,0.0003785366122222949,0.9998953892264915,0.9999999918555412,-7.991256320118678e-16,2615.98607803709,3.497447999069379e-05,0.7426101547609315
0.0010,1061.6,-7.960867491685465e-05,-7.960797487188508e-05,0.0004114145624821149,0.999877396312164,0.9999999918554328,-9.589507584142415e-16,2615.986112270153,3.4974882425307074e-05,0.7426066441352426
0.0010,1062.4,0.00024788137086642143,0.0002478905583048981,0.00039984241597526446,0.9998837585980481,0.9999999918553238,-7.991256320118678e-16,2615.9860807077766,3.4975252184676126e-05,0.7426133441065127
0.0010,1063.2,0.0005485882780304703,0.0005486060259593186,0.0003450689315000943,0.9999051027321558,0.9999999918552143,-9.589507584142415e-16,2615.9860392344594,3.497559016551767e-05,0.7426176514203452
0.0010,1064.0,0.0007900140507190523,0.0007900468404540467,0.00025301182253930195,0.999931505202651,0.9999999918551049,-7.991256320118678e-16,2615.9860620042286,3.497597140064875e-05,0.7426128113709813
0.0010,1064.8,0.0009460764149077678,0.0009461275990625596,0.00013362145459728473,0.9999615673642677,0.999999991854995,-7.991256320118678e-16,2615.9861086942756,3.497638483066009e-05,0.7426076618351224
0.0010,1065.6,0.0009999283458066682,0.0009999874327225298,-2.0375494484332802e-07,0.9999751092955934,0.9999999918548846,-6.393005056094942e-16,2615.986095804236,3.497674637876133e-05,0.7426102648728041
0.0010,1066.4,0.0009457562278934631,0.0009458064025429167,-0.00013401060985467747,0.9999652307379866,0.9999999918547744,-6.393005056094942e-16,2615.986046229705,3.497708213848699e-05,0.7426159569902997
0.0010,1067.2,0.0007894005934850965,0.0007894353364096431,-0.0002533409401902505,0.9999438515945209,0.9999999918546636,-9.589507584142415e-16,2615.986048622526,3.497747810127553e-05,0.7426153896547265
0.0010,1068.0,0.0005477457003270395,0.0005477694228332322,-0.00034529668728222563,0.9999108139835119,0.9999999918545529,-7.991256320118678e-16,2615.9860985907158,3.497789232787703e-05,0.7426091238710987
0.0010,1068.8,0.00024690480619627363,0.0002469212626097684,-0.00039994383223614094,0.9998802498994259,0.9999999918544424,-4.794753792071207e-16,2615.986106796232,3.497824277144648e-05,0.742607457324643
0.0010,1069.6,-8.061129899690564e-05,-8.060454006796038e-05,-0.00041138072111903133,0.999873615777702,0.9999999918543319,-6.393005056094942e-16,2615.9860588599754,3.4978579651070045e-05,0.7426140219320695
0.0010,1070.4,-0.00039941074324661,-0.0003994212779092332,-0.00037836999790606495,0.9998858146014774,0.9999999918542211,-6.393005056094942e-16,2615.986040346631,3.497898353142826e-05,0.7426179266758187
0.0010,1071.2,-0.0006750472455870617,-0.0006750823079624205,-0.00030447892404839375,0.9999135140053854,0.9999999918541101,-7.991256320118678e-16,2615.9860838439818,3.497939670638959e-05,0.7426111809024379
0.0010,1072.0,-0.0008777499341165162,-0.0008778055872367018,-0.00019769370719118054,0.9999523151480044,0.9999999918539999,-9.589507584142415e-16,2615.9861117785276,3.4979731785563046e-05,0.7426052266343458
0.0010,1072.8,-0.0009856300317204868,-0.0009856896407922813,-6.954871448744869e-05,0.999976607300531,0.9999999918538902,-6.393005056094942e-16,2615.986074781064,3.498006254661465e-05,0.742611874280563
0.0010,1073.6,-0.0009870263717752076,-0.0009870761927088653,6.611462731797133e-05,0.9999773115264388,0.9999999918537801,-7.991256320118678e-16,2615.986038659997,3.4980480782512e-05,0.7426193911803741
0.0010,1074.4,-0.000881773100085163,-0.0008818132674950684,0.000194634974368159,0.9999603328403702,0.9999999918536709,-7.991256320118678e-16,2615.9860673447065,3.498088360479634e-05,0.7426131425968572
0.0010,1075.2,-0.0006812401026685663,-0.0006812755956602063,0.00030212268040371166,0.9999240641762761,0.9999999918535627,-6.393005056094942e-16,2615.9861099080617,3.4981186750560866e-05,0.7426046361279941
0.0010,1076.0,-0.0004071035166324059,-0.0004071319320249087,0.00037696748271094465,0.9998865250195303,0.9999999918534546,-9.589507584142415e-16,2615.986090838872,3.4981525045270596e-05,0.7426101117705318
0.0010,1076.8,-8.898854354487924e-05,-8.900086313626432e-05,0.00041108512073961974,0.999870595698309,0.9999999918533473,-9.589507584142415e-16,2615.986043795438,3.4981953397555574e-05,0.7426187926685279
0.0010,1077.6,0.00023873420758993414,0.00023874624227217391,0.0004007873652834538,0.9998746496380916,0.9999999918532415,-7.991256320118678e-16,2615.9860523122115,3.498231873658459e-05,0.7426145980636104
0.0010,1078.4,0.0005406608609026164,0.0005406981595774134,0.0003471875334137405,0.9998998265042485,0.9999999918531367,-7.991256320118678e-16,2615.9861015134693,3.498259996350208e-05,0.7426066762352941
0.0010,1079.2,0.0007841802157207272,0.0007842321537652046,0.00025607832891229093,0.9999411337140307,0.9999999918530326,-7.991256320118678e-16,2615.9861038519243,3.4982953005008884e-05,0.7426095437454717
0.0010,1080.0,0.0009429853583819745,0.0009430363321531395,0.0001372997787481099,0.9999711617183382,0.99999999185293,-7.991256320118678e-16,2615.986054797331,3.498336669319303e-05,0.7426168629619612
0.0010,1080.8,0.000999905840016379,0.0009999502983256607,3.683328166428552e-06,0.9999802346470655,0.999999991852829,-6.393005056094942e-16,2615.9860416865176,3.498368847352718e-05,0.7426163003534022
0.0010,1081.6,0.0009487802793729325,0.0009488239508909308,-0.00013032922053660235,0.9999702092583632,0.9999999918527288,-9.589507584142415e-16,2615.986088146856,3.4983958367476145e-05,0.7426102582306565
0.0010,1082.4,0.0007951397201121634,0.0007951840465935752,-0.0002502567178306468,0.9999362967481109,0.99999999185263,-9.589507584142415e-16,2615.9861112899725,3.498432053209341e-05,0.7426087216600176
0.0010,1083.2,0.0005555963592176553,0.000555631572813187,-0.00034314678739378007,0.999898063437198,0.9999999918525333,-6.393005056094942e-16,2615.986069628809,3.498470580543961e-05,0.742613953102291
0.0010,1084.0,0.00025603233091711945,0.0002560467011485972,-0.00039896440516220107,0.999877068151052,0.9999999918524377,-9.589507584142415e-16,2615.986037547257,3.498498395101308e-05,0.7426179775318443
0.0010,1084.8,-7.119168361712717e-05,-7.12029787785544e-05,-0.0004116758682857164,0.9998723053804444,0.9999999918523436,-7.991256320118678e-16,2615.986072324127,3.4985255743879725e-05,0.7426136811042096
0.0010,1085.6,-0.00039072764182543313,-0.0003907598324048752,-0.00037990870237643846,0.9998904347542915,0.9999999918522509,-7.991256320118678e-16,2615.986111744791,3.4985620139775575e-05,0.7426073944169416
0.0010,1086.4,-0.0006680579643381332,-0.0006680985911683621,-0.00030709571703375275,0.9999269957573937,0.9999999918521599,-9.589507584142415e-16,2615.986085569227,3.498595712406926e-05,0.7426106287022647
0.0010,1087.2,-0.0008732146073084179,-0.0008732539352910093,-0.00020110038805941133,0.9999566518021455,0.9999999918520707,-1.118775884816615e-15,2615.9860407239803,3.4986207865713595e-05,0.7426184631194518
0.0010,1088.0,-0.0009840175159258739,-0.0009840578995379554,-7.337580677479494e-05,0.9999732035806361,0.9999999918519827,-9.589507584142415e-16,2615.986056999225,3.4986491935593e-05,0.7426161713655133
0.0010,1088.8,-0.0009884922528593505,-0.0009885397279444787,6.227292690304832e-05,0.9999735358896584,0.9999999918518963,-1.2786010112189884e-15,2615.9861051235216,3.498683065819378e-05,0.7426073554629082
0.0010,1089.6,-0.000886168899703565,-0.0008862181540802757,0.00019119120723437428,0.999949084934906,0.9999999918518119,-1.118775884816615e-15,2615.9860995889176,3.498712145501409e-05,0.7426085414531964
0.0010,1090.4,-0.0006881110907074959,-0.0006881478932837344,0.0002994554991507754,0.9999168910126737,0.9999999918517289,-1.118775884816615e-15,2615.9860504714443,3.49873686827116e-05,0.7426177511518888
0.0010,1091.2,-0.0004157113142387767,-0.0004157267485543796,0.0003753673765346359,0.9998926430527852,0.9999999918516472,-9.589507584142415e-16,2615.9860449605785,3.49876491833307e-05,0.7426179327125754
0.0010,1092.0,-9.839246895902229e-05,-9.838814565766758e-05,0.00041072179500742774,0.9998770322845035,0.9999999918515675,-7.991256320118678e-16,2615.9860927561717,3.4987950846604634e-05,0.7426089006390277
0.0010,1092.8,0.00022956440174870893,0.0002295807135569716,0.00040170033066761396,0.999882683135149,0.999999991851489,-9.589507584142415e-16,2615.986109076273,3.4988215429892686e-05,0.7426073383336388
0.0010,1093.6000000000001,0.0005327243743484121,0.0005327452878674054,0.00034927793357983155,0.9999087140543481,0.9999999918514119,-9.589507584142415e-16,2615.9860648963886,3.4988460477321995e-05,0.7426157421935161
0.0010,1094.4,0.000778323563588079,0.0007783496930530754,0.0002591160475458302,0.9999356932027761,0.9999999918513364,-6.393005056094942e-16,2615.9860386326563,3.498872610861641e-05,0.7426185572047582
0.0010,1095.2,0.0009398171210031942,0.0009398566807561964,0.00014095847672854792,0.9999600814324983,0.9999999918512622,-7.991256320118678e-16,2615.9860772099814,3.4988991779780105e-05,0.7426110129252048
0.0010,1096.0,0.0009997637335236998,0.0009998184015567661,7.575180454067019e-06,0.9999736670397644,0.9999999918511895,-9.589507584142415e-16,2615.9861122340844,3.498924189627062e-05,0.7426066520630422
0.0010,1096.8,0.0009517019605920227,0.0009517585442477645,-0.00012662628423776702,0.9999625558533788,0.9999999918511181,-9.589507584142415e-16,2615.986081236913,3.498948641223115e-05,0.7426125481590805
0.0010,1097.6000000000001,0.0008008250629906945,0.0008008677612111995,-0.00024715059547700035,0.9999388551694277,0.9999999918510484,-9.589507584142415e-16,2615.9860393482472,3.498972055006179e-05,0.7426176857907502
0.0010,1098.4,0.0005634223510990354,0.0005634465882926018,-0.0003409724800827666,0.9999123794090792,0.9999999918509807,-7.991256320118678e-16,2615.9860614432787,3.4989957870642694e-05,0.7426130908054103
0.0010,1099.2,0.0002651380132741787,0.0002651479840488047,-0.0003979520695751049,0.9998851357929939,0.9999999918509138,-9.589507584142415e-16,2615.9861082715743,3.4990208742909204e-05,0.7426069105846825
0.0010,1100.0,-6.179786776219601e-05,-6.179768442910597e-05,-0.0004119354865454168,0.999876510173293,0.9999999918508489,-7.991256320118678e-16,2615.9860962991092,3.499043102774784e-05,0.7426094939887097
0.0010,1100.8,-0.00038205693548310193,-0.00038206642983054645,-0.0003814120593959865,0.9998901897458007,0.9999999918507851,-1.118775884816615e-15,2615.986046947733,3.4990628339533286e-05,0.7426163244931991
0.0010,1101.6000000000001,-0.0006610291699480224,-0.000661054541864798,-0.0003096780092487314,0.9999132057808923,0.9999999918507236,-6.393005056094942e-16,2615.9860482877225,3.499086247460473e-05,0.7426159550093897
0.0010,1102.4,-0.0008685718468674899,-0.0008686189115965252,-0.00020448683961668603,0.999945259440006,0.9999999918506629,-7.991256320118678e-16,2615.9860978377797,3.4991102616236415e-05,0.7426086371032482
0.0010,1103.2,-0.0009822743808951416,-0.0009823359122740137,-7.720531238255357e-05,0.9999719471152293,0.999999991850604,-7.991256320118678e-16,2615.986107299109,3.4991288139142054e-05,0.7426068838837871
0.0010,1104.0,-0.0009898618425694392,-0.0009899197995199755,5.841982514745249e-05,0.9999742342310464,0.9999999918505462,-6.393005056094942e-16,2615.9860600045913,3.499147177052545e-05,0.7426144172149655
0.0010,1104.8,-0.0008905052071140748,-0.0008905482350609841,0.00018773685963750084,0.9999593088468591,0.9999999918504898,-6.393005056094942e-16,2615.9860402040817,3.499170242110467e-05,0.7426179846029564
0.0010,1105.6000000000001,-0.0006949265198019944,-0.0006949566092930361,0.0002967686611537274,0.9999308264549177,0.9999999918504345,-9.589507584142415e-16,2615.9860829938148,3.499191660445878e-05,0.7426105429288585
0.0010,1106.4,-0.00042425759832308296,-0.0004242795814843839,0.00037373372873786585,0.9998937621865732,0.9999999918503809,-7.991256320118678e-16,2615.986112221282,3.499207766647365e-05,0.742605371264385
0.0010,1107.2,-0.00010775020319276316,-0.00010776287995514266,0.00041031999224954926,0.999873202699053,0.9999999918503284,-9.589507584142415e-16,2615.986076000454,3.499225329689526e-05,0.7426122335124338
0.0010,1108.0,0.00022039320296630662,0.00022039671018717565,0.0004025742759948212,0.9998759504442036,0.9999999918502771,-9.589507584142415e-16,2615.986038747705,3.499247255808602e-05,0.7426182383420128
0.0010,1108.8,0.000524716055600603,0.0005247433122076141,0.0003513322859298261,0.999895173504367,0.999999991850227,-7.991256320118678e-16,2615.9860666935297,3.4992663392199646e-05,0.7426117921893435
0.0010,1109.6000000000001,0.0007723443065508998,0.0007723946370079691,0.0002621331139634244,0.9999320834593945,0.9999999918501778,-9.589507584142415e-16,2615.986110194647,3.499280388316995e-05,0.7426049131805078
0.0010,1110.4,0.0009365359507784361,0.0009365954236354151,0.0001446136173499376,0.9999674603978483,0.9999999918501303,-6.393005056094942e-16,2615.986091859351,3.499297601162843e-05,0.7426100239717414
0.0010,1111.2,0.0009995515286702534,0.0009996039972644645,1.1466104692041178e-05,0.9999798679211355,0.999999991850083,-9.589507584142415e-16,2615.986044189755,3.4993184333528884e-05,0.7426172633468274
0.0010,1112.0,0.0009545676315815215,0.0009546097749274444,-0.00012292255253623337,0.9999727850143441,0.9999999918500369,-9.589507584142415e-16,2615.9860520084276,3.49933458299869e-05,0.7426142603236648
0.0010,1112.8,0.0008064371053556556,0.0008064746163119921,-0.00024402695451882474,0.9999451216889421,0.9999999918499919,-6.393005056094942e-16,2615.9861014716553,3.4993480024628576e-05,0.7426073097784796
0.0010,1113.6000000000001,0.0005711734937229566,0.0005712063166476791,-0.0003387636121271791,0.9999037273707281,0.9999999918499469,-9.589507584142415e-16,2615.9861044340296,3.499365554407475e-05,0.7426084162157108
0.0010,1114.4,0.00027420434101309873,0.000274224016356524,-0.0003969009374756602,0.9998762712559748,0.999999991849903,-7.991256320118678e-16,2615.9860554646857,3.4993840621682915e-05,0.7426154177907701
0.0010,1115.2,-5.238420725149342e-05,-5.238660659855234e-05,-0.00041215634678247237,0.9998702767287581,0.9999999918498593,-9.589507584142415e-16,2615.9860417704726,3.499399018778824e-05,0.7426167755069243
0.0010,1116.0,-0.0003733098475094718,-0.0003733371705587705,-0.0003828804695200371,0.9998837636218908,0.9999999918498161,-9.589507584142415e-16,2615.9860877539595,3.49941316243462e-05,0.7426105043986899
0.0010,1116.8,-0.0006539067562365614,-0.000653951540374467,-0.0003122385219847782,0.9999199915530111,0.9999999918497732,-9.589507584142415e-16,2615.9861113942648,3.499429595047993e-05,0.7426074193561695
0.0010,1117.6000000000001,-0.0008638648157686166,-0.0008639121449257631,-0.0002078610090310377,0.9999575287533031,0.9999999918497307,-9.589507584142415e-16,2615.986070541079,3.499446935286041e-05,0.7426135408717122
0.0010,1118.4,-0.0009804909440194335,-0.0009805322554566468,-8.102177427723722e-05,0.9999762110612845,0.9999999918496882,-9.589507584142415e-16,2615.9860380176824,3.499462368732592e-05,0.7426187752291918
0.0010,1119.2,-0.0009911698197468857,-0.0009912098672235498,5.4571362236488956e-05,0.9999775717720688,0.999999991849646,-7.991256320118678e-16,2615.986071681947,3.499476191999718e-05,0.742613297257248
0.0010,1120.0,-0.0008947492935031881,-0.0008947934261673663,0.00018426422406172497,0.9999556282567152,0.9999999918496038,-7.991256320118678e-16,2615.9861114617074,3.499491916564402e-05,0.7426063803326378
0.0010,1120.8,-0.0007016607738141773,-0.000701702396630559,0.000294048045446738,0.9999173023242688,0.9999999918495617,-9.589507584142415e-16,2615.9860865909736,3.499509525381735e-05,0.7426108310333533
0.0010,1121.6000000000001,-0.00043277141353160564,-0.00043279760932492196,0.0003720648156380319,0.999888342489894,0.9999999918495195,-9.589507584142415e-16,2615.9860414153486,3.499525001144043e-05,0.7426186696830025
0.0010,1122.4,-0.00011712794424486575,-0.00011713099654435706,0.00040988263446682107,0.9998743951673326,0.9999999918494776,-4.794753792071207e-16,2615.9860562197223,3.499538478809859e-05,0.7426154905188465
0.0010,1123.2,0.00021117260551028599,0.0002111911661693913,0.0004034145687333565,0.9998783934651835,0.9999999918494351,-7.991256320118678e-16,2615.986104559386,3.499554254246946e-05,0.7426073205710997
0.0010,1124.0,0.000516665191919713,0.0005166960071747075,0.00035336118916767995,0.9999068213084894,0.9999999918493927,-7.991256320118678e-16,2615.986100467765,3.499572209837483e-05,0.7426092141353098
0.0010,1124.8,0.0007663424663405116,0.0007663759163251985,0.00026512821949149556,0.9999403190526073,0.9999999918493501,-7.991256320118678e-16,2615.9860511873458,3.4995879633575675e-05,0.7426176355270422
0.0010,1125.6000000000001,0.000933216026008722,0.0009332526363473237,0.00014824715442951728,0.9999631695198227,0.9999999918493071,-9.589507584142415e-16,2615.9860442824943,3.4996011893903405e-05,0.7426174084761656
0.0010,1126.4,0.0009992487283883452,0.0009992956852440376,1.5350924816676934e-05,0.9999750988146106,0.9999999918492641,-7.991256320118678e-16,2615.9860920521714,3.499617193279017e-05,0.74260922172827
0.0010,1127.2,0.0009573173767017545,0.00095737240473259,-0.00011920012370574045,0.9999644915097108,0.9999999918492205,-1.118775884816615e-15,2615.9861095117158,3.499636416440453e-05,0.7426077917934485
0.0010,1128.0,0.0008119651133596406,0.0008120133822983671,-0.00024087396324626583,0.9999352228921704,0.9999999918491767,-1.118775884816615e-15,2615.9860654523,3.4996520514439346e-05,0.7426154489318615
0.0010,1128.8,0.0005788926074360638,0.0005789212232112748,-0.0003365261635029752,0.9999079638819429,0.9999999918491326,-1.118775884816615e-15,2615.986038210859,3.4996647302780375e-05,0.742618604465177
0.0010,1129.6000000000001,0.0002832717041667926,0.0002832790141176339,-0.0003958180549323846,0.9998856655481347,0.9999999918490883,-9.589507584142415e-16,2615.9860763680067,3.499682524171983e-05,0.74261190673274
0.0010,1130.4,-4.296181128998425e-05,-4.2969814828018306e-05,-0.00041234320078582624,0.9998766383237478,0.9999999918490435,-7.991256320118678e-16,2615.9861119969496,3.499702669091342e-05,0.7426071188330134
0.0010,1131.2,-0.00036455995565949086,-0.000364576151690624,-0.0003843179745240578,0.9998924499338828,0.999999991848998,-9.589507584142415e-16,2615.986081565069,3.4997172350159864e-05,0.7426122963472667
0.0010,1132.0,-0.0006467696235372266,-0.0006467923821611846,-0.00031476826424637624,0.9999182929237358,0.9999999918489526,-4.794753792071207e-16,2615.98603929124,3.499731126858438e-05,0.7426179262662622
0.0010,1132.8,-0.0008590895981942658,-0.0008591253809946575,-0.00021120864255016152,0.9999444995973892,0.9999999918489061,-7.991256320118678e-16,2615.9860605457793,3.499750921497144e-05,0.7426138304655617
0.0010,1133.6000000000001,-0.000978581704702585,-0.0009786347598902893,-8.483254397752447e-05,0.9999686285730458,0.9999999918488595,-6.393005056094942e-16,2615.986107451381,3.4997707112344315e-05,0.7426069391628376
0.0010,1134.4,-0.000992350648098247,-0.000992411052922587,5.070703680143544e-05,0.9999722432022935,0.9999999918488119,-7.991256320118678e-16,2615.9860964762397,3.499785473746347e-05,0.7426091788045773
0.0010,1135.2,-0.0008989147429258784,-0.0008989651426984717,0.0001807715468140702,0.9999549196716416,0.9999999918487643,-6.393005056094942e-16,2615.986047265174,3.4998011245034546e-05,0.7426166683850297
0.0010,1136.0,-0.0007083583022962027,-0.0007083903358912841,0.0002913071825137099,0.9999304773231296,0.9999999918487159,-6.393005056094942e-16,2615.9860474730644,3.49982198062725e-05,0.7426162952080473
0.0010,1136.8,-0.00044126044895604315,-0.00044127721345617744,0.0003703666192180021,0.999899493653013,0.9999999918486666,-6.393005056094942e-16,2615.9860966686574,3.499842133927024e-05,0.7426085949709931
0.0010,1137.6000000000001,-0.00012648091157600448,-0.00012648742190044898,0.00040940915830038995,0.9998767941915045,0.999999991848617,-7.991256320118678e-16,2615.9861073002025,3.499857451863332e-05,0.7426072237014448
0.0010,1138.4,0.00020196503598732236,0.00020196815783964282,0.0004042184881449745,0.9998789415817078,0.9999999918485669,-6.393005056094942e-16,2615.9860605381537,3.499874598841618e-05,0.7426149821134117
0.0010,1139.2,0.0005085841640443388,0.0005086020238466415,0.00035535361672994845,0.9998966549012634,0.999999991848516,-6.393005056094942e-16,2615.986039616176,3.499896948001949e-05,0.7426182379268418
0.0010,1140.0,0.000760244362174418,0.0007602836446824059,0.00026809520827404486,0.9999259747497746,0.9999999918484642,-6.393005056094942e-16,2615.9860817438907,3.4999171294845294e-05,0.7426110373636482
0.0010,1140.8,0.0009297644741879214,0.0009298219930588536,0.00015187405022494218,0.9999609912615881,0.999999991848412,-4.794753792071207e-16,2615.9861120024852,3.4999331473861165e-05,0.7426064349519095
0.0010,1141.6000000000001,0.0009988420004087906,0.0009989012607511474,1.924381719828545e-05,0.9999774730870976,0.9999999918483589,-7.991256320118678e-16,2615.986076597902,3.499952470088282e-05,0.7426130880577988
0.0010,1142.4,0.0009600093976000831,0.0009600557873133219,-0.00011546977538354718,0.999971227114815,0.999999991848305,-6.393005056094942e-16,2615.986038529741,3.499975621934872e-05,0.7426189956678582
0.0010,1143.2,0.0008174469909331181,0.0008174802706228089,-0.00023770804434282037,0.9999497888753209,0.9999999918482503,-7.991256320118678e-16,2615.9860655907714,3.4999957410292534e-05,0.7426134087724757
0.0010,1144.0,0.0005865543940462265,0.0005865806877165431,-0.0003342600850697652,0.9999126141135353,0.999999991848195,-7.991256320118678e-16,2615.9861097019784,3.50001339555057e-05,0.7426064756581867
0.0010,1144.8,0.0002922865583239928,0.0002923060828927541,-0.0003946970387778208,0.9998797787670413,0.9999999918481389,-7.991256320118678e-16,2615.986092365159,3.5000343941397644e-05,0.7426103949525535
0.0010,1145.6000000000001,-3.355618778968256e-05,-3.354981399966754e-05,-0.000412490892306261,0.9998708927456758,0.9999999918480821,-6.393005056094942e-16,2615.9860444182464,3.5000577463724506e-05,0.7426176931109322
0.0010,1146.4,-0.00035576597194273893,-0.00035578069418162807,-0.0003857171897324629,0.9998810076362518,0.9999999918480241,-7.991256320118678e-16,2615.9860512636365,3.500078681047483e-05,0.7426153084789997
0.0010,1147.2,-0.0006395329001493382,-0.0006395713669433439,-0.00031727000993671375,0.9999108208623098,0.9999999918479658,-6.393005056094942e-16,2615.986100780404,3.500097915000526e-05,0.7426075688567072
0.0010,1148.0,-0.0008542088107046958,-0.0008542616324623786,-0.00021454614379626754,0.9999518023887795,0.9999999918479063,-6.393005056094942e-16,2615.9861048081675,3.5001198149099734e-05,0.7426080466699964
0.0010,1148.8,-0.0009766046247990357,-0.0009766559930388414,-8.864002044873696e-05,0.9999765484050036,0.9999999918478462,-6.393005056094942e-16,2615.9860561602577,3.500144007640956e-05,0.7426157491729757
0.0010,1149.6000000000001,-0.0009934843411420382,-0.000993527749146202,4.684672193679714e-05,0.9999794221652747,0.9999999918477851,-6.393005056094942e-16,2615.986041486857,3.5001659625836305e-05,0.7426171513376653
0.0010,1150.4,-0.0009030125280085698,-0.0009030530789579805,0.0001772701701925256,0.9999627996448566,0.9999999918477236,-3.196502528047471e-16,2615.986086933833,3.5001862429421707e-05,0.7426099214535903
0.0010,1151.2,-0.0007149698879074705,-0.0007150099300846325,0.00028853715466702073,0.9999247659694972,0.9999999918476608,-3.196502528047471e-16,2615.98611155051,3.5002094156179884e-05,0.742606825204856
0.0010,1152.0,-0.0004496846513960155,-0.00044971625633475617,0.0003686306028767059,0.9998881461415408,0.9999999918475968,-6.393005056094942e-16,2615.986071506157,3.5002345935836266e-05,0.7426134804353459
0.0010,1152.8,-0.00013582175136909688,-0.00013583371449769695,0.00040889773639125366,0.9998719971758709,0.9999999918475325,-4.794753792071207e-16,2615.9860381197605,3.500257355018984e-05,0.7426183527306482
0.0010,1153.6000000000001,0.00019271133587864622,0.00019272510307046545,0.0004049855073880105,0.9998740312828793,0.9999999918474674,-4.794753792071207e-16,2615.9860708088295,3.500278954211355e-05,0.742612715070511
0.0010,1154.4,0.0005004255162113966,0.000500461355234454,0.00035731794549866987,0.9998995135194694,0.9999999918474015,-3.196502528047471e-16,2615.986111350295,3.50030348398806e-05,0.7426064931047577
0.0010,1155.2,0.0007540823056504507,0.0007541271773340228,0.0002710454789857082,0.9999391807314745,0.9999999918473346,-6.393005056094942e-16,2615.986087611737,3.50032950381291e-05,0.7426109190621896
0.0010,1156.0,0.0009262723755783391,0.0009263148869576247,0.00015548540883603083,0.9999667543608372,0.9999999918472671,-6.393005056094942e-16,2615.986041881953,3.5003531725588266e-05,0.7426179753329566
0.0010,1156.8,0.0009983766514083667,0.0009984182242112533,2.3124216437204748e-05,0.9999777246305299,0.9999999918471988,-6.393005056094942e-16,2615.986055562675,3.500376079302881e-05,0.7426148557410491
0.0010,1157.6000000000001,0.0009626003294370004,0.0009626476409013449,-0.0001117318404765067,0.9999695468728389,0.9999999918471303,-4.794753792071207e-16,2615.9861043293017,3.50040182608417e-05,0.7426071047010115
0.0010,1158.4,0.0008228218353986575,0.0008228709168135452,-0.0002345135814882445,0.9999377256570292,0.9999999918470608,-6.393005056094942e-16,2615.986101418985,3.500428541185034e-05,0.7426083774463035
0.0010,1159.2,0.0005941526441254362,0.0005941897334991942,-0.00033196035104462177,0.9999037984909315,0.9999999918469907,-7.991256320118678e-16,2615.986052015624,3.500452976480329e-05,0.7426162416652632
0.0010,1160.0,0.00030129469348060754,0.0003013094145843682,-0.0003935425863761887,0.9998828318516827,0.9999999918469205,-6.393005056094942e-16,2615.98604406552,3.5004773071183145e-05,0.7426166756293683
0.0010,1160.8,-2.4117690409595474e-05,-2.4126148578663555e-05,-0.0004126038985992614,0.9998746826534073,0.9999999918468497,-4.794753792071207e-16,2615.9860917599335,3.5005038603306533e-05,0.7426087766349565
0.0010,1161.6000000000001,-0.00034693082748034457,-0.0003469552399119042,-0.0003870863816552962,0.9998900143493205,0.9999999918467781,-9.589507584142415e-16,2615.986110208614,3.5005306824647715e-05,0.7426065550508654
0.0010,1162.4,-0.0006322681611067383,-0.0006322987608842498,-0.0003197467089716422,0.9999218442122574,0.9999999918467068,-7.991256320118678e-16,2615.986066542978,3.5005564306834355e-05,0.7426140128582684
0.0010,1163.2,-0.0008492915349082903,-0.0008493259640522553,-0.0002178577378186193,0.9999487487844417,0.999999991846635,-9.589507584142415e-16,2615.9860385019715,3.500581858145294e-05,0.7426178307600667
0.0010,1164.0,-0.00097454206068358,-0.0009745869743104798,-9.243077993702108e-05,0.9999684217655749,0.9999999918465634,-6.393005056094942e-16,2615.9860760436304,3.5006080964904286e-05,0.7426113910831152
0.0010,1164.8,-0.000994493495003006,-0.0009945502153471866,4.2978596444442705e-05,0.9999726570206721,0.999999991846491,-1.118775884816615e-15,2615.986112313066,3.500635763768109e-05,0.7426063998384317
0.0010,1165.6000000000001,-0.0009070054184631698,-0.0009070610394555415,0.00017374409981940286,0.9999525626223481,0.9999999918464189,-7.991256320118678e-16,2615.9860827064977,3.500662948549158e-05,0.7426118396833674
0.0010,1166.4,-0.0007215314429885189,-0.0007215702544219056,0.0002857414827455572,0.9999252063698386,0.9999999918463468,-7.991256320118678e-16,2615.9860399508298,3.5006880243982525e-05,0.7426182738079921
0.0010,1167.2,-0.0004581001233704896,-0.00045811686246656047,0.00036686685111610547,0.9998999373607795,0.9999999918462747,-7.991256320118678e-16,2615.9860601583623,3.500714340616353e-05,0.7426144218689837
0.0010,1168.0,-0.00014516712706507518,-0.00014516629541757323,0.00040835262339914156,0.9998794766984815,0.9999999918462027,-7.991256320118678e-16,2615.986107285407,3.500743505739458e-05,0.742607020756341
0.0010,1168.8,0.00018345717965989483,0.00018346835587043528,0.0004057187417207432,0.9998809469160246,0.9999999918461308,-6.393005056094942e-16,2615.9860974137337,3.500770867916184e-05,0.7426092006940885
0.0010,1169.6000000000001,0.0004922623655311317,0.0004922805372141843,0.00035924930367660173,0.9999016216670982,0.9999999918460593,-6.393005056094942e-16,2615.9860481262167,3.5007952559564896e-05,0.742616959720284
0.0010,1170.4,0.0007478741843656672,0.0007479040143215729,0.00027396348984966724,0.9999268442122868,0.9999999918459883,-4.794753792071207e-16,2615.9860471153415,3.500822325942571e-05,0.7426162163364306
0.0010,1171.2,0.000922672389022116,0.000922720032189362,0.00015907943269453083,0.9999559070997234,0.9999999918459171,-4.794753792071207e-16,2615.986096130082,3.500852489579341e-05,0.7426081861330954
0.0010,1172.0,0.0009977836225221104,0.0009978433834191966,2.7011205647070054e-05,0.9999740814190848,0.9999999918458465,-6.393005056094942e-16,2615.9861079190027,3.5008792666833695e-05,0.7426070697017699
0.0010,1172.8,0.0009651032060132322,0.0009651582521502355,-0.00010797734516265453,0.9999675066853805,0.9999999918457769,-6.393005056094942e-16,2615.986061481044,3.500902957747779e-05,0.7426147899071496
0.0010,1173.6000000000001,0.0008281546219860896,0.0008281932003862347,-0.00023130335247233675,0.9999475262752495,0.9999999918457075,-6.393005056094942e-16,2615.9860394226207,3.5009310990831045e-05,0.7426176774879962
0.0010,1174.4,0.0006017221029412865,0.0006017453054290113,-0.0003296372654643819,0.9999181385552864,0.9999999918456388,-6.393005056094942e-16,2615.9860809760107,3.500961806369432e-05,0.7426105371343502
0.0010,1175.2,0.00031026932395547584,0.0003102827837301674,-0.000392353563520906,0.999885814372919,0.9999999918455713,-6.393005056094942e-16,2615.9861121525073,3.5009870162890476e-05,0.7426060618062177
0.0010,1176.0,-1.4708145274178663e-05,-1.4703044982869603e-05,-0.0004126792343173497,0.9998737382453414,0.9999999918455047,-4.794753792071207e-16,2615.986077395841,3.5010105472860716e-05,0.7426123628645834
0.0010,1176.8,-0.0003380920152445674,-0.0003381001102601043,-0.00038841756485463627,0.9998834148929125,0.9999999918454383,-6.393005056094942e-16,2615.9860384998888,3.50104012136345e-05,0.7426181353555802
0.0010,1177.6000000000001,-0.0006249376973019318,-0.0006249668301909229,-0.00032218907617592935,0.9999066419400624,0.9999999918453739,-1.5982512640237355e-16,2615.9860646857546,3.501069998107535e-05,0.7426131454904534
0.0010,1178.4,-0.0008442585902407235,-0.0008443096646281892,-0.00022115254719559026,0.9999434212486713,0.9999999918453103,-3.196502528047471e-16,2615.9861093232785,3.50109366073054e-05,0.7426066520082996
0.0010,1179.2,-0.0009723724048834961,-0.000972432193363397,-9.622359918700404e-05,0.999973077749156,0.9999999918452476,-4.794753792071207e-16,2615.986092889333,3.5011179350530745e-05,0.7426103852969285
0.0010,1180.0,-0.0009954392568415557,-0.0009954907947414132,3.910522504932519e-05,0.9999781860857664,0.9999999918451862,-3.196502528047471e-16,2615.986044606374,3.501147962834187e-05,0.7426179132163895
0.0010,1180.8,-0.0009109524844018137,-0.0009109911464138315,0.0001702113678563194,0.9999652490242038,0.9999999918451261,-6.393005056094942e-16,2615.9860504504027,3.501176341907872e-05,0.742616350335219
0.0010,1181.6000000000001,-0.0007280318396130537,-0.0007280633190965375,0.00028292420039710905,0.9999337536645212,0.9999999918450677,-3.196502528047471e-16,2615.9860999986986,3.50119928894759e-05,0.7426086691249616
0.0010,1182.4,-0.00046644762998877126,-0.0004664740390037143,0.0003650668945763188,0.999893696607246,0.9999999918450103,-3.196502528047471e-16,2615.9861049988176,3.501224109085302e-05,0.7426085315875918
0.0010,1183.2,-0.0001544709990562695,-0.0001544862716975631,0.0004077680841995635,0.9998719992213432,0.9999999918449544,-4.794753792071207e-16,2615.9860565511744,3.5012536194769e-05,0.7426163320743522
0.0010,1184.0,0.00017418801452418335,0.0001741927428238004,0.0004064128554735289,0.9998723166712089,0.9999999918449005,-1.5982512640237355e-16,2615.98604090796,3.5012808605543366e-05,0.7426180702642053
0.0010,1184.8,0.0004840217755193399,0.00048405106472293127,0.0003611471038090692,0.9998919828923827,0.9999999918448473,-3.196502528047471e-16,2615.9860858912343,3.501303309911975e-05,0.742610390919099
0.0010,1185.6000000000001,0.000741563735946669,0.0007416113244681443,0.0002768638763993615,0.9999315094312156,0.9999999918447962,-3.196502528047471e-16,2615.986111411582,3.5013277817472144e-05,0.7426069188104791
0.0010,1186.4,0.0009189962140470736,0.0009190470045462594,0.00016266711192356888,0.9999667357329269,0.9999999918447465,-3.196502528047471e-16,2615.986072060654,3.501357009151093e-05,0.742613780727355
0.0010,1187.2,0.0009971412003812385,0.000997185375725249,3.089131360299763e-05,0.9999801017763,0.999999991844698,-4.794753792071207e-16,2615.986037904706,3.5013833552028445e-05,0.7426187156629821
0.0010,1188.0,0.0009675411133873446,0.000967581981696251,-0.00010422226528505736,0.9999747049071157,0.9999999918446515,-1.5982512640237355e-16,2615.9860697593763,3.5014042049691746e-05,0.742613064766928
0.0010,1188.8,0.000833394635109236,0.0008334372682976192,-0.00022807122152821878,0.9999459376900974,0.9999999918446068,0.0,2615.9861109352323,3.501428752020134e-05,0.7426069635903033
0.0010,1189.6000000000001,0.0006092082074703271,0.0006092469579303857,-0.00032727801254942013,0.9999053368262593,0.9999999918445631,0.0,2615.986088152895,3.501458158615816e-05,0.7426113422194178
0.0010,1190.4,0.00031920967912912494,0.000319232131845769,-0.00039112712462794453,0.9998792881016956,0.9999999918445209,-1.5982512640237355e-16,2615.986041975455,3.501481837299421e-05,0.7426184400999082
0.0010,1191.2,-5.271961388873565e-06,-5.274236750820312e-06,-0.0004127175907890872,0.9998712112677531,0.9999999918444805,-1.5982512640237355e-16,2615.9860546177515,3.5015013538755094e-05,0.7426155116118917
0.0010,1192.0,-0.0003291847748443267,-0.00032921091696141053,-0.00038971628913092896,0.999883505576977,0.9999999918444417,1.5982512640237355e-16,2615.986103590207,3.501527284037509e-05,0.7426077065532043
0.0010,1192.8,-0.0006175395513528402,-0.0006175792172199088,-0.0003246100070328904,0.9999185108880758,0.9999999918444037,0.0,2615.9861017197895,3.501554707748894e-05,0.742608844174174
0.0010,1193.6000000000001,-0.000839182284546564,-0.0008392230329425704,-0.0002244302388141205,0.9999527070359365,0.9999999918443675,0.0,2615.9860523477573,3.501575269157184e-05,0.7426167265663624
0.0010,1194.4,-0.0009701532643512329,-0.0009701929372598205,-9.999921641965756e-05,0.9999717829856655,0.9999999918443325,-1.5982512640237355e-16,2615.9860434059597,3.501595725745284e-05,0.7426173654661639
0.0010,1195.2,-0.0009962922465349253,-0.0009963378431260804,3.523406279491348e-05,0.9999761429568449,0.9999999918442987,1.5982512640237355e-16,2615.9860908463734,3.5016211558135266e-05,0.742609689704854
0.0010,1196.0,-0.0009147845127108164,-0.0009148358763178654,0.00016665674194497846,0.9999562828193533,0.9999999918442659,0.0,2615.986110227846,3.501645163028345e-05,0.7426072001849113
0.0010,1196.8,-0.0007344496026979373,-0.0007344938795382835,0.0002800747253262264,0.9999221223043937,0.9999999918442347,0.0,2615.9860670869275,3.501665111201483e-05,0.7426143504255394
0.0010,1197.6000000000001,-0.0004747700487457166,-0.00047479432201110887,0.0003632353834793273,0.9998955774883662,0.9999999918442041,0.0,2615.9860382667644,3.501685605316347e-05,0.7426184319838312
0.0010,1198.4,-0.00016379392055024413,-0.0001637951763168411,0.0004071500524002014,0.9998785350477184,0.9999999918441741,-1.5982512640237355e-16,2615.9860750826087,3.501708797950275e-05,0.7426117408154557
0.0010,1199.2,0.0001648851996081149,0.00016490117343384645,0.00040707410015775053,0.9998790689375068,0.9999999918441459,-1.5982512640237355e-16,2615.9861120028368,3.501730907511784e-05,0.7426058201994001
0.0010,1200.0,0.00047575738587422655,0.00047578142560503645,0.00036301709822839914,0.9999033478026764,0.9999999918441179,-1.5982512640237355e-16,2615.98608334107,3.501750274836765e-05,0.7426111067337438
0.0010,1200.8,0.0007352285079694828,0.0007352566441175739,0.0002797365964137088,0.9999321039785416,0.9999999918440907,-1.5982512640237355e-16,2615.986040139819,3.501769875012944e-05,0.7426177682865608
0.0010,1201.6000000000001,0.0009152523030430529,0.0009152904390039737,0.00016623094605931957,0.9999561863338078,0.9999999918440646,-1.5982512640237355e-16,2615.986059313301,3.501790736572869e-05,0.7426135102945781
0.0010,1202.4,0.0009963789218293416,0.0009964321409576822,3.4768487937574165e-05,0.9999727504863565,0.999999991844039,-3.196502528047471e-16,2615.9861067579513,3.5018113842837395e-05,0.7426059905698695
0.0010,1203.2,0.0009698586032116336,0.0009699177679548407,-0.00010044823122556618,0.9999662321044962,0.9999999918440137,-1.5982512640237355e-16,2615.9860980494122,3.501830791921232e-05,0.7426087255926408
0.0010,1204.0,0.0008385637153224113,0.000838611465916049,-0.0002248154798357125,0.9999424789781531,0.9999999918439894,-1.5982512640237355e-16,2615.986048703364,3.501848053319559e-05,0.7426167788533263
0.0010,1204.8,0.0006166700403771995,0.0006166972509231314,-0.0003248950960065219,0.9999168191939564,0.9999999918439654,-4.794753792071207e-16,2615.9860465817305,3.501866727636538e-05,0.7426159754094566
0.0010,1205.6000000000001,0.0003281422964598251,0.00032815164477509285,-0.0003898698611882173,0.9998899321020019,0.999999991843942,-1.5982512640237355e-16,2615.986095490486,3.501888067357975e-05,0.742608133538013
0.0010,1206.4,4.153732842023777e-06,4.151634650088147e-06,-0.00041272085079549004,0.9998764251115172,0.9999999918439189,0.0,2615.98610837326,3.5019054094366815e-05,0.742607342801029
0.0010,1207.2,-0.00032028658506078934,-0.00032029683516096656,-0.00039098056854105937,0.9998873805120507,0.9999999918438965,1.5982512640237355e-16,2615.9860622939505,3.501919656175201e-05,0.7426149494868327
0.0010,1208.0,-0.0006101170011492071,-0.000610138857017815,-0.00032699588239640416,0.9999093904452595,0.999999991843874,0.0,2615.986039296748,3.5019392480519606e-05,0.7426175578060821
0.0010,1208.8,-0.0008340173952914486,-0.0008340579453286095,-0.00022768155360314792,0.9999384762242917,0.9999999918438518,1.5982512640237355e-16,2615.986080338911,3.501959527978962e-05,0.7426107257467918
0.0010,1209.6000000000001,-0.0009678052910030404,-0.0009678628188396757,-0.00010377123690116842,0.9999675945996133,0.9999999918438297,-1.5982512640237355e-16,2615.9861123457654,3.501973175029062e-05,0.742606499196004
0.0010,1210.4,-0.000997039682404624,-0.0009970986277078786,3.1350854657482375e-05,0.9999749955448497,0.9999999918438083,0.0,2615.9860783384847,3.5019874447952916e-05,0.7426123842336009
0.0010,1211.2,-0.0009185594462284498,-0.000918604554002323,0.00016308989412685106,0.9999620847501159,0.9999999918437867,1.5982512640237355e-16,2615.986038871139,3.5020074233061254e-05,0.742618274427337
0.0010,1212.0,-0.000740829540628954,-0.0007408590557915744,0.000277208618336329,0.9999375028021019,0.999999991843765,1.5982512640237355e-16,2615.9860641940736,3.502024663134455e-05,0.7426138023216278
0.0010,1212.8,-0.0004830478978199271,-0.00048306786362919783,0.00036137361659712775,0.9999017690577107,0.9999999918437436,0.0,2615.986109198782,3.5020366926839946e-05,0.7426067762824291
0.0010,1213.6000000000001,-0.0001730724130974635,-0.0001730852825714253,0.00040649419557247545,0.9998758450539034,0.9999999918437218,-1.5982512640237355e-16,2615.986093766928,3.502051835136952e-05,0.7426099437002791
0.0010,1214.4,0.00015559924319408778,0.00015559767240341829,0.000407696636585843,0.9998746323887279,0.9999999918437001,0.0,2615.9860453580927,3.502070481533523e-05,0.7426179042892909
0.0010,1215.2,0.000467450925811313,0.0004674688927462867,0.00036484921454634937,0.9998901856666015,0.9999999918436787,0.0,2615.986050110842,3.5020851376184464e-05,0.7426161455971901
0.0010,1216.0,0.0007287906597084902,0.0007288325004900712,0.0002825832769507342,0.9999226970672838,0.9999999918436568,0.0,2615.9860995426666,3.502097222270345e-05,0.7426076039467132
0.0010,1216.8,0.0009113950344535079,0.000911451693202868,0.000169788630324677,0.9999608931269551,0.9999999918436344,-1.5982512640237355e-16,2615.9861056476298,3.5021125137896257e-05,0.7426076622449941
0.0010,1217.6000000000001,0.0009955421260367074,0.0009955961296429046,3.8647423905327234e-05,0.9999789787150626,0.9999999918436125,0.0,2615.986057525914,3.502128885924016e-05,0.74261603351816
0.0010,1218.4,0.0009721289209610357,0.0009721716867647958,-9.667311291965545e-05,0.9999754675129481,0.9999999918435898,-3.196502528047471e-16,2615.986040812479,3.5021425013904166e-05,0.7426175298253637
0.0010,1219.2,0.0008436722404601083,0.0008437082192623632,-0.0002215470575825994,0.9999533353086201,0.9999999918435671,-3.196502528047471e-16,2615.986085253945,3.5021551978871196e-05,0.7426097310813872
0.0010,1220.0,0.0006240548124356605,0.0006240879664324818,-0.00032248092460645026,0.9999132788267148,0.9999999918435446,0.0,2615.9861117140968,3.5021690454559286e-05,0.7426067567613882
0.0010,1220.8,0.0003370154188058291,0.00033704052118547513,-0.0003885737136136335,0.9998802083821249,0.9999999918435211,-3.196502528047471e-16,2615.986073059826,3.502184023309417e-05,0.7426137882393815
0.0010,1221.6000000000001,1.3570966731815697e-05,1.3578169159492016e-05,-0.0004126850142689431,0.9998699278313606,0.9999999918434976,-1.5982512640237355e-16,2615.986038094469,3.502198293793129e-05,0.7426185117630927
0.0010,1222.4,-0.00031133382857320653,-0.0003113512376231256,-0.00039220776310491335,0.9998785547496202,0.999999991843474,0.0,2615.9860690620026,3.502209908209655e-05,0.742612937615766
0.0010,1223.2,-0.0006026019708728519,-0.0006026412235096664,-0.0003293562024524965,0.9999099667581258,0.9999999918434497,-3.196502528047471e-16,2615.9861108127106,3.502222460118091e-05,0.7426069311191993
0.0010,1224.0,-0.0008287732076387714,-0.0008288211332284028,-0.0002309209853658343,0.9999505886743092,0.9999999918434254,-1.5982512640237355e-16,2615.98608901844,3.5022383328036953e-05,0.742610954045731
0.0010,1224.8,-0.0009654085753411303,-0.0009654529026885484,-0.00010753312524798549,0.9999744191001486,0.9999999918434006,-1.5982512640237355e-16,2615.9860424893564,3.502251500956577e-05,0.7426179683771779
0.0010,1225.6000000000001,-0.000997730390400131,-0.000997771688549227,2.7475070910450845e-05,0.999979362017959,0.9999999918433753,-3.196502528047471e-16,2615.9860540515797,3.502261646860285e-05,0.7426154964338255
0.0010,1226.4,-0.0009222412856214609,-0.0009222863330533617,0.00015951127795220114,0.9999633126509888,0.9999999918433501,0.0,2615.9861031070714,3.502275524277832e-05,0.7426075529433044
0.0010,1227.2,-0.000747109263143959,-0.0007471554825560413,0.00027431094420512147,0.9999259505822424,0.9999999918433237,-4.794753792071207e-16,2615.986102341929,3.502290695924145e-05,0.7426081114054277
0.0010,1228.0,-0.0004912659955268355,-0.0004913006923413353,0.000359475511075372,0.9998921878103219,0.9999999918432977,-3.196502528047471e-16,2615.986053127571,3.502302229797536e-05,0.742616258949454
0.0010,1228.8,-0.00018235159123886118,-0.0001823634923152859,0.00040580242373357555,0.9998753716358045,0.9999999918432712,-3.196502528047471e-16,2615.9860430527215,3.502313589347446e-05,0.7426173533302188
0.0010,1229.6000000000001,0.00014626399940198157,0.00014627737211233985,0.0004082841060056561,0.9998748531763707,0.9999999918432438,-4.794753792071207e-16,2615.986090054222,3.502327308977675e-05,0.7426093191150667
0.0010,1230.4,0.0004590827920273228,0.00045911422990068496,0.00036665413956305074,0.9998988926113538,0.9999999918432163,-3.196502528047471e-16,2615.986110492128,3.502341149769608e-05,0.7426065997866951
0.0010,1231.2,0.0007223101585754025,0.000722347745837322,0.00028540950413920383,0.9999348610121334,0.9999999918431886,-3.196502528047471e-16,2615.9860679821854,3.50235343626127e-05,0.7426140562052276
0.0010,1232.0,0.0009074970108574069,0.0009075357952578512,0.00017332513216317252,0.9999605154443748,0.9999999918431606,0.0,2615.986038180533,3.502364831022976e-05,0.7426182369532905
0.0010,1232.8,0.000994622451271467,0.0009946683271241368,4.251414355380928e-05,0.9999745314944094,0.9999999918431316,-1.5982512640237355e-16,2615.9860741751745,3.5023779045765086e-05,0.7426117395036251
0.0010,1233.6000000000001,0.0009742775028683985,0.0009743333122796544,-9.288602025300245e-05,0.9999692557081257,0.9999999918431024,-1.5982512640237355e-16,2615.986111918554,3.502392079849471e-05,0.7426061802024632
0.0010,1234.4,0.0008486756865478218,0.000848730144159386,-0.00021825000743709485,0.9999411768229032,0.9999999918430726,-4.794753792071207e-16,2615.9860841995337,3.502404218601133e-05,0.7426113091291434
0.0010,1235.2,0.0006313906615632055,0.0006314277584941557,-0.00032003704908384394,0.9999114862597103,0.9999999918430428,-1.5982512640237355e-16,2615.98604036332,3.502415571957503e-05,0.7426179699367621
0.0010,1236.0,0.0003458894839374677,0.0003459023369240601,-0.0003872466441309263,0.99988892889361,0.9999999918430124,-1.5982512640237355e-16,2615.9860584929024,3.50242885767148e-05,0.7426144111559433
0.0010,1236.8,2.301158014556583e-05,2.3003869574067426e-05,-0.00041261517290955415,0.9998764012689534,0.9999999918429817,0.0,2615.986106313908,3.50244280420926e-05,0.74260699155276
0.0010,1237.6000000000001,-0.00030236036231359655,-0.0003023800796113273,-0.00039340376300524564,0.9998879216971805,0.9999999918429504,0.0,2615.9860986735052,3.502455374318172e-05,0.7426089697489759
0.0010,1238.4,-0.0005950683344706261,-0.0005950941256475395,-0.0003316869993171077,0.9999145353840518,0.9999999918429188,1.5982512640237355e-16,2615.986049201006,3.50246686113163e-05,0.7426170479806201
0.0010,1239.2,-0.0008234759710677316,-0.0008235109991243343,-0.00023413144735777035,0.9999403443564872,0.9999999918428862,0.0,2615.986045991887,3.5024798316964986e-05,0.7426170057925802
0.0010,1240.0,-0.0009629005699009408,-0.0009629513625290883,-0.00011128137815194085,0.9999647146974187,0.9999999918428535,-1.5982512640237355e-16,2615.9860947328657,3.502494621180683e-05,0.7426089230113782
0.0010,1240.8,-0.0009982907022507647,-0.0009983522922507686,2.3588375042214178e-05,0.9999733437369828,0.9999999918428203,-1.5982512640237355e-16,2615.9861086480655,3.502507443039098e-05,0.7426072324850446
0.0010,1241.6000000000001,-0.0009258346354960834,-0.0009258898375963541,0.00015591140454700606,0.9999581315278706,0.9999999918427867,-1.5982512640237355e-16,2615.9860629811683,3.502518534298834e-05,0.7426149572622828
0.0010,1242.4,-0.0007533546035443592,-0.0007533903170644699,0.00027139283343059333,0.9999343359891744,0.999999991842753,1.5982512640237355e-16,2615.986038996729,3.502532469918202e-05,0.7426182449334223
0.0010,1243.2,-0.0004994738981915103,-0.0004994900763420558,0.00035755091309265063,0.9999058519123901,0.9999999918427179,-1.5982512640237355e-16,2615.986079357515,3.502547947481157e-05,0.7426110693318092
0.0010,1244.0,-0.0001916202368423695,-0.0001916231289343678,0.00040507588577014085,0.9998802321830261,0.9999999918426828,-1.5982512640237355e-16,2615.98611221492,3.502560568892872e-05,0.7426061501593977
0.0010,1244.8,0.0001369407551479662,0.00013694700233338178,0.00040883563594896035,0.9998776009044115,0.9999999918426475,0.0,2615.9860790559046,3.502572297565107e-05,0.7426121902526513
0.0010,1245.6000000000001,0.00045070361134607803,0.0004507207369277145,0.00036842283240169415,0.9998937229065651,0.9999999918426112,0.0,2615.986038856621,3.5025872212708584e-05,0.7426181591890865
0.0010,1246.4,0.0007157613353784385,0.0007157959344185186,0.00028820337825383115,0.9999194280001632,0.9999999918425742,-1.5982512640237355e-16,2615.9860631767774,3.502603269291157e-05,0.7426133831012283
0.0010,1247.2,0.000903480069599691,0.0009035335992822308,0.00017684814595861172,0.9999536746402524,0.9999999918425371,0.0,2615.986108726367,3.5026162488250604e-05,0.7426065964507125
0.0010,1248.0,0.000993592412105674,0.000993652277697473,4.638747198571069e-05,0.9999755493255691,0.999999991842499,0.0,2615.9860943711783,3.502628601534553e-05,0.7426099155954015
0.0010,1248.8,0.0009763655573125211,0.0009764144556240645,-8.90886366603831e-05,0.9999728223874143,0.9999999918424605,1.5982512640237355e-16,2615.9860456302504,3.5026448358000825e-05,0.7426173051807579
0.0010,1249.6000000000001,0.0008536469484160312,0.0008536795559118939,-0.00021494171233053973,0.999954887482167,0.999999991842421,1.5982512640237355e-16,2615.9860492884463,3.502661675704534e-05,0.7426158388738153
0.0010,1250.4,0.000638686124731883,0.0006387086285148637,-0.00031756888254786834,0.9999217186813136,0.9999999918423808,-1.5982512640237355e-16,2615.9860988140235,3.50267479079319e-05,0.742608323576473
0.0010,1251.2,0.0003547132892373721,0.00035473022713940173,-0.00038588300926436657,0.9998856637143547,0.9999999918423401,1.5982512640237355e-16,2615.9861059849786,3.5026884558619704e-05,0.742607927974454
0.0010,1252.0,3.24180686234495e-05,3.242632908484257e-05,-0.000412506289290738,0.9998713309621877,0.9999999918422985,0.0,2615.9860580363343,3.502706199644232e-05,0.7426155379244626
0.0010,1252.8,-0.0002933725379799462,-0.0002933808826649748,-0.00039456078403716605,0.9998780320373776,0.9999999918422561,1.5982512640237355e-16,2615.9860403543908,3.5027233355561696e-05,0.7426180053635897
0.0010,1253.6000000000001,-0.0005874584634761474,-0.0005874896150689484,-0.0003339854466710978,0.9999024917565866,0.9999999918422131,3.196502528047471e-16,2615.9860843943115,3.502737278522412e-05,0.7426107441709494
0.0010,1254.4,-0.0008180750675776102,-0.0008181244141362545,-0.00023732767274894793,0.9999427316784912,0.9999999918421685,-1.5982512640237355e-16,2615.9861117350956,3.502752582105967e-05,0.7426065133342619
0.0010,1255.2,-0.0009603161795987584,-0.0009603680677943952,-0.00011502801645515062,0.9999732450586644,0.9999999918421234,0.0,2615.9860737476342,3.502771349179907e-05,0.7426132518833557
0.0010,1256.0,-0.0009988071394827751,-0.0009988500349533344,1.97037333616799e-05,0.9999802807677983,0.9999999918420778,1.5982512640237355e-16,2615.9860380758832,3.5027893044517814e-05,0.7426190842856101
0.0010,1256.8,-0.0009293738776178812,-0.0009294103753336473,0.00015230690526438554,0.9999685577104488,0.9999999918420307,1.5982512640237355e-16,2615.986068193215,3.502804352347567e-05,0.7426133703422343
0.0010,1257.6000000000001,-0.0007595172280019418,-0.0007595534697879552,0.00026845040370708365,0.9999348928250537,0.9999999918419827,1.5982512640237355e-16,2615.986110490978,3.502820949086422e-05,0.7426065184466742
0.0010,1258.4,-0.0005076006936107985,-0.0005076334121360226,0.0003555890140617041,0.9998946580046617,0.9999999918419339,1.5982512640237355e-16,2615.9860897090666,3.5028411246483716e-05,0.742610968509338
0.0010,1259.2,-0.0002008488289114433,-0.00020086748984570805,0.0004043107100366047,0.9998732323245295,0.9999999918418838,1.5982512640237355e-16,2615.986042820778,3.502859954867071e-05,0.7426184082308305
0.0010,1260.0,0.00012759683481048325,0.00012760117592507244,0.0004093491591538219,0.999871431832483,0.9999999918418329,1.5982512640237355e-16,2615.986053273967,3.502875930385589e-05,0.7426154858465096
0.0010,1260.8,0.0004422550938973811,0.00044228334415724016,0.00037016016809027664,0.999891075210973,0.9999999918417806,1.5982512640237355e-16,2615.9861025037562,3.5028943526571215e-05,0.742607719708836
0.0010,1261.6000000000001,0.0007091383676164809,0.0007091805583146926,0.0002909794357622393,0.9999304590338056,0.999999991841727,-1.5982512640237355e-16,2615.986102894346,3.502915789784877e-05,0.7426087959958406
0.0010,1262.4,0.0008994139273381083,0.000899456576142279,0.00018035859602626172,0.9999633615026639,0.9999999918416732,3.196502528047471e-16,2615.9860537201034,3.502935310998407e-05,0.7426164728258122
0.0010,1263.2,0.0009925108335656894,0.0009925508378142531,5.024789117143119e-05,0.9999776262606631,0.9999999918416176,1.5982512640237355e-16,2615.9860425515817,3.5029528926750834e-05,0.7426171816595319
0.0010,1264.0,0.0009783600799080177,0.0009784043473175317,-8.528982105248684e-05,0.9999743347039753,0.999999991841561,4.794753792071207e-16,2615.986089337757,3.5029728431880725e-05,0.742609695315329
0.0010,1264.8,0.0008584989405870968,0.0008585484387308936,-0.0002116087296169325,0.9999464646414353,0.9999999918415027,0.0,2615.986110776553,3.502995303994536e-05,0.7426070541974228
0.0010,1265.6000000000001,0.0006458906407554011,0.000645933904635057,-0.00031506599879754625,0.999909248328371,0.9999999918414437,1.5982512640237355e-16,2615.986068694393,3.503016323634437e-05,0.7426139171654043
0.0010,1266.4,0.00036350663147439934,0.00036353027489766673,-0.0003844850417394905,0.9998848725933049,0.9999999918413834,0.0,2615.986038073572,3.5030351008482244e-05,0.7426182538859262
0.0010,1267.2,4.184991477639932e-05,4.184867969651488e-05,-0.0004123622932019688,0.9998739695513137,0.9999999918413219,1.5982512640237355e-16,2615.986073456543,3.503056228087942e-05,0.7426122765507307
0.0010,1268.0,-0.00028433301073344506,-0.00028435459686870806,-0.0003956862621680767,0.9998838931387116,0.9999999918412591,0.0,2615.98611182357,3.5030806311491616e-05,0.7426063951747769
0.0010,1268.8,-0.0005798045521000428,-0.0005798358922737697,-0.00033625965248875714,0.9999153530871439,0.9999999918411955,1.5982512640237355e-16,2615.986084916608,3.5031026382575355e-05,0.7426111125682867
0.0010,1269.6000000000001,-0.0008126355538216334,-0.0008126698669867548,-0.00024050011265908602,0.9999454551218605,0.9999999918411301,0.0,2615.986040703559,3.5031221314762365e-05,0.7426181110713914
0.0010,1270.4,-0.0009576568180751399,-0.000957698272193442,-0.0001187544873145246,0.99996610599682,0.9999999918410638,0.0,2615.986057885024,3.503145507268984e-05,0.7426147611482634
0.0010,1271.2,-0.0009991985460317265,-0.0009992525410383042,1.58183035652084e-05,0.9999743838515598,0.9999999918409965,0.0,2615.986105874246,3.503171347586759e-05,0.7426068611995039
0.0010,1272.0,-0.0009327873019856008,-0.0009328459525576355,0.00014867968188073656,0.9999581147813077,0.9999999918409281,0.0,2615.9860993015322,3.503193519305539e-05,0.7426085688677101
0.0010,1272.8,-0.0007656065924082161,-0.0007656528463544654,0.00026548031542050825,0.9999291879250011,0.9999999918408584,1.5982512640237355e-16,2615.9860498755274,3.5032146904269456e-05,0.7426168494205833
0.0010,1273.6000000000001,-0.0005157112421609899,-0.0005157347357491231,0.00035359959506378407,0.9999036986646465,0.9999999918407875,0.0,2615.98604555637,3.503240127383687e-05,0.7426166426079607
0.0010,1274.4,-0.00021009139893996364,-0.00021009373412444055,0.0004035129882866019,0.9998822293791471,0.999999991840716,1.5982512640237355e-16,2615.986094063366,3.503266451492931e-05,0.7426082473343358
0.0010,1275.2,0.00011823526260676901,0.00011824645536364274,0.00040982894306172685,0.9998786088997753,0.9999999918406433,1.5982512640237355e-16,2615.986109068939,3.503289372981932e-05,0.7426068182609087
0.0010,1276.0,0.00043379263445728864,0.0004338110520992748,0.00037186587167004916,0.9998978618699468,0.9999999918405696,3.196502528047471e-16,2615.986063831354,3.5033123772633406e-05,0.7426146435986465
0.0010,1276.8,0.0007024776632353497,0.0007025046741510351,0.0002937231673598477,0.9999229973624071,0.9999999918404948,1.5982512640237355e-16,2615.986038883437,3.5033390330651334e-05,0.7426175148072401
0.0010,1277.6000000000001,0.0008952526577913052,0.0008952955864955304,0.00018384572898880096,0.9999502786701051,0.9999999918404193,1.5982512640237355e-16,2615.9860786755494,3.50336578103435e-05,0.7426106029128358
0.0010,1278.4,0.0009912973468789482,0.0009913558503020475,5.410873871600424e-05,0.9999718693381272,0.9999999918403428,0.0,2615.9861123515875,3.503389712400984e-05,0.742606247191628
0.0010,1279.2,0.0009802495215766609,0.000980308831244644,-8.147420375781645e-05,0.9999696501732774,0.9999999918402658,1.5982512640237355e-16,2615.986079932975,3.5034142440720315e-05,0.7426118544475085
0.0010,1280.0,0.0008633018080614186,0.0008633460735861478,-0.0002082585152536325,0.9999507076628013,0.999999991840188,1.5982512640237355e-16,2615.9860391517636,3.5034416654002035e-05,0.7426175625941955
0.0010,1280.8,0.0006530763627282148,0.0006531023618104424,-0.0003125423786123471,0.9999244216110823,0.9999999918401095,1.5982512640237355e-16,2615.9860626122904,3.503468842561924e-05,0.7426135662085956
0.0010,1281.6000000000001,0.0003722811860445804,0.00037229448171663046,-0.0003830552833058987,0.9998922502327872,0.9999999918400304,3.196502528047471e-16,2615.98610850092,3.503493954196984e-05,0.7426067417603253
0.0010,1282.4,5.125860383442314e-05,5.1263293544414274e-05,-0.0004121813498336096,0.9998748283988736,0.9999999918399506,1.5982512640237355e-16,2615.9860951124624,3.503519491024386e-05,0.7426091496876484
0.0010,1283.2,-0.00027530065099350186,-0.00027530633104983095,-0.000396774392034442,0.99988149313364,0.9999999918398705,1.5982512640237355e-16,2615.986046298998,3.5035472088774566e-05,0.7426171090233383
0.0010,1284.0,-0.000572107186653982,-0.0005721302575207933,-0.0003384973362986499,0.9999015468534574,0.9999999918397902,3.196502528047471e-16,2615.9860489366492,3.5035751373291554e-05,0.7426165749032699
0.0010,1284.8,-0.0008070931122803091,-0.0008071383604873521,-0.00024364917759434176,0.9999347315085708,0.9999999918397091,3.196502528047471e-16,2615.986098293111,3.50360104489703e-05,0.742608233195886
0.0010,1285.6000000000001,-0.0009548823915856971,-0.0009549416472243248,-0.00012247917590871283,0.9999678423510319,0.999999991839628,3.196502528047471e-16,2615.986106518982,3.5036267515317645e-05,0.7426073401426483
0.0010,1286.4,-0.0009995160344083661,-0.0009995715144681038,1.1925912721862049e-05,0.9999780641198458,0.9999999918395469,6.393005056094942e-16,2615.9860589879977,3.5036549722806136e-05,0.7426157717230831
0.0010,1287.2,-0.0009361614564986609,-0.0009362030952965501,0.0001450462618543969,0.9999683149670834,0.9999999918394652,4.794753792071207e-16,2615.986040276219,3.503683556160827e-05,0.742618179266348
0.0010,1288.0,-0.0007716504159534476,-0.0007716818675632057,0.00026249376258934826,0.9999421210140735,0.9999999918393836,4.794753792071207e-16,2615.986083674421,3.50370939290576e-05,0.7426103271410195
0.0010,1288.8,-0.0005237592813009205,-0.0005237856935149305,0.00035157741886085474,0.9999024924734358,0.999999991839302,4.794753792071207e-16,2615.9861119448783,3.5037351846233155e-05,0.742606620169012
0.0010,1289.6000000000001,-0.00021928054436605562,-0.00021929910986652083,0.00040267618675622234,0.9998750406204204,0.9999999918392205,4.794753792071207e-16,2615.9860747360162,3.503763943092062e-05,0.7426135846443284
0.0010,1290.4,0.00010888342481758262,0.00010888113579065742,0.00041026931792357706,0.9998713818269874,0.9999999918391391,4.794753792071207e-16,2615.986038232506,3.503792343451593e-05,0.7426185463817367
0.0010,1291.2,0.0004252755534024599,0.0004252972046113078,0.0003735348559989676,0.999885986809605,0.999999991839058,3.196502528047471e-16,2615.9860674310876,3.503817722657731e-05,0.7426129211940657
0.0010,1292.0,0.0006957182265494521,0.0006957626311238123,0.0002964440144864698,0.9999213368437082,0.9999999918389773,4.794753792071207e-16,2615.9861103594258,3.503843582831908e-05,0.7426068331477872
0.0010,1292.8,0.0008910034368169813,0.0008910570130566592,0.00018732564927274593,0.9999604478743247,0.9999999918388968,3.196502528047471e-16,2615.986090539696,3.503872230052778e-05,0.7426107807089934
0.0010,1293.6000000000001,0.0009900309308248606,0.0009900792371454414,5.79646382523051e-05,0.9999789560985042,0.9999999918388168,3.196502528047471e-16,2615.9860432334494,3.5039000108310274e-05,0.742617828607606
0.0010,1294.4,0.0009820860824018085,0.0009821277728411446,-7.766129649868227e-05,0.9999775733386491,0.9999999918387377,4.794753792071207e-16,2615.986052688235,3.503924752872829e-05,0.7426157652035628
0.0010,1295.2,0.0008680208435777733,0.0008680623206633555,-0.00020489304361637044,0.9999547438118337,0.999999991838659,3.196502528047471e-16,2615.986102028311,3.503950156660193e-05,0.7426081393950975
0.0010,1296.0,0.000660169686188275,0.000660209770025308,-0.0003099851188011306,0.9999140950428205,0.9999999918385809,3.196502528047471e-16,2615.9861033564425,3.5039782079639576e-05,0.7426083710849865
0.0010,1296.8,0.00038099919207730147,0.00038102711102916214,-0.0003815874562113731,0.9998826389444749,0.9999999918385037,3.196502528047471e-16,2615.986054349084,3.5040050571186687e-05,0.7426161040389219
0.0010,1297.6000000000001,6.067157155010964e-05,6.067659105296547e-05,-0.00041196275561927156,0.9998710823559088,0.9999999918384275,4.794753792071207e-16,2615.9860422642037,3.504028834459525e-05,0.7426174997890309
0.0010,1298.4,-0.00026620888278141306,-0.00026622985905856684,-0.0003978274915277951,0.9998781041709609,0.9999999918383518,4.794753792071207e-16,2615.986088542754,3.50405353203261e-05,0.7426098129377621
0.0010,1299.2,-0.0005643328484875198,-0.0005643723023707952,-0.00034071080098848814,0.9999093424698371,0.9999999918382767,1.5982512640237355e-16,2615.9861108148084,3.504080697038693e-05,0.7426065957678267
0.0010,1300.0,-0.0008014951281226359,-0.0008015392144148901,-0.00024678238612668084,0.999947244902521,0.9999999918382032,4.794753792071207e-16,2615.986069510297,3.5041063659207184e-05,0.7426137366101655
0.0010,1300.8,-0.0009520630855714092,-0.0009521046032586473,-0.00012618733406195176,0.9999700139112462,0.9999999918381302,3.196502528047471e-16,2615.9860381114636,3.5041290783414897e-05,0.7426185084986917
0.0010,1301.6000000000001,-0.000999755156846826,-0.0009997990043313983,8.041488857165164e-06,0.9999776252422156,0.9999999918380584,4.794753792071207e-16,2615.9860724682235,3.504152698793142e-05,0.7426121776258359
0.0010,1302.4,-0.0009394212727671796,-0.0009394714034950903,0.00014139727775303528,0.9999632800542867,0.9999999918379876,3.196502528047471e-16,2615.9861115021436,3.504178820568902e-05,0.7426060432360742
0.0010,1303.2,-0.0007775945473441183,-0.0007776421551493729,0.00025947547268352227,0.9999288772046325,0.999999991837918,4.794753792071207e-16,2615.9860857445433,3.504203339353422e-05,0.7426111367876818
0.0010,1304.0,-0.0005317636232039406,-0.0005317943552756515,0.0003495222715531965,0.9998986446464889,0.9999999918378487,0.0,2615.9860409465537,3.5042244444256457e-05,0.7426182018356768
0.0010,1304.8,-0.00022848182481067394,-0.0002284885276101074,0.00040180586129309363,0.999880116283112,0.9999999918377814,4.794753792071207e-16,2615.9860568776367,3.504246762032694e-05,0.742614590847526
0.0010,1305.6000000000001,9.949005961612338e-05,9.950443994484271e-05,0.00041067579288150367,0.9998761407892983,0.9999999918377146,1.5982512640237355e-16,2615.9861052603296,3.504272165189681e-05,0.742607040172906
0.0010,1306.4,0.00041672078152092933,0.00041674690516140374,0.00037517561007191334,0.9998970569736586,0.9999999918376493,1.5982512640237355e-16,2615.986099893218,3.504295105494265e-05,0.7426091346851809
0.0010,1307.2,0.0006889332460079383,0.0006889630939632185,0.0002991391833149963,0.9999280887215967,0.999999991837585,3.196502528047471e-16,2615.986050267629,3.504314175314413e-05,0.7426168867109358
0.0010,1308.0,0.0008867045425933035,0.0008867400775339327,0.00019078021315480057,0.9999529395335823,0.9999999918375218,3.196502528047471e-16,2615.9860448306863,3.5043356923800347e-05,0.7426165231406808
0.0010,1308.8,0.000988660256890365,0.0009887088685133455,6.181064127175856e-05,0.9999712629698554,0.9999999918374596,3.196502528047471e-16,2615.9860932949155,3.504360192236167e-05,0.7426089125936849
0.0010,1309.6000000000001,0.0009837967933476297,0.0009838552354572636,-7.383346473781214e-05,0.9999698379526175,0.9999999918373985,3.196502528047471e-16,2615.9861092844276,3.50438099525463e-05,0.742607235943099
0.0010,1310.4,0.0008726524899896638,0.0008727045600285859,-0.0002015020945237609,0.9999467824677376,0.9999999918373385,3.196502528047471e-16,2615.9860643625743,3.5043984215843085e-05,0.7426142106037938
0.0010,1311.2,0.0006672310287182157,0.0006672632877280315,-0.0003074031691808092,0.9999205457820995,0.9999999918372796,3.196502528047471e-16,2615.9860385999095,3.504419301363219e-05,0.7426178448577851
0.0010,1312.0,0.0003897156034005486,0.0003897269600928757,-0.00038009033647378246,0.999894574029645,0.9999999918372218,3.196502528047471e-16,2615.9860777961835,3.504442577203094e-05,0.7426117266977275
0.0010,1312.8,7.008623648906946e-05,7.008305011163515e-05,-0.0004117096071600911,0.9998771397528182,0.9999999918371648,3.196502528047471e-16,2615.986112089933,3.504461212343601e-05,0.7426063718467242
0.0010,1313.6000000000001,-0.0002571211702507159,-0.0002571327205271758,-0.0003988469228858182,0.9998842188342619,0.9999999918371091,1.5982512640237355e-16,2615.9860805209723,3.504477159848795e-05,0.7426116183532803
0.0010,1314.4,-0.0005565471109733052,-0.0005565668678918172,-0.00034289043296065116,0.9999059767104604,0.9999999918370545,1.5982512640237355e-16,2615.98603932157,3.504497533909682e-05,0.7426185177901089
0.0010,1315.2,-0.0007958315434041994,-0.0007958662695398217,-0.00024988576988439705,0.9999327355878821,0.9999999918370008,1.5982512640237355e-16,2615.98606171779,3.504519362727731e-05,0.7426144313327504
0.0010,1316.0,-0.0009491240940358841,-0.0009491769094457757,-0.000129885530439479,0.9999624246118491,0.9999999918369481,0.0,2615.986107833553,3.5045356860984394e-05,0.7426065648037296
0.0010,1316.8,-0.000999877280756453,-0.0009999371206813475,4.145990229223435e-06,0.9999751433194769,0.9999999918368967,0.0,2615.986095682393,3.5045506758215415e-05,0.7426095607155598
0.0010,1317.6000000000001,-0.0009426123242018061,-0.0009426619103204788,0.00013773302646564697,0.99996454922965,0.9999999918368462,0.0,2615.9860468404822,3.504570656112895e-05,0.7426181286899536
0.0010,1318.4,-0.0007835042393907892,-0.0007835365434375419,0.00025644131742027794,0.9999425946576369,0.9999999918367967,1.5982512640237355e-16,2615.986048145932,3.50459056003377e-05,0.7426166222284822
0.0010,1319.2,-0.0005397341045445589,-0.0005397536957771509,0.0003474402603252344,0.9999098353518446,0.999999991836748,0.0,2615.9860973553496,3.50460496562479e-05,0.7426080950933447
0.0010,1320.0,-0.00023764271112593455,-0.00023765458605614948,0.00040089900771872797,0.999879947125713,0.9999999918367004,0.0,2615.9861069408316,3.5046195179767364e-05,0.7426080322681826
0.0010,1320.8,9.012397306094224e-05,9.01209772819805e-05,0.00041104423609361065,0.9998739329076751,0.9999999918366538,1.5982512640237355e-16,2615.986059721062,3.5046387914380186e-05,0.7426159350663054
0.0010,1321.6000000000001,0.0004081465828812808,0.00040815928566135975,0.00037677820113215393,0.9998866667937623,0.9999999918366077,-1.5982512640237355e-16,2615.986039722213,3.504656843771021e-05,0.7426175118060143
0.0010,1322.4,0.000682062528161062,0.0006820977597222597,0.0003018037153283487,0.9999142657175116,0.999999991836563,0.0,2615.9860826955287,3.5046698405982064e-05,0.7426104340435098
0.0010,1323.2,0.0008822864644760833,0.0008823404596647749,0.00019422423805690004,0.999952858774353,0.999999991836519,3.196502528047471e-16,2615.9861121359095,3.504684034618091e-05,0.742607101141203
0.0010,1324.0,0.0009871976162374035,0.0009872540731402776,6.566001471169808e-05,0.9999768653793991,0.9999999918364754,-1.5982512640237355e-16,2615.9860754986316,3.5047025865078625e-05,0.7426129624342458
0.0010,1324.8,0.0009854559060434702,0.0009855012627367178,-7.000258856631797e-05,0.9999770661314009,0.9999999918364332,1.5982512640237355e-16,2615.9860380726127,3.504718929637079e-05,0.7426179725461737
0.0010,1325.6000000000001,0.0008772339931439267,0.0008772690739631922,-0.00019810225774380275,0.9999598625115976,0.9999999918363914,0.0,2615.986066611077,3.5047307407258366e-05,0.7426135542755189
0.0010,1326.4,0.0006742219550575311,0.0006742530722564001,-0.00030479452281594385,0.9999232840557762,0.9999999918363507,3.196502528047471e-16,2615.986110192632,3.5047447878473876e-05,0.7426070777348746
0.0010,1327.2,0.00039836379884565076,0.0003983898612947878,-0.00037855520015470584,0.9998857975904926,0.99999999183631,0.0,2615.9860911456863,3.5047624782841394e-05,0.7426099721368234
0.0010,1328.0,7.947121389315057e-05,7.94837758977685e-05,-0.00041141721649170403,0.9998704558495378,0.9999999918362708,0.0,2615.98604352112,3.504777195380026e-05,0.7426175912769362
0.0010,1328.8,-0.00024800037446102616,-0.0002480100741130854,-0.00039982792319648747,0.9998749984110096,0.999999991836232,1.5982512640237355e-16,2615.986052132862,3.504788379921166e-05,0.742616258275427
0.0010,1329.6000000000001,-0.0005486741028370328,-0.0005487078337913213,-0.000345040274439615,0.9999007330436637,0.9999999918361936,0.0,2615.986101498288,3.504802290116595e-05,0.7426079125839565
0.0010,1330.4,-0.0007900745463514256,-0.0007901223014778165,-0.00025297522004184077,0.9999420347215019,0.9999999918361564,3.196502528047471e-16,2615.9861037872215,3.504818939529434e-05,0.7426076703524711
0.0010,1331.2,-0.0009461235804493251,-0.0009461705138260188,-0.00013357599954814275,0.9999714829441719,0.9999999918361191,1.5982512640237355e-16,2615.986055098009,3.504832455726564e-05,0.7426162438047552
0.0010,1332.0,-0.0009999484616561637,-0.0009999898478926569,2.5867801265725656e-07,0.999980088664479,0.9999999918360828,3.196502528047471e-16,2615.986042040829,3.504843222089983e-05,0.7426179479908214
0.0010,1332.8,-0.000945722399272013,-0.0009457646313705663,0.0001340635485246839,0.9999695193241951,0.9999999918360466,0.0,2615.986087777244,3.504856860917352e-05,0.7426094458990875
0.0010,1333.6000000000001,-0.0007893110931498293,-0.0007893563370545647,0.00025338007100731953,0.9999355175835007,0.9999999918360112,1.5982512640237355e-16,2615.986111053851,3.504872640987838e-05,0.7426061414033422
0.0010,1334.4,-0.000547626424082679,-0.0005476650059826839,0.00034532163103108676,0.999897549558066,0.9999999918359761,0.0,2615.9860705133106,3.504885240790561e-05,0.7426138907158807
0.0010,1335.2,-0.0002467829847314174,-0.0002468020142270803,0.00039995562852677253,0.9998767610756881,0.9999999918359417,1.5982512640237355e-16,2615.986038177624,3.504895742433103e-05,0.7426183912422218
0.0010,1336.0,8.072018119119043e-05,8.072692227850755e-05,0.00041137640570919505,0.9998725188226231,0.9999999918359078,1.5982512640237355e-16,2615.9860716431585,3.504909046390443e-05,0.7426116628177875
0.0010,1336.8,0.0003995053812444296,0.00039953401181778877,0.00037835089602120895,0.9998910366650776,0.999999991835874,-3.196502528047471e-16,2615.9861115126387,3.504923992266591e-05,0.7426061116240117
0.0010,1337.6000000000001,0.000675136217464844,0.0006751749924662391,0.0003044479235078865,0.9999278566647878,0.9999999918358407,-3.196502528047471e-16,2615.986086749649,3.504936009590007e-05,0.7426114521764968
0.0010,1338.4,0.0008778284371238818,0.000877868037869665,0.00019764872977532435,0.9999575836856223,0.9999999918358081,-1.5982512640237355e-16,2615.9860413179936,3.50494615543068e-05,0.7426178856647139
0.0010,1339.2,0.0009856684141894298,0.0009857111518931207,6.949300790394334e-05,0.9999735492505334,0.9999999918357758,-1.5982512640237355e-16,2615.9860562407703,3.5049589811782025e-05,0.7426143478666132
0.0010,1340.0,0.0009870015642508654,0.000987053332645018,-6.616742336151423e-05,0.999973177556711,0.9999999918357437,-3.196502528047471e-16,2615.986105045645,3.504973534583992e-05,0.7426073984866725
0.0010,1340.8,0.0008816976127302746,0.0008817526152936171,-0.00019467640726120178,0.9999480508961195,0.9999999918357122,-1.5982512640237355e-16,2615.9861006963893,3.504984984933508e-05,0.7426090329653066
0.0010,1341.6000000000001,0.0006811431497090899,0.000681185716597936,-0.0003021548184492464,0.9999156014084686,0.9999999918356807,-3.196502528047471e-16,2615.986050914804,3.5049945025613674e-05,0.7426162412770055
0.0010,1342.4,0.0004070008672377363,0.00040702013283682456,-0.0003769892664561554,0.9998919096883901,0.99999999183565,-1.5982512640237355e-16,2615.986044494802,3.505007314653679e-05,0.7426166015643474
0.0010,1343.2,8.888141755912763e-05,8.88777402109103e-05,-0.0004110909901089812,0.9998770205729194,0.999999991835619,-4.794753792071207e-16,2615.9860928368357,3.505021691534718e-05,0.7426093892232546
0.0010,1344.0,-0.00023884858651310105,-0.00023886739296037255,-0.00040077694110524613,0.9998834665622052,0.9999999918355886,-3.196502528047471e-16,2615.986109736127,3.50503220814684e-05,0.7426069052346815
0.0010,1344.8,-0.0005407793194058338,-0.0005408048967344153,-0.0003471616897854209,0.999909931761372,0.9999999918355588,-1.5982512640237355e-16,2615.986065208451,3.5050413968458476e-05,0.7426137051066938
0.0010,1345.6000000000001,-0.0007842796233508936,-0.000784311396627658,-0.0002560354982584552,0.9999366795976541,0.9999999918355287,-1.5982512640237355e-16,2615.9860386534524,3.505054572453223e-05,0.7426180395108413
0.0010,1346.4,-0.0009430311753772016,-0.0009430762895571473,-0.00013724651789039717,0.9999606937765081,0.999999991835499,-1.5982512640237355e-16,2615.986077230405,3.505068445712743e-05,0.7426117302656363
0.0010,1347.2,-0.0009998889226635708,-0.000999948057810271,-3.6329117331077495e-06,0.9999735887035488,0.9999999918354694,-1.5982512640237355e-16,2615.986112197213,3.50507809684804e-05,0.7426057128567327
0.0010,1348.0,-0.0009487252772329792,-0.0009487842144071777,0.0001303730044934263,0.9999618066737987,0.9999999918354399,-4.794753792071207e-16,2615.986081452966,3.5050874151222055e-05,0.7426112790951468
0.0010,1348.8,-0.0007950687421735382,-0.0007951107571367679,0.0002502969030070294,0.9999378157064089,0.9999999918354109,-1.5982512640237355e-16,2615.9860397323955,3.5051008813735854e-05,0.7426185655149402
0.0010,1349.6000000000001,-0.0005555085092956808,-0.0005555289438692948,0.00034317836606752056,0.9999112445760936,0.9999999918353817,-3.196502528047471e-16,2615.9860611443464,3.505114093101501e-05,0.7426140879182717
0.0010,1350.4,-0.0002559208069050007,-0.00025592516883987904,0.000398979277251431,0.9998845049064562,0.9999999918353527,-3.196502528047471e-16,2615.986107583643,3.505123117610421e-05,0.7426061244101038
0.0010,1351.2,7.132378340200784e-05,7.132923550956421e-05,0.0004116730522306237,0.9998766912523703,0.999999991835324,-3.196502528047471e-16,2615.986096479214,3.5051328189686284e-05,0.7426093655206226
0.0010,1352.0,0.0003908629011060875,0.00039087691389514675,0.0003798883178461715,0.9998910372995959,0.9999999918352952,-4.794753792071207e-16,2615.9860474935213,3.505146479824925e-05,0.7426177098168933
0.0010,1352.8,0.0006681640945788335,0.0006681920620927671,0.0003070575942745638,0.9999144683082283,0.9999999918352668,-3.196502528047471e-16,2615.986047719234,3.505158882354747e-05,0.7426161334555144
0.0010,1353.6000000000001,0.0008732651195328225,0.000873312298787161,0.0002010528053571509,0.9999462650435939,0.999999991835238,-6.393005056094942e-16,2615.986096843381,3.505167582456913e-05,0.7426079969184289
0.0010,1354.4,0.000984018687371705,0.000984078043635097,7.332872326177058e-05,0.9999723047994801,0.9999999918352098,-3.196502528047471e-16,2615.986107442332,3.5051778679129755e-05,0.7426079050886096
0.0010,1355.2,0.0009884684883430302,0.0009885225101898512,-6.231997775514243e-05,0.9999739054877504,0.9999999918351816,-3.196502528047471e-16,2615.9860605043623,3.505191370908761e-05,0.7426155457606504
0.0010,1356.0,0.0008861246612636751,0.0008861626114270352,-0.00019123922876609854,0.9999584411418287,0.9999999918351533,-3.196502528047471e-16,2615.986039563329,3.5052030341955533e-05,0.742617404338682
0.0010,1356.8,0.0006880315060533168,0.0006880565208257951,-0.0002994949612951059,0.9999298825279332,0.9999999918351251,-3.196502528047471e-16,2615.9860819950436,3.5052118440664275e-05,0.7426105721472472
0.0010,1357.6000000000001,0.00041559231609879514,0.0004156105242727183,-0.0003753893879910494,0.9998930219937956,0.9999999918350969,-6.393005056094942e-16,2615.986112185942,3.505222455964247e-05,0.7426068137278863
0.0010,1358.4,9.825042336040377e-05,9.82615007316163e-05,-0.0004107261052645635,0.9998729106518466,0.999999991835069,-4.794753792071207e-16,2615.9860762587314,3.505235602514916e-05,0.7426124200621871
0.0010,1359.2,-0.00022970129925327262,-0.0002297038349651581,-0.0004016869671968596,0.9998762120779082,0.999999991835041,-6.393005056094942e-16,2615.9860382266256,3.5052468988300895e-05,0.7426178380503666
0.0010,1360.0,-0.0005328264495193688,-0.0005328505912348621,-0.00034924742516433485,0.9998958333740124,0.9999999918350131,-6.393005056094942e-16,2615.986065838631,3.505255771158418e-05,0.7426135455983927
0.0010,1360.8,-0.0007783799516068395,-0.0007784261447981148,-0.00025907603297865053,0.9999329990067368,0.9999999918349853,-6.393005056094942e-16,2615.9861098041147,3.5052665000293854e-05,0.7426067512864182
0.0010,1361.6000000000001,-0.0009398443050444498,-0.0009398995698241838,-0.00014091466447322914,0.9999682128889091,0.9999999918349578,-4.794753792071207e-16,2615.9860918108966,3.505279438434927e-05,0.7426098236011829
0.0010,1362.4,-0.0009997751477340917,-0.0009998238697513865,-7.524902774385465e-06,0.9999801451095668,0.9999999918349302,-4.794753792071207e-16,2615.9860439805343,3.505290412838569e-05,0.7426178164984933
0.0010,1363.2,-0.0009516823422036557,-0.0009517216845249684,0.00012668018164657956,0.9999725324106419,0.9999999918349024,-6.393005056094942e-16,2615.9860514131883,3.505299283739358e-05,0.7426163129550916
0.0010,1364.0,-0.000800754276476702,-0.0008007906651231632,0.00024719505065551924,0.9999443704170645,0.9999999918348751,-6.393005056094942e-16,2615.9861007472846,3.5053100448953285e-05,0.742607892619532
0.0010,1364.8,-0.0005633065192222015,-0.0005633406420523458,0.0003409999342367211,0.9999029013487858,0.9999999918348479,-3.196502528047471e-16,2615.9861041887516,3.505322751071271e-05,0.7426079735665824
0.0010,1365.6000000000001,-0.00026500323285760173,-0.0002650264652757307,0.00039796384066710357,0.9998757029673132,0.9999999918348206,-3.196502528047471e-16,2615.986055660843,3.505333505718549e-05,0.7426165074639899
0.0010,1366.4,6.192429313547542e-05,6.192226311694264e-05,0.00041193097988194313,0.9998701289902847,0.9999999918347934,-3.196502528047471e-16,2615.9860414521895,3.505342212012847e-05,0.7426180438550695
0.0010,1367.2,0.0003821570820989756,0.00038218064555244286,0.0003813912161724061,0.999884152603961,0.9999999918347662,-4.794753792071207e-16,2615.9860868109563,3.5053529380290355e-05,0.742609957796788
0.0010,1368.0,0.0006611048350012287,0.0006611473545600044,0.00030964630947609477,0.9999206836844161,0.9999999918347392,-4.794753792071207e-16,2615.986111084469,3.5053656156827424e-05,0.7426069712512127
0.0010,1368.8,0.00086863598425011,0.0008686828732061793,0.0002044459797732973,0.999958301361849,0.9999999918347122,-6.393005056094942e-16,2615.986071074478,3.5053759916322446e-05,0.7426143333812405
0.0010,1369.6000000000001,0.0009823197358583165,0.00098236253684917,7.715291787056454e-05,0.9999767839304053,0.9999999918346855,-6.393005056094942e-16,2615.986037927314,3.50538439912356e-05,0.742618705868842
0.0010,1370.4,0.0009898587645721915,0.000989901986876192,-5.8476167323114925e-05,0.999977628140094,0.9999999918346589,-4.794753792071207e-16,2615.9860707020275,3.5053953440811645e-05,0.742612491968124
0.0010,1371.2,0.0008904403412656722,0.0008904886453797562,-0.00018778312266702965,0.9999551522927984,0.9999999918346323,-6.393005056094942e-16,2615.9861111368464,3.5054079019929245e-05,0.7426068843457985
0.0010,1372.0,0.0006948200650181498,0.0006948658126686462,-0.0002968007412686448,0.9999164073788303,0.9999999918346061,-6.393005056094942e-16,2615.986087194505,3.505417621859458e-05,0.7426114830491749
0.0010,1372.8,0.00042413880783391777,0.00042416792092720925,-0.0003737538826606097,0.9998874520266445,0.9999999918345797,-7.991256320118678e-16,2615.9860414565906,3.505426009799559e-05,0.7426179409534106
0.0010,1373.6000000000001,0.00010763671746759541,0.00010764061475614312,-0.0004103256223958839,0.9998739870768335,0.9999999918345537,-6.393005056094942e-16,2615.9860554332017,3.505437229317437e-05,0.742615044567283
0.0010,1374.4,-0.00022049692327909628,-0.00022051686203264722,-0.0004025636374990314,0.9998786491935227,0.9999999918345276,-7.991256320118678e-16,2615.986104259394,3.505449363975467e-05,0.7426078625612698
0.0010,1375.2,-0.0005248155457025705,-0.0005248494559909908,-0.00035130831514272625,0.999907716482338,0.9999999918345017,-9.589507584142415e-16,2615.9861009502606,3.5054586258712854e-05,0.7426089404537394
0.0010,1376.0,-0.0007724388167151556,-0.000772476222347736,-0.00026209517544357314,0.9999413803461081,0.9999999918344763,-6.393005056094942e-16,2615.986051439843,3.505467145339629e-05,0.7426166111526247
0.0010,1376.8,-0.0009366002958448474,-0.0009366406814428651,-0.0001445615638829212,0.9999638828239757,0.9999999918344505,-9.589507584142415e-16,2615.98604395,3.505478399348615e-05,0.7426174451631719
0.0010,1377.6000000000001,-0.000999555506675643,-0.0009996053608733702,-1.1410996929100869e-05,0.9999751939230558,0.9999999918344253,-7.991256320118678e-16,2615.986091786413,3.5054901567468935e-05,0.7426097573807292
0.0010,1378.4,-0.0009545131627971697,-0.0009545702218006172,0.00012296867754854263,0.9999638451145173,0.9999999918344002,-6.393005056094942e-16,2615.9861097688686,3.505499102408459e-05,0.7426071149528597
0.0010,1379.2,-0.0008063527322664137,-0.0008064020764583056,0.00024406397382475994,0.9999341846817127,0.9999999918343749,-7.991256320118678e-16,2615.9860659624483,3.505507664415044e-05,0.7426143181303475
0.0010,1380.0,-0.0005710790365934653,-0.0005711070483922953,0.00033879294394936185,0.999906988865832,0.9999999918343502,-6.393005056094942e-16,2615.9860383777027,3.505518927382172e-05,0.7426183992743455
0.0010,1380.8,-0.0002741015879458962,-0.00027410624503925785,0.00039691669656939877,0.999885124435391,0.9999999918343252,-6.393005056094942e-16,2615.986076075972,3.505530294536332e-05,0.742611713947277
0.0010,1381.6000000000001,5.249820506332786e-05,5.251013442132398e-05,0.0004121550317400958,0.9998768714659753,0.9999999918343003,-9.589507584142415e-16,2615.9861119763646,3.5055389286836086e-05,0.7426060282584972
0.0010,1382.4,0.00037343318076904454,0.0003734532732084083,0.00038286330962953127,0.9998933378503121,0.9999999918342759,-7.991256320118678e-16,2615.986082253234,3.5055475991160646e-05,0.7426115513109504
0.0010,1383.2,0.0006540214660723668,0.0006540471919595199,0.00031220424622057887,0.9999194701037896,0.9999999918342513,-7.991256320118678e-16,2615.9860398161163,3.505558818384208e-05,0.7426182357728426
0.0010,1384.0,0.0008639364416802195,0.0008639740219090235,0.00020781225186467577,0.9999454808601231,0.9999999918342268,-7.991256320118678e-16,2615.986060204556,3.5055698020111915e-05,0.7426139263311391
0.0010,1384.8,0.0009804995617044973,0.0009805532967830605,8.097067855983876e-05,0.9999688895559927,0.9999999918342023,-7.991256320118678e-16,2615.9861072049403,3.505578319269944e-05,0.7426064807451085
0.0010,1385.6000000000001,0.0009911322853460645,0.0009911921215252169,-5.4617072771301506e-05,0.9999716893820753,0.9999999918341778,-9.589507584142415e-16,2615.9860971983567,3.5055870816035596e-05,0.7426092233310118
0.0010,1386.4,0.000894692100257461,0.0008947404344998055,-0.00018430720997633887,0.9999537959283769,0.9999999918341534,-7.991256320118678e-16,2615.986047959904,3.5055982508467456e-05,0.7426169076951776
0.0010,1387.2,0.0007015876744793721,0.0007016163171541096,-0.00029408651240387003,0.9999293030843371,0.9999999918341291,-7.991256320118678e-16,2615.986047159756,3.5056091284357106e-05,0.742615846008731
0.0010,1388.0,0.0004326728191770003,0.00043268573092887383,-0.00037208938747149167,0.9998988449352537,0.9999999918341045,-9.589507584142415e-16,2615.9860962871194,3.5056175202676556e-05,0.7426081799529771
0.0010,1388.8,0.00011700330056712457,0.0001170066761810696,-0.0004098892043622953,0.9998769009432709,0.99999999183408,-1.118775884816615e-15,2615.9861078666045,3.505626342104745e-05,0.7426073848403058
0.0010,1389.6000000000001,-0.00021130905575957113,-0.00021131385738025794,-0.00040340390873790517,0.9998797465230616,0.9999999918340556,-7.991256320118678e-16,2615.986061246946,3.5056377897812514e-05,0.7426147449154681
0.0010,1390.4,-0.0005167848785905314,-0.0005168029242466053,-0.0003533323660677391,0.9998977567026102,0.9999999918340305,-1.2786010112189884e-15,2615.986039468668,3.505648590811847e-05,0.7426174985351156
0.0010,1391.2,-0.0007664154104226332,-0.0007664536338760523,-0.0002650856257388734,0.9999268836077152,0.9999999918340061,-9.589507584142415e-16,2615.9860813426767,3.5056567963248845e-05,0.7426109183503293
0.0010,1392.0,-0.0009332387235860619,-0.0009332943898948026,-0.00014820135661441265,0.9999614115019266,0.9999999918339812,-9.589507584142415e-16,2615.9861122884163,3.5056660022999347e-05,0.7426066132562451
0.0010,1392.8,-0.0009992436617361278,-0.0009993008942526444,-1.5304871730761934e-05,0.9999772225209195,0.9999999918339562,-9.589507584142415e-16,2615.9860772184925,3.5056777594213924e-05,0.7426123916225291
0.0010,1393.6000000000001,-0.0009572950851195912,-0.0009573394798236393,0.00011924943429211053,0.9999704678493547,0.9999999918339311,-9.589507584142415e-16,2615.986038614697,3.5056883558724054e-05,0.74261817165867
0.0010,1394.4,-0.0008119102158548901,-0.0008119414675940809,0.00024092007807984073,0.9999488518234496,0.9999999918339058,-9.589507584142415e-16,2615.986065190857,3.5056966737444076e-05,0.7426135382562286
0.0010,1395.2,-0.0005787930381293604,-0.0005788177806016847,0.00033655744792834266,0.9999118056899582,0.9999999918338801,-1.118775884816615e-15,2615.986109583753,3.505706386140632e-05,0.7426065196149325
0.0010,1396.0,-0.00028313857221573074,-0.00028315777092573555,0.00039583150129886226,0.9998794722414276,0.9999999918338544,-9.589507584142415e-16,2615.986092778227,3.5057183539592656e-05,0.7426096541132132
0.0010,1396.8,4.310235314202366e-05,4.309512608460451e-05,0.0004123398435196567,0.999871171527216,0.9999999918338285,-9.589507584142415e-16,2615.9860447096967,3.505728917246551e-05,0.7426173938278867
0.0010,1397.6000000000001,0.00036467826009748663,0.00036469167762625296,0.0003842969223812381,0.9998817195092217,0.9999999918338022,-1.118775884816615e-15,2615.986050902302,3.505737401854216e-05,0.7426157617468712
0.0010,1398.4,0.0006468478725737911,0.0006468852223577283,0.0003147339842962495,0.9999117312055343,0.9999999918337757,-1.118775884816615e-15,2615.986100304369,3.505747581508586e-05,0.7426075952394388
0.0010,1399.2,0.0008591361240059515,0.0008591881329461766,0.00021116838247500668,0.9999525109563581,0.9999999918337489,-1.2786010112189884e-15,2615.986105006954,3.505759810563138e-05,0.7426077088866715
0.0010,1400.0,0.0009786124494889205,0.0009786628727840201,8.47855030042282e-05,0.9999768184576976,0.9999999918337222,-9.589507584142415e-16,2615.986056630398,3.5057702572571464e-05,0.74261603332744
0.0010,1400.8,0.0009923561814873044,0.0009923982062259556,-5.076154313060906e-05,0.99997920914745,0.9999999918336949,-9.589507584142415e-16,2615.986041237659,3.505779020538494e-05,0.7426176544888655
0.0010,1401.6000000000001,0.0008988698858619459,0.0008989091506746996,-0.00018082238792634496,0.9999621631781548,0.9999999918336673,-9.589507584142415e-16,2615.98608623537,3.50578977962657e-05,0.7426098402915589
0.0010,1402.4,0.0007082596027436098,0.0007082993006577094,-0.00029134298559243545,0.9999239573773399,0.9999999918336393,-9.589507584142415e-16,2615.9861115365925,3.505802142215606e-05,0.7426067201419728
0.0010,1403.2,0.0004411315764717344,0.0004411639515702285,-0.00037038683363042473,0.9998874410260835,0.999999991833611,-9.589507584142415e-16,2615.9860720464967,3.5058126399565384e-05,0.7426137672746359
0.0010,1404.0,0.00012635048095107308,0.0001263637820209157,-0.00040941459064810284,0.999871641527224,0.9999999918335822,-1.118775884816615e-15,2615.986038016253,3.505821857035042e-05,0.7426183639794859
0.0010,1404.8,-0.0002020769883732248,-0.000202089470030499,-0.0004042071570648708,0.9998741890225039,0.9999999918335535,-7.991256320118678e-16,2615.986070054273,3.505833107314464e-05,0.7426124822232657
0.0010,1405.6000000000001,-0.0005086735749366097,-0.00050870838761595,-0.0003553285196408905,0.9999001651528118,0.9999999918335237,-9.589507584142415e-16,2615.986111126058,3.505845731479648e-05,0.7426066150739942
0.0010,1406.4,-0.0007603217954761982,-0.0007603658636477912,-0.00026805997496512596,0.9999401167037433,0.9999999918334936,-1.118775884816615e-15,2615.9860880668366,3.505856451938181e-05,0.7426111100762339
0.0010,1407.2,-0.0009298291527294327,-0.0009298712305144462,-0.00015182638930337524,0.9999675940338703,0.9999999918334637,-9.589507584142415e-16,2615.9860419277607,3.505866111748341e-05,0.7426180412827892
0.0010,1408.0,-0.0009988663171240338,-0.000998908007090748,-1.9186952928638412e-05,0.9999781234115066,0.9999999918334329,-7.991256320118678e-16,2615.9860548929328,3.50587791687951e-05,0.7426152107230483
0.0010,1408.8,-0.0009599699263063797,-0.0009600179310825744,0.00011552196525437835,0.9999693037617329,0.9999999918334016,-7.991256320118678e-16,2615.986103868719,3.50589091525544e-05,0.7426076182183845
0.0010,1409.6000000000001,-0.0008173554893948665,-0.0008174058403616112,0.00023774702439965188,0.9999368911183316,0.9999999918333699,-9.589507584142415e-16,2615.9861016323484,3.505901948969135e-05,0.7426086680468662
0.0010,1410.4,-0.0005864412508445281,-0.0005864797924669281,0.0003342877312296286,0.999902748783481,0.9999999918333377,-7.991256320118678e-16,2615.986052185986,3.5059121564171094e-05,0.7426164764352257
0.0010,1411.2,-0.0002921721266801798,-0.00029218766136524107,0.0003947124548140691,0.9998819954868956,0.9999999918333048,-9.589507584142415e-16,2615.986043574606,3.505924694072487e-05,0.7426171251354791
0.0010,1412.0,3.366555074090741e-05,3.367414415637723e-05,0.00041248989636934544,0.9998744278838838,0.9999999918332714,-1.118775884816615e-15,2615.9860910929638,3.5059382109978266e-05,0.7426092777739489
0.0010,1412.8,0.0003558727695566859,0.0003558978895212652,0.0003857008678981001,0.9998905061831598,0.9999999918332378,-7.991256320118678e-16,2615.9861101315696,3.505949599069517e-05,0.7426067690783427
0.0010,1413.6000000000001,0.0006396384428941536,0.0006396699045485511,0.00031723939618216593,0.9999228543266954,0.9999999918332033,-9.589507584142415e-16,2615.986066829527,3.5059604785403416e-05,0.7426141188899661
0.0010,1414.4,0.0008542941507768323,0.0008543292335420134,0.00021449951004577495,0.9999498612357502,0.9999999918331688,-6.393005056094942e-16,2615.986038271189,3.50597385163355e-05,0.7426182513472919
0.0010,1415.2,0.0009766365058354578,0.0009766818123645717,8.858443496201305e-05,0.9999691578766928,0.9999999918331333,-6.393005056094942e-16,2615.986075271632,3.505987894479763e-05,0.7426117417552935
0.0010,1416.0,0.0009934528683770585,0.0009935102802395783,-4.6897490846847185e-05,0.9999726470476089,0.9999999918330973,-6.393005056094942e-16,2615.986111973533,3.5059997358318394e-05,0.7426062704836613
0.0010,1416.8,0.0009029419058184651,0.0009029987051662713,-0.00017731207364933457,0.9999518130971485,0.9999999918330607,-6.393005056094942e-16,2615.986083057368,3.5060114083481506e-05,0.7426117736158621
0.0010,1417.6000000000001,0.0007148847697168692,0.0007149244895158035,-0.00028857300874924534,0.9999240487844302,0.9999999918330236,-4.794753792071207e-16,2615.9860399709532,3.5060256353228934e-05,0.7426184411631798
0.0010,1418.4,0.000449588940671563,0.0004496057485159468,-0.00036865605122012653,0.9998988981548413,0.9999999918329857,-4.794753792071207e-16,2615.9860594019424,3.506040247158257e-05,0.7426143663762707
0.0010,1419.2,0.00013571084838272628,0.00013570940674066963,-0.00040890623648218654,0.999879045890377,0.9999999918329474,-4.794753792071207e-16,2615.9861067700244,3.5060525984390035e-05,0.7426068488088632
0.0010,1420.0,-0.0001928371153002468,-0.00019284928569486532,-0.00040497696987887305,0.9998813226371132,0.9999999918329084,-4.794753792071207e-16,2615.986097736624,3.506065084019894e-05,0.7426092200787716
0.0010,1420.8,-0.0005005526386836872,-0.0005005719863884822,-0.00035729228454613117,0.9999026203972348,0.9999999918328685,-7.991256320118678e-16,2615.9860483536286,3.506080243771187e-05,0.7426171052487307
0.0010,1421.6000000000001,-0.0007541790051085507,-0.0007542101523843579,-0.00027100262423496814,0.9999279826854288,0.9999999918328285,-6.393005056094942e-16,2615.9860465417123,3.5060954314522316e-05,0.7426163972840485
0.0010,1422.4,-0.0009263102804414516,-0.0009263594988998362,-0.00015543460801844476,0.9999566917446894,0.9999999918327878,-6.393005056094942e-16,2615.986095539468,3.506108251530262e-05,0.7426083690635015
0.0010,1423.2,-0.0009983616651423363,-0.0009984229557407679,-2.307628248255834e-05,0.9999741735637876,0.9999999918327463,-6.393005056094942e-16,2615.9861080968485,3.5061216509261544e-05,0.7426072134778275
0.0010,1424.0,-0.0009625596651164435,-0.000962615357018712,0.00011177718484149764,0.9999668819687376,0.9999999918327046,-4.794753792071207e-16,2615.9860618454168,3.5061377461232296e-05,0.7426149068991748
0.0010,1424.8,-0.000822764779359113,-0.0008228026268754636,0.0002345575949148214,0.9999465280148155,0.9999999918326621,-3.196502528047471e-16,2615.986039136685,3.506153416637362e-05,0.7426178248966327
0.0010,1425.6000000000001,-0.0005940680373617597,-0.0005940894809130083,0.0003319943522190183,0.9999171833976636,0.9999999918326187,-6.393005056094942e-16,2615.986080390282,3.506166841108726e-05,0.7426108759482972
0.0010,1426.4,-0.0003011775006445534,-0.0003011888576324675,0.0003935588446708982,0.9998853123688746,0.999999991832575,-6.393005056094942e-16,2615.9861121307154,3.506181224513052e-05,0.742606439817321
0.0010,1427.2,2.425570111916867e-05,2.4252550977985917e-05,0.00041260248064442214,0.9998739295095683,0.9999999918325307,-4.794753792071207e-16,2615.986077850596,3.506198211688632e-05,0.7426124254964016
0.0010,1428.0,0.0003470638421126914,0.0003470734358239805,0.0003870670384857427,0.9998841473567651,0.9999999918324858,-4.794753792071207e-16,2615.9860385847805,3.5062144506825326e-05,0.7426182751400539
0.0010,1428.8,0.0006323644537851027,0.0006323944457995791,0.00031971067607702955,0.9999076064281638,0.9999999918324403,-6.393005056094942e-16,2615.9860642172675,3.5062284354458556e-05,0.7426136104430735
0.0010,1429.6000000000001,0.0008493377712330895,0.0008493890443140236,0.0002178140624486051,0.9999442121724583,0.9999999918323942,-6.393005056094942e-16,2615.986109098934,3.506243861649786e-05,0.7426067329424743
0.0010,1430.4,0.0009745551426227565,0.0009746145407930435,9.238575970765669e-05,0.9999733145183405,0.9999999918323478,-4.794753792071207e-16,2615.986093348536,3.5062618128326055e-05,0.7426100333761666
0.0010,1431.2,0.0009944898528266117,0.000994540341364346,-4.302774400817084e-05,0.9999778285868517,0.9999999918323007,-3.196502528047471e-16,2615.9860450068586,3.5062784142126425e-05,0.742617769294355
0.0010,1432.0,0.000906973633418072,0.0009070106026441218,-0.00017379479035578522,0.9999644751521237,0.9999999918322531,-3.196502528047471e-16,2615.986050111936,3.506293081399149e-05,0.7426161878205474
0.0010,1432.8,0.0007214530578921838,0.000721482739072161,-0.0002857814157971644,0.9999328823317916,0.9999999918322046,-7.991256320118678e-16,2615.986099575306,3.506309623256935e-05,0.7426081601793835
0.0010,1433.6000000000001,0.0004579791444087969,0.00045800436855836344,-0.00036688919772748013,0.999893126788743,0.999999991832156,-4.794753792071207e-16,2615.9861053496543,3.506328267453632e-05,0.7426081468174072
0.0010,1434.4,0.0001450275750556041,0.0001450425852719835,-0.0004083585388582693,0.999871933397043,0.9999999918321071,-4.794753792071207e-16,2615.9860571368,3.5063453156654765e-05,0.7426162583860237
0.0010,1435.2,-0.00018358581805485858,-0.0001835901010687733,-0.00040570763723571607,0.9998727445206576,0.9999999918320575,-4.794753792071207e-16,2615.986040753845,3.506360669362244e-05,0.7426180323302557
0.0010,1436.0,-0.0004923579695860933,-0.0004923867425018388,-0.00035922240077934333,0.9998927406379583,0.9999999918320075,-6.393005056094942e-16,2615.9860853828477,3.5063781222724125e-05,0.7426103521162647
0.0010,1436.8,-0.0007479372412228578,-0.0007479846826007354,-0.0002739276627426043,0.9999322938702833,0.9999999918319573,-4.794753792071207e-16,2615.986111572018,3.506397522087928e-05,0.7426068602457748
0.0010,1437.6000000000001,-0.0009227188315128491,-0.0009227694475670434,-0.00015903666425359962,0.9999672415964438,0.9999999918319065,-7.991256320118678e-16,2615.986072685598,3.506414754251106e-05,0.7426136049350068
0.0010,1438.4,-0.0009978112928442815,-0.00099785473416695,-2.695886003098688e-05,0.999980151230739,0.9999999918318556,-6.393005056094942e-16,2615.9860379618817,3.5064305950347354e-05,0.7426184642203957
0.0010,1439.2,-0.0009650860553148637,-0.0009651259138815661,0.00010803191222155152,0.9999742723435695,0.9999999918318042,-7.991256320118678e-16,2615.986069235544,3.506449162342761e-05,0.7426127945361588
0.0010,1440.0,-0.0008280790758960128,-0.0008281210784535535,0.00023134646811164014,0.9999451579208207,0.9999999918317524,-9.589507584142415e-16,2615.986110815411,3.506468878328138e-05,0.7426066042366013
0.0010,1440.8,-0.0006016061716968293,-0.0006016449846467808,0.0003296649421519241,0.9999045221789713,0.9999999918317011,-6.393005056094942e-16,2615.9860886733204,3.50648604996863e-05,0.7426107707912846
0.0010,1441.6000000000001,-0.00031014258592247445,-0.0003101657183821727,0.0003923678013696977,0.9998787635370956,0.999999991831649,-7.991256320118678e-16,2615.986042246006,3.506502685779432e-05,0.7426178878774141
0.0010,1442.4,1.4824133200785607e-05,1.4825503268844983e-05,0.0004126779602582525,0.9998711818113738,0.999999991831597,-6.393005056094942e-16,2615.986054189156,3.506521979506071e-05,0.7426153362461188
0.0010,1443.2,0.00033818975222578424,0.0003382150695084106,0.0003884006503869169,0.9998840370536926,0.9999999918315448,-6.393005056094942e-16,2615.986103226123,3.506541640166381e-05,0.7426075834959383
0.0010,1444.0,0.0006250245204214628,0.0006250634180723358,0.0003221605291425807,0.999919408353576,0.9999999918314925,-6.393005056094942e-16,2615.986102075361,3.506558922109528e-05,0.7426084606080001
0.0010,1444.8,0.0008443384381374219,0.000844378679005977,0.00022111157856862283,0.9999536097222192,0.99999999183144,-6.393005056094942e-16,2615.9860528161216,3.5065762301668665e-05,0.7426165391955065
0.0010,1445.6000000000001,0.0009724231420337583,0.00097246299965191,9.616989698292051e-05,0.9999723458637739,0.9999999918313875,-6.393005056094942e-16,2615.9860431458414,3.506595926209396e-05,0.7426173695805123
0.0010,1446.4,0.0009954304721302716,0.0009954770215533971,-3.916035921770282e-05,0.9999760930905814,0.9999999918313349,-7.991256320118678e-16,2615.9860902833875,3.506615370419487e-05,0.7426093456420964
0.0010,1447.2,0.0009108842072106691,0.0009109371244535998,-0.00017025578766950293,0.9999555972897993,0.9999999918312825,-6.393005056094942e-16,2615.9861103427593,3.5066327924259855e-05,0.7426067918667763
0.0010,1448.0,0.0007279323497765885,0.0007279784202432853,-0.0002829575976306369,0.9999210707691718,0.9999999918312298,-9.589507584142415e-16,2615.986067639408,3.5066506627781766e-05,0.7426142231573919
0.0010,1448.8,0.00046634055610441944,0.00046636613724013556,-0.0003650905865587457,0.9998945830979312,0.9999999918311778,-6.393005056094942e-16,2615.9860381934923,3.5066702225546225e-05,0.7426182435584285
0.0010,1449.6000000000001,0.00015436340222445134,0.00015436489662088446,-0.0004077771763387547,0.9998780375260236,0.9999999918311254,-9.589507584142415e-16,2615.986074440366,3.506689395345497e-05,0.7426116915639005
0.0010,1450.4,-0.0001742978271438857,-0.0001743146744247237,-0.00040640541675860265,0.9998793198072279,0.9999999918310736,-6.393005056094942e-16,2615.986111881412,3.506707116682223e-05,0.7426062673869802
0.0010,1451.2,-0.0004841354603051734,-0.00048416110450101964,-0.0003611248693820716,0.999904259255203,0.9999999918310218,-6.393005056094942e-16,2615.986083880793,3.506724903601591e-05,0.7426115052682033
0.0010,1452.0,-0.0007416673866445328,-0.0007416971562474902,-0.0002768252470011413,0.9999332763916765,0.9999999918309703,-6.393005056094942e-16,2615.9860402947793,3.5067441169981604e-05,0.7426180173097715
0.0010,1452.8,-0.0009190566792568647,-0.0009190959230273685,-0.00016261497695093137,0.999957110839358,0.999999991830919,-6.393005056094942e-16,2615.986058746819,3.506763328362744e-05,0.7426142964533649
0.0010,1453.6000000000001,-0.000997137546112169,-0.000997191404157272,-3.083857367896158e-05,0.9999730147271169,0.9999999918308679,-7.991256320118678e-16,2615.986106412886,3.506780787980599e-05,0.742606907004279
0.0010,1454.4,-0.0009674891997790426,-0.0009675487650178647,0.00010426743229209777,0.9999657016966406,0.9999999918308172,-9.589507584142415e-16,2615.9860984451952,3.506798112038025e-05,0.7426089204883505
0.0010,1455.2,-0.0008333224444452695,-0.0008333701840223684,0.0002281112903221491,0.9999414140055187,0.9999999918307673,-7.991256320118678e-16,2615.9860490419555,3.506817287002441e-05,0.7426168109859186
0.0010,1456.0,-0.000609123613971207,-0.0006091500131636707,0.00032731144873295086,0.9999156925764504,0.9999999918307175,-7.991256320118678e-16,2615.9860461726134,3.5068361423799834e-05,0.7426165084348504
0.0010,1456.8,-0.00031910618727633056,-0.0003191138869986201,0.0003911457283886874,0.9998892319820184,0.9999999918306681,-7.991256320118678e-16,2615.986094948626,3.506852843970153e-05,0.7426084832498553
0.0010,1457.6000000000001,5.396164532935094e-06,5.4001927206160075e-06,0.00041271840169542574,0.999876484758593,0.9999999918306195,-4.794753792071207e-16,2615.9861085422162,3.506869907222949e-05,0.7426070691245431
0.0010,1458.4,0.00032931897590801016,0.0003293307416190309,0.0003897000554992808,0.9998881454829546,0.9999999918305711,-4.794753792071207e-16,2615.986062776072,3.506888890314366e-05,0.7426148314120362
0.0010,1459.2,0.0006176560679556409,0.0006176787920277231,0.00032457562575368814,0.9999104976942031,0.999999991830523,-7.991256320118678e-16,2615.9860391330903,3.506906998139888e-05,0.7426179425302549
0.0010,1460.0,0.0008392483302696322,0.0008392892458431584,0.00022438301653031757,0.9999394409595685,0.9999999918304757,-7.991256320118678e-16,2615.986079704073,3.506922963972289e-05,0.7426109181975061
0.0010,1460.8,0.0009701626935142651,0.0009702202458387886,9.99508197966562e-05,0.9999679710509035,0.9999999918304289,-7.991256320118678e-16,2615.9861122762727,3.5069397557319346e-05,0.7426063681622443
0.0010,1461.6000000000001,0.0009962687776363542,0.000996327479070913,-3.5280320991413945e-05,0.9999746374974324,0.9999999918303827,-6.393005056094942e-16,2615.9860788773217,3.5069583494148824e-05,0.74261242685584
0.0010,1462.4,0.0009147436715161667,0.0009147881858581463,-0.00016670384204805997,0.9999611913791656,0.9999999918303368,-9.589507584142415e-16,2615.986038951872,3.5069754942734675e-05,0.7426182980439515
0.0010,1463.2,0.0007343812801035753,0.0007344098195392409,-0.0002801166418354235,0.9999364774621413,0.9999999918302919,-7.991256320118678e-16,2615.9860635693503,3.506990755745409e-05,0.7426135764747749
0.0010,1464.0,0.00047466365084584646,0.00047468253059967437,-0.0003632615596652508,0.9999010603409932,0.999999991830247,-1.118775884816615e-15,2615.9861089054193,3.5070073988980485e-05,0.7426066353351037
0.0010,1464.8,0.00016365790842364563,0.00016366980174756793,-0.00040715805810000334,0.9998757453566706,0.9999999918302034,-7.991256320118678e-16,2615.986094238437,3.507025211856696e-05,0.7426097474165133
0.0010,1465.6000000000001,-0.0001650267246993501,-0.00016502602703774355,-0.00040706465869815305,0.9998751421088304,0.9999999918301602,-7.991256320118678e-16,2615.9860456573647,3.50704131738202e-05,0.7426173206604705
0.0010,1466.4,-0.00047587287521313944,-0.00047589143037753845,-0.00036298964737726814,0.9998910534292834,0.9999999918301173,-9.589507584142415e-16,2615.9860496434703,3.507056276491658e-05,0.7426158558663757
0.0010,1467.2,-0.0007352972226214049,-0.0007353391860589085,-0.00027969703056943807,0.999923564124719,0.9999999918300754,-9.589507584142415e-16,2615.986099092805,3.507072277014177e-05,0.7426079497532959
0.0010,1468.0,-0.0009152829640559734,-0.0009153395038634309,-0.00016618758925867857,0.9999614063012666,0.999999991830034,-9.589507584142415e-16,2615.9861059584155,3.507089076277972e-05,0.7426075802796896
0.0010,1468.8,-0.0009963912520495606,-0.0009964450333502586,-3.4720694090302865e-05,0.9999789488015445,0.9999999918299932,-9.589507584142415e-16,2615.9860580115787,3.507104714432654e-05,0.7426153606884468
0.0010,1469.6000000000001,-0.0009698476941598079,-0.0009698899885529428,0.00010050130579692044,0.9999749490368512,0.999999991829953,-9.589507584142415e-16,2615.9860405986856,3.507118898833014e-05,0.7426175113227115
0.0010,1470.4,-0.0008385070076758191,-0.0008385424240293653,0.00022486315823975057,0.9999525341729699,0.9999999918299137,-7.991256320118678e-16,2615.986084698356,3.507133996550207e-05,0.7426101468525818
0.0010,1471.2,-0.0006165632609064659,-0.0006165961612873454,0.0003249266502963699,0.9999125050405567,0.9999999918298749,-7.991256320118678e-16,2615.98611178377,3.5071504418720846e-05,0.7426063309712986
0.0010,1472.0,-0.0003280068477720739,-0.00032803212562666285,0.00038988477364684413,0.9998797603828704,0.9999999918298366,-7.991256320118678e-16,2615.9860736242945,3.5071651483895324e-05,0.7426130398672048
0.0010,1472.8,-4.018924869584446e-06,-4.026494374849302e-06,0.00041271972567022273,0.9998699502396572,0.9999999918297988,-7.991256320118678e-16,2615.986038126168,3.507178193813812e-05,0.7426184221995568
0.0010,1473.6000000000001,0.0003203967647350177,0.0003204141691827777,0.00039096237166797045,0.9998790362945266,0.9999999918297616,-9.589507584142415e-16,2615.98606846385,3.507193118819566e-05,0.7426128262833179
0.0010,1474.4,0.0006101960854530725,0.0006102362016918017,0.00032696528750812497,0.9999107445334022,0.9999999918297251,-6.393005056094942e-16,2615.986110623456,3.507208864989765e-05,0.7426062833593222
0.0010,1475.2,0.0008340781540163198,0.000834127581481431,0.00022764291860880855,0.9999513832577578,0.9999999918296892,-4.794753792071207e-16,2615.9860895463157,3.5072222139660174e-05,0.7426106215230879
0.0010,1476.0,0.0009678518672467065,0.0009678975331024398,0.00010372208656601162,0.9999749303474174,0.9999999918296534,-7.991256320118678e-16,2615.9860427336275,3.507234850851091e-05,0.7426180687697933
0.0010,1476.8,0.0009970484680858211,0.000997090387040915,-3.140738831748179e-05,0.9999793880031781,0.9999999918296181,-9.589507584142415e-16,2615.9860535123207,3.507249421320396e-05,0.7426153347041259
0.0010,1477.6000000000001,0.000918507797890944,0.0009185526763749862,-0.0001631400419513309,0.999962806286666,0.9999999918295837,-6.393005056094942e-16,2615.986102689136,3.507264111215382e-05,0.742607542447467
0.0010,1478.4,0.0007407274463687387,0.000740772845887907,-0.00027724404117526627,0.9999250567382512,0.9999999918295495,-6.393005056094942e-16,2615.9861027000447,3.507276666717503e-05,0.7426086260637575
0.0010,1479.2,0.00048292532523682466,0.00048295869753127994,-0.0003613959993935628,0.9998912716087718,0.9999999918295155,-9.589507584142415e-16,2615.986053497168,3.50728883752432e-05,0.7426164825589255
0.0010,1480.0,0.00017295327139522703,0.00017296346993621135,-0.00040650281161688545,0.9998748090833544,0.9999999918294821,-7.991256320118678e-16,2615.9860426564055,3.507302919839354e-05,0.7426172248412983
0.0010,1480.8,-0.00015570464645827637,-0.0001557197914168061,-0.00040768874695392744,0.9998748889790432,0.9999999918294491,-6.393005056094942e-16,2615.9860894699955,3.50731685776443e-05,0.7426096251223103
0.0010,1481.6000000000001,-0.00046754607789440365,-0.0004675788627542686,-0.00036482740019406877,0.999899580203067,0.9999999918294163,-7.991256320118678e-16,2615.986110577106,3.507328551350233e-05,0.7426070338494977
0.0010,1482.4,-0.0007288818700094745,-0.0007289200807898297,-0.00028254877178929104,0.9999359058199127,0.9999999918293839,-7.991256320118678e-16,2615.9860683797933,3.5073404501861336e-05,0.7426140647595437
0.0010,1483.2,-0.0009114671826317613,-0.0009115057667772618,-0.00016973946103871702,0.9999614738214543,0.999999991829352,-6.393005056094942e-16,2615.9860379912443,3.5073541834059236e-05,0.7426183731814736
0.0010,1484.0,-0.0009955622545938642,-0.000995607008997151,-3.8590909349316836e-05,0.9999750193530911,0.99999999182932,-9.589507584142415e-16,2615.986073504344,3.507367127381746e-05,0.7426122660245202
0.0010,1484.8,-0.0009720853021186977,-0.0009721392784111375,9.672292938712288e-05,0.9999690074085468,0.9999999918292887,-7.991256320118678e-16,2615.986111674043,3.5073783599420175e-05,0.742606497682134
0.0010,1485.6000000000001,-0.000843588028829072,-0.0008436404595848164,0.00022158599825063623,0.9999402904056853,0.9999999918292575,-7.991256320118678e-16,2615.986084537363,3.5073901029738154e-05,0.7426114068903544
0.0010,1486.4,-0.0006239571729212405,-0.0006239923741135568,0.00032251166487915986,0.9999103546420294,0.9999999918292266,-7.991256320118678e-16,2615.98604039639,3.5074030803403986e-05,0.7426182993575413
0.0010,1487.2,-0.0003369133576946742,-0.0003369246407949775,0.00038859254518808494,0.9998880156478055,0.999999991829196,-7.991256320118678e-16,2615.9860578177995,3.507415464822359e-05,0.7426148024433703
0.0010,1488.0,-1.3462482172654755e-05,-1.3453853466665831e-05,0.0004126869904632598,0.9998761415908209,0.9999999918291654,-9.589507584142415e-16,2615.9861057738626,3.5074264123932364e-05,0.7426071788655835
0.0010,1488.8,0.00031145089914662126,0.0003114706193806466,0.0003921937645380435,0.9998884545914553,0.9999999918291352,-9.589507584142415e-16,2615.9860988936434,3.507437600183327e-05,0.7426091594743265
0.0010,1489.6000000000001,0.0006027182881834411,0.0006027430469074962,0.00032932591628682375,0.9999156059667625,0.9999999918291054,-9.589507584142415e-16,2615.9860494204277,3.507450214238418e-05,0.7426172260738015
0.0010,1490.4,0.0008288588443452096,0.0008288919028330572,0.00023087434547224518,0.9999414793273924,0.9999999918290757,-7.991256320118678e-16,2615.986045425819,3.507462226361204e-05,0.7426170044581124
0.0010,1491.2,0.0009654343870589291,0.0009654828656480783,0.00010748014136617419,0.999965405076199,0.9999999918290462,-7.991256320118678e-16,2615.986094040583,3.507472516886383e-05,0.7426089275726844
0.0010,1492.0,0.0009977011941612257,0.0009977608765849002,-2.7523007222370543e-05,0.9999732616581414,0.999999991829017,-6.393005056094942e-16,2615.9861087290074,3.507483451861611e-05,0.7426073482037896
0.0010,1492.8,0.0009221854903731848,0.0009222394393410901,-0.00015955427050685835,0.9999573351411852,0.9999999918289876,-9.589507584142415e-16,2615.9860633348603,3.507495891870181e-05,0.7426150391868307
0.0010,1493.6000000000001,0.0007470403390516392,0.0007470753909840826,-0.00027435036065628915,0.9999332180245268,0.9999999918289586,-9.589507584142415e-16,2615.986038681845,3.507507236447214e-05,0.7426182842638351
0.0010,1494.4,0.0004911766278164215,0.0004911929318449933,-0.00035950360880163785,0.9999048943643437,0.9999999918289301,-6.393005056094942e-16,2615.9860786798363,3.5075170704679015e-05,0.7426113271514262
0.0010,1495.2,0.0001822361153920462,0.00018224020799740979,-0.00040581280329384683,0.99987987044976,0.9999999918289012,-7.991256320118678e-16,2615.986112110622,3.5075279538784656e-05,0.7426065845304489
0.0010,1496.0,-0.00014639788932401516,-0.0001464019575811632,-0.0004082771538196196,0.9998779943751217,0.9999999918288724,-9.589507584142415e-16,2615.986079459191,3.507540055982603e-05,0.7426124563935014
0.0010,1496.8,-0.0004592116792548794,-0.00045922618851758845,-0.00036662926386545974,0.9998946374170665,0.9999999918288442,-9.589507584142415e-16,2615.986038883476,3.507550853686985e-05,0.7426184321821776
0.0010,1497.6000000000001,-0.0007224005717546782,-0.0007224329096511018,-0.0002853684833908791,0.9999204692105936,0.9999999918288159,-9.589507584142415e-16,2615.986062636078,3.5075603826911844e-05,0.7426138667469692
0.0010,1498.4,-0.0009075326180803079,-0.0009075849937596089,-0.00017327822116149856,0.9999543759957139,0.999999991828788,-6.393005056094942e-16,2615.986108428824,3.507571217937497e-05,0.7426068061443308
0.0010,1499.2,-0.0009946201763454121,-0.0009946803586078643,-4.2468259553990545e-05,0.9999755778651874,0.9999999918287596,-9.589507584142415e-16,2615.9860947698867,3.507583064625013e-05,0.7426097412738853
0.0010,1500.0,-0.0009742576506428064,-0.0009743081707125099,9.293365865698704e-05,0.9999722244999243,0.9999999918287317,-9.589507584142415e-16,2615.9860460090017,3.5075932933822364e-05,0.7426174687592586
0.0010,1500.8,-0.0008486314928324095,-0.0008486665042648827,0.00021829714440182524,0.9999539412899188,0.999999991828704,-6.393005056094942e-16,2615.986048955448,3.5076026828857e-05,0.7426162312626917
0.0010,1501.6000000000001,-0.0006313053569932803,-0.0006313304233076158,0.0003200722535438912,0.9999208504803622,0.9999999918286764,-6.393005056094942e-16,2615.9860983748213,3.50761363549789e-05,0.7426081497160051
0.0010,1502.4,-0.00034576493860736764,-0.0003457839929629475,0.0003872638457036573,0.9998852746456882,0.9999999918286486,-6.393005056094942e-16,2615.986106322589,3.5076250305119745e-05,0.7426075932733861
0.0010,1503.2,-2.286918348584491e-05,-2.2878628754737477e-05,0.00041261535653572864,0.9998715443866708,0.9999999918286209,-7.991256320118678e-16,2615.9860586641944,3.507634889381775e-05,0.7426155606054929
0.0010,1504.0,0.0003024901657974969,0.00030249846977546403,0.0003933862650977859,0.9998787222742663,0.9999999918285934,-7.991256320118678e-16,2615.9860402477752,3.507644384803972e-05,0.7426177509296064
0.0010,1504.8,0.0005951596583280367,0.0005951919582930082,0.00033165421921846095,0.9999033481978556,0.9999999918285661,-6.393005056094942e-16,2615.986083891389,3.507655169686695e-05,0.7426102181464543
0.0010,1505.6000000000001,0.0008235276297563052,0.0008235792888039702,0.000234091634594569,0.9999434025029926,0.9999999918285386,-7.991256320118678e-16,2615.986111924374,3.507666215470038e-05,0.7426064758118729
0.0010,1506.4,0.0009629312180891828,0.0009629861093220982,0.00011123685053260924,0.999973475290766,0.9999999918285113,-7.991256320118678e-16,2615.9860744484217,3.50767596676143e-05,0.7426131794282991
0.0010,1507.2,0.0009983027381222954,0.000998348394016146,-2.364044320628964e-05,0.9999799947495781,0.9999999918284841,-7.991256320118678e-16,2615.986038195143,3.507685339920688e-05,0.742618332519475
0.0010,1508.0,0.0009258048061208532,0.0009258432166892104,-0.0001559638935044173,0.999967891334698,0.9999999918284569,-9.589507584142415e-16,2615.986067732119,3.5076960274983406e-05,0.7426128783750027
0.0010,1508.8,0.0007532688624569577,0.000753306134631465,-0.0002714325585301538,0.9999340745588845,0.9999999918284302,-6.393005056094942e-16,2615.9861104776514,3.507706947588311e-05,0.7426065270092503
0.0010,1509.6000000000001,0.0004993480164570907,0.0004993808400184435,-0.00035757408675663073,0.9998940142501831,0.9999999918284033,-7.991256320118678e-16,2615.986090330689,3.507716388594653e-05,0.7426103990100114
0.0010,1510.4,0.00019148365774242904,0.00019150130889208775,-0.0004050841872299736,0.9998730376011402,0.9999999918283764,-7.991256320118678e-16,2615.986043170237,3.507725717218785e-05,0.742617580831994
0.0010,1511.2,-0.00013706254537857582,-0.00013706899411924846,-0.0004088274492757579,0.999871736267497,0.9999999918283496,-7.991256320118678e-16,2615.9860529654356,3.5077364569447435e-05,0.7426153294793251
0.0010,1512.0,-0.0004507987502136112,-0.00045082984074230653,-0.0003683996472256376,0.9998918089858986,0.9999999918283232,-6.393005056094942e-16,2615.986102269115,3.5077470588078884e-05,0.7426074736115245
0.0010,1512.8,-0.0007158372325939832,-0.000715882331960866,-0.0002881703377064954,0.9999313380560649,0.9999999918282968,-4.794753792071207e-16,2615.9861033100524,3.50775628194496e-05,0.7426079188016471
0.0010,1513.6000000000001,-0.0009035446656719869,-0.0009035895446585073,-0.000176804423527076,0.9999640121789718,0.9999999918282703,-4.794753792071207e-16,2615.986054253735,3.507765676109528e-05,0.7426159983634628
0.0010,1514.4,-0.0009936273102232147,-0.0009936684491247156,-4.6332620923354924e-05,0.9999778343482735,0.9999999918282438,-4.794753792071207e-16,2615.986042433981,3.507776288301876e-05,0.7426172496244687
0.0010,1515.2,-0.0009763414676817394,-0.0009763858093084376,8.91432102197683e-05,0.999973976267316,0.9999999918282174,-7.991256320118678e-16,2615.9860888781686,3.507786646579938e-05,0.742609288865648
0.0010,1516.0,-0.0008535631261251654,-0.000853611779798615,0.00021498390247793987,0.9999456446789344,0.9999999918281913,-6.393005056094942e-16,2615.986110901555,3.507795720497772e-05,0.7426063974139765
0.0010,1516.8,-0.0006385708776688009,-0.0006386124659083564,0.000317598227033417,0.9999082940001663,0.9999999918281651,-7.991256320118678e-16,2615.9860693009546,3.507805029229528e-05,0.74261378890336
0.0010,1517.6000000000001,-0.00035459366006556335,-0.00035461510446241427,0.000385900695826999,0.9998841264312244,0.9999999918281393,-6.393005056094942e-16,2615.986038112182,3.5078156068059455e-05,0.7426181710888387
0.0010,1518.4,-3.230643191754831e-05,-3.230302387695685e-05,0.00041250843918851966,0.9998737608096395,0.9999999918281133,-6.393005056094942e-16,2615.9860728387425,3.507825732606341e-05,0.7426118352740129
0.0010,1519.2,0.0002934760846266732,0.00029349939191777944,0.0003945471351353445,0.999884361958875,0.9999999918280876,-6.393005056094942e-16,2615.9861116612337,3.507834529945938e-05,0.7426062744239581
0.0010,1520.0,0.0005875594416551295,0.0005875918092812574,0.0003339583489264843,0.9999163355799829,0.9999999918280617,-7.991256320118678e-16,2615.986085466019,3.5078439330146723e-05,0.742611371740084
0.0010,1520.8,0.0008181645350059502,0.0008181989561158177,0.00023728526409219394,0.9999465601656715,0.9999999918280362,-6.393005056094942e-16,2615.986040867462,3.507854470403221e-05,0.7426180325156317
0.0010,1521.6000000000001,0.0009603625419211129,0.0009604031486320086,0.00011497338047630927,0.9999668648903713,0.9999999918280109,-6.393005056094942e-16,2615.986057268718,3.50786417850893e-05,0.7426145812051964
0.0010,1522.28,0.0009999351896636834,0.000999986023065233,6.769349273638952e-07,0.9999747361250656,0.9999999918279893,-6.393005056094942e-16,2615.986100122819,3.50787157991627e-05,0.7426079474066036
0.0020,0.0,0.002,0.002,0.0,1.0,1.0,0.0,2615.9862990371516,0.0,0.7426140469967158
0.0020,0.8,0.001891953965871234,0.0018919539515174226,-0.00026764100630628876,0.9999890468320429,1.0,0.0,2615.9863516895966,-3.15149511191234e-14,0.7426623996881938
0.0020,1.6,0.0015795014143434108,0.0015795005731492307,-0.0005063450121706288,0.9999404362999316,1.0,0.0,2615.986404416318,-2.6733778124366533e-14,0.7426952583388235
0.0020,2.4,0.0010964071029064529,0.0010964060817809942,-0.0006903465179128951,0.9998857991125362,1.0,0.0,2615.9863560531644,-1.0083668441216091e-13,0.7426363614273125
0.0020,3.2,0.0004948547044708832,0.0004948555594083252,-0.0007997739818712397,0.9998637832624746,1.0,0.0,2615.986305799519,-1.3198935239557239e-13,0.7426220990196637
0.0020,4.0,-0.00016016447373238968,-0.0001601620488243493,-0.0008227904158091981,0.9998594591745705,0.9999999999999997,-3.196502528047471e-16,2615.9863443892,-1.9281198748496956e-14,0.7426846676770322
0.0020,4.8,-0.0007978802508453354,-0.0007978765125269599,-0.0007569132868726625,0.9998851079993251,0.9999999999999997,-3.196502528047471e-16,2615.9863903251626,-2.09072651140801e-14,0.7426775538497226
0.0020,5.6000000000000005,-0.0013493931707108356,-0.0013493903617137124,-0.0006092579147925648,0.9999274023567214,1.0,0.0,2615.9863665789503,7.961425949914658e-15,0.7426160929111345
0.0020,6.4,-0.001755107673133312,-0.0017551124189505037,-0.0003957679610330299,0.9999563771318936,0.9999999999999997,-3.196502528047471e-16,2615.9863286009604,4.467887889191972e-14,0.7426416643229587
0.0020,7.2,-0.001971192595796605,-0.0019712039318241837,-0.00013952078951723332,0.999976870102062,1.0,0.0,2615.9863391474914,1.011537340183057e-14,0.7426916340256412
0.0020,8.0,-0.001974310801302657,-0.0019743232015004756,0.00013179381720264234,0.9999772200885668,1.0000000000000002,1.5982512640237355e-16,2615.9863740352257,1.9179420428537785e-14,0.7426414148929299
0.0020,8.8,-0.0017641097098110173,-0.0017641340350647888,0.00038887356407730123,0.9999552883263247,1.0,0.0,2615.986383535893,6.246594235224612e-14,0.7425937811462334
0.0020,9.6,-0.001363289077851801,-0.001363341747218165,0.0006039415433813475,0.9999241492077117,0.9999999999999997,-3.196502528047471e-16,2615.9863580422707,5.507408893606978e-14,0.7426382723797511
0.0020,10.4,-0.0008151723497596197,-0.0008152487234673618,0.0007537569098496942,0.9998937914923051,1.0,0.0,2615.9863356674496,1.2480754326201915e-13,0.7426206245393446
0.0020,11.200000000000001,-0.00017899342430860907,-0.00017907287720957026,0.000822134216398973,0.9998792891914922,0.9999999999999997,-3.196502528047471e-16,2615.9863588428952,1.3852864149401247e-13,0.7425142782263587
0.0020,12.0,0.00047650808896518076,0.00047645094137715646,0.0008016842598770609,0.9998839478080701,0.9999999999999997,-3.196502528047471e-16,2615.9863990303334,1.8027926214927206e-13,0.7425249692404448
0.0020,12.8,0.0010805132181738665,0.0010804973395240254,0.0006946182693927352,0.9999096695202466,1.0,0.0,2615.9863844965944,2.337155046059587e-13,0.7425965033765745
0.0020,13.6,0.001567774630747474,0.0015678029858842923,0.0005125004527049557,0.9999395579408866,0.9999999999999997,-3.196502528047471e-16,2615.986335742165,1.9203801323111222e-13,0.7425496670571036
0.0020,14.4,0.0018856279916628022,0.0018857121545301067,0.0002750013313319534,0.999955257770382,0.9999999999999997,-3.196502528047471e-16,2615.986347829356,1.395384499953297e-13,0.7425138721123482
0.0020,15.200000000000001,0.001999715187726814,0.001999873713738316,7.793983878069626e-06,0.9999628602720063,0.9999999999999997,-3.196502528047471e-16,2615.9864070465987,1.3144854624798218e-13,0.7425824849258252
0.0020,16.0,0.0018977416587175678,0.0018979607070433485,-0.00026024542668523547,0.9999513205128818,1.0,0.0,2615.9864026582177,7.847217948984845e-14,0.7425947952555653
0.0020,16.8,0.0015907470922786485,0.0015909857970704204,-0.0005001739859530145,0.9999291093947537,1.0,0.0,2615.9863418193236,4.6625476750009474e-14,0.7425452919003537
0.0020,17.6,0.001111891454215062,0.001112108012842624,-0.0006860688387353037,0.9999150840368825,1.0000000000000002,1.5982512640237355e-16,2615.986342362881,9.345274680903244e-14,0.7425739689976453
0.0020,18.400000000000002,0.0005129107601190753,0.0005130678198638505,-0.0007978309083504218,0.9998975436746698,1.0000000000000002,1.5982512640237355e-16,2615.9864041647734,1.5924750641006748e-13,0.7426153552603744
0.0020,19.2,-0.00014148155451183998,-0.00014140674364751513,-0.0008233886631419933,0.9998906419367032,1.0000000000000002,1.5982512640237355e-16,2615.9864111528955,1.8305339601462519e-13,0.742577226026242
0.0020,20.0,-0.0007805922443788419,-0.0007806028729322104,-0.0007599832760330801,0.9999023331115366,1.0,0.0,2615.9863554782296,1.4416604342797877e-13,0.7425662145926591
0.0020,20.8,-0.0013353678574008314,-0.0013354561556212883,-0.0006144604617775282,0.9999171101548915,1.0,0.0,2615.9863437031026,1.0999901952717004e-13,0.7426179259886292
0.0020,21.6,-0.0017458608486150935,-0.0017460159589029998,-0.0004025514959141623,0.9999413279122421,1.0,0.0,2615.986392850185,3.46952886877817e-14,0.7426136174906043
0.0020,22.400000000000002,-0.0019677159614221156,-0.001967928741909556,-0.00014715593750376174,0.9999635210899751,0.9999999999999996,-4.794753792071207e-16,2615.986412581558,-7.262088531803173e-14,0.7425699789671625
0.0020,23.2,-0.0019769720810308036,-0.0019772194373181375,0.00012414306583090066,0.9999649242106108,0.9999999999999997,-3.196502528047471e-16,2615.986374978891,-8.10380990453436e-14,0.7425957400861113
0.0020,24.0,-0.0017726491704089559,-0.0017728792240127862,0.0003820346515079329,0.9999515506526635,0.9999999999999997,-3.196502528047471e-16,2615.986347591888,-1.0377318001633879e-13,0.7426351104340918
0.0020,24.8,-0.0013768225198953923,-0.0013769848458001287,0.0005986467610196262,0.9999268224581671,1.0,0.0,2615.986370388055,-1.7651876501632289e-13,0.7426040707238666
0.0020,25.6,-0.0008322375767233352,-0.0008323138887076835,0.0007505742616759098,0.9998969357772928,0.9999999999999997,-3.196502528047471e-16,2615.98640225396,-1.5341608662617237e-13,0.7425812638762204
0.0020,26.400000000000002,-0.0001977231546184213,-0.00019771684420123115,0.0008214060583378757,0.9998793107762585,1.0,0.0,2615.986389758353,-6.174710230876439e-14,0.7426195323327562
0.0020,27.2,0.0004581657248062947,0.0004582420990876834,0.0008034902401812339,0.9998830655540998,0.9999999999999997,-3.196502528047471e-16,2615.9863473833975,-7.26100374214079e-14,0.7426339468369408
0.0020,28.0,0.0010645586529409554,0.0010646899448560308,0.0006987603350838537,0.9999016043763044,1.0,0.0,2615.9863428548815,-6.757704388592635e-14,0.7426029709897234
0.0020,28.8,0.0015559252210344242,0.0015561027733547738,0.0005185345764053455,0.999931607772112,0.9999999999999997,-3.196502528047471e-16,2615.986386538391,-9.889389090277492e-14,0.7426037897386374
0.0020,29.6,0.0018791839975492916,0.0018793897656348725,0.00028229068366868073,0.9999654044198704,0.9999999999999997,-3.196502528047471e-16,2615.986398784418,-1.096238790943114e-13,0.7426313800085599
0.0020,30.400000000000002,0.0019994347529765037,0.0019996248137299187,1.5545981399294785e-05,0.9999795008433856,0.9999999999999997,-3.196502528047471e-16,2615.9863486551944,-7.979765666207951e-14,0.7426265644370753
0.0020,31.2,0.0019036827602471177,0.0019038123163231217,-0.0002528871417222484,0.9999721464155092,0.9999999999999996,-4.794753792071207e-16,2615.986323554729,-7.542157671991534e-14,0.7426131768338998
0.0020,32.0,0.0016022481022313474,0.001602300641697247,-0.0004939952980696583,0.9999478890296083,0.9999999999999996,-4.794753792071207e-16,2615.9863706199035,-1.6084974563183208e-14,0.7426263920736766
0.0020,32.8,0.0011276883717991745,0.0011276717794244128,-0.0006817220221474104,0.9999051050944257,0.9999999999999997,-3.196502528047471e-16,2615.9864008432373,-5.413705098078321e-14,0.7426321948284146
0.0020,33.6,0.0005312777534076344,0.0005312093105298535,-0.0007957948641535183,0.9998722758098253,0.9999999999999996,-4.794753792071207e-16,2615.9863550881646,-6.087816382013567e-14,0.7426209354529385
0.0020,34.4,-0.00012254332727273294,-0.0001226460056830371,-0.0008238906410000307,0.9998656245051056,0.9999999999999997,-3.196502528047471e-16,2615.9863171332227,-4.2889884025969424e-14,0.7426281741359181
0.0020,35.2,-0.0007631257078582039,-0.000763249988270189,-0.0007629697659216455,0.9998791788765031,0.9999999999999997,-3.196502528047471e-16,2615.9863546061233,-7.742418203898032e-14,0.7426398680714872
0.0020,36.0,-0.0013212551792846975,-0.0013213908664255318,-0.0006196196893704882,0.9999179461463769,0.9999999999999997,-3.196502528047471e-16,2615.986395536678,-1.6365208981368113e-13,0.7426255949075605
0.0020,36.800000000000004,-0.0017366409571238006,-0.0017367691435793667,-0.00040932628376635764,0.9999616255878717,0.9999999999999993,-6.393005056094942e-16,2615.986366570247,-1.5411785791611122e-13,0.74261821545144
0.0020,37.6,-0.001964413888964759,-0.0019645035847251275,-0.0001548004137456291,0.9999835547059783,0.9999999999999996,-4.794753792071207e-16,2615.9863222367076,-1.9333311539710773e-13,0.7426382359992832
0.0020,38.4,-0.001979954428810058,-0.0019799838423710733,0.00011645299940044795,0.9999846598175679,0.9999999999999996,-4.794753792071207e-16,2615.986339269951,-2.070100690549639e-13,0.7426404590029687
0.0020,39.2,-0.0017815609673524023,-0.0017815401630575844,0.0003751167237495466,0.9999612714323621,0.9999999999999996,-4.794753792071207e-16,2615.9863845703417,-1.5279474227967832e-13,0.7426164681450236
0.0020,40.0,-0.0013906614152380567,-0.0013906181611639487,0.0005932489643759198,0.9999186624295792,0.9999999999999996,-4.794753792071207e-16,2615.9863800440644,-9.043278170711279e-14,0.7426168586239461
0.0020,40.800000000000004,-0.0008495019275598553,-0.0008494527295122413,0.0007472898456698324,0.999883493173675,0.9999999999999993,-6.393005056094942e-16,2615.9863351113536,-5.7365361915084604e-15,0.7426384699237222
0.0020,41.6,-0.0002165621991055033,-0.00021650957667606794,0.0008205934431352702,0.9998673713759019,0.9999999999999997,-3.196502528047471e-16,2615.986327119102,-3.5711219668592353e-14,0.7426321714349495
0.0020,42.4,0.00043976853859578797,0.00043982630682347314,0.0008052369247032765,0.9998718758101978,0.9999999999999996,-4.794753792071207e-16,2615.986370689748,-3.2866135396906086e-14,0.742610487766598
0.0020,43.2,0.0010485810428227183,0.0010486429793240641,0.0007028825870528237,0.9999023287693668,0.9999999999999997,-3.196502528047471e-16,2615.9863914721145,-7.382211678139113e-14,0.7426158279226643
0.0020,44.0,0.001544111654257454,0.0015441638073444071,0.0005245870431270259,0.9999428566706318,0.9999999999999996,-4.794753792071207e-16,2615.9863521313896,-7.890679627613375e-14,0.742630333912845
0.0020,44.800000000000004,0.001872824891112387,0.0018728486735259862,0.0002896075172442705,0.9999700295246011,0.9999999999999997,-3.196502528047471e-16,2615.9863214487495,-9.765457504605288e-14,0.7426220648966612
0.0020,45.6,0.001999181579990301,0.001999181747439096,2.3337039354342756e-05,0.9999811186375045,0.9999999999999996,-4.794753792071207e-16,2615.986356693286,-7.586683086131127e-14,0.742609875270107
0.0020,46.4,0.001909514015031019,0.0019095171641488901,-0.00024544664699975913,0.9999696440880251,0.9999999999999996,-4.794753792071207e-16,2615.9863973543606,-2.369715392211374e-14,0.7426136320830679
0.0020,47.2,0.0016135254974260916,0.001613547492222272,-0.0004877100698621404,0.9999353511596494,0.9999999999999996,-4.794753792071207e-16,2615.9863700542733,-4.423744612589762e-14,0.7426178616435952
0.0020,48.0,0.001143213083774384,0.001143246969912657,-0.0006772872627303708,0.9999034038507841,0.9999999999999996,-4.794753792071207e-16,2615.9863241442717,-8.387236195324415e-14,0.7426145725321819
0.0020,48.800000000000004,0.0005493933658200424,0.0005494240609396227,-0.0007936895992417298,0.99988260466516,0.9999999999999997,-3.196502528047471e-16,2615.9863445484107,-1.2548303708884572e-13,0.7426125630739604
0.0020,49.6,-0.00010377769874024837,-0.00010376135285083834,-0.0008243364330528938,0.9998749583080693,0.9999999999999996,-4.794753792071207e-16,2615.986395734196,-1.2838722879683167e-13,0.7426096941940582
0.0020,50.4,-0.0007457366214036509,-0.0007457365206454423,-0.0007659207132290679,0.9998929815554836,0.9999999999999996,-4.794753792071207e-16,2615.986386111212,-1.6134687578496242e-13,0.7426059517197474
0.0020,51.2,-0.001307132292488464,-0.0013071407011278242,-0.0006247501905025803,0.9999223070181017,0.9999999999999997,-3.196502528047471e-16,2615.9863350241003,-1.283895209673093e-13,0.7426109601463171
0.0020,52.0,-0.0017273006312015767,-0.0017273141876307646,-0.0004160744951176854,0.999947153464182,0.9999999999999997,-3.196502528047471e-16,2615.986335781996,-1.6009548686993345e-13,0.742615483255344
0.0020,52.800000000000004,-0.0019608256599172452,-0.001960859439104135,-0.00016244939343730688,0.9999683973276866,0.9999999999999997,-3.196502528047471e-16,2615.9863868651523,-1.4239628151375705e-13,0.7426053925121819
0.0020,53.6,-0.0019824765575542198,-0.0019825493184680945,0.00010872045180431472,0.9999710181121019,0.9999999999999997,-3.196502528047471e-16,2615.986397871439,-1.0304600399884614e-13,0.7425981868719789
0.0020,54.4,-0.001789935497669459,-0.001790041341551415,0.0003681487053673614,0.9999518353632776,0.9999999999999996,-4.794753792071207e-16,2615.9863516073715,-1.0520930694922261e-13,0.7426097148918073
0.0020,55.2,-0.0014040185775981567,-0.0014041288520405598,0.0005878075420053272,0.9999275899254167,0.9999999999999997,-3.196502528047471e-16,2615.986331297751,-4.875235584744771e-14,0.7426163536940763
0.0020,56.0,-0.0008664159969485661,-0.0008665056805724417,0.0007439547114018698,0.9999006224083331,0.9999999999999997,-3.196502528047471e-16,2615.986372665412,-8.459243236061657e-14,0.7426027411161428
0.0020,56.800000000000004,-0.00023520311072731804,-0.00023526193698399008,0.000819718911090307,0.9998802383360867,0.9999999999999997,-3.196502528047471e-16,2615.9864032907326,-5.380263336757603e-14,0.7425957321587857
0.0020,57.6,0.00042142740341914286,0.0004213998595733944,0.0008069187424456398,0.9998833395795713,0.9999999999999997,-3.196502528047471e-16,2615.986370177545,-7.645299374419414e-14,0.742608894696596
0.0020,58.4,0.001032531067732315,0.0010325316296472486,0.0007069342321330751,0.9999019362153011,0.9999999999999996,-4.794753792071207e-16,2615.986331952486,1.0562904954485781e-13,0.7426152519270106
0.0020,59.2,0.0015320679820312922,0.0015321021630325933,0.0005305678405860469,0.9999272973828811,0.9999999999999996,-3.196502528047471e-16,2615.9863565938736,6.818375260642957e-13,0.7426035447950902
0.0020,60.0,0.0018660534407781084,0.0018661372742791844,0.00029688228295477533,0.9999575986284448,0.9999999999999993,-3.196502528047471e-16,2615.9864015220733,2.356736382034852e-12,0.7425978971073082
0.0020,60.800000000000004,0.001998417155282722,0.0019985511718642514,3.112393771184477e-05,0.9999732236161487,0.9999999999999992,0.0,2615.9863870435024,6.2570712795505e-12,0.7426074789507731
0.0020,61.6,0.0019148818880310456,0.0019150357380289848,-0.00023800423663682284,0.9999661868780192,0.9999999999999978,-1.5982512640237355e-16,2615.986338135803,1.4613430373689593e-11,0.7426133021551954
0.0020,62.4,0.0016244712320738761,0.0016246083735962662,-0.00048142222246362994,0.9999472274804354,0.9999999999999953,-3.196502528047471e-16,2615.9863422030107,3.0383610955491776e-11,0.7426075349581078
0.0020,63.2,0.0011585457445488412,0.0011586487030989653,-0.0006728198122517778,0.9999156659657089,0.9999999999999917,-1.5982512640237355e-16,2615.9863926722287,5.721965885714409e-11,0.7426024408472874
0.0020,64.0,0.0005674395289382504,0.0005675054236247014,-0.0007915198726254006,0.999884222863805,0.9999999999999855,-1.5982512640237355e-16,2615.986398973862,9.915104875220328e-11,0.742605434359095
0.0020,64.8,-8.498073408542444e-05,-8.495207408395441e-05,-0.0008247032818133954,0.9998753042005264,0.9999999999999762,-4.794753792071207e-16,2615.9863492238537,1.6004588849001552e-10,0.7426116258525746
0.0020,65.6,-0.0007282189777929623,-0.0007282305404167365,-0.0007687814755584659,0.9998849315212123,0.999999999999964,-1.5982512640237355e-16,2615.9863324528915,2.442567844432218e-10,0.7426131149829406
0.0020,66.4,-0.001292765259685735,-0.0012928265302990898,-0.0006297975922451712,0.9999104680701506,0.9999999999999469,-3.196502528047471e-16,2615.9863783784413,3.568574320019214e-10,0.7426075716146936
0.0020,67.2,-0.0017176246254029105,-0.0017177415772739795,-0.0004227736272330576,0.9999490760509396,0.9999999999999251,0.0,2615.9864041771866,5.043641650622856e-10,0.7426039120987981
0.0020,68.0,-0.001956914780072559,-0.001957069004620469,-0.00017007060058806545,0.9999745751351898,0.9999999999998961,-3.196502528047471e-16,2615.9863636740006,6.939053659918442e-10,0.7426108085750794
0.0020,68.8,-0.0019847937530326327,-0.001984946282276507,0.00010101606587796015,0.9999772497544537,0.9999999999998593,-3.196502528047471e-16,2615.9863291945207,9.345745727225458e-10,0.7426180765184882
0.0020,69.60000000000001,-0.00179823454963861,-0.0017983572430656965,0.00036118829649019055,0.9999624949779159,0.9999999999998134,-4.794753792071207e-16,2615.98636134437,1.2345594392762566e-09,0.7426120091643378
0.0020,70.4,-0.0014173769841144188,-0.0014174659444241239,0.0005823284459098257,0.9999272547847267,0.9999999999997568,-3.196502528047471e-16,2615.9864019724782,1.6030482250732258e-09,0.7426037116691702
0.0020,71.2,-0.0008833713828162665,-0.0008834293534299774,0.0007405510089095905,0.9998896534361389,0.9999999999996877,-3.196502528047471e-16,2615.986378739951,2.050301940557289e-09,0.7426103771156314
0.0020,72.0,-0.0002539219941097334,-0.00025394470724513716,0.0008187654310762134,0.9998726163439398,0.9999999999996044,-6.393005056094942e-16,2615.986332758739,2.585858788819741e-09,0.7426206457544454
0.0020,72.8,0.000402955874291045,0.00040297744877019597,0.0008085167235426431,0.9998747362172583,0.9999999999995058,-4.794753792071207e-16,2615.986344911916,3.22259187396048e-09,0.7426154510575301
0.0020,73.60000000000001,0.0010162861714546833,0.0010163602404956984,0.0007109136343047834,0.9998982582296845,0.9999999999993893,-3.196502528047471e-16,2615.986393085237,3.973270058097393e-09,0.7426054050352296
0.0020,74.4,0.0015198125582947216,0.001519933739260371,0.0005365042738023864,0.999938451214648,0.9999999999992529,-1.5982512640237355e-16,2615.9863915442993,4.8494996485438285e-09,0.7426100121075818
0.0020,75.2,0.0018591513927535338,0.0018592903464111367,0.00030412525190179807,0.9999686307084468,0.9999999999990946,-3.196502528047471e-16,2615.986342476371,5.867928138594074e-09,0.7426204952832751
0.0020,76.0,0.0019976368861906258,0.001997759656107075,3.888104127534325e-05,0.9999793208461242,0.9999999999989125,-3.196502528047471e-16,2615.9863325057436,7.041564310009579e-09,0.7426180714554309
0.0020,76.8,0.0019202830450958954,0.0019203796902378977,-0.0002305598135284967,0.9999714810182018,0.9999999999987045,-6.393005056094942e-16,2615.98637928476,8.382908631629253e-09,0.7426086055266784
0.0020,77.60000000000001,0.0016354387309211059,0.0016355166553363848,-0.0004750828400863808,0.9999396572162125,0.9999999999984696,-1.5982512640237355e-16,2615.986399379702,9.913663505331729e-09,0.7426092588402401
0.0020,78.4,0.0011738922197017292,0.0011739502775780337,-0.0006682788276914784,0.9999020834782391,0.999999999998204,-3.196502528047471e-16,2615.986356368587,1.1645525792715785e-08,0.7426179576018713
0.0020,79.2,0.0005855207791329435,0.0005855459393877714,-0.0007892762210869165,0.999879914124792,0.9999999999979066,-1.5982512640237355e-16,2615.9863264817027,1.3604763353351545e-08,0.7426197321770562
0.0020,80.0,-6.610425971070309e-05,-6.612424317630555e-05,-0.000824996052244591,0.9998729524728737,0.9999999999975746,-3.196502528047471e-16,2615.986362978011,1.5805724931101557e-08,0.7426123887471747
0.0020,80.8,-0.0007105827531435602,-0.0007106505333578676,-0.0007715807230516715,0.9998885179176431,0.9999999999972072,-4.794753792071207e-16,2615.986400568506,1.826391220599457e-08,0.74260837508363
0.0020,81.60000000000001,-0.0012782964597076352,-0.0012783974228855442,-0.0006348026728238397,0.9999235260661818,0.9999999999968041,-3.196502528047471e-16,2615.986371909294,2.1014575041363375e-08,0.7426143327702186
0.0020,82.4,-0.0017079166565981423,-0.0017080222300310823,-0.0004294331929033788,0.9999533401928803,0.9999999999963656,-1.5982512640237355e-16,2615.9863280838404,2.4007301091404283e-08,0.7426204526437404
0.0020,83.2,-0.0019530104581294552,-0.0019531024580214066,-0.0001776632167437546,0.9999715053374536,0.999999999995893,-3.196502528047471e-16,2615.9863471723543,2.737005887976506e-08,0.7426159458920623
0.0020,84.0,-0.001987076843732761,-0.0019871607796388387,9.329467056032198e-05,0.9999746025047955,0.9999999999953882,-4.794753792071207e-16,2615.986394863261,3.092447954784643e-08,0.742607914328499
0.0020,84.8,-0.001806440143378683,-0.0018065233479172573,0.00035416836027751494,0.9999527281539606,0.9999999999948531,-3.196502528047471e-16,2615.9863861469535,3.494918754012316e-08,0.7426106613826928
0.0020,85.60000000000001,-0.0014306351615482767,-0.0014307056373349836,0.0005767828203190868,0.9999216606780748,0.9999999999942876,-4.794753792071207e-16,2615.986336763539,3.917356878810433e-08,0.7426197717056796
0.0020,86.4,-0.0009002701161403664,-0.0009003073461845426,0.0007370831958474637,0.9998966327348804,0.9999999999936918,-1.5982512640237355e-16,2615.9863345597423,4.39245055608292e-08,0.7426183971009604
0.0020,87.2,-0.00027264136882414316,-0.0002726349382281137,0.0008177433064524965,0.9998784478679466,0.9999999999930647,-3.196502528047471e-16,2615.98638322711,4.905090494679802e-08,0.7426083077972421
0.0020,88.0,0.0003844479562086025,0.00038449384317755503,0.0008100513686192699,0.9998809713252124,0.9999999999924075,-4.794753792071207e-16,2615.9863962758127,5.458410097955508e-08,0.7426077936374078
0.0020,88.8,0.0010000129518903127,0.0010000812351169015,0.0007148390692173109,0.9999047708162373,0.9999999999917222,-4.794753792071207e-16,2615.98635070303,6.092781999642228e-08,0.7426177593124348
0.0020,89.60000000000001,0.0015075435001173825,0.0015076153197444125,0.0005423888308350472,0.9999314129793161,0.9999999999910116,-4.794753792071207e-16,2615.9863275445123,6.721474167235469e-08,0.7426196740081348
0.0020,90.4,0.0018521842202487264,0.0018522581228117107,0.0003113377080001775,0.9999575717249428,0.9999999999902787,-1.5982512640237355e-16,2615.9863680222993,7.502864424173368e-08,0.7426099824825595
0.0020,91.2,0.0019966891496724024,0.0019967772354174463,4.6656209751520645e-05,0.9999741999231294,0.9999999999895218,-1.5982512640237355e-16,2615.9864003630664,8.239345245347138e-08,0.7426062513717752
0.0020,92.0,0.0019254628356519534,0.0019255622312981957,-0.0002230662515697993,0.9999661216440183,0.9999999999887444,-3.196502528047471e-16,2615.9863671182616,9.136908821047014e-08,0.742614672813274
0.0020,92.8,0.0016462171622030229,0.001646303328044893,-0.0004686958493870447,0.9999439311295932,0.9999999999879423,-3.196502528047471e-16,2615.9863273908845,1.0094456561310449e-07,0.7426196541915777
0.0020,93.60000000000001,0.0011891169817744112,0.0011891683936450454,-0.0006636866568613095,0.9999167570434685,0.9999999999871202,-1.5982512640237355e-16,2615.9863520300423,1.1045508868013058e-07,0.7426124985972427
0.0020,94.4,0.0006035371582820292,0.000603550431446133,-0.0007869654109411991,0.9998871169425824,0.9999999999862796,-1.5982512640237355e-16,2615.986397382956,1.2290637157829845e-07,0.7426059635651248
0.0020,95.2,-4.725978009684165e-05,-4.727605811347469e-05,-0.0008252177043798109,0.9998753625458431,0.9999999999854227,-1.5982512640237355e-16,2615.986382716988,1.3382394118938327e-07,0.7426111006613574
0.0020,96.0,-0.0006929604631498149,-0.0006929943997671207,-0.0007743111049011301,0.999886744071543,0.9999999999845616,-4.794753792071207e-16,2615.986334145909,1.4761883453507794e-07,0.7426186038419872
0.0020,96.8,-0.001263790771835558,-0.0012638377152328355,-0.000639742558751975,0.9999092575566862,0.9999999999836986,0.0,2615.986338333699,1.626107444016446e-07,0.7426154243142776
0.0020,97.60000000000001,-0.0016980601726119381,-0.0016981297800476994,-0.0004360571712772424,0.9999424711232658,0.9999999999828427,-1.5982512640237355e-16,2615.986387947421,1.76189782814754e-07,0.7426070337371945
0.0020,98.4,-0.0019488531705042472,-0.0019489526983666532,-0.00018526447598971396,0.999971648201062,0.9999999999820085,-1.5982512640237355e-16,2615.9863946478586,1.9521570964571513e-07,0.7426079916697148
0.0020,99.2,-0.0019890954757137537,-0.001989207649307939,8.554927877979109e-05,0.999976630877975,0.9999999999811929,-1.5982512640237355e-16,2615.986346610488,2.1213197571495325e-07,0.7426167728097337
0.0020,100.0,-0.001814444840406799,-0.001814539408026961,0.0003471273679207079,0.9999633461601067,0.9999999999804273,-3.196502528047471e-16,2615.986329488088,2.3049399931353078e-07,0.7426178949450346
0.0020,100.8,-0.001443755350065274,-0.0014438178756445942,0.0005711972569731154,0.9999350023148232,0.9999999999797238,-4.794753792071207e-16,2615.986373731463,2.5466175859170927e-07,0.7426090304802917
0.0020,101.60000000000001,-0.0009170669651831224,-0.00091710182126102,0.000733547293447112,0.9998964445938179,0.9999999999791019,-4.794753792071207e-16,2615.9864005514637,2.737921956272908e-07,0.742605841214712
0.0020,102.4,-0.0002912869053116005,-0.00029130107248285397,0.0008166439730591977,0.9998734366905836,0.9999999999786209,-4.794753792071207e-16,2615.9863622937796,2.985557520873418e-07,0.7426142767023726
0.0020,103.2,0.00036596698305779973,0.00036597249944965573,0.0008115087657627144,0.9998740434008082,0.9999999999782626,-3.196502528047471e-16,2615.9863270802475,3.272827920165625e-07,0.7426192823010581
0.0020,104.0,0.000983671462251864,0.0009837042452618787,0.0007186940254435306,0.9998921458433445,0.9999999999780949,-1.5982512640237355e-16,2615.9863575198324,3.494677245020047e-07,0.7426117419593875
0.0020,104.8,0.0014950814852005298,0.001495153066953613,0.0005482329033542565,0.9999292025584415,0.9999999999781355,-4.794753792071207e-16,2615.986399440869,3.8180723377816183e-07,0.7426052591022309
0.0020,105.60000000000001,0.0018449575292679733,0.0018450636989734,0.00031854125577496966,0.9999659419736098,0.9999999999783872,-3.196502528047471e-16,2615.9863783019478,4.151195890960937e-07,0.7426116038778614
0.0020,106.4,0.0019955157675405314,0.0019956286181958805,5.442628454291026e-05,0.9999803330445431,0.9999999999789362,-4.794753792071207e-16,2615.98633167603,4.414721210637896e-07,0.7426193457336445
0.0020,107.2,0.0019304812127414537,0.0019305745859927535,-0.00021557328212068824,0.9999750863859751,0.9999999999797662,-4.794753792071207e-16,2615.986342464684,4.826278715164628e-07,0.7426146659545525
0.0020,108.0,0.0016568602530821286,0.0016569316439899355,-0.0004622747526713529,0.9999486331368714,0.9999999999809316,-4.794753792071207e-16,2615.986391487966,5.210142149253924e-07,0.7426061224260533
0.0020,108.8,0.0012042134466475505,0.0012042706528995022,-0.0006590262035827053,0.9999072750149557,0.9999999999824786,-1.5982512640237355e-16,2615.986391451647,5.523259516561059e-07,0.7426089313666466
0.0020,109.60000000000001,0.0006214569708864858,0.0006214983330608698,-0.0007845781833968379,0.999878513554533,0.9999999999844249,-6.393005056094942e-16,2615.986342256581,6.037962393666183e-07,0.7426179262636493
0.0020,110.4,-2.8437795261010276e-05,-2.8423387957075935e-05,-0.0008253630393410703,0.9998706028850216,0.9999999999868322,-6.393005056094942e-16,2615.9863313933147,6.477679356948115e-07,0.7426171976929578
0.0020,111.2,-0.0006752484633132137,-0.0006752742780458828,-0.000776971767225989,0.9998821217706129,0.9999999999897234,-6.393005056094942e-16,2615.986378198205,6.841068885640293e-07,0.7426082197913676
0.0020,112.0,-0.0012490958019045664,-0.001249167115085206,-0.000644636792526739,0.9999169612131489,0.9999999999931871,-6.393005056094942e-16,2615.986399249215,7.479735077211548e-07,0.7426068874939957
0.0020,112.8,-0.001687997315799146,-0.0016880982540212648,-0.00044265235841428987,0.9999545108550165,0.9999999999972168,-3.196502528047471e-16,2615.9863569594613,7.966275650751547e-07,0.7426155438796972
0.0020,113.60000000000001,-0.0019445388715277415,-0.0019446403123511745,-0.0001928349635615856,0.9999744301139698,1.0000000000018685,-6.393005056094942e-16,2615.98632656142,8.391197957089798e-07,0.7426189598159815
0.0020,114.4,-0.0019909835826701825,-0.001991071843973374,7.781679479710504e-05,0.9999779028964358,1.0000000000072675,-6.393005056094942e-16,2615.9863621064706,9.156484435250729e-07,0.7426110887059295
0.0020,115.2,-0.001822298079081365,-0.0018223805531580462,0.0003400525002489562,0.9999583944202574,1.0000000000133076,-4.794753792071207e-16,2615.986400208702,9.692722685908141e-07,0.7426057833644295
0.0020,116.0,-0.0014567172435649247,-0.0014567969565611146,0.0005655469955705879,0.9999214841825915,1.0000000000201388,-4.794753792071207e-16,2615.9863729074345,1.0183158409817378e-06,0.7426125011554684
0.0020,116.8,-0.0009337542671436785,-0.0009338169675095843,0.0007299439109494332,0.9998923658655146,1.0000000000278544,-1.5982512640237355e-16,2615.986328687637,1.1066265560724405e-06,0.742619357428255
0.0020,117.60000000000001,-0.0003099153503104312,-0.0003099421457212439,0.000815475498183571,0.9998768137961508,1.0000000000362337,-3.196502528047471e-16,2615.986346172494,1.167183412298251e-06,0.7426140281153752
0.0020,118.4,0.0003474006757670312,0.00034742060810276446,0.0008128985013629714,0.9998781296775987,1.0000000000455378,-3.196502528047471e-16,2615.986394086123,1.2214606077706448e-06,0.7426058846322112
0.0020,119.2,0.0009671852637183377,0.0009672477088626263,0.0007224948883216327,0.9999040592200806,1.0000000000557787,-3.196502528047471e-16,2615.9863870068434,1.32145337660804e-06,0.7426095011291504
0.0020,120.0,0.0014824872918033707,0.0014825711339867742,0.0005540278854356543,0.9999363361528683,1.0000000000666314,-4.794753792071207e-16,2615.9863374689435,1.3909743374108068e-06,0.7426184553759395
0.0020,120.8,0.0018376249495979768,0.0018377096408782006,0.0003256965403244647,0.9999596632705996,1.0000000000784899,-1.5982512640237355e-16,2615.9863335291466,1.4490665154710537e-06,0.7426166801563757
0.0020,121.60000000000001,0.001994205753013369,0.0019942919706307837,6.21800163702166e-05,0.9999738333570773,1.0000000000912344,-3.196502528047471e-16,2615.986382063061,1.5603668329268858e-06,0.7426073074770538
0.0020,122.4,0.0019353088312853478,0.001935406181887986,-0.0002080473847733086,0.9999663563177457,1.0000000001044425,-1.5982512640237355e-16,2615.986396606848,1.6403736947330666e-06,0.7426070523033618
0.0020,123.2,0.001667316752153172,0.0016674162789278202,-0.0004558002416116228,0.9999395721053275,1.0000000001186269,0.0,2615.986351119665,1.7021781097474774e-06,0.7426162576088894
0.0020,124.0,0.001219195145226238,0.0012192716612197906,-0.0006543132451607533,0.9999130166455626,1.0000000001335463,-3.196502528047471e-16,2615.986326367405,1.8228604398653845e-06,0.7426183836959587
0.0020,124.8,0.0006393548144217595,0.0006393896563660823,-0.0007821298454244992,0.9998893271462298,1.0000000001486842,-1.5982512640237355e-16,2615.986366317856,1.9146669886204984e-06,0.7426096253199401
0.0020,125.60000000000001,-9.564857941122039e-06,-9.57452222228025e-06,-0.0008254397410469815,0.9998773572940791,1.0000000001646594,-4.794753792071207e-16,2615.9863997154894,1.981639271092479e-06,0.742605527450596
0.0020,126.4,-0.000657460844733161,-0.0006575042631021197,-0.0007795674070787705,0.9998900988967494,1.000000000181139,-1.5982512640237355e-16,2615.986366885262,2.1075451779249333e-06,0.7426132652393083
0.0020,127.2,-0.00123433471436592,-0.001234394705469773,-0.0006494651687131972,0.9999142013283349,1.0000000001975045,0.0,2615.986326139197,2.212033433763133e-06,0.7426190194163395
0.0020,128.0,-0.001677843637620727,-0.0016779137606975814,-0.00044919016546992127,0.9999405350996837,1.0000000002144422,0.0,2615.986349912549,2.286988203655263e-06,0.7426125811131582
0.0020,128.8,-0.0019400535980263565,-0.0019401437659195178,-0.00020038945780721215,0.9999666534348536,1.0000000002316136,-1.5982512640237355e-16,2615.9863957078446,2.4127452971663366e-06,0.7426053509107648
0.0020,129.6,-0.0019926452646672104,-0.0019927577182601163,7.005822080689592e-05,0.9999733470305413,1.0000000002482807,0.0,2615.9863818323543,2.529103033156274e-06,0.7426101143099073
0.0020,130.4,-0.001829957504163613,-0.0018300693625493021,0.00033294377904191555,0.9999586077524807,1.0000000002651563,1.5982512640237355e-16,2615.9863328215793,2.61604916447161e-06,0.7426183827429734
0.0020,131.2,-0.0014695676781122879,-0.0014696503064613817,0.0005598612869639339,0.999935251839658,1.0000000002819849,0.0,2615.986335743304,2.7366283325284592e-06,0.7426154039123615
0.0020,132.0,-0.0009503996022087002,-0.0009504422349169197,0.0007262842640716058,0.9999034419481305,1.00000000029791,-1.5982512640237355e-16,2615.986385201504,2.8610729443373153e-06,0.7426063695807803
0.0020,132.8,-0.0003285384137127725,-0.0003285461020036474,0.0008142343762205666,0.999878231870396,1.0000000003135885,0.0,2615.98639292658,2.9644072178891726e-06,0.7426073108719076
0.0020,133.6,0.0003288289982236727,0.0003288464630750914,0.0008142134535531609,0.9998775971592054,1.0000000003289653,-1.5982512640237355e-16,2615.9863449558507,3.0776198122665607e-06,0.7426165834896619
0.0020,134.4,0.0009506719740457544,0.000950708574730966,0.0007262201855657408,0.9998934472281965,1.0000000003430816,-3.196502528047471e-16,2615.986326505522,3.2027590651988403e-06,0.7426176617318047
0.0020,135.2,0.001469788796961454,0.0014698506968980098,0.0005597638129574025,0.9999223636161746,1.000000000356452,1.5982512640237355e-16,2615.986370217441,3.325540408588366e-06,0.7426086026578338
0.0020,136.0,0.0018300888640152768,0.0018301858986309375,0.0003328347403278713,0.9999587145747111,1.0000000003692888,0.0,2615.9863980736814,3.4339516449793492e-06,0.7426055845643104
0.0020,136.8,0.0019926641857535374,0.0019927854022857745,6.994441035957623e-05,0.9999775488545414,1.000000000380617,0.0,2615.9863602846426,3.5502956759525718e-06,0.7426140409393986
0.0020,137.6,0.001939963265363801,0.0019400769136888737,-0.0002005114513331307,0.9999735725721329,1.000000000390689,-1.5982512640237355e-16,2615.9863238977173,3.6913277045434164e-06,0.7426188925192205
0.0020,138.4,0.0016776672684196143,0.0016777508164048521,-0.00044930371587005065,0.9999535550562664,1.000000000400017,-1.5982512640237355e-16,2615.9863534771434,3.8029313165251635e-06,0.7426114975040975
0.0020,139.20000000000002,0.0012340997507653958,0.0012341534049611017,-0.0006495443856018968,0.9999162925289017,1.0000000004077305,3.196502528047471e-16,2615.986396125688,3.902469869889454e-06,0.7426050595727083
0.0020,140.0,0.0006571853661281601,0.0006572162952263571,-0.0007796052126121491,0.9998819494740695,1.000000000413738,0.0,2615.986375635588,4.0539393454981004e-06,0.7426110561887823
0.0020,140.8,9.262924832185403e-06,9.272155854350893e-06,-0.0008254377024225143,0.9998709938816953,1.0000000004187801,1.5982512640237355e-16,2615.9863282495844,4.179661327914859e-06,0.7426188047148214
0.0020,141.6,-0.0006396545074753352,-0.0006396735991568437,-0.0007820859084365096,0.9998792683809525,1.00000000042226,1.5982512640237355e-16,2615.9863381054706,4.26088318619703e-06,0.7426145732126165
0.0020,142.4,-0.0012194471226704073,-0.0012195061247338977,-0.0006542362306194469,0.999908081118311,1.0000000004237057,1.5982512640237355e-16,2615.986387384189,4.408421560425118e-06,0.7426059886640114
0.0020,143.20000000000002,-0.0016674807740743082,-0.001667581155943255,-0.00045570472342022533,0.9999492734287182,1.0000000004239338,0.0,2615.986388125195,4.556725176985917e-06,0.7426083960250722
0.0020,144.0,-0.0019353688756346826,-0.0019354875311112729,-0.00020793305900748297,0.9999752914955607,1.0000000004227714,0.0,2615.986338808634,4.62816961670408e-06,0.7426175786534175
0.0020,144.8,-0.0019941679810445362,-0.0019942740989320677,6.231142902669672e-05,0.999980020011964,1.0000000004194456,3.196502528047471e-16,2615.9863269625434,4.75534371204622e-06,0.7426172800549061
0.0020,145.6,-0.0018375039400406984,-0.0018375878453919326,0.00032581944499343883,0.9999652604593504,1.0000000004146232,1.5982512640237355e-16,2615.986373425959,4.925554475283528e-06,0.7426080942982262
0.0020,146.4,-0.0014822940813782606,-0.0014823634311753183,0.0005541176238910413,0.9999283087761476,1.0000000004086218,4.794753792071207e-16,2615.986395249878,5.0047414051825355e-06,0.7426063967917992
0.0020,147.20000000000002,-0.0009669268799881165,-0.000966982609318088,0.0007225493803959382,0.999891421139073,1.0000000004005523,1.5982512640237355e-16,2615.986353283756,5.101256093941256e-06,0.7426152645307301
0.0020,148.0,-0.0003470947832643533,-0.0003471255130180613,0.0008129181748635058,0.9998738278144286,1.000000000390728,1.5982512640237355e-16,2615.9863219540534,5.280177544320035e-06,0.7426189712724991
0.0020,148.8,0.00031022843025337976,0.0003102370961653506,0.0008154551194437512,0.9998737714024374,1.0000000003798875,3.196502528047471e-16,2615.9863568235273,5.386224845480575e-06,0.7426109714507754
0.0020,149.6,0.0009340245812702863,0.0009340809452288839,0.0007298886594004539,0.9998972743845582,1.0000000003672898,1.5982512640237355e-16,2615.9863955350106,5.455844713301695e-06,0.742605574510775
0.0020,150.4,0.001456911247033473,0.0014570056241177542,0.0005654641473666782,0.9999359839835437,1.000000000352771,1.5982512640237355e-16,2615.9863688878804,5.621335954567084e-06,0.7426125009025096
0.0020,151.20000000000002,0.0018224062509380851,0.0018225109021372916,0.0003399391085873772,0.9999640223947527,1.0000000003372695,3.196502528047471e-16,2615.986324131378,5.76381106940998e-06,0.7426195064768654
0.0020,152.0,0.001991006957406697,0.0019911015030451796,7.768241388176944e-05,0.9999767655757374,1.0000000003204426,1.5982512640237355e-16,2615.986340725706,5.826336405459823e-06,0.7426141820985209
0.0020,152.8,0.0019444763219090156,0.0019445641279039303,-0.00019295999445398675,0.999971140675016,1.0000000003017153,0.0,2615.986388822619,5.958507376040112e-06,0.7426060721761467
0.0020,153.6,0.0016878449390391153,0.0016879328068907138,-0.0004427498101803562,0.9999414904477025,1.0000000002819134,-1.5982512640237355e-16,2615.986382555585,6.128857843606706e-06,0.7426096730753102
0.0020,154.4,0.0012488573584581338,0.0012489340002617524,-0.0006447091282868665,0.999908238893132,1.0000000002611953,0.0,2615.986332862712,6.211943380304926e-06,0.7426185907823277
0.0020,155.20000000000002,0.0006749497988312645,0.0006749941790886903,-0.0007770149912203572,0.999886138095456,1.0000000002388072,0.0,2615.9863279155043,6.306598353049492e-06,0.7426169619137226
0.0020,156.0,2.812649565372157e-05,2.81241140162019e-05,-0.0008253667893872122,0.9998754561182839,1.000000000215195,1.5982512640237355e-16,2615.9863762417576,6.479688802693525e-06,0.7426077347738708
0.0020,156.8,-0.000621736128993309,-0.0006217848885638829,-0.0007845435907501175,0.999887927171906,1.0000000001909315,0.0,2615.9863915987476,6.603133993303899e-06,0.742607385430144
0.0020,157.6,-0.0012044390461593227,-0.0012045152759248986,-0.0006589555577377957,0.9999179511109008,1.0000000001653981,-1.5982512640237355e-16,2615.9863463984793,6.678012516982723e-06,0.7426165770945314
0.0020,158.4,-0.0016570225475636175,-0.0016571044460740186,-0.0004621664537107422,0.9999448850469649,1.0000000001385518,0.0,2615.9863208265656,6.825598503853829e-06,0.7426189776035557
0.0020,159.20000000000002,-0.0019305643551133212,-0.0019306503834805352,-0.00021544388164430517,0.9999664083604106,1.0000000001110996,-1.5982512640237355e-16,2615.9863602189034,6.98724608874576e-06,0.7426104215403444
0.0020,160.0,-0.001995503159421923,-0.0019956024718579637,5.454787073890713e-05,0.9999736874970802,1.0000000000828104,1.5982512640237355e-16,2615.986394259173,7.074423194110462e-06,0.7426062094239013
0.0020,160.8,-0.0018448418573484549,-0.0018449472815758746,0.0003186459251566688,0.9999564173104111,1.00000000005329,0.0,2615.9863621058125,7.184060276985537e-06,0.7426135441378685
0.0020,161.6,-0.0014948715126331862,-0.0014949581866281513,0.0005483240953051433,0.9999302658632789,1.0000000000230531,-1.5982512640237355e-16,2615.9863207384637,7.358377795396492e-06,0.7426195955134712
0.0020,162.4,-0.0009833989904238555,-0.0009834451812501372,0.0007187600974215267,0.9999041140153777,0.9999999999922833,0.0,2615.9863435259304,7.484389296552716e-06,0.7426141338206396
0.0020,163.20000000000002,-0.0003656721609373807,-0.0003656761895079617,0.0008115344457633041,0.9998810080385758,0.9999999999605291,0.0,2615.9863896255383,7.5704389606334225e-06,0.7426061063152971
0.0020,164.0,0.0002915776197651188,0.0002916011311872022,0.0008166281676401604,0.9998792811112378,0.9999999999279248,1.5982512640237355e-16,2615.986376699594,7.724282238201366e-06,0.7426087009169963
0.0020,164.8,0.0009173323864615475,0.0009173729000364709,0.0007334901682772596,0.999897786313196,0.9999999998948814,1.5982512640237355e-16,2615.9863276132864,7.890865964917533e-06,0.7426191268089395
0.0020,165.6,0.0014439636490848789,0.0014440265991420152,0.0005711000039638206,0.9999226698146105,0.9999999998611788,-1.5982512640237355e-16,2615.986329645366,7.986909122243896e-06,0.7426203682899132
0.0020,166.4,0.0018145643736222588,0.001814660335336837,0.00034700979419460446,0.9999533007923073,0.9999999998266049,1.5982512640237355e-16,2615.9863789012225,8.103375838156373e-06,0.7426074577438827
0.0020,167.20000000000002,0.001989114274399057,0.001989234505479608,8.543372012517541e-05,0.999974347421206,0.9999999997914918,0.0,2615.9863874358757,8.284234881350993e-06,0.7426016294538663
0.0020,168.0,0.0019487793868850696,0.001948888669562588,-0.00018537724509930947,0.9999705899696345,0.999999999755963,0.0,2615.9863398077773,8.419435936736139e-06,0.7426149011638252
0.0020,168.8,0.001697904747658539,0.0016979760734056322,-0.00043616668422655815,0.9999521415344419,0.9999999997197208,0.0,2615.986320456081,8.512289073597925e-06,0.7426271811538347
0.0020,169.6,0.0012635614953110212,0.001263604273741464,-0.0006398281277737128,0.9999224295713405,0.9999999996827961,-1.5982512640237355e-16,2615.986363603649,8.671484416450506e-06,0.7426149249562671
0.0020,170.4,0.0006926776655664808,0.000692708583765762,-0.0007743552579342569,0.9998880724396975,0.9999999996455048,-1.5982512640237355e-16,2615.9863922877844,8.847191755941024e-06,0.7425983239112498
0.0020,171.20000000000002,4.69590304516428e-05,4.69719017909924e-05,-0.0008252197921632923,0.9998732525241193,0.9999999996077413,0.0,2615.98635531246,8.951984771947679e-06,0.7426065676569179
0.0020,172.0,-0.0006038229585289939,-0.0006038393935659013,-0.0007869248962439257,0.9998807658769285,0.9999999995692652,0.0,2615.986318412908,9.072504003164884e-06,0.7426224994867604
0.0020,172.8,-0.0011893580878869312,-0.0011894083102203664,-0.0006636064319042873,0.9999031640033466,0.9999999995303112,-1.5982512640237355e-16,2615.986347020623,9.259274547664331e-06,0.7426195359968984
0.0020,173.6,-0.0016463804269167047,-0.0016464690598491595,-0.0004685942301462223,0.9999405897528644,0.9999999994910697,-3.196502528047471e-16,2615.986389899491,9.405033694577977e-06,0.7426059373896504
0.0020,174.4,-0.0019255262391125476,-0.001925643182413118,-0.00022295628181967075,0.999972084101237,0.9999999994512502,-1.5982512640237355e-16,2615.9863704841664,9.50399263199984e-06,0.7426088203503277
0.0020,175.20000000000002,-0.0019966500407605893,-0.0019967657546522293,4.6777916728355725e-05,0.9999794250277126,0.9999999994108069,-3.196502528047471e-16,2615.9863228827885,9.664666790416185e-06,0.7426215292677553
0.0020,176.0,-0.0018520539515424273,-0.0018521465820258518,0.0003114624059357305,0.9999682393234668,0.9999999993700931,-3.196502528047471e-16,2615.986331474195,9.848571972768607e-06,0.7426147231421687
0.0020,176.8,-0.001507347572030913,-0.001507412060597907,0.0005424888896667147,0.9999375000446127,0.9999999993290383,0.0,2615.986380926214,9.964060097045834e-06,0.7426007120334619
0.0020,177.6,-0.0009997767861343175,-0.0009998137399831546,0.0007148990433835298,0.9998968610108432,0.9999999992873417,0.0,2615.9863830336303,1.0085460985664547e-05,0.7426050168797351
0.0020,178.4,-0.00038417730605426454,-0.00038419403903271594,0.0008100724509981236,0.9998734800019619,0.9999999992452375,0.0,2615.986333903882,1.0273553210187905e-05,0.7426189568563912
0.0020,179.20000000000002,0.00027293463296994703,0.00027293551327891045,0.0008177234697305743,0.9998718363339069,0.999999999202958,0.0,2615.986321040114,1.0431585113182552e-05,0.7426241433860749
0.0020,180.0,0.0009005390956677563,0.0009005757520715861,0.0007370241974359079,0.999889849723813,0.9999999991602003,0.0,2615.986367108734,1.0537161748865332e-05,0.7426144425817882
0.0020,180.8,0.0014308321268356684,0.0014309156683897525,0.0005766981283653497,0.9999285611110114,0.9999999991169017,0.0,2615.986389700568,1.069350966693782e-05,0.7426054148017214
0.0020,181.6,0.001806553265237489,0.0018066575379088242,0.0003540628091648449,0.9999642420254384,0.9999999990734241,1.5982512640237355e-16,2615.986348439748,1.088362978833574e-05,0.7426109309174275
0.0020,182.4,0.001987110464369737,0.0019872008506966834,9.316558852126156e-05,0.9999790969319925,0.999999999029701,1.5982512640237355e-16,2615.9863164211956,1.101285177222074e-05,0.7426151749878115
0.0020,183.20000000000002,0.0019529588881238447,0.0019530350976820518,-0.00017779749737129348,0.9999757696597115,0.9999999989854421,1.5982512640237355e-16,2615.9863500568836,1.1132537839520677e-05,0.7426088844263762
0.0020,184.0,0.0017077732107122186,0.0017078558943400836,-0.00042954244101790594,0.9999490031055485,0.9999999989408732,1.5982512640237355e-16,2615.986389229817,1.1316436079051402e-05,0.7426052315242835
0.0020,184.8,0.0012780707147360272,0.0012781576922999147,-0.0006348772716938973,0.9999092978279068,0.999999998896215,-1.5982512640237355e-16,2615.9863638563425,1.1487846059368061e-05,0.7426078896332147
0.0020,185.6,0.000710301253701017,0.0007103639391319918,-0.000771623077484623,0.9998826196475785,0.9999999988511917,0.0,2615.9863186472558,1.1601918015694703e-05,0.742617479048217
0.0020,186.4,6.58040216602851e-05,6.58185464891181e-05,-0.00082500011904531,0.9998727158073079,0.9999999988057373,0.0,2615.986334241541,1.1749255483360408e-05,0.7426257940169233
0.0020,187.20000000000002,-0.0005858005853873915,-0.000585838535375218,-0.0007892403610333805,0.9998825331856462,0.9999999987601751,1.5982512640237355e-16,2615.986382980367,1.194217919547891e-05,0.7426160356094768
0.0020,188.0,-0.0011741225706736694,-0.0011742008684078019,-0.0006682106490201045,0.9999154747706503,0.9999999987144733,0.0,2615.9863779457796,1.2087835223953767e-05,0.7426063742744042
0.0020,188.8,-0.0016356050686154346,-0.001635699956710692,-0.0004749820284606985,0.9999490121462293,0.9999999986683754,0.0,2615.9863282413344,1.2205672470590032e-05,0.7426120915876763
0.0020,189.6,-0.001920373535830953,-0.0019204693814181364,-0.0002304289071642796,0.9999690477734291,0.9999999986220381,0.0,2615.986322126215,1.2379958089553832e-05,0.7426123797779525
0.0020,190.4,-0.001997638323589815,-0.00199774063641688,3.901627121968276e-05,0.9999757808389844,0.9999999985756708,-1.5982512640237355e-16,2615.986369756113,1.2563492547869576e-05,0.7426032692595672
0.0020,191.20000000000002,-0.0018590633533466026,-0.0018591709350368505,0.000304238598481621,0.9999588141248341,0.9999999985290828,-3.196502528047471e-16,2615.9863858329636,1.2689232061698516e-05,0.7426058761601159
0.0020,192.0,-0.0015196463778850374,-0.0015197337569045825,0.0005365932168413122,0.9999265422322212,0.9999999984821805,-1.5982512640237355e-16,2615.9863412787677,1.2825401808957163e-05,0.7426152750721752
0.0020,192.8,-0.0010160541205898625,-0.0010160983196877353,0.00071097826208833,0.9999000227185213,0.9999999984351997,-1.5982512640237355e-16,2615.986314757585,1.301551303655023e-05,0.7426146631698485
0.0020,193.6,-0.00040268042256405546,-0.0004026775554713259,0.0008085448911732033,0.9998811745793323,0.9999999983881747,-1.5982512640237355e-16,2615.986353103102,1.3178432463240692e-05,0.7426119162457647
0.0020,194.4,0.0002542120607641609,0.0002542502637173838,0.0008187518079281615,0.999878700624964,0.9999999983408991,-3.196502528047471e-16,2615.9863881056544,1.329741989905127e-05,0.7426110032698497
0.0020,195.20000000000002,0.0008836620706640574,0.0008837085975261089,0.0007404991245693007,0.9999002547263967,0.9999999982934354,0.0,2615.9863573727457,1.3457527033064245e-05,0.742614566782526
0.0020,196.0,0.0014176519572045416,0.001417687879441027,0.0005822367288828583,0.9999278197787212,0.999999998245983,-3.196502528047471e-16,2615.9863152072076,1.3648108435745814e-05,0.7426256450397245
0.0020,196.8,0.0017984482399327976,0.0017984917329967078,0.0003610648436382659,0.9999525851317633,0.9999999981984492,-3.196502528047471e-16,2615.986336673263,1.3788805834237635e-05,0.7426214961180932
0.0020,197.6,0.001984892268166947,0.0019849785450899954,0.00010088901353007782,0.9999716259726822,0.9999999981506927,-4.794753792071207e-16,2615.9863835973933,1.3915287020238583e-05,0.7426053145148934
0.0020,198.4,0.0019568742337220083,0.0019570051845956564,-0.00017018310115657687,0.9999682985382896,0.9999999981028675,-3.196502528047471e-16,2615.9863717488106,1.4095384533961601e-05,0.7426057554735578
0.0020,199.20000000000002,0.001717459237301233,0.0017175925451891594,-0.00042287496920282873,0.9999468431031376,0.99999999805509,-1.5982512640237355e-16,2615.986321992759,1.4272845186655604e-05,0.7426092692049099
0.0020,200.0,0.0012925103696112485,0.0012926020216031161,-0.0006298821308030156,0.9999216272121593,0.9999999980072019,-4.794753792071207e-16,2615.986323290675,1.439831443551384e-05,0.7426020478898966
0.0020,200.8,0.0007279153343446419,0.0007279516705311329,-0.0007688300821703342,0.9998930852734965,0.9999999979591578,-3.196502528047471e-16,2615.9863727543498,1.4542175920153266e-05,0.7426016371160558
0.0020,201.6,8.466069192123302e-05,8.465155273092367e-05,-0.0008247090719690091,0.9998765765776573,0.9999999979111471,-1.5982512640237355e-16,2615.986381749993,1.4731331036607104e-05,0.7426093019076158
0.0020,202.4,-0.0005677571787461718,-0.0005677942474940957,-0.0007914847944474725,0.9998847118520625,0.9999999978631814,-3.196502528047471e-16,2615.9863346592624,1.4888458070301446e-05,0.74261681023909
0.0020,203.20000000000002,-0.0011588361050537193,-0.0011588926432743222,-0.0006727430102163941,0.9999053512128543,0.9999999978150935,-3.196502528047471e-16,2615.986314775822,1.5010444709087696e-05,0.7426239753594444
0.0020,204.0,-0.0016246931575453066,-0.0016247776258365787,-0.0004813161632126271,0.9999348806325289,0.999999997766947,-1.5982512640237355e-16,2615.9863563008507,1.5173940230405294e-05,0.7426235020730392
0.0020,204.8,-0.0019150032452009123,-0.0019151167429614852,-0.00023789296528299394,0.9999660447573427,0.9999999977189099,-1.5982512640237355e-16,2615.9863853634993,1.5359117604814867e-05,0.7426145525680187
0.0020,205.6,-0.0019984295729554773,-0.001998544183534731,3.1233390937079737e-05,0.999976256079463,0.999999997670887,-1.5982512640237355e-16,2615.9863498497334,1.5496755602970694e-05,0.7426122975134268
0.0020,206.4,-0.001865957143822166,-0.0018660418181854752,0.0002969935615016179,0.9999655117999463,0.9999999976227633,-1.5982512640237355e-16,2615.9863114263158,1.5626502838364926e-05,0.7426184069140724
0.0020,207.20000000000002,-0.0015318688778332631,-0.0015319212149841083,0.0005306661261321691,0.9999417519242224,0.9999999975746954,0.0,2615.98633827234,1.5804421375140004e-05,0.7426128901233654
0.0020,208.0,-0.0010322494406602247,-0.0010322851863873853,0.0007069970980163497,0.9999051607420555,0.9999999975267695,-3.196502528047471e-16,2615.9863829491396,1.5975511811449245e-05,0.7425985779226122
0.0020,208.8,-0.0004210904450380205,-0.00042111955834892706,0.0008069409603116515,0.9998769177510418,0.9999999974788242,0.0,2615.98636511634,1.610073414783044e-05,0.7426046832015487
0.0020,209.6,0.0002355625310838503,0.00023554451304630343,0.0008197022023473965,0.9998733003751108,0.9999999974308458,-1.5982512640237355e-16,2615.986316568722,1.624484215233053e-05,0.742619928828759
0.0020,210.4,0.000866744275248612,0.0008667588287232359,0.0007438983256622659,0.9998872050130336,0.9999999973830211,0.0,2615.986324898426,1.642761962574701e-05,0.7426118173480666
0.0020,211.20000000000002,0.0014042513041126658,0.0014043243972031252,0.0005877231860259679,0.9999193670648682,0.999999997335326,-3.196502528047471e-16,2615.9863752879014,1.6580274245704248e-05,0.7426027930044737
0.0020,212.0,0.0017900390536571998,0.0017901643037467282,0.0003680532166952351,0.9999587320187813,0.9999999972876087,1.5982512640237355e-16,2615.9863776187653,1.6702554922294307e-05,0.7426139122556977
0.0020,212.8,0.001982460103725507,0.001982591648880485,0.00010861301113954463,0.9999787137903295,0.9999999972399578,-1.5982512640237355e-16,2615.9863281606317,1.686161164316098e-05,0.7426154659460948
0.0020,213.6,0.001960706331598652,0.0019608100250699994,-0.00016256937515114625,0.9999771764421198,0.9999999971925131,0.0,2615.986314743045,1.7039282361824244e-05,0.7426075672569435
0.0020,214.4,0.0017270909282436036,0.0017271712169833425,-0.0004161831349243095,0.999956363202047,0.9999999971451661,1.5982512640237355e-16,2615.9863599934147,1.7174911133921293e-05,0.7426128406539344
0.0020,215.20000000000002,0.0013068578458941263,0.0013069238948976967,-0.0006248242834156117,0.9999164847859167,0.9999999970978382,1.5982512640237355e-16,2615.986382620975,1.7302528409936105e-05,0.7426125098818571
0.0020,216.0,0.0007454319117084063,0.0007454749387835431,-0.0007659593999704081,0.999882429781532,0.9999999970506742,0.0,2615.986342066256,1.7472181378702366e-05,0.7426072460632978
0.0020,216.8,0.00010347920554825226,0.0001034823863341697,-0.0008243404800575883,0.9998702959779392,0.9999999970037233,0.0,2615.986309546551,1.763729172095576e-05,0.7426217921491618
0.0020,217.6,-0.0005496426851251693,-0.0005496910108053326,-0.0007936557230916242,0.9998770469198608,0.9999999969568512,0.0,2615.9863419534277,1.7761257846048933e-05,0.7426275419955503
0.0020,218.4,-0.001143382345523116,-0.0011434741022123376,-0.0006772237311076876,0.9999069697591859,0.9999999969100694,-3.196502528047471e-16,2615.986381483879,1.7899150829047124e-05,0.7426096367506072
0.0020,219.20000000000002,-0.001613613141110396,-0.001613714865214066,-0.0004876240788091924,0.99994731448159,0.9999999968635209,-3.196502528047471e-16,2615.9863576378475,1.807227051650697e-05,0.7426133412948236
0.0020,220.0,-0.0019095291479669027,-0.001909605194259567,-0.00024533372587807133,0.999972367718456,0.9999999968171707,0.0,2615.9863121774565,1.8221234693795306e-05,0.7426309556192583
0.0020,220.8,-0.001999121423055193,-0.0019991709024848505,2.346734892765788e-05,0.9999792282710342,0.9999999967709069,-1.5982512640237355e-16,2615.98632578306,1.834055689091571e-05,0.7426161902670689
0.0020,221.6,-0.001872680845552616,-0.001872736396090995,0.000289725921791285,0.9999655547632207,0.99999999672481,-1.5982512640237355e-16,2615.986374648325,1.8489640924813732e-05,0.742597332008753
0.0020,222.4,-0.0015438881730755892,-0.001543968079302151,0.000524676585865823,0.9999296217393038,0.9999999966789814,-1.5982512640237355e-16,2615.9863718734982,1.8658572473480756e-05,0.7426073759106084
0.0020,223.20000000000002,-0.0010483015110930656,-0.0010483868053331867,0.0007029444734455116,0.9998956988935,0.9999999966333347,-1.5982512640237355e-16,2615.9863220494326,1.8791788081141076e-05,0.7426110470654647
0.0020,224.0,-0.00043947388076985046,-0.0004395327872881276,0.0008052667091315465,0.9998777395213925,0.9999999965878074,-3.196502528047471e-16,2615.9863141162837,1.8913041249237458e-05,0.7425978433786737
0.0020,224.8,0.00021682042464258813,0.00021681104021790097,0.0008205829922180019,0.999874859402694,0.9999999965425118,-4.794753792071207e-16,2615.986362944644,1.9070592385273154e-05,0.7425986003454562
0.0020,225.6,0.0008496890324155999,0.0008497304648408639,0.0007472420623941998,0.9998966773870138,0.9999999964974952,-1.5982512640237355e-16,2615.9863813695,1.922905874035566e-05,0.7426068293679559
0.0020,226.4,0.0013907756351996146,0.0013908438445867555,0.0005931660752475324,0.9999312836266183,0.999999996452652,-1.5982512640237355e-16,2615.9863357492613,1.9350109466977952e-05,0.7426070905676708
0.0020,227.20000000000002,0.0017816067752437657,0.0017816842460321686,0.00037499604254732444,0.9999567804011098,0.9999999964079771,-1.5982512640237355e-16,2615.9863076282027,1.9477802031405167e-05,0.7426137182620588
0.0020,228.0,0.001979922574175505,0.001980020891857408,0.0001163111696071653,0.999972893778428,0.9999999963635848,-1.5982512640237355e-16,2615.9863472018146,1.9638623189957243e-05,0.7426230942758892
0.0020,228.8,0.001964302187192836,0.0019644295875255167,-0.00015493177693752543,0.999970579305244,0.999999996319464,-3.196502528047471e-16,2615.986382242578,1.978300907794811e-05,0.7426194771259179
0.0020,229.6,0.001736469236468889,0.001736598984031156,-0.00040943569288068543,0.9999453239270845,0.9999999962755202,-1.5982512640237355e-16,2615.9863494685287,1.9897220461502294e-05,0.742618818294278
0.0020,230.4,0.0013210501792669973,0.0013211407164313892,-0.0006197098685995541,0.9999166946879066,0.9999999962318012,-4.794753792071207e-16,2615.986308100102,2.003292640886721e-05,0.7426306843241779
0.0020,231.20000000000002,0.0007629096885108981,0.0007629389513719994,-0.0007630286014363623,0.9998922563483597,0.9999999961883993,-4.794753792071207e-16,2615.986330729455,2.0190974067282232e-05,0.7426307456967609
0.0020,232.0,0.0001223322370772572,0.00012230571564827818,-0.0008239038924286352,0.9998768287458213,0.9999999961452529,-4.794753792071207e-16,2615.9863751601797,2.032074757374104e-05,0.7426144435818282
0.0020,232.8,-0.0005314829886278171,-0.0005315417842009886,-0.0007957625291369373,0.9998850900963936,0.9999999961023001,0.0,2615.9863635119223,2.0433526655398537e-05,0.7426095759191317
0.0020,233.6,-0.001127891834041063,-0.001127960052856582,-0.0006816432464486681,0.999910059584705,0.9999999960596283,-1.5982512640237355e-16,2615.9863175122873,2.0575936759791727e-05,0.7426188688602051
0.0020,234.4,-0.0016024297628620707,-0.0016025076152950176,-0.00049387308248188,0.9999365460787537,0.9999999960172878,-1.5982512640237355e-16,2615.9863169554765,2.072589785316938e-05,0.7426145773612405
0.0020,235.20000000000002,-0.0019038060399495964,-0.0019039118461945722,-0.000252746048447414,0.9999622013343531,0.9999999959751883,-4.794753792071207e-16,2615.9863627938553,2.0843149433905002e-05,0.7425962322637158
0.0020,236.0,-0.001999479353236169,-0.0019996127273570526,1.5681777506950567e-05,0.9999736396936785,0.9999999959333135,-3.196502528047471e-16,2615.9863758167357,2.0958629225522033e-05,0.742594232779601
0.0020,236.8,-0.0018791465406827242,-0.0018792725196649237,0.0002824181853565713,0.9999608914373432,0.9999999958917648,-1.5982512640237355e-16,2615.986331615941,2.11043442786479e-05,0.7426084976619793
0.0020,237.6,-0.0015558072201223158,-0.0015558878188016954,0.0005186489160479755,0.9999384013661288,0.9999999958505432,-4.794753792071207e-16,2615.9863065388454,2.12426888742886e-05,0.7426074884491141
0.0020,238.4,-0.0010643690821481814,-0.0010643954625849212,0.0006988410948747549,0.9999104920167858,0.99999999580956,-3.196502528047471e-16,2615.9863470353434,2.1351116308018358e-05,0.7425954138055891
0.0020,239.20000000000002,-0.00045791444378780465,-0.0004579018543626046,0.0008035229793955814,0.9998823437437944,0.9999999957688427,-3.196502528047471e-16,2615.986381768585,2.1471436386992126e-05,0.7426029280977671
0.0020,240.0,0.00019803307239396823,0.00019806386670694566,0.0008213906583103474,0.9998765215616002,0.9999999957284778,-1.5982512640237355e-16,2615.986345583142,2.161607962286932e-05,0.7426180484559133
0.0020,240.8,0.0008325920918456485,0.000832629635740142,0.0007505114649344423,0.9998900334875391,0.9999999956884246,-1.5982512640237355e-16,2615.986302546967,2.1741441365015798e-05,0.7426146803795461
0.0020,241.6,0.0013771769630777644,0.0013772328049963057,0.0005985425232704033,0.9999144282260534,0.999999995648619,-3.196502528047471e-16,2615.986332000482,2.1845231695579398e-05,0.7426120365882983
0.0020,242.4,0.0017729447971209882,0.0017730344441255637,0.00038191160590648365,0.9999512084365088,0.9999999956091226,-1.5982512640237355e-16,2615.986380000424,2.1970462943496642e-05,0.742623269070295
0.0020,243.20000000000002,0.0019771740096997674,0.0019772758421551955,0.0001240203447237956,0.9999759960702669,0.9999999955699863,-1.5982512640237355e-16,2615.9863585364187,2.2109740695614226e-05,0.7426229383452676
0.0020,244.0,0.001967815234252596,0.00196788691155381,-0.00014727964315313635,0.9999758117194497,0.9999999955311456,-3.196502528047471e-16,2615.986308427285,2.2222750813526607e-05,0.7426153944738733
0.0020,244.8,0.0017458423814263365,0.0017458758910991671,-0.0004026700562933257,0.9999591469792121,0.9999999954925738,0.0,2615.98632064884,2.2325625800912956e-05,0.7426251091930692
0.0020,245.6,0.0013352109390981576,0.001335232111174118,-0.0006145473584732044,0.9999242417612887,0.9999999954543444,-3.196502528047471e-16,2615.9863703574047,2.2454106418223225e-05,0.742627185179473
0.0020,246.4,0.0007802980360368909,0.0007803274828669174,-0.000760024731271133,0.9998873349026235,0.9999999954164714,0.0,2615.9863688567857,2.2584600927702282e-05,0.7426068184149486
0.0020,247.20000000000002,0.00014107778932570308,0.00014111482189815296,-0.0008233893185327038,0.9998716071930297,0.9999999953788822,-4.794753792071207e-16,2615.9863223847665,2.2687403524807866e-05,0.7426077665566909
0.0020,248.0,-0.0005133679717671637,-0.000513344337970769,-0.000797791732363617,0.9998767680534622,0.9999999953415867,-1.5982512640237355e-16,2615.9863125438587,2.279198729488633e-05,0.7426279433517431
0.0020,248.8,-0.0011123217582341188,-0.0011123393143341706,-0.0006859978636514614,0.9999008086167742,0.9999999953046563,-3.196502528047471e-16,2615.986353401494,2.2920919392111143e-05,0.742613037931958
0.0020,249.6,-0.0015910872467222814,-0.0015911539867586072,-0.0005000895182601965,0.9999389246155466,0.9999999952680716,-3.196502528047471e-16,2615.986374226919,2.304056822934218e-05,0.7425881216461506
0.0020,250.4,-0.0018979611682707201,-0.0018980573590522464,-0.00026014985924676135,0.9999700627864787,0.9999999952317699,-3.196502528047471e-16,2615.9863399311903,2.313615012959271e-05,0.7426083361786349
0.0020,251.20000000000002,-0.001999787106539508,-0.0019998879852440236,7.903133418279534e-06,0.9999796451739307,0.9999999951957859,-1.5982512640237355e-16,2615.9863076167508,2.324363063932464e-05,0.7426265232126122
0.0020,252.0,-0.0018855388011144384,-0.0018856395903951036,0.00027510466167335085,0.9999702558053085,0.9999999951601749,-1.5982512640237355e-16,2615.9863329693458,2.3369762565788363e-05,0.7425989091453828
0.0020,252.8,-0.0015675481430084558,-0.0015676579190821967,0.0005125763595454883,0.9999400286204191,0.9999999951248945,-3.196502528047471e-16,2615.9863742650705,2.347802607395901e-05,0.7425893185529635
0.0020,253.6,-0.0010801919506052637,-0.0010803038266328023,0.0006946641158527192,0.9998986016746337,0.9999999950899039,-4.794753792071207e-16,2615.9863571978017,2.356954464470552e-05,0.7426204846644201
0.0020,254.4,-0.0004761473684635487,-0.0004762318030493289,0.0008017023831387109,0.9998743977852588,0.9999999950552538,-4.794753792071207e-16,2615.9863076017805,2.3679692317186484e-05,0.7426218672449137
0.0020,255.20000000000002,0.00017931895861466216,0.0001792947024663693,0.0008221224712659319,0.9998708233449384,0.9999999950209725,-7.991256320118678e-16,2615.986315237144,2.3799983317661722e-05,0.7425965175252168
0.0020,256.0,0.0008153949604365928,0.0008154495563407507,0.0007537172461043718,0.9998879235238575,0.9999999949870061,-6.393005056094942e-16,2615.9863698481836,2.3897686234034717e-05,0.7426084126522061
0.0020,256.8,0.001363384979246169,0.0013635024621687234,0.0006038822592604364,0.9999286332849543,0.9999999949533436,-4.794753792071207e-16,2615.9863708715243,2.3987845968698524e-05,0.7426284350685683
0.0020,257.6,0.0017641085717047197,0.0017642406812708748,0.00038879702220594127,0.9999620106989422,0.9999999949200435,-6.393005056094942e-16,2615.9863140243606,2.4099262028982765e-05,0.74261079384267
0.0020,258.4,0.0019742419494013495,0.001974360035208521,0.00013169582732374714,0.9999756924540878,0.9999999948871046,-7.991256320118678e-16,2615.9863048799602,2.421134831582002e-05,0.7426041744752768
0.0020,259.2,0.0019710408153323605,0.0019711573509156462,-0.0001396268743466156,0.99997441676593,0.9999999948544677,-3.196502528047471e-16,2615.986360714333,2.4300240620189004e-05,0.7426265917843393
0.0020,260.0,0.0017548671660087656,0.0017549873303308425,-0.000395854512151533,0.9999471529041318,0.9999999948221443,-4.794753792071207e-16,2615.9863774105756,2.4390884929464296e-05,0.7426196762102497
0.0020,260.8,0.0013491109321689338,0.0013492067119151073,-0.0006093191562818114,0.9999130159274419,0.9999999947901904,-6.393005056094942e-16,2615.986326201116,2.450149855607475e-05,0.7425975022886092
0.0020,261.6,0.0007976125058811387,0.0007976511979876068,-0.0007569561683671704,0.9998904971270034,0.9999999947585837,-4.794753792071207e-16,2615.9863028650398,2.460407819552977e-05,0.7426162588331129
0.0020,262.4,0.00015994401960957064,0.0001599125571550311,-0.0008228056863859172,0.9998763712652072,0.9999999947272764,-3.196502528047471e-16,2615.9863462287135,2.4686472834582222e-05,0.7426315626761631
0.0020,263.2,-0.0004950163500535381,-0.0004951037833413303,-0.0007997561690571884,0.9998834051204002,0.9999999946962983,-3.196502528047471e-16,2615.9863752876436,2.477843563714371e-05,0.7426011945417779
0.0020,264.0,-0.0010965211151475712,-0.0010966281668513354,-0.0006902983531070032,0.999909975330732,0.9999999946656861,-7.991256320118678e-16,2615.9863423300285,2.488591635061964e-05,0.7425935485554479
0.0020,264.8,-0.001579571041067515,-0.0015796682648180932,-0.0005062549451379556,0.9999390428467938,0.9999999946354006,-4.794753792071207e-16,2615.9863080786963,2.4978721937782596e-05,0.7426286979639202
0.0020,265.6,-0.0018919449718091796,-0.001892032982142315,-0.0002675139654194131,0.9999640420398881,0.9999999946054102,-7.991256320118678e-16,2615.9863282663982,2.505702592593109e-05,0.7426252194614973
0.0020,266.4,-0.00199988250593969,-0.0019999751078044366,1.265100157092211e-07,0.9999751314457093,0.99999999457576,-4.794753792071207e-16,2615.9863664087698,2.5150242836942115e-05,0.7425895295835662
0.0020,267.2,-0.0018917438220812995,-0.0018918348085997343,0.00026775119825904687,0.9999629180174948,0.9999999945464694,-7.991256320118678e-16,2615.9863596507003,2.5252480501531584e-05,0.7426037334907819
0.0020,268.0,-0.0015792347951638793,-0.001579295940054318,0.000506449367606691,0.9999339343636613,0.9999999945174947,-4.794753792071207e-16,2615.986318200399,2.5336133638960696e-05,0.7426357606979285
0.0020,268.8,-0.0010961114408307418,-0.0010961234669310304,0.0006904326259658786,0.9999053640862384,0.9999999944888249,-4.794753792071207e-16,2615.9863109876615,2.541235767369744e-05,0.7426147080259846
0.0020,269.6,-0.0004945497308539288,-0.0004945198955340253,0.0007998178850958554,0.9998838144727227,0.9999999944605009,-4.794753792071207e-16,2615.9863540511956,2.5505895167810694e-05,0.7425925714363197
0.0020,270.4,0.00016046511403308665,0.00016051360312183106,0.0008227862853211555,0.9998776685291846,0.9999999944325174,-6.393005056094942e-16,2615.986373994671,2.560119035918555e-05,0.7426191856455598
0.0020,271.2,0.0007981633347587588,0.0007982050736305125,0.0007568592248374017,0.999896117209801,0.9999999944048279,-6.393005056094942e-16,2615.986330550462,2.567705161002384e-05,0.7426312501194104
0.0020,272.0,0.0013496286480282962,0.0013496552852760395,0.0006091542231175459,0.9999207649409554,0.9999999943774417,-3.196502528047471e-16,2615.9862992391263,2.5752772514216133e-05,0.7426053366023972
0.0020,272.8,0.0017552455700294784,0.0017552798228904843,0.00039563190224424396,0.9999452790390531,0.9999999943503987,-4.794753792071207e-16,2615.9863408576507,2.5845332863909844e-05,0.7426051731476676
0.0020,273.6,0.0019711927011960666,0.001971257211930244,0.00013937444697362795,0.9999694905601779,0.9999999943236818,-4.794753792071207e-16,2615.986380884719,2.5932760601497548e-05,0.7426263998111061
0.0020,274.40000000000003,0.00197417951227329,0.001974259342539597,-0.00013193923796747081,0.9999704623739956,0.9999999942972566,-6.393005056094942e-16,2615.986342804615,2.6002518511610956e-05,0.7426151719961415
0.0020,275.2,0.001763891500127604,0.0017639565495852793,-0.00038901035076456064,0.9999548858814215,0.999999994271146,-3.196502528047471e-16,2615.9862962158586,2.6078524121317893e-05,0.742600388129601
0.0020,276.0,0.0013630193641665607,0.0013630635838353085,-0.0006040527857951037,0.9999317501412154,0.9999999942453758,-4.794753792071207e-16,2615.9863278768203,2.6168433036832396e-05,0.7426177344367946
0.0020,276.8,0.0008148615323290519,0.0008148988701565038,-0.00075382224150849,0.9998957472981196,0.9999999942199154,-6.393005056094942e-16,2615.9863774914397,2.6247610704728383e-05,0.7426206106477367
0.0020,277.6,0.00017864953611822874,0.00017869207536589605,-0.0008221462800183692,0.9998743382854629,0.9999999941947381,-6.393005056094942e-16,2615.9863535724066,2.6313056640331775e-05,0.7425969665237575
0.0020,278.40000000000003,-0.00047686450374897577,-0.0004768205456053367,-0.0008016442387866268,0.9998778687139104,0.9999999941698712,-7.991256320118678e-16,2615.986302736495,2.6389505147336996e-05,0.7426026749661502
0.0020,279.2,-0.0010808318554077034,-0.001080814267902258,-0.000694527615626573,0.9998961157139874,0.9999999941453251,-4.794753792071207e-16,2615.9863161400685,2.647528602908726e-05,0.7426252570811509
0.0020,280.0,-0.0015679888933118967,-0.001568032207689009,-0.0005123764950198,0.9999328303604051,0.9999999941210629,-4.794753792071207e-16,2615.9863649090053,2.6546690734732676e-05,0.7426090491337243
0.0020,280.8,-0.0018857315016127577,-0.0018858379896305693,-0.00027486974803684055,0.9999677297986899,0.9999999940970792,-4.794753792071207e-16,2615.9863625957732,2.6609563487426792e-05,0.7425887704211297
0.0020,281.6,-0.0019997602218722785,-0.001999893107747861,-7.65832513062392e-06,0.9999791770030452,0.999999994073411,-6.393005056094942e-16,2615.986317309297,2.6686080657041933e-05,0.7426119554149415
0.0020,282.40000000000003,-0.0018977443854893165,-0.0018978692892268568,0.0002603844717809277,0.999970799778153,0.9999999940500592,-4.794753792071207e-16,2615.9863073400925,2.676647361812331e-05,0.7426275297987446
0.0020,283.2,-0.001590676689144016,-0.0015907902152004635,0.0005002897168214007,0.9999434440456985,0.9999999940269874,-6.393005056094942e-16,2615.9863471164767,2.6830815179154185e-05,0.7426019844992757
0.0020,284.0,-0.0011117300671280598,-0.0011118377273472832,0.0006861384561725692,0.9999049946911314,0.9999999940041954,-7.991256320118678e-16,2615.9863690445113,2.6892332995327607e-05,0.7425949013052933
0.0020,284.8,-0.0005126711027347384,-0.0005127601033314956,0.0007978559550897148,0.9998772772003927,0.9999999939817091,-6.393005056094942e-16,2615.986336076698,2.696799921847203e-05,0.742622751438746
0.0020,285.6,0.00014176068080191606,0.00014171772370715074,0.0008233715373240769,0.9998712679994594,0.9999999939595128,-6.393005056094942e-16,2615.9863033336596,2.7042130805624222e-05,0.742625706393618
0.0020,286.40000000000003,0.0007808530664927372,0.0007808835891199616,0.0007599261923570848,0.999884597020689,0.9999999939375736,-4.794753792071207e-16,2615.986328885354,2.7100750894006457e-05,0.7426038611493369
0.0020,287.2,0.0013355689531624796,0.0013356798272150159,0.0006143777170798439,0.999917263445113,0.9999999939159044,-6.393005056094942e-16,2615.9863711614244,2.7161847782337543e-05,0.7426091214865771
0.0020,288.0,0.0017460100220085511,0.001746166997978582,0.00040245297789711146,0.999956811495856,0.9999999938945277,-6.393005056094942e-16,2615.9863542863254,2.72358200826076e-05,0.7426274464134729
0.0020,288.8,0.0019678431493905333,0.001967994314952214,0.00014704091741187826,0.9999783870126722,0.999999993873421,-6.393005056094942e-16,2615.9863054953985,2.7303362689793267e-05,0.7426205619244848
0.0020,289.6,0.0019770646699247816,0.0019771892223786423,-0.00012426402335841355,0.9999791459726339,0.9999999938525648,-7.991256320118678e-16,2615.986313841383,2.7357699728198563e-05,0.7426112880670664
0.0020,290.40000000000003,0.001772652257555674,0.0017727580608128434,-0.0003821370702499035,0.9999590018990138,0.9999999938319803,-6.393005056094942e-16,2615.9863667562986,2.7418747457454577e-05,0.7426204282417603
0.0020,291.2,0.0013767100267344365,0.0013767946366847503,-0.0005987163043481803,0.9999180672593266,0.9999999938116776,-6.393005056094942e-16,2615.9863675225774,2.748996004513141e-05,0.7426219898416849
0.0020,292.0,0.000832037129764592,0.0008320807617254966,-0.0007506126772474765,0.9998845587884031,0.9999999937916345,-7.991256320118678e-16,2615.9863137532548,2.755094030938717e-05,0.742613331258514
0.0020,292.8,0.00019748167264346407,0.00019746520624371554,-0.0008214132204270441,0.9998717162266677,0.9999999937718415,-6.393005056094942e-16,2615.9863038236117,2.7602154579272818e-05,0.7426179813507148
0.0020,293.6,-0.0004584036658407529,-0.0004584858706571941,-0.0008034637752046619,0.9998765255033687,0.9999999937523222,-6.393005056094942e-16,2615.9863550977243,2.7663222071359964e-05,0.7426222543474382
0.0020,294.40000000000003,-0.0010647734046804421,-0.0010649014559568656,-0.0006987079184371322,0.9999067201663273,0.9999999937330788,-4.794753792071207e-16,2615.9863735377257,2.7730371215018635e-05,0.742609720635219
0.0020,295.2,-0.0015561325938945048,-0.0015562639202514974,-0.0005184604315743975,0.9999441650936742,0.9999999937140782,-6.393005056094942e-16,2615.9863270337105,2.7785354104117846e-05,0.742606788803615
0.0020,296.0,-0.0018793776872213007,-0.0018794807542325835,-0.00028218910256207273,0.9999667631932874,0.9999999936953162,-7.991256320118678e-16,2615.9862998426747,2.7834482592279172e-05,0.7426202223840319
0.0020,296.8,-0.00199954738218586,-0.001999626924063245,-1.5430103658419552e-05,0.9999763434270701,0.9999999936768121,-7.991256320118678e-16,2615.986338232834,2.789517053302722e-05,0.7426161666804793
0.0020,297.6,-0.0019036517505447732,-0.0019037264228154306,0.00025298712429123744,0.9999646077448823,0.9999999936585526,-4.794753792071207e-16,2615.986372352649,2.7957789362221143e-05,0.7425985190142886
0.0020,298.40000000000003,-0.0016020788103773462,-0.0016021449443963717,0.0004940708887776784,0.999932760652715,0.9999999936405101,-4.794753792071207e-16,2615.986342953337,2.80074826428986e-05,0.7426035641062378
0.0020,299.2,-0.0011274285769122875,-0.0011274626992184699,0.000681780183790473,0.999903603790534,0.9999999936226956,-3.196502528047471e-16,2615.9863020596163,2.80557888979523e-05,0.7426182326116788
0.0020,300.0,-0.000530975932303075,-0.00053096284641975,0.0007958277471108344,0.9998836317714689,0.9999999936051274,-7.991256320118678e-16,2615.9863201578596,2.8115411911828337e-05,0.7426088959312935
0.0020,300.8,0.00012285067397595765,0.0001229049987510351,0.0008238887305698097,0.9998769039932699,0.9999999935877995,-7.991256320118678e-16,2615.9863652885974,2.8173245178206008e-05,0.7425951982669454
0.0020,301.6,0.0007634233217424349,0.0007634941786024109,0.0007629350663190258,0.9998946834614537,0.9999999935706974,-7.991256320118678e-16,2615.9863583000333,2.8218392274949597e-05,0.7426046308556021
0.0020,302.40000000000003,0.0013215350289883308,0.001321593501809066,0.0006195493958048055,0.999924012751656,0.9999999935538362,-7.991256320118678e-16,2615.9863102023814,2.8266152818662042e-05,0.7426148547469038
0.0020,303.2,0.0017368567305355023,0.0017369006532262146,0.0004092206167980912,0.9999489053706772,0.9999999935372315,-9.589507584142415e-16,2615.9863056041086,2.8324083770732523e-05,0.7426067079774623
0.0020,304.0,0.0019644854452521223,0.001964543439826047,0.00015468199287004152,0.9999689216751773,0.999999993520866,-9.589507584142415e-16,2615.986354166244,2.8376236530502145e-05,0.7426011692011223
0.0020,304.48,0.001999805135773143,0.001999880879391433,-7.930863643610564e-06,0.9999731840643716,0.9999999935111547,-7.991256320118678e-16,2615.986372393927,2.84016305219907e-05,0.742604923842326
fine,0.0,0.001,0.0009999999999999998,0.0,0.9999999999999997,1.0,0.0,2616.3292214871976,0.0,0.7426154720625691
fine,0.8,0.0009459776663359715,0.0009459776645307571,-0.00013382457096591883,0.9999972633662835,1.0,0.0,2616.329224777319,-1.6726336792654044e-14,0.7426275554847969
fine,1.6,0.0007897489399132202,0.000789748834866161,-0.00025318767852301386,0.9999851107434051,1.0,0.0,2616.329228072523,-8.140051282169392e-14,0.742635772845672
fine,2.4,0.0005481941890173763,0.0005481940614555441,-0.00034519596584361447,0.9999714485800562,1.0,0.0,2616.329225052073,-6.156692796880712e-14,0.7426210566062811
fine,3.2,0.000247410523759769,0.0002474106304624527,-0.00039990956541094885,0.9999659450712037,0.9999999999999999,-1.5980548716381487e-16,2616.3292219096147,-5.519733236780021e-14,0.7426174787779977
fine,4.0,-8.010449094838082e-05,-8.010418796991272e-05,-0.00041141524072389106,0.9999648639578848,1.0,0.0,2616.329224319553,-9.681273347869766e-14,0.742633116271531
fine,4.8,-0.0003989648597109228,-0.0003989643923184556,-0.0003784704028795113,0.9999712767449773,0.9999999999999997,-3.1961097432762974e-16,2616.3292271926803,-1.404550691966102e-13,0.7426313607663966
fine,5.6000000000000005,-0.0006747198209844349,-0.0006747194688155458,-0.0003046342616984369,0.9999818553023996,1.0,0.0,2616.3292257104677,-1.9093316193091181e-13,0.7426159932598442
fine,6.4,-0.0008775746749036838,-0.0008775752656973094,-0.0001978831766159032,0.9999890987390458,0.9999999999999999,-1.5980548716381487e-16,2616.329223334409,-1.801334867801676e-13,0.742622359370633
fine,7.2,-0.0009856126178916804,-0.0009856140330381969,-6.975236055689274e-05,0.9999942196834778,0.9999999999999999,-1.5980548716381487e-16,2616.3292239922976,-1.427750060062277e-13,0.7426348763278718
fine,8.0,-0.0009871619746476983,-0.0009871635242131983,6.591391990215922e-05,0.9999943062246962,0.9999999999999997,-3.1961097432762974e-16,2616.3292261744646,-1.2930765128224467e-13,0.7426223623914134
fine,8.8,-0.0008820533903123014,-0.0008820564305622166,0.00019445916939054555,0.999988820212835,0.9999999999999999,-1.5980548716381487e-16,2616.3292267687957,-1.3517554712430074e-13,0.7426104160077786
fine,9.6,-0.0006816418274573593,-0.0006816484140276216,0.00030199470408241394,0.9999810362674514,0.9999999999999997,-3.1961097432762974e-16,2616.329225174908,-1.7446336907697969e-13,0.7426215061207679
fine,10.4,-0.0004075827347672582,-0.0004075922872469772,0.00037690143060580927,0.9999734476209498,0.9999999999999999,-1.5980548716381487e-16,2616.329223776516,-1.858032062216096e-13,0.742617096540538
fine,11.200000000000001,-8.948825485440161e-05,-8.94981833744609e-05,0.0004110862649146769,0.9999698213455122,0.9999999999999997,-3.1961097432762974e-16,2616.3292252235574,-1.8605170581641695e-13,0.7425904885126376
fine,12.0,0.00023827283428621272,0.00023826570416363204,0.000400855555289687,0.9999709863783124,0.9999999999999997,-3.1961097432762974e-16,2616.329227735126,-1.5335645474164897e-13,0.7425931983094413
fine,12.8,0.0005402883838617118,0.0005402864045873606,0.00034731488668280513,0.9999774170323827,0.9999999999999997,-3.1961097432762974e-16,2616.329226829579,-1.2421016653037354e-13,0.7426111569061826
fine,13.6,0.0007839288411869363,0.0007839323775893018,0.00025624856320836465,0.999984893354552,0.9999999999999997,-3.1961097432762974e-16,2616.329223782986,-2.0536154079666118e-13,0.7425994230430595
fine,14.4,0.0009428679243544119,0.0009428784406508117,0.00013749499079152366,0.9999888207211252,0.9999999999999997,-3.1961097432762974e-16,2616.3292245336443,-1.8164339823791424e-13,0.7425903773066695
fine,15.200000000000001,0.0009999312089819992,0.0009999510300551875,3.886387689285351e-06,0.9999907210177962,0.9999999999999999,-1.5980548716381487e-16,2616.329228234525,-1.6443814928949221e-13,0.7426075461335169
fine,16.0,0.0009489573448460608,0.0009489847237966815,-0.00013014086183968956,0.9999878350452425,0.9999999999999997,-3.1961097432762974e-16,2616.329227965809,-1.924658276838918e-13,0.7426107249985834
fine,16.8,0.0007954565078652434,0.0007954863320093229,-0.00025010803743396736,0.9999822759164607,0.9999999999999999,-1.5980548716381487e-16,2616.329224163821,-2.6257148807743125e-13,0.7425983337841947
fine,17.6,0.0005560124323339687,0.0005560394893957443,-0.00034305338860822834,0.9999787682090661,0.9999999999999997,-3.1961097432762974e-16,2616.329224191246,-3.2468788717976674e-13,0.7426053979230622
fine,18.400000000000002,0.00025649547859744876,0.00025651510125999916,-0.0003989329307531258,0.9999743862188913,0.9999999999999999,-1.5980548716381487e-16,2616.329228053388,-3.462426067344344e-13,0.7426157519649099
fine,19.2,-7.073364775483164e-05,-7.07243047320852e-05,-0.0004117096652615781,0.9999726615721009,0.9999999999999999,-1.5980548716381487e-16,2616.329228496722,-3.5397698969504437e-13,0.7426063131959382
fine,20.0,-0.00039032100350028194,-0.000390322327364652,-0.0003800034587014814,0.9999755886029854,1.0,0.0,2616.3292250180643,-4.0599250485444806e-13,0.7426035620279338
fine,20.8,-0.0006677368553343013,-0.000667747879117708,-0.00030723937284383274,0.9999792831580412,0.9999999999999999,-1.5980548716381487e-16,2616.3292242766015,-4.2576758147225676e-13,0.7426164133150192
fine,21.6,-0.0008730071021720837,-0.0008730264904962181,-0.0002012801926109872,0.9999853338176653,0.9999999999999999,-1.5980548716381487e-16,2616.3292273471557,-4.559538708263048e-13,0.7426153199740022
fine,22.400000000000002,-0.0009839530242583014,-0.0009839796288762055,-7.35747001302816e-05,0.999990882518711,1.0,0.0,2616.3292285848297,-3.2986273750870043e-13,0.7426044646665569
fine,23.2,-0.000988588704808101,-0.0009886196168901124,6.208062377470064e-05,0.9999912327667662,1.0,0.0,2616.329226236353,-3.16166651825438e-13,0.7426109376841464
fine,24.0,-0.0008864157620281737,-0.0008864445040529251,0.00019102918741630017,0.9999878892218301,1.0,0.0,2616.3292245212906,-3.106524453409435e-13,0.7426207492595166
fine,24.8,-0.0006884733037688923,-0.000688493589580866,0.00029933779835741316,0.9999817093029032,0.9999999999999999,-1.5980548716381487e-16,2616.32922594316,-2.877836727969707e-13,0.7426129379770021
fine,25.6,-0.0004161452214278151,-0.000416154760069168,0.0003753041557187263,0.9999742381376182,0.9999999999999999,-1.5980548716381487e-16,2616.329227936582,-3.6392224755932784e-13,0.7426072443663301
fine,26.400000000000002,-9.885368122879212e-05,-9.885289355868064e-05,0.000410721008566398,0.9999698315280772,0.9999999999999999,-1.5980548716381487e-16,2616.3292271596365,-3.5035748926211594e-13,0.7426168795030001
fine,27.2,0.00022911988763071588,0.00022912942320028618,0.00040176190316763795,0.9999707708412006,0.9999999999999999,-1.5980548716381487e-16,2616.3292245112684,-3.599984104149632e-13,0.7426204944202051
fine,28.0,0.0005323391467130478,0.0005323555456047842,0.0003493945471851717,0.9999754057895449,0.9999999999999999,-1.5980548716381487e-16,2616.3292242233097,-4.332617428744274e-13,0.7426126681550785
fine,28.8,0.0007780413579726863,0.0007780635533479361,0.0002592772760030995,0.9999829032991682,0.9999999999999999,-1.5980548716381487e-16,2616.329226951846,-3.675030370902686e-13,0.7426128440871687
fine,29.6,0.0009396808296839806,0.0009397065540768628,0.00014114741162132543,0.9999913505790659,1.0,0.0,2616.329227723369,-2.2226820185358293e-13,0.7426198327869233
fine,30.400000000000002,0.000999796608318841,0.0009998203554373816,7.767271836660487e-06,0.9999948751623431,1.0,0.0,2616.3292245937896,-2.545175678890002e-13,0.7426186695619051
fine,31.2,0.0009518932139760948,0.0009519093981267823,-0.00012645317316655694,0.9999930357143165,1.0,0.0,2616.329223018091,-2.2032232037248192e-13,0.7426152298658689
fine,32.0,0.0008011431581723896,0.0008011497301654505,-0.0002470108408778194,0.9999869765443591,1.0,0.0,2616.3292259547666,-2.2281765543760043e-13,0.7426184834648173
fine,32.8,0.0005638327985680399,0.0005638307341648425,-0.0003408794036395649,0.9999762846697047,0.9999999999999999,-1.5980548716381487e-16,2616.329227851122,-3.3142768974171874e-13,0.7426200226369922
fine,33.6,0.00026560223655102663,0.00026559369048855593,-0.00039791819730666496,0.999968073827985,0.9999999999999999,-1.5980548716381487e-16,2616.3292249974943,-3.809388836377706e-13,0.7426172620586485
fine,34.4,-6.132623732802472e-05,-6.13390581785819e-05,-0.00041196472878870003,0.9999664103513267,0.9999999999999997,-3.1961097432762974e-16,2616.3292226180347,-3.80301836532823e-13,0.7426189952163006
fine,35.2,-0.00038162893096925304,-0.000381644458586672,-0.0003815008503888953,0.9999697954579968,0.9999999999999999,-1.5980548716381487e-16,2616.3292249531455,-2.9584342557006824e-13,0.7426218604561986
fine,36.0,-0.0006606986205862003,-0.0006607155881079245,-0.00030981867093674324,0.9999794829219043,1.0,0.0,2616.3292275177246,-2.523476823390109e-13,0.742618351307144
fine,36.800000000000004,-0.0008683849512381698,-0.0008684009763336589,-0.00020466275398693296,0.9999904073967295,0.9999999999999999,-1.5980548716381487e-16,2616.32922571483,-2.813284223754651e-13,0.7426165653760682
fine,37.6,-0.0009822499654753665,-0.0009822611687614578,-7.739331991406502e-05,0.9999958920171338,1.0,0.0,2616.329222939055,-2.2952286593020945e-13,0.742621534245656
fine,38.4,-0.0009899899297382431,-0.000989993609398924,5.823829983806272e-05,0.9999961683756579,1.0,0.0,2616.3292239956977,-2.1039323355638886e-13,0.7426220301379667
fine,39.2,-0.0008907657837056035,-0.0008907632004992935,0.00018757665646915967,0.999990324009167,0.9999999999999999,-1.5980548716381487e-16,2616.3292268296673,-2.9147807895996157e-13,0.7426160438656105
fine,40.0,-0.000695297224243072,-0.0006952918298431213,0.00029664815166353427,0.9999796690481373,1.0,0.0,2616.329226554895,-3.1034996549886775e-13,0.7426162025104195
fine,40.800000000000004,-0.0004247049466469249,-0.00042469880352970956,0.00037366925028368866,0.9999708726398489,0.9999999999999999,-1.5980548716381487e-16,2616.3292237464184,-1.9911496061599771e-13,0.7426216203172799
fine,41.6,-0.00010822619153727998,-0.00010821962121495791,0.0004103179323997289,0.9999668427354474,0.9999999999999999,-1.5980548716381487e-16,2616.3292232387435,-2.1029541206977013e-13,0.7426199858361356
fine,42.4,0.00021994485749456442,0.00021995208038236974,0.0004026341684644662,0.9999679684448861,1.0,0.0,2616.329225959075,-1.8610852277340024e-13,0.7426145260196839
fine,43.2,0.000524351663527834,0.000524359416953231,0.00035144853412565877,0.9999755812864244,1.0,0.0,2616.329227265968,-2.2581575957191724e-13,0.7426159214460174
fine,44.0,0.0007721067260664843,0.0007721132485161107,0.000262291070013818,0.9999857184356649,1.0,0.0,2616.3292248127004,-2.1573775760421708e-13,0.7426196074772894
fine,44.800000000000004,0.0009364419930599651,0.0009364449636225172,0.0001447939003693214,0.9999925149309031,1.0,0.0,2616.329222887542,-2.8669305069408795e-13,0.7426174842258173
fine,45.6,0.0009995990228909505,0.0009995990538735388,1.1652517501665028e-05,0.9999952857335475,1.0,0.0,2616.3292250819763,-3.7615311949954383e-13,0.7426143615681988
fine,46.4,0.0009547521356502676,0.0009547525445820756,-0.0001227468250441723,0.9999924178721483,1.0,0.0,2616.3292276300135,-3.2670162346219227e-13,0.7426153527823565
fine,47.2,0.0008067486941609534,0.0008067514464100535,-0.0002438839328671162,0.9999838394479204,0.9999999999999999,-1.5980548716381487e-16,2616.329225934137,-3.523886120966465e-13,0.7426164950355804
fine,48.0,0.0005715817454748181,0.0005715859776733332,-0.00033867179506664774,0.9999758443742092,1.0,0.0,2616.329223059313,-2.8313490253211373e-13,0.7426156306814786
fine,48.800000000000004,0.00027465997285033253,0.0002746638071378752,-0.0003968683965943424,0.999970646803963,1.0,0.0,2616.329224322418,-2.812804720849216e-13,0.742615039224309
fine,49.6,-5.1936283518696305e-05,-5.193425053273184e-05,-0.00041218542288687,0.9999687376725954,0.9999999999999999,-1.5980548716381487e-16,2616.329227525296,-3.3081484586684223e-13,0.7426143527112143
fine,50.4,-0.00037292118376153666,-0.0003729211841908786,-0.00038296847838022294,0.9999732470373625,1.0000000000000002,1.5980548716381487e-16,2616.3292269368435,-2.9391389989018515e-13,0.7426135049369028
fine,51.2,-0.000653615281869791,-0.000653616334174901,-0.00031237382009993464,0.9999805881388433,1.0,0.0,2616.329223742255,-2.408398257606083e-13,0.742614742130804
fine,52.0,-0.0008636901157439228,-0.0008636918100482644,-0.00020802840958340373,0.9999867992415978,1.0,0.0,2616.329223776335,-2.1702658625194898e-13,0.7426157909195271
fine,52.800000000000004,-0.0009804459078381206,-0.000980450141318949,-8.120735975050565e-05,0.99999210452175,1.0,0.0,2616.329226968112,-2.261544631109984e-13,0.7426132651871714
fine,53.6,-0.0009912679241263636,-0.0009912770251155872,5.43868000974129e-05,0.9999927579665242,1.0,0.0,2616.3292276688135,-2.216396389375442e-13,0.7426115369924391
fine,54.4,-0.0008949895852309019,-0.0008950028054913162,0.00018410540547772908,0.9999879553337054,1.0,0.0,2616.32922478095,-1.3960625608337226e-13,0.7426144406984153
fine,55.2,-0.000702014827814659,-0.0007020286018520415,0.00029393335498785044,0.9999818910487543,1.0,0.0,2616.329223499942,-1.9847775040038532e-13,0.7426160392939779
fine,56.0,-0.0004331927297735376,-0.00043320393485475335,0.0003720032011809706,0.9999751556452233,1.0,0.0,2616.329226078828,-2.2083124061005606e-13,0.7426125947666897
fine,56.800000000000004,-0.00011756679038278965,-0.00011757413278774697,0.0004098798823537961,0.9999700624487305,1.0,0.0,2616.3292280029445,-2.3972132856023374e-13,0.7426108910292588
fine,57.6,0.00021076222805429382,0.00021075879434708124,0.00040347160381105544,0.9999708404767444,0.9999999999999999,-1.5980548716381487e-16,2616.3292259426853,-2.5890155115867897e-13,0.742614239386437
fine,58.4,0.0005163203594014729,0.0005163204277481032,0.0003534703740460977,0.9999754949825745,0.9999999999999999,-1.5980548716381487e-16,2616.3292235458775,-3.237288223623274e-13,0.7426157946540016
fine,59.2,0.0007660920840433077,0.0007660963561899118,0.00026527849774787393,0.9999818314335768,1.0,0.0,2616.329225074108,-2.5268082576972353e-13,0.7426127951836349
fine,60.0,0.0009330894391488653,0.0009330999242337169,0.000148425516111743,0.9999894005325211,1.0,0.0,2616.3292278873832,-1.5164711474624022e-13,0.7426114031259308
fine,60.800000000000004,0.0009992712119436895,0.000999287959716677,1.5536473604501992e-05,0.9999933064824331,1.0,0.0,2616.3292269962994,1.5401583664863627e-13,0.7426138802919928
fine,61.6,0.0009574898200995144,0.0009575090365251884,-0.00011903207595051254,0.9999915434459725,0.9999999999999999,0.0,2616.3292239372918,7.324870184254213e-13,0.7426153304346379
fine,62.4,0.0008122592453495281,0.0008122763804552218,-0.0002407405016348399,0.9999868040208727,1.0,3.1961097432762974e-16,2616.3292241763343,1.9575228325564944e-12,0.7426138016784852
fine,63.2,0.0005792687466528334,0.0005792816145190676,-0.00033643762318399023,0.9999789231293137,0.9999999999999997,3.1961097432762974e-16,2616.329227329945,3.88686490219223e-12,0.7426125192947526
fine,64.0,0.0002836908009138638,0.0002836990308879338,-0.0003957841989511823,0.9999710637158017,0.9999999999999989,-1.5980548716381487e-16,2616.32922773955,6.742365566245104e-12,0.742613353825786
fine,64.8,-4.25389883213681e-05,-4.253540854530242e-05,-0.00041236889324627705,0.9999688330858143,0.9999999999999984,0.0,2616.329224634094,1.094998073280321e-11,0.7426149232946202
fine,65.6,-0.00036417264785000564,-0.0003641740867606294,-0.00038439941585514367,0.9999712413155495,0.9999999999999976,1.5980548716381487e-16,2616.3292235705367,1.665736048044722e-11,0.7426152152491292
fine,66.4,-0.0006464580322005391,-0.0006464656893298475,-0.0003148978429170284,0.9999776167477592,0.9999999999999963,0.0,2616.3292264338793,2.4190558838480218e-11,0.7426137940657417
fine,67.2,-0.0008588959779425386,-0.0008589105989010837,-0.0002113741193679203,0.99998726424874,0.9999999999999947,-1.5980548716381487e-16,2616.329228060594,3.404535389258772e-11,0.742612949396387
fine,68.0,-0.0009785364730077169,-0.0009785557419454895,-8.501254845912517e-05,0.9999936441540965,0.9999999999999931,1.5980548716381487e-16,2616.32922553908,4.671138009065058e-11,0.7426147193506099
fine,68.8,-0.000992454527898822,-0.000992473582493779,5.053519925972898e-05,0.9999943129064874,0.9999999999999906,0.0,2616.3292233719512,6.266982486157091e-11,0.7426164806113921
fine,69.60000000000001,-0.000899144513639879,-0.0008991598517663332,0.00018062288773556265,0.9999906287668894,0.9999999999999877,1.5980548716381487e-16,2616.3292253687355,8.24468894561115e-11,0.7426149068432827
fine,70.4,-0.0007086859550831501,-0.000708697079125083,0.00029119434625843294,0.9999818258628889,0.999999999999984,1.5980548716381487e-16,2616.3292279174984,1.066419474159237e-10,0.742612871780083
fine,71.2,-0.00044165690674576226,-0.00044166415030541344,0.0003703038909000004,0.9999724201293758,0.9999999999999793,0.0,2616.3292264802167,1.3589386273052836e-10,0.7426146023409479
fine,72.0,-0.00012690929763913128,-0.0001269121391957614,0.0004094047571303521,0.9999681563925459,0.9999999999999741,1.5980548716381487e-16,2616.329223600345,1.7081973184272509e-10,0.7426171487373752
fine,72.8,0.00020154933703618317,0.0002015520252969212,0.0004042717766739283,0.9999686858627029,0.9999999999999674,-1.5980548716381487e-16,2616.3292243435444,2.1216205946143477e-10,0.7426157798735403
fine,73.60000000000001,0.0005082304044504695,0.0005082396614066116,0.00035545971552134896,0.9999745598713761,0.99999999999996,0.0,2616.329227356669,2.607047356434763e-10,0.7426132705224096
fine,74.4,0.0007600001135447913,0.0007600152612603286,0.00026824277049326915,0.9999846097711721,0.9999999999999509,-3.1961097432762974e-16,2616.329227277667,3.1725415052844226e-10,0.7426144949763815
fine,75.2,0.0009296586448363994,0.0009296760064894271,0.00015204331507808838,0.9999921635301218,0.999999999999941,0.0,2616.329224212694,3.8276126559574905e-10,0.7426171313386526
fine,76.0,0.0009988750817279074,0.0009988904251667324,1.941567911970621e-05,0.9999948366046543,0.9999999999999291,-3.1961097432762974e-16,2616.3292235721183,4.5812990726051984e-10,0.7426164537866149
fine,76.8,0.0009601680600984334,0.0009601801495356084,-0.0001153091853210546,0.9999928791317693,0.9999999999999161,0.0,2616.329226489921,5.440235853692789e-10,0.7426140549381333
fine,77.60000000000001,0.0008177185722943267,0.0008177283178285906,-0.0002375746599516927,0.9999849252312675,0.9999999999999007,-3.1961097432762974e-16,2616.329227762601,6.418842178351317e-10,0.7426142861845371
fine,78.4,0.0005869190149305026,0.0005869262702434804,-0.00033417192694800335,0.9999755211014706,0.9999999999998841,0.0,2616.3292250841437,7.52264644091088e-10,0.7426165067318043
fine,79.2,0.00029270715981049184,0.0002927103097844254,-0.00039466448598164173,0.9999699736770465,0.9999999999998653,0.0,2616.3292232011154,8.769751269113575e-10,0.742616891154411
fine,80.0,-3.312893960086092e-05,-3.3131429621337724e-05,-0.000412515728741147,0.9999682356407344,0.9999999999998442,0.0,2616.3292254687744,1.0170733843352152e-09,0.7426149975660796
fine,80.8,-0.00035538509248685265,-0.00035539356592352605,-0.0003857971445836718,0.9999721250062621,0.9999999999998207,-3.1961097432762974e-16,2616.3292278309077,1.1725721933708599e-09,0.7426140431770749
fine,81.60000000000001,-0.0006392451470675607,-0.0006392577689381723,-0.00031739567810685023,0.9999808852545027,0.9999999999997955,0.0,2616.329226055956,1.3468967543181595e-09,0.742615597976941
fine,82.4,-0.0008540408490716184,-0.0008540540421459429,-0.00021470086267413004,0.9999883493019756,0.9999999999997679,0.0,2616.3292233073967,1.535247274340724e-09,0.7426170935556927
fine,83.2,-0.0009765628831379855,-0.0009765743871531282,-8.880851524915e-05,0.9999928866817988,0.9999999999997381,0.0,2616.329224481826,1.747299987229735e-09,0.7426158962695616
fine,84.0,-0.0009935709543456293,-0.000993581456933259,4.667813460429498e-05,0.9999936586626029,0.9999999999997062,-1.5980548716381487e-16,2616.329227468152,1.970158467070267e-09,0.7426139074509756
fine,84.8,-0.0009032280802191426,-0.0009032384819468393,0.00017712094482792408,0.9999881859148612,0.9999999999996727,-1.5980548716381487e-16,2616.329226943341,2.2236509946443047e-09,0.742614666387213
fine,85.60000000000001,-0.0007152975271641987,-0.0007153063333504636,0.00028842768537982273,0.999980406129508,0.9999999999996371,-3.1961097432762974e-16,2616.3292238555428,2.48824630841751e-09,0.742616942184176
fine,86.4,-0.0004500846784305758,-0.00045008933793706373,0.00036857198316914646,0.9999741495573723,0.9999999999995999,-1.5980548716381487e-16,2616.3292236973098,2.788013300145699e-09,0.7426165282883583
fine,87.2,-0.00013624345235938357,-0.00013624265373671373,0.0004088938764652269,0.999969611246947,0.9999999999995602,-3.1961097432762974e-16,2616.3292267357306,3.109178492978962e-09,0.7426139905203905
fine,88.0,0.00019231848902583103,0.00019232422972119965,0.0004050371995307985,0.9999702445106037,0.9999999999995195,1.5980548716381487e-16,2616.3292275712743,3.458035523244143e-09,0.7426139281567777
fine,88.8,0.0005001031727162086,0.0005001117120012737,0.0003574187242353283,0.9999762045793372,0.9999999999994762,-1.5980548716381487e-16,2616.32922473082,3.855560749950201e-09,0.7426164510355728
fine,89.60000000000001,0.0007538560024868648,0.0007538649802322294,0.0002711827593068107,0.9999828707012428,0.9999999999994317,-1.5980548716381487e-16,2616.3292232649,4.250548145209911e-09,0.742616871793008
fine,90.4,0.0009261579834829908,0.0009261672280951727,0.00015564719743202233,0.9999894002111867,0.9999999999993858,0.0,2616.329225782429,4.741542966917913e-09,0.7426144023432913
fine,91.2,0.0009983917060610505,0.000998402723449447,2.3295840296107086e-05,0.9999935519775697,0.9999999999993385,1.5980548716381487e-16,2616.329227819847,5.20260053849133e-09,0.7426135183723742
fine,92.0,0.0009627549258074433,0.0009627673461542984,-0.00011157249390566273,0.9999915274054123,0.9999999999992895,-1.5980548716381487e-16,2616.3292257581957,5.768276467281663e-09,0.7426156816800751
fine,92.8,0.0008231000099189271,0.0008231107776551273,-0.00023438708499764102,0.9999859705695794,0.9999999999992392,-1.5980548716381487e-16,2616.3292232624676,6.367751355221417e-09,0.7426168910558381
fine,93.60000000000001,0.0005945151112109765,0.0005945215440010501,-0.00033187764967061343,0.9999791844177298,0.9999999999991875,-1.5980548716381487e-16,2616.329224782895,6.9662658109292575e-09,0.7426150349562899
fine,94.4,0.0003016960028749761,0.0003016976628709588,-0.00039351018660411965,0.9999717854197934,0.9999999999991348,0.0,2616.329227626243,7.748419863371088e-09,0.7426134241249295
fine,95.2,-2.372066127416617e-05,-2.3722705175021523e-05,-0.0004126262976429351,0.9999688482503977,0.9999999999990808,-3.1961097432762974e-16,2616.3292267314305,8.431921374212256e-09,0.7426147803919182
fine,96.0,-0.00034657569487511904,-0.0003465799420569339,-0.000387160664456287,0.9999717006025931,0.9999999999990268,-1.5980548716381487e-16,2616.329223691555,9.300425923058613e-09,0.7426166482634889
fine,96.8,-0.0006319852298246067,-0.0006319910987186865,-0.00031986429624266863,0.9999773275279006,0.9999999999989728,0.0,2616.3292239301213,1.0238821932875126e-08,0.7426157800684705
fine,97.60000000000001,-0.0008491104540322066,-0.0008491191602285019,-0.00021800889295064702,0.9999856163761094,0.9999999999989188,-3.1961097432762974e-16,2616.329227030146,1.1091418484657347e-08,0.7426136751827455
fine,98.4,-0.0009744928591829043,-0.0009745053015266161,-9.259966310687183e-05,0.9999929080138956,0.9999999999988664,-3.1961097432762974e-16,2616.3292274722967,1.228642154033142e-08,0.7426139856486443
fine,99.2,-0.0009945884089852287,-0.000994602424004275,4.2814955956183604e-05,0.9999941531232585,0.9999999999988147,-6.392219486552595e-16,2616.3292244758773,1.3345019366336926e-08,0.7426162026271991
fine,100.0,-0.0009072265921739571,-0.0009072384128395179,0.00017360460094005954,0.9999908292634123,0.9999999999987668,-4.794164614914446e-16,2616.3292233833204,1.4498576443688807e-08,0.7426164187491083
fine,100.8,-0.0007218443673996059,-0.00072185218946949,0.00028563689304381156,0.9999837560380331,0.9999999999987228,-1.5980548716381487e-16,2616.3292261376037,1.6012722384380018e-08,0.7426141664534686
fine,101.60000000000001,-0.0004584698638039962,-0.0004584742168350335,0.00036680710759920903,0.9999741242290948,0.999999999998684,-1.5980548716381487e-16,2616.3292278341737,1.7209567100321107e-08,0.7426134249350398
fine,102.4,-0.00014555935512047317,-0.00014556111461885648,0.00040834620656561224,0.9999683669952828,0.999999999998654,-3.1961097432762974e-16,2616.329225458545,1.876170348330284e-08,0.7426155814545605
fine,103.2,0.00018307825871587304,0.0001830789513400779,0.00040576608349899494,0.9999685198504669,0.9999999999986319,0.0,2616.3292232406807,2.0560288299570072e-08,0.7426167895688958
fine,104.0,0.0004919342222929898,0.000491938318905723,0.00035934519340266846,0.9999730390326378,0.9999999999986213,-1.5980548716381487e-16,2616.3292251235234,2.1947846670863127e-08,0.742614846184163
fine,104.8,0.0007476377244218914,0.0007476466742797433,0.00027409967688499806,0.9999822914205855,0.9999999999986238,-4.794164614914446e-16,2616.329227756524,2.397490127811187e-08,0.7426132555436723
fine,105.60000000000001,0.0009225634192740016,0.0009225766885163342,0.0001592396411556182,0.9999914821004169,0.9999999999986399,-3.1961097432762974e-16,2616.329226458124,2.6060080476683748e-08,0.7426149065251669
fine,106.4,0.000997813876324427,0.0009978279778783798,2.7173838980063678e-05,0.9999950853053718,0.9999999999986744,-3.1961097432762974e-16,2616.3292235360027,2.770953282557134e-08,0.7426168272220688
fine,107.2,0.0009652577025120834,0.0009652693781994256,-0.00010782846572878621,0.9999937745975904,0.9999999999987262,-6.392219486552595e-16,2616.3292241852982,3.02869747431991e-08,0.7426155882805909
fine,108.0,0.0008284098891613988,0.0008284188177651216,-0.0002311797018746122,0.9999871724193305,0.9999999999987995,-4.794164614914446e-16,2616.3292272518424,3.2692292626936756e-08,0.742613451783591
fine,108.8,0.0006020557314824995,0.0006020628737325751,-0.0003295528147350449,0.9999768314896256,0.9999999999988965,-3.1961097432762974e-16,2616.329227275549,3.464940344324723e-08,0.7426142234154899
fine,109.60000000000001,0.000310652755404817,0.0003106579155506525,-0.00039232021217789145,0.9999696283901787,0.9999999999990185,-4.794164614914446e-16,2616.3292242039875,3.7874311975794444e-08,0.7426164876825598
fine,110.4,-1.4313646690233426e-05,-1.4311843717116899e-05,-0.0004126999348293146,0.9999676497302589,0.9999999999991694,-4.794164614914446e-16,2616.3292234994087,4.062742759131878e-08,0.7426162395361896
fine,111.2,-0.0003377320869962257,-0.0003377353096495238,-0.0003884897636256943,0.999970524445313,0.9999999999993507,-4.794164614914446e-16,2616.3292264157412,4.289751462148527e-08,0.7426139648072125
fine,112.0,-0.0006246596915810366,-0.0006246686067441535,-0.00032230597221861724,0.9999792306740062,0.999999999999568,-4.794164614914446e-16,2616.329227755589,4.689746621377895e-08,0.7426136918448139
fine,112.8,-0.0008440979086548351,-0.0008441105247712602,-0.00022129886873810745,0.999988633207842,0.9999999999998208,-3.1961097432762974e-16,2616.3292251269204,4.9941761414704556e-08,0.742615898078873
fine,113.60000000000001,-0.0009723385312959752,-0.0009723512110289991,-9.638083535175589e-05,0.9999936201724231,1.0000000000001126,-3.1961097432762974e-16,2616.329223205655,5.2597355206238826e-08,0.7426167020656007
fine,114.4,-0.0009955235126453909,-0.0009955345518305387,3.895055641824726e-05,0.9999944865901881,1.0000000000004512,-4.794164614914446e-16,2616.329225407861,5.738479941558094e-08,0.7426146809588065
fine,115.2,-0.0009111459516076416,-0.000911156261655692,0.0001700725161212228,0.9999896136465282,1.00000000000083,-6.392219486552595e-16,2616.3292278068366,6.074230104944529e-08,0.7426133933339222
fine,116.0,-0.0007283235276029054,-0.000728333480438157,0.0002828190529184646,0.9999803745782209,1.0000000000012588,-4.794164614914446e-16,2616.329226123757,6.380387139554874e-08,0.7426151332598452
fine,116.8,-0.0004668109143293633,-0.00046681874660739383,0.00036500943971161625,0.9999730798573693,1.0000000000017424,-7.990274358190743e-16,2616.329223347534,6.93243439158611e-08,0.7426168230239251
fine,117.60000000000001,-0.0001548634290415671,-0.00015486678617533146,0.00040776278445349163,0.9999691957005259,1.0000000000022684,-1.5980548716381487e-16,2616.329224413968,7.31201974918041e-08,0.7426154249160467
fine,118.4,0.00017381520724780452,0.0001738176943950903,0.0004064595727153044,0.9999695261289488,1.0000000000028515,-4.794164614914446e-16,2616.3292274153173,7.650471012393777e-08,0.7426133986723408
fine,119.2,0.0004837145115667595,0.0004837223206157616,0.000361241052759169,0.9999760138626534,1.0000000000034939,-3.1961097432762974e-16,2616.329227001125,8.27543597712037e-08,0.7426143701320519
fine,120.0,0.0007413532997809527,0.0007413637820992919,0.00027699228189529557,0.9999841018307531,1.000000000004174,-3.1961097432762974e-16,2616.3292239044995,8.711311327739661e-08,0.7426166144416222
fine,120.8,0.0009188943800596833,0.000918904969522534,0.00016281548893410278,0.9999899346304174,1.000000000004917,-3.1961097432762974e-16,2616.3292236293714,9.073409931469755e-08,0.7426161049661713
fine,121.60000000000001,0.0009971527219736357,0.0009971635043716453,3.10479730996429e-05,0.9999934680455624,1.0000000000057152,-6.392219486552595e-16,2616.3292266569156,9.768792220647488e-08,0.742613740784829
fine,122.4,0.0009676725728720683,0.0009676847372273965,-0.00010407317697363719,0.9999915960657836,1.0000000000065425,-6.392219486552595e-16,2616.3292275939466,1.02704404497841e-07,0.7426137384561017
fine,123.2,0.0008336414719364646,0.0008336539020951995,-0.00022795028547104357,0.9999848844388619,1.0000000000074307,-4.794164614914446e-16,2616.3292247629615,1.0655932644635411e-07,0.7426160740153295
fine,124.0,0.0006095420213963215,0.0006095515879005277,-0.00032719952910602193,0.9999782363349891,1.0000000000083649,-1.5980548716381487e-16,2616.3292231903215,1.1409426105029806e-07,0.742616552309959
fine,124.8,0.0003195861186233475,0.00031959048469780877,-0.00039109655753014034,0.9999723270090382,1.0000000000093119,-4.794164614914446e-16,2616.329225669377,1.1984912100922495e-07,0.7426143158749954
fine,125.60000000000001,-4.899292671736561e-06,-4.90050042847484e-06,-0.0004127376020484923,0.9999693412634529,1.0000000000103115,-3.1961097432762974e-16,2616.3292277786986,1.240316165693964e-07,0.7426133352689602
fine,126.4,-0.00032885658433089057,-0.00032886201966959383,-0.00038978495732521607,0.9999725348368952,1.000000000011342,-4.794164614914446e-16,2616.3292257497947,1.3188557613575616e-07,0.7426153253671773
fine,127.2,-0.0006172844287475652,-0.0006172919319077197,-0.0003247180358170026,0.9999785745210185,1.0000000000123652,-3.1961097432762974e-16,2616.3292231860682,1.3843231962533078e-07,0.7426167329245591
fine,128.0,-0.0008390179830656709,-0.0008390267511731881,-0.00022456697703660921,0.999985148298275,1.000000000013424,-4.794164614914446e-16,2616.3292246446586,1.4312047486479152e-07,0.7426150604494789
fine,128.8,-0.0009700982869142588,-0.0009701095588187872,-0.00010015358921455875,0.9999916634571561,1.000000000014497,-3.1961097432762974e-16,2616.3292275183344,1.5095846917973338e-07,0.7426132706922306
fine,129.6,-0.0009963642482532275,-0.000996378297192109,3.508031110093413e-05,0.9999933338120908,1.000000000015538,-6.392219486552595e-16,2616.3292266812077,1.5824131892412008e-07,0.7426145275803001
fine,130.4,-0.0009149806095809208,-0.000914994585936506,0.00016652488961385476,0.9999896374570698,1.000000000016592,-3.1961097432762974e-16,2616.329223613019,1.6368638525176902e-07,0.7426165915731651
fine,131.2,-0.0007347403845897194,-0.0007347507219364005,0.00027997800061353576,0.9999838000788898,1.0000000000176428,-4.794164614914446e-16,2616.329223764099,1.71198290733474e-07,0.7426157805411762
fine,132.0,-0.00047511572828859254,-0.00047512106633716255,0.00036318051886592565,0.9999758673750242,1.0000000000186369,-3.1961097432762974e-16,2616.3292268533864,1.7897540035203075e-07,0.7426135103816934
fine,132.8,-0.00016415658781797736,-0.00016415754177780795,0.00040714322300595485,0.9999695693461417,1.0000000000196148,-4.794164614914446e-16,2616.329227367668,1.8545074880711125e-07,0.742613809295565
fine,133.6,0.00016453992658713775,0.000164542120958231,0.00040711674239596595,0.9999694137535974,1.0000000000205738,-4.794164614914446e-16,2616.329224378357,1.9250670831478525e-07,0.7426161525785162
fine,134.4,0.0004754593207853567,0.00047546389841896707,0.0003631034926072904,0.9999733808394801,1.0000000000214542,-3.1961097432762974e-16,2616.3292231953455,2.0031260404461118e-07,0.7426163651208202
fine,135.2,0.0007350066367749512,0.0007350143732797868,0.00027985910428611135,0.9999805922255031,1.000000000022287,-3.1961097432762974e-16,2616.329225911758,2.080031750042137e-07,0.7426140619098107
fine,136.0,0.0009151389110210921,0.0009151510372600473,0.00016637837824729504,0.9999896686598544,1.0000000000230866,-4.794164614914446e-16,2616.329227679626,2.1477235997765267e-07,0.7426133562988398
fine,136.8,0.0009963964457004948,0.0009964115909885942,3.4921392996351383e-05,0.9999943818057399,1.000000000023792,-6.392219486552595e-16,2616.3292253394184,2.220143724420068e-07,0.7426155187925073
fine,137.6,0.0009700015551804764,0.0009700157626082018,-0.00010030970247161859,0.999993384375353,1.0000000000244185,-4.794164614914446e-16,2616.329223042948,2.3083622642696802e-07,0.7426166944978108
fine,138.4,0.0008388044496786506,0.0008388149052326659,-0.0002247029892810298,0.9999883896524364,1.0000000000249984,-3.1961097432762974e-16,2616.329224864863,2.37823386573009e-07,0.7426147883504004
fine,139.20000000000002,0.0006169782317796131,0.0006169849407590491,-0.0003248175533163321,0.9999790915043779,1.0000000000254772,-7.990274358190743e-16,2616.3292275469958,2.4401008829172686e-07,0.7426132039143369
fine,140.0,0.00032848989949527265,0.00032849375175102673,-0.0003898374121776301,0.999970499823298,1.0000000000258495,-6.392219486552595e-16,2616.3292262971595,2.5346304093408343e-07,0.742614765331084
fine,140.8,4.509744836997247e-06,4.510889200425433e-06,-0.0004127380315953763,0.9999677558202961,1.0000000000261609,-7.990274358190743e-16,2616.329223325652,2.613496513764882e-07,0.7426166916131449
fine,141.6,-0.00031995694166552717,-0.00031995932486110983,-0.0003910446314398088,0.9999698226657028,1.0000000000263756,-6.392219486552595e-16,2616.3292239081834,2.6640116529198104e-07,0.7426155688963136
fine,142.4,-0.0006098523884751955,-0.0006098597588271396,-0.0003271013650957298,0.9999770090167426,1.0000000000264626,-7.990274358190743e-16,2616.3292269907547,2.755823018277627e-07,0.7426134194451808
fine,143.20000000000002,-0.0008338562140868213,-0.0008338687585838352,-0.00022781727017677584,0.9999873074246033,1.0000000000264733,-7.990274358190743e-16,2616.3292270716183,2.8488413515702854e-07,0.742614085254427
fine,144.0,-0.0009677687178405526,-0.0009677835483713413,-0.0001039183583114769,0.9999938265173309,1.0000000000263982,-4.794164614914446e-16,2616.329223994135,2.893503974296389e-07,0.7426163979065876
fine,144.8,-0.0009971214619792408,-0.000997134734570844,3.120919474679964e-05,0.9999950095192356,1.000000000026187,-9.588329229828893e-16,2616.329223219928,2.972372181387222e-07,0.7426162636524252
fine,145.6,-0.0009187404018697997,-0.0009187508998812775,0.000162964274960554,0.9999913287185463,1.0000000000258826,-7.990274358190743e-16,2616.3292261116267,3.0789276890705346e-07,0.7426139366882384
fine,146.4,-0.0007410930011089947,-0.0007411016631778145,0.0002771111369877952,0.9999820972941804,1.0000000000255047,-7.990274358190743e-16,2616.3292275071117,3.128753108845187e-07,0.7426135655570049
fine,147.20000000000002,-0.0004833742792953711,-0.0004833812294602735,0.0003613180837753369,0.9999728569895667,1.000000000024998,-7.990274358190743e-16,2616.329224903437,3.188446119461707e-07,0.7426158237518536
fine,148.0,-0.00017343049090544688,-0.00017343432991893506,0.0004064872448550327,0.9999684504128583,1.0000000000243812,-9.588329229828893e-16,2616.329222917979,3.300100542111197e-07,0.7426167073942921
fine,148.8,0.0001552501473289705,0.00015525122089096496,0.0004077377202944201,0.9999684367410646,1.0000000000237013,-9.588329229828893e-16,2616.329225071706,3.3669400628920935e-07,0.7426146561216513
fine,149.6,0.0004671558044975426,0.0004671628451186595,0.0003649347183589928,0.999974304870306,1.0000000000229123,-7.990274358190743e-16,2616.3292275132026,3.410065465322328e-07,0.7426133391035739
fine,150.4,0.0007285887878147939,0.0007286005863706733,0.00028270291204427573,0.9999839962524696,1.000000000022003,-7.990274358190743e-16,2616.329225878491,3.5129532030661136e-07,0.7426151281331477
fine,151.20000000000002,0.0009113043725280611,0.0009113174590676094,0.00016992602085017156,0.9999910243677214,1.000000000021032,-7.990274358190743e-16,2616.329223065821,3.6025264449722154e-07,0.7426168608279469
fine,152.0,0.0009955595633426228,0.000995571391711532,3.8789195720120826e-05,0.9999942062722633,1.0000000000199791,-7.990274358190743e-16,2616.329224068404,3.641653845094173e-07,0.7426154679327887
fine,152.8,0.0009722484903646015,0.0009722594685453312,-9.653765567357915e-05,0.9999928009816021,1.0000000000188074,-9.588329229828893e-16,2616.32922708253,3.7235115516669304e-07,0.7426134456604798
fine,153.6,0.0008438901848806067,0.0008439011518066845,-0.0002214336138778,0.9999853822153127,1.0000000000175686,-7.990274358190743e-16,2616.329226727342,3.830174884528582e-07,0.7426144084228451
fine,154.4,0.0006243551147227795,0.0006243646895810079,-0.00032240570270333644,0.9999770451813345,1.0000000000162728,-7.990274358190743e-16,2616.329223621364,3.8825637250864236e-07,0.742616646612778
fine,155.20000000000002,0.0003373635599318428,0.00033736912445393014,-0.00038854418206835914,0.9999715183430359,1.000000000014873,-9.588329229828893e-16,2616.3292232756817,3.9411155576237047e-07,0.7426161790889085
fine,156.0,1.392296378820116e-05,1.3922648383811598e-05,-0.0004127024521136467,0.9999688572436726,1.0000000000133968,-4.794164614914446e-16,2616.329226288229,4.0489998040894053e-07,0.7426138493693248
fine,156.8,-0.0003110220252069878,-0.0003110281260022558,-0.0003922707477636817,0.9999719774835302,1.0000000000118796,-6.392219486552595e-16,2616.329227282671,4.1267407575255464e-07,0.7426138217743397
fine,157.6,-0.0006023648455993385,-0.0006023743183313433,-0.00032945653391959695,0.9999795042042655,1.0000000000102836,-9.588329229828893e-16,2616.329224472882,4.173375423801808e-07,0.7426161443808823
fine,158.4,-0.0008286271540857084,-0.0008286374167931612,-0.0002310458550358162,0.9999862497846668,1.0000000000086058,-6.392219486552595e-16,2616.3292228436544,4.264968806534532e-07,0.74261669802198
fine,159.20000000000002,-0.000965359871215541,-0.0009653707008616404,-0.00010767211558065638,0.9999916155819711,1.00000000000689,-6.392219486552595e-16,2616.3292252838455,4.366322753347269e-07,0.7426145518159534
fine,160.0,-0.0009977890962341732,-0.0009978014796556845,2.7333936482575322e-05,0.9999934284012632,1.0000000000051223,-6.392219486552595e-16,2616.3292274376217,4.421145255880818e-07,0.7426134800863724
fine,160.8,-0.0009224131907904578,-0.0009224263352368691,0.0001593866871622948,0.9999890990838418,1.0000000000032778,-6.392219486552595e-16,2616.3292254557605,4.4890447732905064e-07,0.7426153057951357
fine,161.6,-0.0007473777958095924,-0.0007473886171069736,0.0002742196233772057,0.999982541915266,1.000000000001388,-7.990274358190743e-16,2616.329222849391,4.597800273484396e-07,0.7426170287095086
fine,162.4,-0.0004915938778330827,-0.0004915995952330783,0.00035942486089014645,0.9999760152679784,0.9999999999994658,-4.794164614914446e-16,2616.3292242405787,4.677122710851267e-07,0.7426155413197569
fine,163.20000000000002,-0.0001826954656182269,-0.0001826960257166327,0.0004057958500120255,0.9999702557557177,0.9999999999974819,-6.392219486552595e-16,2616.329227136143,4.730705271074472e-07,0.7426131134156861
fine,164.0,0.00014594388944192316,0.0001459466850085553,0.0004083230649634163,0.9999698289672168,0.9999999999954449,-6.392219486552595e-16,2616.3292263654744,4.826241116407671e-07,0.7426140779163977
fine,164.8,0.0004588156713816459,0.00045882073521360785,0.00036673336689052176,0.9999744722075058,0.9999999999933802,-7.990274358190743e-16,2616.3292232922313,4.930685092793051e-07,0.7426174529262299
fine,165.6,0.0007221136667368645,0.0007221217076444203,0.0002855198973874898,0.9999806919975595,0.9999999999912751,-6.392219486552595e-16,2616.329223379694,4.991047818529972e-07,0.7426170813201913
fine,166.4,0.0009073892517327787,0.0009074014490943821,0.00017345814792760496,0.9999883255447697,0.9999999999891152,-7.990274358190743e-16,2616.329226453751,5.063223858984595e-07,0.7426127715562394
fine,167.20000000000002,0.0009946272590361056,0.0009946422077039426,4.265607371141845e-05,0.9999935808583976,0.9999999999869218,-4.794164614914446e-16,2616.329227026096,5.176052842799302e-07,0.7426122330863074
fine,168.0,0.000974405034374172,0.0009744182949478408,-9.275526446443551e-05,0.9999926344505543,0.9999999999847021,-7.990274358190743e-16,2616.3292240619216,5.2611267885862e-07,0.7426170500914201
fine,168.8,0.0008489052192428917,0.0008489140548130193,-0.00021814586605500548,0.999988014994904,0.9999999999824386,-6.392219486552595e-16,2616.329222816278,5.318981537305535e-07,0.7426191351823351
fine,169.6,0.0006316834692032901,0.0006316892231559306,-0.000319966741634333,0.999980609772611,0.9999999999801322,-4.794164614914446e-16,2616.3292254936378,5.41783429474306e-07,0.7426141995905174
fine,170.4,0.000346210151627995,0.00034621417651585897,-0.0003872164857321666,0.9999720354409157,0.9999999999778024,-7.990274358190743e-16,2616.3292273192287,5.527966218281034e-07,0.7426109504985522
fine,171.20000000000002,2.333156538228879e-05,2.333296150373948e-05,-0.0004126299760603847,0.9999683273847564,0.9999999999754438,-6.392219486552595e-16,2616.3292250350855,5.593837827746521e-07,0.7426148423908765
fine,172.0,-0.00030206705365235783,-0.0003020691911373742,-0.00039346128659715845,0.9999702123472076,0.9999999999730403,-9.588329229828893e-16,2616.329222701097,5.668545969655976e-07,0.742618235862248
fine,172.8,-0.000594828094333612,-0.0005948343872012757,-0.00033178126702078896,0.9999757991563616,0.9999999999706073,-6.392219486552595e-16,2616.3292244548284,5.785011781801614e-07,0.7426159991673082
fine,173.6,-0.0008233201297173661,-0.0008233312303237902,-0.0002342548356314331,0.9999851329193506,0.9999999999681563,-6.392219486552595e-16,2616.329227155066,5.876697090032943e-07,0.7426129806891771
fine,174.4,-0.0009628580335478844,-0.0009628725004924158,-0.00011141892967585711,0.9999930119986239,0.9999999999656694,-4.794164614914446e-16,2616.32922597975,5.938428165541323e-07,0.7426148470800129
fine,175.20000000000002,-0.000998366900138395,-0.0009983813581691005,2.3456029927697948e-05,0.9999948505195418,0.9999999999631428,-9.588329229828893e-16,2616.329222991949,6.038169565641221e-07,0.7426175395138782
fine,176.0,-0.0009260087368071108,-0.0009260205476645288,0.00015579726060372873,0.9999920565789527,0.9999999999605999,-7.990274358190743e-16,2616.329223489881,6.153355155150269e-07,0.7426149474241031
fine,176.8,-0.0007536003580521799,-0.0007536083670021587,0.00027130471952464846,0.9999843945264748,0.9999999999580357,-6.392219486552595e-16,2616.3292265861855,6.225967989437843e-07,0.7426119472222481
fine,177.6,-0.0004997691770640077,-0.0004997735777433639,0.00035749882175546363,0.9999742359606687,0.9999999999554315,-6.392219486552595e-16,2616.3292267582774,6.301280092336983e-07,0.7426136852687181
fine,178.4,-0.00019193927886479597,-0.00019194148635277462,0.00040506773578210045,0.9999683755628828,0.9999999999528014,-7.990274358190743e-16,2616.3292236911325,6.418483668533134e-07,0.7426170589490051
fine,179.20000000000002,0.00013662877197453765,0.00013662875859240197,0.0004088715847896047,0.9999679643110406,0.999999999950161,-4.794164614914446e-16,2616.329222846599,6.517802527114557e-07,0.7426180680332903
fine,180.0,0.00045043225066537156,0.00045043702946606797,0.00036849922231666746,0.9999724544526616,0.9999999999474907,-6.392219486552595e-16,2616.3292257120274,6.583779260621854e-07,0.7426152997897142
fine,180.8,0.0007155678570530261,0.0007155783924947026,0.00028831320262828454,0.9999821224482164,0.9999999999447863,-6.392219486552595e-16,2616.329227161594,6.680804653476627e-07,0.7426128647160665
fine,181.6,0.0009033933337556004,0.000903406167151082,0.00017697657631481797,0.9999910628192924,0.9999999999420706,-6.392219486552595e-16,2616.3292246062488,6.79974735002675e-07,0.7426146462755816
fine,182.4,0.0009936150174616775,0.0009936261832291648,4.651772126166205e-05,0.9999947854330182,0.99999999993934,-6.392219486552595e-16,2616.3292225715595,6.881002161470682e-07,0.7426162724483155
fine,183.20000000000002,0.0009764805171420021,0.0009764902017351453,-8.896710200767084e-05,0.9999939554247549,0.9999999999365757,-6.392219486552595e-16,2616.3292246414453,6.955359479015794e-07,0.7426143099194937
fine,184.0,0.0008538396174036599,0.0008538501834650577,-0.0002148385267718148,0.9999872760063567,0.999999999933792,-7.990274358190743e-16,2616.329227116958,7.069818625125847e-07,0.7426125776652869
fine,184.8,0.0006389463975004179,0.0006389572107616384,-0.000317497812095007,0.999977334075759,0.9999999999310027,-7.990274358190743e-16,2616.329225569487,7.177407283572357e-07,0.7426137290620848
fine,185.6,0.0003550212628178405,0.00035502886318286776,-0.0003858540187228821,0.9999706427798918,0.9999999999281909,-7.990274358190743e-16,2616.3292227271095,7.248858720876721e-07,0.7426174155209088
fine,186.4,3.2739829156718294e-05,3.274158785717554e-05,-0.0004125210178469985,0.9999681699605651,0.9999999999253522,-7.990274358190743e-16,2616.3292236614966,7.340287911599408e-07,0.7426189090900804
fine,187.20000000000002,-0.00029307858959000226,-0.0002930832734668773,-0.00039461746794341063,0.999970619813644,0.9999999999225063,-9.588329229828893e-16,2616.329226715571,7.460784991330971e-07,0.7426150192411769
fine,188.0,-0.0005872326841189485,-0.0005872423967218921,-0.0003340781495508261,0.9999788614700575,0.9999999999196524,-6.392219486552595e-16,2616.3292264435827,7.552341026900215e-07,0.7426129001989591
fine,188.8,-0.0008179419025411966,-0.0008179536772265619,-0.00023744330126352156,0.9999872751951253,0.9999999999167735,-7.990274358190743e-16,2616.3292233366947,7.625734782168238e-07,0.7426153624439987
fine,189.6,-0.0009602774729143566,-0.0009602895834835033,-0.0001151533907751475,0.9999922872816369,0.9999999999138797,-3.1961097432762974e-16,2616.3292229081194,7.734080454221965e-07,0.7426154136343932
fine,190.4,-0.000998858441778153,-0.0009988714324393984,1.9577633245255487e-05,0.9999939626119421,0.9999999999109834,-7.990274358190743e-16,2616.329225874748,7.849082022488557e-07,0.742612683974103
fine,191.20000000000002,-0.0009295180820999898,-0.0009295314160320013,0.00015219247857860168,0.9999897195359498,0.9999999999080744,-3.1961097432762974e-16,2616.3292269242,7.927993588271016e-07,0.7426133943062875
fine,192.0,-0.0007597508159959039,-0.0007597615602942447,0.0002683642331671528,0.9999816254098034,0.9999999999051451,-6.392219486552595e-16,2616.3292241601675,8.012546876320278e-07,0.7426157205335656
fine,192.8,-0.0005078983667254553,-0.0005079038941029682,0.0003555415675853158,0.9999749802220292,0.9999999999022109,-4.794164614914446e-16,2616.3292224641796,8.131066695198233e-07,0.742615558023358
fine,193.6,-0.00020117034847248947,-0.0002011699287358253,0.00040430453463319093,0.9999702841466411,0.9999999998992738,-6.392219486552595e-16,2616.329224832743,8.233379357391682e-07,0.7426151680884981
fine,194.4,0.00012729451003707647,0.00012729929453437965,0.00040938459482349005,0.9999696719553057,0.9999999998963214,-7.990274358190743e-16,2616.329227053943,8.307729466745526e-07,0.7426147689415262
fine,195.20000000000002,0.0004420091140869295,0.00044201466457163564,0.0003702332452463991,0.9999750758398432,0.9999999998933573,-6.392219486552595e-16,2616.3292251684093,8.40716119382909e-07,0.7426154481847368
fine,196.0,0.0007089686547151497,0.000708972980696264,0.00029107995580122974,0.9999819913093293,0.9999999998903935,-9.588329229828893e-16,2616.329222505091,8.526332874326776e-07,0.7426185849231068
fine,196.8,0.0008993249237603283,0.0008993305636209778,0.00018047687859374162,0.9999881703709186,0.9999999998874247,-1.1186384101467041e-15,2616.329223804709,8.614721320666978e-07,0.742617608082147
fine,197.6,0.0009925095664529153,0.0009925206243760825,5.037519079037042e-05,0.9999929128800629,0.9999999998844424,-9.588329229828893e-16,2616.329226756028,8.693413957834694e-07,0.7426129435011839
fine,198.4,0.0009784587998758708,0.0009784752304733892,-8.516870729833001e-05,0.9999920742006635,0.9999999998814555,-9.588329229828893e-16,2616.3292260615444,8.805482176983216e-07,0.7426127176185972
fine,199.20000000000002,0.0008586951626998119,0.0008587117334829168,-0.0002115114926332228,0.999986687727724,0.9999999998784719,-6.392219486552595e-16,2616.3292229458266,8.916741445494221e-07,0.7426142344876695
fine,200.0,0.00064615779225544,0.0006461691654348222,-0.000315002257204711,0.9999803840551011,0.9999999998754808,-1.1186384101467041e-15,2616.329222979806,8.995382139055376e-07,0.7426130414296122
fine,200.8,0.0003638070392682468,0.0003638115479832146,-0.0003844583460653771,0.9999732757526494,0.999999999872481,-4.794164614914446e-16,2616.3292260650874,9.08472515629286e-07,0.742612473664419
fine,201.6,4.214746512361651e-05,4.2146344816998345e-05,-0.0004123757656099541,0.9999691565657439,0.9999999998694822,-7.990274358190743e-16,2616.329226674012,9.202744848128536e-07,0.7426139980490548
fine,202.4,-0.0002840679220600935,-0.0002840724740805312,-0.00039573859283125547,0.9999712020357675,0.9999999998664868,-6.392219486552595e-16,2616.329223748024,9.301414609791104e-07,0.7426164225670063
fine,203.20000000000002,-0.0005795917479003241,-0.0005795988431030905,-0.0003363438860887555,0.9999763724808017,0.999999999863484,-4.794164614914446e-16,2616.3292224599513,9.377556868620872e-07,0.7426184435863277
fine,204.0,-0.0008124919435164383,-0.0008125026882989586,-0.00024060927482598478,0.9999837283461166,0.9999999998604768,-6.392219486552595e-16,2616.329225027639,9.479151492815192e-07,0.7426177305258194
fine,204.8,-0.0009576063701252215,-0.000957620557188942,-0.00011887910961491153,0.9999915014474858,0.9999999998574768,-4.794164614914446e-16,2616.3292268845307,9.59500224461108e-07,0.7426151179433312
fine,205.6,-0.0009992596880626212,-0.0009992737683423966,1.5695263960436206e-05,0.9999940545635261,0.9999999998544774,-9.588329229828893e-16,2616.329224698863,9.681416807724073e-07,0.7426148280932011
fine,206.4,-0.0009329508806294026,-0.0009329614076219984,0.00014857490503048098,0.9999913576072368,0.9999999998514723,-7.990274358190743e-16,2616.3292222636987,9.762124873193542e-07,0.74261672704203
fine,207.20000000000002,-0.000765840850279587,-0.0007658475658175068,0.00026540200727925557,0.9999854336168168,0.9999999998484703,-6.392219486552595e-16,2616.329223902676,9.872892065921875e-07,0.742615299583483
fine,208.0,-0.0005159837273177457,-0.0005159882943480741,0.00035355318662593535,0.9999763140392546,0.9999999998454772,-7.990274358190743e-16,2616.3292267209326,9.980167389630396e-07,0.7426114510651003
fine,208.8,-0.00021037612007879903,-0.0002103798264028944,0.00040350496083283203,0.9999692494558783,0.9999999998424829,-7.990274358190743e-16,2616.329225653082,1.0058602097194054e-06,0.7426130200193369
fine,209.6,0.00011796113610412856,0.00011795882684241998,0.00040986069489453965,0.9999683449892974,0.9999999998394864,-9.588329229828893e-16,2616.3292226062626,1.0148129139186855e-06,0.7426171222464366
fine,210.4,0.00043355065582448087,0.00043355264459796347,0.0003719332222739973,0.9999718177242376,0.9999999998365,-6.392219486552595e-16,2616.3292230764955,1.0262193195580252e-06,0.7426151838718189
fine,211.20000000000002,0.0007022941904440633,0.0007023035456669787,0.0002938208420528713,0.9999798295480877,0.9999999998335211,-9.588329229828893e-16,2616.3292262259433,1.035802551578306e-06,0.742612662646743
fine,212.0,0.0008951594859436317,0.0008951750415536117,0.00018396348527701783,0.9999896677887455,0.9999999998305413,-7.990274358190743e-16,2616.329226421389,1.0434347993684542e-06,0.7426150987009911
fine,212.8,0.0009913123880418032,0.0009913286018968862,5.422942416790208e-05,0.9999946773649394,0.9999999998275653,-7.990274358190743e-16,2616.329223338627,1.0533218954140124e-06,0.7426156412995895
fine,213.6,0.0009803616882103205,0.000980374675539767,-8.136471769878464e-05,0.9999942923094363,0.999999999824602,-1.1186384101467041e-15,2616.3292224500456,1.0644359823400698e-06,0.7426141778779758
fine,214.4,0.0008634863472690522,0.0008634965599309445,-0.00020816739434028294,0.9999891071565156,0.9999999998216456,-6.392219486552595e-16,2616.329225258596,1.0729477355922592e-06,0.7426153569330486
fine,215.20000000000002,0.0006533146065672851,0.0006533229229615504,-0.0003124779790531863,0.9999791513273683,0.9999999998186897,-9.588329229828893e-16,2616.3292267191605,1.0808896020440689e-06,0.7426146973158526
fine,216.0,0.0003725566933184317,0.00037256201689404557,-0.00038302744305140717,0.9999706163106274,0.9999999998157442,-9.588329229828893e-16,2616.3292242150533,1.0914525155681025e-06,0.7426136280060531
fine,216.8,5.1547759231709857e-05,5.154802696961068e-05,-0.00041219344190477166,0.9999675743534265,0.999999999812812,-7.990274358190743e-16,2616.3292221437196,1.101801272399828e-06,0.7426179138407548
fine,217.6,-0.0002750292233257436,-0.0002750354494609164,-0.00039682424835057827,0.9999692574101873,0.9999999998098849,-9.588329229828893e-16,2616.329224130324,1.1095660698340346e-06,0.7426191143863874
fine,218.4,-0.0005718915364906931,-0.0005719030128993198,-0.0003385808224968007,0.9999767199423535,0.9999999998069631,-1.1186384101467041e-15,2616.329226631598,1.1181361493759802e-06,0.7426140397371009
fine,219.20000000000002,-0.0008069677734921972,-0.0008069801937570633,-0.00024375601368201364,0.9999868228208221,0.9999999998040561,-9.588329229828893e-16,2616.3292251869434,1.1289371599166666e-06,0.7426150826547793
fine,220.0,-0.0009548588184980304,-0.00095486810768188,-0.00012259406695597482,0.9999931098599998,0.9999999998011615,-9.588329229828893e-16,2616.3292223253625,1.1382851010637312e-06,0.742619900793351
fine,220.8,-0.0009995813459753836,-0.0009995876991167666,1.1813954117814919e-05,0.9999948225477227,0.9999999997982724,-7.990274358190743e-16,2616.329223124997,1.1457370945092186e-06,0.7426161496986369
fine,221.6,-0.0009363002493599605,-0.0009363074449270188,0.00014494468146118242,0.9999914138807474,0.9999999997953936,-9.588329229828893e-16,2616.3292261886118,1.1550047251987131e-06,0.7426110593703289
fine,222.4,-0.0007718551075307979,-0.0007718651486152522,0.00026241437277653255,0.999982423966379,0.9999999997925313,-1.1186384101467041e-15,2616.3292260698317,1.1655666755143822e-06,0.7426134434964998
fine,223.20000000000002,-0.0005240171261425902,-0.0005240277777039562,0.00035153238787818735,0.9999739093840104,0.9999999997896807,-1.1186384101467041e-15,2616.329222958535,1.1739263596603578e-06,0.7426146904026911
fine,224.0,-0.00021956484137448546,-0.0002195721658467385,0.0004026697997223627,0.9999694166889719,0.9999999997868377,-7.990274358190743e-16,2616.3292224076945,1.1814781763256756e-06,0.7426117155621748
fine,224.8,0.00010860811384770226,0.00010860705270678283,0.0004103008788032357,0.9999687023662784,0.9999999997840088,-7.990274358190743e-16,2616.329225445414,1.1912845152826902e-06,0.7426116923016098
fine,225.6,0.00042504686546838234,0.0004250520042776906,0.0003736015753575005,0.9999741573480254,0.9999999997811974,-9.588329229828893e-16,2616.3292266487592,1.201210629459126e-06,0.7426134018731744
fine,226.4,0.0006955645245205938,0.0006955728509664623,0.0002965368074421569,0.9999828401572843,0.9999999997783969,-9.588329229828893e-16,2616.3292238204876,1.2087964285385742e-06,0.742613701115152
fine,227.20000000000002,0.0008909313368079479,0.0008909410397470247,0.00018743221630304927,0.9999892317746879,0.9999999997756067,-1.1186384101467041e-15,2616.3292220156823,1.216736587953997e-06,0.7426158074974883
fine,228.0,0.0009900352891194252,0.000990047818659315,5.8076807004280185e-05,0.9999932450654875,0.9999999997728343,-1.1186384101467041e-15,2616.329224455435,1.226764439635393e-06,0.7426180074367852
fine,228.8,0.000982169905917671,0.0009821858818950908,-7.755238027449275e-05,0.999992662020244,0.9999999997700793,-7.990274358190743e-16,2616.3292266836906,1.2358204775791187e-06,0.7426166162343139
fine,229.6,0.0008681891606756173,0.0008682051874790185,-0.0002048025206510718,0.9999863293176275,0.9999999997673347,-1.1186384101467041e-15,2616.3292246776546,1.242960153375995e-06,0.7426164447178195
fine,230.4,0.0006604090257631383,0.0006604201816850607,-0.0003099258592890871,0.9999791425726201,0.9999999997646043,-1.1186384101467041e-15,2616.329222065371,1.2513964397625294e-06,0.7426198386288242
fine,231.20000000000002,0.00038127676733219903,0.0003812803643836229,-0.0003815635922291688,0.9999730450491497,0.9999999997618937,-1.1186384101467041e-15,2616.329223430938,1.2612705192811512e-06,0.7426199099139814
fine,232.0,6.094865206924329e-05,6.094536557091917e-05,-0.00041197526105507147,0.9999692063126492,0.9999999997591993,-9.588329229828893e-16,2616.3292262243444,1.2694134866129957e-06,0.7426153459178143
fine,232.8,-0.0002659672475370998,-0.00026597440845240144,-0.00039787555917813,0.9999712800130356,0.999999999756517,-9.588329229828893e-16,2616.3292255514984,1.2764451539963998e-06,0.7426139123310084
fine,233.6,-0.0005641489183591641,-0.0005641572875059083,-0.0003407876630405503,0.999977551792099,0.9999999997538519,-1.1186384101467041e-15,2616.329222672638,1.2853051932818836e-06,0.7426166909371696
fine,234.4,-0.0008013761996575316,-0.0008013860966050682,-0.00024687921658503304,0.9999841744016503,0.9999999997512078,-9.588329229828893e-16,2616.329222580097,1.2946910011764911e-06,0.7426159277995311
fine,235.20000000000002,-0.0009520160622912,-0.0009520295627550902,-0.00012629729350395523,0.9999905569948836,0.9999999997485786,-1.1186384101467041e-15,2616.3292254367116,1.3020431882650901e-06,0.7426109382761301
fine,236.0,-0.0009997954993943173,-0.0009998121489800636,7.929441748602136e-06,0.9999934072107072,0.9999999997459634,-9.588329229828893e-16,2616.329226306974,1.3092297097639166e-06,0.742610108434968
fine,236.8,-0.000939555956078717,-0.0009395715105649794,0.00014129979210613636,0.9999902020225188,0.9999999997433685,-9.588329229828893e-16,2616.3292235632384,1.3183084636657802e-06,0.7426140711124183
fine,237.6,-0.0007778055947002167,-0.0007778156216759333,0.0002594045224471937,0.9999845651578522,0.9999999997407943,-7.990274358190743e-16,2616.329221942427,1.326979893328519e-06,0.7426142336703391
fine,238.4,-0.0005320175445288065,-0.000532020882334859,0.0003494819178697077,0.9999776198269701,0.9999999997382347,-7.990274358190743e-16,2616.3292244429217,1.3337672066732608e-06,0.7426109507768107
fine,239.20000000000002,-0.00022874595907524593,-0.00022874442431478637,0.0004017992405013622,0.9999706025131601,0.9999999997356916,-9.588329229828893e-16,2616.3292266603003,1.3412494821317641e-06,0.7426124323597626
fine,240.0,9.924260407026752e-05,9.924635421978017e-05,0.0004107047017555742,0.9999691499113651,0.9999999997331706,-9.588329229828893e-16,2616.329224439286,1.3502777840255477e-06,0.7426163752890486
fine,240.8,0.00041650941189157686,0.00041651410250526663,0.0003752358540225362,0.9999725435441266,0.999999999730669,-1.1186384101467041e-15,2616.329221712357,1.3581428234790198e-06,0.7426159346722254
fine,241.6,0.0006887724898542801,0.0006887796890870001,0.0002992247696732707,0.9999786222579748,0.999999999728183,-9.588329229828893e-16,2616.329223504995,1.3646256692434308e-06,0.7426152307792716
fine,242.4,0.0008866153609092771,0.0008866266721914765,0.00019088506135488812,0.9999877865921846,0.9999999997257161,-9.588329229828893e-16,2616.329226532448,1.3724160090183577e-06,0.7426176182980005
fine,243.20000000000002,0.000988667007645577,0.0009886795057514957,6.19217176426488e-05,0.9999939868223087,0.9999999997232717,-7.990274358190743e-16,2616.3292252460424,1.381125780947982e-06,0.7426174109023062
fine,244.0,0.000983902870245711,0.0009839116109342015,-7.373303235701035e-05,0.9999939367842295,0.9999999997208455,-9.588329229828893e-16,2616.3292220992053,1.3882171313338041e-06,0.7426159019837237
fine,244.8,0.0008728331101827885,0.000872837354680277,-0.00020142176367077467,0.9999897750249107,0.9999999997184367,-6.392219486552595e-16,2616.329222805003,1.3946300184629368e-06,0.7426185510867364
fine,245.6,0.0006674551562990827,0.000667457945255086,-0.00030734718024797163,0.9999810813705614,0.9999999997160484,-9.588329229828893e-16,2616.3292259141067,1.4026312040908672e-06,0.74261869198496
fine,246.4,0.0003899601866219768,0.00038996396876609356,-0.0003800652973400386,0.9999718594900059,0.9999999997136829,-6.392219486552595e-16,2616.3292258783144,1.4108061833639412e-06,0.7426132559670546
fine,247.20000000000002,7.033217139129854e-05,7.033687351593813e-05,-0.000411719990561099,0.9999679165948079,0.9999999997113349,-6.392219486552595e-16,2616.3292229839503,1.417252715958408e-06,0.7426138243759826
fine,248.0,-0.00025689256282985113,-0.000256889695102806,-0.0003988907590337452,0.9999692093524961,0.9999999997090048,-9.588329229828893e-16,2616.3292223130106,1.4237642803323686e-06,0.742619295307015
fine,248.8,-0.000556358380445433,-0.0005563607798068896,-0.00034296374626416337,0.9999751973936603,0.9999999997066978,-7.990274358190743e-16,2616.329224842733,1.4318063494091015e-06,0.7426153032885189
fine,249.6,-0.0007957121610313526,-0.0007957204868407691,-0.0002499819387845435,0.9999847069993605,0.9999999997044121,-9.588329229828893e-16,2616.329226194156,1.4393126128472076e-06,0.7426086075975137
fine,250.4,-0.0009490958713025757,-0.0009491076619222333,-0.00012999110316552436,0.999992510491639,0.9999999997021445,-7.990274358190743e-16,2616.329224086318,1.4452975913193939e-06,0.7426138707686963
fine,251.20000000000002,-0.0009999368596596463,-0.000999949428489778,4.045223463750777e-06,0.9999949130420228,0.9999999996998962,-9.588329229828893e-16,2616.329222024576,1.4519876907557802e-06,0.7426189343197077
fine,252.0,-0.0009427393103113049,-0.0009427521108909239,0.0001376448103317217,0.999992573079159,0.9999999996976711,-1.1186384101467041e-15,2616.329223562563,1.459869267415266e-06,0.7426119306310319
fine,252.8,-0.0007836819277399227,-0.0007836957693948309,0.00025637188039640663,0.9999850427449203,0.9999999996954673,-7.990274358190743e-16,2616.329226176223,1.4666667462412654e-06,0.7426090268813129
fine,253.6,-0.0005399521704358162,-0.0005399661247989136,0.0003473990568689808,0.9999746697064702,0.9999999996932811,-7.990274358190743e-16,2616.3292251651505,1.4723858762833534e-06,0.742616830443413
fine,254.4,-0.00023788612050051783,-0.00023789660176176138,0.0004008923917075944,0.9999685915445077,0.999999999691116,-9.588329229828893e-16,2616.329222044497,1.4792447197432827e-06,0.7426176710720056
fine,255.20000000000002,8.987919625259307e-05,8.987631859443158e-05,0.00041107177024582615,0.9999676985073455,0.9999999996889741,-9.588329229828893e-16,2616.3292224603642,1.4867742596467186e-06,0.7426114226194713
fine,256.0,0.0004079316874045656,0.0004079386342252152,0.00037683725199222216,0.999971955962492,0.999999999686852,-9.588329229828893e-16,2616.3292258828237,1.4929078844830012e-06,0.7426139339415273
fine,256.8,0.0006819113345193658,0.0006819258710609087,0.00030188828383013224,0.9999821403794438,0.9999999996847493,-7.990274358190743e-16,2616.329226011435,1.4985299691200941e-06,0.7426187449849053
fine,257.6,0.0008822191663410407,0.0008822354540461859,0.00019432151339218603,0.9999905264490438,0.9999999996826688,-7.990274358190743e-16,2616.3292224620527,1.5054721605786949e-06,0.7426147251274983
fine,258.4,0.0009872094200895206,0.0009872242520712249,6.575832855249203e-05,0.9999939502531159,0.9999999996806107,-9.588329229828893e-16,2616.3292218261936,1.5124973225388402e-06,0.7426133384360223
fine,259.2,0.0009855339078441473,0.0009855486929648994,-6.990874877648451e-05,0.9999936295757367,0.9999999996785717,-9.588329229828893e-16,2616.3292252996184,1.5180722263494178e-06,0.7426186194394407
fine,260.0,0.000877375853050422,0.000877390891293964,-0.00019802142889356475,0.9999868133303885,0.9999999996765526,-7.990274358190743e-16,2616.3292264037304,1.5237159130044365e-06,0.7426165402285573
fine,260.8,0.0006744249315830909,0.0006744367892042516,-0.0003047398723676548,0.999978239834577,0.9999999996745564,-7.990274358190743e-16,2616.3292232309013,1.5306154589247753e-06,0.7426112148981452
fine,261.6,0.00039860883611466427,0.00039861358871938506,-0.0003785336661110178,0.9999725944717376,0.9999999996725817,-1.1186384101467041e-15,2616.329221718419,1.5370500279962306e-06,0.7426163077475201
fine,262.4,7.972631904493193e-05,7.97223053246681e-05,-0.000411428750188134,0.9999690794886971,0.999999999670626,-1.1186384101467041e-15,2616.3292243896526,1.5422077316854727e-06,0.7426200236091458
fine,263.2,-0.0002477716165576178,-0.00024778252217040326,-0.00039987138069745706,0.9999708410781648,0.9999999996686909,-9.588329229828893e-16,2616.3292262500595,1.547929607256441e-06,0.7426119909533814
fine,264.0,-0.0005485028582021192,-0.0005485160258997327,-0.0003451103184019299,0.9999775063430242,0.9999999996667789,-7.990274358190743e-16,2616.329224237979,1.5546430545185648e-06,0.7426100798449898
fine,264.8,-0.0007899735042487454,-0.0007899855585268372,-0.00025306173011661317,0.9999848009329079,0.9999999996648867,-9.588329229828893e-16,2616.3292220651683,1.5604674976465776e-06,0.7426193381374021
fine,265.6,-0.0009460903405781025,-0.0009461015543491287,-0.00013367131653634333,0.9999910379763547,0.9999999996630132,-1.1186384101467041e-15,2616.329223271979,1.5653584919514981e-06,0.742618590037081
fine,266.4,-0.0009999850723989238,-0.000999996821826678,1.610362332261975e-07,0.9999937958847437,0.9999999996611613,-9.588329229828893e-16,2616.329225674344,1.5711586237410459e-06,0.742609203384531
fine,267.2,-0.0009458373712625889,-0.0009458486286097341,0.00013397571072533624,0.999990734227205,0.9999999996593316,-1.1186384101467041e-15,2616.3292253116056,1.5775528950246555e-06,0.7426125362185585
fine,268.0,-0.0007894998975123491,-0.0007895073761507569,0.0002533153804760152,0.9999834568884222,0.9999999996575218,-1.1186384101467041e-15,2616.329222717717,1.5828012234821326e-06,0.7426209952543131
fine,268.8,-0.0005478629885281302,-0.0005478644505875166,0.0003452863009554951,0.9999763074535131,0.9999999996557312,-1.1186384101467041e-15,2616.329222205498,1.5875517807155879e-06,0.742616044063349
fine,269.6,-0.00024703149956185373,-0.00024702777709517356,0.00039995094913818324,0.9999709473228816,0.999999999653962,-1.1186384101467041e-15,2616.3292248851353,1.593375516422797e-06,0.7426100981682935
fine,270.4,8.049284949260658e-05,8.04988103896528e-05,0.0004114030620884005,0.9999694207246808,0.9999999996522142,-9.588329229828893e-16,2616.3292261923903,1.5993437318532915e-06,0.7426163677157572
fine,271.2,0.0003993229892502952,0.00039932803593369635,0.0003784056876145075,0.9999740562229051,0.9999999996504846,-9.588329229828893e-16,2616.3292235038243,1.6040991162627047e-06,0.7426197291585435
fine,272.0,0.0006750088341802637,0.0006750122056792684,0.00030452330964960236,0.9999802432442221,0.9999999996487741,-1.1186384101467041e-15,2616.3292214896737,1.6088108189162425e-06,0.7426136777148346
fine,272.8,0.0008777602819065272,0.0008777648079071395,0.00019773871703698947,0.9999863388835085,0.9999999996470851,-1.1186384101467041e-15,2616.3292240506094,1.6145793203363237e-06,0.742613366100994
fine,273.6,0.0009856719689711703,0.0009856800751823767,6.95909239564728e-05,0.9999923649161465,0.9999999996454165,-9.588329229828893e-16,2616.329226603101,1.6200596202408667e-06,0.7426182144348838
fine,274.40000000000003,0.0009870895044608256,0.0009870992730163066,-6.60754428690784e-05,0.9999925989887328,0.9999999996437663,-7.990274358190743e-16,2616.329224274618,1.6244251859707868e-06,0.7426155708609942
fine,275.2,0.0008818603906841704,0.0008818684182608468,-0.00019460432445692218,0.9999886786045857,0.9999999996421354,-9.588329229828893e-16,2616.329221320528,1.6291508911184068e-06,0.7426123314925308
fine,276.0,0.0006813505706085252,0.0006813561791542947,-0.00030210756418970757,0.9999829206565638,0.9999999996405262,-7.990274358190743e-16,2616.329223238908,1.6347608169376025e-06,0.7426166126489494
fine,276.8,0.0004072224980527577,0.0004072272615006407,-0.00037696876125891,0.9999739635214444,0.9999999996389359,-9.588329229828893e-16,2616.329226370855,1.6397270957860742e-06,0.7426168902384627
fine,277.6,8.909474238256625e-05,8.910016961185102e-05,-0.0004111007429777655,0.9999686097214956,0.9999999996373636,-9.588329229828893e-16,2616.3292249419756,1.6438143687647817e-06,0.7426109135936312
fine,278.40000000000003,-0.00023865913405022988,-0.00023865357695326356,-0.00040081592927504814,0.9999695020895295,0.9999999996358104,-9.588329229828893e-16,2616.3292217462936,1.648567867314723e-06,0.7426127494730845
fine,279.2,-0.0005406240662597069,-0.0005406220364522383,-0.00034722507470000394,0.9999740537865323,0.9999999996342771,-1.1186384101467041e-15,2616.329222515685,1.653928466000064e-06,0.7426185814556062
fine,280.0,-0.0007841737721598352,-0.0007841793999123457,-0.0002561192000332447,0.9999831883288606,0.9999999996327622,-7.990274358190743e-16,2616.329225568021,1.658408041606339e-06,0.7426141743675627
fine,280.8,-0.0009429980721919796,-0.0009430112925681378,-0.00013734160364384823,0.9999919123645189,0.9999999996312642,-9.588329229828893e-16,2616.32922549097,1.6623262492517104e-06,0.7426088140372659
fine,281.6,-0.0009999402942677017,-0.0009999566839959339,-3.7242331331471665e-06,0.9999947843945112,0.9999999996297863,-7.990274358190743e-16,2616.3292226711083,1.667085780414953e-06,0.7426149100956022
fine,282.40000000000003,-0.0009488466635810021,-0.0009488622951413073,0.00013029602608872825,0.99999268836919,0.9999999996283279,-7.990274358190743e-16,2616.3292219851305,1.6721156461492144e-06,0.7426191941385433
fine,283.2,-0.0007952342907850221,-0.0007952486383733116,0.0002502380047620378,0.9999858777250791,0.9999999996268872,-6.392219486552595e-16,2616.3292244459753,1.6761495703791412e-06,0.7426125854551832
fine,284.0,-0.0005556997240220397,-0.0005557132430611749,0.00034314281949202594,0.9999762798001642,0.9999999996254637,-7.990274358190743e-16,2616.3292258724764,1.6799779943341803e-06,0.7426103581356366
fine,284.8,-0.00025612543018301476,-0.000256136560875983,0.00039897328534533867,0.9999693317312127,0.9999999996240594,-6.392219486552595e-16,2616.329223851118,1.6846895149237494e-06,0.7426174654593249
fine,285.6,7.111942290000693e-05,7.111412162756797e-05,0.000411697225355579,0.9999678269381125,0.999999999622673,-4.794164614914446e-16,2616.3292217587955,1.6893350116831686e-06,0.7426187073013543
fine,286.40000000000003,0.0003906772916593581,0.00039068131127496016,0.00037993961182822625,0.9999711505135538,0.9999999996213024,-7.990274358190743e-16,2616.329223304328,1.693006203812141e-06,0.7426131873626001
fine,287.2,0.0006680237443005717,0.0006680376827486904,0.00030713203018236583,0.9999792912108626,0.9999999996199493,-4.794164614914446e-16,2616.3292259808372,1.696805633125521e-06,0.7426139831467912
fine,288.0,0.0008731974697959901,0.0008732168729839281,0.00020114108350093187,0.9999891901458902,0.9999999996186139,-7.990274358190743e-16,2616.329224987343,1.7014173227405623e-06,0.7426185298323752
fine,288.8,0.0009840317402706204,0.0009840504660633,7.34174411558508e-05,0.9999946053920025,0.9999999996172952,-9.588329229828893e-16,2616.3292219170885,1.705654288787031e-06,0.742617311342
fine,289.6,0.0009885471612964972,0.0009885628568858087,-6.223929262412739e-05,0.9999947950841611,0.9999999996159928,-6.392219486552595e-16,2616.3292223703415,1.7090520366382124e-06,0.7426151148112247
fine,290.40000000000003,0.0008862530915427463,0.00088626646646244,-0.00019117071039742697,0.9999897814845203,0.9999999996147069,-7.990274358190743e-16,2616.3292256840937,1.7128465619131116e-06,0.7426169348646604
fine,291.2,0.0006882040512974894,0.0006882146026040093,-0.0002994464604320182,0.9999795492934266,0.9999999996134389,-6.392219486552595e-16,2616.329225803506,1.717293637755669e-06,0.7426171096805867
fine,292.0,0.00041580028773342077,0.0004158056686913359,-0.00037536936259498617,0.9999711324339758,0.9999999996121869,-6.392219486552595e-16,2616.3292224508086,1.7211193142340347e-06,0.7426153401488917
fine,292.8,9.8473479792158e-05,9.847132323698327e-05,-0.00041073622604166307,0.9999679147524252,0.9999999996109505,-7.990274358190743e-16,2616.3292217587095,1.7243166847490654e-06,0.7426167975774184
fine,293.6,-0.00022949195167238924,-0.00022950234677144448,-0.0004017252875656345,0.9999691130017805,0.9999999996097316,-4.794164614914446e-16,2616.3292249410647,1.7281119277576074e-06,0.7426175514871948
fine,294.40000000000003,-0.0005326638454947983,-0.0005326797705470043,-0.0003493106558281111,0.9999766526887893,0.9999999996085298,-4.794164614914446e-16,2616.3292261607853,1.732311227139475e-06,0.7426140476808007
fine,295.2,-0.0007782884838694773,-0.0007783046458147396,-0.0002591550083816014,0.9999860559249684,0.9999999996073428,-7.990274358190743e-16,2616.3292232898634,1.7357609044158447e-06,0.7426135292534235
fine,296.0,-0.0009398253240749538,-0.0009398381795164683,-0.00014099826118515747,0.9999917299015626,0.9999999996061707,-9.588329229828893e-16,2616.3292215308306,1.7388210096674087e-06,0.7426173163374497
fine,296.8,-0.0009998170042201252,-0.0009998271800995772,-7.607596842520062e-06,0.9999941116657042,0.999999999605015,-6.392219486552595e-16,2616.3292238825898,1.7425974150169069e-06,0.7426161930291956
fine,297.6,-0.0009517813736619369,-0.0009517908065091981,0.00012660391118095494,0.9999911807559781,0.9999999996038744,-6.392219486552595e-16,2616.329226063856,1.7465172236407728e-06,0.742611315069916
fine,298.40000000000003,-0.0008009114940967795,-0.0008009196482190324,0.0002471366161936849,0.9999831905837234,0.9999999996027475,-4.794164614914446e-16,2616.3292242841453,1.749635190315169e-06,0.7426125809020043
fine,299.2,-0.0005635098091069686,-0.0005635139835373029,0.0003409685169367501,0.9999758606515,0.9999999996016348,-4.794164614914446e-16,2616.3292216931177,1.75263839430368e-06,0.7426167337937108
fine,300.0,-0.0002652253542710109,-0.0002652236744931555,0.0003979608410421104,0.9999708817897043,0.9999999996005373,-6.392219486552595e-16,2616.3292227589263,1.7563524416613656e-06,0.7426145005819494
fine,300.8,6.171579231407705e-05,6.172258670500358e-05,0.0004119555494901313,0.9999692141465957,0.9999999995994548,-7.990274358190743e-16,2616.329225599623,1.7599768714219767e-06,0.7426106013439481
fine,301.6,0.0003819914488021921,0.0003820001439233384,0.00038144106494517955,0.9999736715021325,0.9999999995983869,-6.392219486552595e-16,2616.3292252331476,1.7628032829829122e-06,0.7426127656586534
fine,302.40000000000003,0.0006609978139630209,0.0006610049601815558,0.0003097139283622888,0.9999810478886603,0.999999999597334,-7.990274358190743e-16,2616.329222223484,1.7657708582307274e-06,0.7426157653731703
fine,303.2,0.0008685861878319148,0.0008685918167262881,0.00020452343638921257,0.9999872732929338,0.9999999995962975,-4.794164614914446e-16,2616.3292218642005,1.7693810322270817e-06,0.7426140092736293
fine,304.0,0.0009823245685364709,0.0009823320588998763,7.723586208388715e-05,0.9999922452992951,0.9999999995952752,-7.990274358190743e-16,2616.3292248864836,1.7726526386094374e-06,0.7426122409126601
fine,304.46,0.0009999858533445026,0.0009999953335673097,-6.706776582110782e-07,0.999993307472107,0.9999999995946941,-4.794164614914446e-16,2616.3292260467165,1.7741798108740231e-06,0.7426128569416633
wide,0.0,0.001,0.0010000000000000002,0.0,1.0000000000000002,1.0,0.0,2615.9860448063705,0.0,0.7426140469967158
wide,0.8,0.0009459770739453828,0.0009459770111105881,-0.00013382041871036192,0.9999889810558413,1.0,0.0,2615.986097442798,-9.663000701065545e-14,0.7426623516403636
wide,1.6,0.0007897510198605515,0.0007897504112948461,-0.00025317237492475636,0.999940243465242,1.0,0.0,2615.9861501613686,-8.367468890419137e-14,0.7426951888190602
wide,2.4,0.0005482041075556373,0.0005482032741594057,-0.0003451731254320628,0.9998855137998145,1.0,0.0,2615.9861018276683,-1.4540706949569432e-13,0.7426363654713998
wide,3.2,0.00024742807507374583,0.0002474281091819998,-0.0003998868883433928,0.9998634646830368,1.0,0.0,2615.986051592383,-2.122183177775077e-13,0.7426221126624359
wide,4.0,-8.008147820318765e-05,-8.008063183925879e-05,-0.00041139515449639647,0.9998591383568244,1.0000000000000002,1.5982512640237355e-16,2615.9860901648626,-2.0109607921043285e-13,0.742684614534573
wide,4.8,-0.00039893946332395755,-0.000398937843043213,-0.0003784566464061404,0.9998847914955247,1.0000000000000002,1.5982512640237355e-16,2615.9861360902087,-2.728429476604226e-13,0.7426775127752236
wide,5.6000000000000005,-0.0006746961325027286,-0.0006746947965583295,-0.00030462903009772087,0.9999271437863158,1.0000000000000002,1.5982512640237355e-16,2615.986112351029,-2.449534598157204e-13,0.7426160893555148
wide,6.4,-0.0008775536985389678,-0.0008775559185261859,-0.00019788414444167724,0.9999562472972761,1.0000000000000002,1.5982512640237355e-16,2615.986074366123,-3.0646880981541973e-13,0.7426415988603386
wide,7.2,-0.0009855965710290858,-0.0009856018465178628,-6.976065934574008e-05,0.9999768514395111,1.0000000000000002,1.5982512640237355e-16,2615.9860848979215,-2.682224280838822e-13,0.7426915230819766
wide,8.0,-0.000987156148021749,-0.0009871617288127927,6.589655980201912e-05,0.9999772030921749,1.0000000000000002,3.196502528047471e-16,2615.986119788544,-1.6060614584315899e-13,0.7426413597412074
wide,8.8,-0.0008820560697212924,-0.0008820674435233609,0.0001944363966279339,0.9999551600846708,1.0,0.0,2615.986129298407,-1.3597947462411024e-13,0.7425937402672999
wide,9.6,-0.0006816461026428861,-0.0006816715988669919,0.0003019704216806802,0.9999238971845488,1.0000000000000002,1.5982512640237355e-16,2615.9861038097415,-1.684895256601746e-13,0.742638184639549
wide,10.4,-0.00040758786503766894,-0.00040762532962431526,0.000376878207526664,0.9998934859693002,1.0000000000000002,1.5982512640237355e-16,2615.986081448199,-1.5185422785416196e-13,0.7426205681841748
wide,11.200000000000001,-8.949827557137399e-05,-8.953754939458867e-05,0.0004110670023499373,0.9998789772970835,1.0000000000000002,1.5982512640237355e-16,2615.986104634095,-1.5372885641572005e-13,0.7425142726457638
wide,12.0,0.00023825281530470265,0.00023822433676750195,0.0004008421785814406,0.9998836364533012,1.0000000000000002,1.5982512640237355e-16,2615.986144810154,-9.976250684061205e-14,0.7425249150062754
wide,12.8,0.0005402558378304227,0.0005402476364940836,0.0003473093371483721,0.9999093785350542,1.0,0.0,2615.986130265933,-1.2466418271413072e-13,0.7425964057510486
wide,13.6,0.000783887055353827,0.0007839006823706377,0.0002562505804631077,0.999939352394744,1.0,0.0,2615.9860815190095,-1.0142073702011104e-13,0.7425496026204019
wide,14.4,0.0009428142756952128,0.0009428556093571394,0.00013750116593451458,0.9999551829723701,1.0000000000000002,1.5982512640237355e-16,2615.9860936021155,-6.845639410557069e-14,0.742513804624931
wide,15.200000000000001,0.000999858431716912,0.0009999368386154103,3.89760739544766e-06,0.999962851925809,1.0000000000000002,1.5982512640237355e-16,2615.986152798426,-5.351197612583658e-14,0.7425823740177905
wide,16.0,0.0009488722016054468,0.0009489808520008799,-0.00013012205110481424,0.9999512549764001,1.0000000000000002,1.5982512640237355e-16,2615.986148413612,-6.574158524313398e-14,0.7425947083889815
wide,16.8,0.0007953753527704702,0.000795493914948281,-0.00025008637690328316,0.9999289177429926,1.0000000000000002,1.5982512640237355e-16,2615.9860876028447,-7.873382208938401e-14,0.7425452523995582
wide,17.6,0.0005559477778126027,0.0005560554648849007,-0.0003430339452991553,0.9999147968824378,1.0,0.0,2615.9860881539926,-1.1098825545579403e-13,0.742573914561527
wide,18.400000000000002,0.00025645742268101977,0.00025653566516301425,-0.0003989151954472762,0.9998972325723651,1.0,0.0,2615.9861499445597,-9.123409983175927e-14,0.7426152876927349
wide,19.2,-7.073898644637646e-05,-7.070150825988436e-05,-0.0004116943218791718,0.999890331577612,1.0000000000000002,1.5982512640237355e-16,2615.986156938072,-3.2590717096596214e-14,0.7425771874915564
wide,20.0,-0.00039029476055168864,-0.00039029966607119097,-0.0003799918792878692,0.9999020274457271,1.0,0.0,2615.986101274305,-2.568027068300091e-14,0.7425661687885597
wide,20.8,-0.0006676830997813969,-0.0006677265965497032,-0.00030723070918636943,0.999916857114889,1.0,0.0,2615.9860894865155,-2.325908512804481e-14,0.7426178354914597
wide,21.6,-0.0008729301884429864,-0.0008730069674745715,-0.0002012764372738544,0.9999411897827706,1.0000000000000002,1.5982512640237355e-16,2615.986138613774,-3.001229658126202e-14,0.742613526470757
wide,22.400000000000002,-0.000983858388263995,-0.0009839639807996705,-7.357882420224887e-05,0.999963492219029,1.0000000000000002,1.5982512640237355e-16,2615.9861583425727,-5.306921545828078e-14,0.7425699119795477
wide,23.2,-0.000988487124915663,-0.000988610054926285,6.20705885640016e-05,0.9999649009415801,1.0,0.0,2615.9861207454856,-1.0870332971006822e-13,0.7425956626377489
wide,24.0,-0.0008863263136520748,-0.0008864407022796934,0.0001910164064807408,0.9999514221289328,1.0,0.0,2615.9860933628233,-3.663259813547303e-14,0.7426350298270933
wide,24.8,-0.0006884134939466626,-0.0006884941953403456,0.00029932261537489815,0.9999265744356468,1.0,0.0,2615.9861161663425,-6.994901798499045e-14,0.7426040276181962
wide,25.6,-0.0004161212909770669,-0.00041615922935575714,0.00037528662987388,0.9998966305011959,0.9999999999999997,-3.196502528047471e-16,2615.9861480377863,-1.3998985992024204e-13,0.7425812389903372
wide,26.400000000000002,-9.886406371531522e-05,-9.886097815795647e-05,0.0004107028596019453,0.9998789985880433,1.0,0.0,2615.986135542977,-1.9930855332070595e-13,0.7426194867850269
wide,27.2,0.0002290806572501963,0.00022911849836340013,0.000401745301721157,0.9998827531369485,1.0,0.0,2615.9860931715207,-1.0880385316099901e-13,0.7426338953221472
wide,28.0,0.0005322776079481447,0.0005323427029410154,0.00034938068571861263,0.9999013134412772,1.0000000000000002,1.5982512640237355e-16,2615.986088641206,-1.0758131706631898e-13,0.7426029266281757
wide,28.8,0.0007779615322476115,0.000778049655085728,0.0002592681071279755,0.9999314058183227,1.0000000000000002,1.5982512640237355e-16,2615.986132306126,-1.5074652244451244e-13,0.7426037257740481
wide,29.6,0.0009395916863411558,0.0009396939081376778,0.00014114640297802132,0.9999653309395908,1.0000000000000002,1.5982512640237355e-16,2615.9861445367533,-1.6992804145698854e-13,0.7426312961720136
wide,30.400000000000002,0.0009997179298648082,0.0009998123490706358,7.774203501678732e-06,0.9999794959561219,0.9999999999999997,-3.196502528047471e-16,2615.986094415165,-2.1355457917927065e-13,0.7426264953421582
wide,31.2,0.0009518428413215563,0.0009519070898853477,-0.00012644233426788976,0.9999720846458708,1.0,0.0,2615.9860693249634,-2.133711241195723e-13,0.7426131257174806
wide,32.0,0.0008011263497150173,0.0008011521998389171,-0.0002469965444972838,0.9999476969513541,0.9999999999999997,-3.196502528047471e-16,2615.986116385117,-2.1288552424282223e-13,0.7426263423332337
wide,32.8,0.0005638471087738254,0.0005638385479620007,-0.00034086019032626236,0.9999048184382727,1.0,0.0,2615.986146609254,-2.602136333504015e-13,0.7426321577173075
wide,33.6,0.00026564209917077464,0.00026560781801102687,-0.00039789700526025537,0.9998719621618689,1.0,0.0,2615.986100872202,-2.902328971766802e-13,0.7426209167893956
wide,34.4,-6.12685039576639e-05,-6.131967548502856e-05,-0.00041194533973614426,0.9998653094571532,1.0,0.0,2615.9860629255813,-2.5199717962492005e-13,0.7426281465797682
wide,35.2,-0.0003815600885913004,-0.000381621861889702,-0.0003814853477263976,0.9998788696576889,1.0,0.0,2615.986100383333,-2.2140974371555222e-13,0.742639819698762
wide,36.0,-0.0006606254898455422,-0.0006606928389968499,-0.00030981071597906807,0.9999176871378772,1.0,0.0,2615.9861412982864,-2.2202387795546154e-13,0.7426255423208026
wide,36.800000000000004,-0.0008683192636941347,-0.0008683828158174049,-0.00020466435261796162,0.9999614848874814,1.0,0.0,2615.986112330537,-2.362621635679982e-13,0.7426181579584487
wide,37.6,-0.0009822067921361837,-0.0009822511089903657,-7.740165758678509e-05,0.9999835304274948,0.9999999999999997,-3.196502528047471e-16,2615.986067997622,-1.6857579268606395e-13,0.7426381636272715
wide,38.4,-0.0009899782369195385,-0.000989992448466762,5.822495127057321e-05,0.9999846453955092,1.0,0.0,2615.9860850259874,-1.570801185245856e-13,0.7426403910248057
wide,39.2,-0.0008907826746030648,-0.0008907718277110912,0.00018755689491004284,0.99996115227056,1.0,0.0,2615.9861303255743,-1.9265720565985897e-13,0.742616424642853
wide,40.0,-0.0006953338939854769,-0.0006953119047321947,0.0002966232843217797,0.9999184184616551,1.0,0.0,2615.98612580931,-1.1957906713229826e-13,0.7426168264400138
wide,40.800000000000004,-0.0004247548073290623,-0.0004247299853050254,0.00037364415170228703,0.9998831861257879,0.9999999999999997,-3.196502528047471e-16,2615.9860808911494,-1.5076369440345008e-13,0.7426384361669731
wide,41.6,-0.00010828516078644846,-0.0001082588203267284,0.0004102964745490251,0.999867054529952,1.0,0.0,2615.98607290539,-1.3116393820165315e-13,0.742632143318341
wide,42.4,0.00021988044123180626,0.00021990914519362062,0.00040261876832795447,0.9998715591375825,1.0,0.0,2615.9861164683784,-1.0558495474557384e-13,0.742610459115543
wide,43.2,0.0005242873241212022,0.0005243179395658184,0.00035144212423409896,0.9999020333413692,0.9999999999999996,-4.794753792071207e-16,2615.9861372390164,-6.81347039182203e-14,0.7426157786141233
wide,44.0,0.0007720535852775893,0.0007720792058448476,0.0002622948067202801,0.9999426481067677,0.9999999999999996,-4.794753792071207e-16,2615.986097895534,7.848969092967424e-14,0.7426302662268772
wide,44.800000000000004,0.0009364114181415208,0.0009364228144191116,0.00014480539079440855,0.9999699530322114,0.9999999999999997,-3.196502528047471e-16,2615.9860672130044,5.724858333769664e-14,0.7426219960396686
wide,45.6,0.0009995911634290736,0.0009995907472114668,1.1670347761599516e-05,0.9999811161639239,0.9999999999999997,-3.196502528047471e-16,2615.9861024487946,2.5888766132945653e-15,0.7426098085562727
wide,46.4,0.0009547588482669385,0.0009547599322872212,-0.0001227214956678801,0.9999695889483469,0.9999999999999996,-4.794753792071207e-16,2615.9861431036225,-3.751660041395603e-14,0.7426135687336884
wide,47.2,0.0008067659421228592,0.0008067764852722196,-0.00024385342722169258,0.9999351684330209,0.9999999999999996,-4.794753792071207e-16,2615.9861158167455,-2.0449395742764912e-14,0.7426178131702308
wide,48.0,0.0005716107707880697,0.0005716273528312206,-0.00033864244796286353,0.9999031211166176,0.9999999999999996,-4.794753792071207e-16,2615.9860699265796,-7.117840755117982e-14,0.7426145395893289
wide,48.800000000000004,0.00027470147158832923,0.00027471662297766814,-0.00039684419046267697,0.999882289959342,0.9999999999999996,-4.794753792071207e-16,2615.98609033345,-4.517241283153769e-14,0.7426125315427516
wide,49.6,-5.188404389009136e-05,-5.187585329523668e-05,-0.00041216825459778825,0.9998746420934447,0.9999999999999997,-3.196502528047471e-16,2615.98614151035,2.6608557160863753e-14,0.742609657109365
wide,50.4,-0.00037286400619915787,-0.0003728637277508376,-0.0003829610389114987,0.9998926689652632,0.9999999999999993,-6.393005056094942e-16,2615.986131886383,-1.612378807352375e-14,0.7426059074245454
wide,51.2,-0.0006535627840037329,-0.0006535666024512397,-0.0003123763595803646,0.9999220442552756,0.9999999999999996,-4.794753792071207e-16,2615.9860808018143,-5.509150990318891e-14,0.7426109001328697
wide,52.0,-0.0008636482519973112,-0.0008636545550299018,-0.00020803898427397,0.9999470097690345,0.9999999999999993,-6.393005056094942e-16,2615.9860815499633,-1.0178986818410255e-13,0.7426154070136034
wide,52.800000000000004,-0.000980412333293765,-0.000980428708197352,-8.122674789068888e-05,0.9999683701269689,0.9999999999999996,-4.794753792071207e-16,2615.986132617916,-1.4953167213517428e-13,0.74260531570727
wide,53.6,-0.0009912394960859005,-0.00099127534714449,5.435806729895626e-05,0.9999710043976907,0.9999999999999996,-4.794753792071207e-16,2615.986143623437,-2.2514859395216483e-13,0.7425981195736208
wide,54.4,-0.0008949706462945308,-0.0008950230482275032,0.00018407232974965152,0.9999517196245574,0.9999999999999993,-6.393005056094942e-16,2615.986097373728,-2.2136986473880234e-13,0.7426096550389254
wide,55.2,-0.0007020136080615731,-0.0007020682845051066,0.0002939021307150662,0.9999273482254246,0.9999999999999993,-6.393005056094942e-16,2615.9860770762457,-1.5522244224424807e-13,0.7426163044258726
wide,56.0,-0.00043321327195725576,-0.00043325778700141585,0.0003719763042295473,0.9999003171334244,0.9999999999999993,-6.393005056094942e-16,2615.986118445397,-1.1983559793135506e-13,0.7426027064899291
wide,56.800000000000004,-0.00011760718510670343,-0.00011763647514235247,0.0004098591210246644,0.999879924288144,0.9999999999999993,-6.393005056094942e-16,2615.9861490702347,-1.0417739513404066e-13,0.74259570021033
wide,57.6,0.00021070833804881343,0.00021069445783288286,0.00040345979168466786,0.9998830252396972,0.9999999999999993,-6.393005056094942e-16,2615.9861159614984,-1.076809454960997e-13,0.7426088495502211
wide,58.4,0.0005162609996979002,0.0005162609698512273,0.0003534682505490572,0.9999016412947654,0.9999999999999996,-4.794753792071207e-16,2615.9860777371623,-1.047558374297719e-13,0.7426151927369732
wide,59.2,0.0007660307553466537,0.0007660473971457699,0.0002652856653189501,0.9999270871978607,0.9999999999999993,-6.393005056094942e-16,2615.98610236577,-1.4271018508818954e-13,0.7426034767071931
wide,60.0,0.0009330251489066499,0.0009330665420721554,0.00014844333860347615,0.9999575178006848,0.9999999999999993,-6.393005056094942e-16,2615.986147277653,-1.5817506737525464e-13,0.7425978209312761
wide,60.800000000000004,0.000999208909512821,0.0009992753603571933,1.556440546793205e-05,0.9999732179785797,0.9999999999999996,-4.794753792071207e-16,2615.986132798062,-2.1653729156888538e-13,0.7426074006563295
wide,61.6,0.000957443241182282,0.0009575196032393491,-0.00011899970187283786,0.9999661321322326,0.9999999999999996,-4.794753792071207e-16,2615.9860839028856,-2.775065981581911e-13,0.7426132342913735
wide,62.4,0.0008122397096396112,0.0008123077521605041,-0.000240708996779571,0.9999470446701288,0.9999999999999993,-6.393005056094942e-16,2615.986087977371,-2.0224898324371736e-13,0.7426074828971491
wide,63.2,0.0005792783471370852,0.0005793293992551612,-0.0003364083537578165,0.9999153836898735,0.9999999999999993,-6.393005056094942e-16,2615.986138445576,-1.7258289148968226e-13,0.7426024004231228
wide,64.0,0.00028372601012038504,0.00028375871002007887,-0.00039575913657053275,0.99988391124297,0.9999999999999992,-7.991256320118678e-16,2615.986144752698,-1.925300037112646e-13,0.7426053994957345
wide,64.8,-4.2484051261424835e-05,-4.24697344971933e-05,-0.0004123516869144111,0.9998749915435814,0.9999999999999993,-6.393005056094942e-16,2615.986095014577,-2.3494724996413104e-13,0.7426115883826909
wide,65.6,-0.00036410378486538596,-0.0003641093444274031,-0.00038439162567114937,0.9998846229466917,0.9999999999999992,-7.991256320118678e-16,2615.9860782427245,-2.352170192418665e-13,0.7426130655777785
wide,66.4,-0.0006463781312598542,-0.0006464083603883411,-0.0003149004405378078,0.9999102061937629,0.9999999999999993,-6.393005056094942e-16,2615.9861241507597,-1.9996427059341764e-13,0.7426075081801955
wide,67.2,-0.0008588094969700619,-0.0008588674533598227,-0.00021138906228883493,0.9999489272800531,0.9999999999999993,-6.393005056094942e-16,2615.986149935942,-1.8824083654685152e-13,0.7426038396867385
wide,68.0,-0.0009784566004767087,-0.00097853313894408,-8.503794094091974e-05,0.9999745430988964,0.9999999999999993,-6.393005056094942e-16,2615.9861094351113,-1.4979417827289653e-13,0.7426107321987013
wide,68.8,-0.0009923982848406999,-0.000992473959327187,5.05052688835593e-05,0.9999772349204297,0.9999999999999993,-6.393005056094942e-16,2615.986074961595,-1.2498761764389647e-13,0.7426180031757701
wide,69.60000000000001,-0.0008991208241093131,-0.0008991815982351561,0.00018059156921904624,0.9999623803647367,0.9999999999999993,-6.393005056094942e-16,2615.9861071105506,-1.523990886031838e-13,0.7426119495587219
wide,70.4,-0.0007086938556589772,-0.0007087378344375122,0.0002911621368472896,0.9999270161963707,0.9999999999999993,-6.393005056094942e-16,2615.986147740337,-1.5597433798672874e-13,0.742603669203574
wide,71.2,-0.00044169229107557823,-0.00044172092319438513,0.00037027416543202363,0.9998893511927867,0.9999999999999993,-6.393005056094942e-16,2615.9861245211,-1.1303148635512126e-13,0.7426103428851762
wide,72.0,-0.00012696809129964876,-0.00012697931584886127,0.00040938228264743114,0.9998723039330875,0.9999999999999996,-4.794753792071207e-16,2615.986078553247,-2.406784616286491e-14,0.74262061016962
wide,72.8,0.00020147113082734098,0.00020148179821808293,0.0004042588840004054,0.9998744236044903,0.9999999999999993,-6.393005056094942e-16,2615.9860907035177,2.914548584541763e-14,0.7426154100115826
wide,73.60000000000001,0.0005081372883191333,0.0005081739794480662,0.0003554582420210011,0.9998979629157437,0.9999999999999996,-4.794753792071207e-16,2615.986138862153,5.949269279030182e-14,0.7426053534937096
wide,74.4,0.000759902093804892,0.0007599621870119238,0.0002682543286227723,0.9999382361484568,0.9999999999999993,-6.393005056094942e-16,2615.986137312976,1.1410940694218255e-13,0.7426099454712193
wide,75.2,0.0009295735842241224,0.000929642484339028,0.00015206537853552853,0.9999685451958819,0.9999999999999993,-6.393005056094942e-16,2615.9860882471457,6.923554217704167e-14,0.7426204187108486
wide,76.0,0.0009988186962633515,0.0009988794773804453,1.9443562979615183e-05,0.9999793146796199,0.9999999999999996,-4.794753792071207e-16,2615.9860782763285,1.575433178946267e-13,0.7426179973975183
wide,76.8,0.0009601442122372769,0.0009601919371826289,-0.00011527689991995339,0.9999714293241468,0.9999999999999996,-4.794753792071207e-16,2615.9861250503122,2.0455030159811226e-13,0.7426085425771342
wide,77.60000000000001,0.0008177242833733998,0.0008177626953341524,-0.0002375387949880032,0.9999394802831685,0.9999999999999996,-4.794753792071207e-16,2615.9861451499696,2.4856903554887987e-13,0.7426092089381279
wide,78.4,0.0005869527529333794,0.0005869813467857481,-0.0003341374851228913,0.9999018056409046,0.9999999999999997,-3.196502528047471e-16,2615.9861021577885,2.2569078924589264e-13,0.7426179191914822
wide,79.2,0.0002927680209269165,0.0002927803616105081,-0.0003946371090435096,0.9998796026204204,0.9999999999999996,-4.794753792071207e-16,2615.986072285683,3.031382651455387e-13,0.742619700063479
wide,80.0,-3.304436143930386e-05,-3.305434200822371e-05,-0.0004124980675879632,0.9998726389159328,0.9999999999999996,-4.794753792071207e-16,2615.986108778998,2.3519494646643186e-13,0.7426123543317115
wide,80.8,-0.00035528430982225366,-0.0003553179400076997,-0.0003857914424480918,0.9998882068294513,0.9999999999999993,-6.393005056094942e-16,2615.986146360719,3.426595194647328e-13,0.7426083303020808
wide,81.60000000000001,-0.0006391426019869339,-0.0006391926327875494,-0.0003174033501394915,0.9999232587174033,0.9999999999999996,-4.794753792071207e-16,2615.986117701674,3.6938435524060845e-13,0.7426142734704857
wide,82.4,-0.0008539547329440909,-0.0008540069593576938,-0.0002147193517033239,0.9999531874690605,0.9999999999999996,-4.794753792071207e-16,2615.986073878641,4.53852869300676e-13,0.7426203808053223
wide,83.2,-0.0009765040909441575,-0.0009765494877587795,-8.883483844612709e-05,0.9999714730544159,0.9999999999999996,-4.794753792071207e-16,2615.986092960589,3.8840799969092345e-13,0.7426158704409195
wide,84.0,-0.0009935399515987498,-0.0009935813134245887,4.6643963568496274e-05,0.9999745914924854,0.9999999999999996,-4.794753792071207e-16,2615.986140645374,4.777989770232675e-13,0.7426078459428749
wide,84.8,-0.0009032242010369287,-0.0009032652276179342,0.00017708104043883118,0.9999526208379724,0.9999999999999993,-6.393005056094942e-16,2615.9861319400093,4.876029657461586e-13,0.7426106051061642
wide,85.60000000000001,-0.0007153239209108668,-0.0007153586676745745,0.0002883888693476603,0.9999214267315699,0.9999999999999996,-4.794753792071207e-16,2615.986082578705,4.554711447570456e-13,0.7426197272207306
wide,86.4,-0.00045014292577767083,-0.0004501612109148215,0.00036853995935489807,0.9998963298013804,0.9999999999999993,-6.393005056094942e-16,2615.9860803884317,4.963000108863764e-13,0.7426183624895999
wide,87.2,-0.00013632920252103296,-0.00013632588841277677,0.0004088711094952953,0.9998781334163116,0.9999999999999993,-6.393005056094942e-16,2615.986129056875,4.829159282622976e-13,0.7426082771916155
wide,88.0,0.00019221574368177719,0.000192238529974978,0.00040502629658499247,0.9998806561633258,0.9999999999999996,-4.794753792071207e-16,2615.9861421077085,4.80106541496141e-13,0.742607755794247
wide,88.8,0.0004999993966517328,0.0005000331611234062,0.00035742124057394544,0.9999044720591436,0.9999999999999996,-4.794753792071207e-16,2615.986096543682,4.583845047749608e-13,0.7426177058746803
wide,89.60000000000001,0.0007537665640247894,0.0007538019535632985,0.00027119704925599066,0.9999311955746641,0.9999999999999996,-4.794753792071207e-16,2615.9860733864734,4.463376966292626e-13,0.7426196068006632
wide,90.4,0.0009260893864540437,0.0009261257513954092,0.00015567216143371748,0.9999574851463511,0.9999999999999996,-4.794753792071207e-16,2615.9861138566444,4.333879644364341e-13,0.7426099092611077
wide,91.2,0.0009983446731651204,0.0009983881148299184,2.3331753958932085e-05,0.9999741952183268,0.9999999999999996,-4.794753792071207e-16,2615.9861461950936,5.384626746209625e-13,0.7426061791279587
wide,92.0,0.0009627344255837897,0.0009627835401535756,-0.0001115295247823115,0.9999660752425937,0.9999999999999996,-4.794753792071207e-16,2615.9861129676765,6.362417413616395e-13,0.7426146078159066
wide,92.8,0.0008231142550282314,0.0008231568135548597,-0.00023434478030868335,0.9999437581752001,0.9999999999999996,-4.794753792071207e-16,2615.986073265145,6.777529757628891e-13,0.742619602358188
wide,93.60000000000001,0.0005945662485869846,0.0005945915531472125,-0.0003318410114912927,0.9999164788623816,0.9999999999999992,-7.991256320118678e-16,2615.9860979181767,6.506642177714006e-13,0.7426124608410505
wide,94.4,0.00030177756718847396,0.00030178399906615556,-0.00039348149016155625,0.9998868042708169,0.9999999999999996,-4.794753792071207e-16,2615.986143282192,6.039840755996962e-13,0.7426059328619498
wide,95.2,-2.362066606543841e-05,-2.3628765286297415e-05,-0.00041260887765074447,0.9998750480067454,0.9999999999999996,-4.794753792071207e-16,2615.9861286322284,6.292410821798795e-13,0.742611066114407
wide,96.0,-0.0003464717652579737,-0.0003464884566469876,-0.0003871568169437497,0.9998864323658243,0.9999999999999996,-4.794753792071207e-16,2615.986080079995,6.206684063237836e-13,0.7426185573917685
wide,96.8,-0.0006318885655938605,-0.0006319115832170684,-0.00031987365644641635,0.9999089903202741,0.9999999999999996,-4.794753792071207e-16,2615.986084274383,6.21651980546565e-13,0.7426153641705932
wide,97.60000000000001,-0.0008490256362966081,-0.0008490598883201629,-0.00021803184351892527,0.9999423164882296,0.9999999999999996,-4.794753792071207e-16,2615.9861338827523,6.13937088656882e-13,0.7426069633954315
wide,98.4,-0.0009744250228151433,-0.0009744742016693921,-9.26360549374688e-05,0.9999716137071996,0.9999999999999996,-4.794753792071207e-16,2615.9861405947686,6.078200709339652e-13,0.7426079172285237
wide,99.2,-0.0009945493171457118,-0.000994604824787936,4.277065817150914e-05,0.9999766212363325,0.9999999999999993,-6.393005056094942e-16,2615.9860925837593,6.697350160155773e-13,0.7426167018255954
wide,100.0,-0.0009072270672126674,-0.000907273809544878,0.0001735599761852716,0.9999632410142041,0.9999999999999997,-3.196502528047471e-16,2615.9860754874135,6.089520704998168e-13,0.7426178355481043
wide,100.8,-0.0007218849489660909,-0.000721915755695996,0.00028559562304059983,0.9999347694189438,0.9999999999999996,-4.794753792071207e-16,2615.986119755982,7.151916144143455e-13,0.742608986773423
wide,101.60000000000001,-0.0004585426046148825,-0.0004585597300425245,0.0003667716982061603,0.999896143060985,0.9999999999999996,-4.794753792071207e-16,2615.9861465986546,6.982358137587378e-13,0.742605808404936
wide,102.4,-0.00014565341325379675,-0.00014566041139720424,0.00040832132104228467,0.9998731233763246,0.9999999999999996,-4.794753792071207e-16,2615.986108376869,6.900813912486788e-13,0.7426142440911028
wide,103.2,0.00018297378213467502,0.00018297638526702947,0.0004057550748891777,0.9998737297073315,0.9999999999999996,-4.794753792071207e-16,2615.9860731986823,5.840577831167552e-13,0.7426192414925495
wide,104.0,0.000491827306391815,0.0004918433355885236,0.000359348991155674,0.9998918483467554,0.9999999999999997,-3.196502528047471e-16,2615.9861036482266,6.508415366769156e-13,0.7426116896400404
wide,104.8,0.0007475344888592417,0.0007475697820447351,0.00027411951999313137,0.9999289821913165,0.9999999999999996,-4.794753792071207e-16,2615.9861455841246,6.619178058913018e-13,0.7426051945111168
wide,105.60000000000001,0.0009224753654012945,0.0009225278913903614,0.00015927448451403276,0.9999658501998245,0.9999999999999996,-4.794753792071207e-16,2615.9861244752983,6.512081648277245e-13,0.7426115295424495
wide,106.4,0.0009977577683704416,0.0009978136244685732,2.721739769283524e-05,0.9999803263793043,0.9999999999999996,-4.794753792071207e-16,2615.986077880304,6.792487697981736e-13,0.7426192702745968
wide,107.2,0.0009652438856900636,0.0009652900223869888,-0.00010778244094045953,0.9999750410415508,0.9999999999999993,-6.393005056094942e-16,2615.986088709969,6.462841921717778e-13,0.7426146004813234
wide,108.0,0.0008284365330511474,0.0008284717308455749,-0.00023113370556041623,0.9999484632470075,0.9999999999999992,-7.991256320118678e-16,2615.9861377705006,6.721246766029627e-13,0.7426060722906125
wide,108.8,0.0006021156003717093,0.0006021438145853569,-0.0003295103884802061,0.9999070010345371,0.9999999999999993,-6.393005056094942e-16,2615.9861377746233,6.85302434723987e-13,0.7426088933644626
wide,109.60000000000001,0.0003107388601913697,0.0003107593320835734,-0.00039228765245509403,0.9998782033311371,0.9999999999999996,-4.794753792071207e-16,2615.9860886463434,6.399111038315198e-13,0.7426178930962751
wide,110.4,-1.4208171226234385e-05,-1.4200946648760284e-05,-0.0004126815181061482,0.9998702899459908,0.9999999999999992,-7.991256320118678e-16,2615.986077833953,5.764183367972561e-13,0.7426171621460527
wide,111.2,-0.000337614313419075,-0.0003376269711390069,-0.0003884873209476026,0.999881811023926,0.9999999999999993,-6.393005056094942e-16,2615.9861246614537,5.770627580856132e-13,0.7426081752554747
wide,112.0,-0.0006245398385045474,-0.0006245750708352948,-0.00032232112631422626,0.999916690287447,0.9999999999999993,-6.393005056094942e-16,2615.986145763131,6.071098367990781e-13,0.7426068290845532
wide,112.8,-0.0008439933079069647,-0.0008440432552406143,-0.00022132993206747911,0.999954349893492,0.9999999999999992,-7.991256320118678e-16,2615.9861035240356,6.036105550180386e-13,0.7426154722751854
wide,113.60000000000001,-0.0009722674099530962,-0.0009723175744457758,-9.64218836018728e-05,0.9999743921627171,0.9999999999999992,-7.991256320118678e-16,2615.9860731663803,5.647667824692247e-13,0.7426188831765157
wide,114.4,-0.0009954933953421584,-0.000995536971026632,3.8903804437628764e-05,0.99997789379986,0.9999999999999992,-7.991256320118678e-16,2615.9861087795502,6.212534215989075e-13,0.7426110182197307
wide,115.2,-0.0009111542010737553,-0.000911194908802804,0.0001700219705999684,0.999958294067486,0.9999999999999993,-6.393005056094942e-16,2615.986146936554,6.67110490057903e-13,0.7426057258604954
wide,116.0,-0.0007283668471357503,-0.0007284062435441135,0.0002827700217512526,0.9999212574453314,0.9999999999999992,-7.991256320118678e-16,2615.9861196946954,5.786971323742844e-13,0.7426124564917713
wide,116.8,-0.00046688754072215073,-0.0004669185694758585,0.0003649696875209834,0.9998920668233687,0.9999999999999989,-1.118775884816615e-15,2615.9860755798854,4.488477870301624e-13,0.7426193216236698
wide,117.60000000000001,-0.00015496911329029392,-0.00015498239711212654,0.0004077369504152763,0.9998765007597228,0.9999999999999992,-7.991256320118678e-16,2615.9860931307617,4.363959624563376e-13,0.7426139954302072
wide,118.4,0.00017368912135570216,0.00017369896413597198,0.00040645001052045266,0.9998778157228659,0.9999999999999989,-1.118775884816615e-15,2615.9861410859467,4.051236826359093e-13,0.7426058467184835
wide,119.2,0.00048358283441468555,0.0004836137246822549,0.0003612496835196942,0.9999037583332077,0.9999999999999992,-7.991256320118678e-16,2615.9861341013006,3.833968953478835e-13,0.7426094495329933
wide,120.0,0.0007412363002732222,0.0007412777501085608,0.0002770174370348229,0.9999361109027548,0.9999999999999989,-1.118775884816615e-15,2615.9860846368742,3.7011366657739894e-13,0.742618388330851
wide,120.8,0.0009188083812043692,0.0009188501891204231,0.00016285267239226486,0.999959568506449,0.9999999999999989,-1.118775884816615e-15,2615.9860807444893,3.3956051933447814e-13,0.7426166048613899
wide,121.60000000000001,0.0009971025414276108,0.0009971450922513139,3.109486915574661e-05,0.9999738266549293,0.9999999999999992,-7.991256320118678e-16,2615.986129375835,3.105437587533346e-13,0.7426072340766355
wide,122.4,0.0009676579760755369,0.0009677060984108406,-0.00010401889254206668,0.9999663155416696,0.9999999999999992,-7.991256320118678e-16,2615.986144003086,3.178600554490361e-13,0.7426069876039045
wide,123.2,0.0008336655336204759,0.0008337147825869697,-0.00022789591936742237,0.9999394082696359,0.9999999999999989,-1.118775884816615e-15,2615.98609859039,3.022434377966287e-13,0.7426162048022046
wide,124.0,0.0006096075875903688,0.000609645430869975,-0.00032715350396526536,0.9999127444176561,0.9999999999999989,-1.118775884816615e-15,2615.986073971439,3.1811162163184785e-13,0.7426183434432096
wide,124.8,0.0003196891822986499,0.0003197063645277182,-0.00039106324823901775,0.9998890160513674,0.9999999999999987,-1.2786010112189884e-15,2615.9861140175203,3.944595427266928e-13,0.7426095934042547
wide,125.60000000000001,-4.770192216293959e-06,-4.7750322630022445e-06,-0.0004127198299005524,0.9998770435321819,0.9999999999999989,-1.118775884816615e-15,2615.986147475527,3.816489308467463e-13,0.7426054938544525
wide,126.4,-0.0003287190467666046,-0.00032874053142663404,-0.0003897853019757474,0.9998897862534335,0.9999999999999987,-1.2786010112189884e-15,2615.986114772558,3.4687706975836473e-13,0.7426132197448545
wide,127.2,-0.0006171580467852045,-0.000617187637689753,-0.00032473565845913264,0.9999139285391795,0.9999999999999987,-1.2786010112189884e-15,2615.986074134613,3.570198142209127e-13,0.7426189588275682
wide,128.0,-0.0008389155658810037,-0.0008389501168405381,-0.0002245993251726723,0.9999403725882153,0.9999999999999987,-1.2786010112189884e-15,2615.986097967692,3.3463454818891775e-13,0.7426125099207435
wide,128.8,-0.0009700243148284758,-0.0009700688417191861,-0.00010019971165027955,0.999966614118624,0.9999999999999987,-1.2786010112189884e-15,2615.9861438722446,3.0272973820624535e-13,0.7426052764116172
wide,129.6,-0.0009963242713993382,-0.0009963799292181876,3.5023907673338136e-05,0.9999733400965939,0.9999999999999987,-1.2786010112189884e-15,2615.986130116991,2.9834064231973544e-13,0.7426100434493286
wide,130.4,-0.0009149844351685454,-0.0009150398126675743,0.0001664670350315332,0.9999585114690425,0.9999999999999992,-7.991256320118678e-16,2615.9860812069564,3.203226127822847e-13,0.7426183220586413
wide,131.2,-0.0007347930144564634,-0.0007348338431289436,0.00027992668857879284,0.9999350261426797,0.9999999999999986,-1.438426137621362e-15,2615.9860842558664,2.557690660135601e-13,0.7426153577588958
wide,132.0,-0.0004752114848295738,-0.00047523245436963867,0.00036313953425788094,0.9999031424264555,0.9999999999999989,-1.118775884816615e-15,2615.9861338392197,2.980060385315779e-13,0.7426063355996915
wide,132.8,-0.00016428211101023163,-0.00016428581791583442,0.000407116244958138,0.9998779188355708,0.9999999999999989,-1.118775884816615e-15,2615.986141671186,2.632369473222608e-13,0.7426072791777955
wide,133.6,0.00016440178542340134,0.00016441041340968288,0.00040710754304526384,0.999877283324407,0.9999999999999987,-1.2786010112189884e-15,2615.986093822654,2.603742547075041e-13,0.7426165434290954
wide,134.4,0.0004753248241608911,0.00047534280367424317,0.0003631125835405884,0.9998931473396594,0.9999999999999989,-1.118775884816615e-15,2615.9860754937813,2.5182354984613846e-13,0.7426176086831527
wide,135.2,0.0007348859690966416,0.0007349164481234978,0.00027988581920410284,0.9999221377643145,0.9999999999999987,-1.2786010112189884e-15,2615.9861193123347,2.8763740216339803e-13,0.7426085376463314
wide,136.0,0.0009150396538085847,0.0009150876210457736,0.00016642231126404514,0.9999586163784212,0.9999999999999987,-1.2786010112189884e-15,2615.9861472641787,2.588054776057673e-13,0.7426055112943312
wide,136.8,0.0009963315420225308,0.0009963915715205734,3.497766810655206e-05,0.9999775408077474,0.9999999999999987,-1.2786010112189884e-15,2615.9861095929855,2.9975907661974434e-13,0.7426139658612636
wide,137.6,0.0009699854643752397,0.0009700417137689039,-0.00010025032356574128,0.9999735333301936,0.9999999999999987,-1.2786010112189884e-15,2615.9860733552564,3.475805785470625e-13,0.7426188249205378
wide,138.4,0.0008388415201698496,0.0008388827610771114,-0.00022464711870914022,0.9999533925862639,0.9999999999999987,-1.2786010112189884e-15,2615.986103051292,3.083748328364673e-13,0.7426114448925302
wide,139.20000000000002,0.0006170610003487223,0.0006170873968052028,-0.0003247686601342482,0.9999160220865313,0.9999999999999987,-1.2786010112189884e-15,2615.9861457970915,3.461081786377347e-13,0.7426050212789592
wide,140.0,0.0003286058325246885,0.00032862104419274665,-0.0003898006865057546,0.9998816401998685,0.9999999999999986,-1.438426137621362e-15,2615.9861254683424,3.2084320058194176e-13,0.7426110236232405
wide,140.8,4.645189854571723e-06,4.64978630516614e-06,-0.0004127187604556781,0.9998706814483971,0.9999999999999987,-1.2786010112189884e-15,2615.9860782235064,2.8204788678631316e-13,0.7426187686562835
wide,141.6,-0.00031981443440101047,-0.0003198237605396484,-0.0003910447033781584,0.999878957737508,0.9999999999999986,-1.438426137621362e-15,2615.986088154111,2.6872459967323576e-13,0.7426145280572156
wide,142.4,-0.0006097130131247015,-0.0006097421043538757,-0.00032712152381683045,0.9999078074955852,0.9999999999999987,-1.2786010112189884e-15,2615.986137558765,2.337781413893792e-13,0.7426059311543483
wide,143.20000000000002,-0.0008337332352112145,-0.0008337829006424491,-0.00022785708506499122,0.9999491056093526,0.9999999999999986,-1.438426137621362e-15,2615.9861384441833,2.0433788863790647e-13,0.742608326038869
wide,144.0,-0.0009676814854489438,-0.0009677402372680613,-0.00010397208886350962,0.9999752481154801,0.9999999999999987,-1.2786010112189884e-15,2615.98608920123,3.507316288704964e-13,0.7426175022318038
wide,144.8,-0.0009970856387473178,-0.0009971381121550392,3.114990011750663e-05,0.999980012843393,0.9999999999999984,-1.5982512640237356e-15,2615.9860774781623,5.291303869362646e-13,0.7426172079008919
wide,145.6,-0.0009187581400814833,-0.0009187995279506637,0.00016290428771298688,0.9999651667504065,0.9999999999999987,-1.2786010112189884e-15,2615.986124110738,8.992221394672176e-13,0.7426080352824209
wide,146.4,-0.0007411571318968145,-0.0007411913096151612,0.0002770543715079589,0.9999280879411389,0.9999999999999986,-1.2786010112189884e-15,2615.9861460214183,1.905649266051229e-12,0.7426063522973626
wide,147.20000000000002,-0.00048347637098434073,-0.00048350387843606036,0.0003612717536143272,0.999891125195275,0.9999999999999984,-1.118775884816615e-15,2615.9861041618924,3.825381310402888e-12,0.7426152288920373
wide,148.0,-0.0001735617385618568,-0.00017357695987969685,0.00040645798877117907,0.9998735159002954,0.9999999999999979,-1.118775884816615e-15,2615.9860730239748,7.479429825477979e-12,0.7426189372720794
wide,148.8,0.00015510002196073952,0.00015510424892346987,0.00040772842109922845,0.9998734585405341,0.9999999999999968,-1.438426137621362e-15,2615.9861079964476,1.4020264819707203e-11,0.7426109328013145
wide,149.6,0.0004669997733480736,0.0004670276231611616,0.00036494706069941236,0.9998969726582922,0.9999999999999956,-1.2786010112189884e-15,2615.986146760001,2.5241811706610182e-11,0.7426055244121158
wide,150.4,0.0007284461084823096,0.0007284928079872957,0.00028273639526448717,0.9999357523200476,0.9999999999999933,-1.2786010112189884e-15,2615.986120272657,4.32419129042524e-11,0.7426124355815878
wide,151.20000000000002,0.0009111976423004161,0.0009112493997134695,0.00016997502971900904,0.9999639195394531,0.9999999999999895,-1.438426137621362e-15,2615.98607566473,7.045653723409306e-11,0.7426194311507546
wide,152.0,0.0009955026767866004,0.0009955493578418157,3.8847272556335604e-05,0.9999767566518138,0.9999999999999845,-1.2786010112189884e-15,2615.9860923109213,1.0979536105522409e-10,0.7426141078984365
wide,152.8,0.0009722422183388541,0.000972285544468179,-9.647398997151616e-05,0.9999711049060782,0.9999999999999774,-1.2786010112189884e-15,2615.986140527197,1.6394130562285672e-10,0.7426060076794887
wide,153.6,0.0008439310334851501,0.0008439744430991233,-0.00022136962344853354,0.99994133477617,0.9999999999999674,-1.5982512640237356e-15,2615.9861344426795,2.359491948467867e-10,0.7426096213490084
wide,154.4,0.0006244409197804021,0.0006244787706336936,-0.0003223506091485876,0.9999079726700709,0.9999999999999554,-1.438426137621362e-15,2615.986084859992,3.2837283010532973e-10,0.7426185507974614
wide,155.20000000000002,0.00033748949610207815,0.0003375113364082337,-0.00038850531930734427,0.9998858288655714,0.9999999999999399,-1.438426137621362e-15,2615.98608000983,4.439249477505593e-10,0.7426169291909859
wide,156.0,1.4078278990268172e-05,1.4077244308118138e-05,-0.00041268324186121243,0.999875143040942,0.9999999999999208,-1.5982512640237356e-15,2615.9861284855674,5.852130940395179e-10,0.7426077017262436
wide,156.8,-0.0003108541951879217,-0.00031087795735937037,-0.0003922736834037986,0.9998876142951459,0.9999999999998982,-1.5982512640237356e-15,2615.986143957374,7.55011556880139e-10,0.7426073408451555
wide,157.6,-0.0006022072895815575,-0.0006022454191713942,-0.00032948151206537297,0.9999176734819465,0.9999999999998712,-1.5982512640237356e-15,2615.9860988640744,9.562580663791433e-10,0.7426165166444049
wide,158.4,-0.0008285022533403159,-0.0008285436081086458,-0.0002310884260961131,0.9999447141604988,0.9999999999998392,-1.7580763904261092e-15,2615.986073465456,1.1917669929244465e-09,0.7426189244924429
wide,159.20000000000002,-0.0009652792551596987,-0.0009653211501677182,-0.00010772807516174633,0.9999663633450978,0.9999999999998025,-1.7580763904261092e-15,2615.9861129587503,1.4641056452662005e-09,0.7426103266201923
wide,160.0,-0.0009977547520647475,-0.0009978022642169143,2.726750959100277e-05,0.9999736823431074,0.9999999999997601,-1.917901516828483e-15,2615.9861470152496,1.775941197661419e-09,0.7426060450912821
wide,160.8,-0.000922427878461654,-0.0009224796938620691,0.00015931694421731176,0.999956328422537,0.9999999999997125,-1.438426137621362e-15,2615.9861149990556,2.129665424281086e-09,0.7426137082460796
wide,161.6,-0.000747445397979136,-0.0007474895702583568,0.0002741571130106899,0.999930046204901,0.9999999999996582,-1.438426137621362e-15,2615.9860739006554,2.5272088724639466e-09,0.7426196787557748
wide,162.4,-0.0004917112627317876,-0.0004917363883017463,0.0003593767620022885,0.9999038168902389,0.9999999999995974,-1.438426137621362e-15,2615.9860968721673,2.970016405520205e-09,0.7426133357464465
wide,163.20000000000002,-0.00018285071527047542,-0.00018285373084226173,0.00040576595707934204,0.9998806962938307,0.9999999999995302,-1.438426137621362e-15,2615.9861430002316,3.459410460417226e-09,0.742605956912032
wide,164.0,0.0001457696917894648,0.00014578477981810087,0.0004083149788043303,0.9998789682989325,0.9999999999994561,-1.2786010112189884e-15,2615.9861301680958,3.996151802677947e-09,0.7426106705881407
wide,164.8,0.00045864678457939424,0.00045867222079156404,0.0003667480463147521,0.9998974866134017,0.9999999999993747,-1.438426137621362e-15,2615.986081232418,4.579491679873494e-09,0.7426190816750267
wide,165.6,0.0007219712876300129,0.0007220021720309875,0.00028555472702090516,0.9999224411828318,0.9999999999992867,-1.2786010112189884e-15,2615.9860833150456,5.211722748785663e-09,0.7426162060499024
wide,166.4,0.0009072836003461076,0.0009073233698744805,0.00017351090276919776,0.9999531982612723,0.999999999999191,-1.5982512640237356e-15,2615.9861327102303,5.894467337311422e-09,0.7426071469729114
wide,167.20000000000002,0.0009945632079051147,0.0009946155687965046,4.272352579873982e-05,0.9999743406733576,0.9999999999990884,-1.438426137621362e-15,2615.9861415022383,6.618411211383027e-09,0.7426080146134528
wide,168.0,0.0009743912148544215,0.0009744480123608391,-9.2682008017381e-05,0.9999705599345423,0.9999999999989787,-1.118775884816615e-15,2615.9860940668004,7.39185122067233e-09,0.7426172409343866
wide,168.8,0.0008489506933978175,0.0008489967401561526,-0.00021807751179684102,0.9999519931303728,0.9999999999988624,-1.118775884816615e-15,2615.9860748612214,8.208740318709945e-09,0.7426183574966274
wide,169.6,0.0006317876786199454,0.0006318149662354411,-0.00031990967895094636,0.9999221726436418,0.9999999999987396,-1.438426137621362e-15,2615.9861180832054,9.045578402653893e-09,0.7426093417797801
wide,170.4,0.0003463597192395118,0.00034636987824157036,-0.00038717518730088337,0.999887771321457,0.9999999999986126,-1.2786010112189884e-15,2615.986146806816,9.929399334256478e-09,0.7426062029268659
wide,171.20000000000002,2.3504947654986984e-05,2.3502614012976937e-05,-0.00041260967104062225,0.9998729454229971,0.9999999999984813,-1.2786010112189884e-15,2615.986109928338,1.0811089221493031e-08,0.7426144861946975
wide,172.0,-0.00030189204447016876,-0.00030190375713303814,-0.00039346446560485393,0.9998804601633117,0.9999999999983468,-1.2786010112189884e-15,2615.986073119324,1.1723044995686948e-08,0.7426193945682797
wide,172.8,-0.0005946677409189098,-0.0005946906637101759,-0.0003318072656401187,0.9999028920916779,0.9999999999982097,-1.118775884816615e-15,2615.9861019298596,1.2632978859886786e-08,0.7426121610625537
wide,173.6,-0.0008231852227697125,-0.0008232249592281573,-0.00023430278260881045,0.9999404211403701,0.999999999998069,-1.2786010112189884e-15,2615.986145102094,1.3563249817351315e-08,0.7426056251653798
wide,174.4,-0.0009627618885375974,-0.000962817012821737,-0.00011148484479138914,0.9999720415340645,0.999999999997925,-1.118775884816615e-15,2615.9861258219703,1.450751515010928e-08,0.7426113774982384
wide,175.20000000000002,-0.000998327031726098,-0.0009983838446317559,2.3381923495078042e-05,0.9999794251764691,0.9999999999977754,-1.2786010112189884e-15,2615.9860784439543,1.547414267873683e-08,0.7426191280264449
wide,176.0,-0.0009260349070293964,-0.000926079764270814,0.00015572460166869887,0.9999681603275402,0.9999999999976197,-1.438426137621362e-15,2615.98608733714,1.6482693710614503e-08,0.7426150386773097
wide,176.8,-0.0007536865647537902,-0.0007537173624312098,0.00027123901536249214,0.999937293359666,0.9999999999974574,-1.118775884816615e-15,2615.9861366970385,1.7520476400557282e-08,0.7426063375643165
wide,177.6,-0.000499901031817465,-0.0004999218656455848,0.00035744588046181084,0.9998965743331514,0.9999999999972863,-1.118775884816615e-15,2615.986138685604,1.8615258922164738e-08,0.7426084534838275
wide,178.4,-0.00019210207622784528,-0.0001921140679751671,0.00040503478322728156,0.9998731722288492,0.9999999999971066,-9.589507584142415e-16,2615.986089791842,1.9751159300082373e-08,0.7426175692963614
wide,179.20000000000002,0.0001364504025464882,0.00013645049603096363,0.000408862651829515,0.9998715269433677,0.9999999999969175,-1.118775884816615e-15,2615.986077079223,2.0943981510648856e-08,0.7426174126320016
wide,180.0,0.0004502541789723302,0.00045027226886165304,0.00036851527853551635,0.9998895511481709,0.9999999999967186,-9.589507584142415e-16,2615.98612320644,2.220324863075598e-08,0.7426082221370549
wide,180.8,0.0007154061023454303,0.0007154455732919594,0.0002883541775131723,0.9999283263538161,0.9999999999965092,-7.991256320118678e-16,2615.986146092975,2.3489286128013364e-08,0.7426063130451818
wide,181.6,0.0009032677727363085,0.0009033212039343902,0.00017703792934551223,0.9999641352877758,0.9999999999962884,-7.991256320118678e-16,2615.9861050332574,2.4911263950341713e-08,0.7426150533909787
wide,182.4,0.0009935461799632933,0.0009935984234670612,4.6590053248535565e-05,0.9999790888045594,0.9999999999960552,-9.589507584142415e-16,2615.986073146449,2.6286977250597187e-08,0.7426188456368941
wide,183.20000000000002,0.0009764783097632804,0.0009765213903617407,-8.889153390353899e-05,0.9999757429531364,0.9999999999958089,-9.589507584142415e-16,2615.9861072223416,2.7910829839766972e-08,0.7426109041246647
wide,184.0,0.0008539002410567934,0.0008539372762448547,-0.00021476484630757048,0.9999488645920811,0.9999999999955478,-9.589507584142415e-16,2615.986146625665,2.939553261062752e-08,0.7426053215239835
wide,184.8,0.0006390593085983345,0.0006390926944397153,-0.0003174338204683993,0.9999090533393188,0.9999999999952708,-9.589507584142415e-16,2615.9861212356705,3.1252289522600876e-08,0.7426120002803689
wide,185.6,0.0003551742387034626,0.00035519885789709737,-0.00038580882628109055,0.9998823312827854,0.9999999999949762,-9.589507584142415e-16,2615.9860762616054,3.289817535653207e-08,0.7426190103151542
wide,186.4,3.291964230849947e-05,3.292738083826567e-05,-0.0004124997523183885,0.9998724202789926,0.999999999994666,-9.589507584142415e-16,2615.9860917775686,3.495304052223477e-08,0.7426138432021053
wide,187.20000000000002,-0.00029288696530287297,-0.00029290189705914076,-0.0003946223135843825,0.9998822390190288,0.99999999999434,-9.589507584142415e-16,2615.9861401807634,3.685168883838876e-08,0.7426056714987753
wide,188.0,-0.000587049403693765,-0.0005870856800603572,-0.00033410967578231343,0.9999152177117728,0.9999999999940022,-7.991256320118678e-16,2615.986135324588,3.894743462129671e-08,0.7426090230583227
wide,188.8,-0.0008177928293044129,-0.0008178394517549258,-0.00023749714097392468,0.9999488758888737,0.9999999999936521,-1.2786010112189884e-15,2615.9860858639786,4.120184496069591e-08,0.7426179169108722
wide,189.6,-0.0009601843333952172,-0.0009602295707630605,-0.00011522172340345022,0.999969048425704,0.9999999999932939,-7.991256320118678e-16,2615.986079858235,4.320978233228901e-08,0.7426165100790431
wide,190.4,-0.0009988282411291355,-0.0009988712165653422,1.950049665664009e-05,0.9999758263998977,0.9999999999929242,-9.589507584142415e-16,2615.986128013657,4.584011461305323e-08,0.7426072988268279
wide,191.20000000000002,-0.0009295468582495314,-0.0009295923490325765,0.00015211211891907482,0.9999587855454825,0.9999999999925451,-1.118775884816615e-15,2615.9861446143923,4.7882431840476396e-08,0.7426066624610622
wide,192.0,-0.0007598342192618298,-0.0007598790518338074,0.0002682906861288766,0.9999263893563857,0.9999999999921546,-1.118775884816615e-15,2615.9861001046884,5.06868310298855e-08,0.7426157237474726
wide,192.8,-0.0005080322389621549,-0.0005080653365181275,0.0003554851413537829,0.9998998098853191,0.9999999999917539,-1.118775884816615e-15,2615.9860737112695,5.3150813778101804e-08,0.7426183404016599
wide,193.6,-0.0002013449785231767,-0.00020135721576485066,0.00040427083427056895,0.999880952166498,0.9999999999913425,-1.2786010112189884e-15,2615.986112418649,5.577654037221609e-08,0.7426098520783877
wide,194.4,0.00012709554817613356,0.0001271064239197503,0.00040937684686041017,0.9998784759844633,0.999999999990922,-1.2786010112189884e-15,2615.9861473154688,5.897845974827529e-08,0.7426053611701952
wide,195.20000000000002,0.00044180874464938314,0.00044183734242383163,0.00037025295884633437,0.999900034144382,0.9999999999904932,-1.2786010112189884e-15,2615.9861162707416,6.13870934592865e-08,0.7426128734788994
wide,196.0,0.000708794436631601,0.0007088305721801003,0.0002911238631464572,0.9999276616991263,0.999999999990058,-7.991256320118678e-16,2615.986074535258,6.505601993361912e-08,0.7426190282451397
wide,196.8,0.0008991989570755307,0.000899237560974858,0.00018053946937142854,0.9999525846006764,0.9999999999896173,-1.118775884816615e-15,2615.9860964038267,6.786968465886719e-08,0.7426128876373576
wide,197.6,0.0009924416387870482,0.0009924869833812246,5.045236242199964e-05,0.9999717345352443,0.9999999999891717,-1.118775884816615e-15,2615.9861429399334,7.122101534322823e-08,0.7426053938360344
wide,198.4,0.0009784527337594459,0.0009785066275540956,-8.508373981015319e-05,0.9999683933865723,0.9999999999887287,-1.2786010112189884e-15,2615.9861312847875,7.511693363854226e-08,0.7426099053310335
wide,199.20000000000002,0.0008587539825923211,0.000858806256672243,-0.0002114305600130529,0.9999468037997479,0.9999999999882838,-1.2786010112189884e-15,2615.986082162916,7.78967278842088e-08,0.7426184068172356
wide,200.0,0.0006462789955043532,0.0006463159179159159,-0.0003149358034772878,0.9999214416229297,0.9999999999878515,-1.118775884816615e-15,2615.9860829980316,8.241131660086112e-08,0.7426157767484822
wide,200.8,0.00036397849832527275,0.00036399407441199005,-0.0003844120533772655,0.9998928796276223,0.9999999999874238,-9.589507584142415e-16,2615.9861322858264,8.563989948764692e-08,0.7426067112822528
wide,201.6,4.234910341566839e-05,4.234537664083276e-05,-0.00041235415122342953,0.9998763735636718,0.9999999999870094,-1.118775884816615e-15,2615.9861422561335,8.94434356804183e-08,0.7426073674661006
wide,202.4,-0.0002838613657402045,-0.0002838782806008068,-0.00039574465853302337,0.9998845189934861,0.9999999999866064,-1.2786010112189884e-15,2615.986095127129,9.409602259473198e-08,0.7426166078333226
wide,203.20000000000002,-0.0005794054848353401,-0.000579430274111172,-0.00033637616797637163,0.9999051673993549,0.9999999999862071,-1.118775884816615e-15,2615.986074773152,9.720916019587659e-08,0.7426180105117911
wide,204.0,-0.0008123429688170852,-0.000812377298838936,-0.00024066465585595656,0.9999347470813353,0.9999999999858259,-1.438426137621362e-15,2615.9861174109246,1.0220814539360167e-07,0.7426091154608819
wide,204.8,-0.0009575036557186487,-0.000957552669953432,-0.00011895431606446316,0.9999660645955838,0.9999999999854415,-1.2786010112189884e-15,2615.986147112706,1.0655703245924646e-07,0.7426057884251522
wide,205.6,-0.000999213628986806,-0.000999272887182545,1.5608441680992853e-05,0.9999763329449981,0.9999999999850712,-1.2786010112189884e-15,2615.9861109721214,1.1024825247869823e-07,0.74261399132086
wide,206.4,-0.0009329738731655169,-0.0009330281642024096,0.00014848903545824427,0.9999655481454363,0.9999999999846996,-1.438426137621362e-15,2615.9860732915226,1.1636563548009683e-07,0.7426191481689018
wide,207.20000000000002,-0.0007659359023244976,-0.000765973576560677,0.0002653266506621936,0.9999416457774466,0.999999999984318,-1.438426137621362e-15,2615.9861011284297,1.2012388849938264e-07,0.7426121087601534
wide,208.0,-0.0005161395702130893,-0.000516159918772651,0.00035349417873792115,0.999904909656892,0.9999999999839382,-1.2786010112189884e-15,2615.986144890854,1.2555876944698567e-07,0.7426054260592839
wide,208.8,-0.00021057255589791997,-0.00021057960144164523,0.0004034686690488851,0.9998766871973496,0.999999999983525,-9.589507584142415e-16,2615.9861266304656,1.3197376756102594e-07,0.7426110284656622
wide,209.6,0.00011774852044662365,0.00011775208368820717,0.0004098520429840901,0.99987308072447,0.9999999999830977,-1.2786010112189884e-15,2615.9860788161204,1.361210310771884e-07,0.7426189738384606
wide,210.4,0.00043334573702278256,0.0004333610769132425,0.00037195277248363987,0.9998870730510006,0.9999999999826353,-1.2786010112189884e-15,2615.986086537686,1.4358947641194292e-07,0.742615153154143
wide,211.20000000000002,0.000702115175194365,0.0007021476975926989,0.000293867481790777,0.9999193186943592,0.9999999999821252,-1.438426137621362e-15,2615.986136022944,1.4998789510248077e-07,0.7426064037065808
wide,212.0,0.0008950216966117263,0.00089507306387464,0.00018403413702952615,0.9999587284801241,0.9999999999815842,-9.589507584142415e-16,2615.9861391415498,1.5569977872282505e-07,0.7426083401700718
wide,212.8,0.000991233815080864,0.0009912931816750267,5.431496140448084e-05,0.999978865631064,0.9999999999809712,-1.2786010112189884e-15,2615.98609030459,1.6478749978141906e-07,0.7426175552993333
wide,213.6,0.0009803575754423898,0.0009804092135018935,-8.127620777345666e-05,0.9999773222804278,0.9999999999803089,-1.2786010112189884e-15,2615.9860764261102,1.7181440362357746e-07,0.7426176717589654
wide,214.4,0.0008635581589820681,0.000863596252813548,-0.00020808410053422402,0.9999565070487447,0.9999999999795813,-1.2786010112189884e-15,2615.9861221828596,1.7930620226234338e-07,0.7426085089468276
wide,215.20000000000002,0.0006534498321825786,0.0006534778840261326,-0.00031240648678745327,0.9999165730419012,0.9999999999787733,-1.438426137621362e-15,2615.9861460724137,1.9038127276924737e-07,0.7426063982598359
wide,216.0,0.00037273710415980924,0.00037275700689899384,-0.0003829764412989414,0.9998823437096581,0.9999999999779102,-1.438426137621362e-15,2615.9861055261667,1.9802862353985347e-07,0.7426151248012671
wide,216.8,5.17538046010187e-05,5.176223442778316e-05,-0.00041216977748773304,0.9998702357040444,0.9999999999769582,-1.438426137621362e-15,2615.986072686507,2.0786207716028383e-07,0.7426191698533949
wide,217.6,-0.0002748161679826713,-0.0002748252352941429,-0.00039683023127553034,0.9998769447601197,0.9999999999759388,-1.438426137621362e-15,2615.9861059851078,2.2116753660603148e-07,0.7426113582332696
wide,218.4,-0.0005716883853688643,-0.0005717197450834246,-0.0003386168530327336,0.9999070074057607,0.9999999999748546,-1.118775884816615e-15,2615.9861461093515,2.2903513118083284e-07,0.7426056193048413
wide,219.20000000000002,-0.0008067952964636199,-0.0008068450060406831,-0.00024381912590718915,0.9999475455061788,0.9999999999736889,-1.438426137621362e-15,2615.9861215892124,2.4253379679572895e-07,0.7426122020559663
wide,220.0,-0.000954742449787431,-0.0009547963950145872,-0.00012267518940667276,0.9999725152597205,0.9999999999724829,-1.2786010112189884e-15,2615.986076046815,2.571238479759932e-07,0.7426194080019373
wide,220.8,-0.0009995393065955315,-0.0009995861439368908,1.1724878632060276e-05,0.9999794019187748,0.9999999999712136,-1.118775884816615e-15,2615.986090539336,2.657674488845292e-07,0.7426144278049817
wide,221.6,-0.0009363353169389136,-0.0009363758569712114,0.00014485451007586127,0.9999655265552588,0.9999999999699015,-9.589507584142415e-16,2615.986139225047,2.8367359026476434e-07,0.7426061387579276
wide,222.4,-0.0007719597963198347,-0.0007719979501566538,0.00026233129819592084,0.9999295574441391,0.9999999999685758,-9.589507584142415e-16,2615.9861353959122,2.9837449203519505e-07,0.7426093065504542
wide,223.20000000000002,-0.0005241800739698234,-0.0005242120338538107,0.00035146751961768867,0.9998957684880246,0.9999999999672111,-1.438426137621362e-15,2615.9860858342513,3.0924083687417866e-07,0.74261829540463
wide,224.0,-0.00021977084920604825,-0.00021978774673516723,0.00040263132555023366,0.9998775346667901,0.9999999999658703,-9.589507584142415e-16,2615.9860787328175,3.3114511114781715e-07,0.7426171016799152
wide,224.8,0.00010837855365840943,0.00010838371766110178,0.0004102924201638857,0.9998745837559545,0.9999999999645506,-1.2786010112189884e-15,2615.986126707678,3.4563239160119725e-07,0.7426078553540142
wide,225.6,0.00042481719067056947,0.0004248453197546661,0.00037362477671666047,0.9998961860235319,0.9999999999632518,-1.118775884816615e-15,2615.9861443116906,3.598400650307443e-07,0.7426070205857382
wide,226.4,0.000695363268284203,0.0006954060234898153,0.0002965892752605536,0.9999308894837645,0.9999999999620515,-9.589507584142415e-16,2615.986100170417,3.8491370442144597e-07,0.7426160934919723
wide,227.20000000000002,0.0008907872100871009,0.0008908320676740869,0.00018750625828541358,0.9999569964825384,0.999999999960912,-1.118775884816615e-15,2615.986072851825,3.997458032017156e-07,0.7426189205595339
wide,228.0,0.000989964578471975,0.0009900074131039376,5.8164677795985544e-05,0.9999730972532249,0.9999999999598783,-1.118775884816615e-15,2615.9861109608983,4.1762552449604063e-07,0.7426104723196221
wide,228.8,0.0009821733500029,0.0009822189929396578,-7.745702265752931e-05,0.9999707659879997,0.9999999999590239,-1.118775884816615e-15,2615.9861466133225,4.456202657137825e-07,0.742605780052869
wide,229.6,0.0008682622289947669,0.0008683104993260835,-0.00020470980271004285,0.9999451080489791,0.9999999999582879,-7.991256320118678e-16,2615.9861163182104,4.6135293694032187e-07,0.7426131904268991
wide,230.4,0.0006605466971194944,0.0006605871621787777,-0.0003098486874282844,0.9999161720059815,0.9999999999577673,-9.589507584142415e-16,2615.9860739711994,4.827753127158319e-07,0.7426194889743931
wide,231.20000000000002,0.00038146859748919244,0.00038149021729259544,-0.000381510797101673,0.9998923892458371,0.9999999999574994,-7.991256320118678e-16,2615.9860949252643,5.140839046432234e-07,0.7426134454555787
wide,232.0,6.11764995644993e-05,6.117521108909921e-05,-0.00041195143279574166,0.9998770801938166,0.9999999999574128,-1.118775884816615e-15,2615.9861418465143,5.308278688994256e-07,0.7426057992002415
wide,232.8,-0.00026572855388303163,-0.00026574934972263564,-0.00039788380075364603,0.999885486435446,0.9999999999576609,-6.393005056094942e-16,2615.986131160492,5.55959482355242e-07,0.742610149150913
wide,233.6,-0.0005639302329719174,-0.0005639616323988862,-0.0003408268383236619,0.9999101786665447,0.9999999999582255,-9.589507584142415e-16,2615.9860818600414,5.912296115047404e-07,0.7426187349397086
wide,234.4,-0.0008012052554507919,-0.0008012404197298316,-0.00024694376699500983,0.9999360394557356,0.9999999999590541,-9.589507584142415e-16,2615.986081698826,6.086932168439355e-07,0.7426162562527406
wide,235.20000000000002,-0.0009519076171348118,-0.0009519490363324001,-0.0001263819990065076,0.9999624048520122,0.9999999999603367,-9.589507584142415e-16,2615.9861309185494,6.380950560321734e-07,0.7426071126937697
wide,236.0,-0.000999755178987752,-0.0009998070790752645,7.831135377152791e-06,0.9999741729758431,0.9999999999619832,-9.589507584142415e-16,2615.9861418588794,6.777175203888822e-07,0.7426075619118451
wide,236.8,-0.0009395891272958555,-0.0009396445080771718,0.00014120023815612057,0.9999617140931373,0.9999999999639759,-6.393005056094942e-16,2615.9860950275806,6.956695720862937e-07,0.7426167808805483
wide,237.6,-0.0007779144083656545,-0.0007779586308186403,0.0002593171555438643,0.999939075213487,0.9999999999665277,-9.589507584142415e-16,2615.9860737450604,7.302194765283742e-07,0.7426183228280744
wide,238.4,-0.0005321932351802881,-0.0005322175603050462,0.0003494152248759089,0.9999097648977027,0.9999999999694789,-4.794753792071207e-16,2615.9861158541853,7.742485442003967e-07,0.742609415796927
wide,239.20000000000002,-0.00022896887946479284,-0.00022897388887230266,0.000401759113441225,0.9998816507752858,0.9999999999728644,-9.589507584142415e-16,2615.986146357535,7.927367632562648e-07,0.7426058825264811
wide,240.0,9.89991440479564e-05,9.900837297108293e-05,0.00041069619481736086,0.9998760293895256,0.9999999999768943,-6.393005056094942e-16,2615.986110892415,8.331167758238301e-07,0.742613988075754
wide,240.8,0.000416274912817141,0.0004162932348165706,0.00037525982111702715,0.999890075416693,0.9999999999813373,-6.393005056094942e-16,2615.986072556152,8.813818207707886e-07,0.74261927188954
wide,241.6,0.0006885717634316847,0.0006885993075060793,0.0002992782312166162,0.9999153715767592,0.9999999999862892,-6.393005056094942e-16,2615.9860995693275,9.008498947614038e-07,0.7426123103519953
wide,242.4,0.0008864641084508015,0.0008865063935079107,0.00019096425553511904,0.9999509582219783,0.9999999999919424,-7.991256320118678e-16,2615.9861437686664,9.47403481106165e-07,0.742605474417206
wide,243.20000000000002,0.0009885777177517673,0.0009886341748922855,6.201944724117948e-05,0.9999753412664998,0.9999999999980118,-6.393005056094942e-16,2615.986126429821,9.996915337104587e-07,0.7426109138146608
wide,244.0,0.0009838900583218093,0.0009839474716285303,-7.362983071360695e-05,0.9999750778877795,1.0000000000046516,-6.393005056094942e-16,2615.9860783914633,1.02079966258474e-06,0.7426189158799154
wide,244.8,0.0008729055196410714,0.0008729496802329103,-0.00020132611693464696,0.9999585722762974,1.0000000000120184,-7.991256320118678e-16,2615.986085090577,1.0732704756467949e-06,0.7426152070140316
wide,245.6,0.0006676062923699578,0.0006676338991827898,-0.0003072674000950401,0.9999254169518632,1.0000000000197835,-9.589507584142415e-16,2615.9861345415907,1.1294949876420576e-06,0.742606360506974
wide,246.4,0.00039017076384841764,0.00039018556311941696,-0.00038000868109485465,0.999887925969086,1.000000000028149,-6.393005056094942e-16,2615.9861386626503,1.1529979492582683e-06,0.7426080938978356
wide,247.20000000000002,7.057642830987502e-05,7.058104345613311e-05,-0.0004116939226953405,0.9998713826855888,1.0000000000372433,-6.393005056094942e-16,2615.9860900269678,1.210698356125284e-06,0.7426172940964697
wide,248.0,-0.00025664258213243895,-0.00025664921760276454,-0.0003988982402433788,0.9998761041611044,1.0000000000467022,-7.991256320118678e-16,2615.986075156586,1.2708058132735933e-06,0.7426175573782405
wide,248.8,-0.0005561267640518106,-0.0005561497150963083,-0.00034300408843230683,0.9998993909055374,1.0000000000567644,-4.794753792071207e-16,2615.986120467669,1.2974176412290968e-06,0.7426084031323208
wide,249.6,-0.0007955191373011451,-0.0007955623891498094,-0.0002500529450185935,0.9999397168600387,1.0000000000675255,-7.991256320118678e-16,2615.986145195161,1.3591856172564012e-06,0.7426061113697022
wide,250.4,-0.0009489648490763038,-0.0009490214875097675,-0.0001300848557360201,0.9999715701002405,1.000000000078599,-6.393005056094942e-16,2615.9861052614715,1.423173579376505e-06,0.7426147520903124
wide,251.20000000000002,-0.0009998903228172404,-0.0009999446428967333,3.942084325605033e-06,0.9999805062899982,1.0000000000902378,-6.393005056094942e-16,2615.986071697192,1.453519745533204e-06,0.7426189240988792
wide,252.0,-0.0009427851082749241,-0.0009428278484269883,0.00013754316070701544,0.999970633748295,1.0000000001025313,-6.393005056094942e-16,2615.9861041408635,1.517996027855846e-06,0.74261119017221
wide,252.8,-0.0007838108533748209,-0.000783844229098221,0.0002562795992409922,0.9999381501427037,1.0000000001150655,-6.393005056094942e-16,2615.9861447535377,1.585607937809153e-06,0.7426052975592876
wide,253.6,-0.0005401460033012926,-0.0005401730591209728,0.00034732627247543,0.9998978556599648,1.0000000001280964,-6.393005056094942e-16,2615.986121163627,1.620249260743622e-06,0.7426117207559505
wide,254.4,-0.00023812261185276448,-0.00023814025762897503,0.00040084889894055186,0.9998752087658477,1.0000000001417122,-7.991256320118678e-16,2615.9860752446784,1.6859273099211037e-06,0.7426190062990556
wide,255.20000000000002,8.9624153311854e-05,8.962248440807735e-05,0.00041106229346238185,0.9998714702734264,1.000000000155483,-9.589507584142415e-16,2615.9860886483125,1.7566443669998604e-06,0.7426141782723404
wide,256.0,0.0004076819119197908,0.00040770214789772756,0.0003768630513809268,0.9998890621048728,1.000000000169646,-9.589507584142415e-16,2615.9861374268057,1.7960416714472075e-06,0.7426058282226744
wide,256.8,0.000681691582125553,0.0006817330858982213,0.0003019476942930503,0.9999271625576757,1.000000000184315,-6.393005056094942e-16,2615.9861346241873,1.861555842257645e-06,0.742608821965284
wide,257.6,0.000882056810111144,0.0008821081877742989,0.00019440710476865446,0.9999601829574853,1.0000000001990417,-9.589507584142415e-16,2615.9860851383623,1.9343274266898486e-06,0.742617834151269
wide,258.4,0.0009871277322004116,0.0009871757969222173,6.585898289351763e-05,0.999975916926579,1.0000000002140277,-7.991256320118678e-16,2615.986076972511,1.978846033554694e-06,0.742616825688506
wide,259.2,0.0009855409018328283,0.000985583453741465,-6.980262922150935e-05,0.9999749781670337,1.0000000002294231,-6.393005056094942e-16,2615.9861245361626,2.0431209909149253e-06,0.7426075990483746
wide,260.0,0.0008774644316284052,0.0008775061450165234,-0.00019791881842494923,0.9999494497214574,1.0000000002447789,-9.589507584142415e-16,2615.986143047583,2.1164506506836398e-06,0.742606576863945
wide,260.8,0.0006745828226461197,0.0006746219221004507,-0.0003046526747628434,0.9999133754671449,1.0000000002602367,-6.393005056094942e-16,2615.986099454481,2.166200400594786e-06,0.7426155814817211
wide,261.6,0.00039882172741608927,0.00039884891521420855,-0.0003784734311921674,0.9998884217949825,1.000000000276,-7.991256320118678e-16,2615.9860712232726,2.228696535375122e-06,0.7426185810955743
wide,262.4,7.997526076021708e-05,7.998189694037391e-05,-0.00041140180414904953,0.999875450319024,1.0000000002916303,-9.589507584142415e-16,2615.986108491699,2.3006452055936193e-06,0.7426102472846811
wide,263.2,-0.0002475099400244119,-0.0002475268437150756,-0.00039988053622061866,0.9998825137621001,1.0000000003071898,-9.589507584142415e-16,2615.9861448029496,2.3553228026689502e-06,0.7426054226240598
wide,264.0,-0.0005482573553678602,-0.0005482925052746902,-0.00034515544421307977,0.9999117089907992,1.0000000003229403,-7.991256320118678e-16,2615.9861153928005,2.4161688352265127e-06,0.742612715615762
wide,264.8,-0.000789777014154279,-0.0007898187986787369,-0.0002531363650554593,0.9999412465530116,1.0000000003384784,-9.589507584142415e-16,2615.9860724957684,2.4846617295420626e-06,0.7426191605944295
wide,265.6,-0.000945966889540824,-0.0009460084474343615,-0.00013376613232989347,0.9999631910826807,1.0000000003537701,-4.794753792071207e-16,2615.986092366817,2.543305432405621e-06,0.742613310406711
wide,266.4,-0.0009999422272909517,-0.0009999871058212653,5.3117465987301025e-08,0.9999742283703301,1.0000000003691274,-6.393005056094942e-16,2615.9861395062453,2.6032937479030206e-06,0.7426055974028043
wide,267.2,-0.0009458748876972581,-0.0009459256205506607,0.00013386446670783666,0.9999609662663731,1.0000000003842138,-9.589507584142415e-16,2615.9861298805604,2.6665157573841706e-06,0.7426097697598457
wide,268.0,-0.0007896164314337229,-0.0007896643591595263,0.0002532159230600085,0.9999337746533246,1.0000000003988851,-7.991256320118678e-16,2615.986080501302,2.7273160616298413e-06,0.7426184140707601
wide,268.8,-0.0005480513957423172,-0.000548083682105727,0.00034521104116558467,0.999908057915314,1.0000000004134881,-9.589507584142415e-16,2615.9860791444303,2.7877326680409506e-06,0.7426161565480698
wide,269.6,-0.0002472748450141914,-0.00024728500716399816,0.0003999064410907603,0.9998844636657255,1.000000000427784,-1.118775884816615e-15,2615.98612810248,2.844619956578068e-06,0.7426070331472848
wide,270.4,8.02204800985863e-05,8.023104737543352e-05,0.0004113939975594809,0.9998776641375271,1.0000000004415215,-7.991256320118678e-16,2615.9861400977175,2.904940699247802e-06,0.7426073014008309
wide,271.2,0.0003990544574475051,0.000399078732276418,0.00037843347445394056,0.999894274592927,1.0000000004550453,-7.991256320118678e-16,2615.9860936531045,2.967070539052254e-06,0.7426165107643209
wide,272.0,0.0006747774518522346,0.0006748080276052125,0.00030458388421693565,0.9999185086215145,1.0000000004682497,-1.118775884816615e-15,2615.9860713360868,3.01782717726424e-06,0.7426182922347602
wide,272.8,0.0008775900450301947,0.0008776271733841706,0.0001978262729344158,0.9999468912548286,1.0000000004807872,-1.118775884816615e-15,2615.9861127580425,3.074415395660824e-06,0.7426095078365363
wide,273.6,0.0009855757987720383,0.0009856247760856218,6.969851523739258e-05,0.9999711794861063,1.0000000004929623,-1.2786010112189884e-15,2615.986144066033,3.13898490757386e-06,0.7426058176099256
wide,274.40000000000003,0.000987076807344886,0.0009871343049910396,-6.595979079203519e-05,0.9999719995710077,1.000000000504818,-1.2786010112189884e-15,2615.9861094240605,3.1852801057569967e-06,0.7426138187510716
wide,275.2,0.0008819388148303765,0.0008819905325969424,-0.00019449573067268738,0.9999549424822389,1.0000000005159522,-9.589507584142415e-16,2615.98607037922,3.2349685449611247e-06,0.7426192841992806
wide,276.0,0.0006815172557184332,0.0006815513471140128,-0.00030201803124259194,0.9999287580633933,1.000000000526574,-1.2786010112189884e-15,2615.9860963198958,3.301402541743769e-06,0.7426125048025828
wide,276.8,0.0004074595150837192,0.000407474351057234,-0.00037690634049529465,0.9998949003019441,1.0000000005368836,-9.589507584142415e-16,2615.9861409698756,3.3462726432007235e-06,0.7426055601987941
wide,277.6,8.937353100159449e-05,8.937320761592784e-05,-0.0004110722040052862,0.9998746770526412,1.0000000005464693,-9.589507584142415e-16,2615.986124729577,3.386797504752385e-06,0.7426108321241479
wide,278.40000000000003,-0.0002383729061388299,-0.00023838385686340496,-0.0004008250068093792,0.9998788605944853,1.0000000005554093,-9.589507584142415e-16,2615.9860763872684,3.4529156862594538e-06,0.7426189549716363
wide,279.2,-0.0005403638258227024,-0.0005403845209305366,-0.0003472701970725843,0.9998977234901535,1.0000000005640308,-7.991256320118678e-16,2615.9860819163378,3.4999899028102187e-06,0.7426154928515573
wide,280.0,-0.0007839640816365275,-0.0007839994128763249,-0.00025619645098260584,0.9999313315470078,1.000000000571987,-1.118775884816615e-15,2615.986131383,3.5310605861251825e-06,0.7426066325628873
wide,280.8,-0.00094285712951577,-0.0009429095734858592,-0.00013744505203712774,0.999966385022631,1.0000000005791914,-9.589507584142415e-16,2615.986136615363,3.5930712622777837e-06,0.7426081685333025
wide,281.6,-0.000999886719517145,-0.0009999462282176417,-3.841444359679804e-06,0.999979078715758,1.0000000005860537,-9.589507584142415e-16,2615.9860882175203,3.6454639255684895e-06,0.7426173886352674
wide,282.40000000000003,-0.0009488932829579575,-0.0009489440030223828,0.00013018089566253175,0.9999712290905829,1.0000000005923468,-9.589507584142415e-16,2615.986072264215,3.669344189167658e-06,0.7426178909300583
wide,283.2,-0.0007953772924953554,-0.0007954124311774356,0.00025013628010952713,0.9999458117530133,1.0000000005978327,-7.991256320118678e-16,2615.9861170492204,3.7228173349634667e-06,0.7426087923738813
wide,284.0,-0.0005559196970814477,-0.0005559421249997731,0.0003430629359369666,0.9999055165228956,1.0000000006029237,-1.2786010112189884e-15,2615.9861427610713,3.7816769857120443e-06,0.7426062909342483
wide,284.8,-0.0002563945411293969,-0.0002564072010850009,0.0003989247861094045,0.9998762527371147,1.0000000006075713,-1.118775884816615e-15,2615.9861035538725,3.8031886105754363e-06,0.7426148497145604
wide,285.6,7.083248488076663e-05,7.083070828301837e-05,0.0004116864421221366,0.999870533805561,1.0000000006114123,-1.118775884816615e-15,2615.9860691170047,3.84442781773144e-06,0.7426192354173182
wide,286.40000000000003,0.0003904017998694043,0.0003904156446691499,0.0003799674301051002,0.9998835098919717,1.0000000006147864,-1.118775884816615e-15,2615.9861006775423,3.908017094534836e-06,0.7426116529659696
wide,287.2,0.0006677840431283392,0.0006678187486626804,0.0003071969522362892,0.9999181829598354,1.0000000006178318,-1.118775884816615e-15,2615.986141997652,3.933412647631628e-06,0.7426056064772056
wide,288.0,0.0008730174655798696,0.0008730699334193204,0.00020123699605906545,0.9999579458741034,1.0000000006201428,-1.118775884816615e-15,2615.9861194336518,3.961330861042281e-06,0.7426118743268382
wide,288.8,0.0009839362316403366,0.0009839922251875502,7.353134187968869e-05,0.9999780743509141,1.0000000006219076,-9.589507584142415e-16,2615.9860730680543,4.0248384454447105e-06,0.7426193038815331
wide,289.6,0.000988551363773729,0.0009885984482381454,-6.212091861548687e-05,0.9999786418948702,1.0000000006234289,-7.991256320118678e-16,2615.986085399306,4.059840400901077e-06,0.7426146719944464
wide,290.40000000000003,0.0008863537814115664,0.0008863916865331916,-0.00019105788354231094,0.9999575466003525,1.0000000006243392,-1.2786010112189884e-15,2615.9861344061515,4.077164660742193e-06,0.7426062181263866
wide,291.2,0.0006883847815317158,0.0006884175926156357,-0.00029935007670762337,0.9999176014113507,1.0000000006246426,-1.118775884816615e-15,2615.9861327538083,4.134074162770871e-06,0.7426089839715708
wide,292.0,0.0004160400738363941,0.0004160657216219266,-0.00037530176228749477,0.999885481893825,1.0000000006247343,-9.589507584142415e-16,2615.9860833261732,4.181479751812168e-06,0.7426180372457123
wide,292.8,9.874879638171895e-05,9.876019734946458e-05,-0.0004107055902651775,0.9998722481504388,1.0000000006243794,-7.991256320118678e-16,2615.9860740594736,4.194852080048313e-06,0.7426172488823474
wide,293.6,-0.00022920633809814212,-0.00022921602654137627,-0.0004017346088643773,0.9998770229915123,1.0000000006233951,-9.589507584142415e-16,2615.9861213687036,4.2392693164313e-06,0.7426080158071321
wide,294.40000000000003,-0.0005323947381948415,-0.0005324273490950994,-0.0003493599419601708,0.9999063617427001,1.0000000006221745,-1.118775884816615e-15,2615.9861409744904,4.29726752152231e-06,0.7426067665642428
wide,295.2,-0.0007780671573563774,-0.0007781144938926439,-0.0002592389760699168,0.9999436437572645,1.0000000006206655,-1.118775884816615e-15,2615.986097932606,4.3155342197698235e-06,0.7426157260824512
wide,296.0,-0.0009396825755885358,-0.0009397309027858701,-0.000141105607614712,0.999967270933807,1.0000000006185674,-9.589507584142415e-16,2615.9860687961673,4.345154716662171e-06,0.7426189344879539
wide,296.8,-0.0009997695664029707,-0.0009998132646984223,-7.726877531062711e-06,0.9999770207349157,1.0000000006161702,-6.393005056094942e-16,2615.9861053774407,4.407197546154816e-06,0.7426106734366537
wide,297.6,-0.0009518288644692243,-0.0009518722541159646,0.00012648245824570565,0.9999653341780822,1.0000000006136063,-7.991256320118678e-16,2615.986142515525,4.438246028918772e-06,0.7426056302503198
wide,298.40000000000003,-0.0008010459421258372,-0.0008010898358001183,0.00024702588645495594,0.999932861385752,1.0000000006105474,-7.991256320118678e-16,2615.986114030408,4.456233809393266e-06,0.7426127687421826
wide,299.2,-0.0005637197080493445,-0.0005637553941124268,0.00034088315023999665,0.999902933855569,1.0000000006071137,-7.991256320118678e-16,2615.98607055345,4.513257395214334e-06,0.7426193551412227
wide,300.0,-0.0002654924495236719,-0.0002655096313599157,0.00039791051246848,0.9998829092024047,1.0000000006035703,-7.991256320118678e-16,2615.9860894431667,4.560506086263402e-06,0.7426136433706427
wide,300.8,6.141702099661674e-05,6.142317045885367e-05,0.0004119449532233254,0.9998761435095547,1.0000000005996692,-6.393005056094942e-16,2615.9861370195445,4.575330290651704e-06,0.7426057791951639
wide,301.6,0.0003816931067592874,0.0003817198251294163,0.00038147206948385676,0.9998941833298994,1.0000000005953433,-7.991256320118678e-16,2615.9861285061015,4.619541850601708e-06,0.7426097488063635
wide,302.40000000000003,0.0006607371416649536,0.0006607745430425336,0.0003097826802541633,0.9999236929026716,1.0000000005908918,-4.794753792071207e-16,2615.9860790062767,4.67976256470708e-06,0.7426184721326552
wide,303.2,0.0008683962872518209,0.000868435630155333,0.0002046209747747482,0.9999490012227142,1.0000000005862153,-9.589507584142415e-16,2615.986076608822,4.702287809385411e-06,0.7426164052003689
wide,304.0,0.0009822236948230257,0.0009822663250263208,7.735336922588514e-05,0.9999695580885882,1.0000000005811185,-9.589507584142415e-16,2615.9861255170867,4.731319657820974e-06,0.7426072141910005
wide,304.48,0.000999893807680301,0.0009999410785229105,-3.952770446813317e-06,0.9999738731606616,1.0000000005779517,-7.991256320118678e-16,2615.986142234569,4.768908446374933e-06,0.7426055377095346
