sample,condition_j,det_x,g_xy,det_transform_error,g_transform_error,sl_error,observer_det_error,observer_norm,observer_norm_transformed,norm_transform_error,norm_identity_error,projector_error,projector_trace_error,weighted_ray_error,euclidean_error,euclidean_min_eigenvalue
0,7.634065798728064,-2.0310639588344173,-2.63910958644645,1.0907959887337945e-16,0.0,2.2887833992611187e-16,6.533078335796124e-17,5.516171717467675,5.5161717174676745,1.6101355526833814e-16,1.6101355526833814e-16,1.6042758721192724e-16,1.1102230246251565e-16,1.7877208477125e-16,8.552630933587331e-16,0.1309917973416752
1,6.630906560970245,-0.980078932036155,0.7015441594379691,0.0,2.1556362984731315e-17,1.1102230246251565e-16,2.482534153247273e-16,3.6306605423639566,3.630660542363958,3.6694910306396646e-16,1.223163676879888e-16,1.2255630681222564e-16,0.0,2.1750067281925355e-16,3.991318109020527e-16,0.15080894155348673
2,3.1998506052493076,-1.8161512524919305,-0.7794995250683776,9.087169510808008e-17,0.0,1.1102230246251565e-16,1.2236677334236344e-16,0.7984757638438512,0.7984757638438512,0.0,2.220446049250313e-16,3.883155823858242e-17,0.0,1.0081988604324806e-16,3.7827554125609796e-16,0.3125145900122699
3,72.24756434472444,-1.0845686766414988,0.27185393487583653,6.853718062944059e-17,0.0,2.482534153247273e-16,1.1102230246251565e-15,19.84192261010036,19.841922610100326,1.7905087871837695e-15,1.4324070297470155e-15,1.3837429746810488e-16,0.0,1.3073486953830998e-16,3.652347069246003e-14,0.013841297060601221
4,4.65961081838798,-2.4033551304636016,0.45271758866604483,5.661222549056346e-17,1.1971835071047363e-17,5.551115123125783e-17,1.111974411051085e-16,3.9334820474020784,3.933482047402079,1.128997678134485e-16,4.51599071253794e-16,1.1694661561761242e-16,1.1102230246251565e-16,2.068322484479094e-16,1.1172134531090095e-15,0.2146101979276367
5,4.523390866259949,-1.5562386653557598,0.7624675175768816,3.3888198109542077e-16,1.5930232105908466e-16,3.3306690738754696e-16,1.1102230246251565e-16,10.373348371411945,10.373348371411947,1.7124237765847497e-16,3.4248475531694994e-16,5.722918850720013e-17,0.0,1.0437756937773453e-16,8.520922724763949e-16,0.22107309086619406
6,4.057946375523417,-4.037838137372412,2.4988854406097305,1.1037052363815271e-16,2.0482356303161634e-16,2.2247786310271853e-16,8.969587205833281e-18,5.460115492769256,5.460115492769252,6.506663977172833e-16,1.6266659942932082e-16,1.189495033574822e-16,2.220446049250313e-16,2.447971747727008e-16,1.4865462686357906e-16,0.24643006768935427
7,8.356741153276458,-1.4846885725201813,0.5699468490940502,4.1407698317722734e-16,1.0275125628607004e-16,2.482534153247273e-16,5.795534335168189e-16,2.401101846222752,2.4011018462227525,1.849522587093393e-16,3.699045174186786e-16,6.020320242010684e-17,0.0,1.4554283562932005e-16,1.2308277838145652e-15,0.11966387155690733
8,4.50288669702367,-2.9033483273940703,1.252393047838222,5.338531274509236e-17,4.3701519856602064e-17,1.1102230246251565e-16,2.223019766921856e-16,1.09164457628696,1.09164457628696,0.0,4.0680750813653576e-16,7.238001561606811e-17,0.0,2.398037553219177e-16,1.5182967942989479e-16,0.22207976067019053
9,8.39368854612179,-1.4227157773446129,1.1883211015469546,1.0179055779922148e-16,1.7140013418433763e-16,2.482534153247273e-16,6.866350197783357e-16,5.545964935366053,5.545964935366053,0.0,6.405943276246137e-16,1.266669132005458e-16,1.1102230246251565e-16,1.6838951819063944e-16,1.1907172964428615e-15,0.11913713434864526
10,6.316544935776693,-2.7267338150708107,2.27552723543455,1.4311478583585941e-16,1.5041461373039387e-16,2.2591401799415137e-16,2.237726045655905e-16,1.1975487897586894,1.1975487897586894,0.0,7.416636610514187e-16,3.5131361382019107e-17,1.1102230246251565e-16,1.666917904100559e-16,5.606251319775826e-16,0.15831439658349072
11,23.85799340020739,-2.5375337604167187,-0.48337279475296846,9.903270426514107e-17,3.541801011848323e-17,2.2211616767709523e-16,2.482534153247273e-16,11.10457386284776,11.10457386284776,0.0,3.1993246410712873e-16,1.418947154360684e-16,0.0,2.4037958027158755e-16,1.2382634318555502e-15,0.041914673343453744
12,2.869591825622354,-2.520565105579526,1.85818727496408,2.57936078002832e-16,1.4637656111426371e-16,1.3877787807814457e-16,2.245068984785574e-16,5.195247404867577,5.195247404867578,1.7095979276520408e-16,1.7095979276520408e-16,1.565889695618374e-18,0.0,1.7494756043727628e-16,2.1666866377870066e-16,0.34848161716627457
13,4.813926800679433,-3.446253319199304,-2.9337937341185114,1.3872692635291366e-17,0.0,0.0,2.228580798342135e-16,4.19400459205662,4.194004592056621,2.1177335413087563e-16,0.0,2.8931877285484774e-16,1.1102230246251565e-16,3.6243151545780554e-16,4.492448739085988e-16,0.2077306202202464
14,9.743293711180979,-6.641514145123879,0.1778454385059961,1.3626722553522046e-16,3.8154997043731935e-18,2.220446049250313e-16,4.742874840267548e-16,28.662894574365154,28.662894574365154,0.0,2.478963643803019e-16,7.884007353420966e-17,1.1102230246251565e-16,3.887540804962431e-16,1.8111145793027124e-15,0.1026346972228142
15,27.73327718262902,-4.235148037445832,0.2884806662085561,1.0554416459566023e-16,7.873624784224562e-18,1.2412670766236366e-16,4.577566798522237e-16,10.57651631397561,10.576516313975622,1.1756704671623342e-15,1.0077175432820008e-15,1.1225017095662228e-16,0.0,2.835271681453262e-16,1.3178104923400519e-15,0.03605776531258079
16,4.494765954386918,-6.398009567226637,0.39234198145169563,2.934385740068763e-16,3.895212310672201e-17,3.3422138886441676e-16,2.482534153247273e-16,2.4900195081627965,2.4900195081627987,8.917384148884111e-16,3.5669536595536445e-16,1.4398489943304594e-16,2.220446049250313e-16,2.431399325146821e-16,2.199076695364233e-15,0.2224809945941666
17,23.113596817751528,-2.580794798234611,-1.4368259430475054,2.0453730775878694e-17,7.412843020154201e-17,0.0,9.420554752102653e-16,7.531815395899759,7.531815395899763,4.716942054547116e-16,9.433884109094231e-16,1.7209778531310314e-16,0.0,2.2449477887434174e-16,2.623684717964863e-15,0.043264577464293914
18,7.475621139689787,1.3072037555974378,-1.0974414311490395,9.021566821459919e-18,0.0,0.0,3.3422138886441676e-16,1.0752587243050493,1.0752587243050489,4.1300684180645174e-16,1.0325171045161293e-15,7.463004544760317e-18,0.0,1.2327213875590858e-16,9.985025485578886e-16,0.13376814866804454
19,7.430281294707009,-5.96874078070118,4.4422886670292145,1.5868659497932074e-16,0.0,2.2887833992611187e-16,2.220446049250313e-16,13.746236574060553,13.746236574060553,0.0,0.0,1.6657754423987262e-16,0.0,1.4013649752211287e-16,1.9112557017146308e-15,0.1345844067454564
20,10.136135203563901,-0.1571986562880277,0.006270594903598603,8.347744383146874e-17,0.0,2.775557561562892e-16,4.45743251456473e-16,5.315179976795857,5.315179976795858,1.6710222863150245e-16,3.342044572630049e-16,6.901155573510906e-17,0.0,6.79698196038928e-17,1.1102230246251565e-16,0.09865693184996038
21,2.8104605328438326,-0.4765130339163807,2.3282688328360432,7.337400089442321e-17,6.940709192900522e-17,2.2887833992611187e-16,2.22900724110858e-16,4.703181619786079,4.70318161978608,1.8884629416895096e-16,3.7769258833790193e-16,1.5092211900371915e-16,0.0,1.8925315489578252e-16,0.0,0.35581357158861315
22,32.40553007348054,-5.257816170608034,0.36151400961703073,1.6684616604561456e-16,4.191067196011268e-17,5.551115123125783e-17,6.852508528768719e-16,2.0747207901441693,2.0747207901441707,6.42143095051171e-16,1.0702384917519517e-15,1.6299753302667096e-16,0.0,1.9308158211802513e-16,1.7079358417420672e-15,0.03085893048909823
23,4.114420979151285,-0.2391469810271423,0.2956155763636523,4.14640253077925e-17,4.0118493331047016e-17,2.482534153247273e-16,3.3306690738754696e-16,1.3269678643387766,1.326967864338776,5.019969455756384e-16,5.019969455756384e-16,1.5508363449976223e-16,0.0,2.3516180150651797e-16,8.663988734076328e-16,0.24304756491064733
24,10.65649815655323,-4.251773722826696,0.0969764982863408,9.614422705435466e-17,4.4159311054548784e-17,2.2215299868541707e-16,4.577566798522237e-16,3.3801206326760225,3.3801206326760225,0.0,2.627653022540084e-16,4.405638142724325e-17,0.0,1.3277025806965661e-16,4.570679169906852e-16,0.0938394569500347
25,43.06854961098084,3.3137883012719986,-2.0954424197767443,9.746407709672884e-17,1.6150801269986587e-16,2.237726045655905e-16,3.218210817975852e-15,7.494349519057145,7.49434951905711,4.740523069769321e-15,3.199853072094291e-15,1.2194189093131802e-17,0.0,1.5190842681540876e-16,9.252910671302354e-15,0.023218799078037502
26,10.846054482341543,-0.10718390260396157,-0.1391915467496878,5.658978556766548e-17,6.193654425209199e-17,1.2412670766236366e-16,4.440903891052744e-16,3.9517666940320915,3.95176669403209,3.3713215700769017e-16,8.990190853538405e-16,1.8846925522119482e-16,2.220446049250313e-16,1.2764260024977662e-16,2.7755575615628914e-16,0.09219942621790182
27,4.106482486059933,-4.211935170927833,0.6795441190115707,3.2112482214225626e-16,0.0,2.482534153247273e-16,2.220540161214612e-16,2.4714032677246096,2.4714032677246087,3.593822308561808e-16,1.796911154280904e-16,1.5174685657251484e-16,1.1102230246251565e-16,1.5935353215491282e-16,3.637437588418026e-16,0.24351741506134364
28,5.213746925393731,-0.22979223868265905,-1.0793600966377168,2.3548635403189028e-17,5.0472864382405523e-17,0.0,2.482534153247273e-16,11.47928427908089,11.479284279080892,1.5474456387820007e-16,0.0,1.3894042635538247e-16,0.0,1.4789648773357968e-16,6.547320628958086e-16,0.19180064055841806
29,10.937845543623231,-1.4039023887565765,1.6072787497446213,1.36941498743894e-16,6.165133335479597e-17,2.220446049250313e-16,4.47545209131181e-16,6.895036255767782,6.895036255767785,3.864425305771901e-16,1.2881417685906339e-16,1.4115111712500026e-16,0.0,9.665928281285004e-17,1.5813640628650438e-15,0.0914256830572088
30,3.045392697921596,-0.15315840801081568,0.2121240125293593,1.5528654083087387e-16,8.725297564234877e-17,2.2887833992611187e-16,3.341588258131904e-16,8.181386411428848,8.181386411428848,0.0,6.513652149171683e-16,1.259682113605889e-16,0.0,1.697823741251237e-16,1.7692421401291014e-15,0.32836487743681564
31,3.93436717055407,-1.8113822768967636,-0.11120407841210955,1.7866469786344748e-17,0.0,2.4825341532472726e-16,1.1123730056853588e-16,4.838842445855281,4.838842445855279,5.506555108820888e-16,3.6710367392139247e-16,1.2012855215225572e-16,0.0,5.945164599176806e-17,5.699355091655258e-16,0.25417048197338754
32,15.451899880747087,-0.29389033841868684,-0.06529291535162618,3.337020141574101e-16,7.366526669348914e-17,2.237726045655905e-16,9.82092519139173e-16,3.806761781665279,3.8067617816652763,6.999479904242306e-16,1.633211977656538e-15,1.6683444916571008e-16,2.220446049250313e-16,1.6015829182448074e-16,1.0181594835492346e-15,0.06471696087326946
33,40.56993216276857,-3.432935213728152,-3.916292601894568,2.63193844893274e-16,1.6045939482137392e-16,4.163336342344338e-17,2.2265482403317755e-16,1.341164688691342,1.341164688691343,8.278051412973528e-16,8.278051412973528e-16,1.6830729221255145e-16,1.1102230246251565e-16,1.529459601335882e-16,1.4569625857550243e-15,0.024648796453188473
34,9.247346000148802,-0.4101778170502226,-0.42369236232479124,2.000688225268993e-33,0.0,5.551115123125782e-17,2.2204591279663302e-16,1.1645587673299977,1.1645587673299973,3.813368825243856e-16,1.1440106475731567e-15,1.4784131206041792e-16,0.0,1.6822932418896924e-16,1.902853321419436e-15,0.10813913527015502
35,7.728442816681547,-2.566665943216893,-2.146378752088608,2.385773623596984e-16,2.696482881060445e-16,3.3766115072321297e-16,7.263777292786196e-17,21.73739738332125,21.73739738332125,0.0,1.6343785855092478e-16,1.6428975099830082e-17,0.0,4.512663223408537e-17,8.582877593938325e-16,0.12939217171168496
36,8.01997776394,-1.2302024525837223,0.9140238405919836,6.938880916897185e-17,9.160621824352612e-17,5.551115123125783e-17,2.473813298606715e-17,5.65300757305264,5.653007573052638,3.1423217047646956e-16,1.5711608523823478e-16,1.3509565825005453e-16,0.0,1.5623543648291546e-16,2.551151383112624e-15,0.124688625010442
37,14.53602148428118,-0.12458752293333705,-0.49369998016837124,1.1330198973949944e-16,0.0,2.482534153247273e-16,1.2412670766236366e-16,13.36226964647415,13.362269646474143,5.317530289082202e-16,5.317530289082202e-16,8.677205887909509e-17,0.0,2.458213302867702e-16,1.1102230246251565e-16,0.06879461488698173
38,50.27835377521581,-1.3896878956572734,-2.926057557287737,2.9020564291679505e-17,1.279582734382858e-16,5.551115123125783e-17,2.976447483099126e-16,1.6561532634218128,1.656153263421813,1.34072497895672e-16,4.02217493687016e-16,6.924878010445144e-18,0.0,1.2126377387936375e-16,7.985443149060424e-16,0.019889274904874677
39,1.930882777155203,-1.8732976034859201,1.0374753264585979,2.8453078016478384e-16,9.167047397797318e-17,2.2887833992611187e-16,1.119030645180315e-16,7.301285914235376,7.301285914235377,1.2164684825839193e-16,3.649405447751758e-16,6.147279990626106e-17,0.0,1.7930452133041944e-16,1.6096996749271767e-15,0.5178978298585859
40,12.525057858914039,-0.7980961637035034,-1.0249389571186935,2.1011410395036402e-16,2.2716915326160527e-16,5.551115123125784e-17,7.947987303456224e-16,6.393752750926483,6.393752750926486,5.55653904240463e-16,4.167404281803473e-16,2.8871550251553135e-16,2.220446049250313e-16,3.0016168164941026e-16,6.84202331692299e-16,0.07983995054268611
41,8.74844679340616,-1.345950630479411,1.4545267128539785,7.463683283669555e-17,1.1461075378704021e-16,1.570092458683775e-16,1.4327132307620902e-16,15.235953546469581,15.235953546469563,1.1658980410923223e-15,1.1658980410923222e-16,6.33006033738225e-17,0.0,2.880397615874358e-16,3.4182023351414785e-16,0.11430600466744734
42,2.016293692517014,-5.869818862081311,-0.5495960642530853,5.0374657636631195e-17,0.0,5.551115123125783e-17,2.2207049497363345e-16,5.105340218177391,5.105340218177389,3.479409331185397e-16,0.0,1.6695427732400991e-16,2.220446049250313e-16,1.4026405396879256e-16,0.0,0.4959594942498998
43,3.984707960535202,-1.0300438345680327,-0.6120399451556986,7.785743102412916e-17,6.368956218806283e-17,1.3877787807814457e-17,1.1163442131941904e-16,5.4300473116317685,5.43004731163177,3.2713468915732936e-16,1.6356734457866468e-16,3.7012124684996983e-17,0.0,1.284800855218446e-16,8.397389007093879e-16,0.2509594203399754
44,3.8905150910986284,-2.817272396487889,1.0655154929002297,1.7587915632948517e-16,2.329832512674566e-16,2.482534153247273e-16,2.240007223071587e-16,2.172997388993986,2.172997388993986,0.0,2.043671161775573e-16,1.5704543559817273e-16,0.0,1.2054181668232627e-16,9.31385752537349e-16,0.25703537361619966
45,9.391059596218556,-3.0958512640803786,2.2044142129425808,4.911729815395466e-17,1.1379237851548988e-16,3.3766115072321297e-16,4.5352019687481246e-17,0.8452677012545855,0.8452677012545855,0.0,6.661338147750939e-16,1.1112823059577496e-17,0.0,1.8284317235533159e-16,3.086899276050419e-16,0.10648425662240113
46,9.448408567700296,-3.822031136802511,1.1101743217440352,9.307219743115474e-18,4.993436758660239e-17,5.551115123125784e-17,2.236830375040983e-16,5.3433372112372135,5.343337211237217,6.648866688273065e-16,3.3244333441365327e-16,1.2417878896311585e-16,0.0,1.0671130040367012e-16,4.566208865589491e-16,0.1058379295131794
47,17.036388503119102,-2.346185638177863,0.8584011701457217,5.0679810990417315e-17,0.0,1.475229079552588e-16,3.258285699037921e-17,16.1949233211471,16.194923321147108,4.387441185549076e-16,2.193720592774538e-16,1.304664615320969e-16,1.1102230246251565e-16,5.3052091950923166e-17,3.2940909882034506e-15,0.05869788657478068
48,10.29970722140206,-5.002252332371008,0.6190119848568971,9.384181948886445e-17,2.6187665661401655e-17,1.1102230246251565e-16,6.707260983040389e-16,4.992514763272106,4.992514763272107,1.779020116743753e-16,8.895100583718766e-16,1.5056916125789495e-16,0.0,2.6827505846323417e-16,1.4460123013464736e-16,0.0970901384383116
49,61.25037509038792,-3.4777838392833185,1.2387992870760536,4.6051041864028705e-18,2.5445699859107566e-17,2.7755575615628914e-17,1.5553031891404223e-15,6.635299699682335,6.635299699682328,1.070852512952983e-15,1.6062787694294745e-15,7.190552227614823e-17,0.0,4.0464763308041694e-16,1.1528893203252805e-15,0.016326430630409054
50,9.138074424821413,-4.342820686729018,2.5776406659766127,2.0119872032238283e-16,7.754966746089935e-17,5.551115123125783e-17,7.040444551578068e-18,9.727574405599679,9.727574405599679,0.0,3.652209205159491e-16,4.598088810095228e-17,0.0,6.168648247625762e-17,1.5273721615388418e-15,0.10943224507821281
51,6.278953717597223,-3.818825966399291,2.6617284843911824,1.2661376585595117e-16,1.3809822737198505e-16,5.551115123125784e-17,5.578801654593729e-16,4.258453594114902,4.258453594114902,0.0,2.0856829834369218e-16,1.3952003890335837e-16,0.0,2.714328605424086e-16,1.1655347515276106e-15,0.15926220274524905
52,16.485741806616403,-6.590798512629177,0.5702106427345136,2.72882015811854e-16,1.9009164732572896e-16,2.2887833992611187e-16,8.891727326460873e-16,4.253968763205931,4.25396876320592,2.505458227288246e-15,1.252729113644123e-15,4.601305445761648e-17,0.0,2.323720018147759e-16,1.5784175836246965e-15,0.06065847759417319
53,31.115219125788293,-0.9375449671913731,-2.3448005520886532,4.793738652308348e-17,2.390570867880747e-16,2.775557561562892e-16,4.487857137521871e-16,14.235855819647421,14.235855819647389,2.246048535071242e-15,3.743414225118737e-16,2.37710611486642e-17,0.0,8.16353289932835e-17,8.881784197001252e-16,0.03213861345334462
54,6.282667857357591,-1.1934661096615697,1.390047633512463,2.775412572193163e-16,3.8511281035054454e-16,4.47545209131181e-16,4.577566798522237e-16,4.508854722558425,4.508854722558427,3.9397074173024273e-16,3.9397074173024273e-16,1.8002184301026075e-16,1.1102230246251565e-16,1.7585417427970415e-16,6.973787218453263e-16,0.15916805132853176
55,8.592782782592705,-3.9849087205838245,-2.3378985613383465,5.1256279903535245e-17,0.0,1.1102230246251565e-16,8.88287589054122e-16,4.225813651518345,4.225813651518344,2.1017926793364414e-16,6.305378038009324e-16,1.1984615284615891e-16,0.0,1.8980953814652156e-16,2.848248800828934e-15,0.11637673444111751
56,12.999260487184834,-3.868154712495853,-0.24926404214717868,5.917148370719276e-17,4.2115437824094655e-17,5.551115123125783e-17,2.2266699855133315e-16,3.778620954365442,3.7786209543654428,2.3505358976904326e-16,4.701071795380865e-16,1.8718171608704276e-16,1.1102230246251565e-16,2.1843641919388004e-16,1.762227255601324e-15,0.0769274529874844
57,2.5930634840546842,-0.12889259928654542,0.5933960993001168,2.1948799487645656e-17,1.7015786872109126e-16,3.3766115072321297e-16,1.0732430732286133e-17,3.2623973673617046,3.2623973673617033,4.08370740756081e-16,2.72247160504054e-16,5.946838473628715e-17,0.0,1.5826243811208202e-16,5.234967847453952e-16,0.3856442413188952
58,3.1023781276080467,-3.5797884601129786,-0.6280944276156847,3.8152866314841066e-17,0.0,2.0014830212433605e-16,2.23727329846627e-16,7.278438303277015,7.278438303277016,2.4405741525630173e-16,2.4405741525630173e-16,1.675762106347465e-16,1.1102230246251565e-16,1.035665094554427e-16,1.1487789647856405e-15,0.3223333710036844
59,7.467905323459439,-0.9856745633785533,-2.658260021810823,3.9881311237226455e-17,5.5383610473846784e-17,1.1443916996305594e-16,1.570092458683775e-16,3.9125563169346207,3.9125563169346185,5.675179778600531e-16,2.2700719114402125e-16,1.3753934514459128e-16,0.0,1.819701304364635e-16,8.260874460913163e-16,0.13390635749741414
60,12.885202057076459,-0.9769266985242632,0.7225399622274251,4.0459284850450715e-17,0.0,1.1443916996305594e-16,4.442157274718349e-16,12.44470481487107,12.444704814871073,2.854799476284169e-16,7.136998690710423e-16,1.1409968299861872e-16,1.1102230246251565e-16,1.844887584695383e-16,4.493502386808527e-16,0.07760840657138246
61,8.518705427237457,1.8529895593210575,-1.33716870955416,1.0026770023410954e-16,6.028000138833381e-17,1.1102230246251568e-16,2.237726045655905e-16,2.670507206856683,2.6705072068566826,1.6629395670973575e-16,1.1640576969681502e-15,6.30335784218226e-18,0.0,2.5087609347231905e-16,7.284754093434153e-16,0.1173887286679293
62,13.265415594667477,-4.6284583600312645,-4.215192030433456,1.7707342496688767e-16,1.839531143681664e-16,2.2247786310271853e-16,3.331391796911832e-16,12.140459097890167,12.140459097890165,1.4631710589173313e-16,5.852684235669325e-16,1.4225389026605454e-16,0.0,1.4425454379334906e-16,3.7634130258999018e-16,0.07538399327662129
63,6.54326534116844,6.678487252867845,1.3649077129202016,6.626915155537217e-17,1.4664233889771147e-16,5.551115123125783e-17,2.237726045655905e-16,0.20666195026892625,0.2066619502689262,5.551115123125783e-17,2.7755575615628914e-16,1.417031979049885e-16,1.1102230246251565e-16,2.5507995506474507e-16,4.2155240479552127e-16,0.15282889319928283
64,44.31671050798838,-8.446255213173558,4.381082090584861,1.049004675995314e-16,6.360644531892538e-17,2.7755575615628914e-17,1.3344664457261195e-15,0.07289889674269442,0.07289889674269445,2.7755575615628914e-17,2.498001805406602e-16,1.5845690527923246e-16,0.0,5.615011329691104e-17,2.2579336885957583e-15,0.02256485168996214
65,29.39116640342367,-0.9479473206606005,0.5035600762738432,3.203071913830517e-17,4.721208377038756e-17,1.1102230246251565e-16,1.3327034292967878e-15,21.825584297590694,21.825584297590648,2.116107280092605e-15,1.3022198646723724e-15,1.147789184409008e-16,1.1102230246251565e-16,6.755887504574597e-17,1.0541100638011938e-15,0.03402382832562286
66,4.4117719125729185,-7.191928807578678,-0.4769708755252079,6.158335923262922e-17,4.5162190541998136e-17,1.2412670766236366e-16,3.3306690738754696e-16,9.912823750351548,9.912823750351553,5.375935911310601e-16,1.7919786371035335e-16,8.659176938889245e-17,0.0,1.7723242121711173e-16,7.219650492724895e-16,0.22666629640352462
67,13.977732466398608,-2.6317214880534205,1.3115848471100322,2.570792750779263e-16,6.479583628682878e-17,0.0,2.2591401799415137e-16,3.0687924982889765,3.068792498288975,4.341341522090534e-16,5.7884553627873795e-16,2.685858316362483e-17,0.0,2.267093056009264e-16,7.42300839275648e-16,0.07154236228257722
68,3.1965578394571508,-0.9825889073359879,1.2223612013352136,0.0,8.389874796205379e-17,1.3877787807814457e-16,2.225127551749582e-16,1.6646744954549768,1.6646744954549764,2.6677239968687533e-16,2.6677239968687533e-16,3.2500884810386816e-17,0.0,1.966327876071924e-16,5.483475540305226e-16,0.3128365104664662
69,22.24883136227539,-0.2694837926074138,-0.3036060859455321,1.132672144166289e-16,0.0,2.2887833992611187e-16,1.1120502504345964e-15,8.300407134294819,8.300407134294815,4.280167974076527e-16,1.2840503922229583e-15,8.961496868291243e-17,0.0,2.636246057564524e-16,4.996003610813204e-16,0.04494618093495008
70,22.10472233851047,-4.580607901775267,-0.44814655713763507,8.098247260045649e-17,5.014041094193991e-17,1.1102230246251565e-16,5.551115123125784e-16,14.237023950731457,14.237023950731478,1.4972428329523065e-15,2.4954047215871774e-16,5.373516057883311e-17,0.0,1.618734686986935e-16,7.235558557751769e-15,0.04523920204406935
71,12.791981578134013,-4.941409389104995,0.7546702935133844,1.7465469081994524e-16,1.236462850073212e-16,3.3306690738754696e-16,8.167122017163298e-17,3.721218241848283,3.7212182418482826,1.193397379535281e-16,7.160384277211686e-16,1.4237330398896276e-16,0.0,1.9422259245624384e-16,1.026299032153816e-15,0.0781739712406533
72,5.023423861738289,-7.33014756546544,-4.8793494312000805,1.6863836757725777e-16,2.554147962197336e-16,1.1102230246251565e-16,1.1850570320521728e-16,9.183342863841931,9.18334286384194,9.671624297043267e-16,1.9343248594086535e-16,5.322803120075514e-17,0.0,9.828084462352174e-17,3.561687622087586e-16,0.1990674144813182
73,18.267150751970725,0.7586845933553856,0.35117277151050463,1.5041163006869708e-16,5.182205245070323e-17,4.440892098500626e-16,4.577566798522237e-16,33.25094624254345,33.25094624254349,1.2821458924696435e-15,6.410729462348218e-16,3.319433476076988e-17,0.0,2.111307614438944e-16,4.237194681630204e-15,0.05474307480011072
74,5.671422085268962,-2.922252537281521,-1.993979705095613,8.305925807461548e-17,5.125337378543459e-17,8.326672684688674e-17,6.22847510151419e-17,4.001162399698857,4.001162399698857,0.0,2.2198009752540237e-16,1.1359790577480286e-16,0.0,4.9960210324640275e-17,4.517613550782206e-16,0.17632261978832625
75,39.369474582459105,1.536600313223319,-1.4350551274486305,1.2825755993076043e-16,8.805092668822901e-17,3.3766115072321297e-16,4.460365043975677e-16,2.857245925467282,2.8572459254672813,3.108512332745282e-16,1.554256166372641e-16,1.6109232112109749e-16,0.0,1.168175867159784e-16,9.985062723124071e-15,0.02540038978435895
76,5.8634624202751455,-1.3477836284838811,-0.5977618735009351,1.0769783614300274e-17,2.5074140339368985e-17,1.6653345369377348e-16,5.348049491162323e-17,8.73423979932648,8.734239799326485,6.101355859970424e-16,2.0337852866568078e-16,4.5995777947553626e-17,0.0,1.1453463882650717e-16,7.792109327685135e-16,0.17054769491522892
77,4.337089274453388,0.806996137728716,-1.3058798112631154,8.166607376936114e-17,7.293332591723801e-17,3.3766115072321297e-16,1.7963111327579827e-17,5.762492470663932,5.762492470663934,4.62392840019343e-16,0.0,1.1375170212586242e-16,0.0,2.039366465470277e-16,3.386083784642345e-16,0.23056938345499756
78,13.365705860032811,0.2509982295078553,-0.09785772198516018,1.6417989350647428e-17,4.385585482252909e-17,4.47545209131181e-16,1.6653345369377353e-16,4.401465375133959,4.401465375133958,4.03583054279096e-16,0.0,8.80793854662466e-17,0.0,9.860809479811309e-17,2.1597234543273996e-16,0.07481834558324855
79,35.872998174650014,-3.763571400805304,1.2267232005086557,1.0270908924013694e-16,5.2982927816857757e-17,5.551115123125783e-17,7.550332863779068e-16,18.468121420829526,18.46812142082953,1.9237006286917324e-16,3.847401257383465e-16,1.5766791283480168e-16,0.0,1.8740286610250584e-16,1.3196043812030168e-15,0.02787611994768993
80,12.664961891016212,-0.5911579878819806,-1.5619338526179247,1.4881167094436703e-16,1.0034819478309996e-16,4.440892098500626e-16,1.4607370927824722e-16,2.3323139234413692,2.332313923441369,1.9040713404257406e-16,1.9040713404257406e-16,7.16021543894056e-17,0.0,1.3424449019340026e-16,4.440892098500626e-16,0.07895799518428585
81,3.1365830425439225,-2.834181780504751,-0.8364045984183401,1.4848531283607925e-16,4.3442807791343795e-17,0.0,1.119365447682073e-16,2.47181844102165,2.47181844102165,0.0,5.389828020700161e-16,1.5894635199980124e-17,0.0,3.987044235240078e-16,6.3984740472896e-16,0.3188182765883194
82,4.17674680202072,0.7701236978057988,-1.7521849531385538,2.2381684851180683e-16,3.146190392600343e-17,2.237726045655905e-16,4.800066159937583e-17,0.5873075106273842,0.5873075106273842,0.0,0.0,1.2835722613558402e-16,0.0,1.0023607956548259e-16,4.713920727848506e-16,0.23942078545824141
83,3.2521637241780077,-3.7184998415837813,-2.5722894871423265,1.2300744674030936e-16,5.844394473062553e-17,2.2213987569309306e-16,1.1181159665010951e-17,3.779057248137198,3.7790572481371987,2.350264527318111e-16,2.350264527318111e-16,3.582596529942697e-17,0.0,5.461696150762272e-16,7.214692656875758e-16,0.3074875943562009
84,3.1740068312454675,-4.142919699874379,-4.076511438873503,7.688197422409253e-17,1.5975625749371262e-16,2.237726045655905e-16,1.1285640842784363e-16,0.9698027775183446,0.9698027775183446,0.0,2.220446049250313e-16,1.0083722836310394e-16,0.0,1.5471231645594233e-16,4.3129515561468945e-16,0.3150591832871391
85,7.693662067583194,-2.503548057602172,-2.1480459484133414,4.782939764439993e-16,3.139553776752531e-16,2.2591401799415137e-16,2.2887833992611187e-16,6.026080280195819,6.026080280195816,4.4216723561701224e-16,5.895563141560163e-16,8.316918548264113e-17,0.0,1.3051922249193653e-16,1.8148927660534363e-15,0.1299771150871631
86,10.820062997512224,-0.13905392348838747,0.05022169946984559,2.3157130128190895e-17,3.075581244428899e-17,2.220446049250313e-16,8.989550626504553e-16,2.563257979862347,2.5632579798623474,1.732518588994742e-16,1.0395111533968453e-15,8.355315177448298e-17,0.0,2.196328414508481e-16,5.551115123125783e-16,0.09242090367033287
87,4.211410461691379,-3.1563110094017013,1.0011774008889218,3.2018396514580317e-16,1.378741761741213e-16,4.44092597968927e-16,4.440900399496054e-16,4.170660993091746,4.1706609930917455,2.129586703813371e-16,6.388760111440113e-16,1.5039408190015174e-16,2.220446049250313e-16,1.433931361802393e-16,2.733054519443217e-15,0.23745013911524132
88,5.20696686590757,1.1139366259230286,2.3769827150232015,5.359214788257068e-17,4.2310322317113965e-17,1.1102230246251565e-16,4.955975299103313e-17,1.9577080040981896,1.9577080040981896,0.0,4.536827850940218e-16,1.597504386305075e-16,1.1102230246251565e-16,1.1172075052371544e-16,1.3514053175041716e-15,0.1920503866747199
89,2.7302084866033054,-3.4147290312060936,-0.8873036657935128,5.586114157704752e-17,1.8647346771221532e-17,5.551115123125783e-17,1.6321986659557698e-17,7.217772829360135,7.217772829360133,3.691630814787766e-16,2.4610872098585106e-16,1.3114473603821085e-16,0.0,1.3403746978537776e-16,8.823620998628462e-16,0.36627239454673066
90,6.974832965291839,-2.6044520619316787,0.7815015575515153,1.0507223097642466e-16,6.769173843862354e-17,1.2412670766236366e-16,8.75599150736512e-18,20.13749763407153,20.137497634071536,3.5284559614691216e-16,1.7642279807345608e-16,9.926121712432793e-17,0.0,2.239482310620704e-16,1.5948598851010541e-16,0.1433726090612064
91,2.4872128641978475,0.7664318090934904,-2.574325059009806,4.1994019203334077e-17,1.0478390871144903e-16,2.2247786310271853e-16,2.240078135736243e-16,6.5971010717529825,6.597101071752982,1.3463162228983681e-16,1.3463162228983681e-16,1.7657523191129265e-16,0.0,2.343155496542048e-16,2.4510492980370777e-16,0.4020564602228005
92,5.48133098620264,-3.2321236024670483,0.9921272361032821,4.613433604386462e-17,7.453815035477227e-17,1.6653345369377353e-16,2.2204564026582017e-16,3.998324326052847,3.998324326052848,2.221376624984638e-16,2.221376624984638e-16,7.300014447057644e-17,0.0,3.0000212571189363e-16,2.0370288520418715e-15,0.1824374412924807
93,4.385918138910673,-0.7563135800596037,-0.1451060096230763,2.742781055961515e-17,4.586707018539837e-17,2.482534153247273e-16,2.220741052524015e-16,1.0626499643155927,1.0626499643155924,2.089536652532998e-16,0.0,4.433314318423452e-17,0.0,1.2408107273475686e-16,6.484816005909868e-16,0.228002431492798
94,23.73546093404103,-5.266978746379724,-1.0314584849996546,1.5396541752152964e-16,1.253459421853889e-16,2.2887833992611187e-16,1.1151545910169994e-15,10.050675667042896,10.050675667042892,3.5348008397586455e-16,1.7674004198793226e-15,1.28249153629602e-16,0.0,4.610421655619259e-16,1.746706028017497e-15,0.042131054576057876
95,32.266887628963474,-1.880434339531714,-3.1988330028607836,3.4764740023604223e-16,3.7861059613014264e-16,6.866350197783356e-16,7.44760245974182e-16,11.90816883593601,11.90816883593603,1.640884127745647e-15,8.9502770604308e-16,7.010608409701926e-17,0.0,2.15060814197014e-16,3.4911830322600923e-15,0.03099152330707995
96,15.706521158231196,-0.5525415998701437,3.9639159799861865,2.3330081131210748e-17,9.79137332005136e-17,2.220446049250313e-16,1.2947314098277879e-15,3.405047827134303,3.4050478271343048,5.216833740908823e-16,1.3042084352272058e-15,5.762475265798864e-17,0.0,1.8862329466882458e-16,3.1243941114690768e-16,0.06366782242393304
97,12.789595250263647,-0.5635274532165246,0.693979216770642,8.566510955989045e-17,1.3416976684657013e-16,2.2887833992611187e-16,4.443949805529872e-16,5.615369316673016,5.615369316673021,9.490151435592681e-16,6.326767623728453e-16,1.243778983179598e-16,0.0,1.1347116770167536e-16,2.1321749511267774e-15,0.07818855721641078
98,21.14774224807166,-0.9348632261105544,0.6218504379530719,1.163257315456608e-16,1.1012993241559355e-16,5.551115123125783e-17,2.4916570734576117e-16,12.202967304695724,12.202967304695685,3.2024875172588158e-15,2.911352288417105e-16,7.674462789525088e-17,0.0,3.869004461733038e-16,1.1305774790935868e-16,0.04728637167361175
99,1.5918215030191325,-1.4054329004653523,2.458707802968096,4.158128307571714e-16,3.0085599520508643e-16,2.482534153247273e-16,2.2206805620530653e-16,2.1538535362440765,2.153853536244076,2.0618356929899343e-16,0.0,3.335123846099876e-17,0.0,2.374683448999158e-16,4.555553641268942e-16,0.6282111393164043
100,8.896950546044964,-2.7370635963951297,2.098306196728842,2.0554735330471525e-16,1.3364542055955117e-16,2.482534153247273e-16,2.4825341532472726e-16,4.383869218931366,4.383869218931365,2.0260148634557854e-16,0.0,1.2732969214119036e-16,0.0,7.9291973935587e-17,1.758996587816516e-16,0.11239806210281143
101,21.137448586151514,-2.999360199009647,-0.6364398463161143,1.4671254634609155e-16,3.521580397687472e-17,2.2887833992611187e-16,3.5918775954640457e-16,2.1401731304644023,2.140173130464401,6.225046051583198e-16,2.0750153505277326e-16,1.4371642448165345e-16,0.0,1.8199535549964354e-16,3.1975086639547167e-15,0.04730939952020453
102,3.4989841709525815,-0.858494764085345,2.171800255884951,1.139339797462329e-16,6.665173801682403e-17,5.551115123125783e-17,4.311726767790368e-18,4.283808131830838,4.283808131830838,0.0,2.0733384698080082e-16,6.07127446485459e-17,0.0,1.4149213917112286e-16,1.0761345512780108e-15,0.2857972346093105
103,2.4251491325706294,-4.393003014909261,-1.9570837143786273,8.449199922778498e-17,9.17285605461893e-17,2.2887833992611187e-16,2.224001018353521e-16,0.8538979895237766,0.8538979895237765,1.1102230246251565e-16,4.440892098500626e-16,1.771840379854221e-16,1.1102230246251565e-16,9.170858424072818e-17,3.5992141658795278e-16,0.41234577559360774
104,2.5017822853342366,-4.292778887312266,-2.511389341612377,9.538129148290576e-17,1.4068240432322825e-16,1.2412670766236366e-16,2.2232429672803477e-16,6.245121836629901,6.2451218366299015,1.4221955038421143e-16,5.688782015368457e-16,1.4425820907013398e-16,0.0,1.299662545800683e-16,4.485801899154535e-16,0.39971503750031584
105,2.226391858107648,-0.05091786935986788,-1.3633894171222907,1.4867806757962514e-16,5.576777633017047e-17,2.220446049250313e-16,2.22507883486716e-16,1.5916339998073867,1.5916339998073867,0.0,4.1852198109345916e-16,1.2538558815572528e-16,0.0,1.4601103575385929e-16,0.0,0.44915723005291747
106,10.828556512153838,-1.4543065612552648,1.9158640686747082,1.706713855988593e-16,1.2703772517521696e-16,2.7755575615628914e-17,6.667118051786499e-16,2.0111819159749547,2.0111819159749538,4.416201302553805e-16,6.624301953830708e-16,1.2028054178126252e-16,0.0,2.331440819970306e-16,4.575641210158186e-16,0.09234841217087426
107,24.12691257103054,-4.493008351378966,-0.9782979671749541,5.775125964605874e-17,0.0,5.551115123125783e-17,6.684427777288335e-16,1.2909588831452972,1.2909588831452974,1.71999749817005e-16,0.0,6.207833728523735e-17,0.0,1.160722701343052e-16,3.0427548269381795e-15,0.04144749134626772
108,41.76456713686284,0.17014060844716367,0.5226897202251034,9.266421739484936e-18,2.5012919244432514e-16,1.2412670766236366e-16,6.737031610168237e-16,0.9291243438154536,0.9291243438154536,0.0,1.2212453270876722e-15,7.865755485460396e-17,0.0,2.3138000923403847e-16,5.385875186156443e-16,0.02394374151473817
109,14.765205435707879,-3.1457060573881006,-3.1858208863452635,1.2223218705931858e-17,1.751749600869587e-16,2.237726045655905e-16,6.790220936050947e-16,29.887489473741955,29.887489473741958,1.1886959197164367e-16,8.320871438015056e-16,2.2733613715432354e-17,0.0,1.8860198196747085e-16,2.924964358411699e-16,0.06772679217734234
110,39.03012217904545,-4.688846639897044,-0.30835668582884557,1.1105939560717434e-16,0.0,2.2887833992611187e-16,2.6861407431296204e-15,18.929661301135454,18.929661301135486,1.689117549466487e-15,2.439836460340481e-15,1.2431129249673634e-16,0.0,1.3009228865608795e-16,1.6015077747878786e-14,0.02562123673127407
111,2.897459480800164,-4.861265391193644,0.8452038170018137,9.532657242363952e-17,0.0,1.1102230246251568e-16,4.442840327964477e-16,7.691612326221727,7.691612326221726,1.1547363309929274e-16,4.61894532397171e-16,2.930628233158382e-17,1.1102230246251565e-16,1.5978890035663036e-16,9.005685795464661e-16,0.34512993421528027
112,1.3877246161640526,-0.3232749283619158,0.5784245254204228,1.4488593672019676e-17,9.425937904382002e-17,3.3766115072321297e-16,2.221150950430429e-16,1.9931598956421854,1.9931598956421857,1.114033075873673e-16,2.228066151747346e-16,5.580885915638346e-17,0.0,1.5899677857295598e-16,1.0993380416712144e-15,0.7206040653542627
113,3.9908649519433834,-1.5309470637740947,1.5178202900075277,1.2634498907417621e-16,5.795956551888998e-17,0.0,3.390511838563436e-16,3.8525625135970767,3.852562513597076,2.3054224728746764e-16,5.763556182186691e-16,1.4242856541674692e-16,0.0,1.7616622264389304e-16,1.4426712327137622e-16,0.2505722473803681
114,9.226171858999708,-5.311359372512558,0.5661487441034904,2.0183852417490594e-16,2.9687069541065284e-17,2.2473876566261383e-16,2.220446049250313e-16,11.429454030482002,11.429454030482002,0.0,3.1083844156733323e-16,1.285512047607637e-16,0.0,1.1246219811131238e-16,1.0466299203024578e-15,0.10838731548497638
115,3.970846155694031,-1.857792564917597,-3.402367410765552,4.65975634883157e-17,6.870431383056183e-17,1.5700924586837752e-16,2.6616015468297583e-17,5.983805917776838,5.983805917776835,4.452910565137998e-16,0.0,4.77296082651837e-17,0.0,1.7439861793071365e-16,1.0682883978702907e-15,0.25183549318979304
116,13.135054329328561,-5.740304835484918,-1.904782510511151,2.953145203972917e-16,8.66095831794132e-17,3.5108334685767007e-16,4.444312157748623e-16,2.2864381054843275,2.2864381054843257,7.769100922257293e-16,0.0,1.1446101745947094e-16,0.0,1.3111637761802285e-16,8.577356893963591e-16,0.07613215559886599
117,69.19983375319585,1.1913878761987797,-1.0502141877227564,1.0283058453618772e-16,1.8224827600092259e-16,3.1401849173675503e-16,8.892843778306293e-16,13.57227353908316,13.572273539083264,7.721996850624528e-15,5.235252102118324e-16,1.4993745521823528e-16,1.1102230246251565e-16,3.1985193960903063e-16,6.61955158193582e-16,0.014450901768997755
118,15.553980345123525,0.9764153471433997,4.649809978017363,1.6818602203713365e-16,2.7973535793985936e-16,2.220446049250313e-16,3.342213888644168e-16,2.1768851169146948,2.1768851169146948,0.0,2.0400213424191694e-16,3.5596362342513396e-17,0.0,1.6921358635424914e-16,3.677112257551391e-15,0.0642922247431993
119,4.5807119462600285,-1.1346894670039784,1.66347265727312,1.7437940464717643e-16,0.0,4.002966042486721e-16,1.2412670766236366e-16,1.2392180394357417,1.2392180394357417,0.0,5.375436715546906e-16,1.3403468248850674e-16,0.0,1.777223894894978e-16,1.778131028072115e-15,0.21830667628346737
120,27.491561215195542,0.26499546384978384,1.1223563231585991,1.436170918058067e-16,2.698638044777195e-16,2.775557561562892e-16,2.2365939270060055e-16,2.530762010500523,2.5307620105005237,3.5095296041861527e-16,5.264294406279229e-16,1.6028951249260201e-16,2.220446049250313e-16,1.9189626077534632e-16,1.896596610124079e-15,0.03637479851262248
121,4.853464686596137,-0.3507385943066721,-0.3652647010118972,2.2543317211799403e-16,1.1028696417581698e-16,2.2887833992611187e-16,4.441562012537543e-16,11.695016289999847,11.695016289999844,3.0378013939479065e-16,1.5189006969739532e-16,1.127354812489195e-16,1.1102230246251565e-16,1.758100382316464e-16,4.440892098500626e-16,0.2060383797087706
122,70.88000940107418,3.186101714336283,-1.6170303207868875,2.357635593771632e-17,0.0,1.1102230246251565e-16,3.477320601100915e-15,0.3736599236577616,0.3736599236577616,0.0,3.774758283725532e-15,1.3619652289722705e-16,0.0,1.7315711270771205e-16,1.1709088036831165e-14,0.014108350273232375
123,7.072177894340374,-4.971205333043865,1.6904798295367085,1.9706658686058605e-16,5.2831849784398885e-17,2.220446049250313e-16,3.3468168971232243e-16,6.071488721994553,6.071488721994548,7.31433805091833e-16,2.9257352203673325e-16,7.403771195889094e-17,0.0,2.351943465505826e-16,6.44603689252582e-16,0.1413991580726885
124,10.541121439299998,-2.5639699376534226,-1.5084197602290503,8.281023637242668e-17,3.499151000708781e-17,1.2412670766236366e-16,2.220446049250313e-16,11.835019131279115,11.835019131279125,9.005596795558017e-16,3.001865598519339e-16,1.782597816557845e-16,2.220446049250313e-16,2.7613774323131957e-16,7.910374834291598e-16,0.09486656668917118
125,13.96056771837914,-1.194976589142598,1.882773029380921,4.9261284211487384e-17,9.887951213482424e-17,2.482534153247273e-16,3.5108334685767007e-16,28.12839708278522,28.128397082785238,6.315172649803759e-16,1.2630345299607518e-16,6.291149929683897e-17,0.0,1.452902297258515e-16,1.513635077728145e-15,0.07163032479570867
126,3.2488771813201933,-2.5309991432335948,-3.2455826181018663,1.1835618583769954e-16,5.067490689381787e-17,0.0,3.2771890953950874e-17,1.7242814594054474,1.7242814594054474,0.0,2.575503015634059e-16,6.46703039805077e-17,0.0,1.7481034355856327e-16,7.947679851482756e-16,0.30779864679084196
127,2.107458750291421,2.4259709833464282,1.1160349924900141,2.0749573126198938e-16,3.4999670141061526e-16,1.2412670766236366e-16,3.3307069193371756e-16,4.714008297489709,4.714008297489709,0.0,7.536502811614443e-16,1.8299247920354578e-16,0.0,2.0650066192172868e-16,2.100781542608405e-15,0.47450513556278145
128,23.47275303560352,0.937952915746493,1.961152832734996,1.713405217991843e-16,2.120062573319028e-16,4.440892098500626e-16,1.5561011066827582e-15,16.590063319434535,16.590063319434513,1.2848825023971976e-15,1.499029586130064e-15,5.582874791908318e-17,0.0,2.984643166546032e-16,1.1165812668289164e-14,0.04260258685818693
129,18.34672999343129,-4.0738033032706715,-0.15553098522502176,2.1857514000481366e-16,9.413020517191466e-18,2.482534153247273e-16,1.5700924586837752e-16,4.335261887549653,4.3352618875496525,2.048730717401101e-16,0.0,1.5725253281648765e-16,0.0,9.137030261500447e-17,2.1640920881393922e-16,0.054505625817681924
130,55.48805499792239,3.4654784990221086,1.5038681286977726,1.1600055287740125e-16,6.171238981582252e-17,3.5544479789666726e-16,2.0740677722252305e-15,4.46612850455085,4.466128504550822,6.363836016237138e-15,2.3864385060889267e-15,1.3032827997530215e-16,2.220446049250313e-16,7.655351180428045e-17,4.11604055853488e-15,0.018021896785485964
131,33.04579935572594,-1.07055164025501,1.929489376502469,3.097054951227698e-16,1.7480285210155457e-16,1.3877787807814457e-16,1.1390135779926855e-15,15.002942194390325,15.00294219439032,3.5520169638414774e-16,1.420806785536591e-15,6.888033994393469e-17,0.0,9.368766550092045e-17,1.3372322331878524e-15,0.03026103224907246
132,20.35389310399948,1.746172437945708,0.3927246636050761,1.3322666583576293e-16,9.801610830654839e-17,1.1102230246251565e-16,2.220446049250313e-16,16.553061609655952,16.55306160965595,2.1462577513322882e-16,2.1462577513322882e-16,1.5810965193114915e-16,0.0,1.2952495295976401e-16,3.329535258956839e-15,0.04913065008696323
133,4.762767725404473,-0.5444785928693565,0.44105027572157424,1.1458800443651778e-16,3.641493984499544e-17,1.1443916996305594e-16,4.440892098500626e-16,2.5825440500440284,2.582544050044028,1.719580387573608e-16,1.719580387573608e-16,3.997155650095796e-17,0.0,9.555056415387306e-17,3.3306690738754696e-16,0.20996195020513486
134,4.673942208441284,-0.058885854149954814,-0.5070955557077502,1.3075286220399732e-17,9.758806011638177e-17,1.1102230246251565e-16,4.440892098500626e-16,10.07351010735536,10.073510107355363,1.7633941103639836e-16,3.526788220727967e-16,8.307224262529845e-17,0.0,2.4263464587898443e-16,4.163336342344337e-17,0.21395215332229892
135,46.48062609055204,-4.674468791526931,2.977676905894132,4.365443907134925e-17,6.082430099843599e-17,2.482534153247273e-16,1.336885555457667e-15,16.810075135736145,16.81007513573618,2.1134430691793103e-15,1.0567215345896551e-15,3.875813952538928e-17,0.0,6.016326618201915e-17,5.363176320320866e-15,0.021514340147912446
136,11.245589051948576,5.871955281226194,1.0352640241572448,1.3025587322581978e-16,0.0,2.2887833992611187e-16,1.1116099371267112e-15,6.290468915047645,6.290468915047648,4.235829307933547e-16,8.471658615867094e-16,2.226178343572118e-17,0.0,1.4427519326090299e-16,2.0003151552246114e-15,0.08892375449436668
137,5.124362536369198,-7.4504657797823,-2.223202341555283,1.2157374069713787e-16,2.585494024756489e-17,2.220446049250313e-16,2.482534153247273e-16,1.4658211762687738,1.465821176268773,6.059254935591599e-16,4.5444412016937e-16,2.7936004984625343e-17,0.0,1.998817474713464e-16,1.1917022719586168e-15,0.19514622412108626
138,6.719694376722737,-1.0789702330890778,-1.4614794569338243,1.1538067476812806e-16,3.03147253019129e-17,2.775557561562892e-16,2.2591401799415137e-16,4.9386729342554245,4.938672934255425,1.798415144156597e-16,1.798415144156597e-16,1.5430925292400093e-16,0.0,1.7303765322871894e-16,8.606010224525374e-16,0.1488162919230432
139,2.4020742104644115,-0.36520343693822077,0.30519962757074937,5.977335685755284e-17,5.338708402051777e-17,2.482534153247273e-16,2.807971518223576e-17,1.3029260970923404,1.3029260970923409,3.408399070684892e-16,1.704199535342446e-16,4.248911181636293e-17,0.0,7.717823542496111e-17,9.992007221626409e-16,0.41630687163768415
140,4.82479035895686,-3.738979566853151,2.644136318900735,0.0,4.791954106303988e-17,1.6653345369377348e-16,1.1102238957987991e-16,3.222897163852002,3.2228971638520023,1.3779192672697253e-16,0.0,1.360446661388049e-16,0.0,2.1417010047381347e-16,2.2906902743070416e-16,0.20726289135932638
141,1.1596094264717531,-1.8494819338978374,-2.535706314377558,2.783725229652703e-17,1.903197058125136e-16,1.2412670766236366e-16,2.2335424457143716e-16,0.5764482776683412,0.5764482776683412,0.0,2.220446049250313e-16,6.028961986977932e-17,0.0,7.224828949145415e-17,1.1461169990805547e-16,0.8623593230374268
142,2.1646706023570865,0.35809655800577844,0.18762186837265443,1.254355769300463e-16,3.395458384158338e-17,0.0,2.1227857901588505e-17,0.4491436075359239,0.4491436075359238,1.1102230246251565e-16,5.551115123125783e-17,8.397198935316469e-17,0.0,8.01778259354781e-17,1.1120316670755397e-15,0.4619640507480036
143,7.044049802887958,-3.9118699952790226,2.631358117328862,8.83570658503102e-18,8.710636935293959e-17,5.551115123125783e-17,2.220446049250313e-16,3.487879782439755,3.4878797824397543,2.546470850778144e-16,5.092941701556288e-16,1.3888438105022024e-16,1.1102230246251565e-16,1.341528464064706e-16,1.89973295534432e-15,0.14196378901097645
144,11.661429709413754,-1.1514901964888693,-0.4216295087988724,1.717365230823936e-16,3.253519147454953e-17,0.0,6.684427777288335e-16,5.26266881760427,5.2626688176042675,5.063087477948792e-16,3.3753916519658617e-16,1.907587451041781e-16,2.220446049250313e-16,3.254347592696626e-16,1.1279892187324446e-15,0.0857527785973562
145,4.841056786401612,-9.840967322245417,-1.4395609700490506,2.5355440889278364e-17,0.0,5.551115123125784e-17,2.24961610237475e-16,1.986566760213982,1.9865667602139818,1.1177303948300932e-16,2.2354607896601863e-16,1.1201170292958972e-16,0.0,8.983372556661213e-17,8.711654064726531e-16,0.20656646763759778
146,5.49454574698107,0.17477474411030294,-2.3731325101409033,4.8647036770319825e-17,1.4345382363375688e-16,1.1102230246251565e-16,8.95090418262362e-16,8.524092225770646,8.524092225770644,2.0839249416258558e-16,6.251774824877567e-16,1.5876652059545708e-16,0.0,1.8045067520695466e-16,2.7446371763975883e-15,0.18199866668676676
147,7.27468681103856,-2.126121264400819,2.3397075987847074,2.027912587191519e-16,2.162583355922015e-16,3.3766115072321297e-16,2.2206094281142565e-16,5.471974681681416,5.471974681681415,1.6231405870233446e-16,0.0,1.1657534208661905e-16,1.1102230246251565e-16,1.503447897400491e-16,2.2099571981234993e-15,0.137462962458069
148,23.783390649331125,-3.2738434896757096,0.883873790215508,6.426219044945674e-17,0.0,2.482534153247273e-16,5.543684053423981e-16,6.312227621886469,6.312227621886467,2.814152064543847e-16,4.2212280968157707e-16,1.4113257811383397e-17,0.0,1.341912361983022e-16,0.0,0.04204614954798775
149,11.299537587083352,-4.77085141603535,-3.986614357252264,9.371483128583087e-17,9.711024842075291e-17,2.2247786310271853e-16,6.667657928818074e-16,0.4924351197594044,0.4924351197594044,0.0,6.106226635438361e-16,2.8933127326102565e-17,0.0,1.4987263644216376e-16,7.948752639917632e-16,0.0884991967408556
150,28.243860140517594,0.6501751209690684,-0.37390155193708896,1.2389860756367715e-16,8.492015700778382e-17,2.220446049250313e-16,4.47545209131181e-16,14.23135329068407,14.231353290684067,1.248199523346149e-16,4.992798093384596e-16,9.80258033960829e-17,2.220446049250313e-16,1.8470151968572506e-16,2.0336238434259774e-15,0.03540592521789739
151,4.303062136554278,-0.3906807313618043,0.1748578226417008,1.1322517113907134e-16,3.504940529053477e-17,5.551115123125783e-17,4.443491091188982e-16,5.871543597166083,5.8715435971660845,3.0253660047037957e-16,3.0253660047037957e-16,9.423231816001453e-17,0.0,3.9309805942108804e-16,2.7755575615628914e-16,0.23239264697227024
152,2.8759573155168505,-3.0492321101554682,-4.314865605918164,1.3811605030957583e-16,1.5695286271732052e-16,2.2887833992611187e-16,2.2204464379309025e-16,1.2657549104645929,1.2657549104645929,0.0,3.5084928857756556e-16,1.4955519552708992e-16,1.1102230246251565e-16,2.085184119743553e-16,2.531728603579412e-16,0.3477103066184718
153,2.200915859554894,-0.5750359561292584,1.9245149864729956,6.18619828957797e-17,1.1825957520038366e-16,2.775557561562892e-16,2.221441920389477e-16,0.9205520538489059,0.9205520538489059,0.0,3.3306690738754696e-16,1.298426843128772e-16,0.0,3.4749445553273013e-16,8.710568631384296e-16,0.45435630610714806
154,21.20221619413252,0.9529963058460609,-0.4709704480546375,1.120848651394657e-16,1.8834221883598797e-17,3.5108334685767007e-16,1.4111606116825311e-16,31.373373633284533,31.373373633284537,1.1323977205407607e-16,1.1323977205407607e-16,1.0627946291562644e-16,1.1102230246251565e-16,1.922777235335878e-16,3.119892579883546e-15,0.04716488082395465
155,7.0610247498829075,-2.576084352744381,3.8135756642602106,1.6775090257007742e-16,2.8848533557231117e-16,2.220446049250313e-16,1.1598975538041533e-16,4.0855717588747105,4.0855717588747105,0.0,4.347878202216457e-16,1.2831134239386977e-16,1.1102230246251565e-16,1.8585742454146838e-16,3.4392297289442994e-16,0.14162250316663808
156,1.7107841314023557,-1.2776115997042885,-0.5432109422774977,1.3721479856844392e-16,0.0,2.2887833992611187e-16,1.1181067656228532e-16,8.402600117935062,8.402600117935062,0.0,2.1140561427035873e-16,1.2577911405196257e-16,0.0,1.815495699948555e-16,0.0,0.5845272829251025
157,8.30894061743599,-0.5205388505067341,-0.334872562444849,1.6854070061099725e-16,1.0886959048445349e-16,2.482534153247273e-16,2.2887833992611187e-16,1.1127653019875252,1.112765301987525,1.9954307033876273e-16,1.9954307033876273e-16,1.4696624605199311e-16,1.1102230246251565e-16,1.2636238985413899e-16,9.38237931545978e-16,0.1203522862952644
158,18.62004853008826,3.3240593159955862,-0.9216851208286274,3.900083849142729e-17,2.3376417954738232e-17,1.2412670766236366e-16,6.694115794917011e-16,2.5527382773239333,2.5527382773239324,3.47931641715818e-16,6.95863283431636e-16,2.8763454719210894e-17,0.0,3.3745031104939734e-16,1.5666757882685818e-16,0.053705552828403856
159,39.04458392734576,-2.882723790033025,-0.5281317826084098,2.3177927610551497e-16,1.3009757533456878e-16,9.714451465470118e-17,6.662578675156821e-16,11.192414249111353,11.192414249111351,1.587107839169988e-16,6.348431356679952e-16,6.210496801440003e-17,0.0,2.4302359602740026e-16,2.5692361957818746e-15,0.0256117468650959
160,6.459201322611467,-2.1682893520308544,-3.0724992498971275,1.641480102651438e-16,3.1947569506715174e-16,2.2887833992611187e-16,2.5093698273518104e-17,8.619837087606602,8.619837087606602,0.0,0.0,1.3901845436278022e-16,0.0,1.3186582492215353e-16,1.0106664295338333e-15,0.15481790240835847
161,10.7560717149241,0.49400024781828683,-0.07387356384261856,2.4467195168373833e-17,4.78365186591489e-17,2.7755575615628914e-17,1.305248924518653e-17,12.558499976783759,12.558499976783764,4.2433973229703586e-16,1.4144657743234528e-16,1.3450802045242825e-16,0.0,1.6377806156663565e-16,1.2280283363389e-15,0.09297074494329413
162,5.120035954052877,-3.065320425506349,0.5051682503432439,1.223868270991419e-16,1.4884870695551122e-16,0.0,2.781623733539135e-17,7.718980874934589,7.718980874934589,0.0,2.3012841567835904e-16,9.666225173851608e-17,0.0,1.3188671096622409e-16,1.2910378433225727e-16,0.19531112847135926
163,3.78772117406437,-3.513512712609641,0.9725379759908949,1.2880532883282576e-16,1.256672622255457e-16,2.482534153247273e-16,1.1116483187291202e-16,13.31174308891411,13.311743088914108,1.3344284272429981e-16,2.6688568544859963e-16,8.558937671357404e-17,0.0,1.7561722755574263e-16,7.608914404857252e-16,0.26401098550951674
164,11.592897557598615,1.9217601048272768,-2.6702979090262327,7.99941555281616e-17,1.1884078764664237e-16,1.1102230246251565e-16,2.2719901057972984e-16,9.591446299483053,9.591446299483055,1.852021878594045e-16,3.70404375718809e-16,1.6994975051877177e-16,2.220446049250313e-16,2.509060603773214e-16,1.6333972740443424e-16,0.08625971160631235
165,3.4224675476255553,-7.603276446961948,-1.1536845756017011,2.0217091879404163e-16,2.2845586510823778e-17,2.220446049250313e-16,2.2206734648185166e-16,12.28513794547399,12.28513794547399,0.0,4.3378190312987513e-16,2.4572264223879913e-16,0.0,2.1550832137600163e-16,7.996208480029361e-16,0.29218684650312654
166,90.97752947618082,0.5848128977629387,-1.3343270819717021,4.688253716359139e-17,4.1328367381421993e-17,1.1102230246251565e-16,4.59134607705463e-15,2.1170003594290523,2.1170003594290523,0.0,3.566138538345427e-15,1.4290587461417335e-16,2.220446049250313e-16,1.4532047619961765e-16,3.815981090898429e-14,0.0109917251628846
167,7.308569682069601,-2.2048277744847407,-0.24988246883680026,3.618933306282139e-20,1.3595877382079656e-17,1.1102230246251565e-16,3.664121601420091e-17,7.829160520511006,7.829160520511008,3.4033473347746136e-16,1.1344491115915377e-16,9.716291717343972e-17,0.0,1.632683565460435e-16,7.097251565954487e-16,0.13682567773190193
168,9.957290178501815,-0.363828018466829,0.22491620988199332,4.9096695178276175e-18,2.0505685472424033e-17,5.551115123125784e-17,4.463680272636496e-16,2.7799015785395524,2.7799015785395524,0.0,1.5974997578272863e-16,3.584535186091309e-17,0.0,1.2359113000270695e-16,2.220446049250313e-16,0.10042893016807268
169,68.43088314204994,-1.750476808813948,2.509233174825144,1.4716326570212408e-16,1.6696255225488286e-16,1.1102230246251565e-16,4.718447854656916e-16,21.62816831932828,21.628168319328353,3.285265424558005e-15,1.6426327122790024e-16,2.8728993119016616e-17,0.0,2.9807075640658006e-16,2.3011467613507216e-14,0.014613285026936797
170,28.331632799738337,-0.4897848148629749,-0.009574286873351046,1.3151004547156654e-16,8.773158154995644e-17,2.3714374201337736e-16,6.960060274871485e-16,17.433092505826824,17.43309250582681,8.151654510209349e-16,8.151654510209349e-16,1.1201814483436725e-16,0.0,2.7134980846536976e-16,3.4962446636601392e-15,0.035296236085953704
171,2.2478454714975804,-1.1822676263507768,-4.342732650491274,1.0910079762281442e-16,2.7489631491595024e-16,2.2887833992611187e-16,3.330933370859043e-16,5.832854288027402,5.832854288027402,0.0,6.090866500973375e-16,1.5339986169184917e-16,1.1102230246251565e-16,1.2532835340328403e-16,2.0321163021488175e-15,0.4448704382395875
172,30.55146700973214,0.4094001211656483,-3.911609921507643,4.2165315304094264e-17,3.1559161926954485e-16,2.237726045655905e-16,2.2473876566261383e-16,2.9708612052813947,2.9708612052813974,8.968898494360983e-16,1.4948164157268305e-16,2.906097640946568e-17,0.0,3.993326016083061e-17,1.6156405277689557e-15,0.03273165244999126
173,10.343780036640624,-3.121685145102803,-2.5529526645643563,1.8456674885683698e-17,4.482503921793483e-17,5.551115123125783e-17,4.0412728104402646e-16,2.4265076259029685,2.4265076259029716,1.2811105292915103e-15,5.490473696963616e-16,8.275333784672323e-17,0.0,3.6216277445282926e-16,1.1296713901207979e-15,0.09667645642673232
174,4.926855488771455,-2.030400991756766,0.3738199017975168,2.5703860658271015e-17,1.6843023821412623e-17,5.551115123125783e-17,6.866350197783357e-16,5.507590448582841,5.5075904485828415,1.6126442733748706e-16,4.837932820124612e-16,1.2532170507709362e-16,0.0,1.469635995969152e-16,8.622405721613349e-16,0.20296921683192237
175,10.767750647180977,-0.3585481073386859,-0.12893031586967585,2.951036788839481e-17,1.2310109760359178e-16,2.482534153247273e-16,2.1956369528268188e-16,1.659076320639201,1.659076320639201,0.0,1.3383628116606656e-16,2.0293275118310975e-16,2.220446049250313e-16,1.7478839566393213e-16,1.2779008722200744e-15,0.09286990688828833
176,21.07305825784811,-0.8463544744043181,1.5926783205504131,2.7276181598332232e-17,6.660416948797216e-17,4.85722573273506e-17,8.899114524108741e-16,0.4590626762851213,0.45906267628512143,1.1102230246251565e-16,2.220446049250313e-16,1.0813984826606456e-16,1.1102230246251565e-16,1.544220021556933e-16,3.8376245246553767e-16,0.04745395697976712
177,20.73014048028332,-0.41416029997193565,-0.33280349428522393,6.638905311478339e-17,1.0912724518132001e-16,0.0,1.2174545926647195e-15,4.292298452365269,4.292298452365275,1.2415423990995242e-15,8.276949327330161e-16,1.422708811640709e-16,2.220446049250313e-16,1.6855754054895918e-16,1.0971139945240537e-15,0.04823893986396435
178,3.6840076808323534,-6.858389441264257,3.032744002693076,3.16177793621438e-16,4.5983822684054684e-17,2.237726045655905e-16,1.323741310508679e-16,3.096638039967407,3.0966380399674067,1.4341011255378649e-16,4.3023033766135946e-16,3.477068364200611e-17,0.0,1.8567714844934254e-16,4.1551772162835727e-16,0.27144351658193644
179,11.127035790542127,0.10088786133074161,0.5097452815543528,4.0782406629443906e-17,2.011264786830788e-16,5.551115123125784e-17,4.965068306494546e-16,0.8326744465075228,0.8326744465075225,2.220446049250313e-16,2.220446049250313e-16,6.411556298225573e-17,0.0,5.747095913212872e-17,1.1570625123835344e-15,0.0898711947030838
180,9.066217536246143,-0.507170917871503,-2.0022468379158407,2.7393962249757505e-17,2.6573938245659526e-16,3.3887102699122705e-16,1.1102230246251568e-16,3.9881440202303766,3.9881440202303757,2.227047005310554e-16,1.1135235026552768e-15,6.654401574189713e-17,0.0,1.4775633975752852e-16,1.310703785086516e-15,0.11029958149603891
181,5.213270910289422,-0.027950116871011562,-0.8715578744202761,1.735040738674846e-17,2.653670717917297e-16,3.5108334685767007e-16,2.2206291734699453e-16,1.3759786624960544,1.3759786624960546,1.6137212805483312e-16,3.2274425610966625e-16,1.493705616132259e-16,0.0,1.6026604143880956e-16,9.372450644193853e-16,0.1918181535562072
182,4.205823735025186,-3.092255175337624,2.1876797950950637,1.573181543412034e-16,1.9198440471669916e-16,3.3766115072321297e-16,4.1539530982931705e-17,4.761491554822348,4.7614915548223475,1.865336543127111e-16,0.0,1.4721605830549455e-16,0.0,1.9952758024476914e-16,1.9859473983923523e-15,0.23776555153089704
183,4.631983756452658,-9.670970389694974,-2.3746604369216326,1.2848341407398692e-16,3.621754673921019e-17,5.551115123125783e-17,2.4406926913083952e-17,1.9149683296004611,1.9149683296004611,0.0,2.3190420592632846e-16,1.5123857868290696e-16,1.1102230246251565e-16,2.492322225975484e-16,1.4418899874896025e-16,0.21589022168027538
184,17.551937937908047,-2.385226713015191,-1.1430765118424953,8.410157350419333e-17,0.0,2.7755575615628914e-17,3.8559277963506344e-16,6.396844046671379,6.396844046671381,2.7769269133965896e-16,2.7769269133965896e-16,4.024065161293288e-16,0.0,5.115850229027198e-16,9.010117626047131e-16,0.05697376571963736
185,12.667892530284762,-3.2861894376109135,-0.5647898174929764,2.1699453811712216e-16,7.065484676775272e-17,1.1102230246251565e-16,4.454980381494512e-16,6.004588629122456,6.004588629122455,2.958332284054998e-16,1.331249527824749e-15,2.5879895601626536e-17,0.0,1.6872061609665936e-16,8.350808906721e-16,0.07893972873620161
186,5.962924853441616,-6.306188227174824,-0.15823391305053686,1.513244692027301e-16,3.716936877152411e-17,1.1102230246251565e-16,5.551115123125782e-17,4.273595010352271,4.273595010352273,4.156586749790841e-16,0.0,6.490041333047764e-17,0.0,1.4452656129203784e-16,0.0,0.16770293514982554
187,11.352693722248926,-1.0464778615603954,3.903449886209402,8.837400231139094e-17,1.3303988823560062e-16,2.2887833992611187e-16,6.866350197783357e-16,5.250221406378959,5.250221406378961,5.075091225415743e-16,0.0,1.4265945567795955e-16,0.0,3.225753342575521e-16,1.9011589700246942e-15,0.08808482149396639
188,21.839345122245255,-1.353448747860111,0.20855937325531926,4.3869343040036457e-17,1.3213387492043424e-16,1.2412670766236366e-16,3.140184917367551e-16,3.9491847377851403,3.9491847377851466,1.5743120037954358e-15,4.498034296558387e-16,3.329655881772474e-17,0.0,4.4241330499130105e-16,3.7395243997362425e-15,0.04578891877950073
189,6.395583878220693,-4.0433758716146055,-1.5403002465239188,5.38115918308354e-16,2.358140689811735e-16,2.220446049250313e-16,2.2377774860048115e-16,7.848382838106209,7.84838283810621,1.1316706103934654e-16,2.2633412207869308e-16,7.89458499593344e-17,0.0,1.8215335205360558e-16,1.1454675233055608e-15,0.15635788991922506
190,10.731600987591076,-1.3114100005010725,1.5006064889355049,4.8998372369104216e-17,1.8760698157202575e-16,5.551115123125783e-16,2.227743640795632e-16,0.950902747593064,0.9509027475930644,3.3306690738754696e-16,0.0,6.550351999622796e-17,0.0,1.5491584528933394e-16,4.44762693798701e-16,0.09318274143404048
191,2.5327000113979006,-3.2455968017499033,1.8421386026699624,2.3139853332915777e-17,4.8946747456067935e-17,5.551115123125782e-17,5.825226185467664e-17,4.3379667285546235,4.337966728554624,2.0474532777158006e-16,2.0474532777158006e-16,2.1188139013380976e-17,0.0,1.7161655527004693e-16,1.8929125501361043e-16,0.3948355492161345
192,12.275487342980515,0.8405429755914707,-2.063489881339984,2.3641808494232256e-17,0.0,0.0,2.757567185080133e-16,8.03271783155399,8.032717831553981,1.1057010072122754e-15,2.211402014424551e-16,1.191251284330245e-16,0.0,9.410634426111678e-17,4.386516977145932e-16,0.08146316085542923
193,4.4006791154002025,4.442578628491241,8.400138079801241,1.3232369153579967e-16,2.6951842538601047e-16,4.47545209131181e-16,2.0803114996888807e-17,8.694153838899751,8.694153838899751,0.0,0.0,4.76098412004907e-17,0.0,1.8734274764318782e-16,1.4739676576973463e-16,0.22723765441122257
194,13.458239712234906,-5.392699930348402,2.1278534325010927,1.6838710239681023e-16,5.4291850240336215e-17,4.449557262054371e-16,6.753223014464259e-16,4.343189966472411,4.34318996647241,2.0449909549351672e-16,6.134972864805501e-16,4.2226733002610283e-17,0.0,1.872512715826049e-16,1.4529958568727575e-15,0.07430392245806744
195,15.104352250092113,-0.5495240275704314,-0.05078724875239582,1.4759625281014375e-16,8.803311871637301e-18,3.3306690738754696e-16,4.742874840267548e-16,3.1526477765479837,3.1526477765479766,2.2537967642491116e-15,4.2258689329670844e-16,1.3102196405433226e-16,0.0,1.0707899928260351e-16,2.1447702320890468e-15,0.06620608308402676
196,6.655523067058876,-0.9966349476191406,-1.4679839293461827,4.1415774019741545e-17,1.7804970838214667e-16,2.7755575615628914e-17,1.2130402906779827e-16,5.293795217976042,5.29379521797604,3.3555450603157233e-16,3.3555450603157233e-16,3.081309315124528e-17,0.0,3.891569973063493e-17,1.3705731506284294e-15,0.15025115079976795
197,11.124881924852769,-8.988147036943282,-0.3232848815542234,2.7751425194613175e-17,4.2761952668457094e-18,2.220446049250313e-16,3.4174714094017005e-16,4.654365406982021,4.65436540698202,1.9082696394394978e-16,3.8165392788789955e-16,2.5725357840611538e-17,0.0,1.684939112225042e-16,0.0,0.08988859448171145
198,3.592432887729546,-3.6593491644362794,-1.1639943980786414,1.991013967222255e-16,1.8338595211976904e-16,6.753223014464259e-16,3.332804733024963e-16,0.5229985238406082,0.5229985238406081,1.1102230246251565e-16,1.1102230246251565e-16,1.8200399367213863e-16,0.0,1.2186673543329121e-16,7.126404529960372e-16,0.2783628897885996
199,36.122454329873186,0.014967258265213019,0.9411036094451104,2.3988783687682592e-18,1.0137301179006492e-16,1.2412670766236366e-16,1.1188630228279524e-15,7.292717055900372,7.292717055900364,1.0961080371044536e-15,1.2178978190049485e-15,8.044193789153813e-17,0.0,1.450788856797503e-16,1.1102230246251565e-15,0.027683611718847208
200,10.948599849409336,1.881958004178118,-0.5609419118733128,1.1918663004572633e-16,4.345549439895228e-17,2.0014830212433605e-16,1.7106346828782935e-16,11.800962661763167,11.800962661763153,1.2042114802419667e-15,0.0,1.0332105315100443e-16,0.0,1.6276463682665053e-16,7.30396255588396e-16,0.09133587981608031
201,1.9939177377561215,1.2546264502271092,0.16740436018355964,1.5371337808592202e-16,0.0,2.482534153247273e-16,5.568087084922327e-16,6.659330705479824,6.659330705479823,1.3337352640697989e-16,4.0012057922093963e-16,1.263394069201024e-16,1.1102230246251565e-16,4.506233541967116e-16,1.8844717318328893e-16,0.5015252039060349
202,3.7627092596434206,-0.5852619894562683,4.19455078039843,2.4723681605369827e-17,2.732686934444359e-16,2.2887833992611187e-16,1.1157488581153478e-16,2.6864227678984136,2.6864227678984136,0.0,3.3061751497696934e-16,7.890451173775206e-17,0.0,1.690193405089761e-16,7.723375267502594e-16,0.26576594974408607
203,2.71339575059306,1.222433109008817,1.3896561660160693,1.0877202182307497e-16,2.361639866410835e-16,3.5108334685767007e-16,5.060628495049523e-17,4.016356218287122,4.016356218287121,2.2114034996599772e-16,2.2114034996599772e-16,8.334573600335385e-17,0.0,1.310301459793228e-16,3.3753015335856654e-15,0.3685418906480682
204,1.4344285131419858,5.963077350560655,-0.6201081873301678,6.765481484771285e-17,1.2648804273768507e-16,2.0014830212433605e-16,1.1253241375683337e-16,2.9363990001263383,2.9363990001263387,1.5123599001053866e-16,1.5123599001053866e-16,1.2426848348640792e-16,1.1102230246251565e-16,2.1310366381541445e-16,4.693341198463948e-16,0.6971417472799608
205,6.171709915084399,0.2165154922904223,-0.16054864678527742,1.0996651202671758e-16,5.551115123125783e-17,0.0,1.1102230246251565e-16,2.505363932121828,2.5053639321218264,7.090214785266062e-16,3.545107392633031e-16,1.5109969827991767e-16,0.0,1.8001907187467606e-16,1.1102230246251565e-16,0.162029650414365
206,5.4951240697705535,-1.6242207802016095,-2.767135089599693,1.652157189473454e-17,9.016995381710908e-17,2.2887833992611187e-16,3.3306690738754696e-16,1.6438256755334326,1.6438256755334324,1.3507795153094706e-16,1.3507795153094706e-16,5.983557003148243e-17,0.0,1.944645017049284e-16,2.274235278345594e-16,0.1819795126194037
207,16.41410703382636,-3.76032381401755,0.3316126160344922,3.5349342449781995e-16,1.138388455320772e-16,2.2887833992611187e-16,4.695944831791985e-16,4.450431743904157,4.450431743904158,1.9957129348555464e-16,3.991425869711093e-16,1.4925977936279938e-16,0.0,2.105593685847485e-16,0.0,0.06092320453005449
208,2.7653311026946215,2.4836417411056155,-3.6544354537561716,2.484868200440741e-16,2.3486643896922746e-16,2.2887833992611187e-16,2.0757612126027942e-17,6.045912823231786,6.045912823231787,1.4690559484867958e-16,0.0,7.987180399327836e-17,0.0,2.1566054843348811e-16,5.261670871448931e-16,0.36162034955798616
209,36.51670044990509,-2.9084154078284117,0.04852840905171091,8.119367463465958e-17,2.189450193852024e-17,2.220446049250313e-16,2.710968215929814e-15,12.738251350556924,12.738251350556908,1.2550554322280102e-15,1.8128578465515703e-15,6.139319878091723e-17,0.0,1.6018005762219057e-16,6.8390324601420255e-15,0.02738473048439609
210,7.548557516873237,-8.252739405538208,-3.3055804502951385,2.5556431692964658e-18,5.475207099268204e-17,1.6653345369377348e-16,4.483953600907646e-16,3.833713468106656,3.8337134681066587,6.950272317603071e-16,1.1583787196005119e-15,2.8775190918357575e-17,0.0,9.336778167181086e-17,1.1998860957063484e-15,0.13247564157320224
211,7.017577933111632,-4.42138606837605,4.6377222573026184,4.1423649698924714e-17,0.0,2.7755575615628914e-17,2.2205266885115356e-16,9.914183926863256,9.914183926863256,0.0,3.58346557317153e-16,4.174139541592496e-17,0.0,8.879783512985764e-17,0.0,0.1424993080991113
212,10.634553404379878,-0.8855057447905234,-0.07101720043268056,1.4593130248243298e-16,0.0,3.3610687035593875e-16,1.2681821437361359e-16,3.6193738985308346,3.6193738985308297,1.3496757851775373e-15,2.453955973050068e-16,1.1714013304830743e-16,1.1102230246251565e-16,1.276276048807645e-16,4.440892098500626e-16,0.09403309776865347
213,2.0764313574611246,-1.3413877177843652,-0.7006828126454512,9.153190113020092e-17,7.443192988320067e-17,2.7755575615628907e-17,1.1114893687273726e-16,7.457847529977251,7.45784752997725,1.1909313191641967e-16,4.763725276656787e-16,3.656759561556294e-16,0.0,3.4807278410360936e-16,1.99062573184076e-15,0.4815955010536494
214,3.6288208723481703,-0.9708657675788819,-0.24290994799676693,9.170875786340655e-17,8.416417957479169e-18,1.2412670766236366e-16,1.2862188733160756e-17,1.7406496637700213,1.7406496637700215,1.275642132628294e-16,6.378210663141471e-16,1.4923093216139395e-16,0.0,2.1104216142523335e-16,7.443835897947813e-16,0.2755716071906611
215,22.60919029459277,-0.5247118046919551,1.0048956251842478,9.083738396176783e-18,1.2398939466812159e-16,1.2412670766236366e-16,2.482534153247273e-16,0.8206052692062829,0.8206052692062817,1.1102230246251565e-15,6.661338147750939e-16,2.947948445494334e-17,0.0,3.8876094126556133e-16,4.395681273766705e-16,0.04422980155282995
216,5.355566759683879,2.898344971904997,-0.10900203019156196,7.590564149748797e-17,3.9019715496167347e-17,4.440892098500626e-16,2.2877943420491734e-16,0.9631228498684309,0.9631228498684302,6.661338147750939e-16,3.3306690738754696e-16,1.1576610325220687e-16,0.0,2.758445817390233e-16,4.209277876135735e-16,0.1867216010689838
217,6.31891890420867,-1.0237459690733215,-6.659305163083382,2.6297942187233545e-17,5.126309872868168e-16,2.220446049250313e-16,2.220446049250313e-16,3.617884386698395,3.617884386698396,2.454966286279419e-16,2.454966286279419e-16,2.94943267468531e-16,2.220446049250313e-16,2.240474407272545e-16,2.4000763948499575e-15,0.15825491910237277
218,5.406357842173281,-3.3324343653736825,-0.6719524153311601,2.6380406114336984e-16,7.121898507773614e-17,1.6653345369377353e-16,1.570092458683775e-16,6.6088887279075035,6.608888727907502,2.6878298493651263e-16,1.3439149246825631e-16,1.4706881769171364e-16,0.0,8.02402963590864e-17,7.314140636781405e-16,0.18496740859425145
219,26.439632849958866,-3.511122069509611,2.355594849004361,6.349476388045232e-17,0.0,1.1102230246251565e-16,7.108895957933348e-16,7.202224270061788,7.202224270061787,1.2332001703863985e-16,1.6031602215023181e-15,5.601213339152982e-17,0.0,2.5657114145028817e-16,2.4971182651585344e-15,0.037822007804526374
220,94.61700066298508,-1.9178222466526615,-0.3146834114351238,1.6810297326332673e-16,4.210612530016836e-17,2.482534153247273e-16,7.135041761983608e-15,4.161208091153438,4.161208091153421,4.055406411945315e-15,7.043600610220811e-15,1.2720356115867875e-16,0.0,3.52274013557262e-16,1.1736658512356633e-14,0.010568925171929365
221,10.209657046363683,-2.0328249610846263,1.6115488917369452,2.253989309694188e-16,6.512070680149378e-17,1.2412670766236366e-16,2.220446049250313e-16,7.816302965670708,7.8163029656707055,3.4089457263914216e-16,4.545260968521896e-16,5.466848880412295e-17,0.0,2.752799471754203e-16,1.0165547301533463e-15,0.09794648296792431
222,5.4079816709219095,-2.158732801041361,-3.0336430490094273,4.380077714117142e-16,3.3807878909243065e-16,6.753223014464259e-16,1.6653345369377353e-16,0.9317715106713477,0.9317715106713471,5.551115123125783e-16,1.1102230246251565e-16,1.1305715870005803e-16,0.0,2.0243048418094333e-16,8.220611403917721e-16,0.18491186931658454
223,17.534403489757246,-2.6319370111981044,0.33858405416775017,2.1564959565319555e-16,2.821925591152991e-17,0.0,7.28511426080636e-17,3.144368005379679,3.1443680053796763,8.473993039433169e-16,5.649328692955446e-16,1.1130150363408402e-16,1.1102230246251565e-16,2.058837067571235e-16,9.068633292076808e-16,0.057030739630475835
224,6.939313133962733,-2.041880642434606,2.662366899077472,1.8090665782164115e-16,2.253835532157488e-16,1.387778780781446e-17,1.114801574688954e-16,7.219129608300946,7.21912960830095,4.921249335536791e-16,2.4606246677683957e-16,5.75232532382629e-17,0.0,1.0818147557980511e-16,1.2382645730100905e-16,0.14410648153428207
225,3.6121311908694236,-0.550981173585874,0.9742939305424012,5.3903243799750037e-17,0.0,2.2887833992611187e-16,2.222213218165548e-16,1.9334332920922173,1.9334332920922175,1.1484471992553269e-16,5.742235996276634e-16,7.19878682693459e-18,0.0,5.117404687086572e-16,6.489719744648348e-16,0.276844872779746
226,30.659866913862828,-3.3902046101106365,-0.25117614669055377,1.3307814823041883e-16,2.3081647346233004e-17,4.460365043975677e-16,2.223219874253422e-15,22.155576736767387,22.155576736767436,2.244942304781728e-15,2.244942304781728e-15,2.056447836082041e-17,0.0,6.99945817430917e-17,4.317390085667754e-15,0.03261592761669665
227,10.735543716183882,1.3999471712248637,-1.3487158183736239,1.4526630643436194e-16,1.6472332126176368e-16,1.1443916996305594e-16,9.212352797065012e-17,28.91288529620531,28.91288529620531,0.0,2.4575296739871056e-16,1.244297738141331e-16,0.0,2.3777871772698277e-16,1.5415205234666616e-15,0.0931485192028524
228,5.611006556539744,-3.148631915354736,1.7020455531517416,1.3589121508229156e-17,3.199751823224756e-17,2.220446049250313e-16,2.2364277686834267e-16,13.17140584081883,13.17140584081882,6.743231743323988e-16,1.3486463486647978e-16,3.9726595854045514e-17,0.0,1.6130376593854136e-16,1.7743562717397538e-16,0.17822114266369615
229,16.112489593858783,1.211394796686029,0.4464028702031422,1.0547002592391283e-16,7.67202057360852e-17,0.0,2.7755575615628914e-17,12.528570144098746,12.52857014409875,2.835689658068374e-16,2.835689658068374e-16,1.4264184474702283e-16,1.1102230246251565e-16,3.927236244182221e-16,6.309742216319199e-16,0.06206365528894686
230,39.19483335243154,-3.7163733330752358,-1.1169024752755954,1.2729025528237234e-16,4.759075301329232e-17,5.551115123125783e-17,1.0000677077679748e-15,8.479312931686986,8.479312931686998,1.4664511117798635e-15,1.0474650798427596e-15,1.122044333476513e-16,0.0,3.2773297529720315e-17,1.2461537721256662e-15,0.0255135668267281
231,3.7231988535116307,0.14802883286201762,0.855373026166842,9.031867593994723e-18,1.2973584813963662e-16,1.5700924586837752e-16,4.467136560637079e-16,2.852629118195537,2.8526291181955368,1.5567716357427363e-16,3.1135432714854726e-16,3.587402672160662e-17,0.0,3.6741627785846026e-16,3.3306690738754696e-16,0.26858624514691953
232,11.834034095391674,-2.3497695576208186,0.3519279757448426,1.814562449930335e-16,1.3123870044313956e-16,1.6653345369377343e-16,2.752193749798638e-16,5.928986388788201,5.928986388788203,2.996054844651637e-16,1.4980274223258186e-16,1.6264560350797203e-17,0.0,3.665396165291572e-16,2.9657535209748635e-15,0.08450203809953767
233,27.334241488189914,-0.6496194906160693,0.9277357625756097,4.640076667181858e-17,4.2812158698036905e-17,2.220446049250313e-16,6.811349972075662e-18,2.9807880603948815,2.980788060394871,3.5756118249445614e-15,0.0,7.28956241665556e-17,0.0,4.570991095328664e-16,1.636804086452127e-16,0.03658415033876438
234,5.122272674201634,-2.259540170442451,-6.421242054198915,1.5332117782937438e-16,1.6986141003145021e-16,1.570092458683775e-16,3.381132638709821e-17,5.252361655583348,5.252361655583349,1.6910077369786156e-16,3.382015473957231e-16,8.099390639536724e-17,0.0,1.4556689450448243e-16,3.697344882329933e-16,0.19522584282490507
235,16.4196196860604,-1.6861973530003127,-0.8392050156594824,1.4103129123046619e-16,2.800999323637105e-17,2.7755575615628914e-17,2.237726045655905e-16,6.354427447309244,6.3544274473092415,4.1931948727003913e-16,0.0,2.2732873788390257e-17,0.0,2.2139945904582112e-16,3.509007841387447e-16,0.06090275043635529
236,25.992282974971513,-0.6102670883662712,-1.3443255899910853,7.529434565972296e-17,8.532410990599075e-17,2.336924281732948e-16,4.50287786389375e-16,2.679083735764138,2.679083735764139,3.315232024454793e-16,3.315232024454793e-16,1.1267563584105462e-16,1.1102230246251565e-16,1.9663864336605807e-16,1.5159322015785307e-15,0.038472957568327276
237,10.011664922049057,-2.0930429100226333,0.4417103935571744,1.6591399461532363e-16,7.593819405331244e-17,0.0,6.684427777288335e-16,3.699341517119208,3.699341517119209,3.601364251948455e-16,1.3205002257144335e-15,7.922631890017363e-17,0.0,1.3406112755507178e-16,3.088995030247662e-15,0.09988348669137465
238,3.7259752296886774,-4.467958896244532,-1.5281168525985422,2.2798740556939493e-16,6.95622902239448e-17,1.1102230246251565e-16,3.3356245383044216e-16,12.413411557875957,12.413411557875953,2.8619962064710607e-16,7.154990516177651e-16,1.5045225897067277e-16,0.0,1.3492707031432113e-16,9.649944782617404e-16,0.2683861105763585
239,6.431888535896366,-0.3470434350726438,-0.4716114883312932,2.4822155925977083e-17,3.028735793587866e-17,5.551115123125783e-17,1.1102230246251565e-16,5.757014649348092,5.757014649348092,0.0,4.628328085637406e-16,1.7995653734019293e-16,0.0,1.319319297130695e-16,1.945940651171352e-15,0.15547533114403517
240,5.497491441563658,-2.3455709571520686,2.139087090047963,1.107855443391821e-16,6.152480977334262e-17,1.6653345369377348e-16,2.2887833992611187e-16,0.5500577505623745,0.5500577505623745,0.0,2.220446049250313e-16,1.2856233188778e-16,0.0,1.1490105863112819e-16,4.856647228079868e-16,0.18190114721043898
241,15.337520504941788,1.7172814315368774,2.489277566571513,1.0165591805589755e-16,8.51888054389619e-17,0.0,1.1102230246251565e-16,2.632603628612622,2.6326036286126233,5.06064648346736e-16,1.6868821611557868e-16,6.598234729248363e-17,0.0,1.148114377290232e-16,2.4538642336314644e-15,0.0651995868352931
242,5.297767245798803,4.299348958309541,3.113910326152247,8.840121349827861e-17,6.646116982948234e-17,1.6653345369377348e-16,4.244741166641178e-18,10.033369396250867,10.033369396250869,1.770448958117714e-16,0.0,1.666270876315108e-16,1.1102230246251565e-16,1.1456129708462178e-16,4.801282156603191e-16,0.18875876451405296
243,4.268444853811445,-0.21877533073606123,0.531756200917856,3.688257894666597e-17,5.1618666091024924e-17,2.237726045655905e-16,1.9873226719161895e-17,7.67536397719637,7.6753639771963655,5.785904240755993e-16,0.0,1.4933778754137645e-16,1.1102230246251565e-16,7.46405868460881e-17,2.220446049250313e-16,0.23427736195468543
244,23.886777825657852,-10.472633164386185,-2.63856308577775,4.1448996851287483e-16,4.215640250803853e-17,3.14018491736755e-16,2.482534153247273e-16,13.188350880181725,13.188350880181725,0.0,4.0407406252807564e-16,4.4047004283540544e-17,0.0,1.9134187852539158e-16,4.898875411037103e-16,0.04186416465622097
245,13.227193455780936,-0.9859753758184953,-0.5224843026470962,5.081803164355722e-17,0.0,2.237726045655905e-16,2.0014830212433605e-16,9.223228407129923,9.223228407129922,1.9259599361402086e-16,0.0,8.366396929654903e-17,0.0,3.5996797769706512e-16,5.970530672286431e-16,0.07560182765475032
246,7.484947439478178,-1.8414171104938721,0.6715132497667541,1.5475627198118736e-16,8.449604901055983e-17,0.0,0.0,21.161767759524995,21.161767759524984,5.03650789363012e-16,3.357671929086747e-16,1.6688303024862611e-16,2.220446049250313e-16,3.901620360017523e-16,9.925739582654838e-16,0.13360147256688193
247,3.973856612567824,-3.2644028889962597,-1.0236966417348083,1.145535402389943e-16,1.03939845838048e-16,1.2412670766236366e-16,2.255355431957149e-16,7.726432029295298,7.726432029295296,2.2990648628824685e-16,2.2990648628824685e-16,1.244174044775795e-16,0.0,2.431158227658629e-16,3.5354375671540366e-16,0.25164471129566446
248,8.690385102355988,-12.610258676806037,0.42972781552994777,1.5017344138911994e-16,2.1687349279089552e-17,4.47545209131181e-16,6.684427777288335e-16,9.717752725662042,9.717752725662047,5.483850709771685e-16,3.655900473181123e-16,1.3511518724694944e-16,0.0,1.730552211276716e-16,2.1485320760897824e-15,0.11506969923909462
249,56.090094664099894,-4.850650102155003,-0.7564099148264953,2.8527859462966173e-16,1.5499628319431547e-16,2.220446049250313e-16,2.443985292248907e-15,11.410483901495613,11.410483901495521,8.095235613689063e-15,2.8021969432000606e-15,1.6142149690987655e-16,0.0,1.2062666232104363e-16,1.4979753629654472e-15,0.017828459837500272
250,4.505684092261942,-1.953818984856038,-4.47496185225808,3.969444251582395e-17,0.0,1.2412670766236366e-16,4.447275116184588e-16,0.7629864527085665,0.7629864527085666,1.1102230246251565e-16,1.1102230246251565e-16,8.054751630728579e-17,1.1102230246251565e-16,2.3167583029543414e-16,1.5011409848053975e-16,0.22194188041664872
251,9.243867724203064,-6.861382638405611,3.1877814301139953,2.5266731643758196e-16,3.0901292749315287e-16,4.47545209131181e-16,2.3989572564248896e-17,6.857841402529248,6.857841402529246,2.5902565182465587e-16,0.0,1.2417633520935214e-16,1.1102230246251565e-16,1.0492064575967895e-17,1.2539320870031705e-15,0.10817982578674379
252,5.257251120193974,-0.6764530586893576,0.17010481347315964,1.5440598666435374e-16,4.1372771348580226e-17,1.1102230246251565e-16,9.073852515675303e-18,2.5225890635303356,2.5225890635303356,0.0,0.0,8.689799048951235e-17,0.0,1.774162020167772e-16,5.551115123125783e-16,0.19021347414028508
253,55.25956418163796,0.36047738072433455,-0.5978547221143589,2.1195042957433768e-16,1.906637029915264e-16,2.2887833992611187e-16,1.1226435567921847e-15,19.68031437219712,19.68031437219726,7.0403262291867085e-15,1.0831271121825705e-15,2.6973641733102854e-17,0.0,2.308559182889437e-16,6.59883638883896e-15,0.018096414888695327
254,6.95811915814361,-0.8719999350184677,0.08389633899887472,4.7722926946525314e-17,1.0583072250561041e-16,1.2412670766236366e-16,4.420743740079012e-19,0.4770546864985733,0.47705468649857324,5.551115123125783e-17,3.3306690738754696e-16,7.143695377659465e-17,0.0,9.762949591148036e-17,4.043297041047264e-16,0.14371699841179442
255,28.874533361167433,-0.6338047550710718,-0.33939743958319923,3.502648132256924e-17,7.010720569492252e-17,2.482534153247273e-16,2.4825341532472726e-16,13.477911769845706,13.477911769845704,1.3179763080023384e-16,3.9539289240070147e-16,1.1987087192340752e-16,1.1102230246251565e-16,2.0289560505637745e-16,3.5121994286718334e-15,0.03463259431734655
256,5.7153254416665495,-10.86666617741243,-2.9396830622717873,7.077919016885995e-17,4.6685666219461436e-17,2.220446049250313e-16,2.9841803130619565e-17,5.408179053423079,5.4081790534230745,8.211436889630691e-16,1.6422873779261382e-16,2.6769912223339494e-16,2.220446049250313e-16,9.322618511797477e-17,2.9734596828079256e-16,0.17496816414156954
257,12.510977385445724,-2.6880834620039455,1.5382645397419528,1.6364342374125884e-16,5.633363091060896e-17,5.551115123125782e-17,2.2609357050737057e-16,5.885463021149425,5.885463021149421,6.036421715732162e-16,3.018210857866081e-16,1.183813857848333e-16,0.0,4.155997824925129e-16,5.776351081883132e-16,0.07992980637654147
258,2.041062143356429,-1.6207803873391566,0.5189885851152689,9.809815934461025e-17,0.0,2.775557561562891e-16,1.4637401018022208e-18,1.8008706823606022,1.8008706823606024,1.2329847284424259e-16,1.2329847284424259e-16,5.345965308656919e-17,0.0,1.1747760252948488e-16,3.5618992176799515e-16,0.4899409864883134
259,26.210690837774063,-4.2573116123143055,-0.5926785925916809,1.5879385283249428e-16,9.596479843273258e-17,1.2412670766236366e-16,1.7867691097604874e-15,12.338400134009238,12.338400134009209,2.3035165922414175e-15,1.5836676571659746e-15,1.4900174729084523e-16,0.0,2.995314075362005e-17,2.3347785288486823e-15,0.03815237096150591
260,72.23290024649862,-5.890997410530038,1.2970581462738466,9.821610968841186e-17,0.0,5.551115123125783e-17,5.7699562728547175e-15,106.80148674957216,106.8014867495717,4.390933308833781e-15,5.455401989763182e-15,1.2415710044648848e-16,0.0,2.6684385242567314e-16,1.2568059355249389e-14,0.013844107000934377
261,7.5266017494707596,-6.408958282710703,6.454405013176749,5.354149500157973e-17,5.4719123278857116e-17,2.7755575615628914e-17,1.2412670766236366e-16,4.823922116630068,4.823922116630063,9.205978021890159e-16,1.8411956043780319e-16,1.2953859396168586e-16,0.0,8.117558883530547e-17,1.74124550253238e-15,0.1328620848140828
262,4.59732010955742,-0.9109949044672063,0.607128139106389,9.982334729559737e-17,3.7397814760144876e-17,2.2887833992611187e-16,1.2412670766236366e-16,2.7689207045226922,2.7689207045226927,1.6038350579151558e-16,0.0,1.820028963051301e-16,2.220446049250313e-16,1.4784890584839902e-16,1.4260370421307387e-15,0.2175180270612631
263,6.616377644719513,-2.0929825625000262,1.177218768563151,5.156330014139346e-16,1.5998211754765945e-16,5.551115123125783e-16,1.1102230246251565e-16,14.322402302856812,14.32240230285681,1.240264588187088e-16,4.961058352748352e-16,1.6105626493402306e-16,0.0,1.418148563488007e-16,1.2701678769472022e-15,0.15114010319499807
264,1.6743670400660386,-1.0615164118708,1.1623891030118725,5.194358090618066e-16,3.464017671860141e-16,5.578801654593729e-16,2.222728999242082e-16,2.3775681884470163,2.3775681884470163,0.0,3.735659082317496e-16,9.74906683657701e-17,0.0,1.0995741345282878e-16,9.875218878480245e-16,0.5972406145551923
265,5.123131593350142,-0.44271607664560253,-1.7403433104606925,3.842127368907425e-17,1.1180376256419827e-16,2.482534153247273e-16,1.17191627973879e-16,5.835907041133614,5.8359070411336145,1.5219200947511978e-16,1.5219200947511978e-16,1.6962896267179837e-16,0.0,2.1584537178857604e-16,3.3306690738754696e-16,0.19519311221636523
266,66.74678056549602,-3.462450374875999,0.31302396903801477,1.898720419143832e-16,8.004611508290363e-17,2.220446049250313e-16,4.965068306494545e-16,21.3112646755341,21.31126467553419,4.1676476418585226e-15,1.6670590567434088e-16,6.647733250517377e-17,0.0,2.315087164594794e-16,2.8850360224711758e-15,0.014981996008316388
267,10.337363317757008,-5.136351655402057,4.659949158186655,1.8379625430407086e-16,1.489515749791227e-16,5.551115123125783e-17,4.463570866216116e-16,3.098091792123663,3.0980917921236624,1.433428186276078e-16,1.7201138235312936e-15,1.147400022022122e-16,0.0,1.0828044874648297e-16,1.5247350926913973e-15,0.09673646647228365
268,8.96558693634379,-4.996630358980531,-2.7046219552649413,3.398832670446762e-16,0.0,2.220446049250313e-16,1.1102230246251565e-16,3.430087693128957,3.4300876931289563,1.2946876277817855e-16,1.165218865003607e-15,1.419702012919879e-17,0.0,2.3448288289435476e-16,1.01915846570648e-15,0.11153759448210666
269,3.2206026898835396,-0.9356370542665305,-0.6677718124753309,2.1258929825314266e-16,6.32208023844687e-17,2.2887833992611187e-16,3.3325664589002884e-16,2.8767231286042767,2.876723128604277,1.5437328863328081e-16,0.0,6.239809880275391e-17,0.0,1.392610604465312e-16,0.0,0.3105008895202031
270,4.869422308950264,-2.783962287459537,0.1517042366266388,1.3959936477678523e-16,4.161604894163316e-17,5.551115123125783e-17,1.2412670766236366e-16,2.0631639009879548,2.0631639009879548,0.0,4.3049338895219e-16,6.150612285496094e-17,1.1102230246251565e-16,7.357169824265369e-17,8.941813212245942e-16,0.20536316970535665
271,22.112327131349275,5.4051479075365165,-0.5787713689471923,2.579953768922315e-16,2.9185880078245174e-17,2.237726045655905e-16,1.2133912558078553e-16,0.5219438320478842,0.521943832047883,1.2212453270876722e-15,6.661338147750939e-16,1.1195190448928085e-16,0.0,8.796047838814577e-17,3.836859245914968e-16,0.04522364353874067
272,42.74431283391203,-2.2933128447141535,-0.6660348107357829,0.0,5.75985706990531e-17,1.570092458683775e-16,5.900916318210351e-16,13.659470995698294,13.65947099569835,4.031419814043293e-15,6.502290022650471e-16,4.564269213616952e-17,0.0,1.7496762309539257e-16,2.0445136018810583e-14,0.023394925165509044
273,10.5226844119658,-7.4179680108135555,-1.298522430750778,6.561437883455596e-17,4.376365496978329e-17,4.577566798522237e-16,2.220505133416055e-16,4.098745697182316,4.0987456971823155,2.166951758706825e-16,4.33390351741365e-16,1.292229718203121e-16,0.0,8.119064802934539e-17,8.487636105166845e-16,0.09503278449202995
274,53.57401524439995,-2.4602696783514237,1.1141340428370903,1.1342877755231654e-16,8.027884100333844e-17,2.775557561562892e-16,9.55049957678547e-16,5.51077972812992,5.510779728129927,1.2893687841180008e-15,6.446843920590004e-16,1.784457722477096e-16,0.0,1.992016600537743e-16,3.1279474693863197e-16,0.01866576539835745
275,6.303511498779652,-1.7750392335336822,-0.794600273635238,1.4345074885904792e-16,8.33942712938662e-17,1.1102230246251565e-16,1.975349555649182e-16,6.780491497385319,6.780491497385321,2.619805422785717e-16,1.3099027113928585e-16,1.4171819770979203e-16,0.0,1.1063556791268712e-16,1.0930220977537903e-15,0.1586417348796142
276,2.1310879659229074,-1.5963745717967066,-1.173100011598281,8.583246125170075e-17,2.634702056541027e-17,0.0,6.674210186154569e-16,8.540190518886412,8.540190518886408,4.1599934696348586e-16,1.0399983674087146e-15,1.253408095818458e-16,2.220446049250313e-16,1.1576881579993506e-16,9.799900132661784e-16,0.4692438866862689
277,5.358399668228035,-0.1973731135058324,-3.6994966924771857,4.1291956775327926e-18,1.5663365019915573e-16,2.220446049250313e-16,4.440892098500626e-16,2.4408507432372057,2.4408507432372057,0.0,9.097016912658173e-16,1.431192041530776e-16,0.0,1.1246100761964503e-16,6.265561325719862e-16,0.18662288405424127
278,17.675935490978823,-2.0333501736192674,-0.3706786564106326,1.336962183693699e-16,1.1248399793848703e-16,3.5108334685767007e-16,4.442551972871225e-16,2.3136805263122637,2.3136805263122655,7.6776236788039e-16,9.597029598504874e-16,1.0191116852127361e-16,0.0,1.996721277601137e-16,1.4174001275937396e-15,0.056574091963073406
279,3.6916041638786252,-1.7404226534882032,1.6305250647298792,1.741318646118009e-17,7.056475353710032e-17,1.3877787807814457e-16,2.4323018931230928e-17,7.7294670510076395,7.729467051007642,3.447243181860796e-16,0.0,3.2319842933082725e-17,0.0,1.835957641164716e-16,1.0615280488913198e-15,0.2708849474666698
280,5.031936580531903,-1.4643172051747833,0.32225395538417556,6.70793281640382e-17,2.1300470179763547e-17,1.2412670766236366e-16,3.8627640427957945e-17,5.504668857808235,5.504668857808236,1.61350018074251e-16,4.840500542227529e-16,1.4154606125577054e-16,1.1102230246251565e-16,1.232742440768623e-16,1.184072756990126e-15,0.19873064455321376
281,26.216448157449943,-14.839458676106068,-0.32740786038639924,4.922301417133232e-17,2.398940117556352e-16,2.265790592267349e-16,1.1102230246251565e-16,2.8185965304283753,2.8185965304283784,1.1028979974221369e-15,0.0,1.470943534517635e-16,0.0,1.5111795975344544e-16,1.287850011399456e-16,0.038143992427740026
282,75.01216445765495,-2.1632241363632385,-1.8817283569950347,7.305030084874445e-17,3.937468883471486e-17,1.1102230246251565e-16,8.053388413554399e-16,1.3240942576108554,1.324094257610846,7.043209615362701e-15,3.018518406584015e-15,7.254407685074392e-17,0.0,2.1274692954064656e-16,1.2857457538195504e-14,0.0133311711137636
283,2.960517533655953,0.026522668018605988,0.8636093530750009,7.820473273691075e-17,5.788550596364694e-17,2.482534153247273e-16,2.3508874683539966e-17,5.478799386868181,5.478799386868181,0.0,3.2422374209537553e-16,6.559027103444091e-17,0.0,3.2149594930031226e-16,3.2224667771085864e-16,0.337778779767975
284,3.2100344884019214,2.5485919079126433,-3.0086655482545726,1.3011484177492917e-16,2.0501584483621607e-16,2.237726045655905e-16,4.7539182046780826e-17,11.639655316246856,11.639655316246856,0.0,1.526124950556549e-16,1.7777397847966859e-16,2.220446049250313e-16,1.3172421455094355e-16,6.250982681721028e-16,0.31152313273052723
285,2.124178916833512,-6.284620777519914,-2.7542395309096404,1.0412834118224326e-16,9.354055690445431e-17,2.220446049250313e-16,2.938389259628952e-17,5.814879121997702,5.814879121997702,0.0,0.0,3.569398534153183e-17,0.0,4.264402332627806e-17,0.0,0.4707701371458338
286,8.942300782742599,-3.944854908422085,-3.9920797519307083,1.9386387540844056e-17,6.883690064825312e-17,3.3306690738754696e-16,2.6595532423426388e-17,10.761448122380715,10.761448122380706,8.253335513953458e-16,1.6506671027906917e-16,1.2783191473829133e-16,0.0,2.577859660503977e-16,1.5694192429735287e-15,0.11182804339682736
287,4.9844418228972005,-0.223516482298738,0.9747710802266627,7.559454541524433e-17,0.0,1.1188630228279524e-16,4.44089215545397e-16,3.3101851867412333,3.3101851867412324,2.6831683715390776e-16,4.0247525573086163e-16,6.202570058248761e-17,0.0,3.283061162947802e-16,1.1955470950891608e-15,0.20062426958346036
288,48.96404025044011,-2.2716542221869007,-0.27247308934853587,1.7916760864744229e-16,4.211037148486093e-17,1.1857187100668868e-16,4.47545209131181e-16,6.026267028318249,6.0262670283182524,5.895380443823375e-16,4.421535332867531e-16,1.162332093505055e-16,0.0,2.0488468840821638e-16,3.1513785150999374e-15,0.02042315125314413
289,13.064540468250097,-1.8396970111122097,-1.0583417256741565,6.222863954536564e-17,2.3746809537069823e-17,2.482534153247273e-16,4.45779000047108e-16,1.213382677098735,1.213382677098735,0.0,7.319854127337708e-16,2.4986026306299586e-16,2.220446049250313e-16,3.006909709520696e-17,4.167604901821598e-16,0.07654306727666402
290,29.578092245048893,1.9346471470737163,1.26629696865061,1.471832630892686e-16,9.331367782583309e-17,1.2412670766236366e-16,1.267065586953256e-15,19.18649716773684,19.186497167736835,1.8516739390943055e-16,1.1110043634565833e-15,1.0058683208579432e-16,0.0,2.2947947014164977e-16,3.251727291116246e-15,0.03380880658952019
291,3.3011506094582974,-2.959063259647216,-1.3947748237184616,2.996016178001691e-16,1.743545591050162e-16,3.3306690738754696e-16,1.229326221307148e-16,1.8267822675510508,1.8267822675510503,2.430991463724903e-16,2.430991463724903e-16,1.5103231160444091e-16,1.1102230246251565e-16,2.0541457828009516e-16,1.0109898850888604e-15,0.3029246824228031
292,1.885508713404695,-0.25991168916123614,-1.5666157769999594,6.393050711334608e-17,2.4205852931039525e-16,6.938893903907228e-18,1.1751045876452072e-17,4.866265175590174,4.866265175590174,0.0,0.0,3.658476273094006e-17,0.0,2.240240208953029e-16,2.9455864620038686e-16,0.5303608479190124
293,39.388732494913505,-2.398980310523121,-1.9686254676431578,5.488555778609532e-17,1.5736979384840068e-16,2.220446049250313e-16,1.510066572755813e-15,7.216056785191213,7.216056785191219,7.385017436582631e-16,1.4770034873165262e-15,2.5639663952128906e-17,0.0,1.2125896964171255e-16,1.3495612264984279e-14,0.025387971042968086
294,44.36057603992197,-0.9099808755645334,1.140509890794179,2.6346842902766425e-16,1.1427786674371357e-16,3.3766115072321297e-16,6.667118051786499e-16,4.525563258602626,4.525563258602632,1.1775485643849396e-15,9.81290470320783e-16,1.4256213696691549e-16,2.220446049250313e-16,3.5650458197313253e-17,7.611843015165511e-15,0.022542538651882747
295,27.71537306843838,-1.1644443747013216,0.9855321383127773,2.301158985457208e-17,7.812369655189015e-17,1.1443916996305594e-16,5.260891720537265e-17,1.7993176249672982,1.7993176249672966,8.638342741201505e-16,2.4680979260575726e-16,1.4722151733336248e-16,0.0,9.507249829169278e-17,2.2765840169472322e-15,0.036081058607097524
296,2.4820477571994495,-4.711786426803468,5.314279162930331,5.5223515273866704e-17,1.0508405106541311e-16,2.0014830212433605e-16,2.238482103281377e-16,10.626259148458184,10.626259148458184,0.0,5.015001463590291e-16,8.438393553279413e-17,0.0,7.368879232233531e-17,7.27646798587274e-16,0.40289313414675115
297,18.7788515557756,-4.835961467523483,-1.5046718647409296,2.4951814399135466e-16,1.65437835955194e-16,4.577566798522237e-16,4.900468037711416e-17,0.46278360355382886,0.4627836035538292,3.3306690738754696e-16,0.0,1.7354567594305865e-16,0.0,3.818895371063325e-17,4.707612814720292e-15,0.05325139277180657
298,44.87607059420946,-3.764399786294705,1.9559591738599338,6.311998799758527e-17,1.726333107209691e-17,1.6653345369377348e-16,2.0014830212433605e-16,11.363127870986768,11.363127870986773,4.689791911791606e-16,3.126527941194404e-16,6.056428232569603e-17,0.0,1.4309269309799047e-16,2.5872529120809917e-15,0.02228359093741702
299,26.36792603145981,-4.055245091773631,1.4253157239975014,2.1276171385344998e-16,3.7644189253388375e-17,1.2412670766236366e-16,2.381741504848178e-16,2.7625495729960132,2.7625495729960168,1.2860271227450035e-15,6.430135613725017e-16,5.737519630714704e-17,0.0,1.2595675641343245e-16,1.9673097348097895e-15,0.03792486366985136
300,9.997075593041831,0.7905198916084355,-1.9298302416686708,6.07145601901103e-17,1.2375248832431368e-16,4.47545209131181e-16,3.1401849173675503e-16,1.1638739452118534,1.1638739452118534,0.0,7.63122521432899e-16,1.6910267784619263e-16,0.0,2.1716014809316915e-16,5.902121865232529e-16,0.10002925262424102
301,16.669312817614962,-4.749542578954391,-3.270523607563037,1.4782671984123615e-16,1.1202870530073668e-16,2.220446049250313e-16,1.224773133071624e-16,8.090931121541619,8.090931121541617,2.1954912391613457e-16,0.0,1.6662459711900424e-16,2.220446049250313e-16,1.430294967829281e-16,2.6967501084339437e-15,0.05999047536880653
302,6.4529490939142935,-4.372847148206773,1.7240393430725185,2.0412613651454633e-16,6.99416138212296e-17,3.356589068483857e-16,5.551115123125783e-17,2.581619404599308,2.581619404599308,0.0,1.7201962809037278e-16,2.4525935871743733e-16,0.0,5.70510293357898e-16,1.0203331315869124e-15,0.15496790466595955
303,2.3058115516626745,-1.1802209774883057,0.7061545305158173,1.7992432799531036e-16,4.350095908373284e-17,2.775557561562892e-16,6.71373638763395e-18,8.747817338109616,8.747817338109616,0.0,0.0,2.658965192923395e-16,0.0,2.493640011265186e-16,1.0930233578655013e-15,0.43368678558268137
304,3.972123374845571,1.4105386668379405,-1.4536480951536759,2.1140338804973885e-16,1.3819067522467576e-16,3.3306690738754696e-16,1.7902941109331666e-17,8.840950033450353,8.840950033450353,0.0,2.0092375057875908e-16,1.5965313011041683e-16,1.1102230246251565e-16,2.0394613348983466e-16,1.173684362801229e-15,0.2517545165723545
305,36.112151182294575,2.137551889900642,0.9947535561626619,4.10262090398872e-17,5.78839407114718e-17,2.482534153247273e-16,1.4432899320127031e-15,10.548288642329808,10.548288642329789,1.8524261039833432e-15,1.010414238536369e-15,1.1769920719380725e-16,0.0,1.850765179284725e-16,2.9447739819427625e-15,0.0276915101222297
306,9.410324056327747,-2.391719759266231,1.1785704022600716,2.378218699186399e-16,7.806605551809767e-17,2.2887833992611187e-16,0.0,6.291033434582115,6.291033434582112,4.2354492100666587e-16,0.0,3.7938148950805776e-17,0.0,2.0665903917167393e-16,5.827970462719498e-16,0.1062662660726943
307,4.283231740102825,-1.1548966277677897,-2.685689225500168,1.434334474039711e-16,1.323497207670683e-16,0.0,1.1102230246251565e-16,8.077674663946178,8.077674663946178,0.0,0.0,2.6634796162387327e-17,0.0,3.723633659043383e-17,7.541040705837203e-16,0.23346857248867758
308,9.170818799628277,-1.4735477716100307,-1.5666097479120393,2.231730734256925e-16,1.4947777616602353e-16,2.220446049250313e-16,8.95090418262362e-16,4.764766568539192,4.7647665685391924,1.8640544230741358e-16,5.592163269222408e-16,1.2020122596698684e-16,2.220446049250313e-16,2.0937029065376654e-16,2.2100144286794088e-15,0.10904151764949656
309,9.148843076314694,-0.8702110831839576,0.8075723925747309,1.2490285444216404e-17,0.0,1.2412670766236366e-16,2.232582200043404e-16,8.17243023892453,8.172430238924527,4.3471936436719324e-16,4.3471936436719324e-16,2.2914600108593128e-17,0.0,1.395100368649132e-16,1.0244292515113369e-15,0.10930343778536278
310,31.05729588648144,-2.711507615095016,0.7951296607165453,1.5143949812973752e-16,4.345792764680206e-17,2.2887833992611187e-16,1.559367466568086e-15,3.435844703298046,3.4358447032980446,3.8775548506932006e-16,1.8095255969901604e-15,1.3232910588085955e-16,0.0,7.098701460623439e-17,4.660695232993134e-15,0.03219855339805269
311,5.557664123907052,-6.823950459252198,0.6522249715083417,9.22426489728583e-19,3.1881345787145494e-17,2.237726045655905e-16,1.1154525220286132e-16,22.794221740416702,22.794221740416702,0.0,1.5586027543555666e-16,6.002837621465789e-17,0.0,1.584602661870189e-16,6.415030484860583e-16,0.1799317083049987
312,8.488692362711427,-0.5977704352049015,-1.1297087765802805,2.7665358055084582e-17,0.0,0.0,5.236911533344271e-16,4.274879144096066,4.274879144096063,6.233007224965183e-16,2.0776690749883942e-16,1.3739232354036687e-16,0.0,1.901058817029964e-16,9.992007221626409e-16,0.11780377439436229
313,7.395649682138762,-7.3323863101922235,-3.505309482783356,8.138298872707016e-17,5.3517994937313096e-17,2.7755575615628914e-17,4.2165968545150907e-17,7.204825464001852,7.204825464001845,8.62928459400537e-16,0.0,8.061526856793401e-17,0.0,2.791871238375637e-16,5.8599041581494e-16,0.1352146252161048
314,2.8127938227230196,-1.121999649535515,-0.643171258891881,1.9165750390257916e-16,1.242014170438185e-16,2.2887833992611187e-16,2.3506751922059736e-17,6.0447463724592065,6.044746372459208,2.9386788625137446e-16,2.9386788625137446e-16,4.374524115357322e-17,0.0,1.9426789580155603e-16,5.278542901796376e-16,0.3555184144396035
315,9.166303865703997,-0.9126867756039881,-1.8156661207990574,1.9746606874590755e-17,9.59942884851924e-17,2.2887833992611187e-16,2.220446049250313e-16,4.38095394015043,4.38095394015043,0.0,2.027363062551686e-16,1.2082414762549128e-17,0.0,2.879820000291671e-16,4.3044063449407514e-16,0.10909522689309224
316,2.4266849070477297,-0.6188618425925919,1.293627415656565,1.8918801784458118e-16,1.0871541363064054e-16,2.482534153247273e-16,1.3121815939924751e-17,5.057577202183894,5.057577202183895,1.7561341808417757e-16,1.7561341808417757e-16,9.12975700329557e-17,0.0,1.9639896788009558e-16,5.551115123125783e-16,0.41208481459448526
317,3.0934359928179425,-3.0262704145191934,-0.5354775868803191,6.5777966591435435e-16,1.120590991547676e-16,4.440892098500626e-16,4.448360112523625e-16,0.38267123528761804,0.382671235287618,5.551115123125783e-17,1.1102230246251565e-16,4.751220373507903e-17,0.0,1.1897495242491418e-16,1.639933296018553e-16,0.32326513376119925
318,7.1808347791759015,-4.410672037428364,-2.7974977026300363,1.4441869109130498e-17,5.975530166262341e-17,0.0,4.474185935081515e-16,0.40830906102881165,0.4083090610288116,5.551115123125783e-17,6.106226635438361e-16,8.430275626289307e-17,0.0,2.0621105012528816e-16,3.1827439933817207e-16,0.1392595750705686
319,2.5470286222811236,-2.0443605807792453,0.08631322125127827,1.0272288933158374e-16,5.5470106378283036e-17,4.577566798522237e-16,2.2204798860918956e-16,3.8786154077533594,3.87861540775336,1.1449684053807642e-16,1.1449684053807642e-16,1.1535523903037217e-16,0.0,1.534400921919465e-16,3.642265287361871e-16,0.39261435511643394
320,7.0625116004798585,-1.1089551476071635,0.41377026082021245,9.77676369736557e-17,9.196131720514773e-17,2.220446049250313e-16,4.442465327391708e-16,4.415350513111727,4.4153505131117265,2.0115694485921565e-16,4.023138897184313e-16,7.917571001723096e-17,0.0,8.846854820349114e-17,4.946668359487925e-16,0.14159268778150386
321,4.1773490982397625,-5.19874341038931,-0.5254798863868533,1.0104650645652312e-16,2.1434483663082415e-16,1.6653345369377348e-16,4.448378843885087e-16,7.310151251522759,7.310151251522758,2.429986437052478e-16,4.859972874104956e-16,9.135326202354841e-17,0.0,1.5532666013535232e-16,0.0,0.23938626542401675
322,5.59956271299731,-2.43459858918617,0.6490267322929997,3.856635278124409e-17,0.0,1.1102230246251565e-16,4.44117343766233e-16,4.043543806743376,4.043543806743375,2.1965346788599627e-16,0.0,9.605852915416844e-17,0.0,1.7967529041323426e-16,1.7007315893792434e-16,0.1785853737612186
323,3.705242075859118,-0.3354023206151838,-0.11812531636714184,1.1375962504026584e-16,3.301410517882832e-17,2.2887833992611187e-16,7.890329354658267e-17,10.12217205393246,10.122172053932461,1.7549166620914496e-16,5.264749986274349e-16,2.5154258570467265e-16,0.0,1.7812109460829257e-16,3.3306690738754696e-16,0.26988789923209966
324,6.543769577433595,-1.2574186324707957,0.3987704875285134,1.659623478179247e-16,0.0,0.0,1.4119160173084241e-16,8.480050897274513,8.480050897274515,2.0947478510667564e-16,0.0,1.5013717959608532e-16,2.220446049250313e-16,1.5662348637578637e-16,4.803003414684067e-16,0.15281711682644453
325,9.14483802508193,0.31240922401036514,0.42323632287533175,2.0984174167433097e-16,1.2280518558357617e-16,5.578801654593729e-16,2.2887833992611187e-16,5.691185685309698,5.691185685309698,0.0,1.5606210529955554e-16,1.9706442826615333e-16,0.0,2.5362663620425194e-16,1.233081362257992e-16,0.10935130805567761
326,4.576550518018709,-0.38775070422891417,0.7167717210030102,1.589666632224822e-16,4.302957617958255e-17,2.220446049250313e-16,2.225480913380944e-16,3.0868271919032666,3.086827191903267,1.4386591222693208e-16,1.4386591222693208e-16,8.309429836461977e-17,0.0,2.0223714193513029e-16,2.220446049250313e-16,0.21850518115397655
327,7.389003363271812,-6.031859695407839,0.5099558402072779,2.1694938865800266e-16,2.4672295225576848e-17,2.237726045655905e-16,1.415135967389758e-17,11.960859128907522,11.960859128907511,8.910849063210223e-16,2.970283021070074e-16,9.738138938474574e-17,0.0,7.733281467678871e-17,2.8457898226133577e-16,0.13533624913079154
328,3.605768185981585,-0.6959300362469378,-0.4763587852268718,1.8252331800144506e-16,9.821089761722269e-17,3.3422138886441676e-16,1.2416996016726488e-16,5.724843252528481,5.72484325252848,1.5514458309541402e-16,1.5514458309541402e-16,3.875335615525845e-17,0.0,4.963618640435968e-16,1.1102230246251565e-15,0.27733341369192077
329,9.547131286950577,-5.4184811505032044,-0.47902798788252665,2.9299597666237774e-16,5.4785205046293544e-17,4.494775313252277e-16,2.237726045655905e-16,3.7813255851023704,3.7813255851023677,7.04656396052772e-16,2.34885465350924e-16,1.472990183695408e-16,1.1102230246251565e-16,4.3036407182504323e-16,7.897805757800549e-16,0.10474350566089408
330,90.26419631650614,0.34930956543830277,-0.08348110744762371,3.7257050992766777e-17,2.31714985490974e-17,1.22614398128331e-16,5.6838648171054555e-15,13.76274636152875,13.76274636152858,1.2390714186167836e-14,6.324427032523166e-15,8.327698522064073e-17,1.1102230246251565e-16,1.7256833144152413e-16,7.481556326124333e-15,0.011078589748866014
331,70.97390935179291,-5.828596461006414,1.2543481205745468,1.1241328983410241e-16,0.0,5.551115123125784e-17,1.2174545926647191e-15,15.931854757062474,15.931854757062503,1.7839548416548847e-15,1.0034745984308727e-15,1.40086180788318e-16,0.0,3.1525604818045484e-16,1.544657111261483e-15,0.01408968463387492
332,8.710318218806743,-2.758390271616343,-4.158270864081255,4.947428874129137e-16,3.0842625647136724e-16,3.3422138886441676e-16,2.7755575615628914e-16,6.142025112234415,6.142025112234419,7.230338556667132e-16,2.892135422666853e-16,1.4820065518757976e-16,1.1102230246251565e-16,6.35787257042116e-17,1.4216491006836431e-15,0.11480636813484671
333,2.9642052663294898,-1.9591606236076609,0.5530500721580989,1.2952789681420818e-16,2.2629142856571586e-17,1.1102230246251565e-16,1.11092728497779e-16,0.4682492025820958,0.46824920258209574,5.551115123125783e-17,0.0,3.988958459950242e-17,0.0,5.1249634815380065e-17,1.2230940300153954e-15,0.33735855318760655
334,6.280801904807472,-2.0419919808476945,1.76563928933869,5.088588725039567e-17,7.25587560397689e-17,2.2887833992611187e-16,2.482534153247273e-16,7.3034928874196625,7.303492887419662,1.216100889520987e-16,3.6483026685629606e-16,6.138598448418844e-17,0.0,2.770670618444345e-16,6.359079655673521e-16,0.1592153382889822
335,21.69135201071716,-0.6839965227064054,2.1723598968920994,6.85706150543974e-17,0.0,2.220446049250313e-16,6.866350197783357e-16,5.268980259324203,5.268980259324205,3.3713484431009907e-16,0.0,9.85641293547602e-17,2.220446049250313e-16,1.649218820632458e-16,3.287833382708171e-15,0.04610132183120186
336,4.01868310100418,-0.853893516327436,0.12231538549746879,4.9692017053962655e-17,0.0,2.775557561562892e-16,2.220446049250313e-16,1.297170644234639,1.2971706442346387,1.7117609461170224e-16,3.423521892234045e-16,3.2318194613151584e-17,0.0,1.1445252289182285e-16,2.0652408133367162e-15,0.24883773486645935
337,2.4217515484128165,-4.311862256574024,4.048123439452768,1.0158246267236276e-16,5.5462919432628345e-17,0.0,7.647506807273455e-18,0.907370970569213,0.9073709705692129,1.1102230246251565e-16,0.0,3.764758843466548e-18,0.0,1.7055336449790915e-16,2.028331631854148e-16,0.4129242740261222
338,11.113464616117845,-2.3412007157099413,3.921019945453451,2.1846960072701865e-16,7.32426728853086e-17,0.0,4.577566798522237e-16,4.769703689979632,4.769703689979631,3.7242498797820204e-16,3.7242498797820204e-16,1.224606551348028e-16,1.1102230246251565e-16,1.6854791383055306e-16,4.740775568078768e-16,0.08998094064651187
339,1.921595707878969,-3.293063417386467,-1.2096039500635114,7.215656436737165e-17,6.910845599495546e-17,2.2887833992611187e-16,7.573333128105417e-18,12.213067042743308,12.213067042743312,2.9089447117310575e-16,1.4544723558655287e-16,8.934668914823714e-17,0.0,1.6268053841264732e-16,2.5330815949635743e-16,0.5204008293210574
340,2.910086602054237,-0.4590748267642692,-0.2459818123112202,1.2729451102527072e-17,4.9270927083444104e-17,5.551115123125783e-17,2.2524363866321127e-16,1.2666931159327053,1.2666931159327053,0.0,7.011788479217652e-16,1.2761664319040404e-16,1.1102230246251565e-16,2.3509216437317704e-16,4.440892098500626e-16,0.34363238513042826
341,16.910575129280613,-0.39668740069579117,-1.5059967541798673,3.6547314184648295e-17,1.1027846223042524e-16,0.0,2.220446049250313e-16,6.849436742055621,6.849436742055621,0.0,7.780304744593372e-16,4.446342108513565e-17,0.0,1.605698445788758e-16,1.2782538644133724e-16,0.0591345943207216
342,9.33141851126613,-1.1731477324196355,1.1675632038922523,9.115638726317538e-19,6.387549418032534e-17,0.0,2.220446049250313e-16,15.28836692097863,15.288366920978621,5.809504862689884e-16,1.1619009725379767e-16,1.5072513492841985e-16,1.1102230246251565e-16,3.147785698166653e-16,1.8868913842479335e-16,0.10716484302924133
343,41.0949488827621,-1.2308673976328908,-0.8937896370029728,8.692708551143357e-17,3.0700661362473307e-17,1.1102230246251565e-16,1.5632082117998628e-15,4.581462016581709,4.581462016581699,2.1324988794714226e-15,1.1631812069844122e-15,1.2332696040581456e-16,0.0,2.359051182268559e-16,1.6236375509361723e-14,0.0243338908354078
344,80.77025303097035,-6.000076889898352,-0.2999574684691977,1.6927072672715687e-16,4.335624023454121e-17,2.237726045655905e-16,5.041745112359454e-15,5.577888077173352,5.577888077173358,1.1146241824650464e-15,4.140032677727315e-15,5.625747203068993e-17,0.0,8.92922604005297e-17,6.578217254648141e-15,0.012380795682508446
345,2.5782281150480975,-1.7119773269187315,2.3838911767319306,7.986847375341944e-17,8.778992180879532e-17,5.551115123125783e-17,2.2232596590903197e-16,6.678222431462618,6.678222431462617,2.6599246395738947e-16,2.6599246395738947e-16,4.306367173323413e-17,0.0,1.3890983744772522e-16,9.841697772928548e-16,0.3878632748449974
346,13.549756210999563,-5.144133098467865,1.7976298335675456,1.64050118158479e-16,7.869724410109907e-17,5.5511151231257815e-17,2.482534153247273e-16,4.734175930919604,4.734175930919603,1.8760993099122076e-16,0.0,1.9106846265344244e-16,0.0,3.1022658916070065e-16,1.4754348656376835e-15,0.07380206583998916
347,4.558624588144566,-0.7849026402635916,0.5207683722234381,7.071038634058829e-17,1.3671051419128345e-16,3.365900013051177e-16,1.2814043044840589e-16,16.794240749054946,16.79424074905495,2.1154357210226494e-16,2.1154357210226494e-16,1.110267550884181e-16,0.0,1.3903570725425375e-16,1.2112319552479447e-15,0.21936441149390928
348,21.23613973581546,-4.796842321218698,-0.08698365584964884,7.90538828874643e-17,1.9771329482057765e-17,1.1102230246251565e-16,4.846355659218713e-16,18.410096138431612,18.41009613843161,1.9297637840055096e-16,0.0,1.4445347995559901e-16,0.0,1.9092984651261565e-16,6.613686053353044e-16,0.04708953757322733
349,14.277251438652616,3.219870101141135,-2.7060983591938834,8.165577048858669e-17,1.0213509170421859e-16,5.551115123125783e-17,1.1157603309187458e-15,2.9185131653990157,2.918513165399015,3.0432565123573616e-16,7.608141280893404e-16,3.9829336487890664e-17,0.0,2.0568085354522733e-16,4.827050790669944e-15,0.07004149253074976
350,15.557181023384235,1.6961669560499975,0.30203488966622527,6.148075080451202e-17,0.0,1.2412670766236366e-16,7.108895957933348e-16,1.742557032680592,1.7425570326805917,1.2742458396524215e-16,6.371229198262107e-16,1.1099680064763208e-16,0.0,1.7965225170101047e-16,1.1558161915814667e-16,0.0642789974929809
351,3.4210519826996477,-5.00855449786954,1.8621749293504208,2.296959700042305e-16,1.6824065997859212e-16,2.220446049250313e-16,1.1102297854897767e-16,1.8775803408035032,1.8775803408035034,1.182610406061283e-16,0.0,1.0425487789526339e-16,0.0,1.48616116109547e-16,7.033371819551116e-16,0.2923077477504077
352,9.159505146209387,-2.189880144065533,3.217653765125589,5.210086295502537e-17,2.519883698654568e-16,1.3877787807814457e-17,3.14018491736755e-16,15.610159149323536,15.610159149323543,4.551796871275918e-16,3.4138476534569385e-16,2.2630856908888866e-16,1.1102230246251565e-16,1.6915032789805508e-16,1.6508851402820827e-16,0.10917620373998445
353,10.291500865771548,-2.022911076481606,-0.30134992096268154,3.8268305605465426e-16,3.756650384452038e-17,2.2887833992611187e-16,6.753223014464259e-16,9.735644458490185,9.735644458490185,0.0,3.6491818224753247e-16,1.1839836154172642e-16,0.0,1.7459455301188024e-16,1.163839813130863e-16,0.09716755729243498
354,36.41930669998413,-0.7101976836630411,-2.2771569043555235,1.4057384941037938e-17,7.495495988520761e-17,0.0,5.551115123125783e-17,17.95131499036115,17.951314990361137,7.916330766204278e-16,1.9790826915510696e-16,1.2630415831326628e-16,0.0,1.7738994866621983e-16,4.440892098500626e-16,0.027457963662992853
355,12.554678060918018,-7.116385316204712,-2.616642382782143,3.079001664501879e-16,1.1367017656639187e-16,2.2887833992611187e-16,3.1236313021372065e-17,1.6563560044158239,1.6563560044158245,4.0216826153265947e-16,5.362243487102126e-16,6.77767599644395e-17,0.0,1.5280933529854725e-16,2.3465921943321014e-16,0.0796515844649931
356,7.537325882446113,-0.585413584184107,-2.2377030844896635,6.536933521974132e-17,2.771494048657763e-16,2.2887833992611187e-16,4.4379134315164674e-17,4.8744480996175,4.874448099617501,1.8221107324331157e-16,1.8221107324331157e-16,8.073945886465088e-17,0.0,1.6781714714120393e-16,5.903085303850987e-16,0.13267304818661366
357,13.675284899615614,-2.487080643308031,-0.9174169358770918,9.118556073735347e-17,1.9233408129641537e-17,2.2887833992611187e-16,4.468543902483659e-16,22.42373586288539,22.423735862885394,1.5843540525647954e-16,4.753062157694387e-16,1.2626686603650182e-16,0.0,2.8841911366972204e-16,1.171878449640762e-15,0.07312461914618866
358,21.835704150472974,-2.04617232047496,-0.2778874023718187,2.216741329862312e-16,5.3862483828714813e-17,2.7755575615628914e-17,1.111609937126711e-15,0.93795750988904,0.93795750988904,0.0,8.881784197001252e-16,1.9774164014478581e-16,2.220446049250313e-16,6.813100529215214e-17,3.521523849347483e-16,0.04579655380512832
359,15.030339017083785,-3.802846852420761,0.5203363078144012,4.212317308546686e-16,1.0874928455318378e-16,5.551115123125783e-16,4.442537717942673e-16,2.017347443869463,2.0173474438694634,2.201352132968516e-16,0.0,1.2350526387759344e-16,1.1102230246251565e-16,4.595524258409205e-17,0.0,0.06653209876792456
360,12.164495305842905,-0.4916770309181121,-0.5986694785351577,6.984136991075919e-17,1.689714464450175e-16,2.4825341532472726e-16,2.2887833992611187e-16,1.6520220441798883,1.6520220441798892,5.376310944694705e-16,8.064466417042057e-16,1.2370412514101349e-16,0.0,1.0995215450628727e-16,4.527519339807658e-15,0.0822064520440635
361,3.171487777914572,-7.342547993689971,-0.964406263218979,6.394970110522788e-18,1.2972836037095047e-17,2.220446049250313e-16,3.723293329816136e-17,16.15540622382289,16.155406223822894,2.199086565561961e-16,0.0,1.2164415202547453e-16,2.220446049250313e-16,2.6715535204893425e-16,1.1934964057204468e-16,0.31530942889445807
362,2.727561467733781,-0.15782715579884646,0.02902504073737417,8.372637487072154e-17,3.469446951953614e-18,3.3306690738754696e-16,2.2556684875095345e-16,1.963853699719207,1.9638536997192073,1.130657568620205e-16,4.52263027448082e-16,5.556402657985959e-17,0.0,2.4667853699018416e-16,2.220446049250313e-16,0.3666278512252401
363,9.446875776498295,-4.002303420326822,0.16766009918110797,3.9754141160123736e-18,8.21402026270114e-18,2.237726045655905e-16,6.684427777288335e-16,2.522322206440063,2.5223222064400623,3.5212726488011855e-16,8.803181622002964e-16,9.621603238972237e-17,0.0,1.3791109872361406e-16,2.7149559416422366e-15,0.10585510211616844
364,8.728449158610506,-2.723915339593738,0.8089290601698983,3.2701792088486426e-16,6.305030592037965e-17,3.3306690738754696e-16,1.4288354988244938e-17,3.9057691322337313,3.9057691322337327,3.411025036157876e-16,1.1370083453859585e-16,8.874082849114724e-17,0.0,1.304213522026563e-16,1.4386639299531577e-15,0.11456788964778634
365,3.435161241572618,-2.1210802173018872,-0.6842078643015259,1.1466714101020585e-16,5.42198881511601e-17,1.570092458683775e-16,2.2229572503085404e-16,10.801709964243411,10.801709964243408,3.289028950565185e-16,3.289028950565185e-16,2.623932679021883e-17,0.0,3.0638792661203397e-16,1.1727541507488272e-15,0.2911071503421483
366,9.336556101838108,-5.38143907604779,-0.04305911884423308,4.122661089061263e-17,1.267316906456401e-16,0.0,4.1078849535470884e-17,2.337000334730114,2.3370003347301154,5.7007592585734195e-16,1.9002530861911398e-16,5.2992363262125615e-18,0.0,2.2662381159234244e-16,2.157219556158179e-15,0.1071058738460467
367,22.495653118258158,-1.4255965650045348,0.39236091858407685,6.33552374948882e-17,0.0,1.1102230246251565e-16,1.0532500405730101e-15,2.109435705722231,2.10943570572223,4.2105024452311037e-16,2.1052512226155519e-16,8.22914036949112e-17,0.0,2.4665570836419577e-16,3.3065190118577175e-16,0.04445303253668893
368,3.1313255795469974,-6.5732808763399895,0.42531905540267456,1.8466474988194668e-16,9.212178482060294e-17,5.551115123125783e-17,7.058169579090182e-18,17.86746366924598,17.867463669245982,1.9883704506507768e-16,1.9883704506507768e-16,2.6568814941907066e-17,0.0,1.130161543771174e-16,1.4786697228382047e-15,0.3193535691503111
369,53.54187458807278,-3.2693502708828577,-1.946675005045876,3.364563010340217e-16,5.905769156855034e-17,2.237726045655905e-16,1.5544906883025406e-15,122.64706673925768,122.647066739258,2.5490931992617528e-15,1.6221502177120246e-15,6.728140718985678e-17,0.0,2.1900468268418068e-16,4.909495494789278e-15,0.018676970272217375
370,2.549865582824669,-2.3714207001911727,-0.37184361170891655,1.1717520186893128e-16,3.121121629039818e-17,2.2887833992611187e-16,2.227897299397801e-16,1.6829172566315909,1.6829172566315909,0.0,0.0,5.003302326956729e-17,0.0,7.205102284116792e-17,2.8868795040869324e-16,0.39217753544962486
371,8.294139685972427,-0.5143999401934788,-1.0627961229340477,1.149647378696917e-16,4.598044357129863e-17,2.2887833992611187e-16,1.1678844181118808e-16,1.2000061681592191,1.2000061681592191,0.0,7.401448786405571e-16,1.3878542279486217e-16,2.220446049250313e-16,5.800605885941057e-17,3.2672576033936166e-16,0.12056705551888358
372,7.332343148425412,0.29355762712934064,-0.21008325613137413,5.707599717395913e-17,1.0364231838103452e-16,1.1102230246251565e-16,1.336885555457667e-15,4.081727672629905,4.081727672629909,8.703945886991146e-16,1.0879932358738934e-15,4.885003292887178e-17,0.0,1.0554251265807053e-16,2.1094237467877974e-15,0.13638205137940668
373,9.471141154039312,-5.669090178390816,1.464754519723325,3.840240786385322e-17,1.1529407054665147e-16,1.1102230246251565e-16,4.464990725795009e-16,3.028218496131733,3.0282184961317338,2.9330063891845665e-16,2.9330063891845665e-16,6.813986383397981e-17,0.0,7.621347161825209e-17,1.065929652357596e-15,0.10558389783616651
374,41.83525229919307,-3.1966635416560276,-0.7941279573187182,1.601475592343269e-16,4.067877816248019e-17,1.6653345369377348e-16,6.497413668604472e-16,2.8206006977781732,2.8206006977781746,4.723347160055777e-16,4.723347160055777e-16,2.8083458705496885e-17,0.0,1.8322629493126682e-16,1.4847357937959731e-15,0.02390328598589342
375,29.702672444462216,-4.704189947654346,-1.5790820302017337,2.77563329444927e-16,2.5234784640875756e-16,3.3766115072321297e-16,2.2591401799415137e-16,94.67662102744714,94.67662102744706,9.00593275994644e-16,3.0019775866488135e-16,8.408793124221726e-17,0.0,1.7037685925286902e-16,1.1505309508737962e-15,0.03366700426938909
376,29.57784276905183,-5.3958906717403545,2.2299918453368237,9.678184570702882e-17,1.1792249765361942e-16,3.5108334685767007e-16,1.7764960095117995e-15,2.0096224453701375,2.0096224453701383,4.4196282826475807e-16,1.7678513130590323e-15,1.158584254921208e-16,0.0,1.8869714578736445e-16,4.835262008184313e-15,0.0338090917518274
377,76.69160616503942,-5.058593544591189,-4.165251238304658,2.089621901449288e-16,1.5357402465071831e-16,2.3714374201337736e-16,4.577566798522237e-16,17.80145472668672,17.801454726686725,1.9957434565583654e-16,0.0,9.800750048958207e-17,0.0,2.1921172483065215e-16,4.009440374093301e-16,0.013039236625825776
378,47.91611036255474,-3.3711721019261702,0.9925020581142123,2.8666308885302657e-18,0.0,1.1102230246251565e-16,6.526610016367611e-17,25.15025107424495,25.15025107424497,8.475574263603234e-16,2.8251914212010777e-16,1.4651938636567844e-16,2.220446049250313e-16,8.06802610784178e-17,2.386744536323132e-16,0.020869807512204443
379,2.399669739162937,-0.23955298841728487,0.2927940129544748,1.7435212570374887e-17,8.049917012130917e-17,1.2412670766236366e-16,3.2690543902300964e-17,10.985497824958063,10.985497824958063,0.0,0.0,1.3788158121903232e-16,1.1102230246251565e-16,1.7001510867632724e-16,1.1102230246251565e-16,0.4167240115086934
380,41.164465137589204,-2.886472480621903,1.324759636868475,1.849292640495588e-16,7.187739084503443e-17,2.482534153247273e-16,1.8135483174712744e-15,37.330599877109634,37.33059987710968,1.1420272989437664e-15,1.5227030652583552e-15,1.2011966577629154e-16,1.1102230246251565e-16,2.2135730473234754e-16,7.969294529840184e-15,0.024292797116572663
381,3.5452649640263907,-3.2539961165553204,-2.7934760792753606,5.517656008821461e-17,0.0,2.371437420133774e-16,6.663328894261902e-16,0.8768613571840652,0.8768613571840651,1.1102230246251565e-16,5.551115123125783e-16,1.5387774417384324e-16,1.1102230246251565e-16,7.045196719079577e-17,1.5401606056039604e-15,0.28206636461504087
382,14.718116845613885,-3.3598153082001905,1.231512611530068,9.836067077027547e-17,1.942426778960887e-17,4.577566798522237e-16,3.1401849173675503e-16,0.4821923376043955,0.4821923376043955,0.0,0.0,1.165773485814721e-16,0.0,1.9685413013575417e-16,3.868043965200457e-15,0.0679434747318257
383,6.919765226680592,-5.979268559555507,3.7477265982642294,2.839969690598587e-18,7.89045034502119e-17,5.551115123125783e-17,7.791361360319881e-16,2.98206408954176,2.9820640895417587,4.467602269926101e-16,2.978401513284067e-16,2.5073444675713814e-16,2.220446049250313e-16,2.675509402805324e-16,1.3209829216535066e-15,0.14451357340048018
384,2.0212102554999722,-0.08219285090218624,1.0874042225187912,2.0823724960929867e-17,1.4641083436407733e-16,1.2412670766236366e-16,1.1104767545577383e-16,1.9442874043334348,1.9442874043334346,1.1420359172730197e-16,0.0,3.6798797840817126e-17,0.0,1.4475874225374619e-16,1.1102230246251565e-16,0.4947530803778934
385,7.244178468056581,-2.9256838633197995,0.21704221660059558,3.0554129729249615e-16,1.5396677057842198e-17,2.2887833992611187e-16,6.684427777288335e-16,1.0718489828539752,1.0718489828539752,0.0,8.286413794368711e-16,1.7777059545502746e-16,0.0,1.9211193779247134e-16,0.0,0.13804187795890513
386,4.8725692946661745,-1.9637855146016197,0.6393155448821443,2.2333810484124716e-16,1.6178137138771023e-16,4.577566798522237e-16,2.342170100914981e-16,5.392924832119735,5.392924832119734,1.6469326893084456e-16,3.293865378616891e-16,8.921476737801865e-17,1.1102230246251565e-16,2.2294638206753217e-16,1.3472568052974961e-15,0.2052305343496419
387,3.2954978195419,-2.4937831879804353,2.8041738812851356,1.6451344932238414e-16,6.027127091023949e-17,2.7755575615628914e-17,1.1899424036963427e-16,3.8473886329787503,3.84738863297875,1.154261376257789e-16,5.771306881288946e-16,7.968534162610054e-17,0.0,1.287571362314976e-16,7.095522997729896e-16,0.30344429119938154
388,8.266132997765512,-1.3780018070499336,2.2190191573448925,4.108691444111725e-17,1.081433660252378e-16,2.2887833992611187e-16,1.2947077667599105e-16,17.760579482413146,17.76057948241315,2.0003365781609006e-16,2.0003365781609006e-16,1.3089914941873666e-16,0.0,2.0302045526990357e-16,0.0,0.12097555172053376
389,3.776578258737904,-0.21629027554040833,-0.11437202573742668,8.02782859226259e-17,4.440127865925029e-18,1.1102230246251565e-16,6.493084574942785e-17,9.806560426693629,9.806560426693627,1.8113964143482724e-16,1.8113964143482724e-16,1.468981554412988e-16,0.0,1.4938222203762157e-16,2.3409486195176656e-16,0.2647899583932345
390,3.1382705049560458,-3.6576046735473087,4.9434473222794,3.5949923220964886e-16,3.0481912229234376e-16,3.433175098891678e-16,2.2477502991214775e-16,7.6352363981636255,7.635236398163628,3.489787506436908e-16,6.979575012873816e-16,2.776748315616926e-16,0.0,2.0709206522518146e-16,4.1293024837592575e-16,0.3186468465419947
391,23.981975682492237,-2.285542885364543,0.47709423001710544,5.919317429777091e-16,1.7609024032612148e-16,6.753223014464259e-16,1.5893736390818174e-17,1.4238149368993138,1.4238149368993147,6.238018696687781e-16,6.238018696687781e-16,1.178069315723113e-16,0.0,1.855943764928939e-16,3.945077129267879e-15,0.04169798240309467
392,8.697933335376273,-12.727247072616052,1.2319682005894088,2.7462793384289026e-16,0.0,0.0,4.399378366716299e-17,8.721668363427998,8.721668363428,2.0367167901601618e-16,2.0367167901601618e-16,7.932784158085261e-17,0.0,2.33517465522293e-16,3.527983824679275e-16,0.11496983955174667
393,32.64873689154701,-4.583492370219105,0.07043894729886008,1.079141940152577e-16,5.804381138260803e-17,1.570092458683775e-16,1.142268900156424e-15,1.2211234755487386,1.22112347554874,1.0910179488208629e-15,1.4546905984278172e-15,7.805666946370353e-17,1.1102230246251565e-16,1.474057807221624e-16,2.381967109969411e-15,0.030629056288512757
394,6.986100521098625,-1.4419534861547851,-0.896359683136509,4.990141606383666e-16,3.3466277992928665e-16,4.449557262054371e-16,2.3449562073636637e-16,9.582811766170288,9.582811766170291,3.7073812629216666e-16,3.7073812629216666e-16,8.463364103810646e-17,1.1102230246251565e-16,1.4499884772383832e-16,1.1670484598803846e-15,0.14314137006473285
395,21.08237786864029,-5.641562382102771,-2.0266973972110365,1.5200543986756614e-16,1.9696594937177e-16,3.3306690738754696e-16,2.2279305405023677e-16,7.248641909006509,7.24864190900649,2.6956670613186457e-15,2.450606419380587e-16,9.622438241210703e-17,0.0,2.5247164717969707e-16,4.430376540494054e-16,0.04743297963022908
396,2.2689725428806287,-7.893949124580612,-1.0828741000648905,1.6828141849125632e-16,3.955915579688016e-17,1.1443916996305594e-16,2.2561389918833014e-16,3.048994444340903,3.0489944443409036,1.456510393694931e-16,1.456510393694931e-16,2.299525325733884e-16,2.220446049250313e-16,1.7597960886890133e-16,8.360223631068013e-16,0.4407281186093272
397,6.260822737282165,0.6941175593870625,2.5732383544284465,9.91233186677929e-17,3.2200522111793764e-16,3.3422138886441676e-16,0.0,7.608271022270907,7.60827102227091,3.5021560763289797e-16,0.0,5.637952353170562e-17,0.0,1.5287382922711837e-16,1.932293435145701e-16,0.15972341686742986
398,2.1225161718203145,-4.230452149642519,2.8217492662396264,1.750220303153659e-16,3.4883764986100177e-16,2.2887833992611187e-16,5.0259699286782105e-18,2.1025577132658775,2.1025577132658775,0.0,4.2242760524301065e-16,2.5870592101940442e-17,0.0,2.719434398741023e-16,3.6722962443932157e-16,0.47113893089557873
399,6.076589887614854,-0.2885246111914177,0.7830573857215192,9.334844610040494e-17,6.853983143690687e-17,0.0,3.054731294225895e-17,4.499422558180477,4.499422558180476,1.9739831238684458e-16,3.9479662477368916e-16,1.2419165184702815e-16,0.0,2.3625580119888347e-16,6.554492357961846e-16,0.16456598495122665
400,7.461584530190775,-0.6549706589338726,-0.41737511394960203,2.1344050706480756e-16,1.1494378366305802e-16,1.6653345369377348e-16,2.3190375233491596e-16,8.582079582895544,8.58207958289554,4.139688573712615e-16,4.139688573712615e-16,1.1118310578359286e-16,1.1102230246251565e-16,1.396056145549421e-16,1.0776964622363147e-15,0.13401979109850412
401,2.326052056080952,-7.015435685702526,0.21239936415369168,1.8943562237409758e-16,4.2114559417568013e-17,2.237726045655905e-16,2.220870209028234e-16,2.482778084314161,2.4827780843141616,1.788678628411275e-16,0.0,1.5200420587405296e-17,0.0,2.0190527974722246e-16,1.1400985417361095e-15,0.4299129924395804
402,6.958820847749067,-0.8343501453074779,6.40220690029642,5.979586674143523e-18,2.6434454150933427e-16,2.482534153247273e-16,4.454435694035924e-16,13.953745232930904,13.953745232930908,2.5460646009331456e-16,2.5460646009331456e-16,1.4180368903896916e-17,0.0,3.142463073022226e-16,1.3373753838064796e-15,0.14370250677217325
403,3.480532132425205,-1.6750679626244132,-0.26905139237847964,6.408681849508742e-17,4.407205206701327e-17,1.1102230246251565e-16,1.1114099519707785e-16,6.959907405169244,6.959907405169245,1.2761353966296442e-16,3.828406189888933e-16,1.1711265698669938e-16,0.0,3.413465835659105e-16,8.185575545054939e-16,0.2873123884373421
404,9.538800355940547,-4.154656517044583,2.1926028910107664,9.91272680667127e-21,1.1979604335724187e-16,0.0,2.5857737052768704e-16,7.375485879227923,7.375485879227924,1.2042303846063375e-16,1.2042303846063375e-16,5.75490890562804e-17,0.0,2.0235886222705704e-16,1.4208991507626035e-15,0.10483498581425055
405,3.801797761487304,-5.639280215094139,1.0607091962526547,3.603586436648831e-16,1.368402132848046e-16,1.2412670766236366e-16,3.8989715074850046e-17,0.8047029597269871,0.8047029597269869,2.220446049250313e-16,2.220446049250313e-16,1.5105115619238695e-16,0.0,9.392991755567877e-17,1.0620939821233222e-15,0.2630334548907701
406,6.351510266335049,-4.8205248110375205,2.563774088411903,9.203069793785315e-17,0.0,6.938893903907228e-17,3.018779720532623e-17,9.962553262044676,9.96255326204468,5.349101157133522e-16,3.566067438089014e-16,1.252874278956274e-16,0.0,1.6201266525979495e-16,1.3737382227407657e-15,0.15744286918661035
407,2.64575806975857,-1.552782520659157,0.45241797714806087,2.743422023376065e-16,4.077331517251892e-17,2.482534153247273e-16,2.292543922257704e-16,4.127216789838505,4.1272167898385055,2.1520033110130836e-16,8.608013244052335e-16,1.5835019198110688e-16,0.0,4.1494984289008136e-16,2.7448380134647895e-16,0.37796350748398244
408,18.09360236479073,-5.42391190404133,1.7203879768040704,3.919026435025981e-16,1.0644199724373869e-16,4.440892098500626e-16,9.820925191391732e-16,2.326097027787288,2.326097027787282,2.4819083894976483e-15,7.636641198454302e-16,1.2184031139761164e-16,0.0,2.1204022356738703e-16,4.428719199628395e-15,0.055268153894326634
409,8.933978280272498,0.9340399429548767,0.6643011526410546,4.705414608218991e-17,2.977288311872556e-17,0.0,7.964445016555645e-17,9.482972490197213,9.482972490197213,0.0,0.0,1.66401035882093e-16,1.1102230246251565e-16,1.5078939700583225e-16,3.1641495116914776e-15,0.11193221749913373
410,5.565373022405968,-5.84758889430711,2.707065874982573,2.3593803737206185e-16,1.4101860768035485e-16,2.220446049250313e-16,2.2887833992611187e-16,0.7842025064128555,0.7842025064128553,2.220446049250313e-16,2.220446049250313e-16,1.5224915083151067e-17,0.0,3.848828788823839e-16,1.1160577280639277e-15,0.17968247518612754
411,41.26807927008793,-6.142255017535349,1.0856858022967382,3.4368956498492457e-16,1.158647430290183e-16,2.775557561562891e-16,6.66576383644281e-16,22.849537348847647,22.849537348847658,4.664488770027117e-16,7.774147950045195e-16,1.1396320982724303e-16,2.220446049250313e-16,3.085512029630036e-16,3.2180677394264467e-15,0.02423180379816204
412,92.22950094386266,-1.2759665937258915,0.5910466070269136,1.4345368221791574e-16,6.347001556392696e-17,2.237726045655905e-16,4.1484333778641295e-15,24.952466933736844,24.952466933736822,8.542755363391523e-16,2.2780680969044064e-15,4.4135586177888956e-17,0.0,3.0377156108515427e-16,2.4572656763303687e-14,0.010842517738547565
413,38.13532981915344,-1.8886937359187483,0.36610308920239315,5.957088406000875e-17,0.0,3.5108334685767007e-16,2.989366980140908e-16,3.781087611930308,3.7810876119303076,1.1745012425759363e-16,7.047007455455618e-16,1.4093429560181988e-16,0.0,1.7254182014051837e-16,1.6147680697444207e-15,0.0262224033394285
414,6.906779810534508,-0.5711394119511595,-0.32270933404920743,3.5819266426226674e-17,1.545778370892796e-17,1.1102230246251565e-16,2.222010564827874e-16,15.797382625550465,15.797382625550464,1.1244627553220088e-16,2.2489255106440176e-16,4.360336497994264e-17,0.0,2.241207473533824e-16,1.985975866521429e-16,0.1447852729393156
415,2.32834198952519,-0.7183291110884955,-1.1499324398750306,1.5442128685255845e-16,2.764807020200182e-16,5.5511151231257815e-17,2.2263315565818985e-16,2.741768217616542,2.741768217616543,3.2394365577416726e-16,6.478873115483345e-16,1.51938316726383e-16,2.220446049250313e-16,1.1421355139912835e-16,1.2212453270876722e-15,0.42949017133171546
416,30.34779902165105,-1.9242544917626463,2.9871040784269645,1.7242316766458034e-16,1.88306342353846e-16,2.220446049250313e-16,8.881834124954413e-16,18.42728369627644,18.42728369627648,2.120760233083202e-15,7.7118553930298255e-16,5.228102223028551e-17,0.0,2.973392491477195e-16,1.6706427443628656e-15,0.03295131878547297
417,5.579059891618204,-2.343400534996488,0.0886873351209892,1.3546507866683076e-17,4.6609312684318985e-17,1.570092458683775e-16,8.326672684688674e-17,5.955993654484097,5.955993654484095,2.98246932829232e-16,0.0,1.1584034755508432e-16,0.0,1.3540116595908292e-16,3.5980722035219674e-16,0.17924166784844306
418,13.509145539903725,-4.392042010804774,-1.2912049984659024,3.8579389757537915e-16,9.409261454164493e-17,1.570092458683775e-16,2.775557561562891e-16,20.22919332746665,20.229193327466646,1.7562310178610646e-16,0.0,2.1663815257801688e-16,2.220446049250313e-16,2.871021259541426e-16,2.0486154564561222e-15,0.07402392675733276
419,26.467642336924463,4.855116291235311,-3.416621227766255,5.971229196033331e-17,0.0,2.237726045655905e-16,1.1292167204670828e-15,28.906686864893896,28.906686864893896,0.0,9.83222655825048e-16,2.8259143696323515e-17,0.0,2.1165664035787923e-16,5.385774928599985e-16,0.03778198251549281
420,2.8578717453573166,-0.4911810648191321,-0.26828408203386866,1.1105235103659305e-16,1.7268656699890286e-17,4.440892098500626e-16,2.2225886015725296e-16,8.146462626452594,8.146462626452594,0.0,4.361050730490545e-16,1.4698989610871089e-16,1.1102230246251565e-16,3.5247796649588655e-16,9.992007221626409e-16,0.3499107339664649
421,16.241917199339,-15.5349961393711,-7.054857076219553,4.581599384757878e-16,2.8743246158406945e-16,3.3766115072321297e-16,7.021666937153401e-16,8.144160240621876,8.144160240621872,4.3622836165232684e-16,4.3622836165232684e-16,4.738137809503244e-17,0.0,1.6062838315635281e-16,1.3253977106783348e-15,0.061569086193880906
422,4.554612196573453,-6.847181761835962,-3.10325785364292,5.235981927006752e-17,0.0,2.0014830212433605e-16,4.440892435724303e-16,0.43821659385742606,0.43821659385742595,1.1102230246251565e-16,1.1102230246251565e-16,7.877614351499254e-17,0.0,3.162047651713289e-17,1.5343242664793618e-15,0.2195576608591008
423,90.196541775407,-0.810247131363811,1.591265729664605,6.404805180531804e-17,9.554038692761263e-17,2.2887833992611187e-16,3.574480390908168e-15,2.837304380248866,2.837304380248866,0.0,3.2868780211847845e-15,3.4473693481469994e-17,0.0,4.4433036566669663e-17,9.56271468034439e-15,0.011086899567513983
424,9.24120487748276,-2.2092782828841644,-3.033068412504974,1.6600817544784225e-18,0.0,5.551115123125783e-17,2.2560980225159945e-16,4.909283344062283,4.909283344062285,3.6183628340554675e-16,1.8091814170277338e-16,3.5110947556609565e-17,0.0,1.1322563536932317e-16,3.022603702551036e-15,0.1082109977278654
425,19.740085231124876,2.8413184236309252,0.5051344402759135,1.3581617361198046e-16,1.327651661692424e-16,0.0,5.551115123125783e-16,0.45830936644653053,0.45830936644652975,7.771561172376096e-16,2.220446049250313e-16,1.1461148717973702e-16,0.0,4.22941313662659e-16,4.558412936404141e-16,0.05065834257003618
426,71.97851008840989,-5.134768661224678,-3.4185256381930844,2.18789389255334e-16,2.697338509559893e-16,4.47545209131181e-16,2.8435583831733357e-15,52.27452588701051,52.27452588700967,1.603917805030268e-14,1.902953328002013e-15,1.5110285497981012e-16,2.220446049250313e-16,1.3477581718479372e-16,3.785903574903549e-15,0.013893035557012825
427,7.309612697573984,-3.0594182336717735,1.6157676499949476,3.6604452710859843e-16,1.0387105898303249e-16,3.3766115072321297e-16,2.2887833992611187e-16,4.762742736520847,4.762742736520846,1.864846515621236e-16,3.729693031242472e-16,1.5910239111878117e-16,1.1102230246251565e-16,1.3584191879613323e-16,1.6622032397723798e-15,0.13680615394737503
428,2.753447149236952,-2.7354363693510426,0.06940885189824786,1.6419478171540845e-16,1.1763565445200465e-16,4.577566798522237e-16,1.220524985867799e-16,8.31230758167833,8.31230758167833,0.0,2.1370201017532464e-16,4.142637677883444e-17,0.0,8.522769074748597e-17,6.161285818139326e-16,0.36318111291045624
429,8.598801084767153,-2.0082604779715556,-1.2873606189141844,3.1064231611168044e-18,7.301279325375796e-17,5.551115123125783e-17,6.673801458289479e-16,3.9084779300554824,3.908477930055482,1.1362203338417178e-16,5.681101669208589e-16,7.423789716981292e-17,0.0,6.630016966104038e-17,2.607690909029124e-16,0.11629528234715283
430,1.9207544067666094,-0.3423931566177376,-0.10983923422326947,6.384163070871479e-18,0.0,1.1102230246251565e-16,2.7453963741028793e-17,3.258700114395647,3.258700114395647,0.0,2.725560464359714e-16,1.5719162414741257e-16,1.1102230246251565e-16,1.2098269626546022e-16,1.6704503809000527e-15,0.5206287677784873
431,2.761739745147421,-1.6247903388519869,-1.2206664720119493,5.473626683117736e-17,2.2716507324144717e-17,2.2887833992611187e-16,1.1139023788685532e-16,4.8878223605648285,4.8878223605648285,0.0,1.8171249979663518e-16,8.450098921234752e-17,0.0,1.3813608904739134e-16,8.930061150105983e-16,0.3620905995060084
432,6.740486255017586,-9.68324162539857,7.272129636264258,1.8509523300011583e-16,4.6658276570242496e-17,5.551115123125783e-17,1.6905354076598972e-16,1.8306910286745643,1.8306910286745663,1.0916104427365556e-15,7.277402951577038e-16,1.6208995670672194e-16,2.220446049250313e-16,2.0553220895168982e-16,3.6269900866266194e-16,0.14835724933873992
433,3.362353359666028,-6.534820568807968,3.559285533732681,6.253783854251985e-17,1.8195086783552842e-16,2.0014830212433605e-16,3.3433862606808417e-16,1.6830271917308846,1.6830271917308848,1.3193168002037615e-16,1.0554534401630092e-15,1.6189763544495875e-16,0.0,1.4154383969842398e-16,5.602300990469374e-16,0.2974107397502466
434,3.938004716101927,1.571636493060314,1.8828508178712164,5.218226698153247e-17,8.311968452323746e-17,2.482534153247273e-16,2.297417302237605e-17,2.771025271836132,2.771025271836132,0.0,1.6026169604573867e-16,1.1796741173795913e-16,1.1102230246251565e-16,1.635046840922593e-16,6.194438719221988e-16,0.2539357040155751
435,34.45106331310714,-2.145478574679341,1.9690959321531527,6.443672749487537e-17,2.5572104322699578e-17,4.163336342344337e-17,1.9191721796973387e-17,15.751293380339064,15.751293380339032,2.0299554034791413e-15,2.2555060038657126e-16,6.437243979039474e-17,0.0,1.6167851450941898e-16,1.9937040869506508e-16,0.029026680277217932
436,4.5750038398115045,-2.828783853550085,1.8541960108848239,1.7161788147473516e-16,4.2909034400293794e-17,2.482534153247273e-16,6.684427777288335e-16,2.8293246081021635,2.829324608102163,1.5695944133746675e-16,9.417566480248005e-16,1.2194225916897626e-16,0.0,2.377216215168551e-16,1.6980607373054197e-16,0.21857905151861004
437,17.597831820931535,14.176126078200639,-1.3945519376900546,3.792318297057791e-16,2.1104996389273005e-17,2.2247786310271853e-16,4.518280359883027e-16,2.919891903919625,2.919891903919624,4.562729283785365e-16,7.604548806308942e-16,1.2009457138178563e-16,0.0,1.2370422177969056e-16,2.9732857226367583e-15,0.056825182225605
438,27.331593650612078,-0.39455408012209425,0.9147794544163863,7.650293091445238e-17,1.2413354478455694e-16,1.6653345369377348e-16,2.4445314003143077e-16,22.023504651836785,22.02350465183681,1.1292024654908593e-15,1.613146379272656e-16,6.727288451000445e-17,1.1102230246251565e-16,3.4673867706182443e-16,1.023069586707831e-15,0.03658769454804895
439,9.29776594992687,0.05274940743379278,-0.22205798070026056,3.5977267304932663e-17,8.967773303962155e-17,4.47545209131181e-16,2.2246931135769053e-16,9.684211333070806,9.68421133307081,3.668562732277711e-16,0.0,1.4016088355331958e-16,1.1102230246251565e-16,3.434169063931934e-16,9.869815998437543e-16,0.10755271808147363
440,6.91203485144317,-1.8637976778098715,0.5463066616481362,1.0725596490497e-16,3.516555708504314e-17,1.2412670766236366e-16,5.551115123125783e-17,4.811174009430976,4.811174009430976,0.0,0.0,1.5611961972188234e-17,0.0,1.8379957048123525e-16,1.9975116310556818e-15,0.14467519644974125
441,8.83970369252677,-0.12056737088664671,4.619980239135837,1.3031564317545124e-16,0.0,2.7755575615628914e-17,9.036560719766055e-16,1.4652472841524047,1.4652472841524038,6.061628158648361e-16,9.092442237972541e-16,1.3397534720244126e-16,1.1102230246251565e-16,3.735456897726752e-16,4.68501696380638e-15,0.11312596380865318
442,3.1716662080916276,-5.314018767572209,-0.1719009557995461,8.770788933823831e-17,1.1518934890115157e-17,1.1102230246251565e-16,1.6086471415349098e-17,3.567670717108972,3.5676707171089714,1.2447595225658217e-16,7.468557135394929e-16,1.2455527433505816e-16,0.0,1.5460771534063283e-16,0.0,0.31529169035782467
443,12.30365485927493,-5.949799108108693,-5.1431889283601935,5.974794959578523e-17,0.0,2.0014830212433605e-16,6.673250554758318e-16,4.2918660034392015,4.291866003439206,1.0347229142154031e-15,1.2416674970584838e-15,5.206234260658367e-17,0.0,2.307872230561756e-16,3.1424467903265263e-15,0.08127666221441292
444,2.2732411721033414,-1.1209005381487562,1.3711333893669448,5.58950342031215e-17,1.1938469509973746e-16,2.482534153247273e-16,3.331342336403943e-16,2.2236190679087073,2.2236190679087073,0.0,3.9942921542557587e-16,1.3980841728272174e-16,0.0,5.603971531985341e-17,8.807908679774493e-16,0.4399005315721686
445,20.886946695418438,-0.5044504109527129,0.4702569153825425,1.9339691287992398e-16,6.227536725001734e-17,5.551115123125783e-17,9.155133597044475e-16,1.4673671147093212,1.467367114709321,1.513217808271636e-16,1.513217808271636e-16,6.118095435830437e-17,0.0,1.695306199320365e-16,3.3306690738754696e-16,0.0478767918826253
446,3.5663620795293847,-4.890421859378477,4.25917157183647,1.6990041296588415e-16,1.8780270630219374e-16,3.3422138886441676e-16,2.223154891193868e-16,1.5195771560223021,1.5195771560223021,0.0,2.922452526283864e-16,9.848820378353482e-17,0.0,2.0618003619409826e-16,1.0891522589810883e-15,0.2803977772587689
447,15.036133404398582,-4.60574586134272,-0.7915354207486319,1.0031279445712709e-16,1.072182935395185e-17,2.2591401799415137e-16,4.440892098500626e-16,7.235887160682487,7.235887160682488,1.227463060129247e-16,4.909852240516988e-16,2.635551038667886e-16,2.220446049250313e-16,1.2268196628531912e-16,6.9212708734717504e-15,0.06650645967981697
448,5.718427980659478,-2.1028758092429944,-0.04578305585871889,2.754754257370194e-17,1.8504842261571188e-17,2.482534153247273e-16,8.803578721060304e-18,5.3938241084613,5.393824108461301,1.6466581071986357e-16,4.939974321595907e-16,1.3436142122545646e-16,0.0,3.005694700428667e-16,1.2465971431902651e-16,0.17487323498383409
449,30.85687543026755,-7.360435003693551,-1.2650451979897805,1.9691094936217387e-16,0.0,1.6653345369377348e-16,9.019766493730577e-16,32.20054082234025,32.20054082234019,1.9859556574292775e-15,8.826469588574566e-16,1.111921760227063e-16,1.1102230246251565e-16,2.325084843394126e-16,1.4364470677822424e-16,0.03240768827225405
450,3.4875001163090964,-1.356588240667209,1.9172044556054448,4.0052246005576714e-16,3.192058419862822e-16,2.2887833992611187e-16,6.74246133956551e-17,2.76337228125331,2.7633722812533104,1.6070553101468064e-16,0.0,3.7417480539879255e-17,0.0,2.0492983107685318e-16,6.521079560597188e-16,0.28673834169167667
451,12.060287084566859,-4.215137449909812,-0.7940745076809932,1.4343370636878026e-16,0.0,1.9081958235744878e-17,8.851919307832576e-18,12.71841960238125,12.71841960238125,0.0,4.1900414397422444e-16,1.0495517603897162e-16,0.0,1.471581611076684e-16,1.3979141509063845e-15,0.0829167658272148
452,6.90516091802201,-2.0402247515716505,-2.508363085870406,7.309539862305383e-17,1.0164624511005481e-16,2.2887833992611187e-16,5.578801654593729e-16,4.323309625292531,4.323309625292529,4.108789315037911e-16,4.108789315037911e-16,6.076910937699122e-17,0.0,1.3267875145601714e-16,0.0,0.1448192173755255
453,48.199791483174714,-0.23871479443484972,-0.9865045101167407,3.6362482758147284e-17,0.0,1.1102230246251565e-16,2.2204896232517064e-16,11.7807451733633,11.780745173363295,4.523542814804259e-16,3.015695209869506e-16,9.93817293416538e-17,0.0,2.2148317449952716e-16,1.3104782791391102e-15,0.020746977719784097
454,11.316391683606058,-1.2188431995363767,-0.950245963231945,6.145920065779349e-17,4.606036363642024e-17,5.5511151231257815e-17,6.206335383118182e-16,5.213822069957593,5.2138220699576,1.3628058768140498e-15,3.4070146920351246e-16,1.666042191706504e-16,0.0,2.633538654449296e-16,1.4947386700974677e-16,0.08836739023877122
455,3.7204257830814647,0.24767108816075176,2.0294808982718306,2.1893788190241967e-17,0.0,0.0,2.770962800226906e-18,1.7898399901109676,1.7898399901109678,1.240583550215932e-16,2.481167100431864e-16,1.3152591259248108e-16,1.1102230246251565e-16,7.82909036853687e-17,1.6852500367611345e-16,0.2687864395917997
456,13.687849346011781,0.2101839102121845,1.1073719561796,2.2293324381582782e-17,6.994733580863597e-17,2.3714374201337736e-16,2.482534153247273e-16,11.255518803898218,11.255518803898212,4.734628950515448e-16,4.734628950515448e-16,6.884881221014082e-17,0.0,2.4483779541664715e-16,1.3832460871564188e-15,0.07305749608439213
457,11.633368388630027,-2.5752052938284313,-1.004468389455696,1.6897867425326688e-16,1.1926805917346588e-16,4.467376080957673e-16,2.0014830212433605e-16,16.74053503499838,16.740535034998388,4.244444602723947e-16,0.0,5.937353689343987e-17,0.0,2.884850927908719e-16,5.168993996811241e-16,0.08595962636044077
458,4.616073679543492,-3.041861643787015,2.3116500590457494,4.368880409474877e-16,2.448582322127639e-16,2.220446049250313e-16,3.3306690738754696e-16,3.301248143806124,3.3012481438061236,1.3452160834479309e-16,4.0356482503437926e-16,7.097990560223887e-17,0.0,1.0869506788672328e-16,8.456299325879001e-16,0.21663432376124828
459,36.710002502582554,-0.8827996965508548,-0.019451581057282286,1.7583914884921584e-16,7.899298402298219e-17,2.4236514457283396e-16,1.807312143953211e-15,21.378297342575383,21.378297342575348,1.6618319138658382e-15,1.6618319138658382e-15,1.2053491438041167e-16,0.0,1.5576008217531452e-16,2.0362107385337477e-15,0.02724053205743182
460,5.441449980952725,-0.41221148413580894,-0.04507650991053769,5.354913508697963e-17,0.0,2.482534153247273e-16,2.0516425018881292e-17,3.7225157846924257,3.7225157846924257,0.0,1.1929814016537626e-16,5.562348377352268e-17,0.0,1.3107760334307038e-16,6.031172205035821e-16,0.18377454603100385
461,10.221809725903933,-0.5355380416333797,0.34222963390587824,3.0761032152548085e-16,1.282519968598612e-16,4.440892098500626e-16,1.1108889964603724e-15,10.493342589164332,10.49334258916435,1.6928417463798023e-15,1.0157050478278814e-15,6.996688568020913e-17,0.0,1.0937620377257602e-16,8.881784197001252e-16,0.09783003468219835
462,6.059377095881236,-1.5969050015446031,2.4165238463580225,9.188582687592928e-17,0.0,1.1102230246251565e-16,1.203434201191476e-16,1.8199276565407583,1.8199276565407587,2.440147597373011e-16,1.2200737986865056e-16,1.2812634140885498e-16,0.0,1.0121699928083317e-16,9.713417556254864e-16,0.16503346535070923
463,17.630489230465276,-2.4145182588499896,-0.808455445055428,2.2170090331105693e-16,2.3393351661325678e-17,2.2591401799415137e-16,4.002966042486721e-16,31.779245458421823,31.779245458421833,3.35380556795976e-16,1.11793518931992e-16,4.118987559238943e-17,0.0,3.120577258562691e-16,1.4298208498278377e-15,0.056719923476206226
464,73.84207591834506,-5.578465244564881,1.1665932009882833,2.4373425942075363e-16,6.331324578302337e-17,5.551115123125783e-17,1.7772239894833377e-15,14.101136522791446,14.101136522791576,9.195999844879747e-15,7.558356036887464e-16,5.0987329236839983e-17,0.0,1.845604915217559e-16,3.398303170882013e-14,0.01354241450503818
465,6.800402583845273,-0.5729691665984085,-1.3452851143956661,2.66232858542718e-17,1.0753717218197451e-16,2.482534153247273e-16,4.441903277469585e-16,3.3457935775835446,3.3457935775835437,2.654612124462264e-16,0.0,1.4301391043130005e-16,0.0,1.7403962952736994e-16,1.1102230246251565e-16,0.14705011764679318
466,2.5135247607688966,-0.18330112315233074,1.732129381952466,4.9736014409534166e-17,1.4516546736014076e-16,2.220446049250313e-16,8.162288280591576e-18,4.346450193648638,4.3464501936486375,2.0434570284458767e-16,2.0434570284458767e-16,2.7032282174372674e-17,0.0,2.4811868603267786e-16,1.1164076716481187e-15,0.3978476821107967
467,28.412365865706647,-1.3215655682057188,0.1873206278392714,4.707721460619265e-16,2.039073213626282e-16,3.3766115072321297e-16,3.5544479789666726e-16,9.751707492871029,9.75170749287102,9.10792720505026e-16,1.8215854410100524e-16,1.3902570715266205e-16,0.0,2.2360312600109057e-16,7.685038035445074e-16,0.03519594266547873
468,2.544794253201139,-1.0244986446036675,0.40757979967418645,1.3729899273258767e-16,2.3872344736070887e-17,1.1443916996305594e-16,2.223641843762685e-16,9.8085119182698,9.808511918269796,5.433108062268417e-16,5.433108062268417e-16,3.9062986408367825e-17,0.0,3.876919053219632e-16,1.615859182112815e-16,0.39295907664915714
469,2.489496690030111,0.45479540413622965,-0.9083434896888894,6.806833886084463e-17,1.597825312723043e-16,0.0,2.222975487190819e-16,1.2806549181223585,1.2806549181223585,0.0,0.0,1.356598732687671e-16,1.1102230246251565e-16,3.607853383817881e-16,1.483383051454139e-15,0.4016876198328685
470,17.21985159391924,-3.63936632671832,-0.005123636305135126,2.4285083009614365e-16,1.186398781100069e-17,5.551115123125783e-17,4.577566798522237e-16,3.252650544312325,3.252650544312321,1.2287833673492789e-15,2.73062970522062e-16,1.5364853998391173e-16,0.0,2.2714393364839596e-16,6.574514005284812e-16,0.058072509774308716
471,5.564383274103372,-0.33917927290224675,0.9668190989773985,3.9054246030617087e-17,4.1418431414122945e-17,1.1295700899707568e-16,2.2268581806356897e-16,1.717548728486266,1.7175487284862663,1.2927994486696557e-16,2.5855988973393114e-16,8.812060163655844e-17,0.0,1.3119168970424356e-16,3.0535606446882333e-16,0.17971443567771378
472,13.417025603418423,-2.422749510056506,-1.1521959341594554,4.4132126138815263e-16,3.186271252974201e-16,7.850462293418876e-16,4.479954699408101e-16,6.756161548298752,6.756161548298751,1.3146198671400548e-16,1.3146198671400548e-16,3.108583837030704e-17,0.0,2.7664717954283685e-16,1.1401890519928974e-15,0.07453216752789307
473,22.975191207994293,-3.6021757307927955,3.829371670232292,2.611598113150789e-16,2.5204370705561776e-16,4.440892098500626e-16,1.3340684429167587e-15,0.9744101291487361,0.974410129148737,8.881784197001252e-16,3.3306690738754696e-15,1.0548085435384008e-16,0.0,3.0017909237780095e-16,3.560358612701801e-15,0.043525209037302136
474,52.49491291159203,-0.07419723051088283,-1.3133237515910232,4.283527274224448e-18,0.0,1.6653345369377348e-16,1.6692501881720423e-15,12.993321640499332,12.993321640499362,2.324122122527843e-15,1.5038437263415453e-15,1.19986970877374e-16,0.0,1.6959914852487543e-16,4.2493304742916273e-16,0.019049464882130995
475,42.486160720642324,-2.5162209112530496,1.5750000469404217,8.87410682639394e-17,3.3863790784626416e-17,5.551115123125783e-17,1.0343408647877503e-16,9.376488548669512,9.376488548669537,2.652271756374333e-15,3.7889596519633327e-16,6.202722631551787e-17,0.0,2.3944827522326296e-16,8.399303225330819e-16,0.023537076145230297
476,2.9412275406020694,-2.205201404060306,2.018435701696876,6.467719595044099e-17,1.5516570100453646e-16,2.0014830212433605e-16,2.2206787098343696e-16,2.707773403856686,2.7077734038566854,1.6400530754070693e-16,4.920159226221208e-16,1.0652576627661388e-17,0.0,1.813638268434276e-16,1.26473072245401e-16,0.339994096408909
477,5.784881585550819,-0.30765810130777815,0.1630923121771517,2.1348069236522143e-17,1.3003048601540748e-17,1.1102230246251565e-16,2.221546618785108e-16,2.352070465121175,2.3520704651211752,1.8880778294505043e-16,0.0,1.2822698659602116e-16,0.0,1.1504970811319794e-16,6.661338147750939e-16,0.1728643854176288
478,50.8261153183714,1.0725954479253519,2.7448188465033425,4.766116336570144e-17,9.909986552855839e-17,1.2412670766236366e-16,8.082545620880532e-16,36.158836844304766,36.15883684430473,9.825298568363862e-16,1.9650597136727724e-16,1.6908972555294513e-16,0.0,1.4765316575261747e-16,4.585843118270857e-15,0.01967492486365373
479,6.103998790003928,-5.443474740619535,1.4691327492798625,0.0,2.184089854551742e-17,1.2412670766236366e-16,4.577566798522237e-16,26.698495132923064,26.698495132923064,0.0,3.992038121751098e-16,4.497460698310559e-17,0.0,7.865036297014366e-17,1.361385628791513e-15,0.16382703116481956
480,6.2863025444624405,6.557582065244009,-2.1370254084213833,3.0965844653891826e-16,1.927629174930658e-16,2.482534153247273e-16,5.551115123125783e-17,1.2222384631871737,1.2222384631871734,1.8167044452685284e-16,5.450113335805585e-16,1.8177862676102392e-16,1.1102230246251565e-16,2.8935298257056397e-16,4.130422943272469e-16,0.15907602170387067
481,9.745251346575092,-3.0457010585349935,-0.4468242102467024,1.2031260834615846e-16,3.610734548907684e-17,4.577566798522237e-16,3.615056537037009e-16,2.7192637887964612,2.719263788796461,1.6331229492325763e-16,1.6331229492325763e-16,1.292055404477655e-16,1.1102230246251565e-16,7.275328676840758e-17,2.963607814501571e-15,0.10261407986685138
482,4.849661456954094,2.218936371909897,-2.9027708804114227,1.6363971135391081e-16,1.2056126074220617e-16,5.551115123125783e-17,1.1684197430709774e-16,1.5589253259048208,1.5589253259048212,2.8486881473447573e-16,2.8486881473447573e-16,1.6655529362793452e-16,2.220446049250313e-16,1.9032605987553126e-16,1.3612230027942108e-16,0.20619996032219187
483,3.61716536182451,-1.2232510911550996,-2.290880795064438,1.3288658354046644e-16,4.161128500132829e-16,7.850462293418876e-16,4.442365141081322e-16,0.8631967302494078,0.8631967302494072,5.551115123125783e-16,1.1102230246251565e-16,1.0877427806263823e-17,0.0,1.6842982945483888e-16,5.026330564948195e-16,0.27645957537744387
484,5.873818460082553,-1.765972298647357,-0.8622255936404115,6.255909268191122e-17,8.653714849036037e-17,1.1102230246251565e-16,2.2591401799415137e-16,7.888247580675667,7.888247580675671,4.503806000592331e-16,0.0,1.0068329487440791e-16,0.0,7.013131911022178e-17,3.904633346086995e-16,0.17024700487354572
485,2.8679888537431295,-1.6395657841734936,0.3808441832261756,6.675270369641907e-17,1.2614370002307553e-17,0.0,4.441735769325932e-16,3.0524973139721263,3.052497313972126,1.4548389864827832e-16,2.9096779729655664e-16,1.6177143987520063e-16,0.0,1.342557801128e-16,5.417267443987817e-16,0.3486763899709231
486,9.014154437913552,-1.906114302057272,-3.823915518534643,1.4558679553501014e-17,0.0,1.1102230246251565e-16,6.661338147750939e-16,1.570228551808617,1.5702285518086172,1.414090991208104e-16,4.242272973624312e-16,1.4423968226173737e-17,0.0,7.173082294160977e-17,1.1034060190348116e-15,0.11093663935842946
487,6.218356937345212,-2.4693927661634976,-0.38302520319138655,1.131648795400361e-16,1.0114398410109846e-16,0.0,1.1102230246251565e-16,3.356832270547325,3.356832270547323,5.291765260319721e-16,3.9688239452397906e-16,3.581622831941541e-17,0.0,8.930905362712971e-17,1.5732226190282098e-16,0.1608141845307018
488,96.72063832673102,-5.048352530168651,-1.67123430613916,2.1572348496848298e-16,1.0108227800246477e-16,2.220446049250313e-16,4.048135967925021e-15,6.527905389771474,6.52790538977147,6.802935755562613e-16,4.081761453337568e-15,3.3722547745482124e-17,0.0,1.938395359968275e-16,7.264581357399757e-15,0.010339055007300693
489,16.90103323964602,-1.365743024607961,-0.7480468433788298,1.7173515066204332e-16,1.7607958094742438e-17,1.570092458683775e-16,6.661338147750939e-16,19.546019046875408,19.54601904687541,1.8176149681837292e-16,9.088074840918646e-16,1.737158224819829e-17,0.0,2.486016751969683e-16,2.6269399670090536e-16,0.059167980195096684
490,2.767661685803408,-0.12397933753028312,2.2334386977339182,9.493686337835192e-17,1.557944110600238e-16,4.47545209131181e-16,1.11726841601858e-16,3.3736337182493585,3.373633718249359,1.3163527725247802e-16,2.6327055450495604e-16,1.9043600938903038e-17,0.0,4.063682953713451e-16,4.948694690550132e-16,0.3613158375279223
491,5.211368303572631,-1.0672229678450167,-0.21436955754175369,1.9777827170393765e-16,0.0,3.3766115072321297e-16,3.771190953061001e-18,1.1736932602417798,1.1736932602417798,0.0,1.1351071652875827e-15,6.697549292955911e-18,0.0,2.0161320734522547e-16,5.779562445193147e-16,0.19188818401387045
492,10.962277712691929,-1.1245454287292136,-0.29932298081858916,1.167942208170419e-16,1.4919385358438315e-16,3.3766115072321297e-16,1.3857755887217752e-16,2.107752108098048,2.1077521080980497,8.427731290484461e-16,2.1069328226211153e-16,1.1448682627138914e-16,0.0,2.4718715617270206e-17,1.1712672588376684e-15,0.0912219181276722
493,59.94328876043937,0.7312522391316029,-0.051932344243615536,1.2384317161072028e-16,5.048699550186418e-16,0.0,1.5607304389901491e-15,4.041199833462111,4.041199833462045,1.6263784461631596e-14,1.318685226618778e-15,1.1339458907363548e-16,0.0,2.0434190897935422e-16,5.010953066069406e-15,0.016682434692499408
494,2.63173833879286,-1.882227359564441,0.43159497830722177,9.338680847398749e-17,0.0,1.2412670766236366e-16,2.220507145430153e-16,1.7813596688104858,1.7813596688104862,2.4929789173154797e-16,2.4929789173154797e-16,8.400319115963672e-17,1.1102230246251565e-16,2.2499511295195187e-16,1.8926364649538838e-15,0.3799769852722842
495,80.21411017177377,-2.6052145701222167,0.4082869731084605,1.7584250916759777e-16,1.6831277862750355e-17,1.1102230246251565e-16,1.0902833382055318e-15,49.689347537555776,49.689347537555335,8.865813660328294e-15,1.429969945214241e-16,1.1531386906172925e-16,0.0,1.2588063068182973e-16,9.682876864773134e-15,0.012466634584084417
496,56.100416745401645,1.6826013551352061,-0.6529355176398163,1.8837835660474206e-16,2.111894640975099e-16,2.2887833992611187e-16,5.365989225591787e-16,1.8798204708761823,1.8798204708761799,1.2993212341372695e-15,3.543603365828917e-16,2.296855579869868e-17,0.0,2.7558375460351077e-16,2.8069330630094044e-15,0.017825179526520785
497,9.393257984469967,-1.4871325937621904,-1.360067567730272,2.806244816326509e-16,1.327256523124062e-16,3.3766115072321297e-16,2.3024723404980264e-16,6.995101221022316,6.995101221022318,2.5394297856073634e-16,0.0,1.2356167511605004e-16,0.0,6.906846551069182e-17,7.430450591383885e-16,0.10645933515861121
498,12.814357961467756,-10.296571524254464,-1.4199764163913864,8.663540689198963e-17,7.917354709113777e-17,1.5700924586837752e-16,1.7772239894833363e-16,2.91917355489665,2.9191735548966498,1.5212840261078108e-16,4.563852078323432e-16,2.53126962392694e-16,1.1102230246251565e-16,2.6854732484852134e-16,1.1416646549002756e-15,0.0780374641481799
499,1.7221546443369793,-0.9994020256924302,0.7494810145408548,2.239776985996898e-16,9.228382400195453e-17,0.0,3.34001575502662e-16,3.189926429058208,3.189926429058209,2.7843225837730386e-16,1.3921612918865193e-16,5.651587181147107e-17,0.0,2.1312636166687e-16,4.617699735607844e-16,0.580667945987507
500,35.50158930923108,-4.54592786578603,-0.014881882910594557,2.8487141732033493e-16,0.0,2.371437420133774e-16,4.44348446881129e-16,12.965485357783649,12.965485357783635,1.0960526600472163e-15,2.740131650118041e-16,1.2112100292599687e-16,0.0,2.2478420880356657e-16,1.1420253667395968e-15,0.028167753034643892
501,15.431549993546067,-2.186550805296088,2.1845234689001516,1.6827767342113148e-16,5.3845408214261975e-17,2.2215299868541707e-16,4.577566798522237e-16,8.681820900486171,8.681820900486173,2.0460648287512782e-16,4.0921296575025564e-16,2.4563079626382367e-16,2.220446049250313e-16,9.220055282660834e-17,2.061092254574145e-16,0.06480230439704716
502,11.750899276119673,-3.4653317590852617,0.5119407551620127,1.255781695898307e-16,2.1607180302602733e-17,2.482534153247273e-16,1.1102230246251565e-16,2.8086809004168347,2.808680900416834,3.1622617562867724e-16,3.1622617562867724e-16,1.2935826309789372e-16,0.0,2.199414063923193e-16,1.3498984600550627e-16,0.08509986993354896
503,25.415453236790672,-1.032332717075416,1.4868881935530744,2.2231718469753776e-16,9.86263287598627e-17,5.551115123125783e-17,5.23691153334427e-16,10.76673161333643,10.76673161333643,0.0,4.9495712437001685e-16,2.4421064655299014e-16,0.0,1.5924075231091937e-16,6.061845958679686e-15,0.03934614073899109
504,8.957692051017421,-2.290583547219529,3.3976738471989405,6.140781527832654e-17,3.969443580493938e-17,1.1102230246251565e-16,4.313778616565948e-17,4.60180498431389,4.60180498431389,0.0,0.0,3.0459944690614815e-17,0.0,1.642211245484564e-16,5.683261708710638e-16,0.11163589843283422
505,35.073577370029646,2.5284895934237186,0.00803021565382761,2.286648274099672e-18,3.5458479783293583e-17,1.3877787807814457e-17,1.1103722034895792e-15,19.511704146191338,19.511704146191335,1.8208115765705615e-16,1.274568103599393e-15,1.387929394165139e-16,0.0,2.236576885210796e-16,9.902711887188694e-15,0.0285114914127588
506,9.817467029865636,-2.0411336664726654,-0.593695883917954,5.993268985819863e-17,2.99811953587052e-17,2.482534153247273e-16,2.7755575615628914e-17,9.215032466796202,9.215032466796208,5.78301871143978e-16,1.9276729038132601e-16,1.2140525749817655e-16,1.1102230246251565e-16,1.3972030413864428e-16,6.803451875452373e-16,0.10185926746256352
507,5.613997528887414,-4.84651136349641,-0.7254210738556711,2.6345327994429806e-16,2.3737589846028962e-17,3.5108334685767007e-16,4.629924450807409e-16,0.27235257534789636,0.2723525753478964,5.551115123125783e-17,0.0,8.636350035589395e-17,0.0,7.692550349908298e-17,2.7935920121514696e-15,0.17812619169395702
508,2.993443086025336,0.9367316465715249,1.929922523266748,5.06504050423011e-17,9.357687988855777e-17,2.7755575615628914e-17,1.6630434303143748e-18,1.263773217834291,1.2637732178342906,3.513994469760101e-16,5.270991704640152e-16,1.0252239500301956e-16,0.0,2.0464034345548087e-16,4.518491699569571e-16,0.33406347515622536
509,3.912484679700206,-5.332608791196888,2.8669359380796178,1.5653448949358695e-16,5.5013284190924435e-17,0.0,4.577566798522237e-16,0.45887451536744617,0.45887451536744617,0.0,2.220446049250313e-16,1.2415212672270066e-16,0.0,4.4856452152819623e-17,6.298215744685755e-16,0.2555920551429809
510,29.299746765180434,-5.545061034445936,-0.7828936984771377,3.9840143736004174e-17,2.7061873212073534e-17,2.220446049250313e-16,5.558049685633555e-16,37.26159705273317,37.26159705273325,2.097593960425213e-15,9.534518001932786e-16,5.765340000037136e-17,0.0,1.7213315885141637e-16,6.330132631955827e-16,0.03412998781232709
511,12.123304848098098,-5.224221211562895,-0.0842951660483276,8.410780753905387e-17,8.397696973613913e-18,2.482534153247273e-16,3.5108334685767007e-16,3.5176855923195114,3.5176855923195136,6.312235675918332e-16,1.6411812757387664e-15,1.177846764371892e-16,0.0,1.125564497636005e-16,2.7882734779632635e-16,0.08248575883636948
512,8.44926138437446,-3.3663072843664916,-3.22854014470773,1.5760963983785351e-16,3.7660481589936983e-16,2.2887833992611187e-16,1.2883569201321312e-16,5.177421276706509,5.177421276706511,3.4309683227675007e-16,3.4309683227675007e-16,5.921661830473594e-17,0.0,8.689318056742219e-17,6.438372264240496e-16,0.11835354056501826
513,46.66533974775893,-1.2135515447905336,2.296629946268216,3.699371122357284e-18,5.59476201302761e-17,1.2412670766236366e-16,2.989366980140909e-15,17.385701908901552,17.38570190890157,1.0217343243937412e-15,2.8608561083024755e-15,9.703042092601048e-17,0.0,1.9604807576299443e-16,4.3389195533293275e-15,0.02142918074539454
514,56.01776284562328,-2.299065407054817,0.7812030282989009,1.0011422779420059e-16,6.942951692922106e-17,5.551115123125783e-17,1.807312143953211e-15,5.02020906500564,5.020209065005641,1.7692060394284145e-16,1.946126643371256e-15,1.4868944889576923e-16,0.0,9.574039560446672e-17,3.203860445159766e-15,0.01785148048049365
515,3.92185858423883,-2.149192047053781,1.4927313762420034,2.8096907597025294e-16,9.975407740709364e-17,5.5511151231257815e-17,1.3567846836239341e-16,13.813351829805832,13.81335182980583,1.2859708934418851e-16,2.5719417868837703e-16,1.469773609192023e-16,2.220446049250313e-16,1.3438640074544815e-16,1.9905736939593802e-16,0.2549811469538456
516,6.4658518547997295,-0.8379408825396305,1.8930329776630126,4.7626213821688635e-17,4.894125831953133e-17,2.220446049250313e-16,1.2261310887563856e-16,12.32353931713429,12.32353931713429,0.0,1.441433985551907e-16,1.3146532670188728e-16,2.220446049250313e-16,1.6917738730645364e-16,3.165532163670742e-16,0.1546586625330244
517,3.203274781285931,3.363830371720273,-2.566896120434758,8.968741836786463e-18,7.277814903603289e-17,2.7755575615628914e-17,2.2214094855053763e-16,2.340927857867637,2.3409278578676376,1.8970649110672967e-16,1.8970649110672967e-16,6.024419302231458e-17,0.0,1.0747877452437814e-16,7.711598012843189e-16,0.31218052408184505
518,2.737297847518976,-3.9870458515670504,2.9100046964817485,9.772230734574673e-17,1.054026836897582e-16,1.1102230246251565e-16,4.442152225611021e-16,5.919964579826271,5.91996457982627,1.500310361191705e-16,3.00062072238341e-16,3.710366121490728e-17,0.0,2.368343898661885e-16,7.523012498381524e-16,0.36532378122694165
519,6.650160201243156,-0.6810743480695263,-0.02975455298756069,1.1765137944416826e-16,0.0,2.0014830212433605e-16,0.0,7.4663394830735434,7.466339483073539,5.947883977909505e-16,2.3791535911638016e-16,3.484160547187638e-17,0.0,1.6076390537880318e-16,1.1057725001913514e-15,0.15037231731846998
520,78.05392423453164,0.6442278306530299,-2.905227588967432,8.61419567182583e-17,0.0,1.1102230246251568e-16,3.552733923051625e-15,1.6342847074761817,1.6342847074761828,6.793326888187486e-16,3.2607969063299933e-15,5.883926974162343e-17,0.0,1.7465138033156468e-16,1.5760505022606606e-14,0.012811655657384527
521,2.5923711589605776,-2.284652486864699,1.326086423318242,5.569497635973047e-17,0.0,2.2887833992611187e-16,2.076781687297268e-18,12.303348982081125,12.303348982081124,1.4437994419140485e-16,0.0,2.0286699066788562e-16,0.0,1.5115440829479124e-16,1.3500218534915844e-15,0.38574723242984826
522,3.4442659955046535,-2.201822052741068,-0.7981100118526026,4.118308357027269e-17,1.6307305878050165e-17,1.5700924586837752e-16,2.265686016722434e-16,6.72821263284521,6.72821263284521,0.0,3.960242347414641e-16,1.5344908756081795e-16,0.0,1.7530539783960124e-16,2.2260369241804167e-16,0.2903376223860662
523,2.130986185763292,0.4276145224656569,0.3201077779393475,4.474738069647419e-17,1.3165229439189194e-16,4.47545209131181e-16,4.446478174805442e-16,7.915956498808538,7.915956498808539,1.1220102331712011e-16,1.1220102331712011e-16,8.67614182652039e-18,0.0,2.5262836614295135e-16,9.758422350510644e-16,0.4692662987122146
524,7.084344819313848,-8.967915467636589,2.4711295123405557,1.9815394554249048e-16,2.8970787150831903e-16,2.2887833992611187e-16,2.7755575615628914e-17,4.752133085197526,4.752133085197528,3.7380199745109093e-16,0.0,4.1742512392865403e-17,0.0,3.0133632733663273e-16,3.9545314978277963e-16,0.14115631374601117
525,9.081982769941172,-2.5257209318683906,-0.26949602129419203,2.559789082699801e-16,2.116162631280489e-17,4.47545209131181e-16,3.1401849173675503e-16,6.928285091500901,6.928285091500901,0.0,6.409799885325704e-16,5.881921188511721e-17,0.0,2.711170708335729e-16,1.172147781095386e-15,0.11010811464097135
526,15.220054131573644,-0.795622595873404,1.025175637954987,7.40688943678517e-17,0.0,2.2887833992611187e-16,2.0014830212433605e-16,7.687603750011268,7.687603750011268,0.0,2.3106768990241554e-16,3.1374493895382865e-17,0.0,1.9683283619637646e-16,1.1002258359980233e-15,0.06570278865996447
527,2.103923246674808,-3.5453162769746025,1.707656411309371,2.875967579310754e-16,5.513002818142733e-17,0.0,1.1374181023870785e-16,3.0364967263393696,3.036496726339369,1.4625051494306457e-16,0.0,1.3920707737103306e-16,0.0,2.273039895571832e-16,3.737886263335336e-16,0.47530251000385687
528,3.3608148018340684,-2.480337172550939,0.16528823253410085,3.565906146635516e-16,4.6854922845182403e-17,2.220446049250313e-16,4.541269927473361e-17,0.551193369135789,0.5511933691357892,2.220446049250313e-16,1.1102230246251565e-16,9.956030605221857e-17,0.0,8.895425924431674e-17,7.501044408030148e-16,0.2975468923352388
529,8.791164867808883,-0.2432038018539212,0.13492320578462663,5.608788613679998e-17,1.5024730526440657e-16,5.551115123125783e-17,1.1208152741580705e-16,2.3754682604324198,2.375468260432421,5.6084421406147e-16,1.8694807135382335e-16,1.2016050643624495e-16,0.0,9.34630409818343e-17,2.7755575615628914e-17,0.11375056833045509
530,7.898512965776971,-3.8420959395237326,4.276573551249992,1.6917095818929393e-16,7.880381599311523e-17,1.2412670766236366e-16,5.551115123125783e-16,2.5829653306149014,2.5829653306149,5.157899774183295e-16,3.4385998494555295e-16,1.5121367452279292e-16,1.1102230246251565e-16,4.1291246045683e-16,3.6339877324405146e-16,0.12660610982508264
531,4.0576720155422965,-1.3888388477670914,0.8812166262441314,1.672609654366857e-17,2.2148186645279677e-17,2.482534153247273e-16,2.234969458248033e-16,1.024589628889497,1.024589628889497,0.0,2.167156475765763e-16,2.1613212796177458e-16,0.0,2.6370109462040573e-16,1.2381121373868284e-15,0.24644673008800344
532,5.10783150212608,2.0711869962929907,-0.4491310619883444,9.676850392453568e-17,1.3144820781262863e-16,5.551115123125784e-17,3.342672688649625e-16,4.115943099196189,4.1159430991961905,4.315795424254429e-16,2.1578977121272146e-16,1.37539107609083e-16,0.0,1.0980795777057964e-16,2.28651466181328e-15,0.19577779720880728
533,7.969211625741133,-1.0682738954557338,1.7581737839379512,1.975628500850598e-16,2.785546338706589e-16,4.47545209131181e-16,2.775557561562892e-16,15.080103122014096,15.080103122014084,8.245631860202428e-16,2.355894817200694e-16,1.4779609732095302e-16,0.0,2.0742724875503237e-16,1.3905169579378536e-15,0.12548292691461999
534,11.148916116744145,-5.7025495343602906,-2.2180669517978258,6.597610786396035e-17,0.0,1.1188630228279524e-16,4.443059973708341e-16,2.2350258713212265,2.2350258713212265,0.0,1.986953330377071e-16,1.7514375542048328e-17,0.0,1.1350093085939153e-16,1.7247909360673152e-15,0.08969481782163055
535,7.021957768286538,-1.5997185002152443,1.0454000616573702,1.8446592001316068e-16,1.3866997733201596e-16,3.5108334685767007e-16,8.82886114859001e-18,2.6191843512541375,2.619184351254137,1.695524828702571e-16,0.0,2.223276817641131e-16,0.0,2.95379296715531e-16,7.646182586753122e-16,0.14241042640790794
536,9.96950640004264,-6.344056075506126,-0.18060841412808393,2.0739059159599412e-16,2.8905373491785684e-17,3.5108334685767007e-16,1.0022729380541282e-16,5.757743722789738,5.75774372278974,3.085161349521773e-16,3.085161349521773e-16,1.5716694256171518e-16,0.0,2.2441376920970824e-16,3.777032760061488e-16,0.10030586870336135
537,4.641036393748321,-3.04098090711019,1.164585262448384,0.0,2.7397820200354686e-17,2.220446049250313e-16,3.663474828361862e-17,2.107015396864123,2.107015396864123,0.0,6.323008514949657e-16,1.1921034996298248e-16,2.220446049250313e-16,1.7238002510575955e-16,3.915535293009668e-16,0.21546911404251112
538,18.239755814972433,-2.028337704455592,0.9039877970233969,2.1406063540676945e-16,8.368664229779084e-17,3.1401849173675503e-16,4.449557262054371e-16,7.803447863981265,7.803447863981263,3.414561493258889e-16,4.552748657678519e-16,1.5279053323798457e-16,0.0,1.6415226452865334e-16,8.76594386557735e-16,0.054825295368215954
539,2.499786982418563,-4.840755695031099,-1.4097237668310834,1.6555685999302065e-16,2.274647865159943e-16,3.3306690738754696e-16,2.2207993857393104e-16,8.359276322051665,8.359276322051663,2.1250127056025695e-16,4.250025411205139e-16,5.562153933386407e-17,0.0,2.6061725839890615e-16,1.770728450381477e-15,0.4000340857173734
540,12.869392248046706,-0.9200730510934078,0.19050171637632318,1.8674320485111026e-17,1.0932189022724662e-17,5.551115123125783e-17,2.221595706387332e-16,3.239070145992679,3.2390701459926774,5.484156746645107e-16,2.7420783733225535e-16,1.4706119339214612e-16,1.1102230246251565e-16,1.714746023644815e-16,1.2611316694669596e-16,0.07770374705548089
541,50.727362140726974,-7.3184537871451045,0.5157834014566832,0.0,3.507377840200355e-17,2.989366980140908e-16,1.336885555457667e-15,2.8452641586546443,2.8452641586546434,3.1216026708750017e-16,1.0925609348062506e-15,1.745229847803086e-17,0.0,1.1962518391326794e-16,1.0413162106193617e-14,0.019713226901598498
542,3.831786307937772,-1.2727299726641168,0.7449252798880196,1.364668588225631e-16,1.582532718347052e-16,2.2887833992611187e-16,1.672430282749143e-17,1.57374900762242,1.5737490076224199,1.410927688275341e-16,1.410927688275341e-16,1.2680377852501884e-16,0.0,1.7880236753221948e-16,3.80014571697884e-16,0.26097488733347074
543,10.309549030679381,-5.778788354117076,-2.8195130176853977,4.855509121443561e-17,1.381413547243459e-16,3.469446951953614e-17,6.672617797047883e-16,5.890886860486736,5.8908868604867415,9.04629581998191e-16,1.5077159699969849e-15,4.6196444071236447e-17,0.0,3.2961024761500443e-16,7.541528257019405e-16,0.09699745323720464
544,7.536591193878328,-1.854774670145277,1.3669492206493414,3.4790719871895436e-17,6.173304698796295e-17,2.2887833992611187e-16,4.577566798522237e-16,0.5407419262815195,0.5407419262815194,1.1102230246251565e-16,4.440892098500626e-16,1.4590013945226608e-16,0.0,7.552932686307634e-17,7.67487544329309e-16,0.13268598153662164
545,38.861935188477915,-3.9318317990265155,2.162532389866803,2.5624937784595243e-17,0.0,6.938893903907228e-18,1.0765140556894047e-15,9.325612387213516,9.325612387213532,1.714333696361062e-15,5.714445654536874e-16,1.1968095604852064e-16,0.0,6.519353755184876e-17,4.776109723737868e-16,0.025732120522310095
546,24.746554021049526,-2.8368778999181394,3.2514741822641544,4.1258074759765476e-17,1.836846626946508e-16,1.1102230246251565e-16,1.1226435567921847e-15,10.5638847205959,10.563884720595905,5.044612525741518e-16,1.0089225051483037e-15,1.2494404284235484e-16,0.0,2.90728934198756e-16,7.909508789384007e-15,0.040409666701455196
547,5.4335771660792735,-2.9659362634710855,2.7339526703257584,1.279036069689909e-16,1.4856748423444513e-16,1.1102230246251565e-16,2.238665362868205e-16,1.4901689676637857,1.4901689676637857,0.0,2.9801265459599795e-16,1.004512453913008e-16,2.220446049250313e-16,2.543746650291354e-16,2.336187718741953e-15,0.1840408205192696
548,72.37818881724706,-0.9036572878121789,-0.6302178820570391,4.0606989909980865e-17,1.316616438836945e-17,1.2412670766236366e-16,6.759835206844788e-16,3.009665587864874,3.0096655878648573,5.60706479894139e-15,2.951086736284942e-16,2.528896529294534e-17,0.0,1.6956218823160562e-16,4.300742930834711e-16,0.013816316991891505
549,46.111326234843396,-2.7399924523236447,-0.042622900814533016,9.665469268092507e-17,2.907475507072748e-17,0.0,1.2994827337208935e-15,7.617134093536329,7.6171340935363405,1.5158351309450476e-15,6.996162142823297e-16,1.6881590796236091e-16,0.0,1.413697952375534e-16,1.6552363822118164e-14,0.021686645812498604
550,10.320834811105918,-2.6109417075400727,0.3933474086328681,7.227059162893048e-17,1.0055720085129443e-16,3.3766115072321297e-16,1.857055569855019e-16,6.216137134451181,6.216137134451182,2.8576538788941695e-16,0.0,1.436210786325344e-16,0.0,4.034229550317468e-16,7.259657534855854e-16,0.09689138701492661
551,20.639828509661363,-4.285394556223128,1.0255669460609746,2.7564600692600334e-17,4.391974469533881e-17,1.1631705747361534e-16,1.1120844969102244e-15,15.924443552869462,15.924443552869413,3.123373908675422e-15,1.1154906816697935e-15,7.890460765142955e-17,1.1102230246251565e-16,3.9320406287746966e-16,1.1336067496841116e-15,0.048450014956858155
552,2.264966852890196,-1.7106698764540065,1.8135743010294942,6.88882542732408e-17,3.092543505683586e-17,2.482534153247273e-16,1.5991543827918646e-17,7.610867534697096,7.610867534697098,2.333974190592646e-16,2.333974190592646e-16,1.501111605912816e-16,1.1102230246251565e-16,4.0576294506634564e-16,8.846967907317223e-16,0.4415075649888459
553,18.538130718508434,-2.7595946176355413,0.3381402617659765,3.2227918791740453e-16,4.362438849787382e-17,4.47545209131181e-16,4.577566798522237e-16,0.8816130218148963,0.8816130218148963,0.0,0.0,1.499406092525545e-16,1.1102230246251565e-16,1.3218934574880874e-16,3.0710484514770955e-15,0.05394287132745381
554,33.43386450628937,4.395360929444485,-3.0538699086621954,1.8932774278141577e-16,1.4423465271721658e-16,3.3306690738754696e-16,1.2412670766236366e-16,2.596376035861422,2.5963760358614216,1.7104194604951486e-16,1.197293622346604e-15,5.655436191789603e-17,0.0,9.601633401817606e-17,1.135916873705398e-16,0.02990979399979462
555,12.033119626013217,-0.9905154711366837,0.11611906175902398,2.0281546533395553e-16,0.0,3.5108334685767007e-16,9.036560719766055e-16,30.517304211902232,30.51730421190227,1.2805800340504438e-15,8.149145671230096e-16,1.5523113063888526e-16,0.0,1.4850625890386478e-16,1.51691701125691e-15,0.08310396896896277
556,15.625127858639198,0.6965331167244829,-0.9674172226008984,4.158219886804768e-17,1.7344750933206774e-16,1.1443916996305594e-16,1.2212453270876722e-15,5.108293158799475,5.108293158799462,2.4341785972839597e-15,1.0432193988359828e-15,4.494602802323929e-17,0.0,1.086598597948152e-16,3.3318708188657573e-15,0.06399947629530096
557,2.8168628660381088,-4.2045265900679585,1.126206115328403,2.1063372845054618e-16,6.071630948013249e-17,2.2887833992611187e-16,2.2209591491930593e-16,3.613918355334281,3.613918355334281,0.0,2.4576604460063135e-16,6.767499480822376e-17,0.0,1.288797669383002e-16,1.452415269353562e-15,0.35500485737400833
558,82.43105635546095,0.9102107024942134,2.087451457600462,1.5004416990221784e-16,1.8248820076183023e-16,2.482534153247273e-16,2.7755575615628914e-16,27.22513038247867,27.22513038247868,3.914817261356729e-16,1.3049390871189098e-16,2.5769772015367794e-16,2.220446049250313e-16,2.1048278424870175e-16,4.894976617051696e-15,0.012131350054372523
559,9.030906349202162,-1.8989146193558981,-4.8681676196377595,6.094602614507424e-17,1.3820991804828589e-16,2.220446049250313e-16,1.1102230246251568e-16,1.511518905376101,1.511518905376103,1.3221147530589658e-15,2.9380327845754793e-16,1.3170732045092218e-16,0.0,8.480047090572057e-17,1.5042100898563605e-15,0.11073085705161127
560,12.565123033499841,-0.048939129200889754,-0.22260005942915306,1.120575250205403e-16,0.0,2.7755575615628914e-17,8.92706240065243e-16,12.927863091228561,12.927863091228552,6.870264740835214e-16,9.6183706371693e-16,1.3619055731040978e-16,0.0,1.5347306741976394e-16,1.645221045013286e-16,0.07958537272845793
561,5.2492188486806,1.0739638488811698,1.346050433294269,1.1355946129662142e-16,7.455323308160709e-17,4.47545209131181e-16,4.577566798522237e-16,5.422013739630432,5.422013739630434,3.276193910053293e-16,4.914290865079939e-16,5.941470751117739e-17,0.0,1.730488750797301e-16,3.434461444294822e-16,0.19050453578466184
562,6.7298659541342944,-2.166448284110185,1.2670284119865198,6.839259416625172e-17,7.852027155225138e-17,2.2887833992611187e-16,1.1855923924157334e-16,7.908413588424256,7.908413588424259,3.36924116234958e-16,1.12308038744986e-16,7.317667105205995e-18,0.0,2.539130640534818e-16,5.135846978775511e-16,0.14859136969670053
563,5.279065493445788,-1.3577752673331456,0.30663666713180704,2.4720453890337746e-16,7.444593438087391e-17,2.220446049250313e-16,0.0,2.0746137626068055,2.074613762606806,2.140587408868112e-16,8.562349635472448e-16,7.339069846623836e-17,0.0,1.45203078256513e-16,2.751633087758583e-16,0.18942746613800177
564,9.812192566235282,-2.938269195392529,-0.09071386690937827,5.159078320931007e-17,8.3422513113512e-17,2.2247786310271853e-16,4.531581184534698e-16,4.092655600322367,4.092655600322372,1.3021057813369383e-15,2.1701763022282304e-16,6.500413588747717e-17,0.0,8.007271157407314e-17,9.146189667543054e-16,0.10191402107630004
565,13.491944215862588,-0.34329720592329693,-0.22915374328063154,1.9128856060503e-16,4.9098998790087786e-17,4.440892098500626e-16,6.665839477026024e-16,0.4110449670306255,0.4110449670306253,1.6653345369377348e-16,7.216449660063518e-16,1.544070604889512e-16,2.220446049250313e-16,8.26867723986927e-17,1.7763568394002505e-15,0.07411830229955618
566,5.270584949933829,-2.640839207294017,-1.4157225003506981,2.677483410434331e-17,0.0,2.482534153247273e-16,1.3334236103572998e-15,16.738335996182215,16.738335996182226,6.367503340136366e-16,1.2735006680272732e-15,1.753924501044684e-16,2.220446049250313e-16,1.8409748412488522e-16,1.155583631853262e-16,0.1897322611245562
567,5.532505211045187,-0.9304971918495694,-2.1191310805659036,7.51254559300242e-17,1.5018707871630187e-16,3.3766115072321297e-16,4.442352763439597e-16,2.4194401326314576,2.4194401326314567,3.6710080473622423e-16,0.0,1.3260035049427854e-16,0.0,9.974707426575726e-17,3.3140608140632996e-16,0.18074994272099149
568,2.5096081087353896,1.5520720957121867,0.6978128419282963,1.0168236150912265e-16,1.0467057812834955e-16,2.2301825219878386e-16,2.4832864864322238e-17,5.749315410737243,5.7493154107372435,1.5448420485704973e-16,0.0,7.957030938502245e-17,1.1102230246251565e-16,1.0852172314951056e-16,2.1477911935372782e-16,0.3984685881908102
569,2.0745038961169158,-1.5310688513375377,-0.15700268000350698,1.5240459654162098e-16,3.5578949517206194e-17,5.551115123125783e-17,1.1511180498428183e-16,9.448906664565412,9.448906664565413,1.879960192708657e-16,1.879960192708657e-16,7.886426907456919e-17,0.0,1.505810704865405e-16,1.380754484244733e-16,0.4820429606672768
570,6.196862899446279,-1.981447265176242,-0.38387881280768216,5.593917639145824e-17,1.5303606677022489e-16,5.551115123125783e-17,5.551115123125783e-17,0.7040959144448768,0.7040959144448771,2.220446049250313e-16,0.0,1.161599167238167e-16,0.0,1.0363552462769215e-16,2.8334666040690424e-16,0.16137197421123392
571,3.372262689159528,-2.2410733212252985,1.8797937911731437,9.318970919649306e-17,9.620334017046879e-17,2.482534153247273e-16,1.1102289380211607e-16,5.938326421443495,5.938326421443493,2.9913425321076433e-16,1.4956712660538217e-16,2.6929582565761934e-17,0.0,2.0288985334993188e-16,1.4402904383251036e-16,0.29653680397277526
572,6.101134339309176,-5.356027933880092,-4.20564988466617,3.023321831921547e-16,9.462559356057121e-17,3.5544479789666735e-16,2.775557561562892e-16,12.11506563491037,12.115065634910367,1.4662378999264847e-16,5.864951599705939e-16,1.2302168428321009e-16,0.0,1.8290513056235344e-16,1.6234634253826292e-15,0.16390394709997796
573,15.134130878847643,-4.034975139256662,1.1051411443756902,3.902679048140836e-16,1.2397322596361675e-16,4.652682298944613e-16,2.220446049250313e-16,0.7569061318586429,0.756906131858643,1.1102230246251565e-16,1.1102230246251565e-16,1.2216809976159306e-16,1.1102230246251565e-16,1.239395542683789e-16,1.7540128234723783e-15,0.06607581287655666
574,4.515838639370219,-1.7346071501752212,-2.2149862973194763,2.7614350827473965e-16,2.250086392313028e-16,3.3766115072321297e-16,2.240314142579524e-16,11.843031690960794,11.843031690960792,1.499917323328668e-16,2.999834646657336e-16,1.3124398879095183e-16,1.1102230246251565e-16,2.0181506495277294e-16,8.65204959980813e-16,0.22144281048524372
575,45.919981106458536,-1.00235320510958,-0.9606757239690451,6.448945481413428e-17,1.3871691293141694e-16,0.0,1.3323948059860902e-15,2.5407769591262324,2.5407769591262377,2.0974176812566054e-15,1.3982784541710703e-15,1.230715210785657e-16,0.0,3.5059635085218517e-16,1.0138734164166698e-14,0.02177701244435544
576,48.47584507188946,-0.2548906852672017,-3.899933193588692,2.2777507390064042e-17,0.0,1.1102230246251565e-16,1.3329127163066279e-15,3.200867407132722,3.2008674071327095,3.884727573561177e-15,1.3874027048432773e-15,7.979737805355798e-17,0.0,7.192911824622734e-17,5.716594944519374e-15,0.020628830678803337
577,3.4115858604122162,-4.8244746957996405,-1.2945528942541897,2.4251661019464986e-16,8.954419037121383e-17,2.618455766672135e-16,4.440922606494226e-16,2.522991458216604,2.5229914582166053,5.280507887616518e-16,5.280507887616518e-16,1.0059897199883609e-16,0.0,1.4454826123424652e-16,4.336851403441455e-16,0.29311881362973363
578,5.6530519155807175,-0.786561876635409,1.9697510150452882,1.8593411640022593e-16,0.0,2.2887833992611187e-16,4.47545209131181e-16,0.44591644497882565,0.44591644497882554,1.1102230246251565e-16,0.0,5.776984486626154e-17,0.0,6.361010974984352e-17,0.0,0.1768955981535998
579,18.308205249786543,-1.3615960297010574,-3.816182776990349,7.300221722276022e-17,1.5270546090611914e-16,2.0014830212433605e-16,4.443181642968945e-16,10.48767105724477,10.487671057244697,6.944404531557047e-15,6.775028811275169e-16,1.0016516713456354e-16,2.220446049250313e-16,1.8391981510745298e-16,1.6690946535310036e-15,0.054620318395856814
580,1.8643359910156208,-1.2802433358172511,0.3625032790276142,8.78135717934658e-17,2.974015519457296e-17,2.237726045655905e-16,2.2206127202000335e-16,0.8301688357809791,0.8301688357809793,2.220446049250313e-16,2.220446049250313e-16,9.110719421231133e-17,2.220446049250313e-16,2.84497560803148e-16,3.1594619318580637e-16,0.5363840020356192
581,37.6222115095866,-8.3170763267046,4.060643184332603,1.0867921663715273e-16,1.3184755550754394e-16,1.1443916996305594e-16,1.3843349877925345e-15,26.12892999651451,26.12892999651443,3.1272774898670405e-15,1.0877486921276663e-15,1.6885677798080543e-16,0.0,1.791829826601847e-16,1.5934734205700412e-15,0.026580043008511328
582,2.5758324019601186,-7.022259200302495,-0.06537502127544,4.458713724810167e-16,5.5061991894555364e-18,4.440892098500626e-16,2.2360216836626263e-16,13.728111986876154,13.728111986876147,5.175822694623756e-16,3.881867020967817e-16,2.1149368378582135e-17,0.0,3.761605660300974e-16,9.575903355220587e-16,0.38822401614291124
583,5.632834536527395,-3.3171060485497814,-0.9754210778026405,3.305806621786072e-17,2.866980097557249e-17,1.1102230246251565e-16,3.641038423279501e-17,2.302884791417836,2.302884791417835,3.8568078742371355e-16,0.0,6.548335038271306e-17,0.0,7.988732305643686e-17,1.06704566339331e-15,0.1775305121276449
584,5.237144923273919,-2.2183590892747533,-0.07654985217586763,7.96116417521272e-17,2.1114929151920073e-17,1.570092458683775e-16,4.440892098500626e-16,4.2976581222651085,4.29765812226511,4.1333135136957106e-16,4.1333135136957106e-16,2.5356699884871977e-16,0.0,2.9527706266069355e-16,1.1381685445818108e-15,0.19094373263493014
585,2.695363655329171,-2.901047749104546,-0.4898997288565623,2.7016316385737473e-16,3.7909479269488804e-17,4.444278938805073e-16,2.221222099346223e-16,3.5599237760686906,3.5599237760686906,0.0,7.484809863100176e-16,1.7041310160602548e-16,0.0,2.3987820452909697e-16,1.6077306941496561e-15,0.3710074512664881
586,2.1856902960252316,-7.498220453295752,1.4126192019375698,6.497968482722174e-17,3.104332178450344e-17,2.220446049250313e-16,1.1158170340884455e-16,0.5222405393325766,0.5222405393325765,1.1102230246251565e-16,1.1102230246251565e-16,1.3226401662121003e-16,0.0,3.3214534710849813e-16,5.813971991619649e-16,0.4575213614749267
587,34.79947453252735,-3.390107362920551,-3.858944015862607,7.815313469336538e-17,3.8969013841892164e-17,2.272951182013983e-16,1.4211054151842073e-16,5.806222321512246,5.8062223215122355,1.8356412218169354e-15,3.059402036361559e-16,1.186568604850269e-16,0.0,1.9384905315411455e-16,7.571550991294e-15,0.02873606608816122
588,10.106348580772256,-0.8873257263026976,1.319594694071637,1.1696467114055889e-17,6.459632291838163e-17,2.775557561562891e-16,4.47545209131181e-16,2.029799773347885,2.0297997733478845,2.1878473713572076e-16,2.1878473713572076e-16,2.3219394097062566e-16,2.220446049250313e-16,4.125055735273997e-16,3.3306690738754696e-16,0.09894770519814935
589,5.147565297068126,-0.8585628546817847,-0.07327574058694486,9.195454931257663e-17,1.7079231571917096e-17,3.3766115072321297e-16,2.229449681259182e-16,2.906537543145088,2.906537543145088,0.0,1.5278977245534745e-16,1.2761292391191433e-16,0.0,1.5405211885018092e-16,1.2597522535915437e-15,0.19426659834107646
590,21.22580637563383,-3.623598635604555,3.0421868499699816,5.3907224669346916e-17,0.0,2.0014830212433605e-16,9.33597582244318e-16,7.497065437890521,7.497065437890518,4.738805747706188e-16,4.738805747706188e-16,2.148032534458795e-17,0.0,1.9445932749257473e-16,1.8633692211752752e-15,0.0471124621747227
591,13.238590823551922,-4.466115357122047,0.8738293641679526,2.370622089978858e-16,1.077027060427801e-16,3.3306690738754696e-16,4.44244100259631e-16,2.0351364904433358,2.0351364904433358,0.0,1.0910551010593936e-15,2.3517318994560347e-17,0.0,1.0507510973072675e-16,8.846773841305151e-16,0.07553674052837749
592,3.369567288598264,-0.3891412627805312,-0.06404409071360112,1.1310430672968915e-16,2.7755575615628914e-17,2.2887833992611187e-16,1.7134817929783648e-17,0.6276310351970947,0.6276310351970948,1.1102230246251565e-16,1.1102230246251565e-16,5.572114440686695e-17,0.0,1.8305261786118614e-16,1.2212453270876722e-15,0.296774011127108
593,3.102268719770322,-3.2279024956314766,2.0891953355364823,2.46736498464752e-17,8.962779425698475e-17,2.482534153247273e-16,1.447763842989095e-17,1.254240669448702,1.2542406694487023,1.7703508611519542e-16,3.5407017223039083e-16,9.425663674643101e-17,0.0,1.6454310957879432e-16,1.4455065565844432e-15,0.32234473874785285
594,55.15143733497382,-2.093388615646444,2.3072993823044645,1.5976175441762537e-16,2.0892910970981642e-16,1.570092458683775e-16,1.903838269217419e-15,23.963901779146667,23.963901779146333,1.3935755908407789e-14,1.779032669158441e-15,2.0744990735024478e-16,1.1102230246251565e-16,2.7393594853486877e-16,6.377568691696909e-15,0.01813189371524678
595,2.771716217355025,-5.210038452025371,0.918249764556655,3.554759422854435e-17,0.0,0.0,1.1221983042323197e-16,4.216306352443308,4.216306352443309,2.1065319866651403e-16,2.1065319866651403e-16,1.452598543911951e-16,0.0,1.5465667474241124e-16,0.0,0.3607872962385279
596,3.9494754800745877,-0.06814690637198637,-0.1512664902387716,4.2535829381046504e-17,8.56794085996588e-17,2.2887833992611187e-16,2.2415651088607757e-16,5.004800335203669,5.004800335203669,0.0,7.09861221397941e-16,1.3067540146248464e-16,1.1102230246251565e-16,2.4254740823579585e-16,4.440892098500626e-16,0.25319817911139675
597,12.59757046238986,-6.75690748547355,1.6681546708189259,2.084589931412617e-16,1.0332694296459796e-16,1.2412670766236366e-16,5.236911533344271e-16,12.117109113355305,12.117109113355312,5.863962510471661e-16,7.329953138089576e-16,7.930990759183083e-17,0.0,2.0288664160640116e-16,3.4032379361512745e-16,0.07938038552636065
598,11.524587469517941,0.1152486667438008,-1.325376198179966,4.1661794973158994e-17,1.042862683351677e-16,2.0014830212433605e-16,2.3604738545605315e-17,9.836386702549767,9.83638670254977,3.611807654816554e-16,0.0,1.431271636581823e-16,1.1102230246251565e-16,2.3322931550047187e-16,2.1481047475394686e-15,0.08677100179463769
599,2.4176447402152097,-3.8990542556637617,-2.573151051823291,1.6874833437093392e-16,2.769953353757557e-16,1.1102230246251565e-16,2.2159080447746463e-17,4.02971879070132,4.029718790701326,1.3224422831929907e-15,2.2040704719883177e-16,3.293337396730262e-17,0.0,8.708438907959317e-17,1.785564090566796e-15,0.4136257008178069
600,3.4254205989887603,-2.9060685078127597,2.8319950860673377,1.0982517184849267e-17,3.413518906847828e-17,3.3306690738754696e-16,2.371309219705659e-18,8.823866939999002,8.823866939999,2.01312740942176e-16,2.01312740942176e-16,1.1532184673134913e-16,0.0,6.576490351693235e-17,1.2733014414380594e-16,0.29193495254136564
601,91.0562721547221,-1.1855513243035742,-0.2759656404754897,8.326656370213029e-17,3.937310537948094e-17,1.1188630228279524e-16,1.5982970556924728e-15,26.522094021078964,26.522094021079283,1.2055768705062352e-14,2.679059712236078e-16,4.32317519059921e-17,0.0,2.0399917667056972e-16,1.3898835507707473e-16,0.010982219855218744
602,7.8868348589998405,-2.06333845276217,2.3110226202132003,2.885116654778182e-16,3.296723055730074e-16,2.237726045655905e-16,9.843815537139967e-18,1.3553956776547205,1.3553956776547202,1.6382271877186547e-16,6.552908750874619e-16,1.0405861827359108e-16,0.0,1.99123122643518e-16,1.8090782954518285e-16,0.1267935766220437
603,2.4449394751774367,-0.3511537371365702,-1.5299242709669327,4.4722865270149236e-17,3.9743990014355786e-17,2.220446049250313e-16,8.046805950046152e-18,1.594586126794606,1.594586126794606,0.0,0.0,8.590554608528944e-17,0.0,3.1707076702404783e-16,5.338223642476438e-16,0.4090080798124572
604,6.867566807614527,-4.0343026532345005,1.2818816319708657,1.3229822088901316e-17,1.0642663142049751e-16,1.2412670766236366e-16,4.639921664874686e-16,9.389510261833005,9.389510261833,5.67555747807492e-16,3.7837049853832804e-16,3.838624428482868e-17,0.0,3.549907046899013e-16,5.244293340591218e-16,0.14561197990694952
605,56.57984525629921,-1.0407958780787157,0.8551479734104015,1.7006171837844019e-16,7.447483229756739e-17,1.2412670766236366e-16,1.0626476611569575e-15,13.07592232487206,13.075922324872067,5.433977948986114e-16,9.5094614107257e-16,1.2612799156429974e-16,0.0,2.1368492925440612e-16,1.0631848962380837e-14,0.017674138122326193
606,5.724066172060346,-6.785164836468816,3.7378018479203208,2.1000996201801796e-16,8.884117333879415e-17,2.482534153247273e-16,2.220454909561139e-16,19.554989837566048,19.55498983756605,1.8167811429774165e-16,1.8167811429774165e-16,1.6551260097610385e-16,0.0,2.3330078599191535e-16,6.523330137390404e-16,0.17470098526831876
607,8.574081088693179,-1.6382026593012513,0.92733321728241,2.597925078241182e-17,0.0,0.0,1.1381868137092923e-16,25.032186982438727,25.03218698243871,7.096291029810737e-16,2.838516411924295e-16,2.799943293538568e-16,2.220446049250313e-16,1.0464113176923173e-16,6.77634214926579e-16,0.11663057412866351
608,17.391386719017117,-0.34273900358764653,2.4043558666918012,1.865537144857951e-16,5.011214693160271e-16,4.577566798522237e-16,3.3785967267937316e-16,5.862434922900549,5.86243492290055,1.5150333118933496e-16,3.030066623786699e-16,1.2417549372709757e-16,0.0,4.653871390081782e-17,3.3306690738754696e-16,0.057499727661539414
609,16.66451486149416,0.7920455059662579,-0.39144473060950497,6.810066475242672e-17,3.157523977204594e-17,0.0,2.1165568372885514e-16,5.173306264726697,5.173306264726694,5.150546135781779e-16,1.7168487119272596e-16,8.823132933562067e-17,1.1102230246251565e-16,7.557637008561816e-17,4.287590041481859e-16,0.06000774749889032
610,4.085205321702233,-2.6855439537729744,-1.8175968586509381,6.570482779995656e-17,0.0,2.7755575615628914e-17,2.2204480509963523e-16,16.35972890119506,16.35972890119507,6.514864091435487e-16,2.171621363811829e-16,3.167566757090067e-16,0.0,3.9432199783139997e-16,7.225121692123358e-16,0.2447857381090741
611,5.514172546560383,-1.93237085567827,-2.4153195775532357,4.6800481731533944e-17,5.223603411129673e-17,2.2887833992611187e-16,3.331522415298748e-16,2.4984733814511277,2.4984733814511286,3.554884459822686e-16,7.109768919645372e-16,1.5120758376514567e-16,0.0,2.2160903085777598e-16,4.1750065939530115e-16,0.18135087205854095
612,27.832106474425153,-0.3992965607156538,0.023269165144461035,2.206046078774555e-16,1.2212310119979258e-17,2.775557561562891e-16,7.468261590855955e-16,0.27177576678852744,0.2717757667885275,5.551115123125783e-17,6.661338147750939e-16,1.3960633533785111e-16,1.1102230246251565e-16,1.3246141254393256e-16,1.5543122344752192e-15,0.03592972745052429
613,12.129042721541051,-4.416936198762003,4.060313569899763,1.802372165366683e-16,0.0,1.2412670766236366e-16,8.95090418262362e-16,9.103562599777717,9.103562599777723,5.85382970654903e-16,5.85382970654903e-16,1.686206248286097e-16,0.0,1.4765732708970844e-16,2.0553180892508267e-15,0.08244673738546476
614,14.973540264961958,-4.415903539554545,2.81707120814747,1.819854536997421e-16,0.0,1.2412670766236366e-16,3.827537649633426e-17,16.92659838577282,16.92659838577284,1.2593364352946314e-15,0.0,1.640829940589873e-16,0.0,2.269673200830863e-16,1.6257688102129474e-16,0.06678447329787447
615,81.92109440855809,-2.0687826748525455,0.45081098925356666,1.0727282581153326e-16,1.1750934460193404e-17,0.0,2.0695281702688732e-15,11.36183385638486,11.361833856384896,3.1268840256839603e-15,9.380652077051882e-16,3.464776558778133e-17,0.0,2.5533856613126976e-16,2.111188235697667e-14,0.012206868172582035
616,16.92139825179596,-9.644879863055388,-4.2790592839847506,4.556892034908466e-17,1.4400820350685424e-16,1.1102230246251565e-16,3.985356195386347e-16,22.489997462014976,22.48999746201493,2.0535919535968045e-15,0.0,1.4855784437902756e-16,0.0,1.791218761003174e-16,1.5300580493170608e-15,0.05909677114856213
617,27.708351499443047,-0.2090289632687801,0.869919633076344,1.6653345369377348e-16,1.0504745670069421e-16,2.0014830212433605e-16,5.578801654593729e-16,3.1142190175975415,3.114219017597541,1.4260050668904283e-16,5.704020267561713e-16,3.1488725315968673e-17,0.0,2.6548901659261134e-16,3.8624065058239286e-16,0.03609020190248855
618,9.92290034557276,-1.1987881692329234,1.3566342366262432,6.262419391251478e-17,1.261413888116224e-16,5.551115123125783e-17,7.020191510779039e-17,5.379466908655088,5.379466908655087,1.651052854830512e-16,3.302105709661024e-16,2.3662829419114213e-16,1.1102230246251565e-16,2.0168989120975458e-16,1.9446232065305008e-16,0.10077698708786809
619,14.810223413723257,-1.1798226307592474,1.9532283076642296,2.73936859213015e-16,3.0842540580990865e-16,2.775557561562892e-16,2.220446049250313e-16,2.5545429689329526,2.554542968932952,1.738429203387255e-16,8.692146016936275e-16,1.3895726803601027e-16,2.220446049250313e-16,2.308565246788568e-16,7.387649375673302e-16,0.06752092605661694
620,72.6444746279453,1.7330377523021934,0.4641998523898422,4.912897327783766e-17,8.698776297093545e-18,1.1102230246251565e-16,1.8610729195778454e-15,12.024936275628994,12.024936275629045,4.283960194201751e-15,1.4772276531730176e-15,1.2417432149729324e-16,0.0,1.2739389668255908e-16,1.5118928837535397e-14,0.013765671857670553
621,2.7039783033811466,-1.6866730548203361,-5.721253248309449,1.1242849518008754e-16,3.2871676923514264e-16,3.5108334685767007e-16,2.4621851405610437e-17,7.644399901914625,7.644399901914625,0.0,0.0,4.693467662349008e-17,0.0,1.8090020996804465e-16,8.165512130573115e-16,0.3698254526486279
622,49.610377242253655,-0.5716738650905487,0.909457571909999,5.454809928113584e-17,2.989959631346564e-17,0.0,5.117875266520903e-16,40.70968723253629,40.70968723253626,6.981559270661407e-16,1.7453898176653518e-16,9.936057063203685e-17,0.0,2.3338967453002773e-16,2.4424906541753444e-15,0.020157073088101
623,27.167671569514088,-0.6809409489153068,-0.8432582655096795,3.5629886617297885e-17,2.202339740567126e-17,2.775557561562892e-16,1.6021483794827829e-15,5.235104853108879,5.235104853108871,1.5269237200768014e-15,1.1876073378375122e-15,1.1168620985643707e-16,1.1102230246251565e-16,9.873999316822794e-17,2.5702298526967383e-15,0.03680845439556621
624,15.965084559644115,1.0543808698361619,2.288678877946324,8.082690229901936e-17,6.518949337679454e-17,2.2887833992611187e-16,2.7755575615628914e-16,23.060877198076955,23.06087719807703,3.2352189647422428e-15,1.540580459401068e-16,3.094729414912753e-17,0.0,1.8507060646226983e-16,9.367166942785322e-16,0.06263668671870135
625,12.940414529820004,-6.656138895939863,2.374753927675446,2.005820387261982e-16,7.492671828989493e-17,1.570092458683775e-16,3.4924289466750046e-17,5.3952842813032085,5.395284281303212,6.584849831012718e-16,3.292424915506359e-16,6.66531762927969e-17,0.0,3.152755455992765e-16,1.3964606026350949e-15,0.07727727714561322
626,41.17468053427803,-2.285053441093653,-4.111691348415102,4.7863035293441014e-17,6.949431594653471e-17,0.0,2.7755575615628914e-16,3.753521377512779,3.753521377512784,1.3014395862020258e-15,1.183126896547296e-16,7.406373414712469e-17,0.0,3.550087227063848e-16,2.795107494330495e-15,0.02428677009813031
627,1.8990075769665915,-3.6896271348017664,0.09040900006759789,6.182692401881825e-17,0.0,5.551115123125784e-17,8.939116770224962e-18,1.8127948758911114,1.812794875891111,2.4497488146956654e-16,0.0,9.101457637137291e-17,1.1102230246251565e-16,1.6426078091841877e-16,8.602823417154391e-16,0.5265908425691306
628,29.77363474169975,-5.2523506828922875,1.288652274072157,1.1899857999261534e-17,0.0,1.1102230246251565e-16,1.1173927427290403e-15,30.000536762509135,30.00053676250917,1.1842167048291721e-15,9.473733638633377e-16,3.995144191689444e-17,0.0,1.1517169921605288e-16,3.053724417349333e-16,0.03358676253925966
629,10.854998210515921,-9.184315742362145,7.3699123531613155,2.7666034249920757e-16,2.639367489425491e-16,4.440892098500626e-16,1.1102230246251565e-16,16.94995650897277,16.949956508972775,2.096001648688483e-16,2.096001648688483e-16,1.204277845094838e-16,1.1102230246251565e-16,2.257563859755827e-16,1.5525492735483089e-15,0.09212346060372924
630,10.695392851171324,-1.4119145884628448,-1.4168074270430107,1.3449712081271507e-16,7.57413041937123e-17,0.0,4.742874840267548e-16,0.7572083192580608,0.7572083192580612,4.440892098500626e-16,6.661338147750939e-16,2.5268747854132697e-17,0.0,1.1777846076533749e-16,2.955750917154526e-15,0.09349820188142827
631,2.3049233776688527,-0.8502359017005078,0.09838449775360725,5.503525926974289e-17,1.562354036714614e-17,2.220446049250313e-16,1.1226911237960248e-16,10.071266683649183,10.071266683649183,0.0,0.0,3.45005186708548e-17,0.0,2.0833804001386286e-16,1.1838043968738116e-16,0.4338539014738867
632,7.347252212086247,-0.21924917695571686,0.6865649196566713,1.165614856584147e-16,2.751214401858965e-17,1.1102230246251565e-16,5.571763530619229e-16,0.9415541231165871,0.9415541231165869,2.220446049250313e-16,8.881784197001252e-16,3.2195505421759097e-17,0.0,2.1265318663499038e-16,1.4260878391472714e-15,0.13610530455930125
633,6.954949338840768,-3.1345338772504663,0.550114490318226,2.1773724515462329e-16,3.061726265813212e-17,1.2412670766236366e-16,1.1722395314840362e-16,0.7832871429552779,0.7832871429552779,0.0,0.0,1.2438858352447733e-16,0.0,2.197174105333024e-16,5.24163850408752e-16,0.1437824995238115
634,14.508082165580856,-1.921351404001809,-1.081007856238649,1.5345652143399095e-16,5.783845539008058e-17,2.2887833992611187e-16,1.2412670766236364e-15,1.3042182261547504,1.3042182261547495,6.810044530038178e-16,8.512555662547722e-16,1.2520696118823409e-16,1.1102230246251565e-16,2.3040516461522793e-16,2.231804726276054e-15,0.06892709791597114
635,20.853693489042705,-0.4423405315391272,-0.10237818914866756,0.0,3.1973620869119965e-17,2.2887833992611187e-16,6.75322301446426e-16,12.551679414951138,12.551679414951149,8.491406356113497e-16,7.076171963427914e-16,1.4539383359508488e-16,0.0,1.293401982319652e-16,4.440892098500626e-16,0.04795313600084431
636,3.3835930286166747,-0.9781428328742958,1.5837339749477746,6.273653173170098e-17,1.1632627838597485e-16,3.1401849173675503e-16,3.1966062955652344e-17,2.5385538679742035,2.538553867974203,1.7493787130247158e-16,1.7493787130247158e-16,1.6655573735103404e-16,2.220446049250313e-16,1.6394410205643733e-16,1.9509685866191045e-16,0.2955438173392957
637,57.03173191829061,-2.3546186349162195,0.4669735187126438,2.5609758824207066e-16,5.2685980013783294e-17,4.47545209131181e-16,2.4545759245143615e-15,24.21885843371867,24.218858433718655,5.867681482219229e-16,2.4937646299431725e-15,1.1927353641796337e-16,2.220446049250313e-16,9.135561127677535e-17,1.5444533564226833e-14,0.01753409841091392
638,34.48717909376817,-3.6524054872514653,-4.662174112328507,2.153350797428008e-16,1.6743146484229647e-16,2.3263411494723067e-16,2.3922189796176593e-17,19.752233945714043,19.752233945714043,0.0,1.7986389228502378e-16,1.5275054394504373e-16,2.220446049250313e-16,2.8761733148021665e-16,1.290552946435386e-15,0.02899628285866439
639,8.522193068498309,-3.4859847277878404,3.835023211678037,1.7825774361122948e-16,1.5808657130867508e-16,2.482534153247273e-16,6.541725542523133e-18,23.136374739465353,23.13637473946536,3.071106617875086e-16,0.0,2.1207493862803515e-17,0.0,1.6746046956943247e-16,1.4622497351953919e-15,0.11734068824331359
640,52.29776659906032,-6.239883236611155,-2.1150524078759663,4.109502842033149e-17,1.1838885483824143e-16,1.570092458683775e-16,1.5678687931428222e-15,11.231290769248906,11.23129076924894,3.0050668834087933e-15,1.107129904413766e-15,1.7844225683505885e-16,0.0,4.0951223370115163e-16,1.8041140529665816e-14,0.019121275439282194
641,2.1342320535725534,-0.7310616066026945,-1.216733292195832,4.019262130054894e-17,0.0,1.2412670766236366e-16,5.531158640629812e-18,3.178498162751515,3.1784981627515148,1.3971667973708377e-16,4.191500392112513e-16,2.833314729909845e-17,0.0,2.4658830059395614e-16,6.011861335157355e-16,0.4685526104464937
642,7.640567742747016,-0.05747446789361519,1.0136006796833381,4.1803233597928584e-17,4.644592805004985e-17,0.0,5.594315114139762e-16,2.1824423680481644,2.1824423680481635,4.069653488694204e-16,4.069653488694204e-16,1.8105194963390462e-16,0.0,2.870625030254915e-16,6.160192531462975e-16,0.13088032639318897
643,6.771465178983881,-1.4666313628502206,1.2220285078407778,6.582707633513684e-17,5.197170598573461e-17,3.5108334685767007e-16,2.775557561562892e-16,5.589324713804622,5.589324713804622,0.0,6.356248492820502e-16,3.302677499897602e-17,0.0,2.7195487636525644e-16,1.509604538050336e-15,0.14767852651795782
644,1.8163477979266642,-0.32775840400180895,1.533927039996885,1.442632726809647e-16,1.4346071104305835e-16,1.570092458683775e-16,1.3596524867679449e-17,1.4005762531498416,1.400576253149842,3.170760669769484e-16,0.0,1.574701336625361e-16,1.1102230246251565e-16,9.85314651750495e-17,4.073571897743256e-16,0.5505553513162436
645,10.001845911770713,0.1269202886229987,2.3119247716217695,8.70955823232868e-17,1.656090937136351e-16,2.220446049250313e-16,9.305364597889227e-16,7.554178699013267,7.554178699013271,4.702978073929545e-16,9.40595614785909e-16,7.986300906484171e-17,0.0,1.76902914790836e-16,7.551974770327668e-16,0.09998154428905649
646,3.870204014096531,-1.8829338159680629,0.27468297850108675,2.9254329181327065e-17,4.5861924952188636e-18,1.2412670766236366e-16,3.3804590983986867e-16,2.4882461497359016,2.488246149735902,1.7847479032458165e-16,1.7847479032458165e-16,1.5969601590191516e-16,1.1102230246251565e-16,1.4234596904146305e-16,7.24415068042524e-16,0.2583843116170823
647,1.4837285883399463,-0.6934651547814378,1.38239699378192,1.6388877461913565e-16,5.084820365203898e-17,2.2887833992611187e-16,1.1148193014404022e-16,2.4171403123095585,2.417140312309558,1.8372504384147186e-16,3.674500876829437e-16,1.5870654145646474e-16,2.220446049250313e-16,1.4497100492581545e-16,5.551115123125783e-16,0.6739777125402963
648,7.037994672475188,-5.877177482200691,1.8418832925921984,2.2553256336687316e-16,3.48643784561774e-17,0.0,6.666349361711486e-16,6.352011733010505,6.352011733010508,5.593052765216965e-16,5.593052765216965e-16,3.51668250202495e-16,2.220446049250313e-16,2.2099214585676652e-16,1.1156906181548317e-15,0.14208592738935819
649,56.30672593373585,-5.0741683399901545,-0.7522975322048862,2.200896951978125e-16,2.396254280275399e-17,2.2887833992611187e-16,2.433010126791218e-15,23.495122166821368,23.495122166821144,9.526273588843062e-15,1.3608962269775802e-15,2.1391670522990817e-16,2.220446049250313e-16,2.24113916530713e-16,2.7991096564827405e-15,0.01775986764311122
650,7.896112011669121,-4.485689163454663,1.0518828665182816,2.714641675981327e-17,2.3955619646903016e-17,1.2412670766236366e-16,5.5511151231257815e-17,10.526588404514424,10.526588404514426,1.6874952939533986e-16,3.374990587906797e-16,1.8601232470455477e-16,0.0,3.40275111870576e-16,5.924337753745293e-16,0.12664460667758531
651,58.99441135928968,9.739532567822716,3.304301438102141,3.191778830514523e-17,8.968779812595876e-17,1.1102230246251565e-16,1.2947314098277867e-15,19.335124601770364,19.335124601770666,1.5618242391383018e-14,9.187201406695893e-16,5.942845790462397e-17,0.0,1.2493202324070607e-16,2.4421138569758744e-14,0.016950758164352903
652,5.370520109380195,-0.4025273344711143,-0.9761444539087702,7.934192037207938e-17,1.1155946331180264e-16,2.482534153247273e-16,2.2331537307385247e-16,4.661252208024402,4.661252208024404,3.8109005051094007e-16,5.716350757664101e-16,4.378545814760851e-17,0.0,5.844817464694279e-17,2.031230687779178e-15,0.18620170479454812
653,7.811551396799478,-3.5915932236459756,1.0320826991722547,6.130970558964474e-17,5.790958536448246e-17,1.2412670766236366e-16,2.086313300080375e-16,1.8224221669144414,1.822422166914442,3.655211327367307e-16,2.4368075515782046e-16,5.4239157156159276e-17,0.0,4.644778061621235e-16,1.729609391456738e-15,0.1280155438021855
654,39.331947147759905,-1.6755162588371533,-0.8539857152759867,8.585784345349838e-17,2.4131294996813875e-17,1.2412670766236366e-16,1.784146017590271e-15,8.902163291427488,8.90216329142747,1.995421541088589e-15,1.5963372328708712e-15,1.2127340318477497e-16,1.1102230246251565e-16,1.324617887516875e-16,1.4576572825109486e-15,0.025424624828338616
655,19.597902480257392,-0.9162730315293217,-0.23102592199356514,2.56278422848401e-17,1.851166768167474e-16,1.1102230246251565e-16,2.0299247918864484e-17,0.9983295302886448,0.9983295302886457,8.881784197001252e-16,1.1102230246251565e-15,1.3864934998865038e-16,0.0,1.2225328739957006e-16,1.5312686560144293e-15,0.05102586876362506
656,2.2744802498499226,-13.03008025320322,0.05922700080643928,2.9418473727715e-17,7.910755055413526e-17,1.1102230246251565e-16,1.8874849906091906e-17,5.833973249582329,5.83397324958233,1.5224245667628188e-16,0.0,3.567055963124423e-17,0.0,3.7070813367260806e-16,1.3013026730590468e-15,0.4396608851916754
657,6.357981262027296,-5.473779421243436,-0.4281690634830712,5.690160943642689e-17,4.658154650801993e-17,1.2412670766236366e-16,2.237726045655905e-16,11.401273051801244,11.401273051801237,6.232135065371881e-16,9.348202598057823e-16,1.7709344764994136e-16,0.0,2.1545898872190858e-16,2.2203243399220934e-15,0.1572826277379025
658,3.0339231063299357,4.681044430199189,-4.147941913217283,7.41957138217792e-17,1.728735362881817e-16,1.7772239894833365e-16,2.2608890245292898e-17,1.603742120269326,1.6037421202693258,1.3845405824207075e-16,2.769081164841415e-16,5.56075469962795e-17,0.0,1.7350416495529745e-16,8.94850191576862e-16,0.329606244111333
659,75.28194246574309,-1.5869794919197189,0.5187512191645045,1.0457421105969832e-16,3.9522116394639404e-17,5.551115123125783e-17,5.912654255959596e-15,11.783644854529623,11.783644854529655,2.7134578056223045e-15,5.879158578848326e-15,4.19448501196247e-17,1.1102230246251565e-16,1.656046413882117e-16,3.498538464805793e-14,0.01328339794706416
660,3.3956514782523617,-0.44396847381131865,0.6422811986807649,1.6034354806634978e-16,1.0070839026238293e-16,1.570092458683775e-16,3.335893662700628e-16,2.2998143349958977,2.2998143349958995,7.723914110672847e-16,1.9309785276682117e-16,1.4520645387684673e-16,0.0,4.23864403649973e-16,5.551115123125783e-17,0.29449429848868647
661,28.24270028629672,-8.514604230586356,0.05284422108431405,2.02672180434908e-16,6.304407507739065e-18,4.742874840267548e-16,6.680804689108577e-16,2.2868170219767525,2.286817021976751,5.82586020983244e-16,1.94195340327748e-16,4.493539225589071e-17,0.0,2.7824773782119606e-16,2.2457328786298044e-15,0.03540737924713256
662,30.35423717906117,-3.1556030809155238,-2.0712050302364915,1.1055665438949253e-17,1.205981566170272e-16,0.0,3.113081990593338e-15,6.6356669263700185,6.635666926370007,1.7400390321305559e-15,2.5431339700369665e-15,1.465595683598123e-16,2.220446049250313e-16,1.781448982402102e-16,8.590432833827606e-15,0.03294432978503777
663,4.949590961565228,3.1800955520299894,0.4810961832148294,2.577982046290608e-16,1.8350852533723445e-17,2.220446049250313e-16,1.7702800016311889e-16,3.7667711560461563,3.766771156046158,4.715860788487156e-16,3.5368955913653673e-16,4.430112419454005e-18,0.0,1.213287704962443e-16,5.322036258432862e-16,0.20203689714266182
664,5.547286220697757,0.13479704817618762,-0.2748828671190148,1.6992353191963608e-16,2.0652752570997625e-16,2.482534153247273e-16,3.468210242875606e-16,3.2225262139832402,3.2225262139832407,1.378077881641624e-16,5.512311526566496e-16,5.3896555942904944e-17,0.0,1.7533096562092645e-16,7.739945731152129e-16,0.18026832584712282
665,8.721485376437698,-2.679310104631513,0.8618369124567664,4.6298946062650644e-17,4.7749060278204564e-17,2.2887833992611187e-16,8.831318644061467e-17,1.4889661546701247,1.488966154670124,4.473800916735233e-16,2.9825339444901556e-16,5.829690494415859e-17,0.0,6.908068778693e-17,1.6294966307941527e-15,0.11465936785282287
666,16.145881624988014,-4.5047192280535056,3.2209575291881194,2.7824581407290655e-16,2.2114709543134903e-16,2.482534153247273e-16,2.627083261704694e-16,11.497570794894273,11.497570794894258,1.2359875810908353e-15,3.0899689527270883e-16,7.41044372568621e-17,0.0,9.892405338336655e-17,1.8000791934597384e-15,0.061935298624533425
667,1.833870030326182,0.0712320048920834,0.22281382212181378,2.294358605243526e-17,1.8957365518894502e-17,5.551115123125783e-17,7.52157629726278e-18,7.5426929779750065,7.542692977975003,4.710139586981175e-16,1.1775348967452938e-16,5.612350887766432e-17,0.0,3.077970401008619e-16,2.3684781000606308e-15,0.545294913741588
668,28.12678202724006,-1.8770312731153014,1.3944768732080128,1.1804585460932553e-16,3.759017994360135e-17,0.0,4.577566798522237e-16,4.998105737914974,4.998105737914978,7.108120286151774e-16,1.066218042922766e-15,1.2451733131333124e-16,1.1102230246251565e-16,3.056290182242103e-16,1.8442645983356037e-15,0.03555330286385084
669,8.148775447830587,-4.210917254118026,3.30173651797014,7.30132185266085e-18,6.41069460033571e-17,1.1102230246251565e-16,1.1102230246251565e-16,3.334220190197641,3.33422019019764,2.6638265292475394e-16,0.0,1.449428164085774e-16,1.1102230246251565e-16,1.5628057983822794e-16,1.74545902858921e-15,0.122717825077169
670,36.88872813869887,0.34190912358199294,-1.2381793776349428,1.3238499138307675e-16,1.5538783460403698e-16,4.458011518422968e-16,8.95090418262362e-16,42.42047035561397,42.42047035561397,0.0,6.699998654456845e-16,4.006753690649802e-18,0.0,1.4539968508987713e-16,2.1368357572552615e-16,0.02710855186549176
671,14.889354427766769,-1.671869386154202,-0.673673082528712,1.2021229751377816e-16,1.1326157166964603e-16,2.2247786310271853e-16,8.96917464302345e-16,1.9683559106167499,1.9683559106167483,7.896499947452098e-16,2.256142842129171e-15,1.1455173451650966e-16,0.0,1.7263193854741054e-16,5.2987807638766285e-15,0.06716207911171149
672,74.28391345927383,-0.47588610981273116,-0.05406129797681312,7.972104979604588e-17,4.740373047485558e-18,2.2887833992611187e-16,1.125623937783745e-15,64.50974427122108,64.50974427122105,4.405800976501999e-16,1.3217402929505997e-15,6.243874367144881e-17,0.0,2.2678158668719033e-16,2.9118008860083314e-15,0.013461864802634886
673,2.6626270208550524,-3.621700243510695,-2.837576551418119,3.297019672470117e-16,2.0037802336507224e-16,2.220446049250313e-16,3.711925169464993e-17,1.7173261499867176,1.7173261499867178,1.2929670052875436e-16,0.0,1.128518856040677e-16,0.0,3.2987146731594786e-16,9.778152457340862e-16,0.37556893705633243
674,2.980989731724389,-1.1247730590521405,-0.23406966107302593,8.509048503377936e-17,5.685471978655672e-17,1.1102230246251565e-16,4.472541027331327e-16,5.192698320506719,5.192698320506718,1.710437165572627e-16,3.420874331145254e-16,6.839321404186145e-17,0.0,2.723138925562502e-16,3.313905981144081e-16,0.3354590555471445
675,3.597503653534562,-1.2521825208314825,0.0882163353282947,9.93617031448922e-17,2.6727482001700518e-17,1.2412670766236366e-16,2.226159527112048e-16,4.1715621517048875,4.171562151704889,4.2582533228571605e-16,2.1291266614285803e-16,1.737449648618514e-16,0.0,2.2309825390592944e-16,5.153487385747275e-16,0.2779705307644358
676,26.013125231367425,-3.475384477591915,-3.2078353837367577,2.196839091806613e-16,1.806046499111848e-16,4.441434166503682e-16,4.507904845940932e-16,18.655807191035287,18.655807191035297,5.713042018103125e-16,5.713042018103125e-16,3.014660960356164e-17,0.0,7.513199037317875e-17,5.627737525980213e-15,0.038442132235388726
677,22.98065827596222,-4.4472368270847396,0.688119863952979,9.9171266273277e-17,4.298663484542631e-17,2.220446049250313e-16,2.2404626435767197e-16,8.033191884129911,8.03319188412991,2.2112715157589575e-16,0.0,7.583785101166213e-17,0.0,1.3559665694872375e-16,2.2083017076519694e-15,0.043514854448102984
678,2.2797503382563757,-0.9193076911798685,-0.34372861714552894,9.285091554792316e-17,7.91005600348436e-17,2.482534153247273e-16,4.442664340673029e-16,5.122857223354412,5.122857223354413,1.733755950977982e-16,3.467511901955964e-16,1.5806512014349137e-16,0.0,2.1489616014948914e-16,2.283334838553857e-15,0.4386445231388068
679,18.63115328649533,-1.6801639472865046,-0.7273791800484537,2.3906981686906707e-16,1.7776654009117517e-16,3.723801229870909e-16,1.1591068670336378e-15,6.761386807687664,6.761386807687667,3.940811751918722e-16,1.0508831338449925e-15,1.0820593234253886e-16,0.0,2.7473697669795082e-16,2.17619154142761e-15,0.053673542620936904
680,3.778431016550198,-5.937205967625643,0.2118719563064062,2.822456024967202e-16,8.752390793721137e-17,3.5108334685767007e-16,6.67141823737031e-16,0.9999885742644481,0.9999885742644479,2.220446049250313e-16,8.881784197001252e-16,1.3287095835616618e-16,0.0,1.3283800929083364e-16,5.816732469305887e-16,0.26466011834537173
681,2.281711039176379,-2.4577794040525043,-0.0717308324426792,2.417011031850098e-16,3.381513706871265e-17,2.371437420133774e-16,3.0100975669191626e-17,10.437331667819038,10.437331667819036,1.7019262163309544e-16,0.0,1.333664624147692e-16,0.0,2.138452686810649e-16,7.220155497594779e-16,0.4382675907817703
682,2.4111659602826996,-1.2769780456176199,0.00692691573017902,8.302564841326125e-17,3.019713474057435e-17,1.2412670766236366e-16,4.448247501999533e-16,2.8793484508992773,2.8793484508992764,3.084650693884339e-16,6.169301387768678e-16,1.0478525217825162e-16,0.0,1.0544216987209079e-16,7.871262359896854e-16,0.4147371091298724
683,22.366192656489613,-0.8464570492237846,-0.06962844082486641,3.7954895908178674e-17,4.633983796625604e-17,8.326672684688677e-17,1.2412670766236366e-16,22.226744707548516,22.226744707548555,1.7582354492753697e-15,0.0,1.5239422095129166e-16,0.0,4.198679591363237e-16,4.337235379982232e-16,0.04471033650467682
684,14.948529991131146,0.06981157926973822,-0.7172810516821313,1.1004683841964715e-16,2.2263441098573774e-16,2.2887833992611187e-16,4.440892098500626e-16,2.999057932423683,2.9990579324236806,7.403811794511965e-16,2.9615247178047863e-16,4.241552711321603e-17,0.0,2.8381540237020855e-16,1.9846707860359847e-16,0.0668962099011261
685,36.305986668099955,-3.8256891767799273,1.4006591391262773,4.607688279715868e-16,2.331640408692398e-16,6.667118051786499e-16,1.176260205927154e-15,10.08167474900864,10.081674749008645,5.285898078317567e-16,8.809830130529279e-16,2.3790748792124702e-17,0.0,2.0170302815076533e-16,2.342113772892558e-15,0.0275436668101599
686,10.3804285589252,-0.7893115124494934,0.3326605238752631,1.1116630559433663e-17,2.4022031116907176e-17,0.0,6.662008915754769e-16,6.843367465710591,6.843367465710592,1.29786749601046e-16,1.29786749601046e-15,1.5137245655025918e-16,0.0,1.747793016343685e-16,7.216603910583715e-16,0.09633513629263486
687,4.607295413093819,-0.3162983195902381,1.3891812082874466,2.1463459049536647e-17,0.0,5.551115123125783e-17,2.220446049250313e-16,5.859170442125513,5.859170442125513,0.0,1.5158774240708444e-16,1.5339539280563442e-16,1.1102230246251565e-16,1.9387889281320897e-16,9.115242226295853e-16,0.21704707650350064
688,8.543020949820912,-1.7850474151992322,0.06208520343521862,1.1021010994043277e-16,2.776881653942859e-17,5.551115123125783e-17,2.220446049250313e-16,1.9121793154840463,1.9121793154840474,5.806061260233412e-16,1.1612122520466824e-16,4.8688448749092506e-17,0.0,1.2748848851166338e-16,3.650706404494925e-16,0.11705461169692764
689,11.211005690448648,-2.00791456383311,-3.125489034615227,1.0739955063271718e-16,1.2659544039007864e-16,1.1102230246251565e-16,2.220446049250313e-16,15.919584310503666,15.919584310503675,5.579155852167003e-16,2.231662340866801e-16,1.7809601741045374e-16,0.0,2.2745298429021637e-16,4.3282398472848455e-16,0.0891980637251808
690,41.65322461243649,3.6778340230493356,1.5988796762770756,3.797121849715091e-17,5.089235406160619e-17,1.2412670766236366e-16,2.220446049250313e-16,14.93718380324572,14.937183803245722,1.1892180365446556e-16,1.1892180365446556e-16,1.5381232899267282e-16,0.0,1.5677976771462225e-16,1.0218934949236616e-15,0.02400774512188184
691,4.263724646393575,-1.8660469212858513,1.041574804148483,4.5143094970050485e-17,3.684644172261595e-17,1.1102230246251565e-16,1.1748226037086548e-16,1.4009609368473577,1.4009609368473586,6.33978004910566e-16,0.0,4.85489177309887e-17,0.0,7.546928649486335e-17,1.0671709257038327e-15,0.2345367215131582
692,5.976571716769759,-1.5198545535988743,-0.07810250278833553,3.0954113832938594e-17,5.111294459666242e-17,1.2412670766236366e-16,1.642970597244761e-17,18.264195306910295,18.264195306910292,1.9451794174892142e-16,1.9451794174892142e-16,1.5508817639067708e-16,0.0,3.2474338436654273e-16,1.3285091551458706e-15,0.16732000340497608
693,25.429266805945403,-2.8906478082608364,-6.65289666489334,7.46125644168235e-17,5.955309951620638e-17,0.0,6.807220874041505e-16,15.17932985004402,15.179329850044027,4.68098883665829e-16,4.68098883665829e-16,1.2648305174811052e-16,0.0,2.5957752149138037e-16,4.815633683957086e-16,0.03932476730969855
694,6.610115268489027,-1.696083218302193,1.2356204084218612,4.634225975825046e-17,7.740061197579977e-17,1.1631705747361534e-16,1.1102230246251565e-16,6.957260123367618,6.957260123367619,1.276620974278317e-16,1.276620974278317e-16,1.2020753526138518e-16,2.220446049250313e-16,1.7460957167102396e-16,3.603135481485724e-16,0.15128329225468784
695,19.834788106010254,-2.6844438138999687,4.441806600709777,2.2615781283281323e-16,2.5434852661149595e-16,1.570092458683775e-16,6.684427777288335e-16,7.703703917700839,7.703703917700849,1.2682162659773158e-15,4.611695512644785e-16,8.575276979606456e-17,0.0,1.435090185298339e-16,2.5564924431323836e-16,0.050416470025052854
696,3.8850421825335064,0.04791605472189654,-1.7335107046879012,2.2609947433256336e-17,2.213657017782952e-16,3.3306690738754696e-16,1.695092437563138e-17,3.5037815848879186,3.5037815848879186,0.0,0.0,7.373927975330608e-17,0.0,2.4933030443167413e-16,7.120957724618993e-16,0.2573974626313792
697,12.668653660482931,-0.7761755289225145,1.195996095099386,3.320790935920944e-16,1.7251799475104056e-16,3.3766115072321297e-16,5.380350920698932e-18,8.223203397947378,8.223203397947369,1.0800881076610928e-15,2.1601762153221858e-16,1.7656571888614404e-16,2.220446049250313e-16,1.2557734286749487e-16,0.0,0.07893498605295986
698,32.15007274819855,0.5832109414006581,0.0371021198739141,5.2231925927426306e-17,7.8132133162124e-17,1.5700924586837752e-16,2.4732071290884357e-15,20.084040161151744,20.084040161151734,5.306771421926045e-16,2.299600949501286e-15,1.268950382428654e-16,0.0,2.645593097142348e-16,1.5114744070337734e-15,0.031104128685249356
699,11.29367073449363,2.1105890893711594,1.0715082778618403,1.3936194151149815e-16,6.05287445367613e-17,2.220446049250313e-16,4.450927137989184e-16,5.799374890369764,5.79937489036976,6.126028659916453e-16,3.0630143299582265e-16,8.35535991512708e-17,0.0,6.744451025457698e-17,0.0,0.08854517043300525
700,5.721040104299537,0.5968756557518206,-1.3913109182370413,7.020954421308166e-17,5.205599601064131e-17,5.551115123125783e-17,2.226263669976751e-16,8.547789009112494,8.547789009112496,2.0781477379782533e-16,2.0781477379782533e-16,2.3939568600501875e-16,1.1102230246251565e-16,5.886534531103633e-17,8.038914641741578e-16,0.17479339102140873
701,3.509593444280848,-1.8028130655841303,0.2810562057816679,6.651472363427283e-17,0.0,0.0,1.1113150831905275e-16,1.5699595400266455,1.5699595400266455,0.0,2.828666589984386e-16,8.840095428322232e-17,0.0,2.1901044258078436e-16,7.585520918661277e-16,0.28493328810765184
702,47.61565574130642,-2.644890011057626,-2.2684138359927686,8.383968548954608e-17,4.783626035805248e-17,1.570092458683775e-16,8.88316250271554e-16,2.701683613010024,2.701683613010022,8.218749370050958e-16,6.574999496040766e-16,1.8424521189030063e-16,0.0,1.0396955802581066e-16,5.806142467324957e-16,0.02100149592463702
703,4.558615083575199,-5.0023922239423895,-3.283339145411574,1.923997408034744e-16,1.416932279585094e-16,2.7755575615628914e-16,1.117195920218043e-16,10.078305383655941,10.078305383655938,3.5251101683840237e-16,1.7625550841920119e-16,1.287804700756626e-16,0.0,2.6817762651073454e-16,8.232982205704373e-16,0.21936486886182205
704,9.021532259352917,-9.467268009808521,-0.5475736043347805,7.988375272238232e-17,1.250640215922941e-16,2.482534153247273e-16,5.510876475149918e-17,12.260169146325495,12.260169146325488,5.795537788098605e-16,0.0,1.262452832875776e-16,0.0,2.912186942606228e-16,2.708958527305181e-16,0.11084591522280109
705,6.286350648524658,-0.12956706693064943,-0.2367305150520328,7.21780622467018e-17,6.234469420109704e-17,2.2887833992611187e-16,2.302791225338946e-16,7.574959945965649,7.574959945965649,0.0,4.690075860655398e-16,8.285816319030239e-18,0.0,1.8612891706235017e-17,8.535418503166227e-16,0.15907480443120045
706,75.3492039975111,-0.7428269369972264,0.13248439750521424,1.2051218174083926e-17,0.0,1.570092458683775e-16,4.22278771117794e-15,3.9224129634248546,3.9224129634248692,3.73620627448062e-15,4.302298134250412e-15,5.700953803677323e-17,0.0,1.1155748720953044e-16,8.881784197001252e-16,0.013271540334173815
707,5.552562529836232,-3.945497537065766,1.9652229586031265,1.227180468456312e-16,2.0470338001245825e-17,5.551115123125784e-17,2.7755575615628914e-16,3.162457070302587,3.1624570703025867,1.4042537178459522e-16,2.8085074356919045e-16,3.486894287970212e-17,0.0,2.051109953892343e-16,8.722568709966433e-16,0.18009702630570684
708,28.392600433427315,-1.3237926011363563,3.4527663308472785,6.049289487848541e-17,0.0,5.551115123125783e-17,4.440892098500626e-16,4.267705250432568,4.267705250432574,1.2486969473022076e-15,6.243484736511038e-16,1.1255232999176375e-16,1.1102230246251565e-16,1.2260110555757885e-16,7.77195165023743e-15,0.03522044422611477
709,11.967375182181032,-1.817165280712135,1.4691758323525919,3.2233070118303366e-17,0.0,5.551115123125783e-17,3.330940814406605e-16,3.7233360030213603,3.723336003021359,3.5781557948815206e-16,3.5781557948815206e-16,4.8876390193952764e-17,0.0,2.7454825187333764e-16,3.0530248307098884e-15,0.0835605122073035
710,17.36353929923503,-2.8573221030115694,3.9271827826425865,2.0269218249997576e-19,0.0,1.1102230246251565e-16,4.781087169350876e-17,4.808872880507376,4.808872880507376,0.0,1.8469575756521454e-16,1.6920912812081495e-16,2.220446049250313e-16,2.0446842125709613e-16,4.644279956715329e-16,0.05759194498117499
711,3.2031610974139335,-3.6427558410866183,0.591961954102954,2.9823237158971135e-16,4.711310281630333e-17,2.262401324646644e-16,1.1147594345445783e-16,1.5127557680833417,1.5127557680833417,0.0,1.467815291865397e-16,1.7392967244025462e-16,0.0,1.1097334448923875e-16,6.817456479002944e-16,0.31219160372775134
712,24.177248102434362,-7.324129742522664,-0.43283887589112224,1.3312337284104012e-16,7.638572220732578e-17,2.220446049250313e-16,2.4801910706875523e-16,16.450078568341393,16.450078568341375,1.0798470244506283e-15,2.1596940489012565e-16,1.8897403890418334e-17,0.0,1.8126805560242003e-16,3.499689655591475e-16,0.04136120023930269
713,4.593516470291652,-1.2574044237198214,2.8835592693147323,2.1703968041352025e-16,5.835999603312876e-17,1.1102230246251565e-16,4.457681812610168e-16,2.6515992805079214,2.651599280507922,1.6747975952271192e-16,1.1723583166589834e-15,9.712428965414414e-18,0.0,1.1144553245718419e-16,1.8456477408703896e-16,0.21769814181955313
714,27.76144394307267,-3.4035194869402785,0.7075913107320033,1.5571455696771614e-16,1.0344339758187335e-17,2.2887833992611187e-16,8.945335228057332e-16,12.988004654141141,12.988004654141095,3.5559948625118975e-15,6.838451658676726e-16,1.4706936077255905e-16,0.0,2.2020336661790147e-16,2.1831149582297736e-15,0.03602118110464727
715,26.499282839285662,-7.262938515273319,-1.8789966985146687,4.888110985463323e-16,1.9313695954465879e-16,4.577566798522237e-16,4.1495345674402507e-16,15.021691422727422,15.021691422727443,1.4190334146094916e-15,1.1825278455079096e-16,5.736784612440802e-17,0.0,1.610155835200997e-16,6.299800791733987e-16,0.03773687031701302
716,96.1919672419269,-0.5014438856898447,0.5424973278224452,1.7646720010345026e-17,4.209821910859371e-17,0.0,2.2377260456559052e-15,2.7527307171784567,2.7527307171784465,3.710516165933158e-15,3.226535796463616e-15,3.2826460465040515e-17,0.0,1.701241566141707e-16,4.102036513630216e-16,0.010395878457118967
717,6.74288398143605,-1.402118224147831,-2.23248619569161,2.418320528239755e-16,2.3801930293970845e-16,2.2887833992611187e-16,2.253656558867232e-16,8.272310392502238,8.272310392502234,4.294705481579329e-16,0.0,1.3707615795005762e-16,2.220446049250313e-16,1.6472524034909845e-16,2.5165309991005175e-16,0.1483044944497215
718,8.323776833594565,-1.8053479201061824,2.6401125194949264,1.8361438635473604e-16,0.0,4.2934406030425976e-17,1.570092458683775e-16,2.4994336319861903,2.4994336319861907,1.776759359267981e-16,3.553518718535962e-16,1.8850305577600588e-17,0.0,1.4585937541894e-16,1.413007275335684e-15,0.12013777158993837
719,8.345852510141345,-6.321461679962105,-0.6330335397816618,1.169392151576661e-16,0.0,1.1102230246251568e-16,2.2619833016230445e-16,20.969927002576707,20.969927002576714,3.3883891711820996e-16,0.0,1.389670198243208e-16,0.0,2.132986218981874e-16,8.919414069606152e-16,0.11981999427677999
720,9.33615812604853,-4.672822379616854,-2.2904500536349706,1.0111325152546309e-32,7.450725213725441e-17,2.220446049250313e-16,4.510724623897147e-16,1.3219247389461564,1.3219247389461564,0.0,3.359413715217194e-16,1.251997253261093e-16,0.0,1.6231574233442226e-16,2.778415357310714e-15,0.10711043948687508
721,2.67460793859671,-2.2628988217990154,0.26918802755994425,1.7829276312479966e-16,1.2040323607267874e-16,4.445768331151997e-16,1.1322246178953148e-16,1.0677488179426198,1.0677488179426196,2.079558424170167e-16,4.159116848340334e-16,2.859849354242903e-17,0.0,3.0856256660621686e-16,7.673680455707564e-16,0.37388657439066425
722,96.05183187181599,-2.2104275995811418,-1.0458038802057725,2.8088178237383616e-16,7.994306136367433e-17,1.2412670766236366e-16,4.66301930857378e-15,47.566209132957646,47.566209132957496,3.1369742771078586e-15,4.630771551921125e-15,1.0170189577436459e-16,1.1102230246251565e-16,1.5453373951759411e-16,1.7540136269843307e-15,0.010411045583534869
723,7.323815843253297,-6.87082605418517,-0.7430935774346802,3.515860910873878e-16,6.991552995000987e-17,2.2887833992611187e-16,2.2731187568195615e-16,0.8664173426349785,0.8664173426349787,2.220446049250313e-16,2.220446049250313e-16,1.2123040956764624e-16,0.0,1.1810045548764322e-16,3.830748784814672e-16,0.1365408444726528
724,16.350425062112464,-11.11344212668463,2.6729615250951566,4.815872245941864e-16,1.603342340975953e-16,2.2887833992611187e-16,2.09321359378602e-16,4.666482922519517,4.666482922519519,3.806628822807657e-16,0.0,5.602106384758497e-17,0.0,1.0009993505905303e-16,2.009716852024127e-15,0.061160489479698044
725,15.926065430393022,-1.6326254596083971,-0.4232000470614854,2.056380548166841e-16,1.8594790640046768e-16,2.220446049250313e-16,1.5543122344752192e-15,6.785933268036978,6.78593326803698,2.617704550333887e-16,1.1779670476502492e-15,1.2198505334655377e-16,0.0,1.1620486659166622e-16,8.105849277403957e-16,0.06279014765891897
726,3.6035585022811434,-1.1523808694343376,-0.07022838532157116,3.830559141574234e-16,3.465778871201282e-17,4.449557262054371e-16,2.2455803989847484e-16,6.4411843335446575,6.441184333544657,1.3789054523321653e-16,4.136716356996496e-16,1.3121221171087163e-16,1.1102230246251565e-16,9.541116026274773e-17,0.0,0.2775034731271808
727,10.879137045471243,-0.5371495249008085,-0.3761342069286465,4.0070390000160565e-17,8.310218876425834e-17,2.2887833992611187e-16,2.2247786310271853e-16,4.945171771910154,4.9451717719101485,1.0776310235513439e-15,3.5921034118378125e-16,1.1375446063377246e-16,0.0,1.7803871776525343e-16,2.9976021664879227e-15,0.09191905532767253
728,4.323699021391115,-2.268192601375957,-0.7700641256096357,4.325772308172054e-17,0.0,2.2887833992611187e-16,3.3317340963742003e-16,1.176753372907107,1.176753372907107,0.0,5.66077676182432e-16,2.1566205727873814e-17,0.0,8.208627307336968e-17,9.821169785683187e-16,0.2312834438874179
729,1.2314772596676375,-0.9259452521722571,1.3863211077877575,1.0435523609494409e-16,1.796814840601875e-16,2.775557561562891e-16,1.270145471529319e-17,3.3587753383456516,3.3587753383456516,0.0,0.0,1.5772201548077397e-17,0.0,6.764897790941924e-17,7.771561172376096e-16,0.8120328590313473
730,23.798857767791052,-3.6106992374866858,-2.3019449483330585,1.076106986396185e-16,5.2398744008287805e-17,3.337167946540778e-16,1.3334236103572998e-15,8.210014206522699,8.2100142065227,2.163646486736855e-16,1.5145525407157984e-15,1.3662136146489766e-16,1.1102230246251565e-16,2.9901598774400736e-16,3.987807333404508e-15,0.04201882332997537
731,22.68533792100531,-4.317511491164314,-1.7502454914641037,2.0203470017948557e-16,9.024947414434705e-17,2.220446049250313e-16,1.1105699151271772e-15,18.386726475425494,18.38672647542549,1.9322165278027208e-16,1.1593299166816326e-15,7.014128782561611e-17,0.0,1.0949878121746285e-16,8.027660131181735e-16,0.04408133586029129
732,5.086507551681247,1.8979639451114565,1.9265801697482332,3.947278780564802e-17,8.160897166442942e-17,0.0,2.238708385722776e-16,1.2701354779275489,1.2701354779275484,3.496392452360065e-16,0.0,1.5712465966266977e-16,0.0,3.3537334035434523e-16,1.8520532786961711e-16,0.19659854818646
733,20.733062091817196,0.7749677353286103,1.8863366131249373,4.908603892352354e-16,2.2314938889352175e-16,4.577566798522237e-16,6.689234338037539e-16,17.96348668461372,17.963486684613688,1.7799675347320844e-15,3.955483410515743e-16,6.080640087240146e-17,0.0,1.3168167305982322e-16,1.346163400355477e-15,0.048232142245625304
734,25.484729809212585,-1.676693291256563,0.13344457946909616,1.1527539094688492e-16,1.0718183799876548e-16,1.6653345369377348e-16,1.3370414706229164e-15,6.085304136138617,6.085304136138613,5.838185897237419e-16,1.6055011217402904e-15,1.4274706069813797e-16,1.1102230246251565e-16,1.4760640278896557e-16,3.805546239482759e-15,0.03923918391469876
735,4.580848570313411,-11.375706281840154,-1.3814415372168753,1.3807964809244465e-16,3.277304658945399e-17,0.0,1.11149678770656e-16,7.832158505738797,7.832158505738795,3.402044605134091e-16,3.402044605134091e-16,1.2725688127071129e-16,1.1102230246251565e-16,3.6828121911347e-16,3.9267351272703307e-16,0.21830016527518273
736,15.956210201216527,-0.6628725705598535,0.8027078788062143,7.593510938580224e-17,2.6849784229235052e-17,2.482534153247273e-16,6.751593739469377e-16,8.647903442047074,8.647903442047063,1.2324537511115617e-15,8.216358340743745e-16,9.010406977927176e-17,0.0,1.267020363995116e-16,1.7836423374943083e-15,0.06267152333727338
737,4.3276508425720435,3.1089432894030327,2.084169284689951,8.803692554977328e-17,0.0,0.0,1.4738736101260834e-17,11.266419819477477,11.266419819477473,3.1533652533154685e-16,1.5766826266577342e-16,6.279275839020434e-17,0.0,1.5788990222078486e-16,9.150489312936533e-16,0.23107224597760528
738,6.853111699831103,-7.771656026366673,-0.5930246996389376,5.148929683564136e-16,1.235261682776242e-16,2.3162293930726497e-16,4.440892098500626e-16,3.5394514407732904,3.5394514407732913,2.50936743888787e-16,5.01873487777574e-16,1.173878136843204e-16,1.1102230246251565e-16,1.0454489951322342e-16,2.1976565682522319e-16,0.1459191158411525
739,2.975040342771487,-0.6422362623286371,-1.0817620565563644,5.710228307719022e-17,2.1887387128404828e-16,1.1443916996305594e-16,9.280407136144228e-18,2.891456441475893,2.891456441475893,0.0,0.0,1.5972072607371466e-16,0.0,1.969614468426856e-16,1.9571752805868535e-16,0.3361298956599771
740,6.479753694612721,-4.334497325450274,2.8951809945754046,1.0163543738165045e-16,4.975334189145195e-17,3.723801229870909e-16,2.2887833992611187e-16,1.3931506082037188,1.3931506082037186,1.593830585275544e-16,3.187661170551088e-16,1.243384113892192e-16,0.0,1.5196809270115816e-16,6.126474700042012e-16,0.15432685363201393
741,70.45655766059068,-0.7439921980249864,-1.662524393594682,1.4420210709005736e-16,1.177433291989146e-16,1.570092458683775e-16,1.7229481308632166e-16,11.39185439759784,11.39185439759786,1.871186316891295e-15,0.0,1.767567783556934e-16,2.220446049250313e-16,3.182479725186752e-16,3.4955936328655477e-15,0.014193143026031939
742,2.5605242460848188,-5.8193951812446185,1.7286674512603981,8.89012611540193e-17,3.647273707288846e-17,0.0,2.2595555353350914e-16,3.740239573284324,3.7402395732843243,1.18732824769325e-16,4.749312990773e-16,6.004578574112882e-17,0.0,2.9882005854252626e-16,0.0,0.3905450227737757
743,2.543117573403003,-1.8329631047551314,2.265273578676773,6.260705400423367e-17,0.0,5.551115123125783e-17,1.1225205922049346e-16,0.8918410076196494,0.8918410076196494,0.0,3.3306690738754696e-16,5.2989917836148905e-17,0.0,9.525166713178061e-17,3.5476499670593356e-16,0.39321815493645407
744,2.838644240971715,0.10771490230887384,0.05565835935616148,3.605754591145549e-18,5.599202654146283e-17,1.1102230246251565e-16,2.230666183235937e-16,6.276578522163306,6.276578522163307,1.4150678057541496e-16,2.830135611508299e-16,1.0128059476193695e-16,0.0,1.8118033262640765e-16,9.992007221626409e-16,0.35228084786619196
745,8.657549894621418,-2.8616970612754216,-5.578901617101469,6.222558473763578e-17,1.4998668424944177e-16,1.2412670766236366e-16,4.577566798522237e-16,3.3024645706988074,3.3024645706988056,5.378882350959999e-16,1.4791926465139998e-15,4.2007865440868297e-17,0.0,1.3579717908742492e-16,1.780834145277575e-15,0.1155061203425749
746,8.886804761873254,-1.1873447129462875,1.683810227551344,3.496247238925241e-17,1.6184546686502301e-16,1.1631705747361534e-16,2.775557561562892e-16,8.560385002298819,8.560385002298823,4.150179784958795e-16,4.150179784958795e-16,7.006676288808132e-18,0.0,2.7280769405054024e-16,2.1002632480201956e-16,0.11252638341851111
747,13.221389411685754,-0.5288735277230809,0.04826678525290094,1.9551618063893124e-17,1.6734575220110366e-17,1.1102230246251565e-16,2.470567169682607e-16,11.996780079004555,11.996780079004552,2.961389352313017e-16,1.4806946761565086e-16,2.690685834485977e-17,0.0,4.937270012135328e-17,3.118293646307665e-16,0.07563501602306562
748,5.3464861934897305,-4.655159662980394,5.04424727571875,1.8299702068672576e-16,7.154206787033612e-17,1.6653345369377353e-16,5.551115123125783e-17,7.999604394987641,7.999604394987644,3.3308337856930886e-16,1.110277928564363e-16,3.599349660904493e-17,0.0,8.599665235033326e-17,7.903999948064983e-16,0.18703873232061544
749,2.7858780792579005,-3.6086890062634662,1.6026844210636622,4.371721209463445e-16,6.405266318178572e-17,2.482534153247273e-16,7.429637384752203e-18,7.315285805129593,7.315285805129591,2.428280844686398e-16,3.6424212670295973e-16,5.426080890057335e-17,0.0,1.142201683973433e-16,2.4024923621583527e-16,0.35895325335499906
750,9.334876998560599,-2.4803802867955485,-1.678744075449958,2.652519604380719e-16,3.1248614357869977e-16,4.577566798522237e-16,2.236498908699154e-16,17.80948580018292,17.809485800182934,7.979373955342408e-16,0.0,8.556928280067662e-17,0.0,1.3026584607409958e-16,0.0,0.10712513942649707
751,8.964407563615206,-8.005939260063766,1.4338281516882256,2.7633222846300117e-17,6.471527202763156e-17,2.220446049250313e-16,1.5543122344752192e-15,4.575830813943834,4.575830813943834,0.0,1.3587147756764047e-15,1.2071579340674733e-16,0.0,1.3082659174476968e-16,2.377245143088649e-15,0.11155226855802397
752,4.1159707414581845,-0.956781856472185,1.0461756502275783,1.3776753423324246e-17,0.0,0.0,1.1251254971533674e-16,0.3902516627654033,0.39025166276540324,5.551115123125783e-17,1.6653345369377348e-16,5.677269929039239e-17,0.0,1.1030471964942185e-16,1.0060696627673255e-15,0.24295605163746162
753,4.209564142880376,-0.14542536347919618,-0.25599938333714073,1.1102230246251565e-16,1.4969682377896577e-16,4.449557262054371e-16,3.3090303197143505e-17,3.735916978708098,3.7359169787081017,9.509616244280274e-16,2.3774040610700685e-16,6.310994124995279e-17,0.0,1.4549565800812502e-16,8.324957965937497e-16,0.2375542849706419
754,8.800348024919604,-1.6480862623889319,1.8997572638722444,2.7294051963763803e-17,5.18489755236326e-17,0.0,4.518280359883027e-16,11.814366529594562,11.814366529594562,0.0,0.0,1.4378189111825243e-16,0.0,5.518148864393183e-16,1.0999239293514646e-15,0.11363186969064794
755,3.5160210353825563,1.977515770350306,-0.48105367992226844,2.4331080412241806e-17,7.276005756144525e-17,2.482534153247273e-16,1.441014665507203e-17,5.3610343555889575,5.3610343555889575,0.0,0.0,1.5802451969929239e-16,0.0,1.36541491175591e-16,8.643235698100549e-16,0.2844124053686712
756,24.974254054637946,-2.4806616016028498,3.6820532468006455,1.6801615934238735e-16,1.5540386779632768e-16,1.1102230246251565e-16,6.667118051786499e-16,8.216822492828623,8.216822492828625,2.1618537347625525e-16,6.485561204287658e-16,3.086678190344429e-17,0.0,1.4836219788875944e-16,8.191752489037144e-16,0.040041235978947536
757,13.197265408371136,-0.6616448865383098,-1.058845343079314,4.4878893653496276e-17,0.0,1.1102230246251565e-16,1.2646526462633303e-17,9.514956909428793,9.514956909428786,7.467640079967066e-16,1.8669100199917664e-16,3.9461337243671066e-17,0.0,4.405433264117715e-17,0.0,0.07577327340599936
758,7.955455622911971,-1.8705406401419176,-0.4967847226229387,1.0554310407241996e-16,0.0,0.0,2.2887833992611187e-16,10.02417697596762,10.024176975967615,5.316217511898371e-16,0.0,1.5639037043883733e-16,1.1102230246251565e-16,2.1737582311250344e-16,1.7026277622651088e-15,0.12569990298480938
759,12.910036055528055,-2.7817982864460196,-1.0418986914745614,2.2283265695967227e-16,6.41022204849282e-17,3.5108334685767007e-16,2.237726045655905e-16,19.082366346225573,19.08236634622557,1.8617783635116174e-16,3.723556727023235e-16,2.4240630832731856e-17,0.0,4.1915636905514723e-16,5.630814366402624e-16,0.07745911751902336
760,16.807605661699313,-2.518975341840941,-0.23351530829256767,8.952486712558372e-17,1.0268902161546296e-16,5.551115123125783e-17,1.5788995281571396e-15,4.716384764833186,4.71638476483319,9.415881697382458e-16,9.415881697382458e-16,4.8518544507732843e-17,0.0,3.1882942316116494e-16,2.6925004916562247e-15,0.059496874220386964
761,5.252813416392447,0.13782365583816594,5.180191987248991,1.9001820492739485e-17,6.279357180568806e-17,1.1102230246251565e-16,2.25022633672081e-16,2.4729381724419213,2.4729381724419213,0.0,3.591591692820556e-16,1.2532466555718045e-16,0.0,4.0057947949753346e-16,3.069725449560464e-16,0.19037417108311905
762,20.238941712093343,-0.02893566220976771,0.08181422380288841,2.0816681711721685e-17,1.7867071476609258e-17,2.2591401799415137e-16,1.11452544598687e-15,2.0331681768340033,2.0331681768340046,6.552668120276998e-16,1.7473781654071993e-15,8.677510068901405e-17,0.0,1.6293753282217754e-16,2.7755575615628914e-17,0.049409698107013095
763,4.278324603907528,0.09727977101096709,0.093716180284102,5.1281548932175676e-17,1.3122055960276343e-16,2.220446049250313e-16,1.1142179517151867e-16,1.9409231785300232,1.9409231785300232,0.0,5.720077110243975e-16,1.6279437008050513e-16,0.0,4.193864588602295e-16,5.368898436677762e-16,0.23373635536833037
764,9.732743364347947,-3.445058698435798,-0.6310222896219764,5.919163784658305e-17,4.3442717050355466e-17,0.0,5.551128323003305e-16,2.3550709550098983,2.3550709550098974,3.771344628962112e-16,0.0,3.8673359209885694e-17,0.0,1.4216759966897413e-16,1.7012847407744185e-15,0.10274595379377702
765,5.895321161041591,-1.6203084151309959,1.37378004024344,6.449102521618574e-17,8.548006962066039e-17,3.5108334685767007e-16,2.851394597007369e-17,4.833360522381674,4.833360522381675,1.8376001864277834e-16,9.188000932138917e-16,1.3391508202859362e-16,0.0,2.0410887738466154e-16,9.125401930016629e-16,0.16962604287080363
766,13.2445539448139,-1.4334320062601134,-0.11708201725572627,3.564221254475855e-16,3.152761120461957e-17,4.440892098500626e-16,2.7755575615628914e-16,14.574878078948922,14.574878078948924,1.2187798963244253e-16,1.2187798963244253e-16,2.0929894647252923e-17,0.0,1.201858201688208e-16,2.608377992457911e-15,0.07550273147489289
767,2.823264770210919,-0.40311499306446347,0.5215932125647282,2.5526158238154986e-16,1.4563281702440623e-16,4.518280359883027e-16,4.441095852997347e-16,13.177202467037342,13.177202467037349,5.392212326838847e-16,4.044159245129135e-16,5.368151166175853e-17,0.0,2.3626909352439323e-16,3.9062794145053926e-16,0.35419986483424726
768,6.3236059078277345,-1.2449039553768224,-0.3649777290811183,1.0261273834671874e-16,1.6918910242001743e-17,0.0,7.791361360319881e-16,13.64253577919561,13.642535779195608,1.3020723332894845e-16,9.114506333026393e-16,1.5032539026081485e-16,2.220446049250313e-16,1.5164348592412888e-16,0.0,0.15813762188471284
769,15.427470939553832,-5.055860469750553,-1.1411115322117897,2.515257763175272e-16,4.696581948945903e-17,4.449557262054371e-16,2.220446049250313e-16,14.856460141018285,14.856460141018244,2.750063401267633e-15,1.1956797396815794e-16,1.1794059798986758e-16,1.1102230246251565e-16,5.2888976831835516e-17,8.252201021086154e-16,0.06481943825518321
770,4.192037116580863,-3.9542134758886593,5.917869574885843,2.6920429089383604e-16,1.8563347177627469e-16,2.2887833992611187e-16,4.742874840267547e-16,10.019706690556205,10.019706690556204,1.7728631129237605e-16,1.7728631129237605e-16,1.0088378753142932e-16,1.1102230246251565e-16,1.20952664382336e-16,1.0499702002774828e-15,0.23854750618611525
771,18.60371293939186,-4.672952707952664,-0.20777092201100483,1.8248178655449447e-16,1.1964988576456352e-17,1.1443916996305594e-16,6.677060768808544e-16,10.91489394620826,10.914893946208267,6.509845530903547e-16,9.76476829635532e-16,1.4452576239689142e-16,2.220446049250313e-16,2.2910534793356287e-16,1.7326440072201604e-15,0.053752710722737976
772,5.786352540001693,-3.352864555295684,0.453971685586266,3.4640036151727145e-16,1.4226875433491977e-17,1.2412670766236366e-16,2.2305712238205696e-16,0.7451573408151042,0.745157340815104,2.220446049250313e-16,2.220446049250313e-16,8.818852709190775e-17,0.0,2.767821803660874e-16,6.005880355920962e-16,0.17282044138978642
773,1.8573087436469338,-3.090601301610697,0.6483537875419813,3.5922538098334146e-16,7.928821509899622e-17,3.3766115072321297e-16,2.8496938443250214e-17,4.910677530098735,4.910677530098734,1.8086677739604443e-16,3.6173355479208887e-16,9.256723223245215e-17,1.1102230246251565e-16,1.6226332418665008e-16,0.0,0.5384134454869587
774,2.152274765043464,-4.602885727910765,-0.0035787623783187783,5.2440824641054287e-17,2.3490664940783497e-16,5.551115123125783e-17,1.1400749559288637e-16,0.5931569493774198,0.5931569493774198,0.0,1.1102230246251565e-16,1.1571371494574408e-16,1.1102230246251565e-16,1.3433452440872977e-16,1.0208233241264802e-15,0.464624692089351
775,3.55962340958201,-1.4119457686869379,-1.2327316174470364,2.2244431158655413e-16,1.7105146875670467e-16,3.723801229870909e-16,1.7062924725473897e-17,5.961619089085053,5.961619089085054,1.4898275224028722e-16,2.9796550448057445e-16,1.4009485061351124e-16,1.1102230246251565e-16,2.0773621960792404e-16,1.2393687550203667e-15,0.2809285941058096
776,4.541111974951232,0.87084964762131,-1.5067041282066358,8.354962226582896e-17,1.969220668946383e-16,3.3766115072321297e-16,2.2279120247162255e-16,6.892886934005842,6.892886934005844,2.577086867095773e-16,2.577086867095773e-16,1.4185661369136534e-16,1.1102230246251565e-16,4.164580237136849e-16,1.7763568394002505e-15,0.2202103814034963
777,7.613355183678506,3.454252774409328,-0.9537122294581436,1.5582335732619357e-17,1.2194016471611828e-17,1.1102230246251565e-16,4.798960483325563e-17,15.424549574591026,15.424549574591026,0.0,1.1516426011729095e-16,1.3641114670760238e-16,0.0,1.0019786507606551e-16,0.0,0.1313481344130379
778,18.305054909629845,-1.0654259771780425,-0.5280024193006404,3.1440919731116663e-16,3.406077124755262e-17,4.47545209131181e-16,1.4292545505376478e-16,1.2607247669345765,1.260724766934577,3.5224913597109336e-16,3.17024222373984e-15,1.5117824025191792e-16,1.1102230246251565e-16,5.098776733569919e-16,5.607812169083051e-15,0.054629718672624145
779,33.25608764267469,-1.4818707281031744,0.14139217344332056,1.5574839968471156e-16,5.616803617661107e-17,2.2887833992611187e-16,2.237726045655905e-16,7.618649518623926,7.618649518623943,2.3315901788865785e-15,2.3315901788865787e-16,6.019382847878841e-17,0.0,1.6461647382432933e-16,6.367945074285423e-15,0.030069682602014647
780,38.38875799746521,-4.571026200509882,3.595913276839915,2.4588272660723356e-16,1.0218679439068885e-16,1.2412670766236363e-16,1.5652369277723437e-15,9.740263540884671,9.740263540884683,1.2766079504530918e-15,9.118628217522083e-16,1.3871417943577974e-17,0.0,3.242546808182649e-16,2.4604827651216905e-15,0.026049292870218968
781,5.345000238785686,-0.6972976147624728,-1.8061232659725361,1.1708857586158267e-16,0.0,5.551115123125783e-17,2.2887833992611187e-16,2.5495703791776583,2.5495703791776583,0.0,0.0,1.313207140579315e-16,0.0,1.6473627679144883e-16,0.0,0.18709073065021908
782,3.769951036026218,4.440595327379042,-7.624149862131098,1.5592997475019736e-16,0.0,1.1102230246251565e-16,8.151995032467948e-18,4.987584265811379,4.987584265811378,1.7807787745830428e-16,1.7807787745830428e-16,8.336076516331257e-17,1.1102230246251565e-16,1.622455770484664e-16,7.980474018236778e-16,0.265255434472185
783,34.972551746040956,2.8746204915382476,-0.6214423958552817,2.091596498635936e-17,2.9063800195924765e-17,5.551115123125783e-17,6.49741366860447e-16,37.25169067195456,37.2516906719545,1.7166696347168415e-15,1.9074107052409352e-16,1.962847544776069e-17,0.0,2.1089012189439426e-16,3.1898645721380243e-16,0.0285938528953173
784,6.199103657514686,-0.3444052652279478,-2.0142074129264156,2.263446724503657e-17,2.025919767637345e-16,4.440892098500626e-16,1.156121486027399e-16,8.88756659999875,8.88756659999875,0.0,3.9973975315144194e-16,1.686283220583001e-16,0.0,1.5746984774891458e-16,4.3844598640810147e-16,0.16131364391492076
785,5.9409736411239304,-0.9153123468779015,0.9743882641608522,2.397411501928578e-17,6.008437597394899e-17,1.1102230246251565e-16,1.4661058611511023e-16,9.293079897244295,9.293079897244294,1.9114834468678126e-16,0.0,5.566739450646029e-17,0.0,9.374637684034352e-17,0.0,0.16832257815081264
786,7.9471598856984,-1.7392343591142487,-1.056992008382676,1.699118872403756e-16,2.3004215237959556e-16,2.265790592267349e-16,4.742874840267548e-16,3.630530094076711,3.630530094076711,0.0,0.0,1.5705945876455338e-16,0.0,1.3891132653535138e-16,2.299678828986303e-16,0.12583111632113897
787,13.214276978683658,-2.1186503174021354,-1.4716201068115171,1.5825303123714808e-17,3.404173319753078e-17,5.551115123125783e-17,1.32629178017523e-16,4.912492885326038,4.912492885326042,9.03999700796694e-16,1.807999401593388e-16,1.3616380189499763e-16,2.220446049250313e-16,2.5594211189620176e-16,2.4526022579446723e-15,0.07567572570282588
788,62.56252698321859,-5.890525277160823,0.07283810864181983,6.585587016425843e-17,1.6276852981756772e-17,0.0,4.043178621822051e-15,17.168506834598652,17.1685068345986,3.103980194399549e-15,3.931708246239429e-15,1.118833473179367e-16,1.1102230246251565e-16,2.280984892101357e-16,7.544068730101438e-16,0.01598400909009721
789,58.58363169627557,-8.834450027140448,-0.14229114258423647,1.5763157918710307e-16,0.0,2.237726045655905e-16,2.551076802410202e-15,13.235863641530996,13.23586364153106,4.831482701117646e-15,1.7447020865147056e-15,1.190609030781356e-16,0.0,1.1849291328509853e-16,1.305509660021053e-15,0.017069614345257018
790,49.13986102690886,-0.5108214089248176,-0.755400647377144,4.666929753360793e-17,1.0592941367210814e-16,1.5700924586837752e-16,6.689875520650885e-16,3.642996198731197,3.6429961987311947,6.095109432240589e-16,8.533153205136825e-16,1.6175054158778382e-16,0.0,1.4018662453829066e-16,2.1411978130125724e-15,0.02035007790217727
791,1.950687917104052,-2.4921671848151035,-1.817478324800929,3.3175926763526452e-16,8.260592926321528e-17,2.775557561562892e-16,1.2447147562146325e-17,9.455371448781921,9.455371448781921,0.0,1.8786748347460086e-16,9.402945309941276e-17,1.1102230246251565e-16,8.815906484837355e-17,1.069046106887949e-15,0.512639664823771
792,10.165567954320943,-0.8094458288704576,0.48456317704675245,3.890981243248494e-16,1.268773447029604e-16,2.2887833992611187e-16,2.775557561562892e-16,16.338500882242634,16.338500882242634,0.0,2.1744428723333721e-16,8.666630857222262e-17,0.0,4.606702049372245e-16,1.4479873533645042e-15,0.09837128672923257
793,5.818474400158125,-1.0651766307139072,0.09956999201576819,2.0067633638994492e-16,5.2603930544257654e-17,2.482534153247273e-16,4.504598925857302e-16,7.7591664842415184,7.759166484241522,4.578731086664896e-16,4.578731086664896e-16,8.09577735180918e-17,1.1102230246251565e-16,3.0941892850181563e-16,3.2044159990069143e-16,0.17186635726588784
794,49.15412654378501,-5.200780944406655,1.9406662007352842,5.184832108756901e-17,4.5120141386793435e-17,1.1102230246251565e-16,3.510833468576701e-16,13.956341637317868,13.956341637317859,6.363977342925058e-16,1.2727954685850117e-16,1.1545570530464528e-16,0.0,1.9290580654009492e-16,2.1082365384768855e-15,0.02034417189998263
795,5.833353790732742,-0.8161966314685075,1.5580694234136767,1.387846541707845e-16,3.1712108360829747e-16,2.482534153247273e-16,2.3970689837430723e-16,8.475000629975746,8.475000629975744,2.0959961148761993e-16,4.1919922297523986e-16,3.936477157409517e-17,0.0,1.483291887163406e-16,1.8451586159043707e-15,0.17142797023363657
796,2.9979063207642596,-7.306445273127087,-1.3380782269616633,3.6488489241207946e-16,9.463906704553918e-17,4.47545209131181e-16,7.576974700289824e-18,2.4376814261293407,2.4376814261293407,0.0,3.6435377083313736e-16,1.2358277168421485e-16,1.1102230246251565e-16,3.691380057442159e-16,2.429654507625466e-16,0.33356612682449305
797,10.45772913906078,-0.195305600008923,1.9784923625608286,2.1875581592924853e-17,3.840970009706017e-17,5.551115123125783e-17,2.221322846755067e-16,13.343625324341385,13.343625324341382,2.6624800925125317e-16,2.6624800925125317e-16,1.2307125775400721e-16,0.0,1.82230599763173e-16,1.2047393309692845e-15,0.09562305417386306
798,3.317542953824764,-3.4998872377315244,-0.6914473945780288,2.872929271489326e-16,1.7016524549396365e-16,0.0,2.2274500133551177e-16,4.588921155717436,4.588921155717436,0.0,1.935484157520389e-16,1.1162511768168068e-17,0.0,1.168603212375128e-16,1.2243414981206007e-16,0.30142789827245775
799,10.843016125959057,-3.5944917233957763,-1.9279738363011831,3.936792909662448e-16,4.0039390344232114e-16,4.47545209131181e-16,4.443813277489844e-16,0.2857882511214757,0.2857882511214757,0.0,2.7755575615628914e-16,1.4233532223008389e-16,2.220446049250313e-16,6.971653538773949e-17,4.85076469737777e-16,0.09222526171531975
800,9.790666310121525,1.5480863317574054,0.9436889938557059,1.159086944895194e-16,3.740037652769338e-17,1.1102230246251565e-16,8.326672684688674e-17,5.9245261274394965,5.924526127439496,1.4991552076823813e-16,2.9983104153647626e-16,1.4711150283186219e-16,1.1102230246251565e-16,3.299723250869366e-16,1.0276817630509214e-15,0.10213809441817215
801,3.7633669823412688,-5.127084153837983,-1.7144413899145916,8.570255084302996e-17,2.677496571716746e-17,5.551115123125783e-17,2.2742433045240026e-16,5.631581424637974,5.631581424637974,0.0,1.5771385561689214e-16,1.241651762286908e-16,0.0,2.4893590142108964e-16,8.122038624985797e-16,0.2657195018961135
802,1.8050016181075144,-4.186319341304081,-1.847446621977534,2.2734715281020795e-17,0.0,1.6653345369377348e-16,2.220879817821814e-16,3.9489316357942954,3.948931635794296,1.124580648154821e-16,0.0,1.5929988565127542e-16,1.1102230246251565e-16,2.2545064209522894e-16,3.5813727203590587e-16,0.5540161238461756
803,13.612028499819058,-1.4665586833692008,-1.2793773731757803,9.434755831072153e-17,0.0,0.0,4.47545209131181e-16,7.959926480835968,7.959926480835968,0.0,4.463249362106404e-16,3.54075095145633e-17,0.0,3.429523990088936e-16,6.216012448963574e-16,0.07346443625307472
804,30.147363654010043,-2.609335918861197,2.5453148763431432,4.04698743111786e-16,3.8035773950924075e-16,4.47545209131181e-16,7.791361360319881e-16,26.585151934906662,26.585151934906644,6.681762977129614e-16,5.345410381703691e-16,4.3043623142563815e-17,0.0,5.500029583136471e-17,5.971572027010532e-15,0.033170396306508775
805,5.589712574006401,0.06895829756029011,-0.6878477319802667,1.3941155666968228e-16,7.717515458970753e-17,4.163336342344337e-17,3.331954041437465e-16,2.92300845890283,2.9230084589028307,3.038576289421717e-16,3.038576289421717e-16,1.257486202654438e-16,0.0,1.4824856652818702e-16,5.892153578561013e-16,0.17890007522931498
806,24.460984024395767,-0.5438852013585268,5.753840344985103,1.0308818651331128e-16,6.373538700139442e-17,1.1102230246251565e-16,5.236911533344271e-16,23.08872007310663,23.08872007310663,0.0,6.154890643658754e-16,1.24849531951701e-16,2.220446049250313e-16,2.79977356349844e-16,2.930136208140905e-15,0.04088142974962424
807,6.763777730849586,-2.6490496959205685,2.6721300321411627,0.0,0.0,5.5511151231257815e-17,2.220446049250313e-16,7.525346104841454,7.525346104841448,7.081495580345837e-16,2.3604985267819454e-16,2.8265854780047247e-17,0.0,1.8577256906646833e-16,7.163510135880516e-16,0.14784637221873886
808,4.930180022414392,-3.6122769091130222,2.1145378353028663,2.4502724930789965e-16,1.557028502782598e-16,4.47545209131181e-16,5.5540019193769105e-16,4.354387314133879,4.354387314133878,2.0397322415881388e-16,4.0794644831762775e-16,1.415084808617141e-16,0.0,1.2038131907655036e-16,1.1743479174404105e-16,0.20283235002649705
809,4.290210718369857,-2.216674291745815,2.1817527827537777,1.633503337439679e-16,1.639208020703831e-16,1.1102230246251565e-16,9.951246352183987e-18,0.6070001633155949,0.6070001633155947,2.220446049250313e-16,1.1102230246251565e-16,1.3557969783757121e-16,0.0,1.77959377051326e-16,0.0,0.23308878412852552
810,4.896068948457671,-5.931976732036423,3.959888690714802,1.4416924888910161e-16,1.238654978835907e-16,2.775557561562891e-16,2.2887833992611187e-16,1.6932759295166948,1.693275929516695,1.311331490954393e-16,3.933994472863179e-16,1.4225109411596162e-16,0.0,1.6679965940493503e-16,1.2695998096952336e-16,0.20424548970353204
811,9.641274128078948,-2.8920624759007456,-1.0383062465865176,3.586793968870742e-17,3.7332214640333214e-17,1.1102230246251565e-16,7.771561172376096e-16,2.142864985519329,2.1428649855193296,2.072408727806229e-16,6.217226183418687e-16,5.553364459603178e-17,0.0,2.611085400902776e-16,1.2449826045124865e-16,0.1037207309651761
812,47.91954913674053,7.067815575485996,0.7535877530978691,3.931650074464905e-17,5.079665429137245e-17,1.1102230246251565e-16,3.110619605733155e-15,1.37028136021347,1.3702813602134696,3.2408614956338596e-16,1.2963445982535438e-15,5.69285276463601e-17,0.0,4.543309341258771e-16,1.3645393200832688e-15,0.02086830986548977
813,4.107626738461812,-1.835881049380977,0.5122481937032778,0.0,2.3730841508686314e-17,0.0,2.220738781548434e-16,1.7218805362631988,1.7218805362631993,2.5790941967078556e-16,5.158188393415711e-16,1.5831494521074185e-16,0.0,1.7123191561455427e-16,1.1544273117906344e-16,0.2434495789591799
814,5.290551634431171,2.295681750384787,-7.053667416516202,3.8670461465176583e-17,9.797291586180136e-17,2.482534153247273e-16,4.498833069756574e-16,5.663369522834087,5.663369522834089,4.70485856230511e-16,1.5682861874350366e-16,1.0767530570744271e-16,1.1102230246251565e-16,3.37971581737001e-16,0.0,0.189016206456043
815,16.810056421308577,-2.527542937993303,2.32892843157717,2.6253115582360745e-16,6.92498598211072e-17,2.2247786310271853e-16,2.860041038374306e-16,14.41495789828136,14.414957898281358,1.2323010944152939e-16,2.4646021888305877e-16,7.860144122400242e-17,0.0,1.2747293015640895e-16,2.5062366752949915e-15,0.05948820009505962
816,55.795162737976945,-3.731355487238248,3.2553928902310907,1.3016284909926914e-16,6.445667918043436e-17,2.220446049250313e-16,6.710984725495319e-16,11.53198565745329,11.53198565745329,0.0,6.161495139398357e-16,7.322109672310622e-17,0.0,4.853446969420907e-16,1.1289007973002201e-14,0.017922700659493817
817,25.06320018490487,-2.2946164792911157,0.9976196176293226,5.233690494466513e-33,8.314404277200388e-17,2.2887833992611187e-16,8.961934519723558e-16,5.312606116973737,5.312606116973743,1.1702823060864257e-15,5.015495597513253e-16,2.951060036060757e-16,0.0,4.877147702576821e-16,2.792447453766444e-15,0.03989913469238932
818,8.503392087760773,-3.1210859355400857,0.3269626898259511,1.3885465723189266e-16,2.1246598884064285e-17,2.2887833992611187e-16,2.2887833992611187e-16,10.361335408139384,10.36133540813938,3.4288183316695397e-16,1.7144091658347698e-16,1.1599199724668934e-16,0.0,3.682685865384195e-16,2.7444579693260023e-16,0.11760012824050907
819,8.01146095102604,2.2256440006358242,0.7418870433145272,6.140752197556406e-17,1.9505883723194926e-17,8.326672684688674e-17,1.1102230246251565e-16,6.120109070964727,6.120109070964727,0.0,2.9024921268604764e-16,1.1384695593692383e-16,0.0,1.9917693161401666e-16,4.0526787683359764e-16,0.12482117882281288
820,8.013651539615502,-2.750007905670123,0.021401403474160308,1.5056815513808762e-16,4.125065278399124e-17,4.47545209131181e-16,2.476550272482242e-16,3.8203197327623224,3.820319732762325,6.974639416302874e-16,4.649759610868583e-16,1.2479255356683403e-16,0.0,1.1864186016092975e-16,1.6908855578655494e-15,0.12478705806666285
821,11.179591058368098,-0.9530284459740576,-0.7474130058232805,7.305141687699507e-17,1.0697803880423512e-16,0.0,2.9084231640842377e-16,1.9996191499824463,1.999619149982445,6.662606874723536e-16,5.552172395602946e-16,6.477368616685314e-17,0.0,1.7677959785561e-16,6.496274205806348e-16,0.0894487101342997
822,13.668115566145705,-2.237945156236172,-1.1113517534126538,1.932782347470284e-16,2.3268470749875595e-17,1.570092458683775e-16,1.1322097734007353e-15,2.2719637583313403,2.2719637583313355,2.1501140986238694e-15,3.9092983611343083e-16,6.323667127008065e-17,0.0,2.415236794685923e-16,1.3144610611663905e-15,0.07316297518561374
823,2.570970508733375,-5.013035573645862,1.5426546590626375,7.705963021825939e-17,6.888792774645419e-17,2.7755575615628914e-17,2.252514195935468e-16,1.8946929908289405,1.894692990828941,2.343858408721778e-16,3.5157876130826666e-16,1.4968990876154438e-16,1.1102230246251565e-16,8.101125462997738e-17,6.183835285107379e-16,0.3889581761451879
824,8.50540712440076,-3.975421232516468,-2.633277807016262,2.2421060516104017e-16,2.6972926869080484e-16,2.2887833992611187e-16,1.1188630228279524e-16,1.9637177491119082,1.9637177491119076,3.392207536324164e-16,3.392207536324164e-16,2.9854807307044386e-17,0.0,9.143454264049456e-17,0.0,0.11757226730877475
825,9.798310954367743,-2.9345011873950746,-0.7922975424344787,7.71604308533988e-17,2.901269534086226e-17,1.1102230246251565e-16,1.2412670766236366e-16,2.639344426203585,2.6393444262035852,1.682573920406582e-16,0.0,7.86786602296805e-17,0.0,1.9348684764958688e-16,4.111684541039688e-15,0.10205840625564555
826,30.584686017125193,1.1157414857778314,1.3868217225166402,2.8268406505636704e-17,0.0,0.0,6.106226635438361e-16,11.046415326219353,11.046415326219373,1.7688928631013472e-15,1.608084421001225e-16,1.5401190150353532e-16,0.0,1.6777408864498574e-16,3.596017931248955e-15,0.032696101553573886
827,5.841677500097401,-1.6842301601211558,2.87210975656767,2.341821732792447e-16,1.0275710039652105e-16,3.3766115072321297e-16,5.5511151231257815e-17,7.509431339113178,7.509431339113176,2.365501140077044e-16,4.731002280154088e-16,1.6838566269774973e-16,0.0,2.1466964704305164e-16,5.145644356901262e-16,0.1711837053625999
828,51.565112267036156,-2.5394684675297103,1.2082669845359046,1.0548120509872796e-16,3.930705276688099e-17,5.551115123125783e-17,2.4979090443619495e-16,5.711168738543211,5.7111687385432175,1.0886123703441399e-15,3.110321058126114e-16,1.1752752986280854e-16,1.1102230246251565e-16,5.029388001939729e-17,6.546738338209329e-16,0.019392956905071673
829,28.995986286422802,-0.6102449899636759,-0.6234902092615372,1.4573874015011627e-16,4.2073786794376796e-17,4.47545209131181e-16,4.577566798522237e-16,23.49080587656817,23.49080587656813,1.8148617109867456e-15,3.024769518311243e-16,5.813392614998565e-17,0.0,2.689554755533713e-16,6.442566654527266e-16,0.03448753183016324
830,8.57330729452214,-0.8883259204023672,-0.4128794501833397,7.952263591304155e-17,0.0,0.0,3.331898425685875e-16,8.252720244969167,8.252720244969169,2.1524500851499386e-16,2.1524500851499386e-16,3.4844227997412336e-17,0.0,2.2386966719415393e-16,9.992007221626409e-16,0.11664110076154197
831,5.812191058886266,-5.5678815062544675,-0.08151272558111616,2.5792727512314353e-16,7.324282718679343e-17,5.551115123125783e-17,6.75322301446426e-16,0.9561775650046421,0.9561775650046425,3.3306690738754696e-16,7.771561172376096e-16,4.081280197695164e-16,1.1102230246251565e-16,1.7811480297739954e-16,8.226071391018673e-16,0.17205215552422407
832,14.18201943674023,-3.4959026723991524,-3.172621567163314,1.0113860994663581e-16,1.1498860609454032e-16,2.4377648747674303e-16,2.2752050847771574e-16,4.476070532010344,4.476070532010334,2.38113786638983e-15,1.9842815553248583e-16,6.745590559718532e-17,1.1102230246251565e-16,8.083011167801853e-17,2.1873009959744184e-15,0.07051181987590169
833,17.196048203531163,-3.148451062869692,-1.8300866659723505,1.3599638836067284e-16,0.0,1.1857187100668868e-16,2.347201906132764e-16,1.3677864806492024,1.3677864806492035,8.116932286815727e-16,1.6233864573631454e-15,1.4896611765042197e-17,0.0,8.873851495540345e-17,1.447942094889824e-15,0.05815289583769821
834,10.854096237635803,-1.0319957736617833,-0.52453352295354,3.3971166219769884e-16,1.6821005377438844e-16,2.371437420133774e-16,1.140715129224235e-16,1.5316015017064497,1.5316015017064506,5.799017686457946e-16,4.34926326484346e-16,5.979492391189968e-17,0.0,1.1018880737558171e-16,5.027376968115523e-15,0.09213111604193755
835,21.291165110392086,-2.398437260782917,-0.5254623078765788,1.7917881583775552e-16,0.0,3.3306690738754696e-16,2.443771085848447e-16,2.8482293674194095,2.8482293674194037,2.0269293597241043e-15,3.1183528611140065e-16,1.3993477680925556e-16,0.0,1.770876572714467e-16,2.0426966383193595e-16,0.046967838294198365
836,26.662127304607864,2.4996060057305045,0.34417547961320727,6.708096717494315e-17,2.6372269596203854e-16,1.2412670766236366e-16,2.88711357575485e-15,5.381787752176082,5.381787752176071,2.1454431106899313e-15,9.902045126261223e-16,8.96434961651683e-17,0.0,4.719825850666474e-16,6.2557682634911e-16,0.03750638456471414
837,28.607016823909547,-2.169190890844885,-1.5982720890833642,1.1533013378755465e-16,9.752751098722534e-17,2.2247786310271853e-16,1.144391699630559e-15,18.425090800785693,18.42509080078566,1.7353739775242268e-15,5.784579925080756e-16,1.380543031195013e-16,0.0,1.4187013665208881e-16,3.824903035518524e-15,0.03495645862535994
838,2.282525197475161,-1.6048313899070377,-0.4794393490496377,1.3731839707584541e-16,1.4676265383501146e-16,4.440892098500626e-16,1.1108060060087204e-16,2.1311234124518155,2.1311234124518164,4.1676536164477377e-16,2.0838268082238688e-16,2.8013223051741655e-16,0.0,2.1118268679833485e-16,1.1795634785011014e-16,0.4381112642726399
839,3.25126333311241,-2.383529621694064,-0.05558755416160821,1.0568784771207203e-16,0.0,5.551115123125783e-17,1.1368623650627327e-16,8.208178436093906,8.208178436093899,8.656521557031745e-16,0.0,1.6289266167360552e-16,0.0,3.383133044305667e-16,6.794188600828505e-16,0.30757274866527307
840,1.8701530599428102,-0.899049676891749,1.22044810632379,1.117305748790252e-17,0.0,5.551115123125783e-16,4.442184004776972e-16,4.9198030804803725,4.9198030804803725,0.0,7.22125178728416e-16,5.836809528126564e-17,0.0,7.598418748040572e-17,1.4432899320127035e-15,0.534715591690972
841,1.9841178391908514,-2.096134058382257,-1.7511453281945253,8.145018779682602e-17,2.9363991538526154e-17,1.2412670766236366e-16,3.331226867171228e-16,5.11452107987028,5.114521079870282,3.4731635898259007e-16,5.209745384738851e-16,9.197626637235156e-17,0.0,1.2969723195952933e-16,1.0435239849182512e-15,0.5040023229708034
842,2.4112180135438153,-0.2852613405071584,-0.516802850359725,1.7335036975159347e-16,2.7390349013310038e-17,4.577566798522237e-16,4.45600303924449e-16,3.024198914405355,3.024198914405355,0.0,4.405357145008268e-16,2.889472444996297e-17,0.0,5.520641298193791e-17,6.605789958507995e-16,0.4147281558046595
843,4.832411903911992,-10.119356035148607,-3.797848221191,2.6244021083748707e-16,1.6948502516335421e-16,2.2591401799415137e-16,1.1838810983097915e-18,5.3434848055334525,5.343484805533452,1.662170759389773e-16,4.986512278169319e-16,1.2052186316711111e-16,0.0,9.66268082929853e-17,1.2455228479048993e-15,0.2069360021215224
844,24.443529944750548,-1.3035468235921466,-0.9612346323733172,2.2793041394594266e-16,2.3885387505958367e-16,2.2247786310271853e-16,6.684427777288335e-16,2.5457645341278607,2.54576453412786,3.48884748684898e-16,6.97769497369796e-16,1.1855610518558952e-16,0.0,4.2515691213585303e-17,1.6045566795251053e-15,0.04091062143071138
845,3.8539957673165937,-1.157199026851167,-0.9638830959138082,3.675566021480041e-16,1.880900418833663e-16,2.237726045655905e-16,5.608819709042565e-18,1.5990921125753297,1.5990921125753303,4.16570008404512e-16,8.33140016809024e-16,1.3677252052025065e-16,0.0,1.1441030825486461e-16,7.387441403174616e-16,0.2594709647790472
846,9.48311386277043,1.9381256520477625,0.7621674551073248,8.552582509382924e-17,3.104172890038298e-17,1.2412670766236366e-16,2.220446049250313e-16,10.317929098867598,10.317929098867598,0.0,3.443242965480752e-16,5.314031898803622e-17,0.0,1.5964984109546175e-16,1.059593733662607e-15,0.10545059507572484
847,2.956699994319742,-0.2488209340303968,-0.9236865152912213,2.3927991800479862e-17,0.0,5.551115123125782e-17,3.360609231393009e-16,2.3106797302788875,2.310679730278887,1.9218985826151825e-16,1.9218985826151825e-16,1.246637754199567e-16,0.0,2.4147821690935633e-16,1.887379141862766e-15,0.3382149023983315
848,11.084710844668853,-7.540424701468754,2.798399369320369,5.562577374348597e-17,5.905340945312284e-17,1.1102230246251565e-16,2.775557561562892e-16,0.8120031849659897,0.8120031849659892,4.440892098500626e-16,2.220446049250313e-16,1.6596047807401471e-16,0.0,1.040265085116407e-16,8.06754849513155e-16,0.09021435146239629
849,3.546589296543868,-0.8928926063395478,1.2203618439206276,1.523764016339222e-16,9.20470228542868e-17,2.2887833992611187e-16,2.2363501326336766e-16,3.685280364524756,3.6852803645247554,1.2050350744680215e-16,2.410070148936043e-16,1.572205939563246e-16,0.0,2.155968226807594e-16,4.2187181953929444e-16,0.2819610381654559
850,7.239579839795145,-0.8921066141524452,0.08629348162752802,1.8320594443705743e-16,2.390417316610184e-17,5.551115123125783e-17,4.577566798522237e-16,4.23891208509839,4.238912085098389,2.0952980431522908e-16,4.1905960863045816e-16,2.4715933429288106e-17,0.0,1.5172502248146245e-16,9.717633187760443e-16,0.1381295630587724
851,68.42594400476558,-3.487450459894036,-1.29385156608613,8.668573228197668e-17,0.0,1.1102230246251565e-16,6.866350197783356e-16,10.972263907342914,10.972263907342942,2.5903231703516983e-15,1.6189519814698115e-16,1.268525737495933e-16,0.0,1.0074765273837538e-16,1.9359510077059898e-15,0.014614339846459618
852,5.942811569693585,-1.2770574645068256,-1.9207237448083232,1.8380639358247742e-17,1.2208834730787584e-16,1.3877787807814457e-17,1.1102230246251565e-16,9.073109171424555,9.073109171424553,1.957825929169711e-16,0.0,1.165431209648903e-16,0.0,2.684139488764658e-16,2.7884798079686617e-16,0.16827052116201635
853,8.84090721170536,-2.334533724757084,-3.0133231364776534,2.1004962737504046e-16,3.396241227051891e-16,5.558049685633555e-16,1.0177193546537633e-17,2.413802378867806,2.413802378867806,0.0,3.679582170752211e-16,5.844293093248508e-17,0.0,2.8975874903088184e-16,1.496116981412138e-15,0.11311056388828492
854,6.537062641594405,-0.8485232436502438,-0.8354075391850238,1.0593589742793584e-16,1.324547078874113e-16,2.2887833992611187e-16,3.3339676487076525e-16,3.36715215212545,3.36715215212545,0.0,3.956660018197335e-16,6.790062282030859e-17,0.0,1.2844341657969887e-16,2.1372130885600816e-15,0.15297390507429864
855,3.6775527024393853,1.4307173768815566,3.2585682497864434,3.391460867265763e-17,1.7077697882013842e-16,1.5700924586837752e-16,1.1116438173410855e-16,1.7987918431998997,1.7987918431999002,2.468819344099677e-16,4.937638688199354e-16,1.2767162757695002e-16,0.0,1.9217611668583538e-16,3.9928081202965273e-16,0.2719199644200019
856,13.164015638973403,-2.201404324224721,-0.24227398403982803,2.0886017574072475e-17,2.857723202531189e-17,1.2412670766236366e-16,2.2887833992611187e-16,2.765159912693824,2.7651599126938233,3.212032749436397e-16,3.212032749436397e-16,6.879713229634505e-17,0.0,1.7932971930201087e-16,2.05270382122196e-15,0.07596466210807193
857,9.282238450590024,2.2236305772342497,-2.7648647914444044,1.5332043967929066e-16,2.671426614749529e-16,4.47545209131181e-16,2.220446049250313e-16,11.480076982225718,11.480076982225716,1.5473387871444887e-16,6.189355148577955e-16,1.1119748843207522e-16,0.0,1.4796306582009492e-16,7.356892926306659e-16,0.10773263424798453
858,5.538796266766897,-0.2967071155779733,0.6455708164066609,3.412070783107901e-17,5.003129081390656e-17,5.551115123125783e-17,1.440398233646524e-17,2.823941312908481,2.823941312908482,3.1451730800501576e-16,1.5725865400250788e-16,4.474684860176674e-18,0.0,1.7812599845219106e-16,1.1102230246251565e-16,0.1805446439689536
859,11.092907633742994,-5.069044542766532,0.41880450099300304,1.217527616079877e-16,3.223449628632231e-17,3.5108334685767007e-16,1.1102230246251565e-16,0.5901162750819867,0.5901162750819868,1.1102230246251565e-16,3.3306690738754696e-16,7.003147435618021e-17,1.1102230246251565e-16,2.416370738886457e-16,2.0926635054986265e-15,0.0901476901293323
860,19.03962262186323,-0.7907259524956989,-0.30779002339367073,4.9132261019153275e-17,4.767969563847618e-17,2.220446049250313e-16,1.2412670766236368e-15,1.2803712357002035,1.2803712357002037,1.7342205036619756e-16,1.3873764029295804e-15,1.3889187451345294e-16,1.1102230246251565e-16,1.1345382052048054e-16,2.042414487385543e-15,0.052522049405104805
861,16.027860689357873,-0.6933290274845397,0.413778938749513,4.287531475066654e-17,0.0,2.482534153247273e-16,8.881784197001252e-16,20.150404779368234,20.150404779368223,5.289293765112972e-16,5.289293765112972e-16,6.525310782557928e-17,0.0,7.961529242952521e-17,1.2050138651965616e-15,0.062391358359133564
862,6.4463101975156,-1.8999599925892596,-2.2652227167137085,3.9471513014359934e-19,5.4543380045884695e-17,2.482534153247273e-16,7.819197092806407e-17,5.0754407143520375,5.075440714352036,3.499906588165184e-16,0.0,2.3347160709027808e-17,0.0,5.199300898436837e-17,7.87172814758536e-16,0.155127502301301
863,84.69136531145708,0.2505910550750108,0.5671476214802673,2.1106775602768042e-17,8.192582782368146e-17,0.0,4.897895812212361e-15,23.779699955843988,23.779699955843974,5.976044584914794e-16,4.4820334386860955e-15,8.379469845685127e-17,0.0,4.866460639232144e-16,9.026641496473957e-15,0.011807579159030785
864,20.199122303285055,-1.7282327354940419,-0.6821646680993678,9.680236138059039e-17,2.487401580945859e-16,2.2887833992611187e-16,2.2887833992611187e-16,26.743807993238292,26.743807993238324,1.1955822864600541e-15,2.656849525466787e-16,9.116464919661434e-17,0.0,1.3029058493940608e-16,1.5521320044046753e-15,0.04950710159507017
865,2.955954731288104,-8.248275635135116,-6.01552126678269,2.1941422686882243e-16,1.9227649507220003e-16,2.950458159105176e-16,2.634798663309305e-18,4.359959859326091,4.359959859326092,2.0371252221514923e-16,0.0,3.4013231378550253e-17,0.0,1.7774833987550297e-16,7.697886669663854e-16,0.3383001740233804
866,2.2782291940921184,-1.6285627596040138,4.272353567866518,1.595215641289786e-16,2.0489165239359362e-16,2.2887833992611187e-16,2.2220688557612907e-16,4.738746912619512,4.738746912619511,1.874289629891107e-16,0.0,5.465420794886187e-17,0.0,1.6702176057769655e-16,8.7350189628136e-16,0.43893740041308854
867,13.026928868860097,-2.8285793935012724,-0.5355621724708981,1.2488666806799588e-16,3.618673308049697e-16,6.938893903907228e-17,9.529772347598576e-17,1.3197745107730376,1.3197745107730363,1.0094661009704093e-15,5.047330504852046e-16,3.898608609676865e-17,0.0,1.1943474973578744e-16,3.2699461337531763e-15,0.07676406389155906
868,1.9731641672582112,6.3401879329315625,-4.038215487373505,2.1823006013359013e-17,1.4440009233565241e-16,2.0014830212433605e-16,7.31596104361901e-17,6.262168140263704,6.262168140263704,0.0,1.418324132802227e-16,2.2224020404938287e-16,2.220446049250313e-16,2.316696753165829e-16,4.443846016487032e-16,0.506800202737079
869,20.67547857179934,-2.429647424123071,-1.0423113232225334,9.119638510259812e-17,9.055650343681701e-17,2.220446049250313e-16,3.3395116535531564e-16,13.56752957485402,13.567529574854024,2.618541318962797e-16,3.927811978444196e-16,2.732924851378678e-17,1.1102230246251565e-16,3.5236048568972005e-17,0.0,0.04836647415571777
870,5.252006607925129,2.3642080705043993,-1.6084870438211247,7.846630844200909e-17,0.0,3.3306690738754696e-16,5.312131687491391e-17,5.762386325719193,5.762386325719189,7.70668929064968e-16,1.541337858129936e-16,8.135444324036502e-17,0.0,1.8221464145930956e-16,1.429739804385556e-16,0.19040341618973244
871,9.820816629468819,2.4251522189226162,-1.7558095464624208,6.275396368390922e-17,0.0,2.2204460492503126e-16,6.698232944628023e-16,3.3216960356975878,3.3216960356975918,1.2032416108210205e-15,1.2032416108210205e-15,1.4090033779996862e-16,0.0,1.5398765924455028e-16,5.877754489146254e-16,0.10182452618037185
872,41.90402820961766,-4.732656139228287,-1.6148608377871732,4.708247270983266e-16,8.795666979666248e-17,1.3877787807814455e-17,2.4732071290884357e-15,8.06774062491912,8.067740624919134,1.7614416942592858e-15,2.421982329606518e-15,1.2001134145602913e-16,1.1102230246251565e-16,1.5496266246806538e-16,1.2692600299136195e-14,0.023864054190633706
873,9.924233111094397,-2.423810785034084,-0.6832381179883869,5.463299765860322e-16,2.513265538710441e-16,4.742874840267547e-16,2.3981864055703324e-16,9.115038071830334,9.11503807183033,3.8976399778076873e-16,0.0,9.688497800575222e-17,0.0,3.9136336273785527e-16,1.3231773745308926e-15,0.10076345333747473
874,2.4169257779017213,-3.861922459520739,7.572241346273468,1.3226452425928803e-17,4.6003469888733696e-17,1.570092458683775e-16,4.440893491727752e-16,10.148949586044015,10.148949586044012,3.500572791972378e-16,7.001145583944756e-16,5.567727300729919e-17,0.0,2.5707484530888403e-16,1.539069228894228e-15,0.41374874195274614
875,6.795627613571257,-0.3819498816645125,0.08645319485908431,9.90584648545786e-17,3.1322536851507484e-17,4.47545209131181e-16,2.775557561562891e-16,3.676698811758868,3.676698811758868,0.0,2.415695342951511e-16,5.586013365727882e-17,0.0,1.8484671367743427e-16,1.3984004461249278e-15,0.14715344289951052
876,11.822340488570033,-0.4700119713815787,0.7424241066453185,3.2475720033910006e-17,0.0,2.482534153247273e-16,1.3322676295501878e-15,11.62072959809401,11.620729598094016,4.585831270933975e-16,9.17166254186795e-16,6.156995872056998e-17,0.0,3.4166609845383854e-16,2.220446049250313e-16,0.08458561999350285
877,12.727899769397022,-10.880653868311812,10.115734317744609,1.046581493730777e-16,0.0,2.220446049250313e-16,2.969473744809954e-16,16.8493126052401,16.84931260524012,1.0542607173468947e-15,4.217042869387579e-16,1.2612765065493958e-17,0.0,4.2234065927393987e-16,1.8232743627872804e-15,0.07856755773677859
878,23.744213340736394,-5.929531548282813,-3.075287414818007,1.7664768836761123e-16,1.288621204904844e-16,2.2530044628618934e-16,1.5861027470060663e-16,11.900949694449407,11.9009496944494,5.970470878399702e-16,0.0,1.2248851424462172e-16,1.1102230246251565e-16,2.6482334609331883e-16,1.3455440319430577e-15,0.04211552455537595
879,33.1485391504631,2.269809225211856,-0.21605076162038106,9.699950234412337e-17,3.4298843502974564e-16,2.220446049250313e-16,1.5204159064416105e-16,9.348725740935613,9.34872574093562,7.600423367313261e-16,1.9001058418283153e-16,5.263756685854042e-17,0.0,2.6103429163408315e-16,1.5089504626971238e-16,0.030167241924624832
880,5.9182753597397815,-4.748947876521332,-4.2387862837725425,7.557099345818605e-17,1.4947931915299185e-16,1.1102230246251568e-16,2.22060835196881e-16,4.011053281172462,4.011053281172461,2.2143271540898201e-16,0.0,7.089615018074316e-17,0.0,9.482290285941168e-17,7.677378065411724e-16,0.16896814345657005
881,17.513015648189096,-3.8409369417270036,2.0393928885415313,2.020178873901699e-16,3.4012682998675686e-17,2.2591401799415137e-16,1.348432593975683e-15,22.502786224459797,22.50278622445978,7.893941762062372e-16,7.893941762062372e-16,1.1815974724956058e-16,0.0,2.663364095333106e-16,2.2925307630102534e-15,0.057100388653131204
882,2.5128066685448323,-1.1449499534370338,1.1928637810504956,1.6651816521925366e-16,4.321917395142255e-17,0.0,2.2264754192978395e-16,5.049064499460464,5.049064499460464,0.0,1.759095016106518e-16,6.739199392965122e-17,1.1102230246251565e-16,2.542767222499019e-16,1.1427191512812287e-15,0.3979613762244195
883,4.940934076328752,-0.9971168259473846,1.6944483376648123,4.459505986683245e-17,3.661281517817631e-17,1.1443916996305594e-16,3.5528279117795874e-17,0.5586013554537643,0.5586013554537644,1.1102230246251565e-16,1.1102230246251565e-16,7.911524466495258e-17,0.0,5.103890951440916e-17,8.294245151447599e-16,0.20239088086417611
884,4.535109463096894,-8.299843302696123,3.6043115409108144,3.020353711558944e-17,0.0,2.7755575615628914e-17,5.551115123125783e-17,1.0072909057187334,1.0072909057187336,2.2043741650441645e-16,2.2043741650441645e-16,7.455902222847371e-17,0.0,3.6199663193433435e-16,2.0365131366675854e-16,0.2205018441422858
885,29.670547135661245,-2.368556638150409,-0.34006490824751795,9.208945502795078e-17,4.0890629830407386e-17,2.482534153247273e-16,1.7798229048217483e-15,30.563380691436834,30.56338069143684,2.324817214867785e-16,1.859853771894228e-15,1.1869384288694395e-16,0.0,1.1874354313798777e-16,1.3632047140046201e-15,0.03370345667802172
886,62.133508728773535,-7.647605635162308,-4.738564601636223,2.3533529837348295e-16,2.5139784068821216e-16,2.7755575615628914e-16,6.231497613231323e-16,21.38169097468814,21.381690974688038,4.818547644673236e-15,0.0,1.6613076859566457e-16,1.1102230246251565e-16,7.099259415761511e-17,4.1030193728586206e-16,0.016094375168241665
887,8.289991185406164,-1.0735105569543495,0.6363525597504012,2.4905750813512286e-16,1.2524975408103614e-16,5.5511151231257815e-17,2.22360658687641e-16,0.8477313554070721,0.8477313554070718,3.3306690738754696e-16,3.3306690738754696e-16,1.9115340737041487e-16,0.0,3.812046723802514e-16,1.190857578208345e-15,0.12062739002188785
888,31.548160113571665,0.09573538326806619,-0.22398162873122435,1.1483574811525617e-17,3.263277252877328e-17,2.2887833992611187e-16,8.894776037165419e-16,7.9283380320909655,7.928338032090966,1.1202580113323992e-16,4.481032045329597e-16,1.591603059117573e-16,0.0,1.7251511336653307e-16,1.0600578435335077e-15,0.03169756956982237
889,3.168082540515659,-6.889986712025426,-1.0482457088392674,2.3385743225389284e-16,1.4711782265742763e-16,1.2412670766236366e-16,1.9865972460343236e-17,2.063660427399852,2.063660427399852,0.0,2.1519490510829885e-16,1.1448207137269576e-16,0.0,4.571557157430561e-17,1.4111128304240514e-15,0.315648341610832
890,9.97805306493057,-6.915113689165155,2.1548448406371428,9.331778657755559e-17,0.0,1.570092458683775e-16,4.516914429876173e-16,8.785070128885856,8.785070128885861,6.066053474836173e-16,4.044035649890782e-16,1.1243880696363863e-16,0.0,9.176258492867039e-17,1.2444250719752657e-16,0.10021995207809115
891,9.510024059783426,-0.5094729225614982,-0.3658553059528138,3.123046435021406e-17,6.464783873246273e-17,0.0,1.2310612015980318e-16,4.828243476034556,4.828243476034558,3.67909540647104e-16,0.0,2.9857547963370293e-16,0.0,2.232885223525264e-16,2.5495773960733628e-15,0.10515220505370405
892,4.729454231511671,-2.451708405158273,0.4506332305501223,7.808758633172473e-17,6.95072532424808e-17,1.1102230246251568e-16,5.303697198763009e-18,10.061902240222373,10.06190224022237,3.5308568836999394e-16,0.0,7.633779077532915e-18,0.0,1.3397653210329765e-16,1.6231723623976282e-15,0.21144088747854817
893,17.448253815069847,-5.724306575965784,0.08290725369933583,1.3757096849925056e-16,1.5858925117170206e-17,1.3877787807814457e-16,1.2523886564118045e-15,15.129478033480034,15.129478033480053,1.2915135069539636e-15,1.1741031881399669e-15,7.291585337297913e-17,0.0,2.1744996382793028e-16,1.174910509061046e-15,0.05731232538217498
894,17.385596589208365,-0.2145495316315126,0.2985686369133723,1.1009698210989885e-16,0.0,2.220446049250313e-16,2.2593846557308507e-16,4.035849718527174,4.035849718527176,6.602166693344469e-16,2.86093890044927e-15,1.123420675483343e-16,0.0,1.6233485566293317e-16,3.885780586188048e-16,0.057518877472441506
895,23.634999157136473,-5.906001858261805,-1.445463753271531,4.482122929700634e-16,8.908070942519614e-17,2.2887833992611187e-16,1.3368855554576669e-15,62.41055834157263,62.410558341572624,1.1384976430931827e-16,3.4154929292795485e-16,1.0211882911311969e-17,0.0,2.7688350860806675e-16,4.2040350377006784e-15,0.0423101347857686
896,4.812259342911329,-4.9479270495261645,-0.3474689280663523,2.453927374139954e-16,4.844405162738892e-17,4.965068306494546e-16,4.441214528667837e-16,3.785007979353307,3.785007979353307,0.0,2.346569477647115e-16,1.003202807895574e-16,1.1102230246251565e-16,2.763984239843457e-16,1.7600740936985024e-16,0.20780259930775424
897,5.419824963607779,-2.670472944389507,1.9576425369277604,1.0832938229368782e-16,2.6637919005940817e-17,0.0,2.63073061029601e-17,1.158040807273302,1.158040807273302,0.0,5.752248198779439e-16,1.067542417708494e-16,1.1102230246251565e-16,1.9863894236308755e-16,8.5837650559364445e-16,0.18450780361259844
898,13.0303924822986,-3.7893605416473854,-2.052724231033959,0.0,0.0,5.551115123125783e-17,3.331075624877762e-16,3.021216680734105,3.0212166807341054,1.4699018864881825e-16,1.4699018864881825e-16,1.2240419563562451e-16,0.0,9.10999673107722e-17,2.293903234687414e-16,0.07674365920738697
899,2.608265787535048,-2.027879738647075,0.2839358748634371,3.041435078060908e-16,1.1346047850346738e-17,1.2412670766236366e-16,2.236529084827029e-16,5.767328993791983,5.767328993791983,0.0,0.0,1.1265894642793767e-16,0.0,6.22992789881206e-17,1.670831274595691e-16,0.38339650996421343
900,3.629423218976778,-2.0900244037440223,1.6981572636865399,1.4910169260053868e-16,2.5299413503773885e-16,2.2887833992611187e-16,2.239360757377142e-16,3.874353978393455,3.8743539783934553,1.1462277642328626e-16,3.4386832926985875e-16,1.4653950667237671e-16,2.220446049250313e-16,9.62482713177273e-17,4.515409045773663e-16,0.27552587275339124
901,4.120201098268865,-0.25222597906034305,0.9869512011574317,7.776833690629522e-17,9.91976342074172e-17,5.551115123125783e-17,2.689070276421235e-19,5.957382372243307,5.957382372243307,0.0,2.9817740886948424e-16,1.490302462020158e-16,2.220446049250313e-16,5.903178501974641e-17,1.1102230246251565e-16,0.24270660002982802
902,10.543422019388949,-3.2384114337952625,-2.1797209304305456,3.469813196112371e-16,2.0651856169761936e-16,3.3306690738754696e-16,7.772317414998691e-16,1.1021503307197626,1.1021503307197626,0.0,4.0292979775277007e-16,2.366783304406206e-16,2.220446049250313e-16,7.563464353544237e-17,8.381776554732168e-16,0.09484586675569304
903,14.568916404774663,1.1730774943520057,-0.1258886701426447,2.896306771041607e-17,0.0,1.387778780781446e-16,2.2887833992611187e-16,1.7913491435302336,1.7913491435302342,3.7186151967133325e-16,3.7186151967133325e-16,2.784891163514109e-17,0.0,1.133518025248441e-16,5.00499275338115e-16,0.06863928463974693
904,32.06456081141419,-4.323152483027825,-7.241483841631218,3.0688308015109413e-16,3.7798508515446217e-16,4.577566798522237e-16,1.665334536937734e-15,7.194060546984087,7.1940605469840815,7.407597536046341e-16,4.938398357364227e-16,5.413496370614535e-17,0.0,1.3009254201646852e-16,2.506473020060323e-15,0.0311870792767624
905,5.479935044209099,-4.994788738302526,-1.3286410952030216,3.824608769512319e-17,1.6586671176775897e-17,5.551115123125784e-17,5.551115123125783e-17,10.389578481906677,10.389578481906678,1.7097487087601813e-16,1.7097487087601813e-16,1.4011333342397157e-16,0.0,2.264133564285689e-16,5.28322745759948e-16,0.18248391485164528
906,32.75879188147393,-1.764158715371137,0.22319922476728388,6.848271728994617e-17,3.3814397598447214e-17,1.1443916996305594e-16,7.108895957933345e-16,2.252015419902761,2.2520154199027567,1.97196345071757e-15,1.380374415502299e-15,1.002416244763383e-16,0.0,1.4085742730239257e-16,3.1085812176274877e-15,0.030526156264184527
907,35.52427392052401,-2.2078187153877327,2.9725788202384082,1.3548517819379502e-16,3.46099400099336e-17,1.570092458683775e-16,1.807312143953211e-15,7.752752998580537,7.752752998580539,3.436889140655235e-16,1.374755656262094e-15,3.1836280414574793e-17,0.0,1.3267269602974696e-16,1.2491195215738777e-15,0.028149766051152183
908,29.722098130235636,-0.11149399033857024,-0.08862288939663795,8.71404914042537e-17,8.326672684688674e-17,2.220446049250313e-16,2.365604798581519e-16,24.499089191529457,24.49908919152946,1.4501411260745357e-16,2.9002822521490713e-16,1.797280006974456e-16,1.1102230246251565e-16,1.4453463401975654e-16,1.048435770666852e-15,0.03364500028289537
909,14.873599604440795,-0.886395298534795,-2.139417813772422,1.2417766445355085e-16,1.9907628360800058e-16,2.482534153247273e-16,2.2272172030817377e-16,9.425986184298772,9.425986184298772,0.0,0.0,1.9685095264037867e-16,2.220446049250313e-16,2.6943376932998176e-16,1.2335719967672856e-15,0.06723322037668888
910,59.474239499568284,-2.7566438745613673,0.6655500467329676,7.817346537607134e-17,1.1878056616309447e-16,4.47545209131181e-16,1.2174545926647195e-15,22.885607478254244,22.88560747825427,1.0866653102931117e-15,9.314274088226672e-16,1.2837123433526782e-16,0.0,1.5655530442067853e-16,7.035886516020587e-15,0.016814002304434264
911,20.566651843765904,-2.8904060676559613,-2.3813580881416523,1.0658929842586166e-16,5.3561466648579315e-17,2.2887833992611187e-16,8.08254562088053e-16,1.05834290951358,1.0583429095135801,2.0980402753119421e-16,1.049020137655971e-15,2.7919548420903606e-17,0.0,2.0478782138863973e-16,6.0216339338273836e-15,0.04862240133184805
912,3.078217418330599,-1.7415502355338148,-1.8758816111378827,3.4966493577641486e-17,0.0,0.0,2.220761137289023e-16,2.5298747848514207,2.5298747848514207,0.0,7.021520788447147e-16,1.7735208713438474e-16,2.220446049250313e-16,1.2583216497522885e-16,1.8285823572652825e-16,0.3248633426752324
913,13.069501927990569,-2.7165235931674854,-1.9605588703072097,2.558508275972917e-16,1.890031002012099e-16,4.484587321511725e-16,4.965068306494546e-16,2.258372871256834,2.2583728712568334,1.966412258587384e-16,9.83206129293692e-16,8.198334703227403e-17,1.1102230246251565e-16,2.21523171316456e-16,9.57724154433664e-16,0.07651400990716457
914,6.226404138431601,0.16083020095118294,-1.4602498310292673,6.136235153796673e-17,1.1025674718223648e-16,1.2412670766236366e-16,2.7371402790603257e-17,5.176460090549128,5.176460090549126,3.431605398916176e-16,3.431605398916176e-16,3.267129961753605e-17,0.0,2.613447138674508e-16,1.1847240059797886e-15,0.16060634320661038
915,2.976858035560029,-3.362668613549144,3.3983382650351888,1.903118626339406e-16,0.0,1.570092458683775e-16,2.2207566536835253e-16,2.6290846042889116,2.629084604288912,1.689140049451453e-16,5.06742014835436e-16,1.5959649984915708e-16,0.0,3.2027404870294167e-16,1.2218577214539128e-15,0.33592465211794087
916,28.729460682448188,-1.3970785191811286,6.0045150248162855,1.0443042794436706e-16,1.4018198378625073e-16,2.220446049250313e-16,1.845276169487004e-15,0.830675882718316,0.8306758827183173,1.2212453270876722e-15,1.1102230246251565e-15,1.0433393244312825e-17,0.0,2.6439012651749783e-17,4.1529506218358184e-16,0.034807475540642834
917,10.59194425853368,-1.2137072278428396,2.011707739337591,1.551315870053251e-16,4.879250908709176e-17,0.0,2.24272554504613e-16,4.632051766803739,4.632051766803739,0.0,3.8349244111017184e-16,4.367380754801136e-17,0.0,8.456832186587e-17,1.492300965714597e-15,0.09441137298228451
918,12.79885074434381,0.2112127711547892,-0.9361289290306523,5.603803770709934e-17,0.0,5.551115123125783e-17,6.661338147750939e-16,7.273884861139003,7.273884861139003,0.0,2.4421019486993838e-16,4.1298115623336996e-17,0.0,2.2704615202474884e-16,3.468444264635376e-15,0.07813201512971091
919,9.030198364943097,-3.912769284094273,-2.4812612732322696,2.1116019136053258e-16,6.604238996465968e-17,7.632783294297951e-17,2.482534153247273e-16,1.9880241356944905,1.9880241356944928,1.116911011985591e-15,4.467644047942364e-16,1.7216099278265193e-16,0.0,2.844609698779735e-16,1.2733624570591507e-16,0.11073953855567374
920,3.875584875847679,0.026963797867705638,0.5727495223488617,2.9998479019764154e-17,4.176399031984136e-17,1.570092458683775e-16,1.137793460927228e-16,13.226592571596846,13.226592571596848,1.343019246857916e-16,2.686038493715832e-16,1.3531897206592846e-16,0.0,2.864934555039926e-16,9.279688356357753e-16,0.25802557085819916
921,16.662056515386688,-3.3060750393504135,2.1353892523639524,1.8821010645767312e-16,4.0959865465672515e-17,2.482534153247273e-16,2.342523850591082e-16,12.09569124463301,12.095691244633016,5.87434584257742e-16,1.468586460644355e-16,4.004864370923562e-17,0.0,2.206040339145751e-16,2.6896306699321966e-16,0.06001660113663479
922,4.351558363679417,-3.7787617879726616,1.405968789737326,5.862355471798523e-16,3.2783621999458384e-16,5.661048867003676e-16,2.2445495255085527e-16,3.436534257843613,3.436534257843614,2.5845178690505685e-16,0.0,1.1710841864554573e-16,0.0,3.2575479716946027e-16,0.0,0.22980273190095954
923,4.065032162798951,-0.49557593037781583,-0.024568543097140516,2.115233845175177e-16,1.2116098494093192e-16,2.482534153247273e-16,2.252452052622099e-16,6.990121262123006,6.990121262123006,0.0,2.541238946777218e-16,5.194918685012041e-18,0.0,1.8035864393175719e-16,4.4253466128535883e-16,0.24600051363713116
924,3.025337975658987,-3.211867528968169,1.927162655274802,2.1209655156667686e-16,7.700940241068589e-17,1.1102230246251565e-16,2.247776660707475e-16,2.074867960381727,2.0748679603817273,2.1403251596229798e-16,2.1403251596229798e-16,3.581682461775234e-17,0.0,1.8546918244056065e-16,1.515965850207109e-15,0.3305415818152275
925,8.244003738251255,-0.10440115869668676,0.5537142227119614,5.817018854584831e-17,0.0,4.440892098500626e-16,3.3355247001800596e-16,6.1237794884343435,6.123779488434342,2.900752456477509e-16,4.3511286847162633e-16,1.0413446636259706e-16,1.1102230246251565e-16,7.154530188086304e-17,2.220446049250313e-16,0.12130028463719891
926,3.472274110143956,-0.1477269719789842,0.10112537711435687,9.884111811329825e-17,5.85816727760365e-17,3.723801229870909e-16,9.915933615625234e-18,2.133685535434133,2.1336855354341338,4.1626491108935177e-16,2.0813245554467588e-16,9.94735326673478e-17,0.0,2.3336779671776462e-16,4.159846148276854e-16,0.2879956962725331
927,17.582868909279664,-1.141839725692584,-1.177147109847619,3.800257380322998e-16,1.3891335757456726e-16,4.47545209131181e-16,2.7755575615628914e-17,2.7168391265198757,2.716839126519874,6.538321765395317e-16,1.3076643530790634e-15,1.1463627204321638e-16,0.0,1.6417506962579327e-16,0.0,0.05687354010085366
928,1.410197299970503,-1.0242544210747038,-0.9544164457069569,5.497988063200297e-17,6.98784412854834e-17,1.2412670766236366e-16,4.455758732779342e-16,1.8801096004376463,1.8801096004376463,0.0,7.086116837231546e-16,1.177174058640507e-16,0.0,5.931826089400232e-17,4.2003962399215795e-16,0.7091206315746864
929,29.21967801677582,-2.5140625305967603,0.309573723924617,2.0580001810312226e-16,0.0,2.2887833992611187e-16,6.674335893081555e-16,15.907487057975647,15.907487057975644,2.233359465170366e-16,6.700078395511098e-16,1.3801005747646883e-16,1.1102230246251565e-16,1.1967077396764743e-16,6.3752944572858005e-15,0.03422351195744955
930,26.419199703901874,-0.2818489397692871,-1.1247212591736617,4.4645243912666344e-17,1.9644800125214282e-16,2.220446049250313e-16,1.1102230246251565e-15,6.568828926994938,6.568828926994919,2.8394325717712523e-15,1.8929550478475015e-15,1.5152069336643368e-17,0.0,5.998050424953553e-17,3.4269053617332455e-16,0.03785126011414526
931,4.973794181425958,-5.382243067517207,-1.0132642033297556,2.5365327860491654e-16,6.973200941008089e-17,1.570092458683775e-16,1.127004756921308e-16,5.979741645053858,5.979741645053858,0.0,2.9706247273568476e-16,8.291892558567725e-17,0.0,1.7646933666047877e-16,1.6547097754871365e-15,0.2010537556488335
932,2.3768299562910276,-0.9034439992861787,0.07971524591655843,5.147250688454476e-17,0.0,1.1102230246251565e-16,5.338347338326317e-18,11.364487159405087,11.364487159405089,1.5630769910546848e-16,1.5630769910546848e-16,5.566192415767088e-17,0.0,5.178981294511046e-17,1.914352788266753e-16,0.4207284569740408
933,70.10276597198072,-5.27283443164106,-3.191376500176015,6.487799138806147e-17,1.6557507976874636e-16,2.2247786310271853e-16,3.5658083926151344e-15,0.8239546058305909,0.8239546058306007,9.769962616701378e-15,1.9984014443252818e-15,8.045418823710611e-17,0.0,1.8792910361333245e-16,1.9072522529098553e-14,0.014264772382872536
934,18.432060419642628,-2.2574332728529014,2.2406260404917413,5.607788452283664e-17,1.7530480225603447e-16,2.2887833992611187e-16,2.2584818571949833e-16,1.561133840610301,1.5611338406103017,4.2669872207412993e-16,9.956303515063032e-16,6.392442982553635e-17,0.0,1.4107318576918754e-16,4.954026635073854e-15,0.054253294381262016
935,22.493085761862602,0.9648748086098745,-0.698416512108569,1.6142732971241425e-16,8.513872628028904e-17,4.577566798522237e-16,2.2206017903863215e-16,3.4637067819488414,3.463706781948843,5.128485034177142e-16,1.2821212585442856e-16,6.825557971734142e-17,0.0,8.886403528274198e-17,7.39102427285871e-16,0.044458106397100565
936,39.34792915302406,-2.400610489630818,-0.7699193256471231,7.880085968780068e-17,2.397202892670334e-17,2.220446049250313e-16,2.2887833992611187e-16,0.18180552654000848,0.18180552654000848,0.0,2.220446049250313e-16,1.1060948349652413e-16,1.1102230246251565e-16,2.4875709926045667e-17,9.475261736224197e-15,0.02541429807172682
937,1.3269314789536708,-0.3679847640957001,1.9304116970805745,4.1043281356780364e-17,6.394676162873764e-17,2.371437420133774e-16,1.1214233110435994e-16,9.014226839703054,9.014226839703053,1.970614752644462e-16,5.911844257933385e-16,8.832631670096126e-17,1.1102230246251565e-16,1.4594480550604997e-16,1.1704950535202536e-15,0.7536184165202957
938,38.99435716474308,0.4348063116287184,1.1478656651771582,3.847083761506106e-17,0.0,2.220446049250313e-16,2.226307107910279e-16,1.2566038813726004,1.2566038813725986,1.4136171833719938e-15,3.5340429584299846e-16,3.213749958100335e-17,0.0,7.270337449981517e-17,8.263945983812162e-16,0.025644736128747285
939,3.909084474470179,-6.689523135098538,2.9805715588983257,2.252637169910125e-16,1.460905816419287e-16,1.2412670766236366e-16,2.2237627125550848e-16,8.013384006254713,8.013384006254713,0.0,4.4334748915408143e-16,7.037497742258384e-17,0.0,7.795768568841688e-17,9.981253865617974e-16,0.25581437457565687
940,3.6315054290211894,-1.054686927581354,-1.8450250568111928,4.0934000839250586e-17,0.0,2.2215299868541707e-16,9.909893085082601e-20,8.22817063279037,8.228170632790372,2.1588721462839248e-16,2.1588721462839248e-16,1.1801533743807518e-16,1.1102230246251565e-16,3.832594026221832e-16,5.921150846385434e-16,0.27536789343848844
941,31.96494320610716,-6.310304134044839,-0.35346530654987424,2.1011554183342327e-16,0.0,5.551115123125783e-17,1.1768786616252404e-15,7.390987228176215,7.39098722817624,3.3647732006350834e-15,1.3218751859637829e-15,1.0112047302900683e-16,1.1102230246251565e-16,1.0807996286455372e-16,3.7049822213202606e-15,0.03128427269687406
942,17.334485602498653,-2.789954203125247,-0.42054255646280825,1.629824494494509e-16,3.231568802614754e-17,2.482534153247273e-16,8.899114524108741e-16,27.032922823848352,27.03292282384836,2.6284347437756963e-16,5.256869487551393e-16,1.2055998174038376e-16,1.1102230246251565e-16,2.4743110389828466e-16,1.946763600897718e-15,0.05768847273182481
943,13.309026725403267,-1.7670129528673177,-0.2272842286115655,2.9012391574846755e-17,0.0,1.3472894910096233e-16,8.213760694842821e-17,0.8030901520611582,0.8030901520611581,1.1102230246251565e-16,2.220446049250313e-16,1.4345611445678797e-16,1.1102230246251565e-16,4.2706348202606274e-17,1.5751538185886703e-15,0.07513697437328612
944,35.76464178342668,2.9420868707856784,1.7303775843894553,1.5552918178235678e-16,1.7672983797381537e-16,4.440892098500626e-16,4.742874840267548e-16,15.992742852186069,15.99274285218609,1.3328721827031225e-15,4.442907275677075e-16,2.018086436721761e-17,0.0,7.193486069113029e-17,1.3325104121743844e-16,0.027960576427843407
945,7.42609111736095,-0.34422874589181535,0.800071217860586,3.450473276096096e-17,3.2333867109827436e-17,2.2887833992611187e-16,4.452289030216381e-16,11.743369196478724,11.743369196478728,3.025293354368685e-16,3.025293354368685e-16,2.036460285948046e-17,0.0,1.8363414823936948e-16,2.008412166898713e-15,0.13466034609542676
946,5.622550301351614,-2.667153588830219,0.8458685419390449,4.2917963936037173e-16,1.698038399385619e-16,4.440892098500626e-16,4.742874840267547e-16,2.551837783857648,2.551837783857649,3.480544199629546e-16,6.961088399259092e-16,5.1430375442898176e-17,0.0,1.3837523466338974e-16,1.7932273333887057e-15,0.17785523408471773
947,5.597326540476334,-4.557232440398765,-0.43494619217478375,6.406847611477406e-17,1.132844460947215e-16,2.7755575615628914e-16,1.3121660337861095e-17,8.437440522626897,8.437440522626895,2.1053266504653272e-16,4.2106533009306543e-16,1.6075029478223903e-17,0.0,1.9827744591088714e-16,3.919802598651361e-16,0.1786567199123782
948,7.641480312953536,-3.5671430175080507,0.44614189537147164,2.283161220502407e-16,4.934111021854697e-17,0.0,1.5700924586837752e-16,16.222656305476832,16.22265630547683,2.1899703796357266e-16,0.0,2.2004144669225953e-17,0.0,2.6889246823237123e-16,2.453191616490868e-15,0.13086469624280095
949,32.52061346335093,3.9433444086174827,0.7348673916896975,7.129884962793285e-17,1.0470259273278211e-16,2.482534153247273e-16,2.2211740071212153e-16,11.510810168842621,11.510810168842612,7.716037417628868e-16,1.5432074835257735e-16,8.333216417233554e-17,0.0,1.7748244542442628e-16,1.6118985985153769e-15,0.030749727434475377
950,5.058034873781199,-0.5533023835416487,1.2121219981476687,5.576918864313039e-16,4.428864602700108e-16,6.661338147750939e-16,2.220575432176179e-16,12.77198667776982,12.77198667776982,0.0,0.0,1.090645611166497e-16,0.0,1.922346930002127e-16,0.0,0.19770524026704397
951,5.83726535233349,0.4072081192718892,1.7172457517150703,3.3453823457528576e-17,2.0161607131961382e-16,2.2247786310271853e-16,6.684427777288335e-16,1.331612591463067,1.3316125914630672,1.6674865223455634e-16,1.6674865223455634e-16,5.606564269625977e-17,0.0,2.9384008045752744e-16,2.0502958006629708e-16,0.17131309605451417
952,3.9045919204000876,-5.343890318361948,1.0934168041279833,1.5774459980718138e-16,8.769710955265021e-17,4.441027621704298e-16,4.442351730836273e-16,1.9698270456233833,1.9698270456233833,0.0,2.2544578765772984e-16,7.36351006478627e-17,0.0,2.6062680431718137e-16,1.895210362484224e-15,0.256108710048638
953,18.867589112753958,-0.13503376479497348,0.0033321066979952463,8.327421820160185e-17,7.689046577883981e-17,1.2412670766236366e-16,2.256029099663285e-16,3.0776831895041052,3.0776831895041115,2.020106864508896e-15,2.885866949298423e-16,1.5012219300656007e-16,0.0,2.4146189655389485e-16,2.1166854616154524e-15,0.0530009421990254
954,3.662164032179336,-1.543074988997073,1.3054102315309843,3.3667289160133304e-17,0.0,1.2412670766236366e-16,1.1316819481536696e-16,5.795506073737673,5.795506073737673,0.0,0.0,1.2940081501008358e-16,0.0,1.8645460052114295e-16,8.044723024561543e-16,0.2730625911928097
955,36.94776138960406,-1.1233038524920809,-4.024177513287645,4.354532261544252e-17,0.0,1.1443916996305594e-16,2.664916025016477e-15,9.268745086745206,9.268745086745191,1.5332015911759485e-15,2.2998023867639225e-15,2.682284921515886e-16,0.0,1.5577694543271234e-16,8.406093315061456e-15,0.027065239202315784
956,4.749986265134573,-0.5119337871512412,1.2226377826308878,5.902892167107269e-17,8.521792414409615e-17,1.1102230246251565e-16,5.648228424983485e-17,0.7505988658373193,0.7505988658373193,0.0,4.440892098500626e-16,9.008415525026289e-17,0.0,1.5499346118685831e-16,8.095625112620373e-16,0.21052692453873312
957,89.76698428180201,0.13715228317109573,-2.4511376260642477,1.4097390419072796e-17,1.9402300204105988e-16,5.551115123125784e-17,1.111609937126711e-15,22.330234577543536,22.33023457754343,4.7729642066187215e-15,1.2727904550983258e-15,7.968674225990115e-17,0.0,2.401614026049674e-16,3.963119603223247e-14,0.01113995315764689
958,22.29663813489096,-3.890567739322733,-0.9181110258721288,8.341287185738642e-17,3.160400619717428e-17,5.551115123125783e-17,3.430048114659848e-17,0.5779438461402381,0.5779438461402382,1.1102230246251565e-16,1.887379141862766e-15,2.0517130182305753e-16,2.220446049250313e-16,9.898497525763834e-17,3.707602750292956e-15,0.044849810718108646
959,1.9335225597385717,-3.4565699853845118,0.9202818618662916,1.9139356829565237e-16,1.9402025995631236e-16,4.449557262054371e-16,2.222590078687178e-16,0.13595317968207785,0.13595317968207776,8.326672684688674e-17,2.7755575615628914e-17,5.559320388488486e-17,0.0,5.9338951714858e-17,0.0,0.5171907588888995
960,7.66484610540604,-2.0001259850682453,-0.17192844404228919,1.9999617834771742e-16,6.850310410166394e-18,2.220446049250313e-16,2.222343074571617e-16,3.097477579379764,3.0974775793797646,1.433712427190471e-16,0.0,1.0075561036602515e-16,1.1102230246251565e-16,1.5545549466364535e-16,1.471088656918439e-15,0.13046576359761375
961,3.261323505399863,-3.578654441728885,-0.7156286404258163,2.3131200680030985e-16,0.0,2.220446049250313e-16,2.233048568792213e-16,2.772376737790814,2.7723767377908137,1.6018357238271228e-16,1.6018357238271228e-16,4.657786884857713e-17,0.0,3.1056557209110647e-16,2.382510863378247e-16,0.3066239820564488
962,10.106066750956243,0.5705839749418978,-4.601193755430729,9.208276601129045e-17,7.741785873407401e-17,1.5700924586837752e-16,2.371437420133774e-16,9.03287522302784,9.032875223027844,3.9330928315531667e-16,3.9330928315531667e-16,1.5720766512606385e-17,0.0,6.177237210759759e-17,4.0748242082419135e-16,0.09895046457172768
963,3.1218073353826217,-1.2059322387350286,-1.1731309335187392,4.536377503239434e-17,8.942423903255253e-17,4.47545209131181e-16,2.2239609179477417e-16,16.079691662798208,16.07969166279821,2.2094414204595845e-16,6.628324261378754e-16,1.4067014903268663e-16,0.0,1.4732681770502571e-16,8.612595806920525e-16,0.32032726320614957
964,3.9581998449516895,-0.43213015546883754,1.3466932909137723,2.1299874632827585e-16,2.0978626728922246e-16,2.220446049250313e-16,1.7505011275317676e-17,3.6134588584809264,3.6134588584809246,4.915945937037786e-16,1.2289864842594465e-16,3.69602089019433e-17,0.0,2.1011481199260664e-16,1.8750719718493361e-16,0.252640098825582
965,25.38077734535443,-1.356951752147642,-2.0487694238902,6.700811329893435e-17,0.0,1.1102230246251565e-16,1.332860262254892e-15,3.045027977273692,3.0450279772736906,4.3752229519513593e-16,1.895929945845589e-15,1.4002428896626518e-16,0.0,2.83590930196327e-16,1.5327767988444136e-15,0.03939989648044184
966,3.259912921951109,-0.7192487559561284,1.0398625389382092,1.8711732019524047e-16,1.195624961075304e-16,4.440892098500626e-16,2.24773503163542e-16,3.474198521365079,3.4741985213650795,1.278249377861031e-16,1.278249377861031e-16,2.275843377403744e-16,0.0,2.0015608809005915e-16,2.220446049250313e-16,0.30675666005259006
967,5.721298340534504,2.204503157730979,3.4453893611922823,1.0801424409239403e-17,1.6411093383188226e-16,2.775557561562892e-17,2.2967325815709214e-16,8.065321941631849,8.065321941631845,4.404924818266689e-16,2.2024624091333445e-16,1.4699305319858831e-16,2.220446049250313e-16,1.0352596293110356e-16,1.0792184060980647e-15,0.1747855015556805
968,14.540514265687813,-0.9291012444679668,0.5081397089484843,1.192241858461382e-16,3.205919505171699e-17,1.570092458683775e-16,2.8410051537507676e-16,12.713257427738057,12.71325742773805,5.588990388960605e-16,4.1917427917204535e-16,1.6666438586637194e-16,0.0,3.294789860908106e-16,1.2600497765882837e-15,0.06877335847466026
969,18.287616567075208,-0.09962324267590306,1.928321683832461,1.9999162158338988e-17,4.987729936897191e-17,2.482534153247273e-16,6.866350197783357e-16,8.095458888476207,8.095458888476209,2.1942633072090255e-16,2.1942633072090255e-16,1.2791630558113952e-16,0.0,3.589611755518326e-16,1.5561123847676141e-15,0.05468181139583366
970,35.810909699437886,1.110171315761242,1.1108673160660694,1.9630893887486497e-16,5.173482004921448e-17,2.280617143682994e-16,4.552182211337951e-16,3.5403539189396844,3.5403539189396636,5.895510262771707e-15,3.763091657088324e-16,1.841472503460315e-16,0.0,2.923226980267557e-16,6.352059262921163e-15,0.02792445119078797
971,10.652824748913709,-1.5165284859821027,1.0556468249517819,6.140005477860857e-17,0.0,2.220446049250313e-16,4.258310216670007e-17,8.392429892343998,8.392429892344005,8.466472104917951e-16,0.0,6.800194236330553e-17,0.0,7.665057401053061e-17,3.774542280672711e-15,0.09387181555783686
972,6.371725934656774,-3.9872691724596976,1.5094953724343139,1.533319929429411e-16,1.5784683963634032e-16,4.47545209131181e-16,1.4949611835108692e-18,9.887184936723493,9.887184936723493,0.0,3.593250962268166e-16,1.571866725796081e-16,1.1102230246251565e-16,7.392070476470609e-17,2.5441817794100404e-16,0.1569433478864575
973,5.40531676575217,-5.344635986219481,-5.3044582117300925,1.8456243346614129e-16,1.6906572410901337e-16,2.371437420133774e-16,3.3443766799269905e-16,4.766886434616174,4.766886434616166,1.676902919115749e-15,3.7264509313683316e-16,1.3327304675170638e-16,1.1102230246251565e-16,1.2655584537314692e-16,4.974910233036244e-16,0.1850030337418811
974,6.78518197430131,-4.903144205314463,3.250272963725585,6.248354060682502e-17,1.059323396613747e-16,0.0,5.551115123125783e-17,7.458827405324163,7.458827405324162,1.1907748650493471e-16,3.5723245951480414e-16,1.2420916329049306e-16,0.0,7.913165482475593e-17,6.264014410508786e-16,0.1473799824068791
975,11.272833947493774,-2.0177920241525023,-3.148038926923337,1.4288928189516313e-16,8.966877132651231e-17,0.0,8.95090418262362e-16,13.456876669121414,13.45687666912141,2.640073002194241e-16,3.9601095032913617e-16,1.594745397305064e-16,0.0,1.1145877822171917e-16,1.7392304966000523e-15,0.08870883796016094
976,17.289259054563217,-3.6172713521942397,-2.0454353213527714,2.1355996354572247e-16,3.200684576535684e-16,2.2887833992611187e-16,4.455705769727992e-16,2.718891888685987,2.7188918886859863,3.2666926676859255e-16,1.6333463338429627e-16,4.271816659981787e-17,0.0,1.1711008163391736e-16,8.166251395717833e-16,0.057839378590147136
977,50.552704755772574,-0.6423890462610766,-1.4205018548763895,1.4689562480784256e-16,2.3503677474982894e-16,3.723801229870909e-16,1.1817878463728978e-15,13.652480599328943,13.652480599328939,2.602247740220284e-16,5.204495480440568e-16,6.651844643820559e-17,0.0,1.1649429749624415e-16,3.3306690738754696e-16,0.019781335238757466
978,2.9431814102393314,-3.5869719032666176,-0.026192243296251805,3.985148069865607e-16,4.8703098817883174e-17,2.2887833992611187e-16,2.4441242430587957e-17,2.2905493205752228,2.2905493205752236,3.877578237333384e-16,0.0,8.340603321466853e-17,1.1102230246251565e-16,2.4604846951622563e-16,3.6596999224501704e-16,0.33976838686225674
979,7.788811634960242,-1.3291227149222598,0.5837816934294044,1.944812635766916e-16,5.876863161621502e-17,2.775557561562892e-16,5.5511151231257815e-17,1.9973018584124134,1.997301858412412,6.670336904453499e-16,5.558614087044582e-16,3.477036575719524e-17,0.0,1.0561063803287809e-16,2.656491436496632e-16,0.12838929054484693
980,69.24768488193256,-2.7259208412501925,-0.9910294452112054,2.3933079608198613e-16,4.312158005108529e-17,3.3766115072321297e-16,2.670635947307167e-15,15.953841591419167,15.95384159141918,7.794046220497572e-16,2.6722444184563106e-15,1.2525530199472805e-16,0.0,3.3296681699121755e-16,3.929259330396718e-15,0.014440915991701145
981,4.2869028237110225,-1.9126332430632544,-1.097532599315298,1.0175617306309383e-16,8.373839142843781e-17,2.2887833992611187e-16,3.806395471594611e-17,2.0586425457414457,2.058642545741445,4.314388729298494e-16,0.0,1.2491761748410773e-16,0.0,1.3123575110086756e-16,1.8256296462346077e-15,0.23326864198296363
982,3.997249933822653,-1.1468834321649206,-0.034939875246762675,8.558294918466446e-17,5.127575486131793e-17,1.6653345369377348e-16,3.3619194213788306e-16,16.20965574392218,16.209655743922184,2.191726792305625e-16,4.38345358461125e-16,1.3751578962889526e-16,1.1102230246251565e-16,4.299912678634158e-16,1.9009570861557093e-16,0.25017199738713347
983,10.51895949041638,-5.028061106834241,-3.455417697629067,2.2658929868058077e-17,8.343455341820235e-17,0.0,4.742874840267548e-16,2.861217391674723,2.8612173916747246,4.656296419232888e-16,4.656296419232888e-16,1.4623335697204464e-17,0.0,2.1151483562267498e-16,2.950383727416507e-15,0.09506643702840535
984,4.613389867094974,-6.420829405561193,-0.01079280558591389,1.3343489417425587e-16,8.512811660854111e-17,0.0,6.667567262339569e-16,1.4546269963814287,1.454626996381428,4.579413254615701e-16,1.2211768678975203e-15,9.335164396898578e-17,0.0,2.188020302331026e-16,3.4182447242252837e-16,0.21676034950622736
985,55.21498798852967,-1.5127246304320652,0.004523865904992097,2.1331692648479032e-16,1.6961384559249104e-17,2.2887833992611187e-16,2.2887833992611187e-16,35.67188435236962,35.671884352369695,2.191072951502743e-15,3.9837690027322606e-16,8.375406981070262e-17,0.0,3.5337044889643155e-16,6.366159423521893e-16,0.018111024495880437
986,3.1885157328653495,0.7452911802949937,1.188059321078029,5.410323335284779e-17,0.0,1.1102230246251565e-16,3.334580634247068e-16,8.977594508697006,8.977594508697006,0.0,0.0,8.861588955323953e-17,0.0,2.1818727191561929e-16,1.6393341088671739e-16,0.31362554987343694
987,23.971484013927267,-2.0063992296300723,-1.7612796139969666,0.0,3.443208467901033e-17,5.551115123125783e-17,9.305364597889225e-16,12.765295837918398,12.765295837918378,1.5307068070730335e-15,9.740861499555667e-16,1.1339281096236178e-16,1.1102230246251565e-16,1.889657001293191e-16,2.9381014383835328e-15,0.04171623247935057
988,1.8311897954561638,-3.3271931228085854,0.8401716032096858,1.9359317082299265e-16,5.4064862620822396e-17,1.1631705747361534e-16,1.2186154436479824e-16,3.182577901902339,3.1825779019023392,1.395375772528977e-16,0.0,1.1157944726401858e-16,0.0,1.7098328374141882e-16,6.734552605294627e-16,0.5460930387889649
989,1.5739968578306147,-3.288725842592175,-2.154894216265049,1.430626094898167e-16,9.363463120262841e-17,3.3306690738754696e-16,1.1130055926547924e-16,2.692266314032649,2.6922663140326493,1.6494995592946277e-16,0.0,6.226119102745668e-17,0.0,1.378124182505355e-16,0.0,0.6353252835448894
990,19.44795522755843,-2.1720778080955534,2.3138938934527196,1.0617733780198564e-16,4.661054695913426e-17,2.2887833992611187e-16,9.238896857051834e-16,5.50930490797912,5.50930490797911,1.7733566720098487e-15,9.672854574599174e-16,8.080704553386707e-17,0.0,4.657947345943368e-16,1.8309809252484465e-15,0.051419287441745884
991,7.635827678560277,-0.9169827715072773,2.170356437618456,5.0844547276296635e-17,3.2369697987118154e-16,1.475229079552588e-16,9.083182539021457e-16,7.5115040604095205,7.511504060409524,4.729696809358857e-16,8.276969416378001e-16,1.205614312621501e-16,0.0,1.884509654439519e-16,3.41586769428353e-16,0.13096157248385532
992,2.1541549456796383,2.318872142601957,2.654722968091212,1.0950082067448707e-16,1.25279190809282e-16,2.2887833992611187e-16,1.743540406267192e-17,5.86947179233133,5.86947179233133,0.0,0.0,1.0679314942111164e-16,0.0,1.3565363558721907e-16,1.5794636938995145e-15,0.4642191602816665
993,3.46254830613776,-3.587432794996431,-1.6775896369028658,2.2502833022717304e-16,8.341116678109147e-17,1.1102230246251565e-16,6.732833384654968e-19,2.4176097953491924,2.417609795349193,1.8368936571334485e-16,7.347574628533794e-16,1.706316971397722e-16,1.1102230246251565e-16,3.974465975730056e-16,8.314644776755188e-16,0.28880463507971393
994,11.361786474513883,-4.897909166761428,1.0604030825105406,2.654875986600689e-16,5.0535627305339576e-17,3.3766115072321297e-16,2.7755575615628914e-17,6.667912746769672,6.667912746769676,5.328074637031872e-16,3.9960559777739037e-16,8.013501938872146e-17,0.0,1.441339133565585e-16,7.086600242189137e-16,0.08801432787380259
995,8.127543536004277,2.717934476897043,-5.113802393553911,1.3300940464015262e-16,3.0481738638105097e-16,3.723801229870909e-16,1.1855976847501553e-16,3.893454778987559,3.893454778987561,4.562418058601847e-16,1.1406045146504619e-16,6.126004470651473e-17,0.0,1.3554140952578277e-16,2.089923961003176e-15,0.1230384058319826
996,35.25099831059469,-0.2844914531813516,0.2171855333937628,1.5696597392555498e-16,1.0652307186870257e-16,2.2887833992611187e-16,6.866350197783357e-16,28.606953175530048,28.60695317553011,2.1112396055959726e-15,3.725716951051716e-16,2.4476358332930307e-17,0.0,9.573412864211252e-17,1.6653345369377348e-15,0.028367990920117936
997,2.5315540776262573,-5.812206673360934,-0.15372514074375432,4.491463730280243e-16,1.0007155986276066e-16,5.661048867003676e-16,5.554454554592631e-16,4.930133318962365,4.9301333189623655,1.8015302269494375e-16,5.404590680848313e-16,1.4990599700653939e-16,1.1102230246251565e-16,1.49600232494087e-16,7.321150347173051e-16,0.39501427555427215
998,5.1323998292793584,-1.7766820695901402,0.5858646514917532,3.399206598178075e-16,8.731974050837314e-17,3.3766115072321297e-16,2.2338657527156994e-16,5.438326243768364,5.4383262437683655,3.266366819084698e-16,6.532733638169396e-16,1.4699203106140212e-16,0.0,1.730776622214231e-16,1.407355941458807e-15,0.19484062685358028
999,2.564328932390309,-5.836386486076946,0.7907874210677914,1.0995168369050099e-16,7.944110504614078e-17,0.0,2.2240389785197875e-16,7.321791980808858,7.3217919808088565,2.4261230639387974e-16,1.2130615319693987e-16,6.41663122362e-17,0.0,9.857647026702398e-17,6.529043849458589e-16,0.3899655724228256
