time,pulse,a,a_t,a_r,incoming,outgoing
0.0,0,0.0,0.0,0.0,0.0,0.0
0.0,1,0.0,0.0,0.0,0.0,0.0
0.02,0,0.0,0.0,0.0,0.0,0.0
0.02,1,0.0,0.0,0.0,0.0,0.0
0.04,0,0.0,0.0,0.0,0.0,0.0
0.04,1,0.0,0.0,0.0,0.0,0.0
0.06,0,0.0,0.0,0.0,0.0,0.0
0.06,1,0.0,0.0,0.0,0.0,0.0
0.08,0,0.0,0.0,0.0,0.0,0.0
0.08,1,0.0,0.0,0.0,0.0,0.0
0.1,0,0.0,0.0,6.351358089939016e-26,4.445950662957311e-25,-4.445950662957311e-25
0.1,1,0.0,0.0,0.0,0.0,0.0
0.12,0,7.004650595205387e-27,3.2869141163318693e-24,6.019527704243841e-23,4.443788404366896e-22,-3.983620428080434e-22
0.12,1,0.0,0.0,0.0,0.0,0.0
0.14,0,1.4110323875398597e-24,3.588642218094803e-22,4.040788989853479e-21,3.079827799783449e-20,-2.5774178892501762e-20
0.14,1,0.0,0.0,0.0,0.0,0.0
0.16,0,6.551443805140816e-23,1.2199599301218833e-20,1.0433570295143996e-19,8.157798729876372e-19,-6.449854827705736e-19
0.16,1,0.0,0.0,0.0,0.0,0.0
0.18,0,1.4624448644104545e-21,2.202260619479847e-19,1.5513975229000762e-18,1.2402096316368632e-17,-9.318931449096846e-18
0.18,1,0.0,0.0,0.0,0.0,0.0
0.2,0,2.0510701141603194e-20,2.624398840796885e-18,1.5896259622836063e-17,1.2965486459600144e-16,-9.291328082484505e-17
0.2,1,0.0,0.0,0.0,0.0,0.0
0.22,0,2.069517007752028e-19,2.3175037455482824e-17,1.2395470095918035e-16,1.0300116447530298e-15,-7.055611203762703e-16
0.22,1,0.0,0.0,0.0,0.0,0.0
0.24,0,1.6278001906756639e-18,1.627040517473127e-16,7.825633011760482e-16,6.617685370558864e-15,-4.339828646096486e-15
0.24,1,0.0,0.0,0.0,0.0,0.0
0.26,0,1.0517049135501551e-17,9.515572709871057e-16,4.170557911977795e-15,3.586006480532206e-14,-2.2538263011502578e-14
0.26,1,0.0,0.0,0.0,0.0,0.0
0.28,0,5.788175655232238e-17,4.790718445746849e-15,1.9328493959791404e-14,1.6886342771704394e-13,-1.0179336947658804e-13
0.28,1,0.0,0.0,0.0,0.0,0.0
0.3,0,2.786466946840908e-16,2.127115106571216e-14,7.9635933019322e-14,7.064889119425812e-13,-4.0869279702261094e-13
0.3,1,0.0,0.0,0.0,0.0,0.0
0.32,0,1.197080052760512e-15,8.483778060480942e-14,2.9666189330939294e-13,2.6710962574257967e-12,-1.483367328958465e-12
0.32,1,0.0,0.0,0.0,0.0,0.0
0.34,0,4.6612561257793396e-15,3.083419313620462e-13,1.0125506163635843e-12,9.248578462142303e-12,-4.931791423073655e-12
0.34,1,0.0,0.0,0.0,0.0,0.0
0.36,0,1.6655636692098067e-14,1.0330010706532028e-12,3.2003203326793655e-12,2.9641577641674025e-11,-1.5179562652529186e-11
0.36,1,0.0,0.0,0.0,0.0,0.0
0.38,0,5.516279700922229e-14,3.219901038338792e-12,9.448456478822922e-12,8.870608401863661e-11,-4.362746948189352e-11
0.38,1,0.0,0.0,0.0,0.0,0.0
0.4,0,1.7074057704288114e-13,9.410224703826517e-12,2.62445713093475e-11,2.4966894238073955e-10,-1.179257965271683e-10
0.4,1,0.0,0.0,0.0,0.0,0.0
0.42,0,4.97299581176348e-13,2.5951849196138423e-11,6.899944296310175e-11,6.649076949052694e-10,-3.0158180615933145e-10
0.42,1,0.0,0.0,0.0,0.0,0.0
0.44,0,1.370914031649247e-12,6.790654505583157e-11,1.7258251530835243e-10,1.6841088795651125e-09,-7.334172487834706e-10
0.44,1,0.0,0.0,0.0,0.0,0.0
0.46,0,3.5946936698446413e-12,1.6937505181660545e-10,4.124685961732766e-10,4.074702882764097e-09,-1.7034521573316204e-09
0.46,1,0.0,0.0,0.0,0.0,0.0
0.48,0,9.003718479588973e-12,4.0431683092990207e-10,9.455091181740716e-10,9.45328350296761e-09,-3.792847869948981e-09
0.48,1,0.0,0.0,0.0,0.0,0.0
0.5,0,2.1621895477772255e-11,9.269147023343758e-10,2.085669611917759e-09,2.109890114750383e-08,-8.12209531482257e-09
0.5,1,0.0,0.0,0.0,0.0,0.0
0.52,0,4.9943399751992165e-11,2.047031184224087e-09,4.439940152529543e-09,4.54337710571514e-08,-1.6775334478014187e-08
0.52,1,0.0,0.0,0.0,0.0,0.0
0.54,0,1.1127721976386814e-10,4.366548463119801e-09,9.14447507001422e-09,9.463280334182009e-08,-3.3501124858142866e-08
0.54,1,0.0,0.0,0.0,0.0,0.0
0.56,0,2.39754662569306e-10,9.017989926896957e-09,1.826262666747369e-08,1.9108419349187918e-07,-6.483233451532178e-08
0.56,1,0.0,0.0,0.0,0.0,0.0
0.58,0,5.006432431514335e-10,1.8069808377529193e-08,3.543695784920932e-08,3.747976852087453e-07,-1.2182036792333658e-07
0.58,1,0.0,0.0,0.0,0.0,0.0
0.6,0,1.015207217853421e-09,3.5195490581157156e-08,6.69287627175305e-08,7.153773766997403e-07,-2.2264050856354016e-07
0.6,1,0.0,0.0,0.0,0.0,0.0
0.62,0,2.0027270065567655e-09,6.674883152806396e-08,1.232332568159587e-07,1.330875981911437e-06,-3.9639234051854164e-07
0.62,1,0.0,0.0,0.0,0.0,0.0
0.64,0,3.849712973727554e-09,1.2344808785644947e-07,2.2152822745070467e-07,2.4167590636369427e-06,-6.884858336466501e-07
0.64,1,0.0,0.0,0.0,0.0,0.0
0.66,0,7.2211516588887515e-09,2.2294965322425966e-07,3.892995967384932e-07,4.2893553255687144e-06,-1.1680601804290788e-06
0.66,1,0.0,0.0,0.0,0.0,0.0
0.68,0,1.323517447558434e-08,3.936890691481598e-07,6.695888064124732e-07,7.449562716162223e-06,-1.937915748087986e-06
0.68,1,0.0,0.0,0.0,0.0,0.0
0.7000000000000001,0,2.3731230633676306e-08,6.804838805893244e-07,1.128422100053276e-06,1.267420747981504e-05,-3.1474331515644994e-06
0.7000000000000001,1,0.0,0.0,0.0,0.0,0.0
0.72,0,4.167305423907719e-08,1.1525272707020857e-06,1.8651061498999337e-06,2.1144270471333674e-05,-5.008888681504474e-06
0.72,1,0.0,0.0,0.0,0.0,0.0
0.74,0,7.174175377474475e-08,1.914548927831293e-06,3.02620061413384e-06,3.46211176706433e-05,-7.8174326810052e-06
0.74,1,0.0,0.0,0.0,0.0,0.0
0.76,0,1.2119140686203012e-07,3.1220720184426663e-06,4.824095396179652e-06,5.5683767605787244e-05,-1.1974759347589918e-05
0.76,1,0.0,0.0,0.0,0.0,0.0
0.78,0,2.0105959647696745e-07,5.0018401573528316e-06,7.561214522667255e-06,8.804191255837909e-05,-1.801615035543945e-05
0.78,1,0.0,0.0,0.0,0.0,0.0
0.8,0,3.278480690371098e-07,7.87860920301459e-06,1.1660922495039869e-05,0.00013694064592089977,-2.6640117078695516e-05
0.8,1,0.0,0.0,0.0,0.0,0.0
0.8200000000000001,0,5.258134461363124e-07,1.2209574694307938e-05,1.7706203209867058e-05,0.00020967335205229314,-3.873930633198201e-05
0.8200000000000001,1,0.0,0.0,0.0,0.0,0.0
0.84,0,8.300335429855011e-07,1.8627712502624764e-05,2.6487095546941048e-05,0.00031621867311845345,-5.543069808170673e-05
0.84,1,0.0,0.0,0.0,0.0,0.0
0.86,0,1.2904396923333021e-06,2.7995221560869446e-05,3.905768372334797e-05,0.0004700155568356885,-7.808245498351632e-05
0.86,1,0.0,0.0,0.0,0.0,0.0
0.88,0,1.9770273707447125e-06,4.1468047359509086e-05,5.680313780194591e-05,0.0006888868098155574,-0.00010833414678243009
0.88,1,0.0,0.0,0.0,0.0,0.0
0.9,0,2.986473708958275e-06,6.057211043410719e-05,8.151686932875031e-05,0.0009961160951944817,-0.00014810654911698106
0.9,1,0.0,0.0,8.30120624222341e-193,5.810844369556387e-192,-5.810844369556387e-192
0.92,0,4.450398077419056e-06,8.729134909813784e-05,0.00011548730644657505,0.0014216757878516997,-0.00019959690047777006
0.92,1,4.773822447507633e-192,1.5003240047856153e-188,1.7851056196724143e-186,1.2600764404953118e-185,-1.2390719044283131e-185
0.9400000000000001,0,6.545497583253569e-06,0.0001241670043869517,0.0001615931105918336,0.0020035935536431237,-0.0002652554922258
0.9400000000000001,1,8.372325082202229e-187,1.1926926458094599e-183,7.493266637749122e-182,5.328779317793588e-181,-5.161802347380264e-181
0.96,0,9.50576972616425e-06,0.00017440673586655549,0.00022340487485950254,0.0027894341599454886,-0.00034773985781371146
0.96,1,1.404105050766074e-182,1.337291791162287e-179,5.877943918265036e-178,4.208178188692139e-177,-4.020957337929419e-177
0.98,0,1.3636996702376202e-05,0.00024200118519443316,0.0003052904986338126,0.003837860285148908,-0.00044984369242684406
0.98,1,6.422616325627571e-179,4.6876385478319214e-176,1.6134411276936632e-174,1.1622254705285505e-173,-1.0965985308589037e-173
1.0,0,1.9333607685280933e-05,0.00033184454505558994,0.0004125205749547436,0.005220222643914975,-0.0005743990131367163
1.0,1,1.2201401068321771e-175,7.31485451273253e-173,2.094219982538423e-171,1.5171640700665582e-170,-1.4147561068883029e-170
1.02,0,2.7097955715178375e-05,0.00044985460919473905,0.0005513693201639858,0.007022116483368663,-0.0007241519546423163
1.02,1,1.207234362926572e-172,6.198027812827625e-170,1.532172647562986e-168,1.1159130841556983e-167,-1.0291406947761115e-167
1.04,0,3.756194495024267e-05,0.0006030867579437967,0.0007292058933134148,0.009344829531275602,-0.0009016149200624483
1.04,1,7.158134127667677e-170,3.2354730882630408e-167,7.082535614298035e-166,5.184293836857676e-165,-4.73132760450085e-165
1.06,0,5.1510824135598964e-05,0.0007998354705520672,0.0009545704742046914,0.01230659702536511,-0.0011089004376361698
1.06,1,2.7964854048306376e-167,1.1348295418355271e-164,2.2399682790260054e-163,1.6474298456737148e-162,-1.488553709816741e-162
1.08,0,6.990882745206644e-05,0.001049716356422159,0.0012372292708111097,0.016043573804358915,-0.001347544814448689
1.08,1,7.70433173248623e-165,2.848037995788871e-162,5.1382173466261414e-161,3.796153324002182e-160,-3.3974280045917404e-160
1.1,0,9.392620074757162e-05,0.0013637214669565214,0.0015882027771443733,0.020710432809080047,-0.0016183322716887497
1.1,1,1.5748311261281524e-162,5.3628266974771976e-160,8.936885654124296e-159,6.6312965682667176e-158,-5.88050083061991e-158
1.12,0,0.0001249670078731818,0.0017542408817265692,0.002019762152052125,0.026480504740387448,-0.0019211323962154796
1.12,1,2.4840686976795837e-160,7.86166238945838e-158,1.2203121432352775e-156,9.092625573343913e-156,-7.99199283881974e-156
1.1400000000000001,0,0.00016469697844511118,0.0022350443277672676,0.002545389563505011,0.033545385728128506,-0.0022547651393867597
1.1400000000000001,1,3.11925139610377e-158,9.240625335735105e-156,1.3451833801985359e-154,1.0063283397461013e-153,-8.769595850458098e-154
1.16,0,0.0002150705459243284,0.0028212179252175575,0.0031796997352828106,0.04211395889646474,-0.002616907943418935
1.16,1,3.1978040722780456e-156,8.920033906913164e-154,1.2246749356280653e-152,9.197286813083993e-152,-7.94848206611615e-152
1.18,0,0.00027835614483101166,0.003529053047962531,0.003938321700599476,0.052410801312349556,-0.003004058640874118
1.18,1,2.7327580386008164e-154,7.21317374571477e-152,9.384580776985257e-151,7.074265343991644e-150,-6.064421019591576e-150
1.2,0,0.00035715879890060815,0.00437588668421296,0.004837741828672569,0.06467397898964902,-0.0034115654106675677
1.2,1,1.9808695184453638e-152,4.96836817932557e-150,6.150216427810447e-149,4.653036315496025e-148,-3.957464770390446e-148
1.22,0,0.0004544390469972884,0.00537989546386255,0.005895111427388134,0.07915226776225343,-0.00383373126817773
1.22,1,1.23600199389139e-150,2.9564745018395563e-148,3.4942103334691953e-147,2.6529622486569002e-146,-2.2390558183993625e-146
1.24,0,0.0005735273267420317,0.006559848518768284,0.0071280244888243935,0.09610187471651975,-0.004263995453763783
1.24,1,6.723199226060198e-149,1.5384543159624163e-146,1.7412881741544545e-145,1.3266271400216177e-144,-1.1112435357868793e-144
1.26,0,0.0007181330693656895,0.0079348273454972,0.00855427326376177,0.11578277079949564,-0.004695187962534833
1.26,1,3.2230691463140715e-147,7.074874045086224e-145,7.68895031736649e-144,5.877667558769894e-143,-4.887185192457823e-143
1.28,0,0.0008923479509355096,0.009523923603079909,0.010191591147208204,0.13845477722748456,-0.00511984678436582
1.28,1,1.3747913701199825e-145,2.90183525618295e-143,3.0352917936362885e-142,2.3279014630467144e-141,-1.9216445271811013e-141
1.3,0,0.0011006429874553215,0.01134592804450574,0.012057393657247615,0.16437357340600114,-0.005530580782920791
1.3,1,5.261532335909186e-144,1.070197932887264e-141,1.0796322485651309e-140,8.306827369593796e-140,-6.808550263551626e-140
1.32,0,0.0013478594419788134,0.01341902530513317,0.014168528945869825,0.19378680947801036,-0.005920455206145994
1.32,1,1.8201663684285388e-142,3.574447074344516e-140,3.4842902359535544e-139,2.689305468690026e-138,-2.1888828782817932e-138
1.34,0,0.001639193813803466,0.015760509845827168,0.01654104918485335,0.22693051012166535,-0.006283372280084992
1.34,1,5.729206035508386e-141,1.0881377509622846e-138,1.0266246070459889e-137,7.948355135297297e-137,-6.424962283950099e-137
1.36,0,0.0019801774824504473,0.018386537827396677,0.019190013268851277,0.2640259464149609,-0.006614416831407427
1.36,1,1.6505257342900945e-139,3.0365247627168173e-137,2.777064383992668e-136,2.1565843284717593e-135,-1.7314708616914048e-135
1.3800000000000001,0,0.0023766518597887866,0.021311928013540465,0.02212932958323646,0.30527712910733285,-0.006910136917766346
1.3800000000000001,1,4.375186630811875e-138,7.80777329875427e-136,6.93132694930906e-135,5.398691754760682e-134,-4.305603492935084e-134
1.4000000000000001,0,0.0028347401393681443,0.024550021999427008,0.025371645177774106,0.35086904031009186,-0.0071687323181137685
1.4000000000000001,1,1.0722511702846303e-136,1.8584887307792517e-134,1.6035240148166093e-133,1.2526146340846884e-132,-9.924262117755931e-133
1.42,0,0.0033608169016355145,0.028112610286619013,0.0289282847192795,0.40096667349210735,-0.0073901294794411765
1.42,1,2.440102277022432e-135,4.1125714471602154e-133,3.452674794088083e-132,2.704874362276724e-131,-2.1291143596742942e-131
1.44,0,0.003961476920020984,0.032009926220642776,0.032809239277852294,0.455714896949476,-0.007575929860477115
1.44,1,5.176642158043846e-134,8.493038240929201e-132,6.94531370001185e-131,5.456491098981241e-130,-4.267465745251153e-130
1.46,0,0.004643504504576961,0.036250704913153,0.03702320158795188,0.5152390977600226,-0.0077292289758806865
1.46,1,1.0275092005588616e-132,1.6426338139767004e-130,1.3097252874754462e-129,1.0318434436712093e-128,-8.018747097144712e-129
1.48,0,0.005413844613092112,0.04084229938901308,0.04157764119757688,0.5796465064126757,-0.007854314966492637
1.48,1,1.9145153784165518e-131,2.985051622457609e-129,2.322706084730625e-128,1.834943598652391e-127,-1.4170363715083257e-127
1.5,0,0.006279576758942171,0.04579084176256117,0.04647891015538828,0.6490280518051172,-0.007956267129260786
1.5,1,3.3588438848832376e-130,5.111982889995452e-128,3.8850683069108964e-127,3.077554559331553e-126,-2.3618769547321898e-126
1.52,0,0.007247892463573013,0.05110143367908882,0.051732367838401995,0.7234605568542223,-0.00804048534697871
1.52,1,5.564136353960244e-129,8.272683610241146e-127,6.145553362038067e-126,4.881253412961226e-125,-3.723077707527465e-125
1.54,0,0.008326076660600973,0.05677834792530993,0.0573425123899998,0.8030090605374686,-0.008112189583129537
1.54,1,8.725890735348822e-128,1.2683131514081132e-125,9.216413651429503e-125,7.339745056523099e-124,-5.56410664455174e-124
1.56,0,0.009521493085698248,0.06282522228907765,0.06331310614193901,0.8877290455599658,-0.008175933512878653
1.56,1,1.2985848905493782e-126,1.8465154813428243e-124,1.3134217937056436e-123,1.0487162685324757e-122,-7.902041011444803e-123
1.58,0,0.010841573313547128,0.06924522757643815,0.06964728336576916,0.9776683632522247,-0.008235177182090603
1.58,1,1.8380178065404038e-125,2.558449458301549e-123,1.7824613718962316e-122,1.4269063232987975e-121,-1.0687233991365807e-121
1.6,0,0.012293808763378865,0.07604119416232447,0.07634763067070147,1.072868678212871,-0.008291959940328386
1.6,1,2.4794254808331845e-124,3.3805233940627417e-122,2.308226820297209e-121,1.85251938306648e-120,-1.3792461078976962e-120
1.62,0,0.013885744719302207,0.08321568538645933,0.08341623317212207,1.173366302269721,-0.008346706859290176
1.62,1,3.1938673333165464e-123,4.267769128401908e-121,2.8575278317812668e-120,2.299173014601686e-119,-1.7016853366254188e-119
1.6400000000000001,0,0.01562497522707582,0.09077101118073314,0.09085468294910452,1.2791923465224015,-0.008398189992137706
1.6400000000000001,1,3.935813786078922e-122,5.157042299189456e-120,3.38777759708247e-119,2.732634069590295e-118,-2.0106481477037713e-118
1.6600000000000001,0,0.01751913765359323,0.09870918107182138,0.09866404997961557,1.3903721861868554,-0.008443651181356038
1.6600000000000001,1,4.647734440419346e-121,5.97457863110358e-119,3.85267895830227e-118,3.1153281617108607e-117,-2.2788871533563594e-117
1.68,0,0.01957590573744007,0.10703180159835332,0.10684481934459732,1.5069242994693743,-0.008479077092428011
1.68,1,5.267792078166402e-120,6.646607131861497e-118,4.209220826948257e-117,3.411980467697993e-116,-2.4814554692373834e-116
1.7,0,0.02180298011542191,0.11573992863561411,0.11539680168337259,1.6288586022906177,-0.008499601392020217
1.7,1,5.73913039774386e-119,7.110781142905361e-117,4.4244477471818995e-116,3.595155059550592e-115,-2.5996456995438416e-115
1.72,0,0.02420807556646362,0.12483388957731342,0.1243190263551727,1.7561744493106346,-0.008499995228246737
1.72,1,6.018730675286169e-118,7.325885211566079e-116,4.480492432403816e-115,3.649457604026061e-114,-2.62383367440681e-114
1.74,0,0.026798904545914944,0.1343130933131897,0.13360962827548983,1.8888585033937142,-0.008475197009058522
1.74,1,6.083885122490793e-117,7.277711468255175e-115,4.376821853078362e-114,3.57351929418884e-113,-2.5546396886331156e-113
1.76,0,0.029583156957135336,0.14417584713208736,0.14326573980628465,2.0268826870471717,-0.008420827197948677
1.76,1,5.934960403348578e-116,6.980011643145096e-114,4.129376529879678e-113,3.3794611339560987e-112,-2.4022595039157853e-112
1.78,0,0.03256847648547712,0.1544191989219896,0.15328339835201168,2.1702024191607476,-0.00833363425289324
1.78,1,5.594082391312331e-115,6.470672074130102e-113,3.767037508883837e-112,3.0901530055273588e-111,-2.1842589151491443e-111
1.8,0,0.0357624341636432,0.16503882038407025,0.16365747853184612,2.3187553094932363,-0.008211824116252764
1.8,1,5.1003490219966375e-114,5.804339321653655e-112,3.326412119250415e-111,2.7350472534421463e-110,-1.9224397484106346e-110
1.82,0,0.03917250011118624,0.17602894268453526,0.17438165515486373,2.472460434931386,-0.008055237347892374
1.82,1,4.502887449218102e-113,5.043354187281156e-111,2.8461580971904073e-110,2.345570605515427e-109,-1.639501019296065e-109
1.84,0,0.04280601456599477,0.18738235047601373,0.18544840000207707,2.631218260629633,-0.007865353965440747
1.84,1,3.8533531843705354e-112,4.2489266222247527e-110,2.361958245754895e-109,1.950988303243378e-108,-1.3561385761319124e-108
1.86,0,0.046670159383614504,0.19909043410909286,0.19684901196091079,2.794911202181833,-0.00764512465453282
1.86,1,3.1993175702671092e-111,3.474083378628599e-109,1.9029079753936635e-108,1.5753813851580798e-107,-1.0890097121500758e-107
1.8800000000000001,0,0.05077193111530953,0.21114329378232943,0.20857367673187008,2.9634047591570516,-0.0073986462044393075
1.8800000000000001,1,2.579529036071366e-110,2.7592464422325707e-108,1.4896289779176286e-107,1.2360165119504237e-106,-8.497220100378636e-107
1.9000000000000001,0,0.055118116595352665,0.22352988401032106,0.22061154948606904,3.136549092772407,-0.007130716627912204
1.9000000000000001,1,2.0214481167765353e-109,2.1305866844439036e-107,1.1340106789326535e-106,9.430496155697694e-106,-6.44767479747623e-106
1.92,0,0.05971527169235445,0.2362381827202525,0.23295085179376285,3.3141808774442847,-0.006846319360749753
1.92,1,1.5409217577184849e-108,1.6007299407995566e-106,8.401979648953821e-106,7.002667173706223e-105,-4.7616452565868446e-105
1.94,0,0.0645697035393478,0.24925536697586345,0.24557897307840212,3.4961252321495326,-0.006550094487444591
1.94,1,1.1434953109752521e-107,1.1710686587312894e-105,6.063204370109189e-105,5.064562867843822e-104,-3.425066745620017e-104
1.96,0,0.0696874561909967,0.2625679770387606,0.2584825668773275,3.682197535508115,-0.006245856965466423
1.96,1,8.267008395709482e-107,8.348568679647026e-105,4.2647588395966e-104,3.5701443457126973e-103,-2.4013447305621137e-103
1.98,0,0.07507429930490346,0.27616205224752993,0.2716476332862422,3.8722049483888563,-0.005936216923437376
1.98,1,5.826829356448943e-106,5.803802650916639e-104,2.9259028773847145e-103,2.4546895412012873e-102,-1.642157170072958e-102
2.0,0,0.08073571914713215,0.2900232258262637,0.28505958098783446,4.065947507272253,-0.005622345704561216
2.0,1,4.0066569713525436e-105,3.937098466909606e-103,1.9592357966982434e-102,1.6472622832210105e-101,-1.0960684978536657e-101
2.02,0,0.08667691101312917,0.3041367708101954,0.29870326497023264,4.263218705969561,-0.0053039146268254456
2.02,1,2.689559056400786e-104,2.607848492157517e-102,1.28129946890183e-101,1.0795935006351272e-100,-7.144947117330749e-101
2.04,0,0.09290277205746325,0.3184875952101229,0.31256299910864144,4.463805546260081,-0.004979213318361264
2.04,1,1.7635999034072952e-103,1.6877121405428655e-101,8.188715384000613e-101,6.914381067132139e-100,-4.551584070372127e-100
2.06,0,0.09941789354957806,0.33306019063770365,0.3266225458563924,4.667488102233461,-0.004645433305610069
2.06,1,1.1303129368377452e-102,1.067777124503615e-100,5.117232198366068e-100,4.330071682477197e-99,-2.835183708172136e-99
2.08,0,0.1062265517141939,0.3478385441652766,0.340865088016672,4.874038701130736,-0.00429908281686453
2.08,1,7.084771134414302e-102,6.60807226760525e-100,3.1286092057366527e-99,2.6529457413047452e-98,-1.7278156238400103e-98
2.1,0,0.11333269655642271,0.3628060275426487,0.355273189635465,5.083220868525007,-0.003936482927925589
2.1,1,4.3453039224911004e-101,4.002364445193112e-99,1.8723937578889342e-98,1.5910584068818963e-97,-1.0307273845548606e-97
2.12,0,0.1207399383835912,0.3779452805257451,0.36982875424273637,5.294788212571166,-0.0035542852107344203
2.12,1,2.6092208316033223e-100,2.3737363799860348e-98,1.0974791583954988e-97,9.345274185174517e-97,-6.022043253194068e-97
2.14,0,0.1284515320804,0.3932381056784133,0.3845129888524478,5.508483427756227,-0.003149948258441615
2.14,1,1.5346804697170014e-99,1.3792397918486573e-97,6.303233763835689e-97,5.378498829213901e-96,-3.4475631206257806e-96
2.16,0,0.1364703595297748,0.40866539052243084,0.39930638131275475,5.724037582611187,-0.0027221152971548257
2.16,1,8.846125515657798e-99,7.855024162881693e-97,3.5489926569981145e-96,3.034588857576182e-95,-1.9348854747727446e-95
2.18,0,0.14479891085819752,0.42420706951868686,0.41418869689471105,5.941169820322884,-0.002270847061268011
2.18,1,4.999420751884562e-98,4.386890300866367e-96,1.959837287255385e-95,1.6792183931770095e-94,-1.065053751055718e-94
2.2,0,0.153439265387165,0.43984213348381135,0.4291389976436289,6.159587550585664,-0.0017976818123051075
2.2,1,2.77149137646038e-97,2.403593509412241e-95,1.0619385769761662e-94,9.117471241109961e-94,-5.752440327932824e-94
2.22,0,0.16239307326775262,0.45554868828288786,0.4441356852900631,6.378987151644533,-0.0013055156841028648
2.22,1,1.507728509472578e-96,1.2925477767806423e-94,5.648425818298329e-94,4.8594353808100165e-93,-3.049868493317117e-93
2.24,0,0.1716615387523595,0.47130405870128456,0.45915656576406044,6.599055140633594,-0.0007983188156108767
2.24,1,8.052489287209336e-96,6.82484920789733e-94,2.9504047572006002e-93,2.5434253990575935e-92,-1.5879465099519674e-92
2.2600000000000002,0,0.18124540592047186,0.4870849280196986,0.4741789309109394,6.8194697154747015,-0.00028072319892169517
2.2600000000000002,1,4.223861086443184e-95,3.5397571740061843e-93,1.5140249589867858e-92,1.3078116665255052e-91,-8.122456621646393e-92
2.2800000000000002,0,0.19114494744169266,0.5028674996593373,0.4891796511600459,7.039902529456529,0.00024246577419351212
2.2800000000000002,1,2.1768595092885983e-94,1.80407580034059e-92,7.635664057683345e-92,6.608906330371399e-91,-4.083200209894573e-91
2.3000000000000003,0,0.2013599566592024,0.5186276648390571,0.5041352718617012,7.26002053523491,0.000766772511890057
2.3000000000000003,1,1.1026949802993764e-93,9.038536122414954e-92,3.7860143640774713e-91,3.2834589309134267e-90,-2.0180638737753327e-90
2.32,0,0.2118897429482034,0.5343411597860209,0.5190221058903185,7.4794877312084775,0.0012885057958151869
2.32,1,5.492143752114281e-93,4.453064345054161e-91,1.8462614977034678e-90,1.6043721597338243e-89,-9.809431514262418e-90
2.34,0,0.22273312998807,0.5499836977036854,0.5338163159061788,7.697966660263084,0.0018051075885110457
2.34,1,2.6905545862814716e-92,2.158179947395297e-90,8.857849631827284e-90,7.712565982748947e-89,-4.691114056395532e-89
2.36,0,0.23388845632331184,0.5655310642027186,0.5484939812543576,7.915119546361189,0.002315352476871091
2.36,1,1.2968863677085316e-91,1.0292700903180411e-89,4.1824540300789455e-89,3.6488553274617446e-88,-2.2078772010164873e-88
2.38,0,0.245353577409636,0.5809591697860446,0.5630311466401025,8.130609003687848,0.0028193733167762858
2.38,1,6.152677635438622e-91,4.8319726015706365e-89,1.9441990647166726e-88,1.6994850612933873e-87,-1.0230088970734982e-87
2.4,0,0.25712586826895906,0.596244058617794,0.5774038521711262,8.344098309656921,0.00331851099219449
2.4,1,2.8738610714161277e-90,2.2336173902198755e-88,8.900027128651387e-88,7.794988093745593e-87,-4.6679237474377665e-87
2.42,0,0.26920222591905746,0.6113618784722711,0.5915881467833745,8.555251289749048,0.0038150088627473266
2.42,1,1.3220246603612373e-89,1.016983062523307e-87,4.013405249495735e-87,3.52193283074351e-86,-2.09815654321088e-86
2.44,0,0.28157907089286754,0.6262888217265742,0.6055600891618648,8.763731911665506,0.004311592506532236
2.44,1,5.9912035809899935e-89,4.562117768521325e-87,1.783329853749042e-86,1.5679787015998715e-85,-9.292822140068862e-86
2.46,0,0.2942523473987081,0.6410010508951502,0.6192957417741555,8.969203722384494,0.004810990147609218
2.46,1,2.6755546388652015e-88,2.01692757924641e-86,7.810327910390149e-86,6.880416620065024e-85,-4.0567180091200493e-85
2.48,0,0.3072175219643029,0.6554746240467882,0.6327711643730439,9.171329279920975,0.0053154567340589765
2.48,1,1.1777670580311364e-87,8.790316777519978e-86,3.372437671383384e-85,2.976617427923783e-84,-1.745973079070986e-84
2.5,0,0.32046958071590653,0.6696854352690667,0.6459624132208981,9.369769729787706,0.005826363979227089
2.5,1,5.111727541951853e-87,3.7776772705444656e-85,1.4360521144389108e-84,1.2699294754224479e-83,-7.410546575462226e-84
2.52,0,0.3340030257286662,0.6836091831902112,0.6588455513738758,9.564184654812943,0.006343909850015095
2.52,1,2.1880237391529686e-86,1.6012659331715239e-84,6.031969404676738e-84,5.3443587483633596e-83,-3.1025864419232265e-83
2.54,0,0.34781187110856676,0.6972213767301089,0.6713966737770546,9.754232289104428,0.006866985117095936
2.54,1,9.238943394532407e-86,6.696211566662463e-84,2.49987588334283e-83,2.21910987517608e-82,-1.2816402558433351e-82
2.56,0,0.36188963960107434,0.7104973822463782,0.6835919488821257,9.939570137700064,0.0073932137492302985
2.56,1,3.8493301553137667e-85,2.7632968132940593e-83,1.0224749732515052e-82,9.093557247144035e-82,-5.224941708532351e-82
2.58,0,0.37622936055005834,0.7234125107343868,0.6954076762828462,10.11985598939566,0.007919160885755616
2.58,1,1.5828657851982977e-84,1.1255402945210214e-82,4.1282246538020256e-82,3.678426896718732e-81,-2.1026704843893023e-81
2.6,0,0.3908235699499783,0.7359421384612491,0.7068203577622952,10.294749258539799,0.00844067991768771
2.6,1,6.42539125221803e-84,4.526152678192567e-82,1.6456932596388199e-81,1.4691372387832644e-80,-8.354758638363051e-81
2.62,0,0.40566431315631746,0.7480618500586032,0.7178067774316216,10.46391254900973,0.008953351810712995
2.62,1,2.57542679734584e-83,1.7973333586746244e-81,6.478957041698062e-81,5.794690993659554e-80,-3.2784242915150794e-80
2.64,0,0.42074315056828887,0.7597475902368596,0.7283440855276494,10.627013305635707,0.0094529576803275
2.64,1,1.019501340150439e-82,7.049417792759338e-81,2.5195614412477683e-80,2.2576620050366666e-79,-1.2707435140503594e-79
2.66,0,0.43605116630783813,0.7709758092826299,0.7384098800584068,10.783725408541176,0.009935921415642035
2.66,1,3.9866443328685714e-82,2.731456604205829e-80,9.68052349035826e-80,8.690379388361296e-79,-4.866340142473136e-79
2.68,0,0.451578979628774,0.7817235884791732,0.7479822808740118,10.933730575286681,0.010399663421742922
2.68,1,1.5402735517630556e-81,1.0457804572325473e-79,3.675485019349573e-79,3.305655970383366e-78,-1.8415633302577996e-78
2.7,0,0.4673167585380031,0.7919687343997894,0.7570399918263144,11.076719462851727,0.010842818745323335
2.7,1,5.880929941723103e-81,3.957110548367895e-79,1.3792972521414487e-78,1.2427998613818528e-77,-6.888043846103475e-78
2.72,0,0.48325423493041997,0.8016898352743939,0.765562348304307,11.212392402516116,0.011265291325397442
2.72,1,2.2194055374599548e-80,1.480100562825004e-78,5.116955505449102e-78,4.619048950560604e-77,-2.546908162605598e-77
2.74,0,0.4993807204532382,0.8108662777371459,0.7735293493656268,11.340459749946028,0.011668138374014703
2.74,1,8.280418369157761e-80,5.473452046845803e-78,1.876968078202304e-77,1.697433318939277e-76,-9.311500323808646e-77
2.7600000000000002,0,0.5156851223347491,0.8194782275330958,0.7809216756630947,11.46064188354071,0.01205330192263343
2.7600000000000002,1,3.0547318374261925e-79,2.0015569943836784e-77,6.808828221576886e-77,6.168797017091108e-76,-3.3666172249539585e-76
2.7800000000000002,0,0.5321559585327261,0.8275065824817631,0.7877206961241647,11.57266892950786,0.012423225236825708
2.7800000000000002,1,1.114492673379074e-78,7.239166296684096e-77,2.4430637971466077e-76,2.217443545107202e-75,-1.2039602635714282e-75
2.8000000000000003,0,0.5487813717614187,0.8349329095316492,0.7939084676502526,11.676280326154021,0.012780407289067597
2.8000000000000003,1,4.0219876567942423e-78,2.5899922847927122e-76,8.671992094227035e-76,7.88540005914222e-75,-4.259410860432423e-75
2.82,0,0.5655491422145811,0.841739379622647,0.7994677327971258,11.7712243580457,0.01312695667135877
2.82,1,1.4359447829548985e-77,9.167926841618193e-76,3.045771651347681e-75,2.7745130072481277e-74,-1.4910032494215806e-74
2.84,0,0.582446699079391,0.8479087140616599,0.8043819203977184,11.857257790755344,0.013464206107895116
2.84,1,5.072714702419209e-77,3.211279484537969e-75,1.0586224888272867e-74,9.660789418318795e-74,-5.1649981399656376e-74
2.86,0,0.5994611311942626,0.8534241542286125,0.8086351534110104,11.934145719074492,0.013792440126083605
2.86,1,1.7734509872904417e-76,1.1132407570726667e-74,3.6418270028113594e-74,3.329434157412464e-73,-1.77089709751073e-73
2.88,0,0.6165791974072793,0.8582694629397264,0.8122122670321225,12.001661708506582,0.014110772649587489
2.88,1,6.136808786587954e-76,3.820076822774937e-74,1.2402216462583758e-73,1.135867370414438e-72,-6.010566152259469e-73
2.9,0,0.633787337313821,0.8624289611941443,0.8150988384618358,12.05958826624877,0.014417190469248276
2.9,1,2.1022169012809841e-75,1.2977570210996612e-73,4.1816415921301196e-73,3.8366301377114867e-72,-2.0197703081719612e-72
2.92,0,0.6510716830759657,0.8658875989595277,0.8172812279395268,12.107717629831363,0.014708755602023338
2.92,1,7.129994846427588e-75,4.3653354330402766e-73,1.3961301275436038e-72,1.2832210693356635e-71,-6.720741087100248e-72
2.94,0,0.6684180729500004,0.8686310538131466,0.8187466289399055,12.145852815746366,0.01498193763768807
2.94,1,2.394645900040464e-74,1.4541455173107523e-72,4.616354046243045e-72,4.250547017437678e-71,-2.2147432932026256e-71
2.96,0,0.6858120669832977,0.8706458473117934,0.8194831240514258,12.173808833034183,0.01523302933092463
2.96,1,7.965185122785697e-74,4.797618128130205e-72,1.5119152658442575e-71,1.394572214316234e-70,-7.229056763780053e-71
2.98,0,0.703238965111474,0.8719194664530663,0.8194797421748076,12.191413942950854,0.015458587392073397
2.98,1,2.6243002850826286e-73,1.56794604144412e-71,4.9053554415980484e-71,4.532623188272059e-70,-2.337498730250291e-70
3.0,0,0.7206838276234935,0.8724404768470679,0.8187265124132969,12.1985108386343,0.015655837224651137
3.0,1,8.56551379121286e-73,5.076715398815032e-71,1.5768353183688813e-70,1.4595830764648298e-69,-7.488429206307252e-70
3.02,0,0.7381314977029035,0.8721986153293163,0.8172145103954561,12.194957628924858,0.015822985685569613
3.02,1,2.7699587751069536e-72,1.6286885702075663e-70,5.022637055326258e-70,4.657312917261231e-69,-2.3771489189706376e-69
3.04,0,0.7555666255334733,0.8711848525426387,0.8149358937120728,12.180628536549717,0.01595939904722421
3.04,1,8.876251425072243e-72,5.177888892120712e-70,1.585485607593396e-69,1.4727359603350807e-68,-7.47831515438181e-69
3.06,0,0.7729736933071943,0.8693914200950382,0.8118839245194597,12.155414258955084,0.016065622375452726
3.06,1,2.8188851832082584e-71,1.6314789645143128e-69,4.960575106445622e-69,4.615847292263558e-68,-2.33177674194352e-68
3.08,0,0.7903370404119603,0.8668118016832812,0.8080529789639742,12.119221984736768,0.01614323882916846
3.08,1,8.87300061862045e-71,5.095392867266058e-69,1.5384872427838042e-68,1.434062220688218e-67,-7.207072192709698e-68
3.1,0,0.8076408881127055,0.8634406923855394,0.8034385446908703,12.071975103591221,0.016194589806330484
3.1,1,2.76860867066913e-70,1.5775875576234813e-68,4.730419295982758e-68,4.416989101859702e-67,-2.2083665211868285e-67
3.12,0,0.8248693631671514,0.8592739344984579,0.7980372090922578,12.013612686718584,0.01622239625982491
3.12,1,8.564499548257088e-70,4.8426139697324e-68,1.4421146952320494e-67,1.3488914895211154e-66,-6.709255337585794e-67
3.14,0,0.8420065200167473,0.8543084412466612,0.791846641936089,11.944088842287625,0.016229335165631298
3.14,1,2.6268908200958356e-69,1.473963222783683e-67,4.359571678378082e-67,4.0847878762232835e-66,-2.0212393643261273e-66
3.16,0,0.8590363614361465,0.848542121023056,0.7848655764726551,11.863372063188052,0.016217631134733956
3.16,1,7.989706318505046e-69,4.449001937278077e-67,1.3070133736830768e-66,1.2267389825035445e-65,-6.038787112846137e-66
3.18,0,0.8759428577760404,0.8419738143539248,0.7770937929856011,11.7714446802647,0.016188720690245795
3.18,1,2.4099966115089624e-68,1.3318501111686839e-66,3.8864734009791825e-66,3.654031456809261e-65,-1.7894413011731034e-65
3.2,0,0.892709965158884,0.8346032536049052,0.7685321080718526,11.668302514316746,0.01614303615192547
3.2,1,7.210176249168731e-68,3.954681701674914e-66,1.1463495574385037e-65,1.079632918136655e-64,-5.25977479902167e-65
3.22,0,0.909321643153582,0.8264310518742854,0.759182371806469,11.553954787342072,0.01607993889792425
3.22,1,2.1397604375578694e-67,1.1648680987012859e-65,3.354357717320792e-65,3.164527951434234e-64,-1.5337126132524332e-64
3.24,0,0.9257618725405982,0.8174587230743511,0.749047473541918,11.428424312584184,0.01599781045673243
3.24,1,6.299691033453074e-67,3.4040476479325546e-65,9.738159665151297e-65,9.202694964675422e-64,-4.4370282575698465e-64
3.2600000000000002,0,0.9420146737719398,0.8076887305155893,0.7381313556097675,11.291747939763468,0.01589428745478294
3.2600000000000002,1,1.840145696895728e-66,9.869879395770313e-65,2.8051942606703956e-64,2.655447613021647e-63,-1.2736644976138027e-63
3.2800000000000002,0,0.9580641266329195,0.7971245570475867,0.72643903284611,11.143977192572336,0.01576660609387659
3.2800000000000002,1,5.33343664936175e-66,2.8396718029216246e-64,8.01881027954359e-64,7.603604176050331e-63,-3.6280636519600563e-63
3.3000000000000003,0,0.9738943914391918,0.7857707865747569,0.7139766148369331,10.985179005601426,0.015612006445170579
3.3000000000000003,1,1.534003115850433e-65,8.107862842754064e-64,2.2748847692352338e-63,2.1607367390153733e-62,-1.0256359410298043e-62
3.3200000000000003,0,0.9894897318786351,0.7736331850052631,0.7007513272140827,10.815436451474739,0.015428138598945651
3.3200000000000003,1,4.378756880291641e-65,2.297563692950705e-63,6.405484629446944e-63,6.0943232041185e-62,-2.877734033987513e-62
3.34,0,1.0048345393654672,0.7607187686455293,0.6867715282970861,10.63484934828104,0.01521341275636967
3.34,1,1.2405702953374454e-64,6.462369434908863e-63,1.7903070747298338e-62,1.706201097902173e-61,-8.01469377014932e-62
3.36,0,1.0199133585481694,0.7470358497130951,0.6720467178654569,10.44353465232395,0.014967243659382845
3.36,1,3.4888115414273864e-64,1.8043399667137161e-62,4.967352826551664e-62,4.74192936105648e-61,-2.2158534076572773e-61
3.38,0,1.0347109134353545,0.7325940517569857,0.656587535780831,10.241626569482392,0.014690155115405723
3.38,1,9.739979749413048e-64,5.001333670523285e-62,1.3683041507421482e-61,1.3083932614436044e-60,-6.082065475703445e-61
3.4,0,1.049212133499481,0.7174042918910901,0.6404057494175569,10.02927635591027,0.014383730564992092
3.4,1,2.699610116115776e-63,1.3763595307981625e-61,3.7422937314735425e-61,3.584407088648251e-60,-1.6575037455308237e-60
3.42,0,1.0634021791015225,0.7014787312668699,0.6235142302229554,9.806651819979539,0.014050417756640066
3.42,1,7.429229299108823e-63,3.7609151422227894e-61,1.0163127599554596e-60,9.750544533893725e-60,-4.485263334781819e-60
3.44,0,1.0772664656519158,0.6848306994878793,0.6059269210191133,9.573936576374905,0.013693216455405555
3.44,1,2.0301247764591203e-62,1.0204858445738937e-60,2.740861678208157e-60,2.633958328335665e-59,-1.2052781459322136e-59
3.46,0,1.0907906860732595,0.6674746020907326,0.587658796695399,9.331329134539551,0.013315294730706029
3.46,1,5.5090125169532196e-62,2.7498421416847665e-60,7.340951233645807e-60,7.066309868989878e-59,-3.2165308706312045e-59
3.48,0,1.1039608313360678,0.649425822302444,0.5687258215828334,9.079041922864974,0.012919589369240647
3.48,1,1.4846768859332545e-61,7.359201414595921e-60,1.9527992189822557e-59,1.8828458907522604e-58,-8.525576927088313e-59
3.5,0,1.1167632090704949,0.6307006287449156,0.5491449069649893,8.817300354504582,0.012508447924236776
3.5,1,3.974035223679716e-61,1.9561849032578659e-59,5.1598462379591595e-59,4.983208816463758e-58,-2.2445499519027457e-58
3.52,0,1.1291844604808574,0.6113160995412986,0.5289338718516651,8.546342029991175,0.012083363587006346
3.52,1,1.0565907446732812e-60,5.1651017623323885e-59,1.3543255296688526e-58,1.3101132895038007e-57,-5.8699904277726624e-58
3.54,0,1.141211575974009,0.5912900705749984,0.5081114093781811,8.26641614765926,0.01164484039071656
3.54,1,2.7905532587155016e-60,1.3547852553293404e-58,3.531417738512029e-58,3.4217373723183164e-57,-1.5250380148572397e-57
3.56,0,1.15283191003108,0.5706411118619086,0.48669706011269,7.977783158837731,0.011192407228990398
3.56,1,7.321746996261291e-60,3.5303425413269536e-58,9.148435078743885e-58,8.878805207547717e-57,-3.9363256496899823e-57
3.58,0,1.1640331958884578,0.5493885316753085,0.4647111923174557,7.6807146658935785,0.010724777560740861
3.58,1,1.9085865397887047e-59,9.140072293335427e-58,2.3547649972697633e-57,2.2890948518922086e-56,-1.0094847308252489e-56
3.6,0,1.1748035605437326,0.5275524038386612,0.44217498799802196,7.3754935231286485,0.010240130612608311
3.6,1,4.9432546038218435e-59,2.351255443545853e-57,6.022573988475965e-57,5.864152229717184e-56,-2.5723946087529896e-56
3.62,0,1.1851315404738305,0.5051536100837172,0.41911043256023645,7.062414068744591,0.009736472427449794
3.62,1,1.272180538112549e-58,6.010323017889837e-57,1.5306669991708358e-56,1.49282560094093e-55,-6.5138037843635275e-56
3.64,0,1.1950060982651045,0.482213887063004,0.39554030522118167,6.741782395121852,0.009212023760203802
3.64,1,3.25348830921234e-58,1.5267695151578528e-56,3.8660985994776e-56,3.776634424399423e-55,-1.639157103178429e-55
3.66,0,1.2044166401365106,0.4587558668314914,0.3714881670769401,6.413916557427275,0.008665578213603808
3.66,1,8.2688292143664e-58,3.8543940554733206e-56,9.70482809712642e-56,9.495589921427001e-55,-4.0994382437643526e-55
3.68,0,1.213353034119247,0.43480310047225806,0.34697834394479415,6.079146627978989,0.00809677863262337
3.68,1,2.088632599851885e-57,9.671068802531582e-56,2.421330268205527e-55,2.3729503202210056e-54,-1.019000687866584e-54
3.7,0,1.221805628471095,0.410380056898021,0.3220359017308067,5.737814524637342,0.0075062719349521245
3.7,1,5.24362713226609e-57,2.41188610625464e-55,6.004813253553251e-55,5.894311365431656e-54,-2.5176708166751605e-54
3.72,0,1.229765269777839,0.3855120923608788,0.2966866130268551,5.390273572603057,0.0068957204492465785
3.72,1,1.3085225618084557e-56,5.9790309889098834e-55,1.4803069931588099e-54,1.455401325715763e-53,-6.183369872683794e-54
3.74,0,1.2372233201455427,0.36022539032959366,0.2709569147709974,5.036887795776909,0.006267668837402152
3.74,1,3.245919404022473e-56,1.473410369563324e-54,3.6277546785999794e-54,3.572438493416324e-53,-1.5096639760276701e-53
3.7600000000000002,0,1.244171672922609,0.3345468755426063,0.244873857945394,4.678030970877307,0.005625286719181499
3.7600000000000002,1,8.004391108255822e-56,3.609626648044746e-54,8.838618856779858e-54,8.71777404893135e-53,-3.664296741668707e-53
3.7800000000000002,0,1.2506027665038182,0.30850410961233177,0.21846505127223909,4.314085509443905,0.00497202512873951
3.7800000000000002,1,1.9623631936743346e-55,8.791697769791193e-54,2.141003345852832e-53,2.115102367579203e-52,-8.842646798084361e-53
3.8000000000000003,0,1.2565095959429216,0.2821251780274201,0.19175860156064325,3.9454412550879043,0.004311237295977044
3.8000000000000003,1,4.783183010859779e-55,2.1290257493299415e-53,5.156586853431368e-53,5.102320413438347e-52,-2.1216843643764286e-52
3.8200000000000003,0,1.2618857223100914,0.25543857942318166,0.16478305366163623,3.572494292748771,0.0036458191757722247
3.8200000000000003,1,1.1592221414100704e-54,5.12639559162799e-53,1.2349362447599082e-52,1.2238826738166002e-51,-5.061872909886816e-52
3.84,0,1.2667252799449182,0.22847312742849027,0.1375673328675881,3.1956458620450077,0.002977921953856044
3.84,1,2.7935309941299734e-54,1.2274145157831156e-52,2.9409569289655348e-52,2.9192567768211205e-51,-1.2008764547247585e-51
3.86,0,1.2710229819435253,0.20125787334451894,0.11014069207185749,2.8153014488863977,0.0023087779368675676
3.86,1,6.694253222694343e-54,2.9224210929921743e-52,6.964966099392627e-52,6.924518161280708e-51,-2.833128631091664e-51
3.88,0,1.274774124352728,0.17382205467837522,0.08253266516740812,2.4318701010968473,0.0016386644004056095
3.88,1,1.595279655417992e-53,6.919755893407179e-52,1.6404365405161723e-51,1.6334861307275322e-50,-6.647203056505272e-51
3.9,0,1.2779745896060104,0.1461950706248593,0.05477302713689702,2.0457639791352995,0.0009670096127307737
3.9,1,3.780779778088034e-53,1.6295167336863522e-51,3.842672803811092e-51,3.8324230661372547e-50,-1.5510996389763619e-50
3.92,0,1.2806208497171627,0.11840648154284336,0.026891760224141064,1.6573981172274723,0.0002926243723346822
3.92,1,8.91167233332266e-53,3.8165430858134137e-51,8.952905128075564e-51,8.943069585888946e-50,-3.5999092657501667e-50
3.94,0,1.2827099696514075,0.09048602590286334,-0.0010809753666296393,1.2671903385793395,-0.00038597593925293605
3.94,1,2.089264012733226e-52,8.890939172564176e-51,2.0747884869694362e-50,2.075762314964464e-49,-8.310308308054795e-50
3.96,0,1.284239611135633,0.06246364560931648,-0.029114868486369207,0.8755612454284473,-0.001070206898016679
3.96,1,4.8719895241494605e-52,2.06022037157988e-50,4.782833175194459e-50,4.792573477504112e-49,-1.9082649572922795e-49
3.98,0,1.2852080369729018,0.03436950939422392,-0.0571794843527687,0.4829341937766374,-0.0017610622575026103
3.98,1,1.1301094831902632e-51,4.748870768519708e-50,1.0967814694794622e-49,1.1007330371735983e-48,-4.358911295808391e-49
4.0,0,1.2856141157210839,0.006234024306860157,-0.08524429468355717,0.08973516522366287,-0.0024588249276207286
4.0,1,2.6077005321845435e-51,1.088928487845643e-49,2.502073071368886e-49,2.5150049417162624e-48,-9.905050587323624e-49
4.0200000000000005,0,1.2854573264117073,-0.021912172874750755,-0.11327871274307136,-0.3036075361189012,-0.0031628841276093445
4.0200000000000005,1,5.986037637199527e-51,2.4840597647485697e-49,5.67866271518238e-49,5.716898754770264e-48,-2.239215084122267e-48
4.04,0,1.2847377628500105,-0.05003824948422436,-0.14125213465045888,-0.6966638075177773,-0.003871685261363611
4.04,1,1.3670577295222407e-50,5.637666468005847e-49,1.2822691665017072e-48,1.2929085981763654e-47,-5.036352926555468e-48
4.0600000000000005,0,1.2834561369704145,-0.07811323748420163,-0.16913398735986082,-1.08900250542323,-0.004582819355592793
4.0600000000000005,1,3.1061380668187e-50,1.2730105862440567e-48,2.8808447810641154e-48,2.9092518261491295e-47,-1.1270370054074504e-47
4.08,0,1.2816137807326995,-0.1061061181462852,-0.19689378273055863,-1.4801924157715571,-0.0052932382764356856
4.08,1,7.022012730747266e-50,2.8600936415241436e-48,6.440034818786158e-48,6.513600928582584e-47,-2.5094698304487833e-47
4.1,0,1.2792126461310682,-0.1339859248303666,-0.2245011762048103,-1.8698033841807042,-0.005999563444428091
4.1,1,1.5795361032388213e-49,6.393873847276642e-48,1.4325312390181334e-47,1.4511328046736778e-46,-5.559904660549479e-47
4.12,0,1.2762553030377748,-0.16172185516276466,-0.25192602793313307,-2.257407530152397,-0.006698442126308546
4.12,1,3.535447535356525e-49,1.4223389305170473e-47,3.1709327389830297e-47,3.2170578924177324e-46,-1.2257833896938659e-46
4.14,0,1.2727449347928048,-0.18928338256890703,-0.27913846382700674,-2.642580457374994,-0.007386898589704316
4.14,1,7.874547753929535e-49,3.1485941732960297e-47,6.984835789986086e-47,7.097338248174446e-46,-2.6893064055600046e-46
4.16,0,1.268685331653058,-0.21664035725551742,-0.30610893402463635,-3.0249023731345472,-0.008062628442696784
4.16,1,1.7453896910628645e-48,6.936235942922495e-47,1.5311950095835136e-46,1.5582457175585654e-45,-5.871726855494162e-46
4.18,0,1.2640808823989136,-0.2437630883281647,-0.3328082666198499,-3.403959043436646,-0.008724193157660043
4.18,1,3.8500256691504954e-48,1.5206992386357577e-46,3.3406312138458515e-46,3.4048563295717015e-45,-1.2758773954816409e-45
4.2,0,1.2589365645360533,-0.27062240152712363,-0.3592077151676684,-3.779342534595518,-0.009371086784212945
4.2,1,8.451968106796594e-48,3.3181309671766945e-46,7.25385026416847e-46,7.404612845995013e-45,-2.7592294919476406e-45
4.22,0,1.2532579336057863,-0.2971896706455678,-0.38527899934038307,-4.150651723098763,-0.01000366593918578
4.22,1,1.8466872907802377e-47,7.205972102208038e-46,1.5677206139294768e-45,1.6027458205505867e-44,-5.939097262414612e-45
4.24,0,1.2470511121175,-0.32343682452360845,-0.4109943390351403,-4.517492588852491,-0.010622954478026969
4.24,1,4.015948648232507e-47,1.5576085957929452e-45,3.372457675403438e-45,3.453054364161584e-44,-1.272402330051461e-44
4.26,0,1.2403227785428808,-0.3493363350208967,-0.43632648309074756,-4.879478337510069,-0.01123035278248441
4.26,1,8.692804933342663e-47,3.3512619049129985e-45,7.221369262100615e-45,7.4051882193762e-44,-2.7134215524980027e-44
4.28,0,1.2330801566750487,-0.37486119404170876,-0.4612487344327199,-5.236229420983476,-0.011827295600446597
4.28,1,1.872949846561037e-46,7.177281444851382e-45,1.5392351863003165e-44,1.5808108064730987e-43,-5.759914041939053e-44
4.3,0,1.2253310054775801,-0.3999848891296479,-0.48573497383731645,-5.5873735380299605,-0.012414909785110062
4.3,1,4.017019695857806e-46,1.5301365350887803e-44,3.266026539303616e-44,3.3593226619226066e-43,-1.2171315127983143e-43
4.32,0,1.2170836093555384,-0.4246813871589484,-0.5097596845377151,-5.932545697198876,-0.012993723026401671
4.32,1,8.576503669346642e-46,3.2473998122787065e-44,6.898908519029705e-44,7.106704083750561e-43,-2.5603443465603727e-43
4.34,0,1.2083467686020206,-0.44892513423453645,-0.5332979795893613,-6.271388412466274,-0.013563466817236414
4.34,1,1.822895377965202e-45,6.861091566573547e-44,1.4507861814274136e-43,1.4967381843483204e-42,-5.3618536502802395e-43
4.36,0,1.1991297896360027,-0.4726910772938128,-0.5563256333179563,-6.603552079464382,-0.014123002648997574
4.36,1,3.85722303241163e-45,1.443174362407636e-43,3.0374205686872316e-43,3.138345063282613e-42,-1.1179009559119227e-42
4.38,0,1.1894424745707262,-0.49595470947735626,-0.5788191173851358,-6.9286955507520815,-0.014670381930906196
4.38,1,8.125787191706943e-45,3.0222371626082537e-43,6.331415956667832e-43,6.551620077089114e-42,-2.3204880494375584e-42
4.4,0,1.1792951096477051,-0.5186921376187128,-0.6007556411435868,-7.246486896512245,-0.015203030149734786
4.4,1,1.704314435899684e-44,6.3014166098680155e-43,1.3140346676979386e-42,1.361775587297268e-41,-4.7957726191574575e-42
4.42,0,1.1686984521398356,-0.5408801667504376,-0.6221131951445225,-7.556604307194803,-0.015718027311323546
4.42,1,3.5591250516230444e-44,1.308167309722352e-42,2.7154279674525655e-42,2.8182962565482536e-41,-9.86862022936961e-42
4.44,0,1.1576637154575706,-0.5624963938472134,-0.6428705960251534,-7.858737071377782,-0.01621244248320508
4.44,1,7.400506523593958e-44,2.70407751379273e-42,5.587408608909298e-42,5.807740539153217e-41,-2.022032019843395e-41
4.46,0,1.146202552364927,-0.5835193015208368,-0.663007530633866,-8.152586548900455,-0.016683672391259563
4.46,1,1.5322143130867407e-43,5.56571286693227e-42,1.1448226946382988e-41,1.1917418940886114e-40,-4.125420927180936e-41
4.48,0,1.1343270364013354,-0.6039283422630825,-0.6825045971971646,-8.437867058021062,-0.017129733662092583
4.48,1,3.1588748991960776e-43,1.1407306773360655e-41,2.335804153357401e-41,2.4351538189350244e-40,-8.381308706645328e-41
4.5,0,1.1220496417828418,-0.6237040051096241,-0.7013433415984106,-8.714306606064822,-0.01754946546991576
4.5,1,6.485073947983656e-43,2.3282024098179754e-41,4.745910567818664e-41,4.95512162131964e-40,-1.695638247574474e-40
4.5200000000000005,0,1.1093832221956565,-0.6428278590718106,-0.7195062873798915,-8.981647414064087,-0.01794261294126187
4.5200000000000005,1,1.3258108424690522e-42,4.732036099098696e-41,9.60288916970335e-41,1.0041076742373778e-39,-3.416226203635603e-40
4.54,0,1.096340988976137,-0.6612825709763397,-0.7369769588124756,-9.239646214033638,-0.018309779635117707
4.54,1,2.699271999535635e-42,9.5780977520554e-41,1.935074237252666e-40,2.026368444720512e-39,-6.854347594327561e-40
4.5600000000000005,0,1.0829364891824038,-0.6790518989688948,-0.7537398971895544,-9.488074328517943,-0.018652257046584353
4.5600000000000005,1,5.47298547202883e-42,1.9307603652253874e-40,3.883475705927746e-40,4.072701742543208e-39,-1.3696372312276657e-39
4.58,0,1.0691835840028936,-0.696120666334557,-0.7697806712726533,-9.726717571249026,-0.018971757434773195
4.58,1,1.1051682798206395e-41,3.876226693315547e-40,7.762194107709504e-40,8.152420402116639e-39,-2.7257030314748737e-39
4.6000000000000005,0,1.0550964278258088,-0.712474722959396,-0.7850858834313144,-9.955376030822068,-0.019270090609476043
4.6000000000000005,1,2.2226583176017649e-41,7.75059837698508e-40,1.545264574442777e-39,1.6253384176577004e-38,-5.402546448797892e-39
4.62,0,1.0406894481293374,-0.7281009033096398,-0.7996431733909704,-10.173863812839603,-0.019548833495354856
4.62,1,4.452159205944125e-41,1.5435473742975934e-39,3.064001301450802e-39,3.227510152626849e-38,-1.066543828610218e-38
4.64,0,1.0259773261706118,-0.7429869900127609,-0.8134412215783977,-10.382008818052805,-0.01980904212584811
4.64,1,8.882509287999971e-41,3.0617981700458404e-39,6.051400584307196e-39,6.383680382691125e-38,-2.0971629446269485e-38
4.66,0,1.0109749782791244,-0.7571216909666413,-0.8264697538285289,-10.579652624426629,-0.020051049106348806
4.66,1,1.765146613878555e-40,6.049479813903934e-39,1.1904650394073802e-38,1.2576716878653808e-37,-4.1074451391883006e-38
4.68,0,0.9956975374235266,-0.7704946355614871,-0.8387195487276414,-10.766650521312137,-0.020274376548682582
4.68,1,3.49396834649425e-40,1.1905762290930557e-38,2.3328344255394264e-38,2.4681344424159847e-37,-8.013277216857065e-38
4.7,0,0.9801603346397146,-0.7830963924331759,-0.8501824481934074,-10.942871717066225,-0.020477776998236052
4.7,1,6.889107680269228e-40,2.3340315833260563e-38,4.553761401571131e-38,4.8248996432681656e-37,-1.5572554266116869e-37
4.72,0,0.964378879894726,-0.79491850765656,-0.860851371135884,-11.108199711599745,-0.020659395592095287
4.72,1,1.3530859373719e-39,4.5580497374057743e-38,8.854990431940815e-38,9.395893548229472e-37,-3.0146239158613876e-37
4.74,0,0.948368842016785,-0.8059535589620209,-0.8707203293197627,-11.262532796964091,-0.020817028504199975
4.74,1,2.6473940440505122e-39,8.867199708357819e-38,1.7153375586223076e-37,1.8227639676426877e-36,-5.8135600847259314e-37
4.76,0,0.9321460274380906,-0.8161952189163669,-0.87978444396512,-11.405784626451364,-0.020948438377772938
4.76,1,5.1600608083983473e-39,1.718466751064618e-37,3.31029584981524e-37,3.5227138510200996e-36,-1.1168603995296345e-36
4.78,0,0.9157263576557989,-0.8256383184428105,-0.8880399612670077,-11.537884779140828,-0.021051679058519568
4.78,1,1.001950189006576e-38,3.317836172153941e-37,6.364314042897473e-37,6.782514901481022e-36,-2.1375442604655052e-36
4.8,0,0.8991258454940019,-0.8342789017930864,-0.8954842649339128,-11.658779244341993,-0.02112538076121595
4.8,1,1.9382259798346288e-38,6.381748431811146e-37,1.2190335952662364e-36,1.301015019903063e-35,-4.0757023944950245e-36
4.82,0,0.8823605704186102,-0.842114265159423,-0.9021158840498648,-11.76843075925571,-0.021168952976212907
4.82,1,3.7354366798424555e-38,1.2229451439161319e-36,2.3263259623325256e-36,2.4863574927139813e-35,-7.742342912313967e-36
4.84,0,0.8654466532925513,-0.8491429733556499,-0.907934495020424,-11.866818951986243,-0.021182674992856754
4.84,1,7.172467640227317e-38,2.3348999791371855e-36,4.423109181049482e-36,4.734192645950781e-35,-1.4653326751587214e-35
4.86,0,0.8484002310404469,-0.8553648520614497,-0.9129409169976314,-11.953940267893344,-0.02116766096695244
4.86,1,1.3721369757241354e-37,4.441553412957192e-36,8.37911542276956e-36,8.981328869887347e-35,-2.7631540917472783e-35
4.88,0,0.8312374317079859,-0.8607809565460228,-0.9171371008960637,-12.029807686240613,-0.02112570540370662
4.88,1,2.615406715710241e-37,8.418174822020763e-36,1.581587319593153e-35,1.6976910646145155e-34,-5.191465895316088e-35
4.9,0,0.8139743503495651,-0.8653935210505826,-0.9205261128033067,-12.094450261802443,-0.02105903290571476
4.9,1,4.9671238605513335e-37,1.5897484949925627e-35,2.974565794398183e-35,3.1975035645037977e-34,-9.718556715142097e-35
4.92,0,0.7966270260665956,-0.8692058956233673,-0.9231121131507287,-12.147912548385374,-0.02096999034176683
4.92,1,9.399519941227054e-37,2.9914184750874987e-35,5.57442599781582e-35,6.000790891002937e-34,-1.8128050258804384e-34
4.94,0,0.779211420365294,-0.8722224787769844,-0.9249003333623601,-12.190253974792764,-0.020860728085017932
4.94,1,1.7723605632840028e-36,5.608863570283424e-35,1.0409587457031011e-34,1.1221777521936526e-33,-3.369368523539731e-34
4.96,0,0.7617433968301229,-0.8744486546452713,-0.92589705179163,-12.221548246643248,-0.020732918390550914
4.96,1,3.330081395175775e-36,1.0479295338671227e-34,1.9370201827306694e-34,2.0911298423160425e-33,-6.2402849490207064e-34
4.98,0,0.7442387019434327,-0.875890742317227,-0.9261095705781033,-12.241882839295595,-0.020587553145581694
4.98,1,6.234828160809483e-36,1.9510085986739605e-34,3.5918018504762226e-34,3.883084728485533e-33,-1.1516726903419884e-33
5.0,0,0.7267129467481254,-0.8765559628780385,-0.9255461946399529,-12.251358629251877,-0.020424851040662162
5.0,1,1.163245436483235e-35,3.6196488895922184e-34,6.637100339339906e-34,7.185540687434903e-33,-2.1180322420057973e-33
5.0200000000000005,0,0.7091815889682195,-0.8764524267229475,-0.9242162134291522,-12.250089686580589,-0.02024428754067742
5.0200000000000005,1,2.1627468008615098e-35,6.692124122793518e-34,1.222199894514409e-33,1.325069988156063e-32,-3.881726109649707e-33
5.04,0,0.6916599151839815,-0.8755891403812713,-0.9221298854064442,-12.238203222922017,-0.020044742415779915
5.04,1,4.007167868619204e-35,1.2329963600809885e-33,2.2429204259033366e-33,2.4351453341233372e-32,-7.089504300099533e-33
5.0600000000000005,0,0.6741630227060808,-0.873976028900193,-0.9192984245442632,-12.215839662758153,-0.0198247418445483
5.0600000000000005,1,7.399065681725905e-35,2.2639650477010515e-33,4.1020697727228246e-33,4.459923907137576e-32,-1.2903728403561041e-32
5.08,0,0.6567058008992718,-0.8716239672718791,-0.9157339876356214,-12.183152783902868,-0.01958275790343933
5.08,1,1.3615498162870302e-34,4.1428334708574673e-33,7.47686311425316e-33,8.140595358658875e-32,-2.34062849945842e-32
5.1000000000000005,0,0.6393029118539396,-0.8685448128272911,-0.9114496608539622,-12.140309859841803,-0.019317519740272182
5.1000000000000005,1,2.496992195746033e-34,7.555351259380429e-33,1.3582276072292485e-32,1.480882409314977e-31,-4.23133233001717e-32
5.12,0,0.6219687704707422,-0.864751430196017,-0.9064594439209017,-12.087491733583061,-0.019028289161178158
5.12,1,4.5639133517266445e-34,1.373253552240593e-32,2.4590752345172233e-32,2.6849121074063347e-31,-7.623571342695046e-32
5.14,0,0.6047175241840826,-0.860257701385616,-0.9007782304059069,-12.024892760448619,-0.01871505895000425
5.14,1,8.313876850398589e-34,2.4876829275256526e-32,4.437378687308792e-32,4.85170006880931e-31,-1.3689439702733967e-31
5.16,0,0.5875630326798905,-0.8550785156150557,-0.8944217830760167,-11.952720574497562,-0.0183786441132181
5.16,1,1.5094720845326862e-33,4.491555358626041e-32,7.980787339569024e-32,8.73818724915921e-31,-2.4500097470827515e-31
5.18,0,0.570518848042608,-0.8492297364238981,-0.8874067037725936,-11.871195657354138,-0.018020652580435836
5.18,1,2.7315620787390015e-33,8.0828592324335e-32,1.4306670827052434e-31,1.568632885203385e-30,-4.370325926626949e-31
5.2,0,0.5535981957835113,-0.8427281468308879,-0.8797503979298088,-11.780550715433122,-0.017643340199309243
5.2,1,4.92686455500264e-33,1.4498022616375544e-31,2.5563125129934947e-31,2.8067437745192357e-30,-7.770206082266596e-31
5.22,0,0.5368139571551697,-0.835591376438604,-0.8714710344691817,-11.681029897776916,-0.017249372363541404
5.22,1,8.857530997899663e-33,2.5920112529824017e-31,4.552821443110247e-31,5.005811652763804e-30,-1.3769958985884415e-30
5.24,0,0.5201786530523419,-0.8278378169031575,-0.8625875023132645,-11.572887907988783,-0.01684152865542199
5.24,1,1.5872527266952877e-32,4.619107629441107e-31,8.082529206027811e-31,8.89908204846172e-30,-2.432331367244169e-30
5.26,0,0.5037044296539493,-0.8194865337313315,-0.8531193650845071,-11.456389076883896,-0.01642239535474488
5.26,1,2.835172875309746e-32,8.205045490331761e-31,1.4302847463497132e-30,1.5769700932056774e-29,-4.282637245592308e-30
5.28,0,0.4874030457960684,-0.8105571827041506,-0.8430868156465374,-11.331806465556781,-0.015994092301325757
5.28,1,5.048027097391731e-32,1.4528277512005522e-30,2.5229854558524117e-30,2.785593258485771e-29,-7.516344068049976e-30
5.3,0,0.4712858619070655,-0.8010699383117432,-0.8325106319941167,-11.199421061187486,-0.015558075176918429
5.3,1,8.959442234990271e-32,2.5642825806449602e-30,4.436416867974155e-30,4.9049693351508764e-29,-1.3149737222479318e-29
5.32,0,0.45536383020688875,-0.7910454395654268,-0.8214121356311617,-11.059521111272675,-0.015115042643300214
5.32,1,1.5851334097122237e-31,4.511745031999573e-30,7.776488724459497e-30,8.609689296569909e-29,-2.2932462517705072e-29
5.34,0,0.43964748579236385,-0.7805047557417631,-0.8098131530518876,-10.912401618659374,-0.014664961725310732
5.34,1,2.795660903712792e-31,7.913312361947244e-30,1.3588655017486447e-29,1.5065355470122148e-28,-3.986718163396006e-29
5.36,0,0.42414693821077504,-0.7694693714409552,-0.7977359803398772,-10.75836399336044,-0.01420720681293286
5.36,1,4.915244948342819e-31,1.383614927141102e-29,2.367113879250897e-29,2.627967786948571e-28,-6.909068889510277e-29
5.38,0,0.4088718631674758,-0.7579611872918831,-0.7852033503155208,-10.59771583166809,-0.013740790418274251
5.38,1,8.615012342725223e-31,2.4117001463231998e-29,4.1107352161490143e-29,4.570012259901913e-28,-1.1936320550494326e-28
5.4,0,0.3938314941125901,-0.7460025301707375,-0.7722384011821618,-10.430770772414,-0.013264649976324705
5.4,1,1.505305582752951e-30,4.190736845037895e-29,7.116809592554044e-29,7.922809034228122e-28,-2.0557774511750693e-28
5.42,0,0.3790346135914292,-0.7336161652907471,-0.7588646453167829,-10.257848367456996,-0.012777946613464763
5.42,1,2.6221608728157233e-30,7.259793168179322e-29,1.2283564157010598e-28,1.3693460931997023e-27,-3.5297504965459725e-28
5.44,0,0.3644895444014265,-0.7208253021910699,-0.7451059367660884,-10.079273900499395,-0.012280330175583387
5.44,1,4.553733883462983e-30,1.2538123660466356e-28,2.1137045261537937e-28,2.359538691482032e-27,-6.0420137901674225e-28
5.46,0,0.35020414075083217,-0.7076535875471917,-0.7309864361535923,-9.89537809553007,-0.011772130130611735
5.46,1,7.884193587102807e-30,2.1588519581689426e-28,3.6262062609810207e-28,4.053482850198526e-27,-1.0310901087620062e-27
5.48,0,0.3361857797377676,-0.69412507970076,-0.7165305720529941,-9.706496672407393,-0.011254443403244885
5.48,1,1.3609300238051182e-29,3.705976473738076e-28,6.202353288636488e-28,6.942635483781221e-27,-1.7542684205479143e-27
5.5,0,0.3224413535437182,-0.6802642025576394,-0.7017629983823264,-9.512969729807901,-0.010729105999050859
5.5,1,2.3421282117179634e-29,6.34277509720247e-28,1.0577026588922413e-27,1.1855571821346007e-26,-2.97568668526255e-27
5.5200000000000005,0,0.3089772627517129,-0.6660956796068478,-0.6867085479446224,-9.315140961484435,-0.010198553011433908
5.5200000000000005,1,4.018734039302295e-29,1.0823310204330691e-27,1.798378184308653e-27,2.0185058103388567e-26,-5.032423817325599e-27
5.54,0,0.2957994111539578,-0.6516444517961064,-0.6713921827968569,-9.113356736573763,-0.009665588571725614
5.54,1,6.875097764981317e-29,1.841417328856663e-27,3.0487087035996895e-27,3.4265257716019377e-26,-8.485415112026091e-27
5.5600000000000005,0,0.28291320231360134,-0.636935585409004,-0.6558389425855972,-8.907965094805407,-0.009133100920648118
5.5600000000000005,1,1.1726993778749879e-28,3.1236528915397596e-27,5.153180583320841e-27,5.799646929291796e-26,-1.4265328811361325e-26
5.58,0,0.27032353800591136,-0.6219941775608057,-0.6400738922772852,-8.699314719863679,-0.0086037659875986
5.58,1,1.9944346706041629e-28,5.283220506043339e-27,8.68492914344882e-27,9.787676927997533e-26,-2.3911682195368582e-26
5.6000000000000005,0,0.2580348185066595,-0.6068452672457233,-0.6241220707915298,-8.487753957007442,-0.008079784432684534
5.6000000000000005,1,3.3820907033956177e-28,8.909781408525591e-27,1.459471288962996e-26,1.6470056462225865e-25,-3.9963624902900366e-26
5.62,0,0.24605094454377002,-0.5915137589860924,-0.608008441907632,-8.273629933984186,-0.007562691821107137
5.62,1,5.718602688363241e-28,1.4982163470271104e-26,2.4455129941880328e-26,2.763469840194782e-25,-6.659669543568275e-26
5.64,0,0.23437532060515656,-0.5760243641940112,-0.591757848481432,-8.057287828425522,-0.007053270290632518
5.64,1,9.641412666172016e-28,2.5120479439999377e-26,4.08597997646005e-26,4.623440250655078e-25,-1.106573129055165e-25
5.66,0,0.22301085921950237,-0.5604015626595931,-0.5753949705343364,-7.839070302747755,-0.006551574486548084
5.66,1,1.6208552941595512e-27,4.1998509855555615e-26,6.807394917158368e-26,7.713176408370548e-25,-1.833385028592762e-25
5.68,0,0.2119599858086672,-0.5446695835416722,-0.5589442872328668,-7.6193171025174395,-0.006057067065970756
5.68,1,2.7171105368259297e-27,7.001627051985519e-26,1.1309167570574353e-25,1.2831141788476039e-24,-3.0288639156963137e-25
5.7,0,0.20122464375263222,-0.5288524023212993,-0.5424300422484827,-7.398364790112158,-0.005568842386031836
5.7,1,4.541888229961855e-27,1.1639375720390329e-25,1.873491636265503e-25,2.128471389928156e-24,-4.989587890735099e-25
5.72,0,0.19080629940344473,-0.5129737478292317,-0.5258762115537489,-7.176546565979141,-0.005085903630102084
5.72,1,7.570736870730179e-27,1.929445100524831e-25,3.094928838727648e-25,3.5208471259121005e-24,-8.196239851773369e-25
5.74,0,0.1807059469184193,-0.4970571120309311,-0.5093064724366815,-6.954192117814079,-0.004607450618956843
5.74,1,1.2584004191649564e-26,3.189433206073518e-25,5.098396990220985e-25,5.807773139501977e-24,-1.3425666509990518e-24
5.76,0,0.17092411293406506,-0.48112575495913407,-0.49274417243988766,-6.73162743532612,-0.004133134101757641
5.76,1,2.0858587152369278e-26,5.257498848557184e-25,8.375425986362602e-25,9.553476678020035e-24,-2.1929782900399772e-24
5.78,0,0.161460861247474,-0.4652026980635938,-0.4762122970637563,-6.509174535267714,-0.003663237622599791
5.78,1,3.4478035644738305e-26,8.642424869744096e-25,1.3720709193165634e-24,1.567143286185918e-23,-3.5720380442174464e-24
5.8,0,0.15231579778887738,-0.4493107011597486,-0.45973343539057865,-6.2871510569578515,-0.003198759278628227
5.8,1,5.683265097579903e-26,1.4167358233115779e-24,2.2415511770234475e-24,2.563642532783308e-23,-5.8021238014709864e-24
5.82,0,0.14348807623985718,-0.43347222080559966,-0.4433297432383876,-6.065869710187982,-0.0027413810904133307
5.82,1,9.342372798464852e-26,2.3160342701844895e-24,3.6519865670189455e-24,4.182285772441637e-23,-9.398377941833516e-24
5.84,0,0.13497640466552166,-0.4177093509109402,-0.42702290396891923,-5.845637581826255,-0.002293330926907533
5.84,1,1.5315330764562324e-25,3.7758076393061535e-24,5.933678219100517e-24,6.80429776626695e-23,-1.5181670712383358e-23
5.86,0,0.12677905348381666,-0.4020437492292422,-0.4108340875740311,-5.626755330881005,-0.001857158328385733
5.86,1,2.5038680022674424e-25,6.138883181464507e-24,9.614770800162937e-24,1.1040077127150549e-22,-2.4456406731002383e-23
5.88,0,0.11889386499805372,-0.3864965556657869,-0.3947839090730097,-5.40951632067255,-0.0014354586484670584
5.88,1,4.082425066706458e-25,9.953808634511348e-24,1.5537450221802667e-23,1.7864293324753343e-22,-3.928961236437456e-23
5.9,0,0.11131826458460703,-0.37108830970987505,-0.37889238750822335,-5.194205748234385,-0.0010305877038656597
5.9,1,6.638234082863765e-25,1.609590208719557e-23,2.5041025214202686e-23,2.8829040281393094e-22,-6.294777359319301e-23
5.92,0,0.10404927347706636,-0.35583887455852914,-0.3631789068912131,-4.981099833409663,-0.0006444104097456105
5.92,1,1.0765152520973837e-24,2.5958112307932286e-23,4.0249602954947047e-23,4.63992264466204e-22,-1.0057869215515204e-22
5.94,0,0.09708352294385957,-0.3407673746096225,-0.34766218031771606,-4.77046512301944,-0.0002781215152745098
5.94,1,1.741112200548398e-24,4.175112731164502e-23,6.452288284659336e-23,7.447886272079429e-22,-1.6027284484491254e-22
5.96,0,0.09041726954032452,-0.3258921511052199,-0.332360218160627,-4.562557950090766,6.783461768744559e-05
5.96,1,2.8085222577975006e-24,6.697398039720452e-23,1.0316064538563804e-22,1.1923466416087965e-21,-2.547109160479333e-22
5.98,0,0.08404641104583958,-0.31123073809577423,-0.31729030081344506,-4.357624066841614,0.00039373350077598346
5.98,1,4.518341419028884e-24,1.0715001641331749e-22,1.6450073774100797e-22,1.9038144497897927e-21,-4.037142200033479e-22
6.0,0,0.07796650268228071,-0.2967998579750005,-0.30246895596096274,-4.155898446210603,0.0007004345605952089
6.0,1,7.249962100389551e-24,1.7097474005339326e-22,2.616257464227914e-22,3.0318283863834874e-21,-6.381820256359819e-22
6.0200000000000005,0,0.07217277325351328,-0.28261543305162967,-0.28791193987476993,-3.9576052238580406,0.0009891611352252916
6.0200000000000005,1,1.1602546893090178e-23,2.7210124258785076e-22,4.150086916497619e-22,4.815570813109834e-21,-1.0061534168799234e-21
6.04,0,0.06666014093976037,-0.2686926074026154,-0.27363422184107294,-3.762957734235938,0.0012612305993224826
6.04,1,1.851983666456368e-23,4.319099178293856e-22,6.566034635403518e-22,7.628853587920444e-21,-1.5821147383090453e-21
6.0600000000000005,0,0.06142322861071659,-0.2550457719295611,-0.25964997058549716,-3.57215858330005,0.0015177762861939836
6.0600000000000005,1,2.9484410479452457e-23,6.837936387876202e-22,1.0361521393678795e-21,1.2054362652328224e-20,-2.4812517093015402e-21
6.08,0,0.056456378666981576,-0.24168858531386767,-0.2459725414989403,-3.385399698356165,0.0017595039620177388
6.08,1,4.681924543395025e-23,1.0797699743770708e-21,1.6308849304258385e-21,1.8997993956337338e-20,-3.881214315058349e-21
6.1000000000000005,0,0.05175366755826248,-0.22863398446538047,-0.23261446359703203,-3.2028623026577563,0.0019865201424296153
6.1000000000000005,1,7.41546106487711e-23,1.700657134719442e-21,2.560398303687338e-21,2.986446537417184e-20,-6.055265488099656e-21
6.12,0,0.04730892023749036,-0.21589417994071583,-0.21958742544123583,-3.024716777554916,0.0021982583848949577
6.12,1,1.1714904550197134e-22,2.671693078029748e-21,4.009415665375218e-21,4.6826335726585754e-20,-9.422632634169278e-21
6.140000000000001,0,0.04311572487558767,-0.20348063437787242,-0.20690225966483164,-2.8511223958611347,0.0023935145709206296
6.140000000000001,1,1.8459978557270454e-22,4.1864463992017455e-21,6.262515798348233e-21,7.32350352756362e-20,-1.4624785686811766e-20
6.16,0,0.03916744817218104,-0.19140402485594366,-0.19456892621691793,-2.682226933423941,0.0025705854407294115
6.16,1,2.901485506650837e-22,6.543325132152763e-21,9.756983734335209e-21,1.1424723634074834e-19,-2.2640684490609664e-20
6.18,0,0.0354572515516277,-0.17967419280264194,-0.1825964948895559,-2.518166188069571,0.002727488832583891
6.18,1,4.548951073687638e-22,1.0201175624594641e-20,1.5163032148627254e-20,1.7777690196623765e-19,-3.4960443221912684e-20
6.2,0,0.03197810843853083,-0.16830008722260442,-0.1709931280581836,-2.359063452746251,0.002862231629788825
6.2,1,7.113913550707675e-22,1.586373359431527e-20,2.3505253025825727e-20,2.7593860201852237e-19,-5.384633169810858e-20
6.22,0,0.028722822677195215,-0.1572897082790019,-0.15976606478846628,-2.2050290001336794,0.0029730842276529668
6.22,1,1.1097294406605968e-21,2.460756782406935e-20,3.634601624333478e-20,4.272299531921592e-19,-8.272400365518834e-20
6.24,0,0.02568404801518165,-0.146650058440784,-0.14892160751113473,-2.05615963765584,0.0030588194848641947
6.24,1,1.7267979706522254e-21,3.8075415565794136e-20,5.60617000888608e-20,6.598232085679107e-19,-1.2676739064679284e-19
6.26,0,0.022854308434361998,-0.1363871074852917,-0.13846511233448394,-1.9125383845212485,0.003118879727164625
6.26,1,2.6803189666264677e-21,5.87675804976846e-20,8.625767816341569e-20,1.0165169701110153e-18,-1.9377084314343088e-19
6.28,0,0.02022601900450572,-0.12650577576743158,-0.1284009837740708,-1.7742343072882636,0.003153446544221672
6.28,1,4.150080589420936e-21,9.048000731575154e-20,1.3239017273766714e-19,1.5621663006686413e-18,-2.9544619824811974e-19
6.3,0,0.017791506870844718,-0.11700993762455558,-0.11873267427675475,-1.64130252987375,0.0031634031299718757
6.3,1,6.409972944546325e-21,1.389611826194813e-19,2.026957264474254e-19,2.3948033499406202e-18,-4.493467932678817e-19
6.32,0,0.015543031977724945,-0.10790244397353053,-0.10946268846425589,-1.5137844110756424,0.003150195446214976
6.32,1,9.876201353374838e-21,2.1289466430621395e-19,3.095769450471409e-19,3.662239366150172e-18,-6.817140658631763e-19
6.34,0,0.013472807176455312,-0.09918516050590945,-0.10059259158948046,-1.3917078610795017,0.0031156139967694063
6.34,1,1.5179663656484867e-20,3.253649291394025e-19,4.716632740455408e-19,5.586787254122846e-18,-1.0316782461712103e-18
6.36,0,0.011573017459406278,-0.09085901580457807,-0.0921230213528399,-1.2750877513722227,0.0030615301081297064
6.36,1,2.327432962923716e-20,4.960387620928536e-19,7.168679225187089e-19,8.501983957095556e-18,-1.5574412877956057e-18
6.38,0,0.009835838189569537,-0.08292405250777224,-0.08405370201771076,-1.163926362583596,0.0029896274747848173
6.38,1,3.559912482764556e-20,7.544032961041141e-19,1.0869110773316422e-18,1.2907000176464118e-17,-2.34535403100652e-18
6.4,0,0.008253452335411108,-0.07537947451379241,-0.07638345972448723,-1.058213813500252,0.0029011703071581962
6.4,1,5.431912994951677e-20,1.1445604666048977e-18,1.6439959893935626e-18,1.954705475696398e-17,-3.523208224495413e-18
6.42,0,0.006818066853199605,-0.06822368416772011,-0.06911023803576338,-0.9579284219977846,0.002796843649703118
6.42,1,8.268406360639659e-20,1.7323082240576723e-18,2.4806380404723343e-18,2.9531965883513244e-17,-5.279650746705831e-18
6.44,0,0.005521928462701193,-0.061454305249704196,-0.062231113028996095,-0.8630369637195514,0.0026766902236927126
6.44,1,1.2555975803470195e-19,2.6155730903900197e-18,3.734099898401352e-18,4.4510490800556957e-17,-7.89246753509668e-18
6.46,0,0.004357339121320671,-0.0550681901005224,-0.05574230764270243,-0.7734948146419135,0.0025401532345998845
6.46,1,1.9021416351464288e-19,3.939741910305699e-18,5.607538705745677e-18,6.692607139411695e-17,-1.1769684649837167e-17
6.48,0,0.003316671507455762,-0.04906141198508364,-0.04963920541728269,-0.6892459860628365,0.002386218271665519
6.48,1,2.874769167384369e-19,5.920137583797879e-18,8.40090967135763e-18,1.0039106924445778e-16,-1.7509143071287466e-17
6.5,0,0.002392384775293625,-0.04342924638276569,-0.04391636418509852,-0.6102230815874027,0.0022136322286829824
6.5,1,4.3344581941396487e-19,8.87488606851259e-18,1.2556015931648796e-17,1.502330369108367e-16,-2.5984631951660415e-17
6.5200000000000005,0,0.0015770407481162756,-0.03816614690844127,-0.03856753059363486,-0.5363472221404748,0.0020211654222969666
6.5200000000000005,1,6.519920341886437e-19,1.3272860296373927e-17,1.8722018782192907e-17,2.2429014956706215e-16,-3.847010541782717e-17
6.54,0,0.000863320590120379,-0.03326572270298433,-0.03358565654115501,-0.4675279944139151,0.0018078765721345758
6.54,1,9.784288681974039e-19,1.9803445085037395e-17,2.7850467278625355e-17,3.3406660097973797e-16,-5.681836978921442e-17
6.5600000000000005,0,0.00024404185735208667,-0.028720724216758,-0.028962918637883084,-0.4036634790538115,0.0015733400191995373
6.5600000000000005,1,1.4648715306497938e-18,2.947780545539852e-17,4.133281182711117e-17,4.964067567428927e-16,-8.371748036731348e-17
6.58,0,-0.0002878243020306325,-0.02452304333595392,-0.02469074167412508,-0.3446404072215683,0.0013178005182134522
6.58,1,2.188048263933729e-18,4.3775524442476343e-17,6.119890946685093e-17,7.359150614972578e-16,-1.2305771930258902e-16
6.6000000000000005,0,-0.0007391361294523089,-0.020663731924222113,-0.020759826801837893,-0.2903344791471462,0.0010422322080366198
6.6000000000000005,1,3.2606565015230546e-18,6.485641819639897e-17,9.040287569113534e-17,1.0884453854635017e-15,-1.8045553071391606e-16
6.62,0,-0.0011165648081173354,-0.017133040363526413,-0.017160184761548576,-0.2406108582795836,0.0007482931902138279
6.62,1,4.847833132209727e-18,9.586575327018836e-17,1.3323371849518537e-16,1.6061202189237209e-15,-2.639996731410839e-16
6.640000000000001,0,-0.0014265789788115585,-0.013920474963885808,-0.013881174070461166,-0.1953248327298346,0.00043818323543329263
6.640000000000001,1,7.190984510308423e-18,1.4137298458060363e-16,1.959037979455752e-16,2.3645329699384058e-15,-3.8531118580995537e-16
6.66,0,-0.0016754305639235336,-0.011014870589819406,-0.010911543693865386,-0.15432261526775531,0.00011442701028362146
6.66,1,1.0642182239834473e-17,2.0800089601524558e-16,2.87390082807734e-16,3.4730579428807745e-15,-5.610453986673362e-16
6.68,0,-0.0018691421505941971,-0.0084044729085069,-0.008239479410059874,-0.11744223730526451,-0.00022038341383208426
6.68,1,1.5713690659190296e-17,3.053255934131238e-16,4.20633906766485e-16,5.0895733465868566e-15,-8.150150388031234e-16
6.7,0,-0.0020134960597059113,-0.006077023596524324,-0.0058526528949554265,-0.0845144834702112,-0.000563846881129329
6.7,1,2.31491127747366e-17,4.471608499780599e-16,6.142478859772574e-16,7.441435708074589e-15,-1.1811838083817513e-15
6.72,0,-0.002114025092071643,-0.004019841807984071,-0.0037382725219506498,-0.05536381285557886,-0.0009139724561981269
6.72,1,3.402534778150741e-17,6.533865357427499e-16,8.949385620071039e-16,1.085528835813973e-14,-1.7078768577412311e-15
6.74,0,-0.0021760048176277394,-0.002219896206278858,-0.001883134997006505,-0.02980922083181141,-0.0012693260560926022
6.74,1,4.9898357112055557e-17,9.525453697966493e-16,1.3009366524698243e-15,1.5799323334421344e-14,-2.4636881572682527e-15
6.76,0,-0.002204447176983014,-0.0006638637341992321,-0.00027367720530772357,-0.007665010165040197,-0.0016290821137490523
6.76,1,7.301106895367088e-17,1.3855220148511563e-15,1.886842388672282e-15,2.2943056359140905e-14,-3.545748151224716e-15
6.78,0,-0.0022040951120394347,0.0006618262514728126,0.0011039720088117063,0.011258540265971916,-0.0019929727453525383
6.78,1,1.065892096906515e-16,2.0107431768416954e-15,2.730453398986709e-15,3.324167063564416e-14,-5.091266159860422e-15
6.8,0,-0.002179417941420282,0.0017709612075501439,0.0022639400299009687,0.027154599691447647,-0.002361142785745632
6.8,1,1.5526125620925248e-16,2.9115099807207564e-15,3.942363444556508e-15,4.805474460504547e-14,-7.293604874954885e-15
6.82,0,-0.0021346072469125205,0.0026775242897309737,0.003220558181573145,0.04021927367567257,-0.0027339336194389385
6.82,1,2.256531841159352e-16,4.206312326240519e-15,5.6794244268951566e-15,6.93129838640077e-14,-1.0424611296640432e-14
6.84,0,-0.0020735731308440678,0.0033956773537539334,0.003988308253291413,0.0506511126838954,-0.0031116297313403263
6.84,1,3.272287904814139e-16,6.063303461234988e-15,8.163581811121521e-15,9.975181130173628e-14,-1.4865562844446444e-14
6.86,0,-0.0019999408263514703,0.003939741572283226,0.0045817670096380755,0.05865058966027338,-0.0034942076483082084
6.86,1,4.73474210187575e-16,8.720564559318576e-15,1.1708165953508033e-14,1.4323785069488006e-13,-2.1149946864419985e-14
6.88,0,-0.001917047773524827,0.004324169237544253,0.00501554787440095,0.064419495896854,-0.0038811265712344646
6.88,1,6.835637053161039e-16,1.2514408162330945e-14,1.6754504061892886e-14,2.0522416742222486e-13,-3.002245314959162e-14
6.9,0,-0.0018279413936997846,0.004563501409321111,0.005304239163734245,0.0681602133145376,-0.004271193584042043
6.9,1,9.84696808082662e-16,1.7918815972454292e-14,2.3922783956923374e-14,2.9338354790968504e-13,-4.252012429532492e-14
6.92,0,-0.0017353778827248246,0.004672308011540364,0.00546233855714494,0.07007483703943472,-0.0046625248778696254
6.92,1,1.4153697581281997e-15,2.5600261398276064e-14,3.408255106481617e-14,4.1848737212070976e-13,-6.008371254484484e-14
6.94,0,-0.0016418223875625346,0.004665109482548865,0.005504183899594848,0.07036414248122473,-0.005052609725540613
6.94,1,2.0299440905809705e-15,3.6493738795855596e-14,4.8450187376152705e-14,5.956224552493486e-13,-8.471011210737023e-14
6.96,0,-0.0015494509216299162,0.004556281764282863,0.005443880867082662,0.06922641295874371,-0.005438468258783628
6.96,1,2.9050119135625257e-15,5.1907954437502964e-14,6.872338311921056e-14,8.45871868853776e-13,-1.1916050672873447e-13
6.98,0,-0.0014601543133475811,0.004359948868260026,0.005295228441735204,0.06685616401329282,-0.005816879857652453
6.98,1,4.148243934946902e-15,7.367052230205384e-14,9.726620494513808e-14,1.198631212697817e-12,-1.6724390046906304e-13
7.0,0,-0.0013755443777952441,0.0040898691131434,0.005071643475439068,0.06344281593117965,-0.006184648347172049
7.0,1,5.9106602091361686e-15,1.0432790823135067e-13,1.3736320201618977e-13,1.6947931018373512e-12,-2.342023865984418e-13
7.0200000000000005,0,-0.0012969623680243064,0.0037593221144871154,0.004786085831105411,0.059169374435135536,-0.0065388648323159194
7.0200000000000005,1,8.403608378876562e-15,1.4742012053411232e-13,1.935674883258058e-13,2.391115066208865e-12,-3.2723337873129253e-13
7.04,0,-0.0012254896195200947,0.003381003582521106,0.004450985654666582,0.05421117985055377,-0.006877129695258284
7.04,1,1.1922201278486232e-14,2.078572060917744e-13,2.7217644320717714e-13,3.366196645731904e-12,-4.561957604470621e-13
7.0600000000000005,0,-0.001161960168844519,0.0029669339649871264,0.004078174248053104,0.04873477740685935,-0.007197701897039582
7.0600000000000005,1,1.687759696797316e-14,2.9243407567168174e-13,3.8188030262314255e-13,4.728639446547757e-12,-6.345623871442124e-13
7.08,0,-0.001106975024048243,0.002528385128398943,0.003678819804875646,0.042896947020898,-0.007499555223312797
7.08,1,2.384135515969586e-14,4.105328369041496e-13,5.346444168828804e-13,6.628161454089058e-12,-8.807017374309642e-13
7.1000000000000005,0,-0.0010609177037372612,0.002075826897761906,0.0032633689757718604,0.036843912262867734,-0.00778233569420105
7.1000000000000005,1,3.3606248241244603e-14,5.750786909766611e-13,7.469065633957839e-13,9.270699904727737e-12,-1.2195982310544822e-12
7.12,0,-0.001023970650643872,0.0016188927463350689,0.0028414949005346785,0.030710728202766296,-0.008046229754075332
7.12,1,4.7269440064977416e-14,8.038379021008875e-13,1.0411980414007365e-12,1.2938886324543857e-11,-1.6851556951314318e-12
7.140000000000001,0,-0.0009961321633144818,0.0011663616391058096,0.002422052033833287,0.024620829628916433,-0.0082917666814351
7.140000000000001,1,6.634599975485708e-14,1.1211761438320602e-12,1.44833344242304e-12,1.8019740103663132e-11,-2.323274090014288e-12
7.16,0,-0.000977233567607127,0.0007261513415292844,0.0020130378499061173,0.018685707556244248,-0.008519588774834268
7.16,1,9.29234598142097e-14,1.5604349645181277e-12,2.010361716075233e-12,2.5042038494060632e-11,-3.1959489908068425e-12
7.18,0,-0.0009669564533796507,0.0003053176686176464,0.001621561375266534,0.013004675080499439,-0.00873022771985239
7.18,1,1.2987177925807144e-13,2.1671361847752895e-12,2.784533971237105e-12,3.4726626981715797e-11,-4.3867203948617454e-12
7.2,0,-0.0009648499124428168,-8.994570697202918e-05,0.0012538184845886965,0.007664684487095263,-0.008923924384703671
7.2,1,1.8112792304560182e-13,3.0032926153805605e-12,3.8486259327936125e-12,4.8053993798742016e-11,-6.0078971834141675e-12
7.22,0,-0.0009703478119947698,-0.00045431117569035874,0.0009150739993071049,0.0027401658593198385,-0.009100522318984861
7.22,1,2.5208069674521274e-13,4.153193567141893e-12,5.308060992427913e-12,6.635482226536125e-11,-8.210112325374741e-12
7.24,0,-0.0009827862059127476,-0.0007833272646595568,0.0006096508258791649,-0.0017071281744191176,-0.009259453530814678
7.24,1,3.500899720167799e-13,5.731151660360797e-12,7.305420897008138e-12,9.143105288759093e-11,-1.1194929642539777e-11
7.26,0,-0.0010014210118932895,-0.0010734349548222756,0.00034092661888037335,-0.00562826885753996,-0.009399820509971898
7.26,1,4.851856425523526e-13,7.891851710842172e-12,1.003311497598581e-11,1.2571735962907206e-10,-1.523143567728164e-11
7.28,0,-0.001025446059797931,-0.0013219879056054254,0.00011133870038547467,-0.00898726746643862,-0.009520563212037335
7.28,1,6.710063879578893e-13,1.0844143580426704e-11,1.3750217762966716e-11,1.7249603259773287e-10,-2.0678022471759038e-11
7.3,0,-0.0010540115477505544,-0.001527272122656383,-7.760184360820328e-05,-0.01176112353772738,-0.009620686179461982
7.3,1,9.260576615245067e-13,1.486938238539581e-11,1.8804794633054135e-11,2.361822679599119e-10,-2.801091456437052e-11
7.32,0,-0.0010862428371150108,-0.0016885191222219453,-0.00022528588542444409,-0.01393975647208223,-0.009699511239025004
7.32,1,1.275393630517974e-12,2.0345758620948362e-11,2.5663435612735048e-11,3.227020564510429e-10,-3.7861435757765807e-11
7.34,0,-0.00112125939108404,-0.0018059060601554606,-0.00033197084947531784,-0.01552576806295747,-0.00975691677921898
7.34,1,1.7528608482964364e-12,2.778049951613926e-11,3.495023408924115e-11,4.3999156566181107e-10,-5.106457243586145e-11
7.36,0,-0.0011581935335427658,-0.0018805367179803027,-0.00039873344375926465,-0.016533987898948357,-0.009793526152775883
7.36,1,2.404084484964557e-12,3.7852389061338305e-11,4.749811164892519e-11,5.986555472143267e-10,-6.872210035559052e-11
7.38,0,-0.0011962085951854468,-0.001914398632737258,-0.0004274101583893642,-0.01699076583547908,-0.009810815022842534
7.38,1,3.290433872068659e-12,5.1467782735646884e-11,6.441624286151738e-11,8.128333961161842e-10,-9.228443781712785e-11
7.4,0,-0.001234515940307274,-0.0019102938338257695,-0.0004205256455388803,-0.016932994325706188,-0.009811119347854587
7.4,1,4.4942766011118484e-12,6.983422818960875e-11,8.71784248947782e-11,1.1013357098912646e-09,-1.2365651523674204e-10
7.42,0,-0.0012723903430046876,-0.0018717433024744948,-0.00038120965711020406,-0.016406865888595235,-0.009797540346047691
7.42,1,6.125924122093349e-12,9.45570004884843e-11,1.177386294577337e-10,1.4891323716845728e-09,-1.6533436484579243e-10
7.44,0,-0.0013091832115097958,-0.0018028680200730556,-0.00031310379900399015,-0.015466394339294219,-0.00977375794172856
7.44,1,8.332792627936957e-12,1.2776538944850582e-10,1.5868174741675592e-10,2.0092963543708006e-09,-2.2058090209171928e-10
7.46,0,-0.0013443332420769677,-0.0017082519288666384,-0.00022025990484226442,-0.014171749457000803,-0.009743777547132133
7.46,1,1.131145845013114e-11,1.722775237945e-10,2.1341978738853913e-10,2.7055369075063394e-09,-2.9365157438333954e-10
7.48,0,-0.0013773742097870963,-0.0015927939468582074,-0.00010703228334214894,-0.012587470716296043,-0.009711644539718862
7.48,1,1.5323486635180872e-11,2.3181499021112573e-10,2.864466400767465e-10,3.635493155332696e-09,-3.900832923769359e-10
7.5,0,-0.0014079397573864055,-0.0014615571107122374,2.2033589254501873e-05,-0.010780634528897352,-0.009681165021073973
7.5,1,2.0716166634010375e-11,3.112816386872732e-10,3.836681201660599e-10,4.875006395290337e-09,-5.170634536685118e-10
7.5200000000000005,0,-0.0014357652057372116,-0.0013196228534974523,0.00016231320087129063,-0.008819050171251737,-0.009655669777712594
7.5200000000000005,1,2.7949614913838675e-11,4.171249243895783e-10,5.128285321981264e-10,6.523649003570853e-09,-6.839000621167564e-10
7.54,0,-0.0014606865607838637,-0.0011719573964901614,0.0003092132302606961,-0.006769552443998189,-0.00963785110686407
7.54,1,3.763211927441567e-11,5.578031247278363e-10,6.84060703305361e-10,8.71186285586959e-09,-9.02619109679881e-10
7.5600000000000005,0,-0.0014826370145131526,-0.0010232954274331388,0.00045827728585138845,-0.004696445498328828,-0.009629690485735115
7.5600000000000005,1,5.0566126732156546e-11,7.443880391159919e-10,9.105935623286772e-10,1.1610154273478762e-08,-1.1887217258548756e-09
7.58,0,-0.0015016413184296908,-0.0008780439466373309,0.0006052848324755863,-0.002660134458347057,-0.009632480794575574
7.58,1,6.78079446044083e-11,9.913406354734987e-10,1.2096602615146544e-09,1.5440910251219275e-08,-1.5621413545902946e-09
7.6000000000000005,0,-0.0015178084414426349,-0.0007402067487466728,0.0007463413095393196,-0.0007159622951727904,-0.009646932187280629
7.6000000000000005,1,9.074506826403404e-11,1.3175069269919125e-09,1.603660947174446e-09,2.0493547653296527e-08,-2.0484506754097527e-09
7.62,0,-0.0015313229110659322,-0.0006133278430922081,0.0008779577958130225,0.0010867482135127346,-0.009673338016803649
7.62,1,1.2119611261900056e-10,1.7473936018217063e-09,2.1216480908698474e-09,2.7143889905150375e-08,-2.680379479646488e-09
7.640000000000001,0,-0.0015424351857965886,-0.0005004505221027556,0.0009971189103660809,0.0027054611249449825,-0.009711768434383561
7.640000000000001,1,1.615396614587448e-10,2.312798141130609e-09,2.801219398998609e-09,3.58788926116339e-08,-3.499718635805371e-09
7.66,0,-0.0015514513313210194,-0.0004040879893630274,0.001101337926349774,0.004105023893246716,-0.0097622557443291
7.66,1,2.1488002535953185e-10,3.0548870172176154e-09,3.6909244561792576e-09,4.732812032645788e-08,-4.559702085411262e-09
7.68,0,-0.0015587221908675342,-0.00032620154771060926,0.0011886983000463681,0.005258116170916545,-0.009824937838865075
7.68,1,2.85259995544058e-10,4.026838869947833e-09,4.853317302934001e-09,6.230372320794487e-08,-5.927979028675207e-09
7.7,0,-0.0015646321679924277,-0.0002681832678599859,0.0012578809848927746,0.006145567935233307,-0.00990013368527311
7.7,1,3.779332963476168e-10,5.29719828541332e-09,6.368819148980743e-09,8.185108868893225e-08,-7.690312693145773e-09
7.72,0,-0.0015695876932659578,-0.0002308416172044774,0.001308177028212129,0.006756554030420582,-0.009988336671283266
7.72,1,4.997126923801771e-10,6.954121104200193e-09,8.340594629023442e-09,1.0731286647875554e-07,-9.955171019952831e-09
7.74,0,-0.0015740054346517869,-0.0002143904287139671,0.0013394850684052219,0.007088659760512889,-0.01009012576250843
7.74,1,6.594137430577156e-10,9.110735449000151e-09,1.0900692901199533e-08,1.4040970532292667e-07,-1.2859409036924533e-08
7.76,0,-0.0015783003381603564,-0.00021844347524808995,0.0013522934995901805,0.007147800001314455,-0.010206008654787714
7.76,1,8.684191920178382e-10,1.1911895522321637e-08,1.4217763223178601e-08,1.8334182081451057e-07,-1.6575283502007664e-08
7.78,0,-0.0015828736466872034,-0.00024201842803409652,0.0013476472850426373,0.006947965175716183,-0.010336223168193534
7.78,1,1.141395142865243e-09,1.554266962422124e-08,1.8506725483519867e-08,2.389164633256204e-07,-2.1319088586522997e-08
7.8,0,-0.0015881011302342847,-0.00028355481842451267,0.0013270997076173573,0.00651076365923277,-0.010480531117175947
7.8,1,1.4971977587069934e-09,2.0238982062218088e-08,2.404086194066821e-08,3.1070750689955763e-07,-2.7361758028504352e-08
7.82,0,-0.0015943218543245546,-0.0003409505928164065,0.0012926497573225453,0.005864733224380695,-0.010638041523810385
7.82,1,1.9600185336014127e-09,2.6300923351840506e-08,3.1166899961751465e-08,4.032547724619445e-07,-3.5041845536177385e-08
7.84,0,-0.0016018278971281815,-0.00041162089218000356,0.001246666367529129,0.0050444043788797875,-0.010807096869399837
7.84,1,2.560827579961446e-09,3.4109357469081674e-08,4.03237801541241e-08,5.223123771524211e-07,-4.47813725852777e-08
7.86,0,-0.0016108554816839063,-0.0004925808885235435,0.0011918012964810608,0.004089115114860667,-0.010985247554190277
7.86,1,3.339188285390625e-09,4.41465925596695e-08,5.206595376225786e-08,6.751574183961868e-07,-5.710512256081379e-08
7.88,0,-0.0016215780028540488,-0.0005805520956777015,0.0011308930667475216,0.0030415977960617166,-0.011169327135549537
7.88,1,4.34553362219275e-09,5.702204665515825e-08,6.709223196318953e-08,8.709727171395308e-07,-7.266406396731537e-08
7.9,0,-0.0016341013901308196,-0.0006720888693206784,0.0010668649660851679,0.001946381982286017,-0.011355626152775515
7.9,1,5.644014940435887e-09,7.35040374579747e-08,8.628142278672887e-08,1.121320229183143e-06,-9.226370477149719e-08
7.92,0,-0.0016484621551498093,-0.0007637192039374775,0.0010026206169658192,0.0008480788136234867,-0.011540147668748172
7.92,1,7.316058942871227e-09,9.455906071852698e-08,1.1073624457962149e-07,1.440725166558475e-06,-1.1689831649909714e-07
7.94,0,-0.0016646283325199949,-0.0008520918020824668,0.000940940978964234,-0.0002103699280876269,-0.011718915301066907
7.94,1,9.464798548519603e-09,1.2140020150846935e-07,1.4183730477673254e-07,1.847394943270673e-06,-1.4779212215210213e-07
7.96,0,-0.0016825033471834915,-0.0009341200532398554,0.000884386808574037,-0.0011893843862524752,-0.011888296359105502
7.96,1,1.2220579458581246e-08,1.5554665402874036e-07,1.8130928663656792e-07,2.3641018743864484e-06,-1.8644871798408355e-07
7.98,0,-0.0017019326491769426,-0.00100711322660903,0.0008352105320128311,-0.0020542851867618632,-0.012045299985764556
7.98,1,1.5747787554623983e-08,1.9889671664572457e-07,2.3130190285239051e-07,3.0192642302641177e-06,-2.347101972239736e-07
8.0,0,-0.0017227127684342925,-0.001068885924901768,0.000795281176922875,-0.0027765896200693963,-0.012187813328555354
8.0,1,2.025329406910652e-08,2.538170887893786e-07,2.944886628368996e-07,3.848266908418501e-06,-2.948276653672002e-07
8.02,0,-0.001744602279104984,-0.0011178385845879934,0.0007660254706715668,-0.0033349929369674777,-0.012314747247264429
8.02,1,2.5996877250328436e-08,3.232518353950548e-07,3.741870702777965e-07,4.895070778335124e-06,-3.695450828043559e-07
8.040000000000001,0,-0.0017673340426928468,-0.0011530043232877655,0.0007483874804421479,-0.003715984921265747,-0.01242607560476297
8.040000000000001,1,3.330405269137726e-08,4.1085501404827477e-07,4.7450453058785345e-07,6.214168838798586e-06,-4.6219864212273925e-07
8.06,0,-0.0017906280345810841,-0.001174060402938581,0.0007428082957842964,-0.003914078767370533,-0.0125227668737696
8.06,1,4.2581831536766816e-08,5.211516923483782e-07,6.005150164820832e-07,7.872957877581614e-06,-5.768341847043185e-07
8.08,0,-0.0018142040544860424,-0.0011813056167325863,0.0007492263018697269,-0.003931657231283039,-0.012606621402973172
8.08,1,5.433802861274616e-08,6.597329318227205e-07,7.584724274838187e-07,9.954606529452148e-06,-7.183454839340608e-07
8.1,0,-0.0018377936756414702,-0.0011756076370095586,0.0007670976297349418,-0.0037784668887430525,-0.012680040029390768
8.1,1,6.92048636219229e-08,8.334912946807441e-07,9.560676000370402e-07,1.2561514694835452e-05,-8.926365693050341e-07
8.120000000000001,0,-0.0018611508904574586,-0.0011583264542762608,0.0007954354632168944,-0.003470812382644296,-0.012745757977223358
8.120000000000001,1,8.79677406782857e-08,1.0509045565168669e-06,1.2027370943041719e-06,1.5819475426086414e-05,-1.1068116348502777e-06
8.14,0,-0.0018840610468633435,-0.0011312212705520941,0.0008328660858048485,-0.00303051681666239,-0.012806580971066926
8.14,1,1.1160025773720114e-07,1.3223765983972244e-06,1.5100332176061673e-06,1.9882668840892342e-05,-1.3693964633312013e-06
8.16,0,-0.0019063478211891142,-0.0010963484922378798,0.0008776989037970454,-0.0024837210296803974,-0.01286515786164992
8.16,1,1.4130669133955375e-07,1.6606459229973675e-06,1.8920662592897297e-06,2.4939638621679457e-05,-1.690595699716313e-06
8.18,0,-0.0019278781215268024,-0.0010559578498326955,0.0009280072068763523,-0.0018595935614578044,-0.012923816336199934
8.18,1,1.7857342733657654e-07,2.081273909513943e-06,2.366031624311722e-06,3.1220425450447946e-05,-2.0825907172527397e-06
8.2,0,-0.001948564943662476,-0.0010123923349968356,0.0009817161279459775,-0.0011890159211872444,-0.012984476768768453
8.2,1,2.2523106904975733e-07,2.603226809074405e-06,2.95283647963857e-06,3.90050585555157e-05,-2.5598832284740314e-06
8.22,0,-0.0019683682981610807,-0.0009679958679893913,0.0010366941303830818,-0.0005032963123247072,-0.013048645839526772
8.22,1,2.835292551673418e-07,3.2495676042344113e-06,3.677842684748944e-06,4.863363665046716e-05,-3.1396901911854014e-06
8.24,0,-0.001987294386457015,-0.0009250307191679847,0.0010908443619944636,0.00016704830655684538,-0.01311747837490863
8.24,1,3.562265654564682e-07,4.048276230093563e-06,4.5717451800906975e-06,6.051826315401806e-05,-3.8423959327081804e-06
8.26,0,-0.002005393226919399,-0.0008856050322430753,0.0011421923452344747,0.000793414577480096,-0.01319188502888315
8.26,1,4.46698288280997e-07,5.0332192964576435e-06,5.6716076685197745e-06,7.515713789898242e-05,-4.6920677485754215e-06
8.28,0,-0.0020227549259129824,-0.0008516096034785343,0.0011889666976369734,0.0013501221961525825,-0.013272656644852063
8.28,1,5.590652754610044e-07,6.245293374135505e-06,7.022080355256056e-06,9.315114874347143e-05,-5.717041505574354e-06
8.3,0,-0.0020395047654067256,-0.0008246625303718302,0.0012296698750758276,0.00181529903022462,-0.013360574455430242
8.3,1,6.983476229401978e-07,7.733769124731248e-06,8.676827719012842e-06,0.00011522335171767874,-6.950583971441251e-06
8.32,0,-0.0020557972514187316,-0.0008060605008374525,0.00126313629159584,0.0021716319095993466,-0.013456478921323681
8.32,1,8.706474959707315e-07,9.557867069047654e-06,1.0700197773504406e-05,0.00014224177764584977,-8.431638679182621e-06
8.34,0,-0.002071809249844681,-0.0007967362641508054,0.0012885755900530376,0.002406970656393285,-0.01356127835450456
8.34,1,1.0833660710975485e-06,1.1788599606173274e-05,1.3169168041669501e-05,0.0001752460565704482,-1.020566208402236e-05
8.36,0,-0.0020877323384127637,-0.0007972230074985857,0.0013055993217062126,0.002514768030247006,-0.013675890135227207
8.36,1,1.3454603001149134e-06,1.451091800872586e-05,1.6175607494864357e-05,0.00021547840867518897,-1.2325556553026933e-05
8.38,0,-0.0021037645311749323,-0.0008076276761291352,0.0013142298478613158,0.002494332936537797,-0.01380112040234569
8.38,1,1.6677460191926237e-06,1.7826207516864273e-05,1.982889798776409e-05,0.0002644196115419949,-1.4852706305895023e-05
8.4,0,-0.0021201015845886853,-0.000827616407491438,0.0013148909091610134,0.002350870719392685,-0.013937500424272817
8.4,1,2.0632548349980027e-06,2.1855178312295356e-05,2.4258963218586347e-05,0.0003238306181336709,-1.7858121761535957e-05
8.42,0,-0.002136928165228557,-0.0008564159081496764,0.0013083800182602436,0.0020952846881596918,-0.014085107402255161
8.42,1,2.547653223786418e-06,2.6741205040028325e-05,2.961975792370528e-05,0.0003958005673580285,-2.1423696797631897e-05
8.44,0,-0.002154409236651668,-0.0008928345662090555,0.0012958236086523555,0.0017437186787772662,-0.014243402605704041
8.44,1,3.139733383212419e-06,3.265417261336382e-05,3.6093274822584274e-05,0.0004828019987432428,-2.5643582156149403e-05
8.46,0,-0.002172682091741064,-0.0009353062525822884,0.0012786166915781988,0.001316832027100841,-0.014411119563252878
8.46,1,3.86198658305895e-06,3.9794891224788324e-05,4.3894131694917304e-05,0.0005877541537294688,-3.062567658243233e-05
8.48,0,-0.002191849500919593,-0.0009819581466705468,0.0012583495947619248,0.00083881538617985,-0.014586229439567505
8.48,1,4.741271071824817e-06,4.840014871331892e-05,5.3274805811727456e-05,0.000714095317211237,-3.649323522477213e-05
8.5,0,-0.0022119744517894234,-0.001030701686101315,0.0012367251286560174,0.0003361768719882044,-0.014766000477406616
8.5,1,5.8095880110207464e-06,5.874847360972496e-05,6.453158765213161e-05,0.0008658652228385064,-4.3386592302356976e-05
8.52,0,-0.0022330769122344547,-0.0010793431611164032,0.0012154701866886272,-0.0001636492771116601,-0.014947154978517984
8.52,1,7.104980425813727e-06,7.1166687176503e-05,7.801133029358278e-05,0.0010477986125035073,-5.146499203246527e-05
8.540000000000001,0,-0.002255132953389108,-0.001125707903083424,0.0011962462720416637,-0.0006337978939868743,-0.01512611274918106
8.540000000000001,1,8.672571774449215e-06,8.603732743862846e-05,9.41190749201683e-05,0.001265431102398802,-6.0908518258003495e-05
8.56,0,-0.002278076425047268,-0.0011677698287840706,0.0011805636963218395,-0.0010494811397592525,-0.015299296463217737
8.56,1,1.0565762441738647e-05,0.00010380703239924094,0.00011332663638292141,0.0015252185626960057,-7.192010910663264e-05
8.58,0,-0.002301803195256795,-0.0012037766407243338,0.001169704169758926,-0.0013894088943862525,-0.015463464075754422
8.58,1,1.284760424235129e-05,0.0001249959731619293,0.00013618223547681523,0.0018346712625923875,-8.472763832537719e-05
8.6,0,-0.002326177765305461,-0.0012323605067240413,0.0011646561729434797,-0.0016370192191166606,-0.015616027875019917
8.6,1,1.559237486217396e-05,0.0001502084303230805,0.00016332126635650615,0.0022025040641881935,-9.95860396650664e-05
8.620000000000001,0,-0.0023510418722936933,-0.0012526246813984062,0.0011660668663402607,-0.0017814256415538653,-0.015755319898023822
8.620000000000001,1,1.8887376050521838e-05,0.00018014460851330138,0.00019547828805946302,0.002638803964034612,-0.0001167794448483923
8.64,0,-0.0023762245164178275,-0.0012641982708928043,0.0011742133830331988,-0.0018180064732261532,-0.015880769319273107
8.64,1,2.2834981277360968e-05,0.00021561378409098257,0.00023350032818173335,0.0031552162765476916,-0.00013662329927393592
8.66,0,-0.002401552719509173,-0.0012672540135400606,0.0011889952161200639,-0.0017485879416945637,-0.015992968247866286
8.66,1,2.7554960457262124e-05,0.00025754887943535903,0.00027836158407966655,0.0037651507248338103,-0.00015946641273878372
8.68,0,-0.002426862251166372,-0.0012624872572885245,0.001209948131255236,-0.0015812050078162047,-0.016093616594223138
8.68,1,3.318711117889483e-05,0.00030702255374226575,0.00033117960225555437,0.004484008647574188,-0.00018569289518246754
8.700000000000001,0,-0.002452007557977409,-0.0012510578752469859,0.0012362786993269225,-0.0013294580104291492,-0.016185352243028653
8.700000000000001,1,3.98942276224924e-05,0.00036526489436795195,0.00039323300951948177,0.005329432441023282,-0.00021572391987195478
8.72,0,-0.002476870200705712,-0.0012345002530970005,0.0012669172536880226,-0.0010115160962157008,-0.016271487447142303
8.72,1,4.7865439948247175e-05,0.0004336827842581519,0.00046598085979041254,0.0063215782283140756,-0.000250019248699948
8.74,0,-0.0025013652364837572,-0.0012146093082780595,0.001300585927947484,-0.0006488462805559082,-0.016355684035336923
8.74,1,5.7319958339609395e-05,0.0005138810094995703,0.0005510836476938262,0.00748341257952358,-0.00028907844652959576
8.76,0,-0.0025254451633123162,-0.0011933124394427207,0.0013358775096345016,-0.0002647670903136931,-0.016441607061884397
8.76,1,6.851125702372923e-05,0.0006076851562006651,0.0006504260241270382,0.008841033890805788,-0.00033344170399647686
8.78,0,-0.002549101252513884,-0.0011725381542396578,0.0013713402180317133,0.00011706382028744793,-0.016532597979642655
8.78,1,8.173173439690866e-05,0.0007171663274225437,0.0007661412294111826,0.01042401876503454,-0.00038369018111892705
8.8,0,-0.002572362308641538,-0.0011540918275649726,0.0014055632218115716,0.0004741186054054245,-0.016631404191315043
8.8,1,9.731788577973671e-05,0.0008446676884374352,0.000900637236274911,0.012265793415876292,-0.00044044577775219883
8.82,0,-0.002595291093478248,-0.0011395476934472541,0.0014372577663724075,0.0007863249637369493,-0.016739992671998508
8.82,1,0.00011565602523270237,0.0009928328219269175,0.0010566245675057227,0.014404029738644832,-0.0005043702316679874
8.84,0,-0.002617978812161185,-0.0011301639952817904,0.0014653291666542766,0.001037166793526811,-0.016859462727471873
8.84,1,0.00013718859219184399,0.0011646358436313876,0.001237145721503037,0.016881065252036895,-0.0005761634411974685
8.86,0,-0.0026405381716087368,-0.0011268255297170076,0.0014889355986234137,0.0012145013965404756,-0.01699005881257858
8.86,1,0.00016242107734510018,0.0013634131932795006,0.0014456061030862645,0.019744345613232905,-0.0006565609073198968
8.88,0,-0.002663095577709963,-0.0011300149836188298,0.0015075305320178358,0.0013110610499380594,-0.017131270820601677
8.88,1,0.0001919296000710504,0.0015928969752983127,0.0016858063167514055,0.02304688784438355,-0.0007463301902071728
8.9,0,-0.002685783038850252,-0.0011398118376669607,0.0015208867161974917,0.0013246326302885914,-0.01728199835762604
8.9,1,0.0002263691668099636,0.0018572496788695902,0.0019619756352340584,0.02684776178213052,-0.0008462662779562605
8.92,0,-0.0027087302966040607,-0.0011559154919414136,0.0015291007825965748,0.0012579318862840985,-0.01744074877346389
8.92,1,0.00026648263584172016,0.0021611000575119887,0.002278806407947042,0.031212586576134075,-0.0009571857709662346
8.94,0,-0.0027320576221561027,-0.001177687857325821,0.0015325786854856443,0.0011182069860407127,-0.017605836988602207
8.94,1,0.00031311040901992103,0.002509579894826145,0.00264148912197353,0.03621403832210769,-0.0010799197945416568
8.96,0,-0.0027558696143299387,-0.0012042100288383044,0.0015320032989521624,0.0009166180836320363,-0.0177755584873683
8.96,1,0.0003672008649774088,0.0029083613257872634,0.0030557477733172476,0.041932364126220284,-0.0012153055651985926
8.98,0,-0.0027802502274011124,-0.001234347765115638,0.0015282864648711342,0.0006674457845879164,-0.017948314496206846
8.98,1,0.00042982154110717723,0.00336369432262398,0.003527875148707381,0.04845589706987312,-0.0013641765531373952
9.0,0,-0.0028052591574560374,-0.0012668211856152144,0.0015225086000887418,0.00038718232258667246,-0.018122678921199675
9.0,1,0.0005021710631800454,0.003882443891681958,0.00406476755926718,0.05588156568823399,-0.0015273512046865764
9.02,0,-0.002830929634280772,-0.00130027513160639,0.0015158495904633602,9.35563948584045e-05,-0.018297408237347865
9.02,1,0.0005855918117502155,0.004472126463727508,0.004673958507800641,0.06431539070657215,-0.0017056202143870408
9.040000000000001,0,-0.0028572676059461966,-0.00133334775528126,0.00150951510641555,-0.00019546234503306677,-0.01847140622890457
9.040000000000001,1,0.000681583303507442,0.0051409448960910015,0.005363650712532247,0.07387296091211645,-0.0018997323668424396
9.06,0,-0.0028842522645359425,-0.0013647358561494698,0.0015046626610188425,-0.000462638498182363,-0.018643663487910217
9.06,1,0.0007918162534713355,0.005897821442272818,0.006142745853231193,0.08467987919526375,-0.002110379003444296
9.08,0,-0.0029118378385668657,-0.001393256087616993,0.0015023316971221475,-0.0006923896527473508,-0.01881319557389055
9.08,1,0.00091814727043043,0.006752427984722182,0.007020871352316631,0.09687216899448692,-0.0023381772083763616
9.1,0,-0.002939956562425675,-0.0014179013129562074,0.0015033817403123958,-0.0008716152897195201,-0.018979003091667383
9.1,1,0.0010626341233807562,0.007715212771222022,0.008008403455484026,0.11059663064863272,-0.002583651851524413
9.120000000000001,0,-0.002968522716566509,-0.0014378911090549347,0.0015084422005496613,-0.000990403717820167,-0.019140071808948916
9.120000000000001,1,0.00122755150102759,0.008797422846606224,0.009116485835460108,0.1260111365249781,-0.002847216672490979
9.14,0,-0.0029974376065174156,-0.001452714811616771,0.0015178767629680575,-0.0010425851437997034,-0.019295422218835092
9.14,1,0.0014154071698317342,0.010011121331472214,0.010357042910635984,0.14328485327967327,-0.0031291546390622565
9.16,0,-0.003026595309287303,-0.0014621647610477857,0.0015317644996028486,-0.0010260994847582118,-0.01944420716991079
9.16,1,0.0016289584188025875,0.011369198670305653,0.011742787049563535,0.1625983792484856,-0.003429597864206463
9.18,0,-0.003055888962303817,-0.0014663567826331385,0.0015498988882193376,-0.0009431497420485137,-0.019585845214815423
9.18,1,0.0018712286615029919,0.012885376955234595,0.013287218824669518,0.1841437847900803,-0.003748507416795957
9.200000000000001,0,-0.003085217307141915,-0.0014657346555712674,0.0015718048806759794,-0.0008001170778379734,-0.019720168100159773
9.200000000000001,1,0.002145524047818674,0.014574206430707849,0.015004619486052534,0.20812454344123202,-0.004085653411322138
9.22,0,-0.003114491136977611,-0.0014610555839719695,0.0015967730701826365,-0.0006072231650141365,-0.01984755501059344
9.22,1,0.002455449920285397,0.016451053300912847,0.016910034850792875,0.23475534202208276,-0.004440595809302894
9.24,0,-0.003143639244889694,-0.001453354583906788,0.0016239089231708788,-0.00037793924759621164,-0.01996902492709882
9.24,1,0.0028049269325291855,0.018532077997743725,0.01901924984657352,0.26426175837648536,-0.00481266640807318
9.26,0,-0.0031726134428087327,-0.0014438872369913274,0.0016521940341048373,-0.00012815914160979776,-0.020086262176268785
9.26,1,0.0031982066310672443,0.02083420312441605,0.021348753012093075,0.2968797962710975,-0.005200952529272801
9.28,0,-0.00320139222971142,-0.0014340523061877556,0.001680555501638208,0.00012482625329745568,-0.020201558539926036
9.28,1,0.003639886286781028,0.023375070369917355,0.023915690341942387,0.33285526812640875,-0.005604282947565736
9.3,0,-0.0032299827405717105,-0.0014252980296431655,0.0017079388822529833,0.00036349459798286875,-0.020317667012987185
9.3,1,0.00413492274927645,0.026172985793508942,0.0267378079711131,0.3724430177269925,-0.006021216617867309
9.32,0,-0.0032584207070930475,-0.0014190181929674328,0.001733379815398769,0.0005713210034728293,-0.020437575705016888
9.32,1,0.004688645086575473,0.029246853007102648,0.02983338332442717,0.41590597686399644,-0.006450034764559381
9.34,0,-0.0032867683032344087,-0.001416445987232073,0.0017560693798089504,0.0007339795964209379,-0.02056422341766996
9.34,1,0.005306765764631779,0.03261609393660727,0.033221144508687975,0.4635140519993826,-0.006888736886880853
9.36,0,-0.00331510992215722,-0.0014185548674773443,0.001775408560055311,0.0008404208869671574,-0.02070018903164998
9.36,1,0.005995390116519545,0.03630055702070349,0.03692017789939529,0.5155428394989512,-0.007335041209102389
9.38,0,-0.0033435461198183724,-0.0014259758850618906,0.0017910478744064446,0.0008837308655026913,-0.02084739325636916
9.38,1,0.006761023850278792,0.04032041290566886,0.04094982406789526,0.5722721707400882,-0.00778639006072418
9.4,0,-0.00337218614347314,-0.001438940142090375,0.0018029092084108785,0.0008616903925069558,-0.021006852381772204
9.4,1,0.007610578347749779,0.04469603791575466,0.045329562406575506,0.6339844914301861,-0.008239960609620844
9.42,0,-0.0034011396189858024,-0.0014572531148118388,0.0018111881517955172,0.0007769754493928485,-0.02117851905675859
9.42,1,0.008551373514679108,0.049447885817302244,0.05007888503612728,0.7009630827313462,-0.008692681289114823
9.44,0,-0.003430508078875738,-0.0014803047717301912,0.0018163365606504256,0.0006369684830037723,-0.02136123528722645
9.44,1,0.009591137955251624,0.05459634864750951,0.055217160816171194,0.7734901352233907,-0.009141254158257617
9.46,0,-0.003460377057765944,-0.0015071159617820109,0.0018190265532402813,0.0004531856113249213,-0.02155280907627307
9.46,1,0.010738006262230438,0.06016160764089767,0.06076349052411719,0.8518446902862192,-0.009582183313651904
9.48,0,-0.00349080945453736,-0.0015364178579945638,0.0018200985754844169,0.00024036029516029227,-0.021750210307084183
9.48,1,0.01200051323720804,0.0661634755526382,0.0667365545117206,0.9363004670691156,-0.010011809332180821
9.5,0,-0.003521840760587072,-0.001566757750919136,0.0018204974201216045,1.5257304123744708e-05,-0.021949865816991647
9.5,1,0.013387584884102742,0.07262123194177128,0.07315445438848396,1.027123596753838,-0.010426349569040094
9.52,0,-0.0035534765894694254,-0.0015966216222860832,0.0018212010420702296,-0.0002046823562456869,-0.02214802035575948
9.52,1,0.0149085260528642,0.07955345323210336,0.08003455050937204,1.12457028921676,-0.010821943967312952
9.540000000000001,0,-0.0035856927311707677,-0.0016245620528276745,0.001823147594142278,-0.0004027475763831601,-0.022341121163204282
9.540000000000001,1,0.016573004649123885,0.08697783960680039,0.08739329725438316,1.2288844603528468,-0.011194705857641374
9.56,0,-0.0036184377167261294,-0.0016493193710362948,0.0018271662562584206,-0.0005642906618081832,-0.022526180532699943
9.56,1,0.018391032368832938,0.09491104100660884,0.09524607827223375,1.3402953511363145,-0.011540777043790862
9.58,0,-0.0036516376415842468,-0.0016699246218348624,0.0018339171295521837,-0.0006778712667708745,-0.022701073438917196
9.58,1,0.020372941964205474,0.10336848468328677,0.1036070440126008,1.459015171853316,-0.011856386287301013
9.6,0,-0.0036852027849756113,-0.0016857748509542861,0.0018438447362951768,-0.0007361121951015709,-0.022864735718258436
9.6,1,0.022529361097805272,0.11236420690131635,0.1124889539840225,1.5852368067462748,-0.012137910127845708
9.620000000000001,0,-0.003719035400365364,-0.0016966741324146693,0.0018571485679608278,-0.0007361966513595719,-0.023017241202445797
9.620000000000001,1,0.024871182894498276,0.12191069147472848,0.12190302624109385,1.7191316154580054,-0.012381934811806716
9.64,0,-0.0037530379558043535,-0.0017028373590989804,0.0018737727504235667,-0.000679971238630072,-0.023159751788755654
9.64,1,0.02740953335521698,0.13201871786492803,0.13185879661908467,1.8608473680656972,-0.012585317956704922
9.66,0,-0.003787121081626425,-0.0017048576400279117,0.0018934153647528426,-0.0005736564677386972,-0.023294350492652067
9.66,1,0.03015573585088895,0.14269722154369224,0.14236399019155127,2.0105063500721494,-0.01274524846045777
9.68,0,-0.0038212105365930853,-0.0017036417540284548,0.001915556404626831,-0.000427202714107908,-0.023423781842290457
9.68,1,0.033121272968203996,0.15395316923814906,0.15342440732310855,2.168203672412905,-0.01285930307881844
9.700000000000001,0,-0.0038552526237126605,-0.0017003210899020752,0.0019395018979152141,-0.00025336065576435883,-0.023551134602864697
9.700000000000001,1,0.036317746029783424,0.1657914515181337,0.1650438265229119,2.334005819302211,-0.01292549804833909
9.72,0,-0.0038892176577013183,-0.0016961475423311505,0.001964440489790847,-6.655819663278426e-05,-0.023679507396003323
9.72,1,0.03975683265836951,0.17821479495924972,0.1772239260738799,2.507949463561092,-0.012942334131595956
9.74,0,-0.00392310128649424,-0.001692384745438206,0.0019895078750477844,0.0001183112640199286,-0.023811697700154816
9.74,1,0.04345024279646211,0.19122369581760082,0.18996422611945438,2.6900405749576173,-0.012908833511205975
9.76,0,-0.003956923676217721,-0.0016902047760796802,0.002013853945189637,0.00028708234566083603,-0.02394994921077636
9.76,1,0.0474096736280065,0.20481637678710116,0.2032620525369504,2.880253842082364,-0.012824567062947878
9.78,0,-0.0039907267602241,-0.0016905991570568114,0.002036707413385247,0.000427394414187,-0.024095782612982362
9.78,1,0.05164676387597583,0.218988767982454,0.2171125235196241,3.0785324224525343,-0.012689670698178501
9.8,0,-0.004024569909295874,-0.0016943108705312735,0.0020574329933732752,0.0005295699052460748,-0.024249922092683902
9.8,1,0.05617304796780553,0.23373451280766594,0.23150855933596862,3.2847880289893445,-0.01250484968202148
9.82,0,-0.004058524488669814,-0.0017017914726888065,0.002075576898512244,0.0005872357364291557,-0.02441231635407245
9.82,1,0.06099991056861182,0.2490449988411184,0.2464409152440215,3.498901353880285,-0.012271370104627755
9.84,0,-0.004092667821656819,-0.0017131846364188041,0.0020908974270858528,0.0005976556238409311,-0.02458224053370419
9.84,1,0.06613854197916808,0.26490941330584344,0.26189823702222514,3.7207228232860645,-0.011991037004255967
9.86,0,-0.004127077079892916,-0.0017283348783135445,0.00210337862067527,0.0005617676565856204,-0.024758455952975243
9.86,1,0.07159989488118716,0.28131482211197084,0.27786713804996394,3.950073668574137,-0.011666159006545218
9.88,0,-0.004161823573436532,-0.0017468181272983167,0.0021132263218577247,0.00048394557519759046,-0.024939399357374024
9.88,1,0.07739464288633957,0.2982462708733839,0.2943322963451584,4.186747291972965,-0.011299499745591302
9.9,0,-0.004196967831460083,-0.001767989347492422,0.0021208473096065994,0.0003715218190691993,-0.025123372683963106
9.9,1,0.0835331413077314,0.31568690572994823,0.31127656945914356,4.430510896977508,-0.0108942167582331
9.92,0,-0.0042325557601518,-0.0017910417082955678,0.0021268134539306877,0.00023412433936993889,-0.025308708255507885
9.92,1,0.09002539052374427,0.3336181112687105,0.3286811246570793,4.681107346742401,-0.010453788980454348
9.94,0,-0.004268616052920245,-0.0018150717602093383,0.0021318139156144395,8.288706137558541e-05,-0.025493891704306323
9.94,1,0.09688100224504057,0.3520196623510505,0.3465255813919868,4.938257207323781,-0.009981934409074356
9.96,0,-0.004305158921585236,-0.001839145593067667,0.0021365992498761327,-7.040386313335832e-05,-0.02567763443981398
9.96,1,0.1041091689273835,0.370869886236489,0.36478816272838543,5.201660927217812,-0.009482519906967024
9.98,0,-0.004342176125133114,-0.0018623618308370453,0.0021419218029119836,-0.0002141682580419895,-0.025858897373676644
9.98,1,0.11171863649728939,0.39014583106532674,0.38344585210250026,5.471001100423434,-0.008959465508859399
10.0,0,-0.004379642199849042,-0.0018839083388912151,0.002148476989191982,-0.00033784054781915186,-0.026036876196657857
10.0,1,0.11971768047634057,0.4098234365374668,0.4024745516334572,5.745944757434637,-0.00841664591010316
10.02,0,-0.004417516742068696,-0.0019031104886177294,0.0021568498997925688,-0.0004325824928104738,-0.026210964347837738
10.02,1,0.1281140855054541,0.42987770251715884,0.42184923813477726,6.02614562731628,-0.007857792076056302
10.040000000000001,0,-0.004455747559799818,-0.0019194695950259873,0.002167471234880557,-0.0004918623009179217,-0.026380712029445905
10.040000000000001,1,0.13691512818497661,0.45028285131342033,0.4415441130258019,6.311246314467043,-0.00728639607915893
10.06,0,-0.004494274487241112,-0.0019326906441495925,0.0021805858135809887,-0.0005118710576007858,-0.026545797960493514
10.06,1,0.14612756306278765,0.4710124795401455,0.46153274251294724,6.600880335903043,-0.006705622341005579
10.08,0,-0.004533033641341916,-0.0019426986678302565,0.0021962359458939655,-0.0004917558742249944,-0.026706025475398597
10.08,1,0.15575761152335568,0.4920396957507225,0.48178818470146123,6.8946739689269645,-0.006118228416849281
10.1,0,-0.004571961887507654,-0.0019496431855377766,0.002214260821893791,-0.00043365748926172884,-0.026861347108267146
10.1,1,0.1658109532586183,0.5133372404668711,0.5022831007059169,7.192247864838825,-0.005526498302629523
10.120000000000001,0,-0.0046110012700457505,-0.001953890147552667,0.0022343118610226092,-0.0003425486407332805,-0.027011913425004058
10.120000000000001,1,0.17629271993926593,0.5348775857728869,0.5229898473438969,7.493218391787119,-0.00493219096670261
10.14,0,-0.004650103152507683,-0.0019560009301351077,0.0022558827527035664,-0.00022587881827463088,-0.027158134203616877
10.14,1,0.18720749065491024,0.5566330123118715,0.5438805496095654,7.797198678777514,-0.004336506411312779
10.16,0,-0.004689231807117542,-0.001956698282304289,0.002278351794034466,-9.304132144753383e-05,-0.027300734630812513
10.16,1,0.19855928865582448,0.5785756622821593,0.5649271518151883,8.103799343009344,-0.003740071059115113
10.18,0,-0.004728367196550975,-0.0019568197860479553,0.0023010331728776936,4.531010953268133e-05,-0.027440787114204057
10.18,1,0.21035157890915945,0.6006775678675762,0.5861014470382602,8.412628893795436,-0.0031429436493679574
10.200000000000001,0,-0.004767506711902607,-0.0019572603735177815,0.0023232331285642283,0.0001780559293738243,-0.027579701158622766
10.200000000000001,1,0.22258726597998454,0.6229106554177876,0.6073750852954847,8.723293817982897,-0.002544642133871733
10.22,0,-0.004806665673506105,-0.001958906668341188,0.002344306507136421,0.0002944660348135793,-0.02771915939159021
10.22,1,0.23526869176282372,0.6452467265947472,0.6287195616554208,9.035398363632588,-0.0019441913061264415
10.24,0,-0.004845876469742454,-0.001962567227893446,0.0023637091540394018,0.0003850552481504642,-0.02786099643865871
10.24,1,0.2483976326225752,0.6676574185856518,0.650106186270456,9.348544050304042,-0.0013401901049174825
10.26,0,-0.004885186302756629,-0.001968903947072595,0.0023810418714538028,0.00044237231929013937,-0.02800702757830647
10.26,1,0.2619752955541729,0.69011414631797,0.6715060390263318,9.662328945187198,-0.000730896735618991
10.28,0,-0.0049246536242365194,-0.0019783707071160937,0.0023960823003270847,0.0004616543403586776,-0.02815884423998399
10.28,1,0.276002313036747,0.7125880303642093,0.6928899121446459,9.97634675408036,-0.00011432898142960113
10.3,0,-0.00496434346964733,-0.0019911655989985435,0.0024088020306224952,0.0004412832865439975,-0.028317601672523604
10.3,1,0.2904787363383763,0.7350498148605679,0.7142282446030609,10.29018578441459,0.0005116236333613244
10.32,0,-0.005004322022322362,-0.0020072025632551106,0.002419367431822983,0.0003829930688139284,-0.028483828954385476
10.32,1,0.3054040271191851,0.7574697802548033,0.7354910526346687,10.603427843785896,0.0011490797813493714
10.34,0,-0.00504465084410907,-0.002026107004008329,0.002428124039481628,0.0002917938262585601,-0.028657291882375164
10.34,1,0.3207770472803492,0.7798176560190272,0.756647860811479,10.915647141453718,0.0018000428126629942
10.36,0,-0.005085381281259052,-0.002047237907337041,0.0024355657244142974,0.00017560407891126922,-0.028836934781629846
10.36,1,0.33659604711091723,0.8020625385928147,0.7776676382918051,11.226409261747797,0.002466278551608525
10.38,0,-0.0051265495795956365,-0.0020697363953589114,0.0024422911907413976,4.46087778795852e-05,-0.029020918312904345
10.38,1,0.3528586518892638,0.8241728197478386,0.7985187447080451,11.535270277135819,0.003149199333923214
10.4,0,-0.00516817321289364,-0.002092597754776626,0.0024489514792315815,-8.961053526213361e-05,-0.02920675803161063
10.4,1,0.369561847197331,0.84611613028185,0.8191688898874686,11.841776064783895,0.0038497591620050287
10.42,0,-0.005210248840398842,-0.002114761141776605,0.0024561929862528913,-0.00021510150886541735,-0.029391554476007054
10.42,1,0.3867019632994078,0.8678593034602856,0.8395851111389998,12.145461883844703,0.004568364599296437
10.44,0,-0.005252752168375338,-0.002135208760008773,0.002464600961125718,-0.00032063067636905335,-0.02957229196375377
10.44,1,0.40427465901903537,0.8893683619400728,0.8597337712160643,12.445852261602479,0.0053048055585422915
10.46,0,-0.00529563980871309,-0.0021530646841041038,0.002474648462430693,-0.0003967334560704208,-0.029746172121387034
10.46,1,0.42227490561401,0.91060853105306,0.8795805792992375,12.742461225273088,0.006058209469752995
10.48,0,-0.005338853023445336,-0.0021676829278868322,0.0024866553221006313,-0.00043661975222607577,-0.029910941238189576
10.48,1,0.4406969711972035,0.9315442803252102,0.8990906364596386,13.034792903092544,0.00682702146040004
10.5,0,-0.005382323040240027,-0.002178714981444057,0.002500760812270227,-0.0004368407043368258,-0.030065169035879975
10.5,1,0.45953440627749853,0.9521393939990869,0.9182285060978153,13.322342503817065,0.007609012170152418
10.52,0,-0.005425977444734198,-0.0021861488610899213,0.0025169125026578863,-0.00039764323139134666,-0.030208440823867554
10.52,1,0.4787800309988302,0.9723570701545522,0.9369583088414286,13.604597668471282,0.008401313692449897
10.540000000000001,0,-0.005469747023508887,-0.0021903145691845394,0.0025348723408994333,-0.00032296910975018744,-0.030341434858833366
10.540000000000001,1,0.4984259246353201,0.9921600468340429,0.9552438403701193,13.881040172746797,0.009200482929805354
10.56,0,-0.005513572364372837,-0.002191854441207255,0.0025542394172298265,-0.0002200913500284181,-0.03046587082687315
10.56,1,0.5184634178569806,1.0115107524253075,0.9730487096611159,14.151147943533454,0.010002590420851831
10.58,0,-0.0055574095289869785,-0.002191660751751415,0.002574487335613788,-9.891867745687871e-05,-0.030584331847062933
10.58,1,0.5388830882146705,1.0303714764877208,0.990336494258098,14.414397339328067,0.010803331500023106
10.6,0,-0.005601234198338479,-0.00219078668929745,0.0025950127537114113,2.8965351728488936e-05,-0.03069997900189279
10.6,1,0.5596747592071368,1.0487045562782966,1.0070709084001666,14.67026563235281,0.011598155543341093
10.620000000000001,0,-0.005645043846330967,-0.0021903399269131095,0.00261519060721667,0.00015143283895944007,-0.030816191815742973
10.620000000000001,1,0.5808275031902905,1.0664725734862246,1.0232159792450626,14.918233620714155,0.012382408092988406
10.64,0,-0.005688857704242769,-0.002191370114850634,0.0026344309049038056,0.000256996678250819,-0.030936178286159695
10.64,1,0.6023296482733891,1.0836385551597132,1.0387362260127007,15.157788292343593,0.013151479892392182
10.66,0,-0.005732714515649003,-0.002194762425267957,0.002652231834128803,0.00033592860420142076,-0.031062602557952818
10.66,1,0.624168789223318,1.1001661725369871,1.0535968366854507,15.388425459168724,0.013900956349095495
10.68,0,-0.0057766683202694485,-0.002201148672936333,0.0026682242703834802,0.0003811950219953092,-0.031197276443103966
10.68,1,0.6463318022719475,1.1160199314948482,1.0677638369451241,15.60965228021578,0.014626760712095788
10.700000000000001,0,-0.005820782718198972,-0.002210845580065839,0.0026822036069792873,0.0003891148292946532,-0.0313409529502164
10.700000000000001,1,0.6688048635981797,1.1311653486115745,1.0812042463075675,15.820989596233083,0.015325284328959299
10.72,0,-0.00586512422817085,-0.0022238266802643404,0.0026941460333321436,0.00035967335738919595,-0.03149324688108997
10.72,1,0.691573471141387,1.145569107401429,1.0938862169274293,16.0219740058727,0.01599349774730463
10.74,0,-0.005909755446082567,-0.002239730539188841,0.0027042078747216538,0.0002964636256884076,-0.03165269117433218
10.74,1,0.7146224693018812,1.159199190097611,1.105779151270193,16.21215962422557,0.016629037140984515
10.76,0,-0.005954728722642735,-0.0022579038730878237,0.00271270821760491,0.00020626605029823442,-0.03181692027352777
10.76,1,0.7379360760017181,1.1720249814078494,1.1168537957572304,16.391119478156416,0.017230261553473625
10.78,0,-0.0060000810110706765,-0.002277474268086647,0.0027200966248937955,9.831599211470449e-05,-0.03198295574532776
10.78,1,0.7614979115196748,1.184017341898618,1.1270823085439718,16.558446508857966,0.01779627772268544
10.8,0,-0.00604583039640168,-0.0022974440064356403,0.0027269091410098067,-1.6659256181675297e-05,-0.03214755683391729
10.8,1,0.7852910284808212,1.195148650026089,1.13643830074442,16.713754169633972,0.018326930731271673
10.82,0,-0.006091974624661237,-0.0023167943619675133,0.0027337168622884184,-0.0001275298100842856,-0.0323075912574609
10.82,1,0.8092979423757057,1.2053928132620404,1.1448968516139504,16.85667662531979,0.018822760348776058
10.84,0,-0.006138491726600792,-0.002334588867626789,0.002741072002566337,-0.0002238639187235568,-0.032460380228051484
10.84,1,0.8335006620075035,1.2147252501929875,1.152434499389486,16.986868578081065,0.01928492462075937
10.86,0,-0.006185342603471697,-0.002350064549220624,0.0027494565575646355,-0.00029692724332777004,-0.03260397644576097
10.86,1,0.8578807193168118,1.2231228468304656,1.1590292106033167,17.10400476169488,0.019715093931637284
10.88,0,-0.006232475237698124,-0.0023627018576349995,0.002759238354269388,-0.0003404821424083451,-0.03273734386448165
10.88,1,0.8824191981110258,1.2305638915903552,1.1646603316773894,17.207779161929725,0.020115320335246878
10.9,0,-0.0062798300319008085,-0.002372266761543589,0.0027706385008040304,-0.0003513128411273131,-0.03286042182048293
10.9,1,0.9070967613249271,1.237027994414895,1.1693085274167991,17.297904033484322,0.020487888324208114
10.92,0,-0.006327345681819591,-0.002378821816030614,0.0027837131101109062,-0.0003294337823477496,-0.03297407164208084
10.92,1,0.9318936765566237,1.2424959962663025,1.1729557116099745,17.374108793412248,0.020835154315983928
10.94,0,-0.006374964960518625,-0.002382706570567993,0.002798350773802091,-0.00027797305762062435,-0.03307991893033128
10.94,1,0.9567898397525882,1.2469498756709458,1.175584975274311,17.43613887649309,0.021159382900149737
10.96,0,-0.006422639832364728,-0.0023844909906929057,0.00281428574996657,-0.00020275660126671535,-0.033180117268433965
10.96,1,0.9817647970508458,1.2503726591074842,1.17718051813764,17.483754639241294,0.02146258826348557
10.98,0,-0.006470335416989415,-0.0023849082630260495,0.002831125347856241,-0.00011164811468336588,-0.033277067567681326
10.98,1,1.0067977649254545,1.2527483417973653,1.1777275887097294,17.51673039601239,0.021746389150722578
11.0,0,-0.006518032470481298,-0.002384775153837534,0.002848388684001355,-1.3721524093901483e-05,-0.03337313062963157
11.0,1,1.0318676489013523,1.2540618248757145,1.1772124377805906,17.53485366304481,0.022011885215192706
11.02,0,-0.006565728223790586,-0.0023849088477744876,0.0028655529691079666,8.164473743905998e-05,-0.033470368606281886
11.02,1,1.0569530612196743,1.2542988740173315,1.1756222894052715,17.537924674568057,0.022259561674584205
11.040000000000001,0,-0.006613435595560859,-0.00238604889684883,0.002882102852546569,0.0001656598921037436,-0.033570344447987364
11.040000000000001,1,1.082032337923707,1.253446103406636,1.1729453324340047,17.525756219846336,0.02248922784656493
11.06,0,-0.006661180958307903,-0.0023887916833738114,0.0028975781520134765,0.00023091480132370404,-0.03367399836855707
11.06,1,1.107083555899623,1.251490987528625,1.1691707344707718,17.498173831945593,0.02269999345516105
11.08,0,-0.006709000766583931,-0.0023935428726832844,0.002911615538322363,0.0002720082761815887,-0.03378160849374757
11.08,1,1.1320845504402048,1.248421901690803,1.1642886788521387,17.455016339020695,0.022890284650546988
11.1,0,-0.006756937442345119,-0.002400490996983234,0.0029239803958473302,0.0002859570708761139,-0.03389283102864139
11.1,1,1.1570129339015982,1.2442281905446977,1.1582904238987155,17.39613676805469,0.023057899571076845
11.120000000000001,0,-0.006805034951210649,-0.0024096028864405952,0.002934586067372593,0.00027236479091866106,-0.034006805201086995
11.120000000000001,1,1.181846115992133,1.238900262247483,1.1511683823754577,17.32140357035665,0.02320010110810955
11.14,0,-0.0068533344948434076,-0.0024206394399841407,0.0029434989182682983,0.00023334910056740238,-0.03412230126034537
11.14,1,1.2065613261695596,1.2324297043785406,1.142916217876318,17.23070211886879,0.023313742430778106
11.16,0,-0.006901870695769009,-0.0024331884378697016,0.0029509290002832787,0.00017324858901053564,-0.03423788671918636
11.16,1,1.2311356385315924,1.224809416388719,1.1335289537919815,17.1239364105307,0.02339541891136676
11.18,0,-0.006950668571856673,-0.0024467098866616057,0.0029572074336163025,9.814854275454199e-05,-0.03435208695601702
11.18,1,1.2555459994689948,1.216033752289414,1.1230030896878616,17.001030893575425,0.023441638476369597
11.200000000000001,0,-0.006999741500651496,-0.0024605888050581335,0.0029627528352597333,1.527746108545211e-05,-0.034463520731899316
11.200000000000001,1,1.2797692582166094,1.2060986665496567,1.1113367193630457,16.861932330497222,0.023449001197971775
11.22,0,-0.0070490902710921505,-0.002474190365969021,0.002968030094783822,-6.766703384247091e-05,-0.034570998089723824
11.22,1,1.3037822002928343,1.195001855810266,1.098529644615384,16.706611603125964,0.023414378217755605
11.24,0,-0.007098703222638005,-0.002486912795134509,0.00297350545251556,-0.00014320300965164554,-0.034673576122231486
11.24,1,1.32756158367004,1.1827428890728175,1.0845834788223028,16.535065367100863,0.02333507991858319
11.26,0,-0.0071485573875210645,-0.002498234234625011,0.002979602116647197,-0.00020470351960522742,-0.034770575765144925
11.26,1,1.3510841773755125,1.1693233194830164,1.0695017348619327,16.3473174691024,0.023209003659830252
11.28,0,-0.007198620485522579,-0.002507750744248594,0.0029866605464679975,-0.00024694162722546653,-0.034861568792254854
11.28,1,1.3743268020928368,1.1547467716848985,1.0532898926266143,16.14342005122701,0.023034752361570376
11.3,0,-0.0072488535739474984,-0.0025152035865968056,0.002994907044724756,-0.00026650258007809846,-0.03494634763227718
11.3,1,1.39726637222474,1.1390189999326483,1.0359554423841184,15.923454282329738,0.022811716727338727
11.32,0,-0.007299214127333072,-0.0025204948142378935,0.0030044334917558174,-0.00026203632104106894,-0.03502489107828944
11.32,1,1.419879938796727,1.122147913647623,1.0175079014678416,15.687530675206613,0.022540115860104848
11.34,0,-0.007349659309242774,-0.002523690895511157,0.003015189993999011,-0.00023433596520640657,-0.035097336571949786
11.34,1,1.442144732531428,1.1041435688179468,0.997958803158283,15.435788970099322,0.022220993351932172
11.36,0,-0.007400149199070977,-0.002525014677044403,0.003026991007138811,-0.00018624028887463326,-0.035163965189747015
11.36,1,1.4640382064096549,1.0850181254608484,0.9773216580765435,15.16839758796657,0.021856168485307137
11.38,0,-0.007450649747349145,-0.002524826427796839,0.00303953423937652,-0.00012237019261680457,-0.035225199796538945
11.38,1,1.485538077056941,1.0647857731990107,0.9556118898623188,14.885552679957776,0.02144814482837276
11.4,0,-0.007501135251930291,-0.002523595105988313,0.00305243045602888,-4.8720175681176564e-05,-0.03528161130815521
11.4,1,1.5066223643529544,1.043462628733801,0.9328467482686097,14.587476821193352,0.020999981079860675
11.42,0,-0.0075515901743031955,-0.0025218614018326694,0.0030652412994055683,2.786419585869282e-05,-0.03533392382151607
11.42,1,1.5272694287525124,1.021066610525971,0.9090452039916727,14.274417415999762,0.02051513136383143
11.44,0,-0.0076020101509327925,-0.00252019457836295,0.003077521498737569,0.00010028336715594069,-0.03538300746423724
11.44,1,1.5474580059260103,0.9976172972237708,0.8842278304947746,13.946644896992822,0.01999726413996772
11.46,0,-0.007652402100202778,-0.0025191456632760486,0.003088861441554313,0.00016180939784646298,-0.03542984868371114
11.46,1,1.5671672384670707,0.973135777230814,0.8584166787188793,13.604450810881389,0.019450070350007564
11.48,0,-0.007702783382116473,-0.0025192000928611394,0.003098926048663978,0.00020668999956163087,-0.035475491299617586
11.48,1,1.5863767045680046,0.9476444972239564,0.831635150860539,13.24814588887547,0.018877072259918748
11.5,0,-0.007753180034927136,-0.0025207333869561575,0.0031074862449323028,0.00023067998836944978,-0.03552094740575565
11.5,1,1.6050664437201825,0.9211671173827458,0.8039078793153873,12.878058198747024,0.018281444611417896
11.52,0,-0.007803624187770098,-0.00252397372396939,0.0031144400182741947,0.00023145196624858172,-0.035567084101820044
11.52,1,1.6232169796472096,0.8937283805723814,0.7752606164353893,12.494531468878,0.0176658591353398
11.540000000000001,0,-0.007854150826144176,-0.0025289752628733417,0.0031198210481131606,0.0002088450836066416,-0.03561449876383343
11.540000000000001,1,1.6408093408146904,0.8653540017563814,0.7457201399527383,12.097923662371183,0.017032362218156294
11.56,0,-0.00790479416039815,-0.0025356056208916677,0.00312379407272585,0.00016492208264020508,-0.035663400775123553
11.56,1,1.6578250789728897,0.8360705825562021,0.7153141778278929,11.688605862175109,0.016382293611720833
11.58,0,-0.007955583907237388,-0.002543550005154624,0.003126637442689551,0.0001038201091257962,-0.03571352018129053
11.58,1,1.674246286270655,0.8059055542015051,0.6840713549483445,11.266961507184273,0.01571625163679702
11.6,0,-0.008006541831231676,-0.0025523331265724157,0.003128714554553607,3.139908025250049e-05,-0.03576406285226632
11.6,1,1.6900556115252123,0.7748871502265772,0.6520211626185286,10.833385995678345,0.015034107493733906
11.620000000000001,0,-0.008057678898977521,-0.002561358287032555,0.0031304369544390286,-4.528877764344713e-05,-0.035813727240812325
11.620000000000001,1,1.7052362762397537,0.7430444082810848,0.6191939502312112,10.388286647705948,0.014335068229238246
11.64,0,-0.008108993367185891,-0.0025699610965915277,0.0031322227366960185,-0.00011866520286150928,-0.035860790149419876
11.64,1,1.7197720909283203,0.7104071984609834,0.5856209369937255,9.932082993647121,0.013617784806645439
11.66,0,-0.00816047005581155,-0.002577473376223161,0.003134454351676267,-0.00018136819973402912,-0.035903259067390225
11.66,1,1.7336474722371327,0.6770062737530333,0.5513342401950198,9.465207333754938,0.01288049878752906
11.68,0,-0.008212080951680975,-0.0025832911962185303,0.0031374400245099037,-0.00022699867780087354,-0.035939078069258557
11.68,1,1.7468474612474019,0.6428733366418378,0.5163669153312939,8.988105494435622,0.012121218550106505
11.700000000000001,0,-0.008263787155432786,-0.0025869399467394537,0.003141382657216891,-0.00025079460437433046,-0.035966364649978017
11.700000000000001,1,1.759357743213212,0.6080411147544547,0.4807530025362663,8.501237692641652,0.011337913920712595
11.72,0,-0.00831554203819917,-0.002588129044621013,0.003146359364546267,-0.00025015877962280414,-0.035983647845071375
11.72,1,1.7711646688375349,0.572543437695465,0.44452757324595205,8.005079411008687,0.01052871672782274
11.74,0,-0.008367295330968813,-0.002586789474247481,0.003152313744909989,-0.00022497777084684936,-0.03599007486861788
11.74,1,1.7822552770294628,0.5364153070079126,0.4077267709044497,7.500122183901267,0.009692114209509217
11.76,0,-0.008418997747032992,-0.0025830888530817783,0.0031590617119688605,-0.0001776888613069169,-0.035985555081837976
11.76,1,1.7926173189266645,0.49969295150400145,0.3703878397987682,6.986874198582719,0.00882712247330053
11.78,0,-0.00847060565339438,-0.0025774209922481517,0.003166310336029817,-0.00011307742022553108,-0.03597081647124859
11.78,1,1.8022392828193403,0.4624138610308945,0.3325491367830229,6.465860626107093,0.007933428325431091
11.8,0,-0.008522085274119953,-0.0025703697578307364,0.0031736878072409934,-3.781629118818075e-05,-0.03594736031844213
11.8,1,1.8111104194854242,0.42461679302450267,0.2942501216754815,5.937623612642601,0.00701148970043608
11.82,0,-0.008573415935305547,-0.002562650101594052,0.003180781473826724,4.021163797593083e-05,-0.03591731306029265
11.82,1,1.8192207673500225,0.3863417478790959,0.25553132342214413,5.402721882783691,0.006062587523651519
11.84,0,-0.008624591948357175,-0.002555032036562907,0.0031871800521358837,0.0001127401348322496,-0.035883188646712944
11.84,1,1.8265611768218408,0.3476299111171763,0.21643428063426282,4.861729930670994,0.005088824969473826
11.86,0,-0.008675622868620546,-0.002548255693379505,0.003192515645911133,0.00017200823341112503,-0.03584758794072419
11.86,1,1.8331233331400136,0.30852356245587875,0.1770014567259726,4.315236800842966,0.004093073539336078
11.88,0,-0.008726532045542721,-0.002542947066399525,0.003196501204719249,0.00021161294546670484,-0.035812871875060055
11.88,1,1.838899777088044,0.2690659539941361,0.13727613149527412,3.7638444869698935,0.0030788689480117926
11.9,0,-0.008777353578161205,-0.0025395444023784933,0.0031989595036555165,0.0002272289198585603,-0.03578085055315747
11.9,1,1.843883922996401,0.2293011617464063,0.09730227249890382,3.208166001215371,0.002050263234316896
11.92,0,-0.008828127981919561,-0.0025382442962453957,0.003199840596856979,0.00021711011332130326,-0.035752530260756844
11.92,1,1.848070073557754,0.18927391648756958,0.05712439086677582,2.6488231882592945,0.0010116425666792939
11.94,0,-0.008878897035259126,-0.0025389744947406116,0.003199225898796448,0.00018231131076129267,-0.03572795423712985
11.94,1,1.851453431112405,0.14902942122877744,0.016787387195688015,2.086444374527461,-3.247732457656305e-05
11.96,0,-0.008929698385541123,-0.0025413973860977006,0.0031973184551842707,0.00012659829083543073,-0.03570616169620324
11.96,1,1.8540301052174748,0.1086131635189276,-0.023663606215236554,1.5216619537345748,-0.0010776644695883464
11.98,0,-0.00898056053777342,-0.0025449445256999124,0.0031944204304965454,5.6051064689720265e-05,-0.035685274424488496
11.98,1,1.8557971164815341,0.06807073109576726,-0.06418338031869511,0.9551100136802722,-0.0021197783395304204
12.0,0,-0.00903149881859944,-0.002548878760772386,0.003190900204063878,-2.1599306259272033e-05,-0.03566270334455413
12.0,1,1.8567523968153452,0.02744763916553567,-0.10472679522209306,0.38742210601177085,-0.0031551576942714377
12.02,0,-0.009082512803708068,-0.0025523770549689766,0.0031871525824367004,-9.782770957996942e-05,-0.03563545105998571
12.02,1,1.856894786407778,-0.013210823219049529,-0.14524891144800706,-0.18077074946550697,-0.004180775601186459
12.040000000000001,0,-0.009133585530388382,-0.0025546244313032766,0.0031835563789692203,-0.00016426913153258504,-0.03560047290671329
12.040000000000001,1,1.8562240278729107,-0.05385972153597365,-0.18570510199097426,-0.7488417507521798,-0.005194350751451138
12.06,0,-0.009184684607820664,-0.002554907913841399,0.0031804338983859267,-0.0002136604120986374,-0.03555505038168095
12.06,1,1.8547407581203672,-0.09445457453108053,-0.226051141951037,-1.3161696363146391,-0.006194407120488243
12.08,0,-0.009235765111246292,-0.002552699177488015,0.0031780166601525868,-0.00024066017697114278,-0.035497128307861066
12.08,1,1.852446498568622,-0.13495142098162696,-0.2662432740868996,-1.8821396161953747,-0.0071802775474028024
12.1,0,-0.009286773930511723,-0.0025477158585069317,0.003176421019360801,-0.00024245083927877317,-0.035425571179818274
12.1,1,1.8493436443455327,-0.1753068543834078,-0.30623825030708,-2.4461439106606484,-0.00815205070706071
12.120000000000001,0,-0.009337655065847817,-0.002539953998731108,0.00317563626949437,-0.0002190516375810761,-0.03534030434465443
12.120000000000001,1,1.8454354530998438,-0.2154780277033082,-0.3459933507893461,-3.0075819228986584,-0.009110464947656549
12.14,0,-0.009388355246850014,-0.002529687586913631,0.003175526454589587,-0.00017330554969331377,-0.035242320667097524
12.14,1,1.8407260339832134,-0.2554226324392818,-0.38546638396913,-3.5658600978672763,-0.010056756282669
12.16,0,-0.00943882920966745,-0.0025174351838696736,0.003175845627648655,-0.00011054149838085614,-0.03513355107579457
12.16,1,1.8352203372588052,-0.29509885803479546,-0.42461567195599476,-4.1203915413061285,-0.010992471181007435
12.18,0,-0.009489044007998798,-0.0025038976628435875,0.003176264831908439,-3.79518205454385e-05,-0.03501661545926479
12.18,1,1.8289241448569644,-0.3344653390731713,-0.46340002692829924,-4.670595489581812,-0.011919257442586595
12.200000000000001,0,-0.009538981850840096,-0.002489874645700666,0.0031764078129450806,3.624124529085296e-05,-0.03489448628510018
12.200000000000001,1,1.821844062040561,-0.3734810985261207,-0.5017787246471246,-5.215896731192437,-0.012838648173253198
12.22,0,-0.009588641139419995,-0.002476169814605698,0.0031758915327008428,0.00010373145695601743,-0.034770108861435785
12.22,1,1.8139875101735357,-0.4121054955838722,-0.5397114813763886,-5.755725083635058,-0.013751854539153285
12.24,0,-0.009638035594830452,-0.0024634965966122435,0.003174367054435146,0.00015707540734509473,-0.0346460277599165
12.24,1,1.805362720418291,-0.45029818622763645,-0.5771584401834685,-6.28951502466859,-0.014659582518320668
12.26,0,-0.009687191598950267,-0.002452395591107977,0.003171556354729193,0.00019052954587337953,-0.03452406782138505
12.26,1,1.7959787280330566,-0.4880191037392909,-0.6140801718433746,-6.81670556506213,-0.01556188728794261
12.280000000000001,0,-0.009736144085391755,-0.002443173561969789,0.003167281094608793,0.00020068068577715203,-0.0344051105533542
12.280000000000001,1,1.785845366810662,-0.5252284648425837,-0.6504376944312765,-7.336740431511691,-0.016458076284481038
12.3,0,-0.009784931487769127,-0.0024358710565634263,0.0031614802915284268,0.00018679890087043918,-0.03428899369275841
12.3,1,1.7749732631049604,-0.5618868052393701,-0.6861925142435196,-7.849068604827747,-0.017346668523433806
12.32,0,-0.009833590358782233,-0.0024302621066755116,0.003154215074043313,0.00015087559218349145,-0.034174545085640655
12.32,1,1.7633738288377667,-0.5979550460807459,-0.7213066890399097,-8.353145231425705,-0.018225413704736404
12.34,0,-0.009882150303060123,-0.00242588548199324,0.0031456601317533636,9.73473967908027e-05,-0.03405974414469616
12.34,1,1.7510592528718516,-0.6333945905573332,-0.7557429128696703,-8.8484328975531,-0.019091370249565642
12.36,0,-0.009930629816976243,-0.0024221031169750114,0.00313608293438875,3.254381340805218e-05,-0.03394198745105821
12.36,1,1.7380424901752085,-0.6681674474780083,-0.7894646200570251,-9.33440322765763,-0.019941037034486797
12.38,0,-0.009979033507385101,-0.002418178103025482,0.0031258131233710745,-3.6071611273405524e-05,-0.03381842183108334
12.38,1,1.7243372482859483,-0.7022363766039226,-0.8224361044048017,-9.810538742918096,-0.020770529536820348
12.4,0,-0.010027350985015778,-0.002413362426317309,0.0031152055305962495,-0.00010077376255530901,-0.03368630020588702
12.4,1,1.7099579707098838,-0.7355650487730685,-0.8546226484393683,-10.276334895132116,-0.021575787690842674
12.42,0,-0.010075557520265292,-0.002406983693839633,0.0031046009387651896,-0.00015445804565374782,-0.033543313668101114
12.42,1,1.6949198170353692,-0.7681182126223839,-0.8859906566612301,-10.731302176467613,-0.022352800245760918
12.44,0,-0.010123616335992262,-0.00239852051208337,0.003094288896480022,-0.00019142947721956932,-0.03338785769194761
12.44,1,1.6792386397211592,-0.7998618590859997,-0.9165077863490981,-11.174968198185105,-0.023097829018890792
12.46,0,-0.01017148222017679,-0.002387657872325078,0.00308447662283198,-0.0002080098565400805,-0.03321920035601102
12.46,1,1.6629309576903348,-0.8307633748722643,-0.9461430695250291,-11.606879631935886,-0.02380761627581407
12.48,0,-0.01021910599405309,-0.00237431660123773,0.0030752673170285484,-0.0002028979864908166,-0.0330375344308374
12.48,1,1.6460139270335479,-0.8607916768025664,-0.9748670202224953,-12.026603915658658,-0.024479559577271992
12.5,0,-0.010266439285251313,-0.0023586542804785644,0.0030666501140048175,-0.00017724880794188144,-0.03284391111875802
12.5,1,1.628505309275216,-0.8899173201860212,-1.0026517221704396,-12.433730641857618,-0.025111840746678382
12.52,0,-0.010313439039028635,-0.002341038579706895,0.0030585026205269075,-0.0001344712337742332,-0.0326400688821223
12.52,1,1.6104234377754785,-0.918112576213146,-1.029470893343374,-12.827872568007901,-0.025703498976143102
12.540000000000001,0,-0.010360071253180078,-0.002321997231515199,0.0030506055755443475,-7.977721838599988e-05,-0.03242818402282679
12.540000000000001,1,1.5917871829196328,-0.9453514755454108,-1.0552999254310078,-13.208666215375114,-0.026254442260637667
12.56,0,-0.01040631353441814,-0.002302151502731219,0.0030426678580913226,-1.9542279688346265e-05,-0.03221057875854872
12.56,1,1.5726159167793075,-0.9716098176918734,-1.080115898029988,-13.575772051663376,-0.026765396022851107
12.58,0,-0.010452156229539938,-0.0022821416850830173,0.003034358960235129,3.9442811294809754e-05,-0.031989426402457055
12.58,1,1.552929477913181,-0.9968651482158398,-1.103897569122422,-13.928874282411241,-0.0272377926105154
12.6,0,-0.010497602062541595,-0.002262553676556155,0.00302534526967412,9.074012055496072e-05,-0.03176649159234113
12.6,1,1.5327481369107923,-1.0210967081157087,-1.1266253450459771,-14.267680303676405,-0.027673609943517974
12.620000000000001,0,-0.010542664386225023,-0.0022438551416082385,0.0030153261461050586,0.00012896483836523018,-0.031542936820880565
12.620000000000001,1,1.5120925631756914,-1.044285361696372,-1.1482812345520592,-14.591919892151175,-0.028075171598034743
12.64,0,-0.010587364312258435,-0.002226348157645439,0.0030040658601124008,0.00015034176113951428,-0.03131921596817566
12.64,1,1.4909837933020573,-1.0664135107357582,-1.1688487925834632,-14.901344226583522,-0.028444923717092507
12.66,0,-0.010631727099516429,-0.0022101429304610285,0.0029914179762809945,0.0001530617709815489,-0.031095062797435947
12.66,1,1.4694432012328975,-1.0874650036364586,-1.188313059999608,-15.195724844836018,-0.028785206074404712
12.68,0,-0.010675778245199826,-0.0021951544258865204,0.0029773396400366325,0.0001374073764508696,-0.030869569338862157
12.68,1,1.4474924702108893,-1.1074250484615564,-1.2066605055879023,-15.474852643240766,-0.02909803522102372
12.700000000000001,0,-0.01071953973213728,-0.0021811209828501567,0.0029618943681740165,0.00010564383119837997,-0.030641337591100572
12.700000000000001,1,1.42515356635869,-1.1262801382658203,-1.223878976313778,-15.738537018877844,-0.02938491684363953
12.72,0,-0.01076302684139092,-0.0021676414896524706,0.0029452432171884627,6.169867205648577e-05,-0.030408679527191073
12.72,1,1.4024487135677883,-1.144017995981796,-1.2399576609077678,-15.986605241443051,-0.029646702302091654
12.74,0,-0.010806245850759021,-0.0021542258029745866,0.0029276254703311196,1.0674746116219602e-05,-0.03016983598776043
12.74,1,1.3794003692462145,-1.160627544391213,-1.254887070631348,-16.21890212053482,-0.0298835009421623
12.76,0,-0.010849192820658568,-0.002140351955066958,0.002909331106209508,-4.174235233143225e-05,-0.029923185018605976
12.76,1,1.3560312003859567,-1.1760989045382235,-1.268659039501727,-16.435290008086675,-0.030094655448454688
12.780000000000001,0,-0.01089185353548193,-0.002125523403497111,0.0028906681695674056,-8.99134052489009e-05,-0.029667414243710652
12.780000000000001,1,1.3323640593679953,-1.1904234234916415,-1.281266744511871,-16.63564914634059,-0.03027878254239269
12.8,0,-0.010934204537511347,-0.002109320091756714,0.0028719286702801267,-0.00012884221909178345,-0.029401639065502208
12.8,1,1.3084219589300703,-1.2035937298315835,-1.2927047445937672,-16.81987834151242,-0.030433876129748683
12.82,0,-0.01097621507672647,-0.002091438272225067,0.00285335674101102,-0.0001546782568615651,-0.029125457554289372
12.82,1,1.2842280457792856,-1.2156038128231519,-1.302969035382425,-16.987895914549394,-0.030557464974730664
12.84,0,-0.011017849714765198,-0.00207171568922063,0.002835122482935323,-0.00016507730137974713,-0.02883894234770907
12.84,1,1.2598055724340669,-1.2264491191401112,-1.3120571153810328,-17.139640855430976,-0.030646812530582324
12.86,0,-0.011059071271763535,-0.0020501405867935406,0.002817304261680093,-0.00015938991167590427,-0.028542578303433666
12.86,1,1.2351778670198121,-1.2361266593856286,-1.319968058021741,-17.275074088341682,-0.030699143057118405
12.88,0,-0.011099843792766493,-0.002026844851065255,0.002799881259978828,-0.0001386670339882344,-0.028237160880925337
12.88,1,1.2103683009087327,-1.2446351156585518,-1.3267025834519246,-17.39417974331897,-0.030711875900756525
12.9,0,-0.011140135233255494,-0.0020020832099595935,0.002782736956854653,-0.0001054913883623311,-0.02792367355107198
12.9,1,1.1854002542735738,-1.2519749411173557,-1.332263123708023,-17.496966326640866,-0.030682849002117152
12.92,0,-0.011179919614787199,-0.001976201639872119,0.002765673010318599,-6.366021426824214e-05,-0.027603162743941426
12.92,1,1.1602970798027177,-1.2581484429286267,-1.3366538752835329,-17.583467687583756,-0.03061051341701493
12.94,0,-0.011219178473089356,-0.0019495988841762223,0.0027484319004546657,-1.7758122595572245e-05,-0.027276626255871537
12.94,1,1.1350820649861835,-1.263159841122592,-1.3398808339287174,-17.653743692866072,-0.030494082850212934
12.96,0,-0.011257901502528611,-0.001922685257981145,0.0027307257614628917,2.73327731079194e-05,-0.02694492638484395
12.96,1,1.1097783935150032,-1.267015297627082,-1.3419518077714867,-17.70788054103248,-0.030333625746669313
12.98,0,-0.011296086383315838,-0.0018958427440056188,0.0027122681916774477,6.69349420448842e-05,-0.026608733358123547
12.98,1,1.084409106429445,-1.2697229119749618,-1.3428764064214822,-17.745990675560385,-0.03013009208907924
13.0,0,-0.011333737853218463,-0.0018693898666740185,0.002692805544658641,9.704081928312708e-05,-0.026268498952719387
13.0,1,1.0589970636967696,-1.271292682699789,-1.3426660054855386,-17.76821228544891,-0.029885272348137093
13.02,0,-0.0113708661480597,-0.0018435540792961606,0.0026721442986576602,0.00011469846150064661,-0.025924455571646896
13.02,1,1.0335649068927784,-1.271736436045632,-1.3413336877387998,-17.774708413044635,-0.02960169159421433
13.040000000000001,0,-0.0114074849813785,-0.001818453527791181,0.00265017156187494,0.000118283747897064,-0.025576633136973597
13.040000000000001,1,1.0081350236036202,-1.2710677261056316,-1.3388941639130505,-17.765665718328965,-0.029282447149878266
13.06,0,-0.011443609261949253,-0.0017940891632777704,0.0026268665440837393,0.00010763703466715527,-0.025224885320555942
13.06,1,0.9827295140597297,-1.269301712664253,-1.3353636775410986,-17.741292974407596,-0.0289310028919445
13.08,0,-0.011479252758794996,-0.001770347337310235,0.002602301825746098,8.405503965354041e-05,-0.02486891776199683
13.08,1,0.9573701603707764,-1.2664550246698458,-1.330759899410786,-17.701819388379036,-0.028550956998806498
13.1,0,-0.011514425918389163,-0.0017470122692752894,0.0025766343746431125,5.014177838017983e-05,-0.024508313548234233
13.1,1,0.9320783985607799,-1.2625456182674875,-1.3251018178416154,-17.647492853483328,-0.028145802261493102
13.120000000000001,0,-0.01154913401999957,-0.0017237871402153155,0.0025500873764067494,9.534643340254612e-06,-0.02414255460635467
13.120000000000001,1,0.9068752934200071,-1.2575926385901568,-1.3184096311452904,-17.578578241438127,-0.02771869882406719
13.14,0,-0.011583375824753757,-0.0017003220381298905,0.0025229249392753547,-3.3467604358627945e-05,-0.02377104092945984
13.14,1,0.8817815160099924,-1.251616294012943,-1.3107046482553462,-17.495355837873028,-0.02727227830817469
13.16,0,-0.011617142834030184,-0.0016762465479334566,0.002495422498582873,-7.433976246917773e-05,-0.023393111908599214
13.16,1,0.8568173234949753,-1.244637750357492,-1.302009202640898,-17.39812000924124,-0.026808495763644302
13.18,0,-0.011650419225105919,-0.0016512044418960999,0.002467836201363319,-0.00010878729628242823,-0.02300807489026297
13.18,1,0.8320025408408075,-1.2366790506907288,-1.2923465833272438,-17.287178167705406,-0.026328541964799612
13.200000000000001,0,-0.011683182478594881,-0.001624887694852812,0.0024403746477656423,-0.0001331825689076284,-0.022615245159031738
13.200000000000001,1,0.8073565438320499,-1.227763064044943,-1.281740985239344,-17.162850073073983,-0.0258328235552181
13.22,0,-0.01171540465546271,-0.00159706695082344,0.002413176093934852,-0.00014493832595147138,-0.02221399898557669
13.22,1,0.7828982428171182,-1.2179134637887583,-1.2702174792979242,-17.025467480198216,-0.02532101284439925
13.24,0,-0.011747054224380327,-0.0015676156451021619,0.00238629361037957,-0.00014278135524830454,-0.021803837676181957
13.24,1,0.7586460666034368,-1.2071547337187447,-1.257802000882577,-16.875374108907533,-0.024792163154891966
13.26,0,-0.01177809828683074,-0.0015365252829517254,0.002359689806891861,-0.0001268974758344213,-0.021384456485489735
13.26,1,0.7346179459885824,-1.195512197444938,-1.2445213535856556,-16.712925884219864,-0.0242448800092685
13.280000000000001,0,-0.011808505002480112,-0.0015039099271718151,0.0023332416757000187,-9.893026154263185e-05,-0.02095580871886278
13.280000000000001,1,0.7108312965239244,-1.1830120645235989,-1.2304032237588285,-16.53849136971503,-0.023677533615355628
13.3,0,-0.011838245986092729,-0.001469998761458084,0.002306754984119631,-6.182943441553415e-05,-0.02051815322599764
13.3,1,0.6873030002548571,-1.1696814852300368,-1.2154762003226496,-16.352452298741376,-0.023088494479139854
13.32,0,-0.011867298434771054,-0.001435116646689221,0.002279986589154699,-1.95596201271811e-05,-0.020072073433521912
13.32,1,0.6640493863537497,-1.1555486049996684,-1.1997697937573795,-16.15520409812246,-0.02247637187289797
13.34,0,-0.011895646754599401,-0.0013996538007796297,0.0022526721659531417,2.330517891488415e-05,-0.0196184583898297
13.34,1,0.6410862107433933,-1.1406426094743862,-1.1833144481688607,-15.94715629813103,-0.021840234510376533
13.36,0,-0.011923283491036616,-0.001364026993776573,0.0022245562377015936,6.206296195683525e-05,-0.019158440874828857
13.36,1,0.6184286349843096,-1.1249937517857338,-1.1661415408299525,-15.728732730817647,-0.021179794182623723
13.38,0,-0.011950209427138666,-0.0013286358090999224,0.0021954211348163867,9.239256644591812e-05,-0.01869329389384483
13.38,1,0.5960912048535408,-1.1086333551304945,-1.1482833645933372,-15.500371435640051,-0.020495536186871277
13.4,0,-0.011976432794216596,-0.001293818414350584,0.002165111627061692,0.00011083609186945953,-0.018224293892777636
13.4,1,0.5740878291619611,-1.0915937857289448,-1.1297730899709069,-15.262524215317981,-0.01978878488724689
13.42,0,-0.012001967633916175,-0.001259811754742147,0.002133552453069371,0.00011520107133248039,-0.01775256563772254
13.42,1,0.5524317594311718,-1.0739083937282299,-1.1106447053583677,-15.015655813890596,-0.0190616983046219
13.44,0,-0.012026831449194591,-0.0012267210079826246,0.002100756766464322,0.00010483458477458796,-0.01727892869653133
13.44,1,0.5311355710730042,-1.0556114223108781,-1.090932935706101,-14.760242720582351,-0.018317191769941843
13.46,0,-0.012051042372661717,-0.001194502460236908,0.0020668245395841878,8.073336910010068e-05,-0.01680376781241681
13.46,1,0.5102111466823412,-1.0367378879580422,-1.0706731417409212,-14.496771634551575,-0.017558796861018244
13.48,0,-0.012074616152179368,-0.0011629626954374104,0.0020319311013246187,4.547076512077461e-05,-0.01632694850124452
13.48,1,0.48966966196991507,-1.0173234372642876,-1.0499012034713535,-14.22573765416453,-0.016790467535495956
13.5,0,-0.012097563294591886,-0.001131775237128176,0.0019963071074934257,2.9414452608032826e-06,-0.015847794765055268
13.5,1,0.4695215747329858,-0.9974041876908721,-1.0286533930192936,-13.947642277604668,-0.01601635006754254
13.52,0,-0.012119886710990959,-0.0011005137263123748,0.001960212222783961,-4.205388019437768e-05,-0.01536513828817887
13.52,1,0.44977661709932837,-0.9770165610011922,-1.0069662426984831,-13.662991317348062,-0.015240536668627236
13.540000000000001,0,-0.012141580167318979,-0.001068698605908315,0.0019239055201150737,-8.434168421217816e-05,-0.014877438798504231
13.540000000000001,1,0.43044379109775344,-0.9561971187235878,-0.9848764146276804,-13.37229283791,-0.014466824220228602
13.56,0,-0.012162627764003139,-0.0010358523904916114,0.001887615990243743,-0.00011896868373664771,-0.01438296478314591
13.56,1,0.41153136742222995,-0.9349824087768245,-0.962420577990776,-13.076055223662088,-0.01369849921345434
13.58,0,-0.012183004554878757,-0.00100155720202585,0.0018515165546567232,-0.0001417868090232647,-0.013880014019338634
13.58,1,0.39304688708277113,-0.9134088313873132,-0.9396352993521482,-12.774785471634843,-0.01293816778754131
13.6,0,-0.012202678281168538,-0.0009655075759003485,0.0018157045841157577,-0.00014996008307640273,-0.013367145979528476
13.6,1,0.3749971654897655,-0.8915125307100912,-0.9165569502646912,-12.468987784078593,-0.012187645862682395
13.620000000000001,0,-0.012221612056782783,-0.000927551732176163,0.0017801911852535165,-0.00014232985684991574,-0.012843394393616366
13.620000000000001,1,0.3573882984122099,-0.8693293162868772,-0.893221634873126,-12.159162508913916,-0.011447919102363535
13.64,0,-0.01223976771458575,-0.0008877156000704517,0.0017449005106874652,-0.0001195894829737823,-0.012308428918012544
13.64,1,0.34022566919362823,-0.8468946158341801,-0.8696651384520081,-11.845805445406503,-0.010719176272019126
13.66,0,-0.012257109426916091,-0.0008462057918785809,0.0017096791887210635,-8.424093556066818e-05,-0.011762640150739464
13.66,1,0.3235139566072804,-0.824243458085968,-0.8459228959825974,-11.529407500176317,-0.010000913027234049
13.68,0,-0.012273607161971395,-0.0008033902390764452,0.0016743147905540702,-4.033172064232121e-05,-0.011207131626427912
13.68,1,0.3072571427846788,-0.8014104817652254,-0.8220299781287596,-11.210454647865555,-0.009292096847600462
13.700000000000001,0,-0.012289239539927022,-0.0007597580241162985,0.001638561193603195,7.002416444766568e-06,-0.010643614754072946
13.700000000000001,1,0.29145852075365986,-0.778429964464251,-0.7980210904749869,-10.889428124197835,-0.008591378301677999
13.72,0,-0.012303995711359237,-0.0007158627020591455,0.0016021678843466355,5.2138420332812144e-05,-0.010074216249160849
13.72,1,0.27612070126506044,-0.7553358634817098,-0.7739305807735474,-10.56680475915427,-0.007897329589667379
13.74,0,-0.012317875990690454,-0.0006722557302986698,0.0015649097710935314,8.964029021880579e-05,-0.009501220514400183
13.74,1,0.2612456187574939,-0.7321618596529681,-0.7497924483130288,-10.243057346383232,-0.007208688758321813
13.76,0,-0.012330891126771501,-0.0006294181764595066,0.0015266140050008371,0.00011492523640356175,-0.008926779706836654
13.76,1,0.24683453649234738,-0.7089413950128286,-0.7256403494245361,-9.91865494281538,-0.006524587364220125
13.780000000000001,0,-0.012343060263274242,-0.0005876994084508544,0.0014871806484262095,0.000124838548190365,-0.008352630266502327
13.780000000000001,1,0.23288805106932256,-0.6857076957672901,-0.7015075935935192,-9.594062999991003,-0.005844740751057564
13.8,0,-0.012354407811526715,-0.000547270870084924,0.0014465947463003482,0.00011806322774461121,-0.007779855408933547
13.8,1,0.21940609669033498,-0.6624937734687846,-0.6774271256042576,-9.269743245166127,-0.005169583396856581
13.82,0,-0.01236495960518402,-0.0005081013454673085,0.0014049283664313748,9.530934415645509e-05,-0.007208728180698773
13.82,1,0.2063879496619133,-0.6393323993618292,-0.6534314905239551,-8.946153254369534,-0.004500336696074747
13.84,0,-0.012374738809336264,-0.0004699575033472939,0.001362332360407434,5.9254594752849304e-05,-0.006638659641614964
13.84,1,0.19383223370208258,-0.6162560494072713,-0.629552780009308,-8.623745689065014,-0.0038390026367842722
13.86,0,-0.01238376210108953,-0.0004324303094004415,0.001319018817746934,1.4238507880681706e-05,-0.006068262839486862
13.86,1,0.18173692663993352,-0.5932968202736273,-0.6058225602381565,-8.30296720026252,-0.0031882835682619515
13.88,0,-0.012392036616518876,-0.0003949845135728906,0.0012752362963196755,-3.4255829031944185e-05,-0.005495527360988524
13.88,1,0.170099369062406,-0.5704863193505965,-0.5822717835667167,-7.984257035889989,-0.0025514350183613033
13.9,0,-0.01239955807113952,-0.00035702531315341885,0.0012312407779862635,-8.027078173984681e-05,-0.004918083602408016
13.9,1,0.15891627537607153,-0.5478555343396356,-0.558930687624717,-7.668045416062432,-0.0019320646924660956
13.92,0,-0.01240631031753862,-0.0003179738887729839,0.0011872658143702553,-0.00011811167958841046,-0.004333522763233365
13.92,1,0.1481837476195775,-0.5254346899794772,-0.5358286868389065,-7.354751763918896,-0.0013338957937834017
13.94,0,-0.012412266422248063,-0.0002773421547992354,0.0011434954296083721,-0.00014306028746007525,-0.0037397298797292207
13.94,1,0.13789729219680288,-0.5032531007849333,-0.512994262202378,-7.044782894812778,-0.0007605161762889168
13.96,0,-0.012417391147631764,-0.0002347969679989027,0.0011000430203646511,-0.0001519732072556429,-0.0031351843447289945
13.96,1,0.12805183951666937,-0.4813390291912932,-0.49045485540659095,-6.7385312724268545,-0.00021513625125058056
13.98,0,-0.012421644539395016,-0.0001902052420455352,0.0010569387757393416,-0.000143687533840863,-0.0025191858547966304
13.98,1,0.11864176633971964,-0.45971955815375026,-0.46823677319685064,-6.436373436284347,0.0002996221318425363
14.0,0,-0.01242498617126835,-0.0001436537861719849,0.0010141271160881498,-0.00011917977622102026,-0.0018919732301867689
14.0,1,0.1096609204609952,-0.43842048608017103,-0.44636510702338716,-6.138668691494409,0.0007818863720152613
14.02,0,-0.012427379506085096,-9.544092679598647e-05,0.0009714744430496617,-8.145513926682228e-05,-0.001254717835876989
14.02,1,0.1011026472190526,-0.4174662500814677,-0.4248636718114424,-5.845758129640845,0.0012306285002967599
14.040000000000001,0,-0.012428795810195615,-4.60406588880716e-05,0.0009287862490936644,-3.5178773658657396e-05,-0.0006093904507743454
14.040000000000001,1,0.09295981722497951,-0.3968798810798607,-0.40375496608000805,-5.557964021506591,0.0016456863885414563
14.06,0,-0.012429217110034299,3.956282287086255e-06,0.0008858315047400147,1.3905954172556759e-05,4.1481997846650256e-05
14.06,1,0.08522485466182825,-0.3766829915463745,-0.38306015384746345,-5.275589590425952,0.0020277087767079927
14.08,0,-0.012428637799804137,5.3916932379109456e-05,0.0008423713630988812,5.969916844386549e-05,0.000695137884863666
14.08,1,0.077889765517942,-0.3568957938014253,-0.3627990669394264,-4.99891914242699,0.0023780292070365583
14.1,0,-0.01242706468247139,0.00010324655486811804,0.0007981887021222061,9.651445769657402e-05,0.0013489373104570782
14.1,1,0.07094616518593069,-0.33753714417046465,-0.3429902246290794,-4.728218499003843,0.002698480617338017
14.120000000000001,0,-0.012424515429995505,0.0001514645327979199,0.0007531149288566611,0.00011979851658431434,0.0020007049425865633
14.120000000000001,1,0.06438530497612525,-0.3186246060875431,-0.3236508661500001,-4.463735653174741,0.002991167949136564
14.14,0,-0.01242101565599628,0.00019826570955419078,0.0007070508092504542,0.00012670780363437453,0.002649012130124296
14.14,1,0.05819809724819242,-0.30017452369032754,-0.30479699065583465,-4.205701551799039,0.0032582201344535378
14.16,0,-0.01241659497717054,0.00024355905884721027,0.0006599788204723502,0.00011646766665165346,0.0032933591572092908
14.16,1,0.05237513904264819,-0.282202096697601,-0.28644339875024744,-3.954330898613615,0.00350154484720111
14.18,0,-0.012411282574032175,0.00028747852909181965,0.0006119655605278164,9.046734032136516e-05,0.003934232066964111
14.18,1,0.0469067342784694,-0.2647214474774373,-0.2686037298165801,-3.709822873918887,0.00372260923476464
14.200000000000001,0,-0.012405102828707196,0.00033036457778016506,0.0005631539649389595,5.207838468027385e-05,0.004573025704242037
14.200000000000001,1,0.04178291475642828,-0.2477456721923619,-0.2512904900293971,-3.4723616781740985,0.003922267481031971
14.22,0,-0.012398071608278544,0.00037271879465474686,0.0005137463232441448,6.220021152969924e-06,0.005211843104013487
14.22,1,0.03699346035371438,-0.23128686965687903,-0.23451506706791808,-3.2421168268967224,0.004100651700416069
14.24,0,-0.012390193677537667,0.0004151375844413428,0.0004639802064698723,-4.1272302390327805e-05,0.0058531984845691274
14.24,1,0.03252791889996588,-0.21535614389939853,-0.21828772906663488,-3.019243151312251,0.004257136720671406
14.26,0,-0.012381461576147269,0.0004582336571005026,0.0004141002733693528,-8.439327478464674e-05,0.006499664474191683
14.26,1,0.028375626277993758,-0.1999635791631514,-0.20261760708770318,-2.803880490616985,0.004390382332865261
14.280000000000001,0,-0.01237185610203514,0.0005025556798219402,0.0003643294133886687,-0.00011773239854330746,0.00715351191605047
14.280000000000001,1,0.024525727289079653,-0.18511818894977092,-0.18751266221705332,-2.59615309452323,0.004498449226436829
14.3,0,-0.012361348331204476,0.0005485166634606826,0.0003148427486998519,-0.0001371582804784964,0.007816391568928053
14.3,1,0.020967197762957402,-0.17082784343222696,-0.1729796400988801,-2.3961687858362706,0.004578977785093308
14.32,0,-0.012349902902416004,0.0005963404592094465,0.0002657476496415698,-0.0001403346892508879,0.00848910111818314
14.32,1,0.017688868282012528,-0.15709918188077657,-0.15902401716818845,-2.2040179592017486,0.0046294128708768145
14.34,0,-0.012337482130330953,0.00064603329437275,0.00021707216440131283,-0.0001270028537470368,0.009171468974965537
14.34,1,0.014679449738279815,-0.1439375184341407,-0.14564994388053962,-2.0197725113336222,0.004647253255652517
14.36,0,-0.012324050404596885,0.0006973839143317789,0.0001687632191516752,-9.899526791426385e-05,0.009862370068559168
14.36,1,0.01192756076480073,-0.13134675044491922,-0.13286019077267988,-1.8434848081407933,0.004630301911924262
14.38,0,-0.012309578298876325,0.0007499920795436067,0.00012069473918430534,-5.9981418342777704e-05,0.010559870531953272
14.38,1,0.009421756896671268,-0.11932927864509903,-0.12065610316606035,-1.67518679422978,0.004576893198393606
14.4,0,-0.012294045856949274,0.0008033214097424971,7.268462433402899e-05,-1.4980689938954433e-05,0.011261480426333913
14.4,1,0.007150561139449331,-0.1078859475102297,-0.10903756974928668,-1.51488934024689,0.004486075103674159
14.42,0,-0.01227744463639144,0.0008567693786073677,2.45184333698512e-05,3.029236564481251e-05,0.011964478934858337
14.42,1,0.005102495470510268,-0.09701601253023819,-0.09800300920036238,-1.3625819043789487,0.0043577289556141485
14.44,0,-0.012259778258148543,0.0009097450659755698,-2.4023175656605333e-05,7.016410315848019e-05,0.012666266820499497
14.44,1,0.003266112687038941,-0.08671713877943805,-0.08754937753837091,-1.2182325578811433,0.004192614969010577
14.46,0,-0.012241061409611398,0.0009617443572644199,-7.313664085678771e-05,9.972331004772655e-05,0.013364697691654152
14.46,1,0.0016300279533968845,-0.07698543243944579,-0.07767219716841645,-1.0817883932783372,0.003992339126096089
14.48,0,-0.012221317452569292,0.0010124127503316057,-0.00012297073756209711,0.00011543536310191452,0.014058343141540565
14.48,1,0.00018294939648871384,-0.0678155040296854,-0.06836560676940392,-0.953176300895381,0.003759244479785262
14.5,0,-0.012200574968418655,0.0010615877078923527,-0.00017360787290823118,0.00011557136067952365,0.014746656549813414
14.5,1,-0.0010862928491168135,-0.05920055932077394,-0.059622429446541524,-0.8323040677957667,0.003496237304931482
14.52,0,-0.012178863707390575,0.0011093153215933327,-0.00022505367272549322,0.00010039968837958872,0.015430014813927069
14.52,1,-0.002188719639305359,-0.05113251151571394,-0.051434255096078525,-0.7190617261021999,0.0032065648822047765
14.540000000000001,0,-0.01215621047910852,0.0011558395357391007,-0.00027723606097851086,7.211908376986826e-05,0.01610963441657754
14.540000000000001,1,-0.003135178207588333,-0.04360210651513187,-0.04379153185117278,-0.6133230576679267,0.0028935664560805208
14.56,0,-0.012132635520125385,0.0012015658356240833,-0.00033001385452390046,3.454610763858716e-05,0.01678737559109858
14.56,1,-0.003936320112307432,-0.03659905210887231,-0.036683660899029594,-0.5149471511114669,0.0025604215872547242
14.58,0,-0.012108149801694066,0.0012470046427895275,-0.0003831937261470307,-7.398484349555728e-06,0.01746546348340294
14.58,1,-0.004602581729363807,-0.030112141853339065,-0.030099088936134773,-0.4237799063909987,0.0022099204442518616
14.6,0,-0.012082753608854637,0.0012927022348199254,-0.0004365533711088184,-4.8334758449569346e-05,0.018146166045928527
14.6,1,-0.005144167097880846,-0.02412936521164588,-0.024025393061954833,-0.3396553914641454,0.0018442785011030804
14.620000000000001,0,-0.012056436548748118,0.001339168489787793,-0.0004898679710696574,-8.311464334711041e-05,0.01883147350037621
14.620000000000001,1,-0.005571032772902174,-0.018637997173362553,-0.018449353948896807,-0.2623969742422666,0.0014650138151908743
14.64,0,-0.012029178955786752,0.001386810969205945,-0.0005429366731768934,-0.00010746940569001523,0.019522822974573244
14.64,1,-0.005892874225663672,-0.013624662872958307,-0.01335701456519572,-0.19181817917991,0.0010728989584937315
14.66,0,-0.012000954479594709,0.0014358837980061397,-0.0005956058341475633,-0.00011853149278731948,0.02022090466487328
14.66,1,-0.006119113269251889,-0.009075375465759693,-0.008733723425786145,-0.1277232488754468,0.0006679923548111102
14.68,0,-0.011971733492415143,0.0014864576470260383,-0.0006477862112550112,-0.00011516669581038315,0.02092557375417492
14.68,1,-0.006258885981679267,-0.004975548428209095,-0.004564163136462611,-0.06990742394354157,0.00024974594861425226
14.700000000000001,0,-0.011941486854959538,0.00153841418842973,-0.0006994620567363246,-9.807850562593146e-05,0.02163587714364215
14.700000000000001,1,-0.006321030650071437,-0.0013099862385923988,-0.0008323667017823354,-0.01815698590765886,-0.00018282143263472633
14.72,0,-0.011910189545074768,0.001591465090685385,-0.0007506910900263619,-6.96767679242219e-05,0.022350188037519612
14.72,1,-0.006314075363597356,0.0019371402111333885,0.002478274481653353,0.027750865167708513,-0.0006309022118410751
14.74,0,-0.01187782368498827,0.0016451923990957683,-0.000801595455153554,-3.37332348986346e-05,0.02306642682223939
14.74,1,-0.006246225028612328,0.004782325360705196,0.005385005971785115,0.06804820681312601,-0.0010956517632532692
14.76,0,-0.011844380594230089,0.001699104438288921,-0.0008523448775913583,5.126627767896089e-06,0.023782335508277
14.76,1,-0.006125347752672169,0.007242758821508727,0.00790570344277746,0.10297656197366722,-0.0015779384725450527
14.780000000000001,0,-0.011809861632762436,0.001752699520725354,-0.0009031341796701711,4.202657100506324e-05,0.024495766719149895
14.780000000000001,1,-0.005958960727295612,0.00933634420507658,0.010058858145580456,0.13278693609095146,-0.0020781172198793274
14.8,0,-0.011774277762794128,0.0018055289700283945,-0.0009541579817688304,7.245803641988367e-05,0.02520494754397764
14.8,1,-0.005754215914223727,0.011081698705763034,0.011863549718578078,0.15773963101327593,-0.0025958491325934474
14.82,0,-0.011737647925739897,0.001857251337442658,-0.0010055857289022372,9.283529691299797e-05,0.025908683427284217
14.82,1,-0.005517885988832947,0.012498126906873892,0.0133394024707637,0.17810376264904665,-0.003129985952812178
14.84,0,-0.011699996480546317,0.0019076711153033963,-0.0010575401048293828,0.0001009188330449353,0.026606476781202613
14.84,1,-0.005256351102198768,0.013605564648965788,0.014506522729860588,0.19415643610068525,-0.003678531015164216
14.86,0,-0.011661350062096938,0.0019567575056161934,-0.0011100814427450806,9.605740904932228e-05,0.027298547669577386
14.86,1,-0.004975587079002089,0.014424491601218918,0.015385416571788496,0.20618156367155085,-0.00423868125448601
14.88,0,-0.011621734280227666,0.0020046415544851346,-0.0011631999734044046,7.922392745127703e-05,0.02798575783534061
14.88,1,-0.0046811556660835835,0.014975814134773242,0.015996889055795716,0.2144683445009409,-0.004806946614115515
14.9,0,-0.011581170684859194,0.0020515928299719246,-0.0012168167666089292,5.2847101111370975e-05,0.028669452518495574
14.9,1,-0.0043781973857987275,0.015280722917316514,0.016361927802950604,0.21930945634897048,-0.005379335506539254
14.92,0,-0.011539674372487317,0.0020979794180923735,-0.0012707931441943293,2.046673104265026e-05,0.02935124512225058
14.92,1,-0.00407142743500971,0.01536053205052873,0.016501575205459303,0.22099903707441138,-0.005951588367009153
14.94,0,-0.011497252512600054,0.0021442170074572465,-0.0013249473056303636,-1.373834351184669e-05,0.030032776447913297
14.94,1,-0.0037651349154156854,0.015236508316831075,0.01643679459775905,0.21983055294442305,-0.006519436508787987
14.96,0,-0.011453903944089861,0.0021907139908992766,-0.0013790760379237296,-4.5486301216101505e-05,0.030715482173805975
14.96,1,-0.0034631854989846497,0.01492970001522437,0.016188336255573043,0.21609466114608955,-0.0070788609329483915
14.98,0,-0.01140961984951423,0.0022378197183188725,-0.001432978784264283,-7.092338637498807e-05,0.031400399442839205
14.98,1,-0.003169027441195367,0.014460774856981034,0.015776609065194604,0.21007717373463178,-0.00762632573689731
15.0,0,-0.011364385378199823,0.00228578230721209,-0.0014864810905232029,-8.708417227770021e-05,0.03208803647324696
15.0,1,-0.0028857006732106944,0.013849875462443633,0.01522156312754132,0.20205721979328933,-0.008158963319078463
15.02,0,-0.011318181975127753,0.0023347208974552414,-0.0015394545621564035,-9.222664047200957e-05,0.03277831920484539
15.02,1,-0.0026158485495946164,0.013116499244994013,0.014542587491133682,0.19230568287809655,-0.008674693448180365
15.040000000000001,0,-0.011270990094861632,0.0023846151642650006,-0.0015918309275731333,-8.600539058774628e-05,0.03347061769029776
15.040000000000001,1,-0.0023617317156078023,0.01227940706596017,0.013758425755961859,0.1810839638956503,-0.009172264972207925
15.06,0,-0.011222791946608007,0.002435312577494842,-0.0016436085562490487,-6.946782458345027e-05,0.034163843909511236
15.06,1,-0.002125243498056862,0.011356562239413014,0.012887110605621152,0.1686430881662107,-0.009651216814428529
15.08,0,-0.011173573929720146,0.0024865516328436157,-0.001694850724923435,-4.48806094188077e-05,0.03485660346922943
15.08,1,-0.0019079262213655436,0.010365098544528174,0.01194591658098576,0.15522314276791477,-0.010111763144520336
15.1,0,-0.01112332847433546,0.0025379973705604783,-0.0017456759449510154,-1.5414257901490147e-05,0.035547377445748186
15.1,1,-0.001710987905320319,0.009321313164045445,0.010951328783835234,0.14105299968250462,-0.010554615385868368
15.120000000000001,0,-0.011072055089937466,0.002589284165211145,-0.0017962416325597373,1.5270183591122727e-05,0.03623470812936491
15.120000000000001,1,-0.001535318906313271,0.008240678191106776,0.009919023859745175,0.12635025490280702,-0.010980760227312161
15.14,0,-0.011019760532381172,0.002640060151254051,-0.001846723203595192,4.347836742142966e-05,0.03691736375013528
15.14,1,-0.001381508208163554,0.0071378627675575896,0.00886385869339948,0.11132129612261771,-0.011391217376811459
15.16,0,-0.010966458112551444,0.0026900277765669507,-0.0018972912096828225,6.592691191317432e-05,0.03759446196002414
15.16,1,-0.001249859236036081,0.006026757198062117,0.007799861850080984,0.09616140371898366,-0.011786802946114026
15.18,0,-0.010912166272924894,0.0027389757831512798,-0.00194808934151817,8.012195496932134e-05,0.03826553900914859
15.18,1,-0.0011404052394729505,0.0049204906016791965,0.00674022295515797,0.08105479227812368,-0.012167923854614938
15.200000000000001,0,-0.01085690663966467,0.002786799251089267,-0.0019992159857456357,8.4629537573086e-05,0.03893055997767665
15.200000000000001,1,-0.0010529244494332202,0.0038314347954141663,0.005697275902202691,0.06617451265860139,-0.012534425522803063
15.22,0,-0.010800701808901561,0.0028335060013506067,-0.002050711555855493,7.921021401501721e-05,0.039589873804893476
15.22,1,-0.0009869553421881453,0.002771189037836466,0.004682472947392105,0.051682156225505926,-0.012885509695795404
15.24,0,-0.010743573142399324,0.002879209402992349,-0.0021025530855140846,6.480765114818925e-05,0.0402441239907447
15.24,1,-0.000941812425784658,0.0017505427971682883,0.003706348261912969,0.03772733120067647,-0.013219732040320438
15.26,0,-0.010685538830343238,0.0029241092460305517,-0.0021546566671875574,4.339863672933944e-05,0.04089413080769838
15.26,1,-0.0009166029930426087,0.000779416586180709,0.002778471217806991,0.024446913131392595,-0.013535080924862667
15.280000000000001,0,-0.010626612432174267,0.0029684636346479923,-0.0022068873522787806,1.7727760497347755e-05,0.041540763124574547
15.280000000000001,1,-0.0009102452548006152,-0.00013321617195610996,0.001907391398420239,0.011964103957848594,-0.013829130365234135
15.3,0,-0.010566802038075128,0.0030125556960765992,-0.0022590752198326284,-9.037685329768563e-06,0.04218481743040216
15.3,1,-0.0009214881805487444,-0.0009794206208928698,0.0011005788727327678,0.0003873636726049144,-0.014099252365105092
15.32,0,-0.010506110113682448,0.0030566592272330924,-0.0023110355793844886,-3.3689521900998054e-05,0.04282691870316429
15.32,1,-0.0009489332387371822,-0.0017523975422535424,0.0003643644901757436,-0.010190697983913182,-0.014342867607636412
15.34,0,-0.010444534009153026,0.0031010072227134274,-0.002362590788318146,-5.3351963809542685e-05,0.04346745308179753
15.34,1,-0.0009910580590591655,-0.0024465769117203635,-0.00029611429076157404,-0.019694367446903144,-0.014557709317181942
15.36,0,-0.01038206704034611,0.003145766613955197,-0.0024135909916327613,-6.580416391600494e-05,0.04410653675928876
15.36,1,-0.0010462418507546486,-0.003057698381613146,-0.0008769563138652079,-0.0280657037937258,-0.014742073548858241
15.38,0,-0.01031869999221245,0.0031910216152422075,-0.0024639312501637325,-6.971744055690038e-05,0.04474402005394781
15.38,1,-0.0011127922233791548,-0.003582869646564807,-0.0013755230086186217,-0.03526514469797358,-0.01489503035393372
15.4,0,-0.0102544228575361,0.003236766957620286,-0.002513562989565358,-6.478365238355571e-05,0.045379521059067555
15.4,1,-0.0011889728885324728,-0.004020595083400679,-0.0017904435769272172,-0.04127175706656151,-0.015016574101047996
15.42,0,-0.010189226610118203,0.003282911140535756,-0.002562498417028672,-5.172424050951113e-05,0.0460124802080101
15.42,1,-0.0012730315898827024,-0.004370769270471536,-0.002121595968008726,-0.04608307246430318,-0.015107697322298316
15.44,0,-0.010123104819726687,0.0033292887723572993,-0.002610807426424417,-3.21829883331709e-05,0.04664222580133536
15.44,1,-0.0013632275279566455,-0.00463463276495128,-0.002370062201975234,-0.04971447853246391,-0.015170380176853997
15.46,0,-0.010056054943745927,0.003375680205885591,-0.0026586074374396673,-8.51809275149995e-06,0.04726804097514977
15.46,1,-0.001457857524067003,-0.004814690570376696,-0.002538058434882789,-0.052198171798849904,-0.015207496186423853
15.48,0,-0.009988079172860796,0.003421836068616832,-0.002706047477111342,1.6480554108036505e-05,0.04788922440652761
15.48,1,-0.0015552802069629544,-0.0049145967530270515,-0.002628841965686135,-0.05358171113447378,-0.01522264340790494
15.5,0,-0.009919184759787788,0.003467503967826676,-0.002753288508185389,3.99158375951128e-05,0.04850513971197835
15.5,1,-0.0016539376026895316,-0.004939011359278619,-0.002646598990448722,-0.05392624124943615,-0.015219917780464512
15.52,0,-0.00984938381529274,0.0035124546122210962,-0.0028004824542436912,5.911319819546651e-05,0.04911525137289988
15.52,1,-0.0017523736532759468,-0.004893437875926296,-0.0025963181546605624,-0.053304479040745985,-0.015203651222222163
15.540000000000001,0,-0.00977869260915552,0.0035565048042093257,-0.002847752513894405,7.191972762668475e-05,0.049719147531303874
15.540000000000001,1,-0.0018492493689647536,-0.004784050753542907,-0.0024836557217095,-0.051798570011249226,-0.015178140538351467
15.56,0,-0.00970713046079465,0.0035995351728528835,-0.002895177180102262,7.694071885702702e-05,0.050316551701083345
15.56,1,-0.001943354514119117,-0.004617522855842584,-0.0023147983956277045,-0.049497926017351576,-0.0151473939644446
15.58,0,-0.009634718341411577,0.003641501083016599,-0.002942779909409911,7.368904454102543e-05,0.05090732611769136
15.58,1,-0.00203361591957776,-0.004400862080108847,-0.0020963294975714134,-0.0464971490035507,-0.01511492011797315
15.6,0,-0.009561477334314842,0.0036824358166338196,-0.0029905256786628997,6.263229863901626e-05,0.051491469134234455
15.6,1,-0.0021191026854378192,-0.004141264890058856,-0.0018351033447368097,-0.04289412898628857,-0.015083579474535414
15.620000000000001,0,-0.009487427111155872,0.0037224458265004826,-0.0030383248116464664,4.513354840017525e-05,0.05206910802260658
15.620000000000001,1,-0.002199028671857088,-0.0038459922809527306,-0.001538131417443532,-0.038788380224702386,-0.015055511708635847
15.64,0,-0.009412584578734085,0.003761698565781221,-0.0030860435601978097,2.32927497168349e-05,0.05264048717122026
15.64,1,-0.0022727527594487906,-0.003522271000528488,-0.0012124823673588473,-0.034279649954935744,-0.015032144052463088
15.66,0,-0.00933696283426841,0.0038004040555177344,-0.00313352009409094,-2.936871466435731e-07,0.05320595046439493
15.66,1,-0.0023397773885724844,-0.003177219971318628,-0.0008651962870881343,-0.029466802503133584,-0.015014277095327213
15.68,0,-0.009260570537860018,0.003838791927814449,-0.0031805838928904567,-2.2829024462062836e-05,0.05376591601386435
15.68,1,-0.002399745857780145,-0.002817799111599299,-0.0005032121076773403,-0.024446951463826548,-0.015002236098563639
15.700000000000001,0,-0.009183411771360067,0.0038770861341933215,-0.003227076121634025,-4.163579776495993e-05,0.05432084167647146
15.700000000000001,1,-0.002452438781473084,-0.0024507754306627863,-0.0001333056851517053,-0.019314787201437984,-0.014996068827841028
15.72,0,-0.009105486405876375,0.00391547979721703,-0.0032728684604541518,-5.446384559804063e-05,0.05487118100663646
15.72,1,-0.002497769986606753,-0.0020826996300739252,0.0002379647787349231,-0.014162028952676393,-0.014995765868358562
15.74,0,-0.009026790949346386,0.003954112771865444,-0.0033178780590890178,-5.9752485238206976e-05,0.05541733129135443
15.74,1,-0.0025357819835126337,-0.001719885653634937,0.0006043097647809254,-0.009076922213734398,-0.01500147693715472
15.76,0,-0.008947319795288079,0.00399305434186387,-0.0033620767752765407,-5.6816931532737563e-05,0.05595957771762691
15.76,1,-0.0025666409947053435,-0.0013683857799791207,0.00095975959345995,-0.0041437038029868666,-0.015013697116720823
15.780000000000001,0,-0.008867066748790264,0.00403229309008061,-0.003405493570620314,-4.5936738173060765e-05,0.0564980399993016
15.780000000000001,1,-0.002590631386711933,-0.0010339549260282488,0.0012987187697613178,0.0005580312127755165,-0.015033400177170999
15.8,0,-0.008786026670891938,0.004071735357683275,-0.003448209790154721,-2.8334362746088027e-05,0.05703262937031194
15.8,1,-0.0026081492409432377,-0.0007219997092527021,0.0016160255077870742,0.004954105969268985,-0.015062101898806815
15.82,0,-0.00870419706220333,0.004111212877936727,-0.0034903479370012526,-6.043944553342506e-06,0.05756302423566753
15.82,1,-0.0026196947345991906,-0.0004375102954468827,0.0019070170357823565,0.00897669981504872,-0.015101843951305078
15.84,0,-0.008621579404433375,0.004150499201663647,-0.003532055361617105,1.8317178109107657e-05,0.05808867164518196
15.84,1,-0.002625862990898106,-0.00018497586334944284,0.002167599724644764,0.012565435533618195,-0.015155097620510396
15.860000000000001,0,-0.008538180096323846,0.004189333515379477,-0.0035734849160303644,4.1850147281863315e-05,0.05860881906803081
15.860000000000001,1,-0.002627333102984952,3.17126632438936e-05,0.002394321537315678,0.015668572852424525,-0.015224595567010014
15.88,0,-0.008454010858175135,0.0042274495042991965,-0.003614774998772399,6.171610960001642e-05,0.05912257695058873
15.88,1,-0.002624855134820136,0.00020936644703136535,0.0025844429419445035,0.018244238155421012,-0.015313107896981898
15.9,0,-0.0083690885341058,0.0042646061542311806,-0.003656031489137853,7.54783886003918e-05,0.059629007770636136
15.9,1,-0.0026192350462145427,0.0003456010330627411,0.0027360014290650106,0.02026159971178699,-0.015423185248908615
15.92,0,-0.008283434288415424,0.004300616935060283,-0.003697313830547343,8.140458738286824e-05,0.060127232503461095
15.92,1,-0.002611317663819494,0.0004389278929912967,0.002847864247126125,0.021701886148912206,-0.015556895647034052
15.94,0,-0.00819707226481366,0.004335373755053199,-0.0037386270015225018,7.869114230805302e-05,0.060616541428436733
15.94,1,-0.002601968007453684,0.0004888258404638343,0.002919763996969526,0.02255914485830668,-0.015715583091813
15.96,0,-0.00811002784631123,0.004368862468306214,-0.003779920373726948,6.758073889925192e-05,0.061096493817387756
15.96,1,-0.0025920514619702894,0.0004957837747156742,0.0029523123216988446,0.022840646943916486,-0.015899674097897047
15.98,0,-0.008022325710276258,0.004401167550840303,-0.003821093591674172,4.9354859024790254e-05,0.06156699085273945
15.98,1,-0.0025824134395041414,0.00046130797404644153,0.0029469880510838804,0.02256686545616018,-0.01610855381951
16.0,0,-0.00793398790931532,0.004432464766400548,-0.0038620087260851773,2.6198327549933204e-05,0.06202830840205773
16.0,1,-0.0025738592882817587,0.00038788969081373254,0.002906097710374491,0.021770982164176684,-0.01634052649278443
16.02,0,-0.007845032217970938,0.004463002094503797,-0.003902507163156707,9.484104441584429e-07,0.062481080912609
16.02,1,-0.002567135259277136,0.0002789318474206226,0.002832708137450336,0.020497912264458143,-0.016592866400569426
16.04,0,-0.007755470964487978,0.004493070717443373,-0.003942429094632743,-2.324412256957814e-05,0.06292623416677681
16.04,1,-0.0025629113334688933,0.00013863689443183096,0.002730552894087302,0.018802872852899482,-0.01686195633085385
16.06,0,-0.007665310516611959,0.004522969260041637,-0.003981633144281532,-4.330244798524466e-05,0.06336487208856816
16.06,1,-0.002561766639296839,-2.813896104922678e-05,0.002603916018880293,0.016749556085169044,-0.01714350153985822
16.080000000000002,0,-0.007574551515107467,0.0045529655461263325,-0.004020013647503077,-5.6612467190946675e-05,0.06379813011295961
16.080000000000002,1,-0.0025641780576480025,-0.00021605723426139804,0.002457498270522776,0.014407998225005643,-0.017432799504665215
16.1,0,-0.007483189856742794,0.004583260708159587,-0.004057513395740233,-6.136374143591791e-05,0.06422701365567013
16.1,1,-0.002570512431812223,-0.000419484418316332,0.0022962721966113854,0.011852258232159261,-0.01772504008858791
16.12,0,-0.007391218331091086,0.00461396044665406,-0.004094130229948259,-5.679764860493097e-05,0.06465224390176177
16.12,1,-0.0025810225886012264,-0.0006326839837753794,0.002125333023424274,0.009158031983241648,-0.018015607756096962
16.14,0,-0.0072986287254033985,0.004645057547045865,-0.004129916646105231,-4.332805611726234e-05,0.06507413371475937
16.14,1,-0.0025958471535635504,-0.0008500019986704186,0.0019497524389436953,0.006400329505131162,-0.018300357486517024
16.16,0,-0.007205414141627485,0.0046764284756529795,-0.004164972462642074,-2.2514979737407043e-05,0.06549251363887912
16.16,1,-0.002615013928335553,-0.0010660361640030616,0.001774441837504329,0.003651332750341095,-0.018575839046383956
16.18,0,-0.0071115712300542306,0.004707845133400515,-0.0041994314825067654,3.1099412291339668e-06,0.06590672192637809
16.18,1,-0.0026384464109339765,-0.0012757798807406914,0.001604030571949668,0.000978531632995848,-0.018839449963365527
16.2,0,-0.007017102042171035,0.0047390008602860535,-0.004233443849024369,3.0348057746275997e-05,0.06631566398625849
16.2,1,-0.0026659728963903027,-0.0014747354862107867,0.0014427633324662931,-0.0015567915244066068,-0.019089505282544408
16.22,0,-0.00692201524337361,0.004769547817161235,-0.004267156346638737,5.573267197068327e-05,0.06671793676828662
16.22,1,-0.0026973375069291516,-0.0016589937469758157,0.0012944190943522949,-0.0039006913218292225,-0.019325221135832196
16.240000000000002,0,-0.006826326501085979,0.004799141199442329,-0.004300693163692135,7.597299970836524e-05,0.06711200379248423
16.240000000000002,1,-0.002732212473331022,-0.0018252797558705586,0.001162252326563186,-0.00600729824181712,-0.019546618340370702
16.26,0,-0.006730057967106603,0.004827484608985811,-0.004334139579395884,8.838622357619161e-05,0.06749639830222516
16.26,1,-0.002770211021168408,-0.0019709682292470857,0.0010489555090376843,-0.007839194552050014,-0.019754360657409185
16.28,0,-0.006633236891775286,0.004854370511205901,-0.004367530666726392,9.126046546891961e-05,0.0678699266914137
16.28,1,-0.002810900299984129,-0.0020940735405323625,0.000956640633375754,-0.009367480500088324,-0.01994954906736475
16.3,0,-0.006535893526164788,0.004879710126297686,-0.004400846463261795,8.40988781688444e-05,0.06823184288999876
16.3,1,-0.0028538139175413096,-0.0021932214218243233,0.0008868363882976455,-0.010571602193457399,-0.020133497712083125
16.32,0,-0.00643805857053663,0.004903548325729558,-0.0044340142339040645,6.770935751013868e-05,0.06858196720270368
16.32,1,-0.002898463788464331,-0.0022676099659878737,0.0008404972404545054,-0.011439020972965744,-0.02030751855086449
16.34,0,-0.0063397604979233526,0.0049260609926252,-0.004466917538643883,4.412392890754124e-05,0.06892072996784526
16.34,1,-0.00294435115835111,-0.002316967319110612,0.0008180206381531397,-0.011964802345877861,-0.020472740121670708
16.36,0,-0.006241023109824531,0.004947534620929243,-0.004499410941916654,1.6354198175853873e-05,0.06924913049483356
16.36,1,-0.0029909768023138315,-0.002341512325802335,0.0008192690572725685,-0.012151191280865281,-0.02062998128036741
16.38,0,-0.006141863661048393,0.004968330365421441,-0.004531338470830037,-1.198856838436485e-05,0.06956861368428455
16.38,1,-0.0030378505046363457,-0.0023419225363853426,0.0008435944875675388,-0.012007221594042801,-0.020779693915351997
16.4,0,-0.006042291823649129,0.00498883697444426,-0.0045625534423995315,-3.716118751146552e-05,0.0698808788297311
16.4,1,-0.003084499991593942,-0.0023193116463496597,0.0008898640921436459,-0.011548382875239068,-0.02092198017365617
16.42,0,-0.005942309653329902,0.00500941871852136,-0.004592937098917217,-5.5783489435946854e-05,0.070187645548735
16.42,1,-0.0031304795056536342,-0.0022752159102210194,0.0009564870029312116,-0.01079634210385547,-0.0210566806392388
16.44,0,-0.005841912589084666,0.005030365313921326,-0.004622413640421004,-6.529458004007893e-05,0.07049040897493863
16.44,1,-0.0031753781756347424,-0.002211586671263394,0.0010414433701353431,-0.009778692195713728,-0.02118352120197379
16.46,0,-0.005741091375876569,0.005051850777458533,-0.00465095970587973,-6.430818688665796e-05,0.07079021907130613
16.46,1,-0.003218828259588758,-0.002130784177619991,0.0011423177031619851,-0.00852867945100042,-0.021302299035679453
16.48,0,-0.005639834670230242,0.005073907113967807,-0.00467860707139558,-5.281703710953434e-05,0.07108751663265883
16.48,1,-0.00326051322639241,-0.002035566567802804,0.0012563390919952038,-0.007084848943849406,-0.021413083005389848
16.5,0,-0.0055381319882706,0.00509641684532415,-0.0047054382123361315,-3.221556321916785e-05,0.07138205139775727
16.5,1,-0.0033001755138986817,-0.0019290674786855567,0.0013804309929038795,-0.005490543157421082,-0.021516401544176715
16.52,0,-0.0054359765999075415,0.0051191258801394635,-0.004731575303165507,-5.134261136068019e-06,0.07167289658308856
16.52,1,-0.0033376236740492774,-0.0018147562331747827,0.0015112728667424455,-0.0037931954020509993,-0.02161339186239596
16.54,0,-0.005333367970647757,0.005141675432611311,-0.004757164083299102,2.4895459861583313e-05,0.07195856059669678
16.54,1,-0.0033727385071474435,-0.0016963759698004153,0.0016453750971895363,-0.0020433753618498748,-0.02170588821535594
16.56,0,-0.005230313405702451,0.005163649014046922,-0.004782354687846144,5.390358055422373e-05,0.07223718261610268
16.56,1,-0.003405477715321708,-0.0015778572438383141,0.0017791673723139066,-0.0002935679583317072,-0.02179643345540469
16.580000000000002,0,-0.005126828653656404,0.005184628324216767,-0.004807281940421848,7.801035973623027e-05,0.07250678617929851
16.580000000000002,1,-0.003435878582155212,-0.0014632073289860062,0.0019090992166426,0.0014033039225185492,-0.021888206528322636
16.6,0,-0.005022937365817598,0.005204250485822898,-0.004832047678300442,9.395096974839506e-05,0.07276555583177219
16.6,1,-0.003464058219267884,-0.001356378383166377,0.0020317497775878854,0.0029955706513166164,-0.021984868015645892
16.62,0,-0.004918669463850303,0.005222258710680064,-0.00485670741739397,9.952432107750153e-05,0.07301209762844339
16.62,1,-0.0034902110127393764,-0.0012611204808122614,0.0021439424810662266,0.004434648495408068,-0.02209033522677973
16.64,0,-0.0048140586208196,0.005238539236079339,-0.0048812630992299735,9.390364753576047e-05,0.07324564565757499
16.64,1,-0.0035146030474156,-0.0011808279287598927,0.0022428589538999893,0.005676915652272874,-0.02220850665491137
16.66,0,-0.004709139187798479,0.005253139143805071,-0.004905662867469686,7.776434044845515e-05,0.07346618367282254
16.66,1,-0.003537563473888752,-0.0011183889848826562,0.0023261458187556717,0.0066855161001667315,-0.02234296188852392
16.68,0,-0.004603942981287587,0.005266262243876424,-0.004929807901197143,5.320890811116863e-05,0.07367446250615876
16.68,1,-0.003559472994715662,-0.0010760498712339317,0.002392007713195817,0.007431968396375365,-0.022496666593650412
16.7,0,-0.004498496373273624,0.005278243223001852,-0.004953565406796376,2.3496526801516926e-05,0.07387190859522441
16.7,1,-0.0035807498632844923,-0.0010553036972979588,0.002439280225676416,0.007897460767006955,-0.02267171252917838
16.72,0,-0.004392818090956465,0.005289503305166038,-0.0049767860614176995,-7.388339239862429e-06,0.07406043461156439
16.72,1,-0.003601833989410843,-0.0010568135760925896,0.0024674773740662953,0.00807372959111052,-0.022869119656406776
16.740000000000002,0,-0.004286918040765435,0.005300493317042336,-0.004999323615575307,-3.527111011351197e-05,0.07424217754870621
16.740000000000002,1,-0.003623169909983251,-0.0010803769321715202,0.0024768097103337375,0.007963444492143897,-0.023088721542545182
16.76,0,-0.0041807973332632095,0.0053116319112711365,-0.005021054077968144,-5.635383351065837e-05,0.07441920059130656
16.76,1,-0.0036451894937046996,-0.0011249349751960437,0.0024681709963498178,0.007580057401224069,-0.02332914705396868
16.78,0,-0.004074449520592418,0.005323247498171761,-0.005041891960319821,-6.773599533262814e-05,0.07459320096973729
16.78,1,-0.003668295294152695,-0.0011886278362750224,0.0024430934947327993,0.006947111962128091,-0.023587901669978404
16.8,0,-0.00396786288908894,0.00533553204004493,-0.005061801447322892,-6.781729549020649e-05,0.07476526585611923
16.8,1,-0.003692845439340691,-0.0012688922777280395,0.002403674063506139,0.006097049780776348,-0.023861541668968905
16.82,0,-0.003861023500356682,0.005348513309002626,-0.005080801026064441,-5.6525769611050214e-05,0.07493571209564781
16.82,1,-0.0037191408500639677,-0.0013625955450726438,0.0023524752361841306,0.005069587412748424,-0.024145925043765434
16.84,0,-0.0037539185658355093,0.00536204970214358,-0.005098960972552115,-3.5338175777499536e-05,0.07510403400578762
16.84,1,-0.003747415421821036,-0.0014661961630443626,0.0022924071266115544,0.003909769034059823,-0.024436515316680903
16.86,0,-0.003646539688547222,0.005375848589113582,-0.0051163940361929885,-7.087973829457417e-06,0.0752689682214196
16.86,1,-0.0037778296003396186,-0.001575920555205066,0.002226597171333453,0.0026658215127288998,-0.024728709285599823
16.88,0,-0.003538885519265092,0.005389505871209628,-0.005133240561488555,2.4414408414961952e-05,0.07542866778851984
16.88,1,-0.0038104675475709128,-0.0016879434696708286,0.0021582553118155235,0.0013869491212274085,-0.025018157696619008
16.9,0,-0.0034309634516995085,0.005402561424033193,-0.00514965002068886,5.489809756058228e-05,0.07558096183890413
16.9,1,-0.0038453378548594383,-0.0017985603935752555,0.0020905421843870806,0.00012120360825305584,-0.025301049118306634
16.92,0,-0.003322790112231841,0.005414562807915122,-0.005165761404153868,8.021477021286083e-05,0.07572366454059885
16.92,1,-0.003882377534541444,-0.0019043413921598885,0.0020264472503320535,-0.0010864477600655686,-0.025574331730172872
16.94,0,-0.0032143905663345037,0.005425128395107952,-0.0051816850637597875,9.690803626989652e-05,0.07585488949524143
16.94,1,-0.003921458830165775,-0.0020022579607878437,0.0019686826448098364,-0.0021957566269289394,-0.025835854824100873
16.96,0,-0.0031057963428972944,0.0054340010667773345,-0.0051974884089867465,0.00010269043308547277,0.07597332450179721
16.96,1,-0.0039623982445178155,-0.0020897772833709262,0.001919596983778375,-0.0031724612194067685,-0.026084420747786198
16.98,0,-0.002997042544037203,0.00544108488787455,-0.005213187341256376,9.676155430861366e-05,0.07607842687593508
16.98,1,-0.0040049671036877284,-0.0021649214381334607,0.0018811116099419231,-0.003989152349184628,-0.026319747784683822
17.0,0,-0.0028881644379660154,0.0054464595072667345,-0.005228744548000144,7.992249588312933e-05,0.07617051060585114
17.0,1,-0.004048902958023242,-0.002226292241638522,0.0018546799648144906,-0.004625737416779841,-0.026542353966159466
17.02,0,-0.002779194007448566,0.0054503701308914135,-0.005244074865542311,5.4469853719436856e-05,0.07625071197876035
17.02,1,-0.00409392116364264,-0.0022730652439330577,0.001841269122526445,-0.005069533431667609,-0.026753379983395196
17.04,0,-0.00267015693529343,0.005453194342567384,-0.005259056980707931,2.3883065369448286e-05,0.07632083773057392
17.04,1,-0.004139726081742433,-0.0023049585967888425,0.0018413611661284338,-0.005315045055494077,-0.026954375299549718
17.06,0,-0.0025610704494697665,0.0054553903157389455,-0.005273549900250076,-7.652316312792284e-06,0.07638311673665803
17.06,1,-0.004186021462736523,-0.002322183905900853,0.0018549711423682255,-0.005363500076096652,-0.027147074606515286
17.080000000000002,0,-0.0024519423317497092,0.005457433604216818,-0.005287411986737755,-3.5819843521418815e-05,0.07643989030255688
17.080000000000002,1,-0.004232519730650349,-0.0023253866388169412,0.0018816778575113855,-0.005222221334464063,-0.02733319160897311
17.1,0,-0.0023427712317014376,0.005459751341257674,-0.005300520023342664,-5.6766390445654735e-05,0.0764932851680531
17.1,1,-0.00427895003144815,-0.0023155831960591836,0.001920663778365526,-0.004903910939579681,-0.027514253805248894
17.12,0,-0.0022335482451288505,0.005462663075457184,-0.005312785772536715,-6.76330021211341e-05,0.07654491605852172
17.12,1,-0.004325065039531806,-0.002294100474577635,0.0019707607265272054,-0.004425910756118909,-0.02769149588796798
17.14,0,-0.0021242595384438827,0.0054663365663567285,-0.0053241678342667974,-6.694864459241834e-05,0.07659566057358662
17.14,1,-0.0043706466151502855,-0.0022625218654759548,0.00203049879880744,-0.0038094847742547455,-0.02786582134240862
17.16,0,-0.0020148896531264828,0.005470764775804536,-0.005334677241699419,-5.4832087827416665e-05,0.07664553894909093
17.16,1,-0.004415510462371432,-0.002222641405460696,0.0020981568766120103,-0.0030791469331265166,-0.028037832743323228
17.18,0,-0.001905425028324854,0.005475767315550725,-0.0053443760720910975,-3.297380994504023e-05,0.0766937162276552
17.18,1,-0.00445950994894694,-0.0021764255524086844,0.002171814048028507,-0.0022620355051347126,-0.02820792222858687
17.2,0,-0.0017958572485083162,0.0054810161677721,-0.0053533692841065544,-4.4004385953422265e-06,0.07673862678740474
17.2,1,-0.004502539218415571,-0.0021259800862678405,0.0022494021066389973,-0.0013873154666096885,-0.02837640574114008
17.22,0,-0.0016861855614406836,0.005486082071752736,-0.005361790895878476,2.69454503994751e-05,0.07677820355413884
17.22,1,-0.004544535659501871,-0.002073518214311564,0.0023287598796734436,-0.0004855761722177797,-0.028543678828144115
17.240000000000002,0,-0.0015764183142563189,0.0054904950535421635,-0.005369786369523183,5.67516310047006e-05,0.07681017911858559
17.240000000000002,1,-0.004585481711312092,-0.002021325279895915,0.0024076903814124295,0.00041181485495955447,-0.028710368773502366
17.26,0,-0.001466573107628388,0.005493810581267014,-0.005377493567488184,8.093254263761424e-05,0.07683241559510057
17.26,1,-0.004625405891020806,-0.0019717156359441595,0.002484021641304114,0.0012734390920092764,-0.028877457995227514
17.28,0,-0.0013566756483773363,0.005495672040889972,-0.005385024827780678,9.619266757639189e-05,0.07684321590488322
17.28,1,-0.00466438285061442,-0.0019269782396693048,0.002555671530727731,0.002068661612101775,-0.029046356967472042
17.3,0,-0.0012467574638277447,0.005495860757569526,-0.005392452545397086,0.0001004787532932136,0.07684157185268015
17.3,1,-0.004702532216478092,-0.0018893092366747668,0.0026207160726222636,0.002768581743393431,-0.029218911056840165
17.32,0,-0.0011368528008722748,0.005494326560195485,-0.005399800168607695,9.325834067838712e-05,0.0768273135020584
17.32,1,-0.004740015952527523,-0.001860732018691183,0.002677459675999638,0.0033470856248954215,-0.029397333886571987
17.34,0,-0.0010269951464674037,0.005491194647755773,-0.005407039786367959,7.558645648099438e-05,0.07680113861209983
17.34,1,-0.004777034021554309,-0.0018430076775831953,0.0027245046378777506,0.003781961711284733,-0.029584069197449468
17.36,0,-0.0009172138581471859,0.005486747871729561,-0.0054140965961277715,4.9952000138929475e-05,0.07676451820407493
17.36,1,-0.004813818201754675,-0.0018375411195707347,0.0027608162595405506,0.004056016878911373,-0.029781592552901658
17.38,0,-0.0008075313759099516,0.005481387020352042,-0.005420859619247323,1.992611977805203e-05,0.07671949216515053
17.38,1,-0.004850624040887564,-0.001845290029557731,0.00278577918953571,0.004158112099402072,-0.029992172513210305
17.400000000000002,0,-0.0006979614031597502,0.005475574784535869,-0.005427197197965308,-1.0337595585954706e-05,0.07666838457908812
17.400000000000002,1,-0.004887721087968383,-0.0018666851073039167,0.002799240266138003,0.004084025567854413,-0.030217617070109247
17.42,0,-0.0005885083063564401,0.0054697713629390365,-0.005432975174886569,-3.6680836810951134e-05,0.07661347991795746
17.42,1,-0.004925381715772435,-0.001901570330146445,0.002801533279917628,0.0038370497905120607,-0.030459034412562293
17.44,0,-0.0004791678104146346,0.005464370804557592,-0.005438075307398387,-5.551542509288354e-05,0.07655670668889918
17.44,1,-0.004963869017492718,-0.00194917132653191,0.0027934817516038673,0.0034282384667573447,-0.030716637038204084
17.46,0,-0.0003699288842947638,0.005459647034156271,-0.005442411450842732,-6.431535895261298e-05,0.07649937383714041
17.46,1,-0.005003424407512577,-0.0020080982813363746,0.002776377000172028,0.0028762388280932846,-0.03098961476680253
17.48,0,-0.00026077654455547515,0.005455717086982268,-0.0054459413566480585,-6.195815993826487e-05,0.07644199737769003
17.48,1,-0.005044255660645182,-0.0020763872652323784,0.0027519303792152504,0.002206673967557516,-0.031276095680810814
17.5,0,-0.0001516951773938647,0.0054525266031010666,-0.005448672531412228,-4.8869086875069634e-05,0.07638424153029
17.5,1,-0.005086526171218083,-0.0021515807185662024,0.0027222004512576963,0.001451075043231418,-0.03157320510315825
17.52,0,-4.2671909658920006e-05,0.005449859456544501,-0.005450661408105421,-2.6949615755902934e-05,0.07632498200737892
17.52,1,-0.00513034619340444,-0.0022308443384424404,0.002689497875122871,0.0006454016600607945,-0.03187722239825496
17.54,0,6.630044398449324e-05,0.0054473699759786795,-0.0054520059818533,6.981808699027536e-07,0.0762624814828316
17.54,1,-0.005175766734378542,-0.002311114175940592,0.002656272704843522,-0.0001717736648687608,-0.032183824798299523
17.56,0,0.00017522126715303793,0.005444633039172257,-0.0054528329384916936,3.0211338340462024e-05,0.07619465121007113
17.56,1,-0.005222776616695446,-0.0023892647156594665,0.002624990443706209,-0.0009613082120205202,-0.03248839780721201
17.580000000000002,0,0.00028408114987831694,0.00544120484227907,-0.005453281036643011,5.750721439157919e-05,0.0761193605775154
17.580000000000002,1,-0.0052713030173234905,-0.0024622864150975303,0.0025980043889869673,-0.001685625691435686,-0.032786384119929735
17.6,0,0.0003928621472334238,0.005436685703674472,-0.005453482995740553,7.885002915414968e-05,0.07603474982228847
17.6,1,-0.005321215545553236,-0.0025274598878824474,0.0025774324077076434,-0.0023108001340002467,-0.03307363829635402
17.62,0,0.0005015392399475497,0.005430776056533582,-0.0054535483284816316,9.136371633742396e-05,0.07593950107513273
17.62,1,-0.005372333662370637,-0.002582513781771763,0.0025650462233873755,-0.0028084397398760313,-0.03334675320492865
17.64,0,0.0006100827800910533,0.00542331783240116,-0.005453549413413393,9.342032295989872e-05,0.07583302933065633
17.64,1,-0.005424436993616071,-0.0026257544680371807,0.0025621805557298127,-0.003157235882959613,-0.03360332666956092
17.66,0,0.0007184615687940366,0.005414315578744146,-0.005453512652963462,8.485126486180994e-05,0.07571556683755623
17.66,1,-0.005477277871655709,-0.0026561578354016052,0.002569668094498431,-0.003344067122150074,-0.0338421425734724
17.68,0,0.0008266461280581518,0.005403934571844219,-0.005453415866749606,6.695399969136595e-05,0.0755881300061277
17.68,1,-0.005530595275708963,-0.002673416563584692,0.0025878044229082496,-0.0033645826225895785,-0.034063249267596116
17.7,0,0.00093461170648895,0.005392476459790773,-0.005453192224600728,4.229549957479595e-05,0.07545237493749603
17.7,1,-0.005584129244632261,-0.0026779399374510385,0.0026163448025154083,-0.003223230566865541,-0.034267928557449
17.72,0,0.001042340601648768,0.0053803361302032894,-0.005452740143155725,1.434221015732956e-05,0.07531036361268872
17.72,1,-0.005637634816364696,-0.0026708071883676738,0.002654532391537894,-0.002932740985990806,-0.03445855965115663
17.740000000000002,0,0.001149823482875196,0.0053679460965874864,-0.005451937772931209,-1.3029992968462134e-05,0.07516427534519327
17.740000000000002,1,-0.005690894606313971,-0.0026536791268971203,0.002701155204399693,-0.0025131147606389757,-0.03463839301592071
17.76,0,0.0012570595428091256,0.0053557163740195,-0.005450660096065672,-3.6076282918642844e-05,0.07501610551919165
17.76,1,-0.00574372926598482,-0.002628676091488508,0.0027546271343526535,-0.0019902073329433924,-0.03481125794789572
17.78,0,0.0013640554725632792,0.005343978343119274,-0.005448796318890939,-5.1698094120013194e-05,0.07486739489778985
17.78,1,-0.005796005249559181,-0.0025982326713742785,0.002813086824376891,-0.0013940235537613019,-0.0349812338454786
17.8,0,0.0014708234205840778,0.0053329404214170146,-0.00544626522135898,-5.786188930172187e-05,0.07471902778913993
17.8,1,-0.005847639541034388,-0.0025649410504983124,0.002874507206790008,-0.0007568566764753239,-0.03515231803050105
17.82,0,0.0015773782355101623,0.005322661586387389,-0.005443026417857576,-5.386470253622433e-05,0.07457112691195968
17.82,1,-0.005898601235780078,-0.002531395059733114,0.0029368082014812166,-0.00011140862565332116,-0.035328122210610276
17.84,0,0.00168373438925875,0.005313046191994397,-0.00543908604937135,-4.041180700928987e-05,0.07442305849493086
17.84,1,-0.005948910105026785,-0.002500046137782149,0.002997965363626455,0.0005109795283967482,-0.03551162545734684
17.86,0,0.0017899030152926884,0.005303860471752237,-0.005434496187103387,-1.949849981170565e-05,0.07427354510434303
17.86,1,-0.005998632478521461,-0.0024730805273905213,0.0030561081384687253,0.0010818770382866987,-0.03570500442175399
17.88,0,0.0018958894739551434,0.00529476806496826,-0.005429348078730279,5.884640643438743e-06,0.0741208682689122
17.88,1,-0.006047874941911135,-0.002452324414496808,0.0031096026939425635,0.0015770104851647211,-0.03590955228812004
17.900000000000002,0,0.0020016917761493027,0.005285379272059498,-0.005423760195128348,3.21794265926989e-05,0.07396313038224027
17.900000000000002,1,-0.006096776449487543,-0.002439180667270384,0.0031571159035559235,0.0019771584292550062,-0.03612568777104038
17.92,0,0.002107300070812011,0.0052753069051359085,-0.005417862726573679,5.5759285341613896e-05,0.0737985373865611
17.92,1,-0.006145499494566239,-0.002434597697654365,0.003197658764164535,0.002268677718288068,-0.03635304548544918
17.94,0,0.00221269724910254,0.005264220798340051,-0.005411780641113729,7.342972513552787e-05,0.07362566145162519
17.94,1,-0.006194220960774399,-0.0024390680920165536,0.003230609178970962,0.0024436771282936587,-0.03659063041652541
17.96,0,0.0023178605609776365,0.0052518933738537376,-0.005405617593453075,8.286074329345167e-05,0.07344364649065888
17.96,1,-0.006243123206118966,-0.002452652336370921,0.00325571545871186,0.002499880253327088,-0.03683701296251998
17.98,0,0.0024227640001022936,0.005238230056484584,-0.005399442839014901,8.289252233893013e-05,0.07325232826844524
17.98,1,-0.006292385821330883,-0.0024750214133386766,0.003273082974386633,0.002440238016670253,-0.037090537803411726
18.0,0,0.0025273811102118587,0.005223280574717687,-0.005393282885409136,7.367438026578688e-05,0.07305225366578183
18.0,1,-0.006342178371429918,-0.0025055113885971733,0.0032831470630565345,0.0022723605355005685,-0.037349519975860994
18.02,0,0.002631687813869177,0.005207229945230283,-0.0053871189616622964,5.6620791910488855e-05,0.07284459844131347
18.02,1,-0.0063926542927261205,-0.002543183337334651,0.0032866355290163468,0.0020078381954088086,-0.03761240491809392
18.04,0,0.0027356648693926135,0.005190370810908079,-0.005380890593953489,3.41939533784405e-05,0.07263099739933468
18.04,1,-0.006443945993518698,-0.0025868829797770733,0.0032845239343791285,0.0016615136854550398,-0.03787787540233406
18.06,0,0.002839299621726058,0.005173061381126096,-0.005374504753018603,9.54620761547953e-06,0.07241331312814986
18.06,1,-0.006496161109421576,-0.002635295999281883,0.0032779864199946026,0.001250752390278248,-0.03814489638022461
18.080000000000002,0,0.002942586818586268,0.005155675149497443,-0.005367849293964424,-1.3925601975731117e-05,0.07219337769493994
18.080000000000002,1,-0.006549379802676279,-0.0026869969408558105,0.0032683441564238486,0.000794740607638126,-0.038412697779619476
18.1,0,0.003045528398533484,0.005138549580659401,-0.005360808843473592,-3.305064043259559e-05,0.0719727447696642
18.1,1,-0.0066036529724564285,-0.0027404915354692703,0.003257012827857049,0.0003138225604862356,-0.03868070405705602
18.12,0,0.003148132302995624,0.005121940940839972,-0.005353280976837675,-4.5314100486110176e-05,0.07175248727224572
18.12,1,-0.006659001257552344,-0.002794253977236634,0.003245449928970472,-0.00017112896663930635,-0.038948426714673565
18.14,0,0.0032504104990854752,0.005105991422967976,-0.005345190507724068,-4.91883437499091e-05,0.07153306826530156
18.14,1,-0.006715414756090775,-0.0028467618525518075,0.003235102214750155,-0.0006393248426569582,-0.039215341093068345
18.16,0,0.0033523765056054323,0.005090712853986992,-0.005336499987050275,-4.432167864025505e-05,0.07131430163445815
18.16,1,-0.006772853447079115,-0.002896531915240174,0.0032273534598828897,-0.0010706759110405487,-0.03948077090232189
18.18,0,0.003454042776824135,0.005075988852558178,-0.005327215034350878,-3.1561884136832585e-05,0.07109540581995132
18.18,1,-0.006831248361158097,-0.002942159650380696,0.0032234727858050454,-0.0014464322326086,-0.03974380287272114
18.2,0,0.0035554183097754035,0.005061594683960595,-0.0053173838323570975,-1.2814883887816986e-05,0.07087514045933616
18.2,1,-0.006890503598275542,-0.0029823646094343905,0.0032245641792499,-0.0017498548104292015,-0.04000324972165227
18.22,0,0.0036565068006879377,0.005047231609751855,-0.005307090906353126,9.238324135074638e-06,0.0706520042123909
18.22,1,-0.006950499315129005,-0.0030160419709462675,0.0032315183892671915,-0.001966914729318033,-0.040257672863929714
18.240000000000002,0,0.003757305591645321,0.005032570592608656,-0.005296446077075477,3.152440455490846e-05,0.07042446389196627
18.240000000000002,1,-0.00701109579593203,-0.00304231890935715,0.003244969046174329,-0.0020869969402457604,-0.04050546779075434
18.26,0,0.0038578055326949435,0.005017299050291934,-0.005285570116512513,5.1005302803421027e-05,0.07019118140128366
18.26,1,-0.00707213867221594,-0.003060612420305753,0.003265255468757905,-0.0021035679969429073,-0.040745005887337635
18.28,0,0.003957991754422299,0.005001164099572575,-0.005274579064971527,6.509111941848528e-05,0.06995120627459755
18.28,1,-0.007133465272744789,-0.0030706835547959404,0.0032923950829198897,-0.0020147519395047504,-0.04097481782763841
18.3,0,0.0040578452200714845,0.004984006401053808,-0.005263569329502786,7.198211089289724e-05,0.06970410750386041
18.3,1,-0.007194911970831984,-0.0030726818375886693,0.003326068546841202,-0.0018237490206482639,-0.0411937967055931
18.32,0,0.004157344822084036,0.0049657801885486744,-0.005252605558971092,7.089481808509462e-05,0.06945002782159634
18.32,1,-0.007256322266141654,-0.003067173210683036,0.0033656204764442644,-0.0015390302727422284,-0.041401394676820275
18.34,0,0.004256469719351562,0.004946557111927324,-0.005241712899224886,6.214434859284218e-05,0.06918965521838968
18.34,1,-0.007317555207804415,-0.0030551452859297816,0.0034100780471551734,-0.0011742482753244639,-0.041597785727692474
18.36,0,0.004355201587031665,0.004926513836436733,-0.005230874628127362,4.707525168142629e-05,0.06892411845843283
18.36,1,-0.007378493653381259,-0.0030379850378440677,0.003458188723898703,-0.0007478210243081797,-0.041783969505508764
18.38,0,0.004453526472523489,0.004905905592347911,-0.005220035437830899,2.7854317880833535e-05,0.06865482397498993
18.38,1,-0.007439051781235375,-0.0030174262283147973,0.0035084770067349115,-0.00028217044167688776,-0.041961796754730274
18.400000000000002,0,0.0045514360146778,0.004885029743820703,-0.005209109870244951,7.157122369164104e-06,0.06838325929112067
18.400000000000002,1,-0.007499181246661628,-0.0029954666294044426,0.0035593184911258324,0.0001973724087189141,-0.04213390522038111
18.42,0,0.004648927878379393,0.004864184695517213,-0.0051979947237659535,-1.2206258551486493e-05,0.06811079199579247
18.42,1,-0.007558875404190584,-0.00297425821019552,0.0036090278853190753,0.0006639500237695974,-0.042303564966506876
18.44,0,0.004746005369066354,0.004843629926285803,-0.005186583726737299,-2.7673918627291183e-05,0.06783849288662853
18.44,1,-0.007618171112941862,-0.0029559765333240576,0.0036559560809983015,0.0010907712772487768,-0.04247444274378558
18.46,0,0.004842676305379699,0.0048235525921771815,-0.005174782484433926,-3.727109310736748e-05,0.0675670073835879
18.46,1,-0.007677147794718254,-0.002942678304258587,0.0036985901175933785,0.0014528087959844171,-0.04265030505560463
18.48,0,0.004938951327197786,0.004804045053044462,-0.005162521688185857,-3.986078239087698e-05,0.06729649152501334
18.48,1,-0.007735923614622875,-0.002936157995497805,0.003735649076709913,0.001728475761173319,-0.04283468769814259
18.5,0,0.0050348418876160475,0.004785096025790002,-0.005149766827454242,-3.527466784165878e-05,0.06702661902890168
18.5,1,-0.007794648884149007,-0.0029378154597514447,0.003766168713224536,0.001901148332237139,-0.043030564768757364
18.52,0,0.005130358212130423,0.00476659610282503,-0.005136523131832286,-2.43100969855789e-05,0.06675665553653601
18.52,1,-0.007853497025324105,-0.002948546283024716,0.003789568040833888,0.001960403792002151,-0.043240051754348176
18.54,0,0.005225507502925426,0.00474835638060056,-0.005122835122575171,-8.597442359564722e-06,0.06648558677076741
18.54,1,-0.007912653657829677,-0.002968665266470663,0.003805692144164141,0.0019028613149395072,-0.04346417504552878
18.56,0,0.005320292622987056,0.004730137197241718,-0.005108780883174241,9.640509965873345e-06,0.06621228025141818
18.56,1,-0.007972304555759906,-0.00299787095373618,0.0038148271206917056,0.001732540890808723,-0.04370273424311524
18.580000000000002,0,0.005414711421133015,0.004711682711879405,-0.005094461866958797,2.790162501076915e-05,0.06593565634130091
18.580000000000002,1,-0.008032623346577615,-0.003035255753286538,0.003817685133993744,0.0014606939916616338,-0.043954274537673164
18.6,0,0.005508756766264071,0.00469275642660052,-0.005079989651819587,4.374580659856353e-05,0.06565484416580872
18.6,1,-0.008093759877025182,-0.003079362262652559,0.003815359904117455,0.0011051035517416798,-0.04421617522887751
18.62,0,0.0056024172606570785,0.004673172815773804,-0.005065471449491339,5.511819430579351e-05,0.06536930122652745
18.62,1,-0.008155830141569028,-0.003128282274525136,0.003809255356656705,0.0006888965041364666,-0.04448484834748838
18.64,0,0.005695678511628398,0.004652820948603262,-0.005050996327860887,6.061160101082652e-05,0.06507888167943485
18.64,1,-0.008218908558895153,-0.0031797910524916165,0.0038009923737742832,0.00023895496953109385,-0.044756029704413725
18.66,0,0.005788524770398209,0.0046316772416474675,-0.0050366239914595426,5.9635136514579745e-05,0.06478384624654997
18.66,1,-0.008283023199812164,-0.0032315062085970553,0.0037923004247731895,-0.00021595208667314625,-0.04502513483368563
18.68,0,0.0058809407052163925,0.004609806063902326,-0.005022377605253405,5.246956315063667e-05,0.06448481533148193
18.68,1,-0.008348154331916728,-0.003281058234963517,0.0037849021229982524,-0.0006471699497152157,-0.045287645339774016
18.7,0,0.005972913067182776,0.0045873486059928885,-0.005008241590598719,4.0205641350571364e-05,0.06418267484254987
18.7,1,-0.008414236374626526,-0.0033262586760550578,0.0037803993362208158,-0.0010281335661529584,-0.04553948789861785
18.72,0,0.006064432031397581,0.0045645019821061025,-0.0049941646461713635,2.4577367241963854e-05,0.06387845038224348
18.72,1,-0.008481163078311508,-0.00336525218813969,0.0037801693131425712,-0.0013361616641355857,-0.04577736896982007
18.740000000000002,0,0.0061554920483480186,0.0045414917532166105,-0.004980067542582825,7.715498610505467e-06,0.06357316904642205
18.740000000000002,1,-0.008548795479715121,-0.0033966402895179017,0.0037852783966587757,-0.0015539309898714403,-0.045999033063379186
18.76,0,0.006246092112432427,0.004518541794120235,-0.004965854601977319,-8.14359878337223e-06,0.06326772871646666
18.76,1,-0.008616971967156595,-0.0034195672940206495,0.0037964193639241895,-0.0016705214942535143,-0.04620342062203558
18.78,0,0.00633623543564707,0.0044958456000505995,-0.004951427288110948,-2.095409859890346e-05,0.06296279249930731
18.78,1,-0.008685519633122378,-0.003433762458090276,0.003813876414673231,-0.0016819621204805027,-0.04639071229278336
18.8,0,0.00642592859342334,0.0044735427467656646,-0.004936698062124231,-2.9122910798297375e-05,0.06265872136551759
18.8,1,-0.00875426601218596,-0.0034395363894321263,0.00383751951864972,-0.0015912511015698239,-0.046562258350479946
18.82,0,0.006515180275994274,0.0044517033615207495,-0.004921602638873891,-3.1704803474856547e-05,0.06235555186476535
18.82,1,-0.008823050304237683,-0.003437733849191032,0.003866827450724292,-0.0014078699413860203,-0.04672040394728842
18.84,0,0.006603999824318577,0.004430322271497445,-0.00490610900893238,-2.850724988525538e-05,0.06205301905084948
18.84,1,-0.008891733263923155,-0.0034296488178091693,0.0039009366096105576,-0.0011468520893518595,-0.04686823135997652
18.86,0,0.006692395749542284,0.0044093231481660165,-0.004890222039239694,-2.0094362744596528e-05,0.061750618437068826
18.86,1,-0.008960205086301081,-0.003416910721981546,0.003938710832274741,-0.0008275017710981762,-0.04700924833664347
18.88,0,0.006780374427969831,0.004388571648403035,-0.004873983069046711,-7.692730520814095e-06,0.06144769580816331
18.88,1,-0.009028390818860189,-0.003401352757525824,0.003978826038264859,-0.0004718824442568499,-0.04714705616110469
18.900000000000002,0,0.0068679391319229136,0.004367895438071027,-0.004857464594986665,6.985467551984259e-06,0.06114355066544239
18.900000000000002,1,-0.009096253059538957,-0.00338487412676397,0.004019862766257078,-0.00010320605331772328,-0.04728503172137785
18.92,0,0.006955089506158507,0.004347108205499515,-0.004840760798413326,2.1976602682570456e-05,0.060837538274310626
18.92,1,-0.00916379193564491,-0.0033693077057217235,0.004060399533781228,0.00025574682859407644,-0.047426054708698206
18.94,0,0.00704182153733973,0.004326034411894071,-0.004823975221227869,3.532510333328215e-05,0.06052915666318372
18.94,1,-0.009231042576591382,-0.003356303262769496,0.004099100428907866,0.000584058874672902,-0.04757230455344585
18.96,0,0.007128127999068513,0.004304531603743686,-0.004807207269875511,4.5334336611482784e-05,0.06021810811580011
18.96,1,-0.0092980704742982,-0.0033472340778251566,0.004134791338768627,0.0008638655894551948,-0.04772514267900739
18.98,0,0.007213999295675511,0.00428250759063085,-0.004790539372255373,5.0777176466100526e-05,0.0599043290923658
18.98,1,-0.009364965254230173,-0.0033431319581064133,0.004166520596836661,0.0010812378439966457,-0.04788508525748643
19.0,0,0.007299424581521175,0.004259930583002177,-0.004774026511159194,5.104079366147207e-05,0.05958798736836901
19.0,1,-0.009431833449187204,-0.0033446525597807084,0.00419360142292721,0.0012267253174319086,-0.04805186115436183
19.02,0,0.007384393004075403,0.004236831366994683,-0.0047576895258788264,4.618938984869703e-05,0.059269449748076866
19.02,1,-0.009498790876002833,-0.003352069958332221,0.004215635162400957,0.0012955609904797376,-0.048224540407130825
19.04,0,0.007468894910980518,0.004213297630527897,-0.004741513056984017,3.6939470297418786e-05,0.05894922735709313
19.04,1,-0.009565955167929732,-0.0033652968821977205,0.004232515841253319,0.0012875551294243212,-0.04840171148019241
19.06,0,0.0075529228734026056,0.004189461513399087,-0.004725448378598756,2.455338030362547e-05,0.0586279078072836
19.06,1,-0.009633438924062423,-0.0033839251804678614,0.004244417808268377,0.0012067289325723984,-0.04858168145912246
19.080000000000002,0,0.007636472407494858,0.004165482221317177,-0.00470942070324043,1.0666830284659923e-05,0.058306084268155825
19.080000000000002,1,-0.009701343817015522,-0.00340728008402182,0.004251769143529753,0.0010607515080477692,-0.04876267268435325
19.1,0,0.007719542318047242,0.0041415260398642425,-0.004693339945148243,-2.9261779643866004e-06,0.05798429073606377
19.1,1,-0.009769755868432614,-0.0034344816761408526,0.004255214033689863,0.0008602485686267612,-0.048942992034598704
19.12,0,0.007802134637489131,0.004117746269354316,-0.0046771134690984555,-1.4503079464406321e-05,0.05766295085042483
19.12,1,-0.00983874197552841,-0.0034645076379529833,0.004255567458672234,0.0006180477572705484,-0.04912115468861231
19.14,0,0.007884254183069487,0.00409426547653229,-0.004660659093757327,-2.2628229040512482e-05,0.05734234490049257
19.14,1,-0.00990834766503774,-0.003496252604033825,0.004253765357159421,0.00034841543936029937,-0.049295951895833856
19.16,0,0.007965907799386125,0.004071162061844081,-0.004643916595094633,-2.6327833060807437e-05,0.057022596698877936
19.16,1,-0.009978595973742137,-0.003528581112318068,0.004250813028416972,6.632542582125922e-05,-0.04946646099827421
19.18,0,0.008047103387652046,0.004048462537844554,-0.004626856168048076,-2.5203717598634712e-05,0.05670367924742239
19.18,1,-0.010049487312003237,-0.0035603728834192336,0.004247733993665845,-0.0002132158842753397,-0.049632004483593936
19.2,0,0.00812784884387217,0.004026140188993038,-0.004609482723552812,-1.9473319982331316e-05,0.05638543596588487
19.2,1,-0.010121000157725065,-0.0035905607444134935,0.0042455209913346776,-0.00047577835041424585,-0.04979207207137466
19.22,0,0.008208151033912455,0.0040041200254125366,-0.004591835465759324,-9.93256547128507e-06,0.056067612921246804
19.22,1,-0.01019309244705686,-0.003618162688882806,0.004245090312897454,-0.0007080528554258975,-0.04994622478893339
19.240000000000002,0,0.008288014924494354,0.003982289238224728,-0.00457398283360975,2.1522945520269232e-06,0.055749897040594174
19.240000000000002,1,-0.010265703565126903,-0.003642310178193691,0.004247240367710047,-0.0008983404559489601,-0.050094002038762714
19.26,0,0.00836744296723954,0.003960511783499,-0.004556013515549321,1.520935926752065e-05,0.055431955609718475
19.26,1,-0.010338756883056018,-0.003662274771020989,0.004252615227628038,-0.0010369952452786609,-0.05023485154901518
19.28,0,0.008446434801069722,0.00393864531807866,-0.00453802477204472,2.7561222772448657e-05,0.055113473230328794
19.28,1,-0.010412162823979994,-0.003677494552171155,0.004261673936421335,-0.001116825722238736,-0.05036809800815743
19.3,0,0.008524987300409553,0.003916558513781049,-0.00452010965745888,3.763564445995182e-05,0.05479418354847473
19.3,1,-0.010485822459990895,-0.0036876007458791597,0.004274666528860542,-0.0011334507491257695,-0.05049295969318247
19.32,0,0.008603094957001251,0.0038941467944881036,-0.004502344873431424,4.416092589738102e-05,0.05447389419693607
19.32,1,-0.010559631636326686,-0.0036924435470082756,0.004291617914472849,-0.0010855952459113277,-0.05060861441220453
19.34,0,0.00868075054591688,0.0038713447606737064,-0.004484780892270223,4.632235178282651e-05,0.05415250429764906
19.34,1,-0.01063348558593852,-0.0036921148365737636,0.00431232094963565,-0.0009753000015360509,-0.050714307710496634
19.36,0,0.008757945995313713,0.00384813395791136,-0.004467435674599666,4.3860980838715535e-05,0.053830014429920324
19.36,1,-0.010707283939065159,-0.0036869643267496244,0.00433634005626359,-0.0008080118629348182,-0.05080948871155992
19.38,0,0.008834673357644299,0.0038245451665677725,-0.004450292813903219,3.710314747402271e-05,0.053506529184474794
19.38,1,-0.01078093595596978,-0.0036776050383874,0.004363026568250771,-0.0005925172689412936,-0.050893953268482305
19.400000000000002,0,0.008910925769467542,0.0038006549868632336,-0.004433304338627523,2.6917422383747336e-05,0.05318225239370152
19.400000000000002,1,-0.010854365727966076,-0.0036649040219776004,0.00439154654968721,-0.00034068517001576565,-0.05096797113767064
19.42,0,0.008986698288668141,0.003776577109486815,-0.004416397771796561,1.4604508165844132e-05,0.05285747502464957
19.42,1,-0.010927517016257058,-0.0036499549723295224,0.004420921122948769,-6.699545379380487e-05,-0.051032374158819505
19.44,0,0.009061988511576151,0.0037524492387320187,-0.004399486473829787,1.7336101036970197e-06,0.05253255573214456
19.44,1,-0.01100035734450361,-0.003634030834553359,0.004450078406014855,0.00021215432797866765,-0.051088586011725695
19.46,0,0.00913679689683926,0.0037284171172851867,-0.004382481853798454,-1.00547071732425e-05,0.052207894349165854
19.46,1,-0.011072880942459477,-0.003618516524285155,0.004477915066227937,0.0004793493223697355,-0.051138580662361904
19.48,0,0.009211126755545114,0.003704617440744734,-0.004365305786742634,-1.925504421274038e-05,0.05188389921463902
19.48,1,-0.011145110163916177,-0.0036048242649773764,0.004503364367565002,0.0007172256361552901,-0.05118476534583856
19.5,0,0.009284983904755096,0.0036811616078003947,-0.004347901552774295,-2.468766243975476e-05,0.051560950171645276
19.5,1,-0.011217095076857074,-0.0035942964881981562,0.004525466558647591,0.0009096429547175086,-0.0512297937894917
19.52,0,0.009358376020412782,0.0036581222055391007,-0.00433024181981712,-2.5649289739741732e-05,0.051239360167287154
19.52,1,-0.011288911045174755,-0.0035881034259876788,0.004543436663334539,0.001042877138840645,-0.05127632510266815
19.54,0,0.009431311761360564,0.0036355238735214556,-0.004312332597486101,-2.2005187072234728e-05,0.05091933941637261
19.54,1,-0.011360654281170087,-0.003587144133556515,0.004556724325874464,0.0011067342056406033,-0.05132675207543182
19.56,0,0.009503799764870452,0.003613339740795831,-0.0042942126393926755,-1.4210407742683978e-05,0.050600966778884315
19.56,1,-0.01143243553210217,-0.0035919604532435546,0.0045650604277478815,0.0010954820554792029,-0.05138292840088897
19.580000000000002,0,0.009575847632135924,0.003591494024314701,-0.004275948390305274,-3.2567458660461013e-06,0.050284173086271866
19.580000000000002,1,-0.011504372253644103,-0.0036026731917981275,0.004568485785942991,0.0010085020321919935,-0.05144592671736578
19.6,0,0.009647461027003429,0.003569870673177079,-0.0042576251790861245,9.448972138396267e-06,0.049968740452340704
19.6,1,-0.011576579797184152,-0.0036189484725922478,0.004567358357425448,0.0008505792952403224,-0.05151585791153179
19.62,0,0.00971864300160029,0.00354832721513709,-0.004239335866275666,2.2260942830112235e-05,0.04965432006908915
19.62,1,-0.011649162275529664,-0.0036399999103425046,0.004562336945593529,0.0006317781089923424,-0.05159177685378741
19.64,0,0.009789393638793864,0.0035267122940777747,-0.004221168497914341,3.350339254096918e-05,0.04934046872454788
19.64,1,-0.011722203854393761,-0.0036646291323411653,0.004554341307404121,0.00036688329824381,-0.051671691151020126
19.66,0,0.009859710065656538,0.003504884864508957,-0.00420319464846958,4.168654510390904e-05,0.04902670155802148
19.66,1,-0.011795761231747161,-0.00369130353913207,0.004544490623504038,7.442897473019378e-05,-0.05175267852257918
19.68,0,0.009929586847988978,0.0034827327064969097,-0.004185460038084314,4.5702102882662354e-05,0.048712555788074076
19.68,1,-0.011869858007240284,-0.0037182664372902327,0.004534024317061306,-0.00022462384522262818,-0.051831106276840636
19.7,0,0.009999016728453857,0.0034601878958352623,-0.0041679786963690745,4.497276049024446e-05,0.048397657781203425
19.7,1,-0.011944481510965518,-0.0037436711997296673,0.004524210980479957,-0.0005084622902307295,-0.05190293450598461
19.72,0,0.010067991625769069,0.0034372371334790443,-0.004150731459426454,3.953553125266712e-05,0.048081784337453956
19.72,1,-0.012019582464546949,-0.003765728313353353,0.004516252498024696,-0.0007561219395740698,-0.051964074447372874
19.740000000000002,0,0.010136503775593431,0.003413925392276108,-0.00413366899493542,3.0046669181528485e-05,0.04776490882268398
19.740000000000002,1,-0.012095077605060003,-0.0037828523973650633,0.00451119117919162,-0.0009491673297441008,-0.052010766233366784
19.76,0,0.010204546870449357,0.003390352126009803,-0.004116718932558732,1.7705789382177484e-05,0.047447223974755065
19.76,1,-0.012170855136527853,-0.00379379575318185,0.004509827741545688,-0.0010732036497170666,-0.052039936894828845
19.78,0,0.01027211705010404,0.0033666602183215133,-0.004099796117759585,4.107228985517769e-06,0.04712913582751567
19.78,1,-0.01224678261105561,-0.0037977558408313268,0.004512657271597593,-0.0011190812901639424,-0.05204950048147463
19.8,0,0.010339213607076788,0.003343018812992033,-0.004082814582450208,-8.963582668827103e-06,0.04681122696455729
19.8,1,-0.012322716608963436,-0.00379444622111424,0.004519828892563803,-0.0010836796043347738,-0.052038567491264585
19.82,0,0.010405839303714933,0.0033196020348047633,-0.004065699593548208,-1.9763259346643886e-05,0.04649419174661333
19.82,1,-0.01239851340908262,-0.0037841237654546236,0.0045311328959612,-0.000970192790995271,-0.05200753992536945
19.84,0,0.010472000244399935,0.0032965662577638306,-0.004048398132090342,-2.682299808561689e-05,0.04617875060677924
19.84,1,-0.012474039736038545,-0.0037675689965970534,0.0045460167294884704,-0.0007878857377793536,-0.05195808021457939
19.86,0,0.010537705303428058,0.003274028902129356,-0.004030886372127754,-2.9149638274755113e-05,0.04586555426808574
19.86,1,-0.012549182652820711,-0.0037460208700508904,0.004563628700271684,-0.0005513365148647961,-0.05189295566584766
19.88,0,0.010602965168775685,0.0032520516785980937,-0.0040131731405878895,-2.6367649540726124e-05,0.04555509114991404
19.88,1,-0.012623857737367305,-0.003721071677169113,0.004582885795046903,-0.00027923004353912206,-0.051815773436828465
19.900000000000002,0,0.01066779111631121,0.003230630731958229,-0.00399529889033383,-1.8781550473599695e-05,0.045247611797888804
19.900000000000002,1,-0.01269801483512475,-0.0036945315878879467,0.004602559877208776,7.1906076834285515e-06,-0.05173063283811469
19.92,0,0.010732193670311793,0.0032096953084329535,-0.003977330333449241,-7.348339958114514e-06,0.04494308265801946
19.92,1,-0.012771640900738008,-0.003668275250882054,0.00462137490460677,0.0002858771257040066,-0.05164173063805277
19.94,0,0.010796181328005012,0.0031891154753661702,-0.003959351476227814,6.438657971001571e-06,0.04464117799715538
19.94,1,-0.012844759709202994,-0.0036440845275807973,0.004638106878675588,0.0005357766030620395,-0.05155295998919321
19.96,0,0.010859759524260968,0.003168718197511884,-0.00394145229006798,2.0741114237818326e-05,0.04434131365092856
19.96,1,-0.012917428503209814,-0.0036235016845191093,0.0046516780728846786,0.000738520466954079,-0.05146754405022161
19.98,0,0.01092292998656032,0.00314830988636176,-0.003923716575936242,3.3618166258787135e-05,0.04404272024280585
19.98,1,-0.012989731920384134,-0.0036077061889799485,0.00466123770624608,0.0008798546606708507,-0.051387741306390136
20.0,0,0.010985690582401687,0.0031277025575515657,-0.0039062106898519714,4.328836509800288e-05,0.043744547440623914
20.0,1,-0.013061773784268756,-0.003597425782899484,0.004666222556618951,0.0009506905239018912,-0.05131465148449467
20.02,0,0.011048035697068798,0.003106740106323825,-0.003888974677787444,4.83758482890638e-05,0.04344598564024449
20.02,1,-0.013133667522911166,-0.00359288902418194,0.004666392908998884,0.0009476934322630304,-0.05124813977081019
20.04,0,0.011109957107437226,0.003085321049177744,-0.003872017036664268,4.810664131294634e-05,0.04314638804717547
20.04,1,-0.013205526082180338,-0.00359382236307109,0.004661841511083217,0.0008733709949947238,-0.051186884077989984
20.06,0,0.011171445247097015,0.0030634144270099938,-0.0038553138191638548,4.2426878471481244e-05,0.04284537509966843
20.06,1,-0.013277452219072148,-0.0035994905059526594,0.004652975633809451,0.000735669785461468,-0.0511285368687987
20.080000000000002,0,0.011232490699547595,0.0030410663958708737,-0.0038388122022917893,3.202470482738945e-05,0.042542904837364844
20.080000000000002,1,-0.01334952999395996,-0.003608774763234126,0.004640474671066867,0.0005471343578492133,-0.051069981043126975
20.1,0,0.011293085718403434,0.0030183962492893054,-0.003822438025159297,1.82504281117761e-05,0.042239297061938505
20.1,1,-0.013421818139439856,-0.003620280695612161,0.004625227739462447,0.0003237202372320738,-0.05100764997580233
20.12,0,0.011353225562684083,0.002995582063516556,-0.0038061062548078823,2.943442302755228e-06,0.041935205446929025
20.12,1,-0.013494345784039031,-0.003632463993013188,0.004608257273970463,8.338007468140785e-05,-0.05093787597686604
20.14,0,0.011412909454005499,0.002972837635815109,-0.003789732935441062,-1.1812370378918441e-05,0.041631539271790446
20.14,1,-0.01356711077395818,-0.0036437623520215153,0.00459063553341607,-0.00015544311721720633,-0.05085722981108401
20.16,0,0.011472141009347693,0.0029503836842714706,-0.003773246971884007,-2.397250861390504e-05,0.041329344088414495
20.16,1,-0.013640080590368338,-0.003652721230138456,0.004573401173753046,-0.00037528068988203905,-0.050762816532056346
20.18,0,0.011530928072434653,0.0029284172006144903,-0.0037566001208947145,-3.181640574424424e-05,0.04102965721434711
20.18,1,-0.013713195628691804,-0.0036581026750210333,0.004557482630657915,-0.000560938124887736,-0.05065249932540673
20.2,0,0.011589281949535027,0.002907083246573557,-0.0037397738112235853,-3.419297778268354e-05,0.04073335842981248
20.2,1,-0.013786374412070463,-0.003658968750464973,0.004543634055853792,-0.0007005300683134985,-0.050525032438196116
20.22,0,0.011647216140281972,0.0028864532810614955,-0.003722781851208261,-3.069192088637346e-05,0.04044103785574731
20.22,1,-0.013859520171026596,-0.003654734103371825,0.004532388107717418,-0.0007861820550941478,-0.05038009539211141
20.240000000000002,0,0.011704744728791254,0.0028665133063654215,-0.0037056686509549766,-2.1715047731258458e-05,0.040152901336847166
20.240000000000002,1,-0.013932528145522755,-0.003645185570162118,0.004524028176718033,-0.0008143658268699797,-0.05021823215539968
20.26,0,0.011761880653810208,0.002847163820401635,-0.003688503206425843,-8.435375264351924e-06,0.03986872886088724
20.26,1,-0.01400529295701305,-0.0036304700231687493,0.0045185808166811,-0.0007858709239200734,-0.05004070940044242
20.28,0,0.011818634100414194,0.0028282319298296712,-0.003671369679305976,7.352803872963387e-06,0.03958789421374243
20.28,1,-0.014077715451972075,-0.003611054552525739,0.004515827434974064,-0.0007054475488477638,-0.04984931618651258
20.3,0,0.011875011245450397,0.0028094942411847857,-0.003654355878141819,2.3474164025961974e-05,0.03930944521256104
20.3,1,-0.01414970852364969,-0.0035876652814802504,0.004515332824793076,-0.0005811814586350675,-0.04964613248208844
20.32,0,0.011931013544888848,0.0027907075535666785,-0.0036375412374456207,3.767098529182736e-05,0.03903223476464167
20.32,1,-0.014221201559539778,-0.0035612124373315497,0.0045164870168208785,-0.0004236787233445824,-0.04943329539929711
20.34,0,0.011986637678779432,0.0027716431638745956,-0.0036209859616333903,4.791925507815348e-05,0.038755085039166186
20.34,1,-0.014292143319820693,-0.0035327096775855274,0.004518556251704583,-0.00024514564107695064,-0.04921278984512043
20.36,0,0.012041876178251854,0.0027521199533713553,-0.003604722839743988,5.2717884517494706e-05,0.03847696146268148
20.36,1,-0.014362503208195296,-0.003503195151155178,0.004520738642145319,-5.8447167166658653e-05,-0.04898628494900583
20.38,0,0.012096718661605426,0.002732031464322384,-0.0035887528668493043,5.1309513114272676e-05,0.0381971309873991
20.38,1,-0.014432271034582047,-0.0034736605125206647,0.004522220267536003,0.00012378276781634806,-0.048755029943105654
20.400000000000002,0,0.012151153516980706,0.0027113629128249217,-0.0035730452799569317,4.3800188566284204e-05,0.03791528059098262
20.400000000000002,1,-0.014501455476380579,-0.0034449923368674155,0.004522227948573923,0.0002899215437552616,-0.048519814259899076
20.42,0,0.012205169800629903,0.002690195431914115,-0.0035575420031395445,3.115890173694541e-05,0.037631577145060664
20.42,1,-0.014570081514139202,-0.003417928384665617,0.004520075681170042,0.00042999031846137695,-0.04828098770378002
20.44,0,0.01225875908296244,0.0026686966183290606,-0.003542165883675257,1.5094684057845309e-05,0.037346657972549005
20.44,1,-0.014638187146651525,-0.003393029218159289,0.004515202554703987,0.0005361197824871253,-0.04803852883671717
20.46,0,0.012311916975568283,0.0026470984188307406,-0.0035268315733953106,-2.173594167848014e-06,0.037061551457798214
20.46,1,-0.014705819683459737,-0.0033706640297809,0.004507200830902618,0.0006028477661221519,-0.04779214418305476
20.48,0,0.01236464411217821,0.0026256652553656675,-0.0035114575407588157,-1.8223941662932897e-05,0.036777537516782276
20.48,1,-0.014773031877490402,-0.0033510083883230915,0.004495833627048152,0.0006272607323302218,-0.0475413781688535
20.5,0,0.01241694643022112,0.002604656776918967,-0.0034959775409942706,-3.0772133416564346e-05,0.0364959670102821
20.5,1,-0.014839878107991365,-0.0033340510404530383,0.004481042270488533,0.0006089995562527789,-0.047285714122595315
20.52,0,0.012468834697394576,0.0025842905114462113,-0.0034803499463317037,-3.799869550115756e-05,0.03621806585574812
20.52,1,-0.01490641076596927,-0.003319606924566387,0.004462943844020331,0.000550153053192972,-0.047024649997122386
20.54,0,0.012520323335801437,0.0025647098283768585,-0.003464563635856105,-3.8814984454009493e-05,0.03594475258173003
20.54,1,-0.014972676941944551,-0.0033073340717107032,0.004441819730440554,0.0004550611401366797,-0.04675773814408653
20.56,0,0.012571428699177002,0.002545961971920156,-0.003448639623695879,-3.302921284155727e-05,0.03567649681972375
20.56,1,-0.015038715477483578,-0.0032967529216834774,0.004418096123895943,0.00033004467674547025,-0.04648458558031415
20.580000000000002,0,0.012622167041365123,0.002527989563965193,-0.003432628198533867,-2.138692129815406e-05,0.03541324081681086
20.580000000000002,1,-0.015104554422314636,-0.003287267563227073,0.004392317558095994,0.0001830727529251279,-0.04620481863810415
20.6,0,0.012672552463944928,0.0025106370857394143,-0.003416601973991707,-5.47798579358591e-06,0.03515439718614538
20.6,1,-0.015170208938224853,-0.0032781892956512022,0.004365114565456939,2.33724195277292e-05,-0.045918022558644564
20.62,0,0.012722595139745137,0.002493671694937486,-0.0034006458208070906,1.2478688785334119e-05,0.034898925040339465
20.62,1,-0.015235679705490324,-0.003268763508772691,0.004337166678691157,-0.00013901766331590043,-0.045623671459501774
20.64,0,0.012772300074720768,0.0024768156301835293,-0.003384845087947034,2.9943833015848298e-05,0.03464547498955356
20.64,1,-0.01530095191000404,-0.0032582010469989417,0.0043091621515219895,-0.0002937482233406827,-0.0453210664346445
20.66,0,0.012821666597404316,0.0024597857079977545,-0.0033692737596679226,4.4416937010981206e-05,0.034392582974957585
20.66,1,-0.01536599491014167,-0.003245714897575191,0.00428175601696123,-0.0004307096193685647,-0.04500929894668411
20.68,0,0.012870688662802247,0.0024423342935441243,-0.0033539842051906526,5.379494987542768e-05,0.03413888515974231
20.68,1,-0.015430762691949049,-0.0032305622474009528,0.004255528400109076,-0.0005406182770176619,-0.04468725318659568
20.7,0,0.012919355940598067,0.0024242858037858113,-0.003338999955421531,5.667890884899704e-05,0.03388332234415237
20.7,1,-0.015495195211037977,-0.0032120907994921126,0.00423094531097852,-0.0006156160251141393,-0.04435365516777544
20.72,0,0.012967655542713242,0.002405563344157055,-0.0033243125178173713,5.258355573440829e-05,0.033625303262464365
20.72,1,-0.015559220684227187,-0.00318978691329818,0.004208324394429675,-0.000649847974193131,-0.04400716881198139
20.740000000000002,0,0.013015574149551044,0.002386201424860141,-0.003309882675115884,4.201832298532382e-05,0.03336480162505665
20.740000000000002,1,-0.015622758832243521,-0.0031633218626540517,0.004187808232411006,-0.0006399748278230789,-0.04364653124933364
20.76,0,0.013063100232013042,0.002366342667935339,-0.0032956460853137237,2.6426194357827976e-05,0.03310237115673692
20.76,1,-0.015685724990263373,-0.003132591532972893,0.004169347705460651,-0.0005855692877173788,-0.043270712173903124
20.78,0,0.013110226047383855,0.0023462187236062927,-0.003281522397040063,7.987309655534819e-06,0.032839074820832564
20.78,1,-0.0157480349039309,-0.003097744422106498,0.004152697570288087,-0.0004893454146943262,-0.04287907649479664
20.8,0,0.013156949114989507,0.0023261179304097097,-0.003267426601045016,-1.0686136952393205e-05,0.03257633716268833
20.8,1,-0.01580960992673074,-0.0030591930240065858,0.004137425772212,-0.0003571757259274687,-0.042471526610164734
20.82,0,0.013203272948878459,0.0023063442370937007,-0.003253281024327187,-2.6921036195177994e-05,0.03231574035550699
20.82,1,-0.015870382244513266,-0.003017604630396486,0.004122937097452693,-0.00019786385286318584,-0.042048600972687616
20.84,0,0.013249206929908153,0.002287173256992579,-0.0032390262828243324,-3.836771586819554e-05,0.0320587933137643
20.84,1,-0.01593029968923166,-0.002973869248866973,0.004108510634822127,-2.2660142929752103e-05,-0.04161150934120787
20.86,0,0.01329476532364926,0.002268811837339453,-0.0032246296545823372,-4.3342058875562445e-05,0.031806707781627905
20.86,1,-0.015989329679460283,-0.002929044565825698,0.004093349252970379,0.0001554679702826245,-0.041162091891842396
20.88,0,0.013339965575513785,0.0022513671073180522,-0.003210089697637417,-4.10753444786624e-05,0.031560214846931396
20.88,1,-0.016047461849155037,-0.0028842804455713406,0.004076638033325479,0.0003227721897014514,-0.04070269842770022
20.900000000000002,0,0.013384826122104652,0.00223482966629104,-0.003195436464754828,-3.183452819419119e-05,0.03131944985626875
20.900000000000002,1,-0.016104709002111868,-0.0028407280508189006,0.004057607473699468,0.0004658014591080416,-0.04023599417057265
20.92,0,0.01342936403188014,0.0022190735658115506,-0.00318072728653069,-1.6894029093907775e-05,0.031083923950455616
20.92,1,-0.016161106154993332,-0.0027994409626690094,0.004035596437869172,0.0005725352489044724,-0.0397647087262706
20.94,0,0.01347359281742623,0.002203873311211207,-0.003166038718053776,1.6385608151286979e-06,0.030852587796141764
20.94,1,-0.01621670759733198,-0.0027612773484117907,0.004010109399407792,0.00063347055830602,-0.03929135343607108
20.96,0,0.013517520740986265,0.0021889356128354594,-0.0031514557844803818,2.11191689786748e-05,0.030623979410717758
20.96,1,-0.01627158208735364,-0.0027268130078284955,0.0039808626053774296,0.0006425561391657161,-0.03881793824876465
20.98,0,0.01356114986674736,0.0021739414208069015,-0.003137060041291138,3.874458998402025e-05,0.0303964353013126
20.98,1,-0.016325806498123877,-0.0026962748501465216,0.003947814408859224,0.0005978736619269773,-0.03834572156397828
21.0,0,0.01360447600711083,0.002158592209032413,-0.00312291813190002,5.195654348216436e-05,0.030168334382971614
21.0,1,-0.016379458407459118,-0.0026695029628901364,0.003911176170924514,0.0005019832525110859,-0.037875024732972995
21.02,0,0.01364748958092303,0.0021426537742268784,-0.00310907245496107,5.8814025322172225e-05,0.029938338813854125
21.02,1,-0.016432608265617255,-0.0026459470134204874,0.00387140173278669,0.00036187890275479057,-0.03740513709064162
21.04,0,0.01369017726815512,0.0021259910989735752,-0.003095535255916954,5.827953547390963e-05,0.029705595850156145
21.04,1,-0.016485311858337133,-0.0026246994881677544,0.0038291553707719443,0.0001885352490607617,-0.036934328083409323
21.06,0,0.013732524227410055,0.0021085890651928257,-0.003082286973945975,5.0376752432981786e-05,0.029469870160266576
21.06,1,-0.016537603796123693,-0.002604564548955675,0.003785260188939318,-3.932418176342406e-06,-0.0364599712672031
21.080000000000002,0,0.013774516557495517,0.0020905558250674345,-0.0030692790746458696,3.619553169871212e-05,0.02923158601924537
21.080000000000002,1,-0.016589492697908863,-0.0025841574724315753,0.003740630868872182,-0.00019943257387017993,-0.03597877204017187
21.1,0,0.013816143645073392,0.002072108151489443,-0.003056440965370506,1.774212536925779e-05,0.028991771995482946
21.1,1,-0.016640958600922424,-0.0025620261702151348,0.003696196371777004,-0.00038128788952812576,-0.03548707849348376
21.12,0,0.013857400053392258,0.0020535407336518294,-0.0030436900136260126,-2.3449331231564785e-06,0.028751915204248767
21.12,1,-0.016691952929881515,-0.0025367835762212477,0.0036528193832971595,-0.0005337258154093742,-0.034981244251688096
21.14,0,0.013898286670997411,0.002035183766273484,-0.003030943250881929,-2.1173056760408204e-05,0.028513745784589185
21.14,1,-0.016742401116166407,-0.00250723807492667,0.00361121985823979,-0.0006433280748913625,-0.03445800497408202
21.16,0,0.013938810945224572,0.0020173549479596156,-0.003018129106580593,-3.601363773455407e-05,0.02827898290916917
21.16,1,-0.016792207695949697,-0.0024725088568866476,0.0035719098744157645,-0.0007002967252710303,-0.033914827271142034
21.18,0,0.013978986158039455,0.0020003128874417036,-0.0030051975137166745,-4.469930490506868e-05,0.02804907972908892
21.18,1,-0.01684126346286208,-0.002432114207005897,0.0035351461297676223,-0.0006994082720989669,-0.03335019062598359
21.2,0,0.014018829842076346,0.0019842187760114776,-0.002992126958654147,-4.5942357460512784e-05,0.0278250052216212
21.2,1,-0.016889454033328127,-0.002386023178956434,0.003500904880827455,-0.0006405551035669199,-0.032763769401823156
21.22,0,0.01405836156193018,0.0019691120306839114,-0.0029789274811402168,-3.95273722290472e-05,0.027607095801803806
21.22,1,-0.016936669025678176,-0.002334664653074674,0.003468882062605733,-0.0005288126461216736,-0.03215649249692376
21.240000000000002,0,0.014097600380973529,0.0019549036061147604,-0.002965639204410097,-2.6348997580590006e-05,0.027394999483187236
21.240000000000002,1,-0.0169828109760066,-0.0022788920511608813,0.00343851894961601,-0.00037401719881739737,-0.03153047151743494
21.26,0,0.014136562382852979,0.001941388102677643,-0.00295232660852664,-8.288349516490795e-06,0.02718772178700349
21.26,1,-0.01702780312470028,-0.0022199065342529698,0.003409051253782225,-0.0001898885256453528,-0.030888802953896226
21.28,0,0.014175258611738826,0.0019282730384069184,-0.0029390693628928255,1.2055034468064219e-05,0.026983767503228794
21.28,1,-0.017071595308193847,-0.002159145842592459,0.003379577260414904,7.222270660193347e-06,-0.030235264066954617
21.3,0,0.014213693736640038,0.0019152211103062203,-0.002925951020730369,3.173749535097942e-05,0.026781358048936103
21.3,1,-0.017114167371558124,-0.0020981495709710305,0.00334913871775267,0.0001998403416924137,-0.02957393433528684
21.32,0,0.014251865640880334,0.0019018993238135436,-0.0029130471801833238,4.78978258517046e-05,0.026578692707537904
21.32,1,-0.01715552976077371,-0.002038414199874502,0.003316806918243549,0.00037098414819647374,-0.028908782946439504
21.34,0,0.014289766003182791,0.001888027811019217,-0.002900414790781618,5.817414325458639e-05,0.026374215211014452
21.34,1,-0.017195721233740302,-0.001981252335735634,0.0032817658779657833,0.0005057341787408944,-0.02824326687903977
21.36,0,0.014327381791377656,0.0018734211522981638,-0.002888084119829138,6.105012297201104e-05,0.026166846009202282
21.36,1,-0.01723480391672994,-0.0019276702187488897,0.003243384793639464,0.0005926000658690485,-0.027579983128353504
21.38,0,0.014364697454930396,0.0018580160713883604,-0.002876054514256869,5.607962738563704e-05,0.025956145372051407
21.38,1,-0.017272856197640567,-0.0018782756711838873,0.003201273008957791,0.0006245532655970408,-0.026920412662171465
21.400000000000002,0,0.014401697498275533,0.0018418813423540657,-0.0028642945535267603,4.3956270928902086e-05,0.02574238252202802
21.400000000000002,1,-0.017309964161010858,-0.001833225486992362,0.0031553124454699777,0.0005996266288378835,-0.02626478344673095
21.42,0,0.014438369058944269,0.0018252083435213854,-0.002852746565083513,2.6416978537242147e-05,0.025526499830762155
21.42,1,-0.01734621240985647,-0.0017922171525770975,0.0031056646692561793,0.0005210264118253385,-0.025612066547904704
21.44,0,0.014474704111567493,0.001808283538322094,-0.0028413348543767083,5.992843401449177e-06,0.025309976693107868
21.44,1,-0.017381675171592514,-0.001754525190565659,0.00305275224325939,0.0003967517830598573,-0.024960104450979084
21.46,0,0.014510700971802182,0.0017914468365162286,-0.0028299764746852513,-1.435698128206958e-05,0.025094612692509267
21.46,1,-0.017416408544872718,-0.001719077836816303,0.0029972165005004016,0.00023876637335233306,-0.024305856088780574
21.48,0,0.014546364875583948,0.0017750418945630705,-0.0028185930027238887,-3.1675319333755725e-05,0.024882261843216742
21.48,1,-0.017450444616464424,-0.0016845656931432087,0.00293985611154441,6.181062057619355e-05,-0.023645730324581116
21.5,0,0.01458170754415565,0.0017593656357828558,-0.0028071216452792433,-4.343829439688862e-05,0.02467455719535687
21.5,1,-0.017483787977061894,-0.0016495708790143406,0.002881552585920638,-0.0001180220401868666,-0.022975970266013904
21.52,0,0.014616745794289702,0.0017446244233108464,-0.002795524099756181,-4.792483797249128e-05,0.02447266676432434
21.52,1,-0.017516414914635462,-0.0016127033575782392,0.0028231899703564595,-0.0002848011678701877,-0.02229304583822516
21.54,0,0.014651499394063697,0.0017309033731665903,-0.002783791913406002,-4.447008464403615e-05,0.0242771173089763
21.54,1,-0.01754827529096744,-0.001572730710470547,0.002765576386138315,-0.00042421791580934606,-0.021594012030778313
21.56,0,0.01468598847658817,0.0017181533852603215,-0.002771947586110859,-3.35651676596771e-05,0.024087712561304177
21.56,1,-0.017579296840760893,-0.0015286886927093914,0.002709374663377924,-0.0005248466257007194,-0.02087679507223076
21.580000000000002,0,0.014720230890517005,0.001706197874770932,-0.002760041268508814,-1.6788310906672155e-05,0.023903558557699718
21.580000000000002,1,-0.017609391401013454,-0.001479962261357919,0.0026550482417596597,-0.000579093837694545,-0.02014037782131632
21.6,0,0.014754239876962713,0.0016947582861812432,-0.0027481435343872066,3.423201039610968e-06,0.02372319280549779
21.6,1,-0.01763846240459971,-0.0014263301451554644,0.002602826847755315,-0.0005837542841009014,-0.0193848677480756
21.62,0,0.01478802241575289,0.0016834946955486517,-0.0027363352642650685,2.412722686152488e-05,0.023544798510819597
21.62,1,-0.017666412872566695,-0.0013679700077155641,0.0025526944151643446,-0.0005401355841418848,-0.018611444523876013
21.64,0,0.014821578486468442,0.0016720555651872995,-0.0027246960864852772,4.230559414837576e-05,0.023366472318473816
21.64,1,-0.01769315312224855,-0.0013054253986459516,0.0025043995104856273,-0.0004537577782465427,-0.01782219780279678
21.66,0,0.014854901355621635,0.0016601293430716705,-0.002713293024776368,5.530490587793424e-05,0.023186505897125453
21.66,1,-0.017718607471456923,-0.0012395395274432312,0.0024574863867108327,-0.00033367572085524905,-0.01701987766334999
21.68,0,0.014887978850361736,0.0016474903035165935,-0.0027021709685135084,6.122477020246292e-05,0.023003639479029843
21.68,1,-0.017742719352485444,-0.001171364027458088,0.0024113429314905105,-0.00019150734801576252,-0.01620758903639747
21.7,0,0.01492079543351203,0.0016340318537232852,-0.002691346318820845,5.919646107309731e-05,0.022817249491052894
21.7,1,-0.017765454436022596,-0.0011020529910228366,0.0023652603719578813,-4.02755514659868e-05,-0.015388466322853726
21.72,0,0.014953334776097607,0.0016197823636806238,-0.002680804708098733,4.951097712203867e-05,0.022627442114406694
21.72,1,-0.017786801581874605,-0.0010327534701088687,0.002318498766343789,0.00010681628270714158,-0.014565364864231302
21.740000000000002,0,0.014985582449449609,0.0016049011462093874,-0.0026705031078458614,3.357749326948767e-05,0.022435038553661937
21.740000000000002,1,-0.017806771656035968,-0.0009645033125591715,0.002270352103313214,0.00023755570726031322,-0.013740602083088714
21.76,0,0.015017528340548288,0.0015896551410242168,-0.0026603760131609644,1.3718065316910971e-05,0.022241453909022123
21.76,1,-0.017825394458191274,-0.0008981457478738968,0.002220207227005255,0.0003417331248238703,-0.012915773595058425
21.78,0,0.015049168434357703,0.001574379708738044,-0.002650344811567266,-7.171502625701737e-06,0.022048487424958317
21.78,1,-0.017842714169671776,-0.0008342677785032311,0.0021675917300072807,0.0004119105756924604,-0.012091659474737695
21.8,0,0.015080505699708641,0.001559429294889262,-0.002640328991647275,-2.604502745176887e-05,0.02185805515590144
21.8,1,-0.017858783844273415,-0.0007731664931091666,0.0021122072790443714,0.0004438935794097258,-0.011268224482938058
21.82,0,0.015111549947177476,0.001545125230334282,-0.0026302575877423756,-4.015152826791768e-05,0.021671904752947866
21.82,1,-0.01787365951518364,-0.0007148442656169999,0.002053946397732717,0.0004368851672182008,-0.0104447048858562
21.84,0,0.01514231667893918,0.0015317083677919257,-0.0026200792273152617,-4.743767719376027e-05,0.02149135482628072
21.84,1,-0.017887394480030062,-0.0006590308074434643,0.0019928923537043766,0.00039333358381135435,-0.009619764888019855
21.86,0,0.01517282509934842,0.001519303548823918,-0.002609769351263546,-4.684806740318584e-05,0.021317097750938038
21.86,1,-0.017900034259241315,-0.0006052275257187849,0.0019293033179155967,0.00031851341575702546,-0.008791698775820013
21.88,0,0.015203095579000042,0.0015079011539130924,-0.0025993335849106925,-3.847922748317911e-05,0.021149095382266475
21.88,1,-0.01791161261274332,-0.0005527678524890378,0.0018635832416915518,0.0002199014180459362,-0.007958651352892466
21.900000000000002,0,0.015233146945857912,0.001497358467359599,-0.002588806789900855,-2.3564784859837068e-05,0.020986583327894222
21.900000000000002,1,-0.017922148862615013,-0.0005008862878394291,0.001796242830688181,0.0001064213686337561,-0.007118829398385764
21.92,0,0.015262994002712736,0.0014874206612977665,-0.0025782479454724153,-4.293987866173243e-06,0.020828183246034904
21.92,1,-0.017931646622432913,-0.0004487888665443899,0.0017278545297971322,-1.2363668447260695e-05,-0.006270680463174198
21.94,0,0.01529264563689483,0.0014777583028549282,-0.0025677316030190923,1.650971729826728e-05,0.02067210652267073
21.94,1,-0.01794009389470753,-0.0003957185251851538,0.0016590055625874051,-0.00012703768553800655,-0.005413021667054147
21.96,0,0.01532210380073092,0.0014680158453118561,-0.002557337145361328,3.580280001915653e-05,0.02051641903434683
21.96,1,-0.017947464380400936,-0.0003410102349235442,0.001590252830372696,-0.0002290340220564048,-0.004545109266873213
21.98,0,0.015351363512622217,0.0014578639405037096,-0.0025471373922693144,5.076759395187744e-05,0.020359327573100057
21.98,1,-0.017953719759091002,-0.0002841325329910771,0.0015220829409331258,-0.0003112070239511596,-0.003666648437923919
22.0,0,0.01538041387787068,0.001447047846544258,-0.0025371881825788194,5.9224586693409215e-05,0.020199445264926202
22.0,1,-0.017958812649853263,-0.00022471396721978563,0.0014548798984204447,-0.0003682448065220178,-0.00277775073455498
22.02,0,0.015409239977812853,0.0014354247858078344,-0.00252752041859014,5.9950559430286404e-05,0.020035996441879395
22.02,1,-0.017962689951048893,-0.00016255470923946236,0.001388902144683315,-0.00039691292741747715,-0.0018788530019349953
22.04,0,0.015437825347728877,0.001422984746653709,-0.002518135701662006,5.2855988806360665e-05,0.019868930464345565
22.04,1,-0.017965296276970043,-9.762498656792024e-05,0.0013242697928965484,-0.00039613449418462315,-0.0009706153177662588
22.06,0,0.015466154677332618,0.0014098516752850839,-0.0025090061706612016,3.8995871033484925e-05,0.01969892758295769
22.06,1,-0.017966577252285617,-3.0052896918292786e-05,0.0012609621147675568,-0.00036692410119796084,-5.381645565813789e-05
22.080000000000002,0,0.01549421633522009,0.0013962649072228903,-0.00250007855171009,2.0412656199647605e-05,0.019527296044920817
22.080000000000002,1,-0.01796648248118485,3.989544965308436e-05,0.001198824686318555,-0.0003122002887909498,0.0008707365839341324
22.1,0,0.015522004345209756,0.001382543610321586,-0.0024912818251165863,-1.6533096012377735e-07,0.019355775875462326
22.1,1,-0.01796496806664784,0.00011184062693523601,0.0011375850908595835,-0.00023650400876018378,0.0018022727858534888
22.12,0,0.015549519524052105,0.001369039519687563,-0.002482537399770617,-1.9725398555325846e-05,0.019186278674181212
22.12,1,-0.01796199860750052,0.00018531708869540966,0.001076875722430437,-0.00014564962586933235,0.0027400888676050684
22.14,0,0.015576769614369391,0.0013560849677960677,-0.0024737703302439287,-3.541272995033137e-05,0.01902060227909528
22.14,1,-0.017957548640718277,0.00025980124386470874,0.0010162620098909017,-4.6331544069866566e-05,0.003683548958175788
22.16,0,0.015603768395425448,0.0013439438961247705,-0.0024649199677094966,-4.4948303380358545e-05,0.018860162849127147
22.16,1,-0.01795160352120889,0.00033473954627604997,0.000955274260271568,5.429488522888139e-05,0.004632058762635819
22.18,0,0.015630533905350914,0.0013327730780791675,-0.0024559485225909288,-4.6961158906871914e-05,0.018705784252015217
22.18,1,-0.017944159742027694,0.0004095763566153354,0.000893441266491785,0.00014904349073599586,0.0055850255018787005
22.2,0,0.015657086039390124,0.00132259925659874,-0.0024468463213841427,-4.118643380275622e-05,0.018557576026185116
22.2,1,-0.017935224698765795,0.00048378168819421914,0.000830323811452197,0.00023112614814201592,0.006541817486577053
22.22,0,0.01568344388024171,0.0013133155320705614,-0.0024376330180016052,-2.8500461396453042e-05,0.018414917910384312
22.22,1,-0.0179248158989109,0.0005568789611235905,0.000765546212514831,0.0002945682660134997,0.007501737189716766
22.240000000000002,0,0.015709623155173113,0.0013046974800017923,-0.002428354602188774,-1.0788277722315054e-05,0.018276552997747407
22.240000000000002,1,-0.01791295961725084,0.0006284725617245598,0.0006988240879252967,0.0003345967389235755,0.008464019125220261
22.26,0,0.01573563419471195,0.0012964365580482586,-0.0024190766502285785,9.336452093736125e-06,0.018140775360581885
22.26,1,-0.017899689008067925,0.0006982744086149238,0.0006299866056453321,0.00034798259578782895,0.009427859124821105
22.28,0,0.01576148069245534,0.0012881858116593932,-0.0024098747997970643,2.8917429263974892e-05,0.01800568393396753
22.28,1,-0.017885041708058085,0.0007661279974632563,0.0005589916226169813,0.0003333164865326208,0.010392475477952969
22.3,0,0.01578715944619618,0.0012796110840022584,-0.0024008238247359244,4.509053796242918e-05,0.01786946463806919
22.3,1,-0.017869057001605182,0.0008320277046594973,0.0004859323704461662,0.0002911920249370533,0.011357195840295908
22.32,0,0.015812661114954843,0.0012704401442722745,-0.002391986880683409,5.5503402599479945e-05,0.01773065861721236
22.32,1,-0.017851772669674748,0.0008961306567788157,0.00041103471947241877,0.00022427129892126692,0.012321557895982153
22.34,0,0.01583797187627802,0.0012605024832203894,-0.0023834064616834573,5.8658088897534794e-05,0.017588376676187917
22.34,1,-0.0178332216991526,0.0009587583756856547,0.00033464457171742393,0.0001372097822452496,0.013285407477353916
22.36,0,0.015863075735590853,0.0012497539323522854,-0.002375098356337308,5.412689990026698e-05,0.01744242815303173
22.36,1,-0.017813429082246885,0.0010203857945542238,0.0002572055882648056,3.6425138609763076e-05,0.01424897598514937
22.38,0,0.015887957144038657,0.0012382825312580077,-0.0023670494566985167,4.26100939357639e-05,0.017293345343676342
22.38,1,-0.017792408975492367,0.0010816161401055013,0.00017922821706100982,-7.029398758060575e-05,0.015212919949057624
22.400000000000002,0,0.015912603537112036,0.0012262948563583312,-0.002359219717120794,2.5827743218777288e-05,0.01714230024579786
22.400000000000002,1,-0.017770162505040692,0.0011431415376675252,0.00010125179600536615,-0.00017432791681010716,0.016178309444155457
22.42,0,0.015937007419749533,0.0012140849183652155,-0.0023515479639093437,6.262391065867123e-06,0.01699092646604715
22.42,1,-0.017746676491308608,0.0012056908808483432,2.380228461192168e-05,-0.00026688608743244933,0.017146558419309253
22.44,0,0.015961167692330174,0.0012019903052950744,-0.00234396070565341,-1.320895634326219e-05,0.016841073230474304
22.44,1,-0.017721923317185324,0.0012699683096639683,-5.265116730584927e-05,-0.0003397416620858282,0.018119297997381385
22.46,0,0.01598509002558502,0.0011903421132251782,-0.002336382667435548,-2.9738866680076304e-05,0.01669452845183257
22.46,1,-0.017695862079993654,0.001336587309328537,-0.00012773716872888506,-0.0003859800557992637,0.01909820238639878
22.48,0,0.016008786233938376,0.0011794160946119235,-0.0023287475304663305,-4.092693401166331e-05,0.016552752258578593
22.48,1,-0.01766844105354662,0.0014060067167647721,-0.00020121677491123448,-0.00040069093379854585,0.020084784968505354
22.5,0,0.016032272745047215,0.0011693922367681168,-0.0023210073360078317,-4.516932215439806e-05,0.016416660636908033
22.5,1,-0.017639601353202854,0.0014784755720156965,-0.000273008361764727,-0.00038153020484464097,0.02108018821306439
22.52,0,0.01605556839634712,0.0011603286985552778,-0.002313139211062394,-4.188938937625328e-05,0.016286491169150142
22.52,1,-0.017609281558094325,0.0015539936106993642,-0.0003431997490671361,-0.0003290837476215662,0.022084994297412664
22.54,0,0.016078691887604992,0.0011521538773289872,-0.002305148463750204,-3.161616114601834e-05,0.01616177044375184
22.54,1,-0.01757742291739944,0.0016322931889570344,-0.0004120456126328988,-0.00024697842443077017,0.023099083069829253
22.56,0,0.01610165926746188,0.0011446776749561133,-0.002297067621678447,-1.5899993325393935e-05,0.01604138744271098
22.56,1,-0.017543974668737423,0.001712846603134623,-0.00047994950135075146,-0.00014170762188161004,0.024121560065766334
22.580000000000002,0,0.01612448182473561,0.00113762018514873,-0.0022889515708671405,2.9212123389271705e-06,0.015923761379743287
22.580000000000002,1,-0.01750889894159943,0.0017949002665846338,-0.0005474312378429153,-2.216626960768438e-05,0.02515077000179256
22.6,0,0.01614716469322746,0.0011306534573970962,-0.0022808695117593376,2.2069966078040043e-05,0.015807078437481307
22.6,1,-0.01747217471821054,0.00187753429152368,-0.0006150819873205016,0.00010107877031697785,0.02618440131101454
22.62,0,0.01616970637144586,0.0011234500845264063,-0.0022728949023233373,3.873946114441376e-05,0.015689561722225274
22.62,1,-0.017433800383409952,0.0019597430257150307,-0.0006835106650164601,0.0002167263331850182,0.027219676026825408
22.64,0,0.01619209922219223,0.001115731390456539,-0.0022650948415843196,5.050545320165259e-05,0.015569734013189897
22.64,1,-0.017393794512073322,0.0020405293785736773,-0.0007532864549794049,0.00031380320912324615,0.02825360809090824
22.66,0,0.0162143308717435,0.0011073081003121414,-0.0022575204201770896,5.567919681711414e-05,0.015446634207552866
22.66,1,-0.01735219470799833,0.002119003695651091,-0.0008248828881797556,0.0003827482983001819,0.029283303440815096
22.68,0,0.016236386295975406,0.001098107534199652,-0.002250199418142953,5.3549960384594725e-05,0.015319955518410533
22.68,1,-0.017309054506116413,0.0021944768036298835,-0.0008986290705172114,0.00041640687873049746,0.03030626837208787
22.7,0,0.0162582502807266,0.0010881834000301346,-0.002243132386269132,4.448223669032206e-05,0.015190085363731565
22.7,1,-0.017264438559409546,0.002266536850015238,-0.000974673210122908,0.0004108261995415356,0.0313206897006718
22.72,0,0.01627990989060512,0.0010777068622719879,-0.002236292656153305,2.9854388133344206e-05,0.015058041683674488
22.72,1,-0.01721841652929206,0.002335100772462765,-0.0010529625807742078,0.0003657590771738717,0.03232565173730484
22.740000000000002,0,0.01630135658182748,0.001066940342816822,-0.002229630257159775,1.1848890513069602e-05,0.014925315908922437
22.740000000000002,1,-0.017171056259806635,0.002400433576072202,-0.0011332425529957334,0.00028480903163196486,0.03332126103337887
22.76,0,0.016322587649964727,0.0010561980538594418,-0.0022230791573825447,-6.87389967935631e-06,0.014793646653711544
22.76,1,-0.017122416921098695,0.002463131853548631,-0.001215075466012574,0.0001751862522030509,0.03430865969747778
22.78,0,0.016343606804070838,0.0010457991953384254,-0.002216566771259158,-2.3569629409711176e-05,0.014664758364147667
22.78,1,-0.01707254284125563,0.0025240718109536047,-0.0012978780893015912,4.708463093627824e-05,0.035289920722414186
22.8,0,0.016364423789351237,0.0010360207889969996,-0.002210024356361225,-3.5813076873959446e-05,0.014540104122831953
22.8,1,-0.01702145870047116,0.0025843260337544386,-0.001380974447280867,-8.726824492057833e-05,0.03626783271748272
22.82,0,0.016385053121710656,0.0010270571201254693,-0.0022033968013681787,-4.185120784363887e-05,0.01442065088960021
22.82,1,-0.016969166639352266,0.002645056881305057,-0.0014636590741335272,-0.00021479866947542517,0.03724559500774623
22.84,0,0.01640551212821163,0.00101899172473839,-0.002196650402625022,-4.085468110060983e-05,0.014306738827438069
22.84,1,-0.01691564564490491,0.002707397290143726,-0.0015452645261502473,-0.0003228934744981017,0.038226455536510266
22.86,0,0.016425818588407796,0.0010117859557029027,-0.0021897775231743562,-3.303167809627465e-05,0.014198035057936913
22.86,1,-0.016860853342379908,0.002772331530179205,-0.0016252263594934784,-0.0004006904763898672,0.03921333189889874
22.88,0,0.01644598832798721,0.001005285675544925,-0.0021827974820695486,-1.958848167876205e-05,0.014093587939307711
22.88,1,-0.01680473006398579,0.002840588848240188,-0.001703138870636103,-0.0004402151887643001,0.04020845906412693
22.900000000000002,0,0.016466033120179597,0.0009992449296580134,-0.0021757535670324465,-2.54390153123403e-06,0.01399197291674342
22.900000000000002,1,-0.01674720481510784,0.00291256186215451,-0.001778795706649008,-0.00043723931901540683,0.04121310538917854
22.92,0,0.016485959201799225,0.0009933629525592119,-0.0021687066212287345,1.5573920212954076e-05,0.013891507415616013
22.92,1,-0.01668820254379928,0.0029882591185504083,-0.001852210914020673,-0.0003917638401914926,0.0422273914998972
22.94,0,0.016505766617263138,0.0009873289207611529,-0.0021617261448304047,3.210274014680409e-05,0.013790502150509334
22.94,1,-0.016627651965273327,0.0030672976478799273,-0.0019236179637053302,-0.00030806819341448397,0.043250235263733464
22.96,0,0.016525449479689557,0.0009808677712190362,-0.0021548802040279704,4.463771018223782e-05,0.013687511086884268
22.96,1,-0.016565493118828205,0.003148937029497847,-0.0019934465620306506,-0.00019431328714372698,0.044279431700113586
22.98,0,0.016544997101913216,0.0009737803087886606,-0.0021482256043637497,5.138148193098435e-05,0.013581542841110263
22.98,1,-0.016501683850166628,0.003232151902733093,-0.0020622793889068787,-6.173432829981174e-05,0.04531186096656312
23.0,0,0.0165643958222375,0.0009659717346498872,-0.0021417997390858748,5.140188006683838e-05,0.013472202405031584
23.0,1,-0.01643620451732162,0.0033157355511257633,-0.0021307930419726963,7.649530541065964e-05,0.04634380241035003
23.02,0,0.016583631248848832,0.0009574644961238464,-0.002135615274461468,4.476017606106636e-05,0.013359742769672785
23.02,1,-0.016369060402900856,0.003398423648153886,-0.002199689170820064,0.00020661113988632365,0.04737131993426808
23.04,0,0.016602690587720514,0.0009483937164125971,-0.002129658419535076,3.2492372002906195e-05,0.013245019657773454
23.04,1,-0.016300281559342714,0.0034790249026261876,-0.0022696228669535712,0.00031567347003695623,0.04839067516672967
23.06,0,0.01662156470986793,0.0009389860553081106,-0.0021238910082114174,1.6447684610816984e-05,0.01312935708970273
23.06,1,-0.01622992009046165,0.0035565444651053926,-0.0023411357076525796,0.00039290125693886707,0.04939872125453663
23.080000000000002,0,0.0166402496558116,0.0009295252923571946,-0.002118256072111425,-9.906303738132366e-07,0.013014344723374538
23.080000000000002,1,-0.016158045150833106,0.0036302866682421976,-0.0024146003927235887,0.0004307813532137099,0.05039323200217706
23.1,0,0.01665874736132528,0.0009203098522688769,-0.0021126860826031473,-1.725993167725308e-05,0.012901597863441529
23.1,1,-0.016084736193156052,0.003699925903787455,-0.0024901827075044006,0.00042583427740335716,0.05137312837562102
23.12,0,0.016677065505776956,0.0009116086281045634,-0.0021071126613993654,-2.999548017513544e-05,0.012792516273639023
23.12,1,-0.016010075184471347,0.0037655379393383066,-0.002567824722098565,0.00037895492844251463,0.05233857622229378
23.14,0,0.016695216514937584,0.0009036216410757049,-0.0021014763549761888,-3.7374739834596105e-05,0.012688077714894462
23.14,1,-0.01593413862336172,0.0038275883510536213,-0.0026472508936240904,0.00029529289032585726,0.053290944024424844
23.16,0,0.016713215874574885,0.0008964512896414066,-0.002095735067164412,-3.837850537359577e-05,0.012588696560353288
23.16,1,-0.015856990209437892,0.0038868794942401226,-0.0027279963202242034,0.0001836871133924882,0.05423262580596923
23.18,0,0.01673108001112349,0.0008900883120691174,-0.0020898699455535377,-3.2931428829196044e-05,0.01249416779779684
23.18,1,-0.01577867494149839,0.003944462007736029,-0.0028094540669905935,5.5718114468854274e-05,0.05516674999383555
23.2,0,0.01674882405671115,0.0008844143662549785,-0.002083887890689403,-2.1902642685395213e-05,0.012403703770255094
23.2,1,-0.01569921526049291,0.0040015207270617725,-0.002890936498447109,-7.551802994380796e-05,0.05609680820880862
23.22,0,0.01676645982924196,0.0008792206539249296,-0.0020778203477182134,-6.967941932006436e-06,0.01231605709688102
23.22,1,-0.015618609626309702,0.0040592476247592,-0.002971744124205664,-0.00019678030928009863,0.0570262470559089
23.240000000000002,0,0.01678399432265366,0.0008742396530726115,-0.002071718576842634,9.644694936672069e-06,0.012229710448079889
23.240000000000002,1,-0.015536833649476181,0.004118715698185993,-0.0030512347449008223,-0.0002960501517418994,0.0579580699263458
23.26,0,0.016801428923710955,0.0008691851212620109,-0.0020656461042118167,2.548758120683725e-05,0.012143104116461315
23.26,1,-0.015453843620599457,0.004180767449296933,-0.0031288857456936874,-0.00036374988507700823,0.05889449417523407
23.28,0,0.016818759461929622,0.00086379436925446,-0.002059669456153066,3.8254122674569874e-05,0.012054867046887869
23.28,1,-0.015369582023147754,0.0042459297964997375,-0.0032043432084760126,-0.00039368489540780177,0.05983670204640413
23.3,0,0.016835977075050784,0.0008578665426134533,-0.0020538485198487847,4.611469687807075e-05,0.011964016899710276
23.3,1,-0.015283984407570742,0.004314364151715398,-0.003277453000985859,-0.0003836141486785946,0.06078471227269417
23.32,0,0.01685306975243703,0.0008512913162023048,-0.002048227919074021,4.797865611650201e-05,0.011870099770715764
23.32,1,-0.01519698686928996,0.004385856361048641,-0.0033482709790257303,-0.00033539576048460806,0.06173738481516558
23.34,0,0.016870024320537077,0.0008440638924707883,-0.0020428306390638685,4.3644934116977147e-05,0.011773249560474059
23.34,1,-0.015108533323667272,0.004459846721988628,-0.003417051683133141,-0.000254701389845232,0.06269255549768601
23.36,0,0.016886828572406695,0.0008362842688301054,-0.002037654803430183,3.3820544002804986e-05,0.01167415921961867
23.36,1,-0.015018581811502844,0.004535495875077625,-0.0034842171744008704,-0.00015034000101413897,0.0636472822521009
23.38,0,0.016903473225904204,0.0008281410876824234,-0.0020326740470227264,2.0005897569981904e-05,0.011573969329983946
23.38,1,-0.014927109192402354,0.004611778526567301,-0.0035503096899513523,-3.327273988953938e-05,0.06459817211183175
23.400000000000002,0,0.016919953424581944,0.0008198826537460192,-0.002027841408569322,4.265428527853651e-06,0.011474091723916415
23.400000000000002,1,-0.014834113774585692,0.004687594116342163,-0.003615933391960733,8.456818337716776e-05,0.06554174944541312
23.42,0,0.01693626956650672,0.000811779562206818,-0.002023096161047775,-1.1081408633342033e-05,0.011375995279528792
23.42,1,-0.014739615665168727,0.004761882001665492,-0.003681691474507316,0.0001915258575228701,0.06647482216579402
23.44,0,0.016952427348179613,0.000804084558485729,-0.002018372578751852,-2.3802467773054517e-05,0.01128098628657326
23.44,1,-0.014643654876982385,0.0048337286225297186,-0.0037481251902110996,0.0002773965877391413,0.06739480412767693
23.46,0,0.016968437027911402,0.0007969955812233586,-0.0020136093676719163,-3.207799118420257e-05,0.011190016128311223
23.46,1,-0.014546287467850328,0.004902455417370068,-0.0038156609529411893,0.0003344175170769889,0.06829995832610397
23.48,0,0.01698431202792431,0.0007906273872742406,-0.0020087583983990874,-3.4761063911772916e-05,0.01110354448575114
23.48,1,-0.01444758018946715,0.004967678774098858,-0.003884570630853954,0.0003579669079807474,0.06918953592940326
23.5,0,0.017000067090155755,0.0007849958152723913,-0.0020037914897046666,-3.1536175948049944e-05,0.011021477589761526
23.5,1,-0.014347604264448246,0.005029336700836004,-0.00395494860039111,0.00034691457089014097,0.07006379924081392
23.52,0,0.017015716263377067,0.0007800168224294236,-0.001998704279336162,-2.295406665863385e-05,0.010943189580670564
23.52,1,-0.014246428978206696,0.005087680761383282,-0.004026707271435069,0.00030359994053414524,0.07092393071883181
23.54,0,0.01703127102004117,0.0007755202201949926,-0.001993516643777242,-1.0339455055160054e-05,0.010867622537785056
23.54,1,-0.014144115762415987,0.00514323568187595,-0.004099590828875138,0.00023345608979769353,0.07177184345646562
23.56,0,0.01704673877778073,0.0007712758690017781,-0.001988269628685398,4.413071105026367e-06,0.010793449094919867
23.56,1,-0.014040713363428086,0.0051967324544425686,-0.004173205081196304,0.00014433493100980688,0.07260991943118615
23.580000000000002,0,0.017062122036819432,0.0007670282899091865,-0.00198301935402307,1.9123569612533586e-05,0.01071927248911608
23.580000000000002,1,-0.013936254544853735,0.005249023368599267,-0.00424705975549495,4.5618019303351326e-05,0.07344070914108639
23.6,0,0.017077418250733035,0.0007625344723835079,-0.001977828790231784,3.1648900428584564e-05,0.010643833712940528
23.6,1,-0.01383075458768194,0.0053009889311015695,-0.004320618481334306,-5.278414547012569e-05,0.07426662918089211
23.62,0,0.017092620438308812,0.0007575992672390413,-0.001972758602388636,4.0194873107243095e-05,0.010566194868239336
23.62,1,-0.013724211646774061,0.00535344696840779,-0.004393351156670199,-0.00014143514122389247,0.07508969269893295
23.64,0,0.017107718435127435,0.0007521031972549215,-0.0019678583857102388,4.3572898376498595e-05,0.010485871863192404
23.64,1,-0.013616608823229766,0.0054070733683469555,-0.0044647834165719,-0.00021227474918949357,0.07591130190604686
23.66,0,0.01712270059101591,0.0007460187164841961,-0.0019631595509473428,4.1364454265929024e-05,0.010402897576512818
23.66,1,-0.013507917639987323,0.00546234207183337,-0.004534538494095192,-0.00025933377582641054,0.0767321227814936
23.68,0,0.017137555657062768,0.0007394127136918924,-0.0019586708726961294,3.397071550172506e-05,0.010317807276184768
23.68,1,-0.01339810248067101,0.005519489344992572,-0.0046023677802150345,-0.00027920028689274595,0.07755205111678876
23.7,0,0.01715227458216995,0.0007324351159948185,-0.0019543773239321842,2.254183552341353e-05,0.010231549788404045
23.7,1,-0.013287125480458687,0.005578504391870776,-0.004668167721116741,-0.00027120604495109446,0.07837026753114196
23.72,0,0.017166851956998977,0.000725295496575566,-0.001950242343162738,8.798052389282982e-06,0.01014533889966864
23.72,1,-0.013174951346705177,0.005639145378374054,-0.004731982176370926,-0.00023733325933068816,0.07918536855656745
23.740000000000002,0,0.017181286899325254,0.0007182313233147962,-0.0019462131856890822,-5.229586957375756e-06,0.010060468113364522
23.740000000000002,1,-0.013061551633048663,0.005700977277938315,-0.004793990835289555,-0.00018187071798300702,0.07999555260911942
23.76,0,0.017195583260324655,0.0007114726529810352,-0.001942228568913834,-1.7499781367264974e-05,0.009978116923101759
23.76,1,-0.01294690808417383,0.005763425903873995,-0.004854485599406255,-0.00011087191081273623,0.08079883456504866
23.78,0,0.017209749133084574,0.0007052085156973159,-0.001938227496621749,-2.625829992874279e-05,0.009899177519691167
23.78,1,-0.01283101479493737,0.005825841252588378,-0.004913837864421293,-3.1483680299086714e-05,0.08159326121653637
23.8,0,0.017223795747389196,0.0006995598945634181,-0.0019341579847285567,-3.028875746137298e-05,0.009824127281349227
23.8,1,-0.012713879070114084,0.0058875629236860875,-0.004972460293772416,4.877887433866329e-05,0.08237710205726656
23.82,0,0.017237735923430735,0.0006945631494559628,-0.0019299844334569414,-2.908102629148139e-05,0.009752965118674961
23.82,1,-0.012595521012130047,0.0059479808705243725,-0.005030766933243476,0.00012273705490124798,0.08314899513243997
23.84,0,0.01725158231875588,0.0006901661306416221,-0.0019256925938335432,-2.289408296550846e-05,0.009685219911948217
23.84,1,-0.012475971988131133,0.006006585929942051,-0.00508913538265038,0.0001841678369761332,0.0839080351822126
23.86,0,0.017265345728883042,0.0006862373231728982,-0.0019212914294330296,-1.2705879379399168e-05,0.009620028403799974
23.86,1,-0.012355272222482182,0.0060630062684413,-0.0051478742677451336,0.00022828789363207175,0.08465379986454613
23.88,0,0.017279033689427487,0.0006825864432704534,-0.0019168116256458054,-5.943191372023704e-08,0.009556269637700069
23.88,1,-0.012233467818959365,0.006117027807899626,-0.005207198524306804,0.000252071075670067,0.08538631823492471
23.900000000000002,0,0.0172926495788181,0.0006789932560870463,-0.0019123009828234119,1.3170702254492253e-05,0.009492734882964156
23.900000000000002,1,-0.012110607536373568,0.0061685985959491,-0.005267214115799746,0.00025438759285869444,0.08610599275042871
23.92,0,0.017306192343627864,0.0006752402385615589,-0.0019078173765811745,2.5056205676622298e-05,0.009428307134185201
23.92,1,-0.01198673962500207,0.006217818733991008,-0.005327912859156625,0.00023597131133964305,0.08681349096453447
23.94,0,0.017319656875034648,0.0006711442304510151,-0.0019034203142335848,3.3895851039337024e-05,0.009362123375274874
23.94,1,-0.011861908985923883,0.00626491869797035,-0.005389177125490749,0.0001992365143952679,0.08750962525718964
23.96,0,0.017333034969035824,0.0006665824588660852,-0.0018991623117097275,3.8458514612415076e-05,0.009293695909512777
23.96,1,-0.011736154850741946,0.006310229589328129,-0.005450793391608261,0.0001479759586681048,0.08819523829192571
23.98,0,0.0173463167188906,0.0006615092368324879,-0.0018950813331987007,3.815368488181009e-05,0.009222975630773018
23.98,1,-0.01160950910587515,0.006354149024932002,-0.005512472998149673,8.697763453872215e-05,0.08887110871450929
24.0,0,0.01735949212798224,0.0006559610764942641,-0.0018911953747816465,3.310597597944338e-05,0.009150349094940254
24.0,1,-0.011481995313692216,0.006397106080756275,-0.005573878049240589,2.1598563763693124e-05,0.08953788656682415
24.02,0,0.017372552703247612,0.0006500497001870975,-0.0018874999577419363,2.4124548739935803e-05,0.00907657125387943
24.02,1,-0.011353628420377477,0.006439528069286882,-0.005634650170560153,-4.2668919101637726e-05,0.09019606188911798
24.04,0,0.017385492796974406,0.0006439442153916829,-0.0018839688735207039,1.2573791584055347e-05,0.009002645223899505
24.04,1,-0.011224415092825974,0.006481811113825129,-0.005694439811878575,-0.0001006084327871068,0.0908459640263389
24.060000000000002,0,0.01739831050625902,0.0006378452797451678,-0.001880558052078115,1.6584679888090315e-07,0.00892966806963347
24.060000000000002,1,-0.01109435459604374,0.006524295648443687,-0.005752933907236792,-0.000147645109573602,0.09148778418778522
24.080000000000002,0,0.017411008007961356,0.0006319551953851791,-0.0018772119766986856,-1.129346521386819e-05,0.008858666200606375
24.080000000000002,1,-0.010963440107348708,0.0065672472629101425,-0.005809879955720802,-0.00018014890334897005,0.09212161058409096
24.1,0,0.017423591291968528,0.0006264483840601329,-0.0018738717054805644,-2.0167603958756025e-05,0.00879044498080062
24.1,1,-0.010831660360555684,0.006610842826134919,-0.005865104923161111,-0.0001956648594611879,0.09274746442535006
24.12,0,0.01743606934418693,0.0006214465435234554,-0.0018704833345311472,-2.522286496037772e-05,0.008725474474288753
24.12,1,-0.010699001517299106,0.006655161600854056,-0.005918527760030569,-0.00019306387288513943,0.09336532628484193
24.14,0,0.017448452909866144,0.0006170020084512739,-0.0018670056817846525,-2.5799258400578673e-05,0.008663827376718412
24.14,1,-0.010565449168499648,0.006700181086954045,-0.0059701647607728345,-0.00017261030098135455,0.09397514551833798
24.16,0,0.017460753026235506,0.0006130915634226265,-0.001863416090351443,-2.1895175383963503e-05,0.008605177063300735
24.16,1,-0.0104309903724532,0.006745777528586633,-0.006020127439665177,-0.00013594456377639952,0.09457682996398926
24.18,0,0.017472979542926426,0.0006096213796317639,-0.0018597135280114668,-1.4155267194707402e-05,0.008548854582039403
24.18,1,-0.010295615634701452,0.006791731281979248,-0.006068613058237335,-8.598025115733737e-05,0.09517021819886681
24.2,0,0.017485139845599965,0.0006064421087291731,-0.001855918553903477,-3.7651934201438086e-06,0.008493954715628568
24.2,1,-0.010159320728677283,0.006837737443885696,-0.0061158884009328935,-2.6717063669023933e-05,0.09575504127806878
24.22,0,0.017497237963789932,0.0006033717078876867,-0.0018520701771323198,7.729697182533649e-06,0.00843947421324508
24.22,1,-0.01002210824743272,0.006883422173662236,-0.0061622678482315275,3.7026154298597236e-05,0.0963308842769727
24.240000000000002,0,0.017509274183960484,0.0006002224992675509,-0.0018482200792525054,1.8654032085559796e-05,0.008384460957660152
24.240000000000002,1,-0.009883988769791631,0.0069283649284254175,-0.0062080872228570455,9.994955408278855e-05,0.09689715944387306
24.26,0,0.017521245212528094,0.0005968284319355009,-0.0018444250490670742,2.7446286343033033e-05,0.00832815176075398
24.26,1,-0.009744981524295246,0.006972126346192991,-0.006253675259896141,0.00015666684193032382,0.09745310200477156
24.28,0,0.01753314485262486,0.0005930685802795314,-0.0018407387301715625,3.288137706821195e-05,0.008270078746845228
24.28,1,-0.00960511444648616,0.007014280792468152,-0.006299324842768265,0.00020213442465612935,0.097997796669898
24.3,0,0.01754496508460831,0.0005888835556796398,-0.0018372038736919909,3.424031621769748e-05,0.00821012946329726
24.3,1,-0.009464423553244781,0.0070544517260647055,-0.006345266316134413,0.0002320860928896537,0.09853023807201622
24.32,0,0.017556697384330664,0.0005842826194351771,-0.0018338462084742679,3.1403568891695197e-05,0.008148553103200784
24.32,1,-0.009322951603509665,0.007092347180626871,-0.006391645196217536,0.00024343808911050924,0.09904942243966568
24.34,0,0.017568334082685287,0.0005793406906798713,-0.0018306708011961036,2.485626772901796e-05,0.00808591340178918
24.34,1,-0.009180746076142162,0.007127791964178524,-0.00643850641760516,0.0002346257879424704,0.09955446171055687
24.36,0,0.01757986956875095,0.0005741859306179973,-0.001827661414995381,1.5606393733791704e-05,0.008022996634918171
24.36,1,-0.009037856567981953,0.00716075281219243,-0.006485786866385029,0.0002058333366608267,0.10004470603403319
24.38,0,0.017591301166384975,0.0005689799348572877,-0.0018247829403778963,5.029544548227835e-06,0.0079606895434538
24.38,1,-0.008894331790357864,0.007191352820542621,-0.006533317355854003,0.00015908235764139356,0.1005198571299553
24.400000000000002,0,0.01760262956563225,0.0005638935857125066,-0.0018219865294027539,-5.3358230156057285e-06,0.007899846022990698
24.400000000000002,1,-0.00875021641046959,0.007219872106415213,-0.006580834431353067,9.815552020022572e-05,0.10098005396961277
24.42,0,0.017613858757706696,0.0005590821663526341,-0.0018192166772154933,-1.4012197186665312e-05,0.007841162526123543
24.42,1,-0.008605548034415269,0.007246732795224036,-0.006628001499518983,2.8345052727730968e-05,0.10142591408040877
24.44,0,0.01762499549536109,0.0005546633512151688,-0.0018164192192544673,-1.979332859454626e-05,0.007785080245606908
24.44,1,-0.008460354651364648,0.007272468023804212,-0.00667443784258467,-4.396605714553081e-05,0.1018585183904045
24.46,0,0.01763604836843774,0.0005507011750974002,-0.0018135490869020487,-2.1911198413668634e-05,0.007731727649777273
24.46,1,-0.008314652846151623,0.007297676520005082,-0.006719753195705338,-0.00011186315297761346,0.10227933443304876
24.48,0,0.01764702663756974,0.0005471981357114726,-0.0018105767061485573,-2.013667427472332e-05,0.007680910574235339
24.48,1,-0.008168447037009767,0.007322966240348732,-0.0067635848373162315,-0.00016855369727737657,0.10269008106215963
24.5,0,0.017657939000084142,0.0005440963511040789,-0.0018074921259564418,-1.4800923924468759e-05,0.007632149839381573
24.5,1,-0.008021729907832327,0.007348892261470667,-0.00680563366684742,-0.0002080547915534331,0.10309254645214277
24.52,0,0.017668792467262058,0.0005412873612779565,-0.001804306295400482,-6.736305226648018e-06,0.007584759363118041
24.52,1,-0.007874484086961819,0.007375895370320623,-0.0068456956000139116,-0.00022584365133392764,0.10348837883582265
24.54,0,0.017679591511232176,0.0005386289285483003,-0.0018010493226956797,2.8529965844324018e-06,0.007537952003091772
24.54,1,-0.007726684988674434,0.007404248364700451,-0.006883684847993636,-0.00021939787738951833,0.10387887498319583
24.560000000000002,0,0.017690337596673815,0.0005359662295905083,-0.0017977659848277632,1.2570511676123289e-05,0.007490956702590994
24.560000000000002,1,-0.007578304594460939,0.00743401681571542,-0.006919646271496821,-0.00018855848770028133,0.10426479390771615
24.580000000000002,0,0.017701029154049454,0.0005331542747761709,-0.001794509150843108,2.1030444556167927e-05,0.007443129402310226
24.580000000000002,1,-0.007429315826068285,0.00746503991343953,-0.006953754976961614,-0.00013566335768873394,0.10464622214584215
24.6,0,0.017711661986154682,0.0005300783056052564,-0.0017913320784152416,2.7054583407444197e-05,0.007394041695066146
24.6,1,-0.007279697067947551,0.007496935086997051,-0.0069863025676329986,-6.542089842541399e-05,0.10502251211638412
24.62,0,0.01772223003791234,0.000526669306587814,-0.0017882806999655703,2.9835265311875525e-05,0.007343535026917521
24.62,1,-0.007129436347593112,0.007529127543651267,-0.007017670855827634,1.5478640968881463e-05,0.10539230697014887
24.64,0,0.017732726409355064,0.0005229125535727337,-0.0017853870096379196,2.904201222123093e-05,0.00729173373779704
24.64,1,-0.006978534687929541,0.0075609029874620995,-0.00704829523572717,9.898691817973593e-05,0.10575365490628966
24.66,0,0.01774314446045695,0.0005188481804448166,-0.0017826644974580906,2.485801113555515e-05,0.007239016515091875
24.66,1,-0.006827008209792307,0.007591478900173659,-0.007078621148983473,0.00017650015343514958,0.10610420444899608
24.68,0,0.0177534788478014,0.0005145639189883181,-0.0017801062767171388,1.794291979895571e-05,0.007185951946037498
24.68,1,-0.006674888680870801,0.007620087261223818,-0.007109057996438868,0.0002397605130592534,0.1064414611440742
24.7,0,0.017763726347541343,0.0005101812802736658,-0.0017776861590017869,9.329022673823517e-06,0.007133208901157498
24.7,1,-0.0065222223693024465,0.007646059791186942,-0.007139935333498467,0.00028176001916810356,0.10676307705744909
24.72,0,0.017773886353910428,0.0005058373422385011,-0.0017753625052541137,2.670358459268968e-07,0.0070814557554930895
24.72,1,-0.006369067248311391,0.007668905993081547,-0.007171466153294316,0.0002975452543549223,0.10706713864878674
24.740000000000002,0,0.017783960992046256,0.000501664865940831,-0.0017730842823078868,-7.955418546262347e-06,0.0070312635417178965
24.740000000000002,1,-0.006215488791425054,0.007688374597359852,-0.0072037214865298335,0.0002848273800976006,0.10735241698294032
24.76,0,0.017793954840538636,0.0004977736138611482,-0.0017707984398084673,-1.4196361361915391e-05,0.006983026955417989
24.76,1,-0.006061554772600687,0.007704490510087224,-0.007236619468445298,0.0002443199051931355,0.107618547236028
24.78,0,0.017803874314601835,0.0004942354800361551,-0.0017684575371006363,-1.761724215045002e-05,0.006936913962656623
24.78,1,-0.0059073296198267275,0.007717561893732629,-0.007269930541994494,0.0001797546522535748,0.10786611186000324
24.8,0,0.0178137268072283,0.0004910754158141998,-0.0017660265195404434,-1.7794322469554327e-05,0.006892850143868352
24.8,1,-0.005752868946135465,0.007728155312281438,-0.007303298735022032,9.756156774810842e-05,0.10809661280419203
24.82,0,0.0178235197168154,0.00048826924869155866,-0.0017634876722481209,-1.4769106488234443e-05,0.006850538588170056
24.82,1,-0.005598214886616335,0.007737040573283214,-0.007336277157625426,6.236466296348497e-06,0.10831233155966866
24.84,0,0.01783325950167585,0.0004857484805049608,-0.001760843047199704,-9.032216025276624e-06,0.006809510943094729
24.84,1,-0.005443392800317732,0.007745110558617744,-0.007368374219057114,-8.454202323445598e-05,0.10851608984388286
24.86,0,0.017842950893529008,0.00048341116342289034,-0.0017581140274329763,-1.4446013060984142e-06,0.006769200889226563
24.86,1,-0.005288409757263834,0.007753284499982133,-0.007399105757871431,-0.0001649536838570012,0.10871093668360687
24.88,0,0.017852596375415832,0.0004811371269174445,-0.0017553381065054502,6.891330591876979e-06,0.006729028446252347
24.88,1,-0.005133255037298861,0.007762405415630893,-0.007428047478216978,-0.00022612195675202063,0.10889979777558453
24.900000000000002,0,0.01786219598890412,0.00047880527692110454,-0.001752563362266045,1.4791397037477658e-05,0.006688482479857987
24.900000000000002,1,-0.004977902640486538,0.007773143471112332,-0.0074548818991617615,-0.00026112031658927226,0.10908512891216192
24.92,0,0.017871747487173843,0.00047631047725544835,-0.0017498414338089467,2.1157047712433777e-05,0.006647189633863843
24.92,1,-0.0048223155745809035,0.007785916688908587,-0.0074794344937624616,-0.0002657824212675755,0.10926861606598778
24.94,0,0.01788124680166456,0.0004735776697724684,-0.0017472200220284048,2.5126935040725717e-05,0.006604960441773833
24.94,1,-0.004666451471640791,0.007800838707215569,-0.007501694785126499,-0.00023921828119689847,0.10945096018221487
24.96,0,0.01789068874731182,0.0004705713589037468,-0.0017447359976158112,2.6191902671458475e-05,0.006561807121980996
24.96,1,-0.004510268919501826,0.007817700346188568,-0.007521819768474285,-0.00018397041575093226,0.10963177526239087
24.98,0,0.017900067860731665,0.00046729929981262363,-0.0017424101072470181,2.4258278325070548e-05,0.00651793191905166
24.98,1,-0.00435373379586709,0.007835987906381462,-0.007540118968268693,-0.00010578433114415836,0.10980961502048464
25.0,0,0.017909379250857678,0.0004638100773899397,-0.0017402440332945916,1.9651934096275026e-05,0.006473689149362881
25.0,1,-0.00419682487677276,0.007854936843589348,-0.007557022500475892,-1.301203659218042e-05,0.10998212784684305
25.02,0,0.017918619343953158,0.0004601851220350572,-0.0017382202192891898,1.3063991197650657e-05,0.006429527717293151
25.02,1,-0.004039538061012934,0.007873615248029616,-0.007573035455059984,8.428952028095155e-05,0.11014632395213367
25.04,0,0.017927786423604455,0.0004565264575116204,-0.0017363044725143093,5.447106783405473e-06,0.0063859232983792796
25.04,1,-0.0038818887012845174,0.007891027918842098,-0.00758868351437185,0.00017546648064947767,0.1102989243831399
25.060000000000002,0,0.017936880898022412,0.00045294201669495213,-0.0017344509545905195,-2.122116257765802e-06,0.0063433103499870944
25.060000000000002,1,-0.003723911745053795,0.007906229221904,-0.007604455786564845,0.00025045817484718735,0.11043675093180881
25.080000000000002,0,0.01794590526683756,0.0004495306267594464,-0.0017326088284094902,-8.594778131526884e-06,0.006302023552763775
25.080000000000002,1,-0.0035656596391722413,0.007918431686151162,-0.00762075122663901,0.0003009333969989439,0.11055711020911732
25.1,0,0.0179548638017566,0.00044636873141620955,-0.001730729594400817,-1.3094140013953509e-05,0.006262256379840886
25.1,1,-0.0034071982126453355,0.007927097604598069,-0.007637834684960688,0.000321241331139005,0.11065812513323396
25.12,0,0.017963761994067705,0.00044350060188432037,-0.0017287740542808673,-1.5033169741976785e-05,0.006224041596122462
25.12,1,-0.003248600990626022,0.007932002747673507,-0.007655807592626017,0.00030906559001941947,0.11073897287740968
25.14,0,0.017972605851902163,0.00044093324604996926,-0.0017267178991618667,-1.418964583219974e-05,0.0061872550905317705
25.14,1,-0.0030899425807740105,0.007933264466682051,-0.007674596675962223,0.00026570324465179096,0.11079999928889693
25.16,0,0.017981401147657766,0.0004386365408256452,-0.0017245551220219674,-1.0729494545372656e-05,0.006151641066104404
25.16,1,-0.002931291887451045,0.007931330596625106,-0.007693962070424183,0.00019593373968093686,0.11084269461307054
25.18,0,0.01799015271920241,0.0004365483855403336,-0.0017222987721163586,-5.176346430969814e-06,0.0061168537439956405
25.18,1,-0.0027727059353298182,0.007926930170361486,-0.007713524008488702,0.00010749016544457646,0.11086953221961622
25.2,0,0.01799886391756467,0.00043458400471095115,-0.0017199789546438473,1.6673092520617938e-06,0.006082508756701254
25.2,1,-0.0026142250179350232,0.007920991477262674,-0.007732805140876309,1.019184573704257e-05,0.1108836888359404
25.22,0,0.018007536270843283,0.0004326480044265567,-0.0017176383769500283,8.835527757340006e-06,0.006048236534214453
25.22,1,-0.0024558697355869285,0.007914536891137356,-0.00775128376213767,-8.516296479565977e-05,0.11088867944071865
25.240000000000002,0,0.01801616940262071,0.000430647471504864,-0.0017153260953016068,1.5334334733154917e-05,0.00601373026633494
25.240000000000002,1,-0.002297640268697438,0.007908566679092286,-0.0077684519600846064,-0.00016801710129496494,0.11088795060858697
25.26,0,0.01802476120780727,0.00042850433097819956,-0.001713090373123707,2.0278308885084487e-05,0.005978782324809711
25.26,1,-0.0021395179721604707,0.00790394534212657,-0.007783872141422962,-0.00022924658115498764,0.11088448137092695
25.28,0,0.018033308254441903,0.0004261653438874206,-0.0017109716859099035,2.300973306357257e-05,0.005943305081360316
25.28,1,-0.0019814691056290403,0.007901303761919153,-0.007797225571004802,-0.0002621872164140643,0.11088043988328221
25.3,0,0.01804180635104993,0.00042360850059138124,-0.0017089968824113941,2.3184502784875244e-05,0.0059073345054944625
25.3,1,-0.0018234502651277012,0.007900968565606011,-0.007808347478811169,-0.00026337752499995537,0.1108769374434841
25.32,0,0.01805025119929095,0.00042084508607470323,-0.0017071753404992306,2.0813818673784748e-05,0.00587101738637206
25.32,1,-0.0016654148835108377,0.007902926894368426,-0.00781724483050318,-0.00023293299469868967,0.11087390951585666
25.34,0,0.018058639043049,0.00041791728796507905,-0.0017054976645662836,1.6256885316067934e-05,0.005834585146195038
25.34,1,-0.0015073200443533317,0.007906830562082686,-0.007824094844090546,-0.00017450999623169067,0.1108701378653893
25.36,0,0.01806696722847521,0.00041489180450285807,-0.00170393710204235,1.0166531461160491e-05,0.0057983187315788515
25.36,1,-0.0013491328204842056,0.00791203892553161,-0.007829224534903553,-9.486567584570532e-05,0.11086341063328825
25.38,0,0.01807523460386515,0.0004118504131189171,-0.0017024534631417342,3.3959517728564953e-06,0.005762509831891983
25.38,1,-0.0011908354082405905,0.007917695222062232,-0.007833073727215846,-3.0672401955950113e-06,0.11085080034906684
25.400000000000002,0,0.018083441711337668,0.0004088788197737384,-0.0017009989672294708,-3.1201765212929278e-06,0.0057274236533536305
25.400000000000002,1,-0.0010324284740594277,0.007922827214596901,-0.00783614583333723,9.055543178797948e-05,0.11082902557256863
25.42,0,0.018091590750768938,0.0004060552854867103,-0.0016995251631315988,-8.49376812975082e-06,0.005693267764943695
25.42,1,-0.0008739323433691541,0.007926460186440666,-0.007838952055429732,0.00017559074539196667,0.11079485186477736
25.44,0,0.018099685326475795,0.00040344050540961577,-0.0016979899188623998,-1.2003230931589837e-05,0.0056601703066662115
25.44,1,-0.0007153859169561356,0.007927728979203344,-0.007841955358440723,0.00024272238686027375,0.11074548332198653
25.46,0,0.01810773001486244,0.00040107000867012295,-0.0016963634700647994,-1.3189222331514566e-05,0.005628169343713236
25.46,1,-0.000556843466268082,0.007925976017320766,-0.007845520519971973,0.000284766748307512,0.11067889749418322
25.48,0,0.018115729813227593,0.00039894998784494485,-0.001694632656321917,-1.1913772725007793e-05,0.005597213602554236
25.48,1,-0.0003983697046213818,0.007920824066870284,-0.007849875797176765,0.0002974530355439389,0.11059408390064004
25.5,0,0.018123689543617236,0.00039705700618573593,-0.0016928027396741706,-8.375362610424028e-06,0.0055671734492107276
25.5,1,-0.0002400337269704834,0.007912215600414106,-0.007855090359099473,0.0002798598257171894,0.1104911585800803
25.52,0,0.018131613289571018,0.00039534152938916196,-0.0016908965514235703,-3.078509455349543e-06,0.005537859920903616
25.52,1,-8.190253407999097e-05,0.00790041469097078,-0.007861069784615201,0.0002344630774490583,0.11037134259614187
25.54,0,0.018139503937668496,0.00039373474963859655,-0.0016889511005087063,3.237512743479304e-06,0.0055090489821968715
25.54,1,7.59651060535916e-05,0.007885971836215864,-0.007867569841865497,0.00016679651347936697,0.11023680919354273
25.560000000000002,0,0.01814736288096852,0.0003921577702615022,-0.0016870121433243124,9.700829044589562e-06,0.005480507954616442
25.560000000000002,1,0.0002335237589450579,0.007869656472767099,-0.007874226689769595,8.47703604550526e-05,0.11009042025828433
25.580000000000002,0,0.018155189919824587,0.0003905319452065565,-0.0016851275079313975,1.542602083840633e-05,0.005452021212053383
25.580000000000002,1,0.000390744819762029,0.007852365656710615,-0.007880599815781961,-2.266703618414301e-06,0.10993538589756702
25.6,0,0.018162983369976272,0.00038878904770330144,-0.0016833401430411028,1.9634017623526914e-05,0.005423412650222692
25.6,1,0.0005476180360696892,0.007835020023962753,-0.007886222653237603,-8.460938688910347e-05,0.10977488972236765
25.62,0,0.018170740361480368,0.00038687998694419767,-0.0016816818986808229,2.1756798583807968e-05,0.00539456301863496
25.62,1,0.0007041509256939883,0.007818459405387352,-0.007890655055917264,-0.00015329409086237838,0.1096117257662853
25.64,0,0.01817845728817891,0.00038478099108923367,-0.0016801689362284222,2.1513028115136e-05,0.005365420847134136
25.64,1,0.0008603662058041372,0.007803350232899993,-0.00789353172271905,-0.00020108732583132977,0.10944799058643123
25.66,0,0.018186130348862416,0.00038249650242746234,-0.0016787994267740897,1.8944704004816154e-05,0.0053360063299796555
25.66,1,0.0010162975774875393,0.0077901151955286916,-0.007894601256259924,-0.00022325363637485524,0.10928486637377655
25.68,0,0.01819375611024638,0.0003800584452004858,-0.0016775538634547153,1.4410127343583018e-05,0.0053064081054632175
25.68,1,0.001171984392167455,0.007778892724007061,-0.00789375172187099,-0.00021802078896376864,0.10912251892506263
25.7,0,0.01820133201958984,0.00037752197829716167,-0.001676397933995936,8.534319903500537e-06,0.005276773376256764
25.7,1,0.0013274658417043613,0.007769530175581722,-0.007891020196891065,-0.0001866972283132151,0.10896011968645733
25.72,0,0.0182088568014523,0.00037495828015229833,-0.0016752875292105427,2.1236573184389707e-06,0.0052472922648137375
25.72,1,0.0014827753509747612,0.007761610525403077,-0.007886585666055681,-0.00013343830908084386,0.10879598566472393
25.740000000000002,0,0.018216330687856,0.00037244528047017796,-0.0016741751552182631,-3.9437793085943945e-06,0.005218177705891087
25.740000000000002,1,0.0016379358079638233,0.007754508446645225,-0.007880746505976019,-6.469851133364402e-05,0.1086278167643668
25.76,0,0.018223755452187705,0.00037005750951018504,-0.0016730168160638682,-8.83741978192909e-06,0.00518964255292452
25.76,1,0.0017929561495484633,0.007747468346787189,-0.007873885492948615,1.1558051644253164e-05,0.10845299880337639
25.78,0,0.018231134241982656,0.00036785634991819745,-0.0016717783680289665,-1.1887005784054147e-05,0.005161875904638819
25.78,1,0.0019478296473653658,0.00773969460258363,-0.007866426575728199,8.679101167070186e-05,0.10826893342450011
25.8,0,0.018238471231271508,0.00036588193385651927,-0.0016704404263596037,-1.2673831885835762e-05,0.0051350209058771065
25.8,1,0.002102534029973816,0.0077304431488656985,-0.007858788441064125,0.00015284996959791936,0.10807335411452185
25.82,0,0.01824577113631193,0.00036414773280058903,-0.001669001117487892,-1.1088124655155365e-05,0.005109156383863401
25.82,1,0.002257033360844724,0.007719103814951602,-0.007851340092391855,0.00020286273834058816,0.10786459067098184
25.84,0,0.01825303865639149,0.0003626385600807675,-0.0016674762840206765,-7.344739383619708e-06,0.005084284580514364
25.84,1,0.002411281392555279,0.007705264290579454,-0.007844363259991358,0.0002319479103943048,0.10764175215771804
25.86,0,0.0182602779116877,0.0003613122843000815,-0.0016658971200411063,-1.954894343323549e-06,0.005060326874544465
25.86,1,0.0025652259588917286,0.007688749114382975,-0.00783802553187496,0.00023767805700197764,0.10740480954435967
25.88,0,0.01826749195149065,0.00036010508464700874,-0.0016643055868481276,4.342460337493012e-06,0.00503712872472063
25.88,1,0.002718813865545274,0.0076696302689260995,-0.007832366764580436,0.00022025146319228084,0.10715457230177311
25.900000000000002,0,0.018274682398087744,0.00035893962327750205,-0.0016627482801557614,1.068060089605763e-05,0.005014474124988972
25.900000000000002,1,0.0028719957062691218,0.007648209424478065,-0.007827299769005296,0.00018236544144394073,0.10689256650124897
25.92,0,0.01828184927507961,0.0003577351223467348,-0.001661269642611332,1.61829956876261e-05,0.0049921087171666614
25.92,1,0.0030247300657880666,0.007624975170727731,-0.007822624655387871,0.00012881864027305956,0.10662083374991518
25.94,0,0.018288991045728398,0.0003564180646432379,-0.0016599055081932704,2.008341801397126e-05,0.004969769486991359
25.94,1,0.0031769866661876364,0.007600541321546713,-0.00781805474763982,6.589935044206546e-05,0.1063416791512119
25.96,0,0.01829610485992025,0.00035493212505672476,-0.0016586779144660614,2.183190409476947e-05,0.004947217846699378
25.96,1,0.003328748155716096,0.007575574268103888,-0.007813250800379434,6.383519292330053e-07,0.1060574014015252
25.98,0,0.018303186980821694,0.00035324600509840226,-0.0016575919324466153,2.117199897335581e-05,0.0049242720724042765
25.98,1,0.00348001040872796,0.007550718205080067,-0.0078078594904414595,-5.998379316576874e-05,0.1057700386642867
26.0,0,0.018310233337878856,0.0003513580825755708,-0.001656634969262336,1.8178462132071097e-05,0.004900834693925919
26.0,1,0.003630781381357937,0.007526526815561908,-0.007801551873234743,-0.00010978471303087212,0.10548116013089759
26.02,0,0.0183172401347388,0.00034929717889917476,-0.0016557786388068025,1.3249848016006274e-05,0.004876910656572441
26.02,1,0.003781078728338937,0.007503408761026925,-0.007794057699886825,-0.00014400320784983128,0.10519172586222678
26.04,0,0.01832420443155373,0.0003471192422458339,-0.0016549829225752167,7.056453471186025e-06,0.004852612937970489
26.04,1,0.003930926514065807,0.007481592290704325,-0.00778519213477804,-0.0001597356514831047,0.10490202772134366
26.060000000000002,0,0.018331124622478125,0.0003449002847557005,-0.0016542020109408268,4.502279431790185e-07,0.004828153758636629
26.060000000000002,1,0.004080351432521009,0.007461111752618659,-0.0077748723991327776,-0.0001561488093383273,0.10461171334599954
26.080000000000002,0,0.018338000741177227,0.00034272642610667887,-0.0016533909724076256,-5.6514535180119535e-06,0.004803821419011517
26.080000000000002,1,0.004229378979361274,0.007441816094206487,-0.0077631230661672065,-0.0001344593140443981,0.1043198846329352
26.1,0,0.01834483454860902,0.0003406823141220803,-0.001652512279913932,-1.0392486238451973e-05,0.004779944883947575
26.1,1,0.00437802999546976,0.007423396919978805,-0.007750070002221972,-9.76965779673003e-05,0.10402525345767055
26.12,0,0.018351629385673616,0.00033883945492863183,-0.0016515412460423617,-1.3097844959302288e-05,0.004756850213960147
26.12,1,0.004526317931118002,0.007405431620079589,-0.007735924143327215,-5.0288697174376285e-05,0.10372633137828863
26.14,0,0.018358389804955074,0.0003372460482032544,-0.0016504695794610023,-1.3369816326698133e-05,0.00473481449117226
26.14,1,0.004674247075189099,0.007387435711352801,-0.007720957292697222,2.472468183599419e-06,0.10342162749075562
26.16,0,0.018365121026515212,0.0003359197699556188,-0.0016493065495400015,-1.1146943833072534e-05,0.0047140237232117365
26.16,1,0.004821811869632697,0.007368917955754866,-0.007705472827620587,5.50218317562981e-05,0.10310982954881182
26.18,0,0.018371828288282953,0.00033484458774631857,-0.0016480775947759023,-6.716905065609624e-06,0.0046945411335140705
26.18,1,0.004968997301597465,0.007349432045464684,-0.007689774559302638,0.0001021010539330458,0.10278994758257252
26.2,0,0.01837851617828732,0.00033397217183766197,-0.001646820582630305,-6.807864048399836e-07,0.004676291192132108
26.2,1,0.005115780249742971,0.007328619574470019,-0.007674136984028816,0.00013926825795990833,0.10246140578462035
26.22,0,0.018385188041149688,0.00033322784597579377,-0.0016455802695543823,6.127055524725311e-06,0.004659062788136388
26.22,1,0.005262131569533986,0.007306240476181844,-0.007658779826382338,0.0001632903333635416,0.10212407633318228
26.240000000000002,0,0.018391845543718564,0.0003325203857624341,-0.0016444017707796781,1.2753076738572858e-05,0.004642532323935504
26.240000000000002,1,0.0054080186432276705,0.007282188867490087,-0.0076438491665435995,0.00017238722823924302,0.10177825691662197
26.26,0,0.018398488465065633,0.0003317544095596917,-0.0016433239921039796,1.82571547227995e-05,0.004626304579112883
26.26,1,0.0055534080973431545,0.007256494056029554,-0.007629406648849484,0.00016631589893207482,0.10142460088548169
26.28,0,0.018405114746566215,0.00033084369915881487,-0.0016423739798089281,2.1845408732313124e-05,0.004609966379491094
26.28,1,0.005698268402421625,0.007229308110492998,-0.007615427384517784,0.00014629928303731138,0.10106401426386466
26.3,0,0.018411720802249548,0.0003297235993762644,-0.0016415630096312118,2.2984529340141363e-05,0.0045931458619275604
26.3,1,0.0058425721114545226,0.007200882680854083,-0.00760180628435909,0.00011482083119220693,0.10069753670076495
26.32,0,0.018418302052830238,0.0003283607132464563,-0.00164088498122377,2.1481150573921665e-05,0.004575568834876465
26.32,1,0.005986297556073757,0.007171538570098834,-0.007588371773354807,7.531635524506836e-05,0.1003262236261386
26.34,0,0.018424853614003023,0.0003267584334579162,-0.001640317347968017,1.7514405430806707e-05,0.004557103662980021
26.34,1,0.006129429893486056,0.007141631861202784,-0.007574905215403638,3.180146733704897e-05,0.09995104458950194
26.36,0,0.018431371045527906,0.00032495739514681036,-0.0016398244424192692,1.1616191856741315e-05,0.004537787340198603
26.36,1,0.00627196147216251,0.007111520226056223,-0.007561163956975587,-1.152538035430195e-05,0.09957280854514142
26.38,0,0.018437851056115822,0.00032303063069980594,-0.0016393627089259497,4.600980474904828e-06,0.004517827849322379
26.38,1,0.006413891551740213,0.007081532481274923,-0.007546905701462234,-5.066676544106946e-05,0.09919212150328999
26.400000000000002,0,0.018444292062256864,0.00032107395951621036,-0.001638887077815666,-2.545796967757044e-06,0.004497581230194702
26.400000000000002,1,0.006555225466063265,0.0070519436442204545,-0.007531911946867262,-8.216538549601915e-05,0.09880937640458239
26.42,0,0.01845069451698975,0.0003191928481541208,-0.0016383575502736016,-8.80565634149219e-06,0.0044775055304991825
26.42,1,0.006695973354289201,0.007022956831617687,-0.00751600843399333,-0.00010337453948489755,0.09842477018213253
26.44,0,0.01845706095514164,0.0003174875251530391,-0.0016377450336112276,-1.327208163649958e-05,0.004458097433779047
26.44,1,0.006836148602974491,0.006994692474153868,-0.007499080922528159,-0.00011264483713278872,0.09803833947528695
26.46,0,0.01846339574079981,0.0003160384444598239,-0.0016370355771880686,-1.5282058697807174e-05,0.004439820281135343
26.46,1,0.006975766144040343,0.006967184604220351,-0.007481085092779392,-0.00010942034789310912,0.09765000480697802
26.48,0,0.018469704545325618,0.0003148942077206086,-0.0016362323935591228,-1.4515028206790737e-05,0.004423033936295312
26.48,1,0.00711484074330536,0.006940383476683787,-0.007462049913542735,-9.424468635995525e-05,0.09725961335993297
26.5,0,0.01847599362401556,0.000314063765548403,-0.001635355373208626,-1.1044441613780251e-05,0.004407937159291423
26.5,1,0.007253385396475089,0.006914163520202078,-0.007442074376431151,-6.868329536596773e-05,0.09686697257819506
26.52,0,0.018482268990665685,0.0003135141525835754,-0.0016344381672100078,-5.333607052184289e-06,0.004394531743222239
26.52,1,0.007391409928560021,0.006888335558437535,-0.0074213180340820485,-3.517236523158801e-05,0.09647187018335707
26.54,0,0.018488535606968753,0.0003131742437978697,-0.001633523266916009,1.8246416574017876e-06,0.004382614771512774
26.54,1,0.007528919872123874,0.0068626623207748505,-0.007399986260966459,3.1923547206755276e-06,0.09607408013612723
26.560000000000002,0,0.018494796704841193,0.0003129441556751663,-0.0016326558015934234,9.416830992797082e-06,0.00437180134845953
26.560000000000002,1,0.007665915681487058,0.006836876397077509,-0.007378311554943132,4.291173568417295e-05,0.09567335782340096
26.580000000000002,0,0.018501053343731453,0.00031270907940565647,-0.0016318769612487618,1.6351498963989436e-05,0.004361575612715201
26.580000000000002,1,0.007802392324278707,0.006810699898390372,-0.007356532495291729,8.036798382985572e-05,0.09526943059363535
26.6,0,0.018507304273507417,0.00031235564826497707,-0.001631218005628351,2.161563521009026e-05,0.004351363440499588
26.6,1,0.007938339277323467,0.006783865102884638,-0.007334872153920323,0.00011212028141194263,0.094861991158973
26.62,0,0.018513546130794162,0.00031178851408267,-0.0016306957337690303,2.442252759255782e-05,0.004340616669564821
26.62,1,0.008073740938614942,0.0067561352648676356,-0.007313517810358244,0.00013519265087320875,0.09445070105727368
26.64,0,0.0185197739485741,0.0003109447097607671,-0.001630310074258324,2.4329422804152817e-05,0.0043288965138465856
26.64,1,0.00820857744873663,0.006727324555832442,-0.007292603741923293,0.00014733442173236327,0.09403520935992182
26.66,0,0.018525981912390084,0.000309803631320909,-0.0016300441458976568,2.1307354157808905e-05,0.004315943484334918
26.66,1,0.008342825891842398,0.006697315840754273,-0.007272198647102985,0.00014723330148021935,0.0936151884690796
26.68,0,0.018532164258515848,0.00030839105717941353,-0.0016298667771503406,1.575208946143561e-05,0.004301722711050355
26.68,1,0.00847646181782717,0.006666074750138299,-0.007252298918351534,0.0001346617314209389,0.09319038477051525
26.7,0,0.018538316185842573,0.0003067764578186949,-0.0016297371134119038,8.43350376882393e-06,0.004286436905692904
26.7,1,0.008609460994995882,0.00663365838232474,-0.007232828524335206,0.00011053950342467672,0.09276067784912168
26.72,0,0.018544434647889636,0.0003050638193357746,-0.0016296106362686847,3.896054144476857e-07,0.0042705038652863965
26.72,1,0.008741801269613114,0.0066002170489455935,-0.0072136457155437044,7.689996861977993e-05,0.09232613871661852
26.740000000000002,0,0.018550518905599257,0.00030337716926482196,-0.001629445713046326,-7.220353670900348e-06,0.004254500723378407
26.740000000000002,1,0.008873464379951434,0.00656598782106215,-0.007194556166607534,3.6753771158026804e-05,0.09188707572371207
26.76,0,0.0185565707538602,0.0003018428087706884,-0.0016292097181381138,-1.3282988641876575e-05,0.004239082311431514
26.76,1,0.009004437553453662,0.0065312792638826086,-0.00717533155966523,-6.147293751521121e-06,0.09144405698810804
26.78,0,0.018562594380734314,0.0003005707958707656,-0.001628883831022042,-1.6894055691777515e-05,0.004224885197882496
26.78,1,0.009134714711858427,0.006496447631150654,-0.0071557320499482545,-4.763357565399501e-05,0.09099790041176314
26.8,0,0.01856859587166767,0.00029963840122360953,-0.0016284658101900827,-1.7493926931478124e-05,0.004212431544062012
26.8,1,0.009264297124883686,0.00646186583965036,-0.0071355305955419284,-8.350472879913029e-05,0.09054962648390417
26.82,0,0.018574582423821446,0.0002990780345424191,-0.0016279703389497013,-1.4954918940253067e-05,0.004202047402534119
26.82,1,0.00939319339038268,0.006427887627581339,-0.007114536834119402,-0.00010994775057510814,0.09010037453671385
26.84,0,0.018580561380173225,0.0002988715381183163,-0.0016274268947605946,-9.606806409335686e-06,0.004193808340065763
26.84,1,0.00952141867688128,0.006394810257060109,-0.00709261809730527,-0.0001239455432754874,0.08965128914211701
26.86,0,0.018586539222364116,0.0002989518439058353,-0.0016268754563622913,-2.1956760131343345e-06,0.004187521490694828
26.86,1,0.009648993238866584,0.006362839784974205,-0.007069715298856152,-0.00012363197774033913,0.0892033889673792
26.88,0,0.018592520670633834,0.0002992119188088553,-0.0016263606793517473,6.219011516673048e-06,0.004182747851807301
26.88,1,0.0097759402987755,0.0063320631539139065,-0.007045851824081621,-0.00010855054178625367,0.08875743469658094
26.900000000000002,0,0.018598508026689227,0.0002995198351942809,-0.001625925394768429,1.4415096325576249e-05,0.004178862596394356
26.900000000000002,1,0.009902283472537356,0.006302431049554433,-0.007021134166014321,-7.978007895054207e-05,0.0883138147727126
26.92,0,0.01860450086231124,0.00029973786284660835,-0.0016256043838737842,2.1184783965389614e-05,0.004175145295887128
26.92,1,0.010028043986691885,0.006273754604414976,-0.0069957438517257164,-3.990273782924353e-05,0.0878724671996389
26.94,0,0.01861049610735493,0.0002997428294096162,-0.00162541934125196,2.5512470781060073e-05,0.004170887140953568
26.94,1,0.010153237983692108,0.006245717651992214,-0.00696992110691351,7.194807396984637e-06,0.08743285232049401
26.96,0,0.018616488532499465,0.0002994447435986043,-0.0016253757636546233,2.6727125857599343e-05,0.00416549928452286
26.96,1,0.010277874229013885,0.0062179044816885526,-0.006943941625599331,5.667710713148921e-05,0.08699398563650824
26.98,0,0.018622471563169585,0.00029880086687474717,-0.001625462219292514,2.4606314660424386e-05,0.004158605821586036
26.98,1,0.010401952513483444,0.006189841113927611,-0.006918088641073913,0.00010324356671760626,0.08655453202826895
27.0,0,0.018628438310291495,0.00029782303691225224,-0.0016256521029958954,1.9415692560243586e-05,0.004150106824211287
27.0,1,0.010525462985656818,0.006161046251780906,-0.006892623131969174,0.0001416933315105326,0.08611295419342216
27.02,0,0.018634382668761867,0.00029657700742552213,-0.0016259076180462379,1.1877060035922829e-05,0.004140201043921386
27.02,1,0.010648386556097029,0.006131086529216013,-0.00686775535549049,0.00016751149412717187,0.085667699914897
27.04,0,0.018640300321281254,0.0002951737372866699,-0.0016261853989892072,3.068528722866004e-06,0.004129363793290514
27.04,1,0.010770696396963946,0.006099629702953601,-0.00684362091676344,0.00017740970181309712,0.08521740613953732
27.060000000000002,0,0.01864618949600108,0.00029375376634418,-0.0016264429492613875,-5.7295324199114345e-06,0.004118282261238433
27.060000000000002,1,0.010892360429624185,0.006066489202960329,-0.00682026423364781,0.00016975499999972304,0.08476109384144487
27.080000000000002,0,0.018652051360166955,0.0002924668754398377,-0.0016266449482688985,-1.3220829719946814e-05,0.004107757085877676
27.080000000000002,1,0.011013344565894813,0.006031654056096662,-0.00679763155743176,0.00014482977360172344,0.08429832701175155
27.1,0,0.018657889984041703,0.00029144998089882575,-0.0016267685021286277,-1.8284656587761947e-05,0.004098584389171323
27.1,1,0.011133616361703125,0.005995299611830569,-0.006775574722315444,0.00010488240745743643,0.08382931215817052
27.12,0,0.018663711872422117,0.00029080653900412785,-0.0016268065677391625,-2.0144264934183684e-05,0.004091435810991974
27.12,1,0.011253148670568631,0.005957776599700139,-0.006753865620464663,5.395118993264947e-05,0.08335492120586929
27.14,0,0.018669525125776364,0.0002905905753263906,-0.0016267690483635997,-1.8486748372280662e-05,0.00408675480294175
27.14,1,0.01137192285996859,0.0059195786052297725,-0.006732220163963763,-2.5294811536388795e-06,0.08287662995437045
27.16,0,0.01867533834972332,0.00029079782107512394,-0.0016266814010458838,-1.3515884933659739e-05,0.004084685379985395
27.16,1,0.011489931182492115,0.005881290757758162,-0.006710329344625595,-5.8304516825972985e-05,0.08239637512544024
27.18,0,0.018681159471553143,0.00029136541936589376,-0.001626580961700054,-5.929060562551505e-06,0.004085044931685064
27.18,1,0.011607177975286306,0.005843524934547148,-0.006687894079685725,-0.00010699502832688806,0.08191634411198695
27.2,0,0.018686994639393006,0.00029218040426408,-0.001626511528908066,3.179447188601109e-06,0.00408734621250852
27.2,1,0.01172367948828697,0.005806848760799063,-0.006664659958278116,-0.00014283863820988701,0.08143872128939678
27.22,0,0.018692847370447466,0.00029309583998571526,-0.0016265170030892492,1.2475543498995448e-05,0.004090866216301019
27.22,1,0.01183946230039294,0.005771716837184364,-0.006640447866152811,-0.00016138605258265992,0.08096542177316375
27.240000000000002,0,0.01869871808036153,0.0002939523342703429,-0.0016266350161879294,2.0580266757658575e-05,0.004094752413027142
27.240000000000002,1,0.011954560454498499,0.00573841276134974,-0.006615176801047061,-0.00016006805063199098,0.08049784670952836
27.26,0,0.01870460407086223,0.00029460178877726954,-0.0016268914880052752,2.6274140835074247e-05,0.004098150902046699
27.26,1,0.012069011605885685,0.00570700955847897,-0.006588875978815855,-0.0001385591394153507,0.08003669295812094
27.28,0,0.018710499985319713,0.0002949298553173493,-0.0016272969086223725,2.8680619524693376e-05,0.004100337354918196
27.28,1,0.012182852612646395,0.0056773541691485015,-0.006561684494585706,-9.888597173723229e-05,0.07958184433981624
27.3,0,0.018716398671680064,0.00029487369816828476,-0.0016278448921121195,2.7400978233190973e-05,0.004100830796122797
27.3,1,0.012296115083110983,0.005649078868316508,-0.006533838217795847,-4.525790479988079e-05,0.07913236206123099
27.32,0,0.018722292329901847,0.00029443230969827914,-0.0016285132123042667,2.25798467090102e-05,0.004099472489066898
27.32,1,0.012408821420623922,0.0056216392305616205,-0.00650564510284819,1.6369604305975505e-05,0.07868657962355671
27.34,0,0.018728173776126903,0.00029366770078267137,-0.0016292671659398036,1.489063196352669e-05,0.004096457178993873
27.34,1,0.012520981864659967,0.005594374914205816,-0.006477451508626951,7.895477138204071e-05,0.07824229402749938
27.36,0,0.018734037635425076,0.00029269663434016926,-0.001630064765896265,5.4418968198667594e-06,0.004092310983942502
27.36,1,0.012632592921821045,0.005566586538570051,-0.006449603265205549,0.00013517937446203693,0.07779703216551867
27.38,0,0.018739881282584154,0.00029167399082755883,-0.001630862997712496,-4.3824069024828854e-06,0.004087818278488307
27.38,1,0.012743637421665979,0.005537619673883242,-0.006422405955996714,0.0001783147360386872,0.0773483606983267
27.400000000000002,0,0.01874570538540388,0.0002907701349809696,-0.0016316242160608104,-1.3125874856946551e-05,0.004083907764590521
27.400000000000002,1,0.012854086238826641,0.005506945769711062,-0.006396089095922234,0.00020303983593511488,0.07689420094001975
27.42,0,0.018751513962475784,0.00029014559713217314,-0.0016323217371701003,-1.9475999027598195e-05,0.004081514358878022
27.42,1,0.012963901517820575,0.005474229905668218,-0.006370778538993858,0.00020611032563080944,0.07643310835372424
27.44,0,0.018757313939172605,0.0002899268412630212,-0.0016329438015467261,-2.2461752399631843e-05,0.004081437530081928
27.44,1,0.01307304104602598,0.0054393765917605365,-0.006346480568018772,0.0001867926892053437,0.07596447959544217
27.46,0,0.018763114260918944,0.0002901867878190821,-0.0016334953212523721,-2.1602603573558227e-05,0.004084217633040708
27.46,1,0.013181463268105462,0.00540254734318133,-0.006323079797806295,0.00014700445167797893,0.07548865835286064
27.48,0,0.018768924690429154,0.00029093309852006266,-0.001633997152143314,-1.698603014818438e-05,0.004090049409429061
27.48,1,0.013289132342203316,0.005364147120174121,-0.0063003514113260314,9.113613303828733e-05,0.07500692354939942
27.5,0,0.018774754465124926,0.00029210610392700495,-0.0016344829957988792,-9.26101054065688e-06,0.004098746465518726
27.5,1,0.013396022617959724,0.005324780551141946,-0.00627798653592114,2.5569415525499017e-05,0.07452135830046173
27.52,0,0.018780611014598176,0.00029358682552978193,-0.0016349943846690445,4.525933242488511e-07,0.0041097629640926975
27.52,1,0.01350212197331074,0.0052851826688293845,-0.006255627961473488,-4.205606185335442e-05,0.07403461342546473
27.54,0,0.01878649893177889,0.00029521402440877597,-0.0016355744858225238,1.0726235993210181e-05,0.004122270105729654
27.54,1,0.013607433575936656,0.005246132196759289,-0.006232912103755884,-0.00010374256100783436,0.07354959331563789
27.560000000000002,0,0.01879241935587794,0.0002968078271201057,-0.0016362616319992305,2.003304378509624e-05,0.004135276535896383
27.560000000000002,1,0.013711975821503275,0.005208357790616003,-0.006209512290168572,-0.00015209358611634888,0.07306910265474038
27.580000000000002,0,0.018798369865142436,0.00029819644802476136,-0.0016370835278782245,2.6975373596976535e-05,0.004147774898749683
27.580000000000002,1,0.013815780422241424,0.0051724487422714,-0.006185178202797543,-0.00018121601256228942,0.07259549840436189
27.6,0,0.018804344901709798,0.0002992420076558325,-0.0016380529787485916,3.0495653205585282e-05,0.004158892453976069
27.6,1,0.013918888848666364,0.005138781323754144,-0.006159766696339004,-0.00018745318376083703,0.07213039171631885
27.62,0,0.018810336670617385,0.00029986152545893397,-0.0016391657629433736,3.003867291761532e-05,0.004168022683507461
27.62,1,0.014021347535497952,0.00510747019694872,-0.0061332601802917405,-0.0001698561156521644,0.07167443887293425
27.64,0,0.018816336382406738,0.00030003983929640206,-0.0016404009517563725,2.564040398357441e-05,0.0041749173461660535
27.64,1,0.014123202423347974,0.005078351337826646,-0.006105770206539555,-0.00013033086931638072,0.07122724959888943
27.66,0,0.01882233565486707,0.00029983237988343546,-0.0016417236179619905,1.792916088364828e-05,0.0041797241574844475
27.66,1,0.014224493499320687,0.005050999078778701,-0.006077525664171984,-7.343934809263958e-05,0.07078742645099445
27.68,0,0.01882832786272357,0.00029935723457334885,-0.0016430895200025852,8.0379333571301e-06,0.004182963350669755
27.68,1,0.014325250009567306,0.005024775634572783,-0.006048846841101489,-5.87344091729225e-06,0.07035273232493625
27.7,0,0.01883430922892198,0.00029877754762390923,-0.0016444510556578539,-2.5599417766246357e-06,0.004185445608511353
27.7,1,0.014425486942489513,0.00499890738067453,-0.006020108339403483,6.43367601420794e-05,0.06992036656930134
27.72,0,0.01884027948728773,0.0002982767798377508,-0.0016457635898620945,-1.2267926526541087e-05,0.004188142844255052
27.72,1,0.014525203230844717,0.0049725787215771245,-0.005991695213919736,0.00012878616902407825,0.06948731593305567
27.740000000000002,0,0.018846242008687283,0.0002980304632289411,-0.0016469912042239177,-1.96041826211954e-05,0.00419203066782637
27.740000000000002,1,0.014624381912430458,0.004945032068127706,-0.005963957567055569,0.0001797124637201858,0.0690507364900677
27.76,0,0.01885220336227905,0.00029817866212737167,-0.001648110999161559,-2.3424678099787447e-05,0.004197925947882991
27.76,1,0.014722992247932198,0.004915661546684295,-0.005937169064711788,0.00021094349777364685,0.06860831815580648
27.78,0,0.018858172368177575,0.0002988032961846716,-0.0016491152910777615,-2.3097780162842016e-05,0.004206343926748244
27.78,1,0.014820993550990718,0.004884088720750266,-0.005911494403893102,0.00021865699349550571,0.06815858509700821
27.8,0,0.018864158775072557,0.0002999137931985124,-0.0016500113553927361,-1.860354782328745e-05,0.004217396652602462
27.8,1,0.014918340270325925,0.004850210751132279,-0.005886969709087586,0.00020185742947581575,0.06770109308637609
27.82,0,0.018870171754223404,0.0003014433167356435,-0.0016508187259336653,-1.0541987274449022e-05,0.004230748421573459
27.82,1,0.015014987704311688,0.004814214795732921,-0.005863498286702138,0.0001625094153713258,0.06723649772488957
27.84,0,0.01887621843075467,0.0003032562341526366,-0.0016515644189439107,-4.8078161583864354e-08,0.004245635356298495
27.84,1,0.015110897645368214,0.00477655663665863,-0.005840862311810207,0.00010530909662306853,0.06676648381659775
27.86,0,0.018882302669468883,0.0003051657902994016,-0.001652276752889231,1.137459660563618e-05,0.004260946467585987
27.86,1,0.015206043256019175,0.0047379059944429106,-0.005818749085938879,3.7119987537810595e-05,0.06629356393466294
27.88,0,0.01888842429561908,0.0003069593878769861,-0.0016529786384598504,2.2077393729488803e-05,0.004275354036548316
27.88,1,0.015300412570499551,0.004699065180054261,-0.005796788726824687,-3.385854214320305e-05,0.06582077106290286
27.900000000000002,0,0.018894578866419764,0.00030842768657499305,-0.0016536812865853806,3.0514233137169874e-05,0.004287473378912733
27.900000000000002,1,0.01539401018431011,0.004660871110142133,-0.005774598751023319,-9.908839401324976e-05,0.0653512839360031
27.92,0,0.01890075802600063,0.0003093931050210083,-0.0016543792149759308,3.547624331585661e-05,0.00429602722697826
27.92,1,0.015486856918218122,0.004624092835998074,-0.005751830162152401,-0.00015073282397122523,0.06488803252794427
27.94,0,0.01890695038741405,0.000309733344413796,-0.001655047235581335,3.627795553425364e-05,0.004299988866258891
27.94,1,0.015578987494848803,0.004589337335980062,-0.005728209467718036,-0.00018261117474141497,0.06443333387846228
27.96,0,0.01891314280364822,0.0003093962529550991,-0.001655639805683544,3.286653272499725e-05,0.0042986810086463895
27.96,1,0.015670446513526854,0.004556975312734155,-0.005703571540848615,-0.00019095034003779876,0.06398860471831597
27.98,0,0.01891932182785181,0.00030840361701646885,-0.0016560927684110614,2.5836854163758388e-05,0.0042918137840668065
27.98,1,0.01576128322116031,0.0045270962439596584,-0.0056778793599691355,-0.0001748402014861844,0.0635541876169214
28.0,0,0.01892547513073634,0.00030684311210760716,-0.0016563271470794254,1.6349320565442818e-05,0.004279454248941058
28.0,1,0.015851545726877442,0.004499498272443162,-0.005651228262137362,-0.0001363370644206774,0.06312931287862494
28.02,0,0.01893159264560135,0.00030484942780566236,-0.0016562543453816838,5.961899768525819e-06,0.004261930089510747
28.02,1,0.01594127537686103,0.004473714151682222,-0.00562383423663798,-8.020290625979087e-05,0.0627122010298109
28.04,0,0.0189376672486125,0.0003025772263027383,-0.0016557818882943214,-3.5990096348310907e-06,0.004239680177873167
28.04,1,0.016030501984702576,0.004449069942497027,-0.005596007730957332,-1.331352687084647e-05,0.06230029272182923
28.060000000000002,0,0.018943694848559588,0.00030016985220288354,-0.0016548187487468898,-1.0694851528249283e-05,0.0042130727823686195
28.060000000000002,1,0.016119240504365435,0.004424769057923657,-0.005568116201360003,5.619024812829332e-05,0.0618905765628029
28.080000000000002,0,0.018949673846501626,0.0002977283859672226,-0.0016532793558869014,-1.4019866186938679e-05,0.004182217269728054
28.080000000000002,1,0.016207489551305305,0.0043999910982863415,-0.005540539998341316,0.00011990247526783016,0.06147997290074095
28.1,0,0.018955604018553656,0.00029528561600356993,-0.0016510855645781295,-1.2797630745089994e-05,0.004146796254795068
28.1,1,0.01629523194553763,0.004373993104254173,-0.00551362696710158,0.00017017893283696045,0.06106572452672145
28.12,0,0.018961484960517357,0.0002927887901508909,-0.0016481661553055089,-6.899075823647155e-06,0.004105942137936119
28.12,1,0.016382437197867597,0.004346200609122481,-0.005487651269840195,0.00020106397390980135,0.060645744553804934
28.14,0,0.01896731429801529,0.0002900936976755645,-0.0016444537859475708,3.1365311036011395e-06,0.004058175236354303
28.14,1,0.01646906561905367,0.004316277217698317,-0.005462781387771206,0.00020900361901661502,0.06021887742875982
28.16,0,0.018973085900150902,0.00028697092111906606,-0.0016398796796277856,1.6181640514414605e-05,0.004001411255152511
28.16,1,0.016555073531751636,0.0042841641995725295,-0.005439061107871635,0.00019325840778208758,0.05978504038623333
28.18,0,0.018978788332932088,0.0002831232399285749,-0.001634366652220216,3.0690280424556723e-05,0.003933035078575493
28.18,1,0.016640418931649022,0.0042500854009584095,-0.005416405688552214,0.00015596745266787532,0.05934522816074986
28.2,0,0.018984403750660246,0.00027821144607036814,-0.001627821311636548,4.4932816366864e-05,0.003850027428618289
28.2,1,0.016725066893626534,0.004214517160526978,-0.005394613531571522,0.00010185884950145857,0.058901381397876235
28.22,0,0.018989907354612933,0.0002718845092049158,-0.0016201263648017328,5.726068812874838e-05,0.0037491224407400735
28.22,1,0.01680899405682336,0.0041781273006723215,-0.005373391796721312,3.764555606874248e-05,0.05845613665334376
28.240000000000002,0,0.01899526745879563,0.00026380931068391425,-0.0016111339317830368,6.636138170395753e-05,0.003626968967870843
28.240000000000002,1,0.016892191643599255,0.00414169109980135,-0.005352392714256005,-2.881547938295842e-05,0.058012490876601853
28.26,0,0.019000446105712786,0.00025369516667382195,-0.0016006605952285139,7.146505297355062e-05,0.0034802672804599578
28.26,1,0.01697466665554524,0.004105994951993474,-0.00533125608282635,-8.949458805751487e-05,0.05757342391596615
28.28,0,0.019005400085646735,0.000241309087616622,-0.001588484632476153,7.247122880665001e-05,0.0033058559978260595
28.28,1,0.01705644112050959,0.004071739842461909,-0.005309652739531165,-0.00013716971923000143,0.05714152751369672
28.3,0,0.019010082144486084,0.00022647906990549095,-0.0015743455290495399,6.997585823470022e-05,0.0031007311204421743
28.3,1,0.01713754950852561,0.00403945664486927,-0.00528732373358932,-0.0001662948667775499,0.056718687894947335
28.32,0,0.019014442128285642,0.00020908448622374386,-0.0015579455074851316,6.519391531310641e-05,0.002861988891819307
28.32,1,0.017218034660664686,0.0040094436128926,-0.00526411052508813,-0.00017365105503636818,0.05630586163553277
28.34,0,0.019018427813322584,0.0001890345674649056,-0.0015389524786657523,5.9788528255364654e-05,0.002586695416253313
28.34,1,0.017297942754927544,0.003981733519270337,-0.005239972684452361,-0.0001587027788103948,0.055902972048595116
28.36,0,0.019021985208641474,0.0001662377593590059,-0.0015170035825667074,5.563184186682668e-05,0.0022716967891592554
28.36,1,0.017377317945261237,0.003956094078007009,-0.005214991137092078,-0.00012362044096486668,0.05550893753306299
28.38,0,0.01902505818842091,0.0001405661169153064,-0.0014917083672156615,5.4533342107969396e-05,0.0019133922947063217
28.38,1,0.017456197340520615,0.003932061066150048,-0.005189356782299963,-7.297134278910072e-05,0.05512182626888977
28.400000000000002,0,0.019027587403475547,0.00011181965577822424,-0.0014626506762582142,5.7976558377843476e-05,0.0015074986225172959
28.400000000000002,1,0.017534606937041917,0.003908999481560492,-0.0051633460932976865,-1.3122813639403208e-05,0.05473911555548629
28.42,0,0.01902950852096934,7.96955911469122e-05,-0.0014293884735939804,6.690408335519211e-05,0.0010488341927015771
28.42,1,0.017612558989499573,0.003886184647471925,-0.005137286858107622,4.856402029991547e-05,0.05435802104430704
28.44,0,0.01903074993380021,4.376665413501374e-05,-0.0013914511046266796,8.158381345844262e-05,0.0005311493444317486
28.44,1,0.017690051117397337,0.0038628928267676705,-0.005111518361781272,0.00010464681360345535,0.05397585276114393
28.46,0,0.019031230151963393,3.471289154697807e-06,-0.0013483338375018645,0.0001015772375515308,-5.297918938576042e-05
28.46,1,0.01776706722351602,0.0038384899175291642,-0.005086350906698125,0.00014850668757528107,0.05359035215783302
28.48,0,0.01903085512652078,-4.1883289729221306e-05,-0.0012994898932356966,0.0001258152825059644,-0.0007121813387150622
28.48,1,0.01784358007434803,0.003812507267165064,-0.005062029556066357,0.00017513401486496383,0.05319996772544593
28.5,0,0.019029515756477912,-9.310619563108609e-05,-0.0012443205066155587,0.000152770962512443,-0.0014562577013476474
28.5,1,0.017919555189567535,0.0037846954780855154,-0.005038706379522592,0.0001817012847242297,0.052804035408472984
28.52,0,0.019027085789625493,-0.00015109898339556884,-0.001182163810791112,0.0001807033355059797,-0.0022960891030439443
28.52,1,0.017994955532968426,0.0037550500230267504,-0.005016424365045587,0.00016785737235236464,0.05240284295002215
28.54,0,0.019023420255897087,-0.0002168270774852221,-0.0011122834703973393,0.0002079362927706139,-0.003243515377563724
28.54,1,0.01806974640945611,0.003723806146023101,-0.004995114685365008,0.00013571342933470926,0.051997572614988705
28.560000000000002,0,0.01901835447680528,-0.0002912915970948179,-0.0010338579814330136,0.00023313018870782,-0.00431121254803527
28.560000000000002,1,0.018143899961150282,0.0036914044164110637,-0.004974607358101852,8.952938873962868e-05,0.05159013244101526
28.580000000000002,0,0.01901170359133191,-0.0003755066826975761,-0.000945971412172452,0.0002555051315757577,-0.005512598689341822
28.580000000000002,1,0.018217398720106692,0.00365843192976217,-0.004954653722510277,3.514681081659421e-05,0.05118290020585378
28.6,0,0.019003262442911777,-0.0004704866716410314,-0.0008476060997908029,0.00027498182143304885,-0.006861795224407488
28.6,1,0.01829023780564368,0.003625547058327578,-0.004934957768574692,-2.0756068907959446e-05,0.05077841488549405
28.62,0,0.018992805598492386,-0.0005772460464296438,-0.0007376374810513878,0.00029221810687897216,-0.008373662756893984
28.62,1,0.01836242553269417,0.0035933974941303364,-0.004915212360050494,-7.149129509401858e-05,0.05037905621291873
28.64,0,0.018980087230447553,-0.0006968132000648672,-0.0006148308727059556,0.0003085351058280169,-0.010063919906736158
28.64,1,0.018433982400318235,0.0035625418951869153,-0.0048951359031121355,-0.00011116685531742387,0.049986753387934235
28.66,0,0.01896484059172867,-0.0008302570113284163,-0.00047783968251803935,0.0003257434389391453,-0.011949341597536974
28.66,1,0.018504938630386263,0.0035333847023601324,-0.004874505073063683,-0.00013537327973172503,0.04960275911277358
28.68,0,0.018946776854391355,-0.000978723310486943,-0.000325204275229043,0.00034589532718377544,-0.014048021674000977
28.68,1,0.018575330600318563,0.0035061317722458354,-0.004853179800744824,-0.0001416708993336388,0.049227515710775334
28.7,0,0.01892558315576362,-0.001143476834751782,-0.00015535057793759116,0.00037099968905619785,-0.016379675375581146
28.7,1,0.01864519663962903,0.0034807716482935583,-0.004831117751384366,-0.00012982440182113947,0.048860627477930955
28.72,0,0.018900919793976952,-0.0013259434512507481,3.3412492502545465e-05,0.00040274318575105744,-0.01896595150326153
28.72,1,0.018714572723560093,0.0034570839529135962,-0.004808376863694246,-0.00010176401368450216,0.04850093935447485
28.740000000000002,0,0.018872416620696515,-0.0015277473923804203,0.00024289756060646067,0.0004422594879305401,-0.021830722981256427
28.740000000000002,1,0.01878348859233735,0.0034346729665724845,-0.004785105984942848,-6.128683242387356e-05,0.048146708364438656
28.76,0,0.01883966877758777,-0.001750739013742139,0.00047504580675508917,0.0004899819398845352,-0.025000328132274482
28.76,1,0.018851964754372803,0.0034130214006343413,-0.0047615250566880605,-1.354321518963475e-05,0.047795842824070414
28.78,0,0.018802231999310744,-0.001997010036129668,0.00073193665292347,0.0005456023172119868,-0.02850374282302734
28.78,1,0.018920010707143973,0.0033915570437070166,-0.004737897505732417,3.5622119394181084e-05,0.04744617649250405
28.8,0,0.018759617747949285,-0.0022688951524606664,0.0010157999387966775,0.0006081423783267197,-0.03237267451277605
28.8,1,0.018987624548007214,0.003369723634831247,-0.004714498337993992,8.0389351864385e-05,0.04709574153577307
28.82,0,0.01871128844521881,-0.0025689609774766056,0.0013290300612774,0.0006761278092149645,-0.036641581493887444
28.82,1,0.01905479397043017,0.0033470471219500847,-0.004691581829834208,0.00011565403002622432,0.04674300567727496
28.84,0,0.018656653029191648,-0.0028999852728836435,0.0016742012776268975,0.0007478385477986023,-0.041347632368169615
28.84,1,0.01912149847174125,0.003323189382249648,-0.0046693526298202575,0.000137606502876364,0.046387044848618705
28.86,0,0.0185950629875471,-0.0032649308934883142,0.002054083212954896,0.0008215977300396211,-0.04653063023887602
28.86,1,0.019187712457370616,0.0032979833521813726,-0.004647943551015602,0.00014413483684570794,0.04602763209369351
28.88,0,0.018525808920818315,-0.003666919736561297,0.0024716555894020026,0.0008960554302940953,-0.05223293174215225
28.88,1,0.01925340883016391,0.0032714460638206037,-0.004627402430399334,0.00013500984903084406,0.04566523504445761
28.900000000000002,0,0.01844811758180776,-0.00410921200473979,0.0029301213097183533,0.0009704239257538223,-0.05849939199211089
28.900000000000002,1,0.019318562611817348,0.0032437689599713296,-0.004607689280262957,0.00011183906386728198,0.04530092637573133
28.92,0,0.018361149237756117,-0.004595195302526402,0.003432917263898258,0.0010446283484810484,-0.06537736258385068
28.92,1,0.019383154159575148,0.0032152876855538683,-0.004588683703767364,7.780495229310624e-05,0.04493622264546105
28.94,0,0.018263995125387504,-0.0051283865930052295,0.003983722547948729,0.0011193492472982465,-0.07291676154937146
28.94,1,0.01944717161041371,0.0031864359729595186,-0.004570201346610375,3.722818965085778e-05,0.0445728754317824
28.96,0,0.018155674727602645,-0.005712448067924299,0.004586464140016238,0.001195949868444894,-0.08117022281938507
28.96,1,0.019510612295904495,0.003157689967939165,-0.004552017149392124,-4.98412221846406e-06,0.044212643673366775
28.98,0,0.018035132601061907,-0.0063512158284516175,0.005245320416920123,0.001276298419810494,-0.09019332001813313
28.98,1,0.019573483007943458,0.0031295101960033033,-0.004533892461852958,-4.393435697585407e-05,0.0438570771010221
29.0,0,0.017901234526575025,-0.007048738262816838,0.005964723162346768,0.0013625115599970178,-0.10004484723943276
29.0,1,0.019635799140212466,0.0031022882841888625,-0.0045156027503518515,-7.530169303469197e-05,0.04350733767167877
29.02,0,0.01775276283305629,-0.00780931944744752,0.0067493588756678885,0.0014566574140707222,-0.11078712967833601
29.02,1,0.019697582864234755,0.00307630458973015,-0.004496962695572622,-9.581530877993127e-05,0.04316407956500203
29.04,0,0.01758841084924332,-0.0086375620295009,0.007604170213204535,0.0015604627105471058,-0.1224863311235597
29.04,1,0.019758860606173982,0.0030517012152686796,-0.00447784591225608,-0.00010358257582481281,0.042827399589586326
29.060000000000002,0,0.017406776550050677,-0.009538404006008454,0.00853435827757436,0.0016750681759866853,-0.13521272426010505
29.060000000000002,1,0.01981966015933886,0.0030284727607870127,-0.004458197258103002,-9.824140154249955e-05,0.042496860052560675
29.080000000000002,0,0.017206355569505095,-0.010517144607872744,0.00954538623213569,0.0018008691545931682,-0.1490408936648116
29.080000000000002,1,0.01988000779145541,0.003006474870739697,-0.004438036634308602,-8.092844925463791e-05,0.04217157663961039
29.1,0,0.016985533833951516,-0.011579456007817648,0.0106429843914007,0.0019374656020571257,-0.1640498497115042
29.1,1,0.019939925684925138,0.002985448479349235,-0.004417454196769639,-5.407717948026011e-05,0.04185035589036955
29.12,0,0.01674258011539497,-0.012731379572074994,0.011833156572663423,0.002083729061816489,-0.18032304307086638
29.12,1,0.019999429987937026,0.002965055900177841,-0.004396597873184582,-2.1078817078676315e-05,0.04153186141956845
29.14,0,0.016475638808606564,-0.013979307562251866,0.013122187142960982,0.002237976469267086,-0.1979482823407932
29.14,1,0.020058529664493143,0.0029449237421286046,-0.004375654907009889,1.4146678077586738e-05,0.04121478571172288
29.16,0,0.016182723196582417,-0.015329953232895155,0.01451664791073962,0.002398224343202471,-0.21701756960373464
29.16,1,0.020117226225206394,0.0029246871678902608,-0.00435482973842002,4.761511889488437e-05,0.040898005231568765
29.18,0,0.01586170939325546,-0.016790313849320813,0.01602340383528316,0.0025624845983641537,-0.23762687848885555
29.18,1,0.02017551431232747,0.0029040302502367776,-0.004334320831429858,7.572308781217396e-05,0.04058070041550271
29.2,0,0.015510331051805298,-0.01836763202588047,0.01764961648504037,0.0027290567400219262,-0.25987590510234854
29.2,1,0.020233383015267423,0.0028827180427497064,-0.004314299048192529,9.562446953395587e-05,0.040262428128961934
29.22,0,0.015126174817127334,-0.02006936082012026,0.01940274427447775,0.002896771589066094,-0.28386782307074976
29.22,1,0.020290817717863945,0.0028606173068548017,-0.004294889875301918,0.00010550087980215617,0.03994314141616507
29.240000000000002,0,0.014706676399122378,-0.021903137204328845,0.021290538733186485,0.003065148901564674,-0.3097090697621685
29.240000000000002,1,0.02034780223307939,0.002837704421605876,-0.004276161273157229,0.00010470315568022678,0.03962315874680204
29.26,0,0.014249117065431175,-0.023876766993752886,0.02332103637731433,0.0032344442176456822,-0.3375091821301861
29.26,1,0.020404320967689155,0.0028140606251248423,-0.004258118221776501,9.375730728296977e-05,0.039303091444464824
29.28,0,0.01375062031045912,-0.02599822227323178,0.02550254611504002,0.0034055770478872427,-0.36738068887313213
29.28,1,0.020460360877463963,0.0027898561903391193,-0.004240704261640333,7.42439396234848e-05,0.038983742725124185
29.3,0,0.013208148458912255,-0.028275650140963924,0.02784363247130094,0.00357995054181523,-0.3994390525153102
29.3,1,0.020515913017253314,0.002765326257107408,-0.004223809565212253,4.857335189274378e-05,0.03866599424761097
29.32,0,0.0126184990069161,-0.03071738951917299,0.030353095210350234,0.0037591893416987487,-0.4338026426101206
29.32,1,0.020570973552387854,0.002740741722277305,-0.0042072844048238744,1.9687998367941273e-05,0.038350696113514327
29.34,0,0.01197830058577677,-0.03333199118422408,0.03303994612524979,0.00394483488006836,-0.47059271145920545
29.34,1,0.020625544168650502,0.002716378791531155,-0.004190956370539684,-9.27096873445249e-06,0.03803857405017062
29.36,0,0.01128400854051176,-0.0361282352902683,0.035913383824048094,0.0041380440067144975,-0.5099333380704707
29.36,1,0.020679631888371307,0.0026924905517879947,-0.00417464938046134,-3.529585652777001e-05,0.03773016358155969
29.38,0,0.01053190023146527,-0.03911514063914717,0.03898276726579329,0.004339336502255431,-0.5519513054503158
29.38,1,0.020733248361807993,0.002669283315979605,-0.004158202434222494,-5.580964679622116e-05,0.037425776070510695
29.400000000000002,0,0.009718070275183706,-0.042301960793248106,0.042257588599131105,0.0045484297787728445,-0.5967758808842463
29.400000000000002,1,0.020786408749834166,0.0026468996464669046,-0.004141486182524943,-6.890137748918543e-05,0.037125496428025845
29.42,0,0.008838426023985749,-0.04569816371352493,0.04574744556424493,0.00476418596703293,-0.6445384779563819
29.42,1,0.020839130342682272,0.0026254090183643413,-0.004124415694627448,-7.348156250060536e-05,0.03682920781960139
29.44,0,0.00788868362969805,-0.04931339369476706,0.049462013381464234,0.004984679621729271,-0.6953721913484681
29.44,1,0.020891431069447096,0.002604806172685218,-0.004106958258535323,-6.93490662271902e-05,0.036536635483820246
29.46,0,0.0068643650388139,-0.05315741664959617,0.0534110157201796,0.005207376013491027,-0.7494112091078373
29.46,1,0.020943328046057367,0.002585016439821096,-0.004089135591724862,-5.717004029767367e-05,0.036247400197793024
29.48,0,0.005760796223518471,-0.057240051917036454,0.057604194072000826,0.005429393196509813,-0.8067901200350202
29.48,1,0.020994836289082303,0.0025659067571106487,-0.004071020415983175,-3.837746756653326e-05,0.035961072067115615
29.5,0,0.004573106872009132,-0.061571095419136246,0.06205127468586149,0.005647808303081314,-0.8676431441709888
29.5,1,0.021045967693656187,0.0025473007877567385,-0.0040527279025381335,-1.500595664167062e-05,0.035677216985236015
29.52,0,0.003296231654509057,-0.06616023991041035,0.06676193218822242,0.005859961771939037,-0.932103320517684
29.52,1,0.021096730340712026,0.002528996458846905,-0.004034402973894319,1.0519565024118271e-05,0.03539543085883255
29.54,0,0.0019249130644498644,-0.0710169981207134,0.07174574911737149,0.006063713508831503,-1.000301687198819
29.54,1,0.021147128165742577,0.002510784328338559,-0.004016204817629037,3.5620657837937e-05,0.035115359938901886
29.560000000000002,0,0.00045370572508833057,-0.07615063377552281,0.07701217083497154,0.006257612278685265,-1.0723664851360046
29.560000000000002,1,0.02119716099146326,0.002492465400394759,-0.003998290198042837,5.780691219508388e-05,0.034836708693331546
29.580000000000002,0,-0.0011230180332833933,-0.0815701039150281,0.08257045560938145,0.0064409528438317265,-1.148422407654225
29.580000000000002,1,0.02124682490169901,0.002473867267530934,-0.003980797230294143,7.490271150704594e-05,0.034559239033926034
29.6,0,-0.0028110615687049686,-0.0872840138659766,0.0884296200484145,0.006613712492712809,-1.2285899066163852
29.6,1,0.021296112913946463,0.002454857709219091,-0.003963831207588345,8.524196838845255e-05,0.03428276596067882
29.62,0,-0.004616396543222267,-0.09330058396698775,0.09459838044107408,0.006776377046993187,-1.3129845525848216
29.62,1,0.02134501589281027,0.002435355083423946,-0.003947453856041698,8.781653808087597e-05,0.03400715462985437
29.64,0,-0.006545154967151266,-0.09962762505746434,0.1010850908957106,0.006929683384148233,-1.401716434188649
29.64,1,0.021393523634844917,0.002415334999721522,-0.003931677055161683,8.23674293413297e-05,0.03373232256675998
29.66,0,-0.008603620803341951,-0.10627251813685182,0.10789767939144583,0.00707431838048711,-1.4948895722964126
29.66,1,0.021441626046270285,0.002394832875186045,-0.003916461634071609,6.941171093619719e-05,0.033458248541668435
29.68,0,-0.010798221160967778,-0.11324219273574385,0.11504358296085777,0.007210620995313555,-1.5926013192957273
29.68,1,0.021489314328092944,0.0023739420809027047,-0.0039017213706897037,5.0202135537479736e-05,0.03318498699710039
29.7,0,-0.013135516997825466,-0.1205430985518369,0.12252968318423131,0.007338333927848106,-1.6949417136535647
29.7,1,0.021536582078654335,0.002352807529564428,-0.0038873318233566545,2.6620982781583313e-05,0.03291268443112041
29.72,0,-0.015622193148743734,-0.12818116579682567,0.13036224300925386,0.0074564439126254545,-1.8019927650681848
29.72,1,0.021583426222649114,0.002331614770223028,-0.003873143154112383,1.0144240990689335e-06,0.03264159235902332
29.740000000000002,0,-0.018265047422009423,-0.13616175134486025,0.13854684564404773,0.007563136383307745,-1.9138276552113511
29.740000000000002,1,0.02162984767991155,0.0023105749651834086,-0.003858995701452519,-2.402131392799725e-05,0.03237207082649572
29.76,0,-0.021070978468461406,-0.14448956992358417,0.1470883359496937,0.007655872948536091,-2.0305098518787146
29.76,1,0.02167585169861452,0.0022899065208540287,-0.00384473676580252,-4.588586533217642e-05,0.03210457715728858
29.78,0,-0.02404697213604546,-0.15316861192124503,0.1559907644327093,0.00773158151222697,-2.1520921484096576
29.78,1,0.02172144779742119,0.002269814594246225,-0.0038302369141874387,-6.223234087790117e-05,0.03183963666032505
29.8,0,-0.02720008607628353,-0.16220205154520015,0.1652573336602468,0.007786931767184813,-2.278615653399987
29.8,1,0.021766649290055975,0.0022504701379175243,-0.003815404112710472,-7.121317852264858e-05,0.031577795109367986
29.82,0,-0.03053743246151216,-0.1715921507304972,0.17489034673532985,0.007818655803072616,-2.4101087660300333
29.82,1,0.021811472402760147,0.002231990498290441,-0.003800194164639161,-7.168946306096782e-05,0.03131955643912714
29.84,0,-0.0340661587902291,-0.18134016510930362,0.1848911574061233,0.007823866682623137,-2.546586178212874
29.84,1,0.02185593503753453,0.002214423760479679,-0.003784616261156211,-6.337998596845848e-05,0.031065312632683962
29.86,0,-0.037793426885828395,-0.19144625837377188,0.19526012145300062,0.0078003281116871825,-2.6880479453444934
29.86,1,0.021900055277699917,0.002197738963593477,-0.003768732917959069,-4.69300417091853e-05,0.030815275532017863
29.88,0,-0.041726390313329885,-0.20190943049268026,0.2059965491904272,0.007746635727563733,-2.834478662625087
29.88,1,0.021943849771663273,0.0021818239482841455,-0.0037526541349251663,-2.3886420655511165e-05,0.03056942169663355
29.900000000000002,0,-0.04587217053264681,-0.212727463608089,0.21709865920862267,0.007662283937412306,-2.9858467744506587
29.900000000000002,1,0.021987332159881325,0.0021664919383652297,-0.003736526225542192,3.4260697019256048e-06,0.030327461067411292
29.92,0,-0.0502378321625682,-0.22389688729048599,0.22856353381894318,0.00754760961791634,-3.14210403168472
29.92,1,0.022030511723260343,0.002151497044147564,-0.003720516355971214,3.212067886462083e-05,0.030088837939201273
29.94,0,-0.05483035773986,-0.23541296249581303,0.24038707700488973,0.007403622693606948,-3.3031850976349895
29.94,1,0.022073392424381128,0.0021365577984014095,-0.003704794345228025,5.904038440425474e-05,0.029852768793215478
29.96,0,-0.05965662232251241,-0.24726968140004552,0.25256397596498575,0.007231750793325276,-3.4690072903939626
29.96,1,0.022115972483997288,0.002121386727704324,-0.003689513646397077,8.109781114937209e-05,0.029618316376711168
29.98,0,-0.06472336821190049,-0.25945977861539005,0.26508766751912843,0.00703353822021846,-3.639470438835679
29.98,1,0.022158244585120307,0.0021057229769839082,-0.0036747936034854595,9.562790704929422e-05,0.029384493770725422
30.0,0,-0.07003717996809258,-0.27197474836915353,0.2779503107050966,0.006810346367555287,-3.814456823535705
30.0,1,0.022200196729720845,0.0020893642995882685,-0.003660705027075126,0.00010071327245241707,0.029150386921783338
30.02,0,-0.07560445978229365,-0.2848048621893416,0.2911427668041059,0.006563102412203481,-3.9938311730629854
30.02,1,0.022241813695626556,0.0020721944328963354,-0.0036472608456468675,9.544195855955284e-05,0.02891528010198914
30.04,0,-0.08143140316841148,-0.2979391824912668,0.304654587811636,0.006292135658378939,-4.177440690536113
30.04,1,0.022283078962818108,0.002054202088293996,-0.0036344130865533938,8.006249359326922e-05,0.028678766742522677
30.060000000000002,0,-0.08752397485858768,-0.31136556906148677,0.31847401403956804,0.005997127417275205,-4.3651150942780905
30.060000000000002,1,0.022323976909397174,0.002035488518426461,-0.0036220567663814854,5.601071901341348e-05,0.02844082853895704
30.080000000000002,0,-0.09388788474792445,-0.325070677537825,0.33258798114061056,0.005677182845536866,-4.556666668375087
30.080000000000002,1,0.022364495028156888,0.002016261834367808,-0.003610040493890135,2.579689742215549e-05,0.028201868783727158
30.1,0,-0.10052856373837056,-0.3390399512579529,0.3469821364375844,0.005331014388235467,-4.751890331999576
30.1,1,0.022404625893323805,0.0019968178078377517,-0.0035981827960034026,-7.241970497652572e-06,0.027962691280226177
30.12,0,-0.1074511393806628,-0.3532576099376273,0.3616408640711461,0.004957209244300209,-4.950563748371082
30.12,1,0.02244436861895733,0.001977508624331623,-0.0035862924623780478,-3.930255684631012e-05,0.02772442329748903
30.14,0,-0.11466041129927149,-0.3677066402139885,0.3765473181960718,0.004554540224947168,-5.152447503220786
30.14,1,0.022483729596850667,0.0019587027276813675,-0.0035741906573479136,-6.655070924048781e-05,0.027488388896779632
30.16,0,-0.12216082649550311,-0.3823687938979226,0.39168346329100395,0.004122272503817914,-5.357285387074734
30.16,1,0.022522722379097613,0.0019407402803957162,-0.0035617322450397127,-8.558256295916958e-05,0.027255946488499196
30.18,0,-0.12995645474139264,-0.3972245996873525,0.40703012061401234,0.0036604191159224087,-5.564804814738857
30.18,1,0.022561366670769144,0.0019238896450993943,-0.0035488237640765993,-9.385549745586155e-05,0.027028310528847382
30.2,0,-0.13805096438354594,-0.41225339310273623,0.4225670199306779,0.003169905603818801,-5.774717409042125
30.2,1,0.022599686509638256,0.0019083105132893748,-0.0035354357889108667,-9.0033674531316e-05,0.02680638086058256
30.22,0,-0.14644759895488552,-0.42743336765653733,0.4382728558376295,0.002652617790201983,-5.986719764981725
30.22,1,0.022637707818487732,0.001894028792370354,-0.0035216080040991866,-7.420057285796242e-05,0.02659060366604292
30.240000000000002,0,-0.15514915503052057,-0.4427416480156171,0.454125348262245,0.00211132421113458,-6.200494396429774
30.240000000000002,1,0.022675455606556694,0.001880927131846502,-0.0035074461371035035,-4.7905233520662005e-05,0.02638088507937169
30.26,0,-0.16415796175488748,-0.4581543834922973,0.470101306989182,0.0015494836007490242,-6.415710852492911
30.26,1,0.022712951156889784,0.0018687531466140216,-0.0034931108538363265,-1.4028372111243859e-05,0.026176572424707546
30.28,0,-0.17347586241107302,-0.4736468579656618,0.4861767002956232,0.0009709651041931444,-6.632026976623459
30.28,1,0.02275020955587766,0.001857145191164576,-0.003478799706362672,2.3523171552155414e-05,0.02597650950475191
30.3,0,-0.1831041983070262,-0.48919361062067024,0.5023267279250458,0.00037972197711644284,-6.849090270666499
30.3,1,0.02278723789518271,0.001845673230042619,-0.003464724112196543,6.026277251388462e-05,0.02577916244808278
30.32,0,-0.19304379513028005,-0.5047685609511393,0.5185258986625068,-0.0002205335855678392,-7.066539319730383
30.32,1,0.02282403440549813,0.00183389024411043,-0.0034510840240164486,9.166074340693359e-05,0.025582802674139087
30.34,0,-0.2032949517898532,-0.5203451314386526,0.5347481126794557,-0.0008266072093046084,-7.284005232931831
30.34,1,0.022860588673258308,0.0018213880049707642,-0.003438043323315306,0.00011370710821736324,0.025385724961373337
30.36,0,-0.21385743163954318,-0.5358963621901396,0.5509667485996878,-0.0014360109529345522,-7.50111305970902
30.36,1,0.022896882958026405,0.0018078501842697483,-0.0034257089820067263,0.0001234298948543551,0.02518647268492212
30.38,0,-0.2247304558777594,-0.5513950134520614,0.5671547549261996,-0.0020470376199126505,-7.717483150708947
30.38,1,0.022932894486371515,0.0017930957941788236,-0.003414116666686263,0.00011930113563368358,0.024984039982869848
30.400000000000002,0,-0.2359126988582701,-0.5668136540629636,0.5832847451028973,-0.0026587121495991184,-7.932732444731891
30.400000000000002,1,0.022968598466106323,0.0017771069187380237,-0.0034032247432783935,0.00010147446127057452,0.024778022401061757
30.42,0,-0.2474022850306851,-0.5821247362261854,0.5993290951161309,-0.0032706302857246072,-8.146475676880872
30.42,1,0.023003971460798096,0.0017600365057803204,-0.0033929176531047414,7.181769912810443e-05,0.024568693381796382
30.44,0,-0.2591967872591073,-0.5973006591228944,0.6152600422215247,-0.003882711939141359,-8.35832651578138
30.44,1,0.023038994703540695,0.0017421944392844477,-0.0033830184904588704,3.3728993549385355e-05,0.02435699315643288
30.46,0,-0.2712932263351503,-0.6123138255138275,0.6310497831582024,-0.004494909656950874,-8.567898647536634
30.46,1,0.023073656920987128,0.0017240128995192328,-0.003373309456139051,-8.247435845161466e-06,0.02414442802911442
30.48,0,-0.2836880715945759,-0.6271366963474735,0.6466705701190012,-0.005106919396594023,-8.774806829468035
30.48,1,0.023107956286785494,0.0017059947820230565,-0.003363557837580821,-4.896324551160666e-05,0.023932890193834398
30.5,0,-0.2963772426484536,-0.6417418483720853,0.662094802797499,-0.005717940346331218,-8.978667936862863
30.5,1,0.023141901223609537,0.0016886513138167725,-0.003353544408936018,-8.330105402994809e-05,0.023724419447464763
30.52,0,-0.309356112332032,-0.6561020388460836,0.677295115026281,-0.006326522904634757,-9.179102020940537
30.52,1,0.02317550991356452,0.0016724366431824247,-0.003343090758612791,-0.00010682385123030394,0.023520936855784248
30.54,0,-0.322619511041012,-0.6701902798001266,0.6922444548319872,-0.006930530297481141,-9.37573338690429
30.54,1,0.023208808540647167,0.0016576878412686983,-0.0033320820979581395,-0.0001163555265025068,0.023323985304264282
30.560000000000002,0,-0.3361617326532928,-0.6839799221832683,0.7069161571215015,-0.007527221759014324,-9.568191688806742
30.560000000000002,1,0.023241828455167483,0.0016445783165164635,-0.003320482589683046,-0.00011041568458233786,0.023134512115812828
30.580000000000002,0,-0.34997654221817875,-0.6974447479591338,0.7212840086304271,-0.008113446410036751,-9.756113025017836
30.580000000000002,1,0.02327460259658368,0.001633091127799994,-0.0033083411086511183,-8.944856766603115e-05,0.022952724356865947
30.6,0,-0.36405718553517114,-0.7105590661637594,0.7353223051573876,-0.008685919812188025,-9.939141006480444
30.6,1,0.02330716161795032,0.001623016257151057,-0.003295786509419105,-5.581095690117624e-05,0.022778038557015975
30.62,0,-0.37839640064842445,-0.7232978074214212,0.7490059014285588,-0.009241542274249781,-10.116927761625648
30.62,1,0.02333953020671285,0.0016139728642996026,-0.003283012783014654,-1.3514327648934954e-05,0.02260913442784337
30.64,0,-0.3929864311641307,-0.7356366106839627,0.7623102541511182,-0.009777711311977022,-10.2891348382635
30.64,1,0.023371724084399192,0.0016054542814613831,-0.0032702557756482003,3.225158289187763e-05,0.022444108357567487
30.66,0,-0.407819041173678,-0.7475518961393961,0.7752114589041035,-0.010292581233887432,-10.455433964717658
30.66,1,0.023403748091639958,0.0015968904483087004,-0.00325776424814067,7.575744699619275e-05,0.02228070882932561
30.68,0,-0.42288553145374863,-0.7590209193148889,0.7876862814821977,-0.010785230555713454,-10.615507639852732
30.68,1,0.023435595633226867,0.001587720049103351,-0.003245768830167855,0.00011145634916190361,0.022116624338285013
30.7,0,-0.4381767565322804,-0.7700218032287827,0.7997121841729923,-0.011255711656672496,-10.769049533546283
30.7,1,0.023467249586598692,0.0015774631396755531,-0.003234452760589294,0.00013469744690316338,0.02194978650855458
30.72,0,-0.45368314216894123,-0.7805335477628284,0.811267347247755,-0.01170497468998466,-10.915764693989612
30.72,1,0.023498684587956422,0.001565784763774092,-0.0032239281510142537,0.00014233858329707957,0.021778648109540208
30.740000000000002,0,-0.4693947028069128,-0.7905360178919125,0.8223306857258886,-0.012134676565623614,-11.055369573921151
30.740000000000002,1,0.023529870427832313,0.0015525410247563772,-0.0032142208737385063,0.00013317627104125415,0.021602398075548028
30.76,0,-0.4853010586087166,-0.8000099146638766,0.8328818612830781,-0.012546902969948093,-11.187591902324325
30.76,1,0.023560776136750373,0.0015378012008972293,-0.003205266129390025,0.00010813356892561479,0.021421083243635595
30.78,0,-0.5013914517849559,-0.8089367345383253,0.8429012890563018,-0.012943844266642301,-11.312170439269911
30.78,1,0.02359137424240896,0.0015218425141222457,-0.0031969154209019455,7.017677374658235e-05,0.021235618423964858
30.8,0,-0.517654762047771,-0.8172987236241829,0.8523701390874464,-0.013327472781040406,-11.428854657957519
30.8,1,0.02362164464691063,0.0015051176991760344,-0.0031889542149786993,2.3966712836658022e-05,0.021047681075627822
30.82,0,-0.5340795211533146,-0.8250788333740785,0.8612703322559795,-0.013699268403350118,-11.537404398833749
30.82,1,0.023651577611738826,0.0014881991117090922,-0.003181128194648368,-2.4714774705513615e-05,0.020859502338632804
30.84,0,-0.5506539266212812,-0.8322606834106162,0.8695845307755204,-0.014060031756311098,-11.637589535992316
30.84,1,0.02368117544570873,0.0014717062809313805,-0.0031731748760667746,-6.969244309339151e-05,0.02067358037613272
30.86,0,-0.5673658548177046,-0.8388285355226,0.877296123645465,-0.014409810548796642,-11.729189686767603
30.86,1,0.02371045265406974,0.0014562261239172425,-0.003164856629821613,-0.00010518721429572664,0.02049235294913712
30.88,0,-0.5842028736472383,-0.8447672807388846,0.8843892078178647,-0.014747947270758566,-11.811993983073627
30.88,1,0.02373943450472591,0.0014422361693415214,-0.003155990912838055,-0.0001265659521127796,0.02031787232289408
30.900000000000002,0,-0.601152255116345,-0.8500624390973037,0.8908485662121727,-0.015073237754089419,-11.885800909608163
30.900000000000002,1,0.02376815417454742,0.0014300409157260842,-0.0031464738196485187,-0.0001309532401833277,0.020151526060348507
30.92,0,-0.618200987999616,-0.8547001696311817,0.8966596440343547,-0.015384173177596772,-11.950418201658948
30.92,1,0.02379664882765794,0.0014197298790417005,-0.0031362938700208983,-0.00011762352302541537,0.019993841829609223
30.94,0,-0.6353357907750298,-0.858667286518482,0.9018085250851383,-0.015679225420919707,-12.005662785837828
30.94,1,0.02382495512303093,0.001411163153521146,-0.003125534166200069,-8.811952723699473e-05,0.01984440367653304
30.96,0,-0.6525431249032752,-0.8619512765184362,0.9062819098398215,-0.015957129201940035,-12.051360742056167
30.96,1,0.02385310473072291,0.0014039867634135015,-0.0031143625251970086,-4.607796712309542e-05,0.019701892654912116
30.98,0,-0.6698092084278697,-0.864540312878311,0.9100670970310798,-0.016217115144553595,-12.087347265151802
30.98,1,0.02388112044277374,0.0013976761826157982,-0.0031030107320973604,3.2183750159342495e-06,0.019564248181605237
31.0,0,-0.687120029784323,-0.8664232618120703,0.9131519702684475,-0.016459055697521485,-12.113466609671462
31.0,1,0.023909013394237472,0.0013916026587218714,-0.003091745470304486,5.350701604043412e-05,0.019428930206065766
31.02,0,-0.7044613616439481,-0.8675896792818383,0.9155249909049656,-0.01668349946008263,-12.129572010485653
31.02,1,0.023936781770272243,0.0013851138991218378,-0.003080834579547037,9.834612215972593e-05,0.019293248465546003
31.04,0,-0.7218187745928438,-0.8680297978897321,0.9171751979506,-0.016891586870347197,-12.135525583585903
31.04,1,0.02396441118432619,0.0013776186787840463,-0.003070512926799758,0.00013194585605311518,0.01915471564692353
31.060000000000002,0,-0.7391776504647387,-0.867734505878793,0.9180922153820514,-0.01708485870956089,-12.131198223593541
31.060000000000002,1,0.023991876694896382,0.0013686642924050486,-0.0030609522618355706,0.00014992256143453453,0.019011377532236147
31.080000000000002,0,-0.7565231952065806,-0.8666953221949921,0.9182662667617637,-0.017264985635889296,-12.116469525094
31.080000000000002,1,0.02401914621265935,0.001357996599068556,-0.0030522389513000137,0.00014987664070947176,0.018862075746250314
31.1,0,-0.7738404512499073,-0.864904372960286,0.9176881967037517,-0.017433459420693964,-12.09122776202331
31.1,1,0.02404618486460976,0.001345594602099117,-0.003044362499790463,0.00013171714846545862,0.018706607280922178
31.12,0,-0.7911143094755613,-0.8623543753160324,0.9163494984479,-0.01759129281470795,-12.055369961609745
31.12,1,0.024072959752082717,0.0013316747927160698,-0.0030372163970171853,9.768864593354826e-05,0.01854575845209143
31.14,0,-0.808329520977076,-0.8590386343032131,0.9142423466491768,-0.017738774066791585,-12.00880210617819
31.14,1,0.024099444482938916,0.0013166644365734108,-0.003030611251523436,5.209453681928253e-05,0.018381207575208468
31.16,0,-0.8254707089310187,-0.8549510572749585,0.911359634456377,-0.017875314195578973,-11.95143948765384
31.16,1,0.024125622882947693,0.0013011470772172871,-0.0030242985872199215,7.508714554051166e-07,0.018215308209586615
31.18,0,-0.8425223809545707,-0.850086188445991,0.9076950140304421,-0.017999411386127484,-11.883207226857746
31.18,1,0.024151491394935495,0.00128578722553838,-0.0030180022950417567,-4.9759789055889986e-05,0.01805078094659321
31.2,0,-0.859468942359755,-0.8444392638411646,0.9032429398030704,-0.01810873944653757,-11.804040954329768
31.2,1,0.024177059843481057,0.0012712440037479583,-0.003011453729603565,-9.293815924871565e-05,0.01789035421172013
31.220000000000002,0,-0.8762947106942941,-0.8380062844490086,0.8979987139596706,-0.01820034877251331,-11.713887633513608
31.220000000000002,1,0.024202350455882444,0.001258085036293084,-0.003004425952452496,-0.00012321118517466187,0.017736401693277837
31.240000000000002,0,-0.8929839318923634,-0.8307841031718546,0.8919585338005465,-0.018270951545338754,-11.612706492860625
31.240000000000002,1,0.024227395258852504,0.0012467119162099818,-0.0029967627157080562,-0.0001366579670602705,0.017590624794000014
31.26,0,-0.9095207982526643,-0.8227705195115275,0.885119540748091,-0.018317250470388124,-11.500470022690997
31.26,1,0.024252232184679055,0.001237307108973184,-0.0029883984434046908,-0.0001315232486810182,0.017453822774305593
31.28,0,-0.9258894683300137,-0.8139643750740461,0.8774798707938596,-0.018336264126312507,-11.377164986910334
31.28,1,0.024276900391906747,0.0012298093731045571,-0.0029793666189143414,-0.0001084505247151181,0.017325781748178917
31.3,0,-0.9420740886873676,-0.8043656430338545,0.8690387061015692,-0.018325602869681212,-11.242793399604281
31.3,1,0.024301435411008043,0.0012239210410203906,-0.0029697954775491403,-7.040335019722899e-05,0.017205297924482693
31.32,0,-0.9580588173261138,-0.793975505646329,0.8597963273027129,-0.018283657068369763,-11.097373421980237
31.32,1,0.024325864750717238,0.0012191463076230912,-0.002959891540985582,-2.228425817881602e-05,0.017090332564902094
31.34,0,-0.9738278485100796,-0.7827964155822641,0.849754165761302,-0.018209673001774895,-10.940940145149924
31.34,1,0.024350204542024193,0.00121485557476503,-0.0029499131018097535,2.969958169903031e-05,0.01697827846501139
31.36,0,-0.9893654386352467,-0.7708321390164734,0.8389148547794296,-0.01810370897692959,-10.773546237253697
31.36,1,0.024374457661739433,0.0012103674432395962,-0.0029401370675232125,7.884146088440319e-05,0.016866302744469944
31.38,0,-1.0046559327788727,-0.7580877807031976,0.8272822784121597,-0.017966482426700736,-10.595262447418065
31.38,1,0.024398613583727375,0.0012050375928533918,-0.0029308234338915854,0.00011880590459633147,0.016751720395351152
31.400000000000002,0,-1.0196837915879395,-0.7445697933653058,0.8148616163081829,-0.017799135193829585,-10.406177971920451
31.400000000000002,1,0.02442264997891313,0.0011983428616328582,-0.0029221819649056587,0.00014445126654695842,0.016632348796313055
31.42,0,-1.0344336182302203,-0.730285975300195,0.8016593828369132,-0.01760295635808351,-10.206400697844646
31.42,1,0.024446535855037605,0.0011899494543946754,-0.00291434537032258,0.00015249651602346898,0.016506795845501986
31.44,0,-1.0488901852189634,-0.7152454609347908,0.787683458737369,-0.017379107991434495,-9.996057345095636
31.44,1,0.02447023582438233,0.0011797562991153897,-0.002907352428775976,0.0001419450045670595,0.016374643183048397
31.46,0,-1.0630384610180066,-0.6994587090354585,0.7729431136468458,-0.017128398229291797,-9.775293528267127
31.46,1,0.024493714939228837,0.001167907850634673,-0.0029011432145762068,0.00011420992202368363,0.01623649998686174
31.48,0,-1.076863636420938,-0.682937492421223,0.757449018136502,-0.016851138203517024,-9.544273755693606
31.48,1,0.024516943460375296,0.0011547746793021771,-0.002895567017758357,7.292536099438862e-05,0.01609392014923609
31.5,0,-1.0903511507604817,-0.6656948914956907,0.7412132442754454,-0.016547105921957517,-9.303181375017711
31.5,1,0.024539900933480165,0.0011409044398296298,-0.002890401904220973,2.346821600067786e-05,0.01594919394161414
31.52,0,-1.1034867180315286,-0.6477452919655227,0.7242492542273128,-0.016215623183233774,-9.052218464334084
31.52,1,0.024562579040045867,0.0011269497259716412,-0.002885383359968783,-2.7745917957060218e-05,0.01580504208156004
31.54,0,-1.116256352998091,-0.6291043850769277,0.7065718769046633,-0.015855733704896124,-8.791605657372092
31.54,1,0.024584982852207348,0.001113582359430537,-0.0028802382959796377,-7.410012974003177e-05,0.01566425316176755
31.560000000000002,0,-1.1286463973025418,-0.6097891669163554,0.6881972732134994,-0.015466454571262389,-8.521581882257713
31.560000000000002,1,0.024607130331516656,0.001101405432598628,-0.002874720009306186,-0.00010963687119457804,0.01552931292757537
31.580000000000002,0,-1.1406435455129795,-0.5898179320886818,0.6691428908624095,-0.015047061340395906,-8.242403987901149
31.580000000000002,1,0.02462905014353439,0.0010908746908678242,-0.0028686395889882693,-0.00012982921507592032,0.015402074887225458
31.6,0,-1.152234870944793,-0.569210256621576,0.6494274100476345,-0.014597361489986582,-7.954346231212077
31.6,1,0.024650778081486312,0.001082239569212564,-0.002861889734234034,-0.0001321621144071347,0.01528351608338303
31.62,0,-1.1634078509920527,-0.547986965345416,0.6290706815317629,-0.014117912191598414,-7.657699602644226
31.62,1,0.024672352574183914,0.0010755115629860637,-0.002854457952550308,-0.00011644843985775255,0.015173610321662647
31.64,0,-1.1741503916203744,-0.526170080226877,0.6080936587028539,-0.013610146478348462,-7.352770976697928
31.64,1,0.024693809871851914,0.0010704639694657377,-0.0028464274946059464,-8.483974005550274e-05,0.015071335312575833
31.66,0,-1.1844508506204832,-0.5037827480251108,0.5865183251447414,-0.013076385472826857,-7.039882086878724
31.66,1,0.024715179543000197,0.0010666628733260748,-0.00283796597788047,-4.153196038067172e-05,0.014974812186945716
31.68,0,-1.194298059211545,-0.4808491479225943,0.5643676190963791,-0.012519731389279087,-6.719368339527041
31.68,1,0.024736480871135776,0.0010635251222036331,-0.002829303243793705,7.79358443738637e-06,0.014881558126413477
31.7,0,-1.2036813416199947,-0.45739438212583294,0.5416653559681095,-0.011943853914061275,-6.391577495847599
31.7,1,0.024757720618226373,0.0010603954969201363,-0.0028207013756687727,5.671915787273246e-05,0.014788817799009178
31.720000000000002,0,-1.2125905323408357,-0.4334443544897289,0.5184361498604325,-0.011352698575492592,-6.056868264280713
31.720000000000002,1,0.024778892438981494,0.0010566327930069954,-0.002812420798797933,9.893017895418535e-05,0.014693928923143753
31.740000000000002,0,-1.2210159909053258,-0.4090256436892244,0.4947053348387393,-0.010750157406058669,-5.715608854243083
31.740000000000002,1,0.024799978010812514,0.0010516934209923617,-0.002804686862190962,0.00012903491701605346,0.01459467297687701
31.76,0,-1.2289486141175356,-0.3841653781250765,0.470498886589043,-0.010139747811002575,-5.368175545940069
31.76,1,0.024820949718064162,0.0010452015415153546,-0.002797661205607753,0.00014325721038529332,0.014489564370829672
31.78,0,-1.2363798458650652,-0.35889111950860614,0.4458433450346149,-0.00952434425047155,-5.014951328870015
31.78,1,0.02484177452582149,0.001036996613188485,-0.0027914215619632035,0.00013991262148771444,0.014378039963151073
31.8,0,-1.2433016847383225,-0.33323076095840987,0.4207657385337663,-0.008905999341666249,-4.656324654076071
31.8,1,0.024862418525067403,0.0010271522880485567,-0.0027859525235810778,0.00011960761380605534,0.014260524418873738
31.82,0,-1.2497066897921942,-0.307212443623693,0.39529351038991933,-0.008285877532512309,-4.292688333199189
31.82,1,0.024882851547155173,0.001015964425498222,-0.002781148360920521,8.51382256214922e-05,0.014138363731353618
31.84,0,-1.2555879848421188,-0.2808644935903859,0.36945444855655146,-0.007664307657900604,-3.924438602607502
31.84,1,0.024903051241993344,0.001003910094087547,-0.0027768274144464047,4.110437848466736e-05,0.01401363693874099
31.86,0,-1.2609392616978752,-0.2542153784557429,0.3432766195717161,-0.007040943037124769,-3.5519743553432757
31.86,1,0.024923006090776755,0.0009915832437704145,-0.00277275608943377,-6.7068742551114335e-06,0.013888872287040915
31.88,0,-1.2657547827040503,-0.2272936808150297,0.31678830786594603,-0.006415001995610847,-3.175696529414805
31.88,1,0.024942716969657726,0.0009796157547089593,-0.0027686792628740524,-5.208607232679019e-05,0.013766706638252219
31.900000000000002,0,-1.2700293828838032,-0.200128084290675,0.2900179616134915,-0.005785550182185961,-2.796007629887264
31.900000000000002,1,0.024962197075461438,0.0009685944077278557,-0.0027643531172970026,-8.921242925330822e-05,0.01364953413744329
31.92,0,-1.2737584718851305,-0.17274736686571543,0.26299414621006656,-0.005151780532107519,-2.4133113555879087
31.92,1,0.024981470242097664,0.0009589847435740098,-0.002759576147015936,-0.00011340470304465125,0.013539191113080787
31.94,0,-1.2769380358224165,-0.14518039625831955,0.23574550624598484,-0.004513247997551151,-2.0280122996189225
31.94,1,0.025000567887630738,0.0009510717422283529,-0.0027542143672548433,-0.0001217144313700666,0.013436718822567006
31.96,0,-1.2795646390074218,-0.11745612286084524,0.20830073650537173,-0.0038700239920252955,-1.6405156960598077
31.96,1,0.02501952500911417,0.0009449249137664975,-0.002748217552409094,-0.0001132859659410887,0.013342234758672055
31.98,0,-1.281635425487868,-0.0896035672088747,0.18068856208222814,-0.003222748630459904,-1.2512271922937859
31.98,1,0.025038375762212014,0.0009403920751434563,-0.002741624526797679,-8.943928047355082e-05,0.01325492833248194
32.0,0,-1.2831481202691006,-0.06165180078756347,0.15293772720032936,-0.002572575245189057,-0.8605526357806994
32.0,1,0.025057149210139722,0.0009371222458976254,-0.0027345569691687075,-5.34684578277142e-05,0.013173179900394471
32.02,0,-1.2841010300898734,-0.033629920910209325,0.1250769918053168,-0.0019210187791843802,-0.4688978739637462
32.02,1,0.025075865796205198,0.0009346142476666779,-0.002727202681049131,-1.0186135574571237e-05,0.013094785602908061
32.04,0,-1.2844930436555289,-0.005567022093636474,0.09713513451712141,-0.001269734863369898,-0.07666857444754083
32.04,1,0.025094534991268323,0.0009322842493812946,-0.002719790614777322,3.472293786196956e-05,0.013017256553476155
32.06,0,-1.2843236312931061,0.02250783247579973,0.06914096013937387,-0.0006202673403378212,0.31572992200153405
32.06,1,0.02511315440641648,0.0009295430995941328,-0.002712560987001309,7.545199135800679e-05,0.012938151402959851
32.08,0,-1.283592844070559,0.05056563534063581,0.04112330966030071,2.6192971276095545e-05,0.7078927017976252
32.08,1,0.025131710464239548,0.0009258731352477769,-0.002705734388419985,0.0001068264599143158,0.012855397433554558
32.1,0,-1.2823013125010014,0.07857745133908099,0.013111070571944541,0.0006689971266780059,1.0994153216204559
32.1,1,0.0251501805158937,0.0009208943868928619,-0.0026994838712681205,0.00012496386732004094,0.012767557549180028
32.12,0,-1.2804502450169222,0.10651442374676909,-0.014866814611942216,0.0013081414353269816,1.48989379101944
32.12,1,0.0251685361031124,0.0009144116619390854,-0.0026939135511672213,0.00012775482695924836,0.012674008440187946
32.14,0,-1.2780414264350455,0.13434776908924564,-0.042781343556886293,0.0019442655089927374,1.8789245017404463
32.14,1,0.02518674691905416,0.00090643665112845,-0.002689046365269384,0.00011510546054054396,0.012575007655257757
32.160000000000004,0,-1.2750772166307454,0.16204876173403027,-0.07060345462398002,0.002578541454979044,2.266104122821445
32.160000000000004,1,0.025204784937884146,0.0008971825968155674,-0.0026848224073512243,8.891379519247733e-05,0.012471642560225468
32.18,0,-1.2715605495982794,0.18958871139097908,-0.09830403389979721,0.0032124676391334095,2.6510294918345734
32.18,1,0.02522262817033124,0.0008870327213644386,-0.0026811078763306724,5.278800040198553e-05,0.012365670098700156
32.2,0,-1.2674949329927139,0.21693893835354494,-0.1258539295115153,0.0038475953978505117,3.0332975415517787
32.2,1,0.025240263561548758,0.0008764870489843625,-0.002677713309622621,1.1547956306569296e-05,0.012259270729474504
32.22,0,-1.2628844481405077,0.24407075242259155,-0.15322397359087908,0.004485227751733323,3.4125053061645483
32.22,1,0.02525768866930104,0.0008660950123009928,-0.0026744186031658966,-2.942080140380665e-05,0.012154750973617706
32.24,0,-1.257733750382258,0.2709554417772114,-0.18038501190154624,0.005126133938527122,3.788250050942433
32.24,1,0.025274911927516002,0.0008563829622094686,-0.0026710014936076323,-6.487375602914208e-05,0.012054235226961705
32.26,0,-1.2520480694898086,0.29756427751857795,-0.20730794088107102,0.0057703217176441335,4.160129563542448
32.26,1,0.02529195148961174,0.0008477861866395253,-0.00266726579546831,-9.038151699562041e-05,0.011959388129948977
32.28,0,-1.245833209797634,0.3238685382671579,-0.23396375168230277,0.0064169011951689114,4.527742634545041
32.28,1,0.02530883283223298,0.0008405942509033268,-0.002663065788077839,-0.00010288434410509611,0.011871203856751673
32.3,0,-1.2390955496197666,0.349839557214991,-0.2603235807230126,0.007064060633965807,4.890689740375908
32.3,1,0.025325585458566335,0.0008349165310142947,-0.0026583237109583063,-0.00010105753032491407,0.011789888964525038
32.32,0,-1.2318420394985838,0.3754487916924158,-0.28635876624596285,0.007709158375878822,5.248573925317943
32.32,1,0.025342239150878458,0.0008306720039515677,-0.0026530382699958273,-8.54442868705868e-05,0.011714852342192536
32.34,0,-1.2240801988546253,0.4006679129254778,-0.31204091042240184,0.00834891809421956,5.60100186286247
32.34,1,0.025358820270796206,0.0008276040770042048,-0.0026472832505642116,-5.8344079521946424e-05,0.011644801157580811
32.36,0,-1.215818110674786,0.42546891156495875,-0.33734194656308547,0.008979699675720099,5.947585062233703
32.36,1,0.02537534858805784,0.0008253179284274289,-0.0026411966184795854,-2.347653633617483e-05,0.01157792753432018
32.38,0,-1.2070644139809663,0.44982421304518855,-0.3622342109971454,0.009597807345818943,6.287941175286821
32.38,1,0.025391835037909954,0.0008233349336635414,-0.002634961697744217,1.453017039024923e-05,0.011512158900899329
32.4,0,-1.1978282939489895,0.473706796079271,-0.3866905191131191,0.010199791788569001,6.6216953533212255
32.4,1,0.025408280676144444,0.0008211566400913462,-0.002628782991619816,5.075587737293427e-05,0.011445437083905911
32.42,0,-1.1881194696818456,0.49709030770079643,-0.41068424491401767,0.010782704666528531,6.9484816031446215
32.42,1,0.02542467693752547,0.0008183296895131422,-0.00262285984012652,8.062741446909077e-05,0.011375988238714902
32.44,0,-1.1779481797651818,0.5199491691777329,-0.4341894032210137,0.011344271814444085,7.267944096673817
32.44,1,0.025441007130402798,0.0008145031860645847,-0.002617361310242113,0.00010049669595869892,0.011302547908945488
32.46,0,-1.1673251658316683,0.5422586686909013,-0.4571807333863315,0.011882964216154868,7.579738397456464
32.46,1,0.02545724894071503,0.0008094712247360021,-0.0026124054789168375,0.00010808469109166788,0.011224512455212363
32.480000000000004,0,-1.1562616544237752,0.5639950386335035,-0.47963378307725363,0.012397961681861247,7.883532579187188
32.480000000000004,1,0.025473377593046458,0.000803195440941805,-0.0026080456346111165,0.00010273744083804867,0.011141998732347221
32.5,0,-1.1447693374667114,0.5851355174430802,-0.5015249904117606,0.012889020485881364,8.17900822371724
32.5,1,0.025489369240531922,0.0007958052047297847,-0.0026042649817676947,8.546618100058884e-05,0.011055806685216395
32.52,0,-1.1328603516460882,0.6056583977112087,-0.5228317625073013,0.013356270604306886,8.465861297352614
32.52,1,0.025505204137805094,0.0007875760806356151,-0.0026009803129429473,5.8772442751223175e-05,0.010967292686147389
32.54,0,-1.1205472569355466,0.6255430636597434,-0.5435325483896035,0.013799978423205683,8.743802912813202
32.54,1,0.025520869192489058,0.0007788900018761327,-0.0025980539632697286,2.6286866489356325e-05,0.010878173159776502
32.56,0,-1.1078430144499305,0.6447700217394653,-0.5636069042301692,0.014220315340106815,9.012559989012406
32.56,1,0.025536359583744134,0.0007701828959733878,-0.0025953123294012934,-7.726242123272387e-06,0.0107902867857507
32.58,0,-1.094760963724084,0.6633209280223742,-0.583035549056148,0.014617170901541243,9.271875821411697
32.58,1,0.02555167926729259,0.0007618869614031183,-0.002592568448779457,-3.893077798807626e-05,0.01070534823763173
32.6,0,-1.081314799450772,0.6811786152687206,-0.6018004094032973,0.01499004133257742,9.521510572429511
32.6,1,0.02556684033672264,0.0007543752637546089,-0.0025896456884234678,-6.347280432069183e-05,0.010624726496885215
32.62,0,-1.067518547666263,0.698327121212884,-0.61988465184175,0.015338011764806758,9.76124168521557
32.62,1,0.025581861360329534,0.0007479157651637977,-0.0025863995326529513,-7.845569225930701e-05,0.010549276404552475
32.64,0,-1.0533865413573573,0.7147517179739126,-0.6372727028586906,0.01565983512787472,9.9908642165069
32.64,1,0.025596764941666128,0.000742640429774578,-0.0025827347825368046,-8.227799850252238e-05,0.010479244015346613
32.660000000000004,0,-1.0389333954822322,0.7304389408497689,-0.6539502561831197,0.01595409492542821,10.210191076971336
32.660000000000004,1,0.025611574844110873,0.0007385328864877981,-0.0025786161338407073,-7.479530941492674e-05,0.010414255720244101
32.68,0,-1.0241739814466126,0.7453766133930511,-0.669904268231188,0.016219425409735422,10.419053162092979
32.68,1,0.025626313064304577,0.0007354355882567637,-0.002574070991718374,-5.729129207898351e-05,0.010353389527673673
32.7,0,-1.0091234011481327,0.7595538648386241,-0.6851229428827811,0.016454753116835086,10.617299354623903
32.7,1,0.025640997232120162,0.0007330748343672616,-0.002569184388939308,-3.2268265944244284e-05,0.010295315947085906
32.72,0,-0.99379696078287,0.7729611358239961,-0.6995957072258719,0.016659519795434008,10.80479638174051
32.72,1,0.0256556386587604,0.0007310997595642768,-0.002564086868685723,-3.090434469922576e-06,0.010238487068369797
32.74,0,-0.9782101446842157,0.7855901689645542,-0.7133131801929554,0.016833849059083583,10.981428516444677
32.74,1,0.02567024125882473,0.0007291297285622275,-0.0025589370476924015,2.646939550114691e-05,0.010181346804370037
32.76,0,-0.9623785895209495,0.7974339821514024,-0.7262671361492151,0.016978627254836454,11.147097122864796
32.76,1,0.0256848014508305,0.0007268037028710154,-0.0025539011875252058,5.271833283591876e-05,0.010122533507358299
32.78,0,-0.9463180592065324,0.8084868242532671,-0.7384504654788734,0.01709548181749021,11.30172005772825
32.78,1,0.025699309010617965,0.0007238251520547475,-0.0025491324022118497,7.250375420926602e-05,0.010061048374557197
32.8,0,-0.9300444208575377,0.8187441149660046,-0.7498571340751765,0.01718665580702794,11.445230953717036
32.8,1,0.025713748730672448,0.0007199969265464766,-0.002544752092218938,8.358820562899202e-05,0.009996368766021679
32.82,0,-0.913573622083843,0.8282023725602289,-0.7604821434042947,0.017254793049617412,11.577578422793586
32.82,1,0.02572810264115099,0.0007152420468359847,-0.00254083583459854,8.489480623760995e-05,0.009928493849466178
32.84,0,-0.8969216698008756,0.8368591349283128,-0.7703214925252235,0.017302661921187124,11.698725227075192
32.84,1,0.025742352486942958,0.0007096083613229926,-0.0025374053336201757,7.659743739119734e-05,0.009857919621130699
32.86,0,-0.8801046106345831,0.8447128803735432,-0.7793721431483512,0.017332855259052593,11.808647469970552
32.86,1,0.025756482135834625,0.0007032571986946202,-0.002534427233177232,6.0050826539030655e-05,0.00978554995518565
32.88,0,-0.863138512856936,0.8517629548502459,-0.7876319885413291,0.017347507733949108,11.907333860169494
32.88,1,0.02577047961634929,0.0006964381962330824,-0.0025318187183848884,3.757615311200321e-05,0.009712558594151151
32.9,0,-0.8460394496598775,0.8580095117999642,-0.795099826867981,0.017348069693943202,11.994785095505556
32.9,1,0.02578433854501232,0.0006894541584407333,-0.002529459000390492,1.2135378857851264e-05,0.009640222839312417
32.92,0,-0.8288234834648824,0.8634534694010964,-0.8017753393860756,0.017335168372704324,12.071013403242645
32.92,1,0.025798058791856225,0.0006826208899383491,-0.0025272050872684566,-1.305998538263936e-05,0.009569752444519526
32.94,0,-0.8115066508873187,0.8680964881340374,-0.8076590738295762,0.017308574687568523,12.136042259188955
32.94,1,0.025811646336976444,0.0006762273394784474,-0.002524909774850075,-3.495387911316844e-05,0.009502136631811433
32.96,0,-0.7941049479389093,0.8719409693206118,-0.812752433243677,0.01726727856908994,12.189906291919476
32.96,1,0.02582511237562841,0.0006705010732326714,-0.0025224395933924624,-5.101345330433063e-05,0.009438028478561733
32.980000000000004,0,-0.7766343150613081,0.8749900730300953,-0.8170576704998858,0.01720966018081338,12.23265136224052
32.980000000000004,1,0.025838471821145983,0.000665583145637737,-0.0025196905324369368,-5.9515797021406774e-05,0.009377679835949726
33.0,0,-0.7591106216365103,0.8772477517581562,-0.8205778886623702,0.017133730852246565,12.26433479376194
33.0,1,0.02585174142272271,0.0006615150147246954,-0.002516599714704727,-5.972218849886399e-05,0.009320932394644602
33.02,0,-0.7415496497072294,0.8787187948376921,-0.8233170472760591,0.017037408077816174,12.285025719649873
33.02,1,0.02586493775146977,0.0006582384691497434,-0.00251315174687503,-5.192406834212543e-05,0.00926726263643853
33.04,0,-0.7239670767497949,0.8794088778064203,-0.8252799744793153,0.01691878491483756,12.294805504375047
33.04,1,0.02587807531032099,0.0006556078308966215,-0.0025093791639444673,-3.7361676174425124e-05,0.009215871308727124
33.06,0,-0.7063784574584474,0.8793246110018302,-0.8264723845992,0.016776356089188482,12.293768197936435
33.06,1,0.02589116499310578,0.0006534121943848199,-0.0025053571153971694,-1.803195053355633e-05,0.009165802671921033
33.08,0,-0.6887992046078268,0.878473582430333,-0.8269009005702573,0.016609170716616717,12.282020983308046
33.08,1,0.025904213061371393,0.0006514043423584186,-0.002501193125469348,3.585048909189592e-06,0.009116075744108668
33.1,0,-0.6712445691467707,0.8768643913084039,-0.8265730801486483,0.016416893544904276,12.25968458477275
33.1,1,0.025917220733282342,0.0006493323615480917,-0.0024970133162850023,2.4843683482794754e-05,0.009065809378190487
33.12,0,-0.6537296197320203,0.8745066703630208,-0.8254974445059943,0.01619977113317539,12.226893613949116
33.12,1,0.025930184397795465,0.0006469699119707425,-0.0024929468507548934,4.325362740867714e-05,0.009014325140181719
33.14,0,-0.6362692219310467,0.8714110967276969,-0.8236835074243471,0.015958514157924597,12.183796840029832
33.14,1,0.02594309639008437,0.0006441415523276453,-0.0024891104966272806,5.676558494473877e-05,0.008961216147642297
33.160000000000004,0,-0.6188780173106144,0.8675893928009207,-0.8211418030214233,0.015694119801175965,12.130557379411716
33.160000000000004,1,0.02595594620034859,0.0006407403934867499,-0.0024855951271330343,6.398996465030449e-05,0.008906375544164196
33.18,0,-0.6015704025886708,0.8630543195118843,-0.8178839097566071,0.015407666992604874,12.067352806173774
33.18,1,0.025968721944720257,0.0006367364974488844,-0.002482455678098095,6.432670781565328e-05,0.008849984256468726
33.2,0,-0.5843605089724822,0.8578196649098286,-0.8139224684365726,0.015100120826551766,11.99437518791105
33.2,1,0.025981411907813137,0.000632175690623374,-0.002479705620617887,5.799644394497566e-05,0.00879246322478226
33.22,0,-0.5672621817483972,0.8519002308067538,-0.8092711920732557,0.014772180260288259,11.911831051034266
33.22,1,0.025994005971948918,0.0006271696480382921,-0.0024773164438153623,4.597541553496773e-05,0.00873439965700112
33.24,0,-0.5502889601410264,0.8453118194164778,-0.8039448657469742,0.01442419561601227,11.819941276214678
33.24,1,0.026006496775452713,0.0006218790829564345,-0.002475222044051747,2.9847660059170028e-05,0.008676459501330913
33.26,0,-0.5334540574325064,0.8380712207030558,-0.7979593350755577,0.014056170676234103,11.718940919166547
33.26,1,0.02601888048630482,0.0006164925391533165,-0.00247332735556426,1.159652827580765e-05,0.008619299019870625
33.28,0,-0.5167703413325653,0.8301961997083235,-0.7913314824513739,0.013667850132364379,11.609078945784164
33.28,1,0.026031157130945327,0.0006112035775225091,-0.0024715200952238844,-6.637058436960441e-06,0.00856348714375209
33.3,0,-0.5002503146189262,0.8217054817378593,-0.7840791908342709,0.013258879015656255,11.490617865314373
33.3,1,0.026043330473705717,0.0006061890754816708,-0.0024696841786830998,-2.2800485557146477e-05,0.008509447542300536
33.32,0,-0.4839060961214971,0.8126187322063361,-0.7762212955249537,0.01282900870892778,11.363833242179776
33.32,1,0.0260554074932568,0.0006015909660988006,-0.0024677132252710738,-3.515206757751313e-05,0.008457425592960723
33.34,0,-0.4677494021943175,0.8029565273883424,-0.7677775249353183,0.012378316074009632,11.229013067362784
33.34,1,0.02606739754305678,0.0005975031196228872,-0.002465522612142324,-4.243767610766919e-05,0.00840748135082809
33.36,0,-0.4517915288944643,0.7927403124186423,-0.7587684318715155,0.011907399382654837,11.086456974478338
33.36,1,0.026079311309445463,0.0005939643192381207,-0.0024630587513363483,-4.400536996486404e-05,0.008359505839298552
33.38,0,-0.43604333515354204,0.7819923436626816,-0.7492153172159683,0.011417517550222023,10.93647529372732
33.38,1,0.026091159692327313,0.00059095751447285,-0.002460304615617167,-3.984986184656092e-05,0.008313255064466462
33.4,0,-0.4205152272720903,0.7707356139519324,-0.7391401481163642,0.010910647212932112,10.77938794811412
33.4,1,0.02610295272996267,0.0005884148461361406,-0.0024572809858604003,-3.058661308848534e-05,0.008268394458994452
33.42,0,-0.4052171450799143,0.758993760970786,-0.728565472860527,0.010389444231855727,10.615523209359147
33.42,1,0.026114698673583476,0.0005862273975074122,-0.002454043382091511,-1.7362555296954185e-05,0.008224546120400727
33.44,0,-0.3901585500800426,0.7467909610435115,-0.7175143345504871,0.009857110411149783,10.445216344198013
33.44,1,0.026126403292829812,0.0005842582778444956,-0.002450675117879444,-1.7162338297321833e-06,0.00818133212365267
33.46,0,-0.37534841583011536,0.7341518124200278,-0.7060101855149147,0.009317180420733706,10.268808193459655
33.46,1,0.02613806946330401,0.0005823574937395464,-0.002447277333271473,1.4595854928523e-05,0.008138409057425128
33.480000000000004,0,-0.360795220717527,0.7211012136263878,-0.694076804152622,0.008773255957597037,10.086643734811833
33.480000000000004,1,0.026149697056657782,0.0005803770910026262,-0.0024439571731203814,2.9787953504605003e-05,0.00809549132053216
33.5,0,-0.3465069431635555,0.7076642433092956,-0.6817382156198933,0.008228722244037812,9.8990706840861
33.5,1,0.026161283124741277,0.0005781852144207487,-0.0024408154561983042,4.222986992774916e-05,0.008052363131962732
33.52,0,-0.33249105916061555,0.6938660481270577,-0.6690186174962384,0.007686484835427443,9.70643818894338
33.52,1,0.02617282234471251,0.0005756779854468051,-0.0024379352112435635,5.0610591778944836e-05,0.008008881204476325
33.54,0,-0.3187545419209822,0.6797317445902851,-0.6559423113134727,0.007148761977195051,9.509095662286796
33.54,1,0.026184307672899476,0.0005727883902329629,-0.0024353723397465632,5.406618985453332e-05,0.007964971273406946
33.56,0,-0.30530386330967746,0.6652863394120148,-0.6425336406265048,0.006616959843730896,9.307391791924475
33.56,1,0.026195731142008658,0.0005694916636105946,-0.0024331494171959023,5.2261295907175126e-05,0.00792062199464115
33.58,0,-0.29214499666098714,0.6505546710641976,-0.6288169361421758,0.006091646123659089,9.101673748775108
33.58,1,0.026207084728732153,0.0005658069244960199,-0.002431253292675507,4.5417787109664626e-05,0.007875879155834611
33.6,0,-0.2792834205452669,0.6355613731027869,-0.6148164682939848,0.005572623388981235,8.892286600050035
33.6,1,0.026218361216347127,0.0005617950564174195,-0.0024296367287698867,3.428890170629334e-05,0.007830841888137579
33.62,0,-0.2667241230629553,0.6203308576989575,-0.6005564075353373,0.005059089613863144,8.67957291817154
33.62,1,0.026229554978921998,0.0005575530380933213,-0.0024282238832535894,2.008157333912089e-05,0.007785660959967376
33.64,0,-0.25447160629303606,0.6048873159746051,-0.5860607924973033,0.004549861194594662,8.463872562449875
33.64,1,0.026240662619818254,0.0005532051252360948,-0.00242691901635277,4.334072092399693e-06,0.007740537681212927
33.660000000000004,0,-0.2425298906054783,0.5892547304147348,-0.5713535059949127,0.004043625636015236,8.245522600170272
33.660000000000004,1,0.026251683407131934,0.0005488914781108213,-0.0024256174553853615,-1.124013735581339e-05,0.007695720830907311
33.68,0,-0.2309025186495229,0.5734568939668475,-0.5564582586511503,0.0035391878851194214,8.024857327650746
33.68,1,0.0262626194625662,0.0005447550251394031,-0.0024242175988143226,-2.492828444133552e-05,0.007651498636392978
33.7,0,-0.21959255893813134,0.5575174304875763,-0.541398579633075,0.003035676512443075,7.8022083503136255
33.7,1,0.02627347567797046,0.0005409275444777431,-0.0024226326208132034,-3.519769536299358e-05,0.007608183318051395
33.72,0,-0.2086026090496124,0.541459811904852,-0.5261978136662525,0.0025326831453904575,7.577904683522538
33.72,1,0.026284259355159885,0.0005375161128647729,-0.002420800559425301,-4.086144834375416e-05,0.007566087028450574
33.74,0,-0.19793479854857035,0.5253073686814907,-0.510879123132071,0.0020303195716531164,7.352272841969217
33.74,1,0.02629497958885438,0.0005345911823886377,-0.0024186916361884935,-4.121338217179943e-05,0.007525489935612726
33.76,0,-0.1875907917817728,0.5090832916765035,-0.4954654936896619,0.001529190017004467,7.125636893454044
33.76,1,0.02630564643815257,0.000532177563387273,-0.0024163119479863595,-3.61174731173218e-05,0.007486603360539143
33.78,0,-0.17757179072694027,0.4928106250531764,-0.47997974154022466,0.0010302892271920605,6.8983184615172775
33.78,1,0.026316269956643178,0.0005302494800641691,-0.0024137030644782943,-2.604011257728925e-05,0.007449532833475655
33.8,0,-0.1678785380654559,0.4765122512334031,-0.4644445202093914,0.0005348481353535384,6.670636669132289
33.8,1,0.026326859172204196,0.0005287306008344571,-0.0024109375169808146,-1.2018826922404607e-05,0.007414247238604805
33.82,0,-0.15851132061974174,0.46021086984473814,-0.4488823246021642,4.41563881463658e-05,6.442908021438187
33.82,1,0.026337421121617306,0.0005274995244977546,-0.002408110629516502,4.432825677420926e-06,0.0073805605172911435
33.84,0,-0.14946997325202488,0.44392897302303247,-0.43331549011463905,-0.00044060626725839214,6.2154462285897125
33.84,1,0.026347960049385822,0.0005264006488008763,-0.0024053295690974227,2.1477582617085433e-05,0.007348131500595181
33.86,0,-0.1407538832745483,0.4276888192843966,-0.41776618478257593,-0.0009185001245297642,5.988561970106082
33.86,1,0.02635847687237731,0.000525259710295497,-0.002402700831388316,3.715058853892214e-05,0.007316485355598035
33.88,0,-0.13236199538281423,0.4115124075266793,-0.40225639280667363,-0.0013888946513671563,5.762562600024877
33.88,1,0.026368968991168102,0.0005239026383349925,-0.0024003175884091646,4.9579845064845474e-05,0.007285057091625049
33.9,0,-0.12429281710194069,0.39542145170811605,-0.38680788829775026,-0.0018514646784097977,5.537751788592034
33.9,1,0.026379430495965382,0.0005221758019177807,-0.0023982483780860876,5.720721480454577e-05,0.007253254012044385
33.92,0,-0.1165444247368616,0.37943735558454916,-0.3714421986949437,-0.002306114141192861,5.314429092324881
33.92,1,0.0263898527723025,0.0005199653390671035,-0.0023965284989477856,5.89842669864761e-05,0.007220530479952974
33.94,0,-0.10911446984068333,0.3635811857977547,-0.3561805579769866,-0.002752840174965243,5.092889441343531
33.94,1,0.02640022546368931,0.0005172131255426298,-0.0023951551937003396,5.4518254740686806e-05,0.007186465502856131
33.96,0,-0.10200018625823278,0.3478736408150935,-0.3410438504541724,-0.003191560602668897,4.8734225320139775
33.96,1,0.02641053770076995,0.000513927116749076,-0.002394087288711318,4.4147646649280586e-05,0.007150831987837782
33.980000000000004,0,-0.09519839785594557,0.3323350128964213,-0.32605254654016164,-0.0036219344341548165,4.656312114984053
33.980000000000004,1,0.02642077946571122,0.000510184298115126,-0.002393249445951613,2.8933698000201125e-05,0.007113646475611562
34.0,0,-0.08870552710428795,0.3169851405035629,-0.3112266324080118,-0.004043206883286299,4.441835173933168
34.0,1,0.026430942932757807,0.000506125272608248,-0.0023925406363878325,1.0563919921813963e-05,0.0070751898965936595
34.02,0,-0.08251760472341423,0.3018433493742353,-0.29658553579559815,-0.004454107311247402,4.230260998550541
34.02,1,0.026441023616264776,0.0005019405198536779,-0.002391845923238573,-8.826015561878148e-06,0.007035993293513367
34.04,0,-0.0766302806261496,0.28692838176579866,-0.2821480504199187,-0.004852820891914966,4.021850165613096
34.04,1,0.026451021169158644,0.0004978494597514961,-0.002391050213949617,-2.6894694807527014e-05,0.00699678713132847
34.06,0,-0.07103883638670919,0.272258314963361,-0.26793226148361043,-0.005237043835100819,3.816853453322155
34.06,1,0.02646093970810708,0.0004940744986119402,-0.002390052357394906,-4.137515742722031e-05,0.006958418137994384
34.08,0,-0.06573819942491375,0.2578504718148884,-0.2539554746236721,-0.005604119373942451,3.6155107247823803
34.08,1,0.02647078759409464,0.0004908130751203112,-0.0023887778685951163,-5.035975727631439e-05,0.006921742808960671
34.1,0,-0.060722959024931474,0.24372132755523865,-0.24023415038972254,-0.0059512393538529995,3.418049825127194
34.1,1,0.02648057666307781,0.0004882112200879675,-0.002387188676841267,-5.255386573418952e-05,0.006887510946965736
34.12,0,-0.05598738421051667,0.22988641828010528,-0.22678384598485163,-0.0062756860384827196,3.224685541959957
34.12,1,0.026490320973002992,0.00048634219872788724,-0.002385288609283639,-4.746438738876396e-05,0.006856255169579186
34.14,0,-0.051525443385237214,0.21636025695023228,-0.21361916559808838,-0.006575082227611384,3.035618679530863
34.14,1,0.026500035201339294,0.0004851933734616537,-0.002383123809933372,-3.5495454632383794e-05,0.006828202683095535
34.160000000000004,0,-0.047330825529027856,0.2031562626458596,-0.20075372024391874,-0.006847615950928088,2.8510352929929623
34.160000000000004,1,0.026509732881807906,0.0004846635319104166,-0.0023807778996619523,-1.7934133356795057e-05,0.00680322358010263
34.18,0,-0.043396962635381855,0.19028670794620953,-0.188200097634367,-0.007092209134793359,2.671106120381727
34.18,1,0.026519424701733834,0.0004845716599816223,-0.002378362334777517,3.1776272956529628e-06,0.006780825612447059
34.2,0,-0.03971705298953089,0.17776268787048136,-0.17596984226554097,-0.007308607260182898,2.495986237446922
34.2,1,0.026529117086402255,0.0004846766551078113,-0.002376003039533978,2.5273852217962134e-05,0.006760199319291397
34.22,0,-0.036284084837294305,0.16559411196038015,-0.16407344561334591,-0.007497377989407417,2.32581494543473
34.22,1,0.026538811271452977,0.0004847059631830669,-0.0023738248916551044,4.557313642222435e-05,0.00674031034814071
34.24,0,-0.03309085998300156,0.15378971904297173,-0.152520346100308,-0.007659819392854983,2.160715885994459
34.24,1,0.02654850301026048,0.00048438979491659273,-0.0023719359609036396,6.142834322091228e-05,0.006720028785611384
34.26,0,-0.030130016884134785,0.14235711224429184,-0.14131893830531728,-0.007797790869245369,2.0007973622893314
34.26,1,0.026558182986120015,0.00048349663093347125,-0.0023704134907273446,7.067347450289557e-05,0.006698279358565703
34.28,0,-0.02739405287614252,0.1313028101735477,-0.13047659072292364,-0.007913490283702918,1.8461528327133707
34.28,1,0.02656783790817213,0.0004818653157198796,-0.002369293451708709,7.192200216426387e-05,0.006674192417914051
34.300000000000004,0,-0.024875345254810017,0.1206323090621846,-0.11999967121979736,-0.008009207730694357,1.6968615346012788
34.300000000000004,1,0.02657745217710426,0.00047942925705089817,-0.0023685650943124506,6.477522772126154e-05,0.0066472343709913125
34.32,0,-0.022566171053970997,0.11035015014380768,-0.10989357916799762,-0.008087088696315137,1.5529891907096227
34.32,1,0.026587009924479838,0.00047622909466867936,-0.0023681713303077604,4.990931276635177e-05,0.00661729801259516
34.34,0,-0.02045872546999727,0.10045998673130148,-0.1001627830504362,-0.0081489369689417,1.4145887512071624
34.34,1,0.026596497169973633,0.00047241159528426416,-0.0023680150476737736,2.9024418260248375e-05,0.006584737915719448
34.36,0,-0.01854513898850185,0.09096464622482106,-0.09081086213637511,-0.008196080875129241,1.281701128022624
34.36,1,0.02660590381321939,0.0004682143040986561,-0.0023679707024803665,4.657117937723748e-06,0.006550343139443462
34.38,0,-0.016817493352212814,0.08186618352562561,-0.08184055062796418,-0.008229316392476371,1.1543558857512348
34.38,1,0.026615225186790176,0.0004639374072111881,-0.002367899831093987,-2.0124373784503186e-05,0.006515248074741138
34.4,0,-0.015267836564676741,0.07316592383519728,-0.07325378250632766,-0.008248928980251091,1.032571862673013
34.4,1,0.02662446294446367,0.0004599060729241095,-0.0023676685806059404,-4.210608154097892e-05,0.006480791102478513
34.42,0,-0.013888197149324861,0.06486449435976975,-0.06505173518747763,-0.008254784368617596,0.9163577054053941
34.42,1,0.02663362513954019,0.0004564279844344226,-0.002367165041151403,-5.834682724877027e-05,0.006448338609330686
34.44,0,-0.012670597878984263,0.056961845798936414,-0.057234870065915176,-0.00824646880834351,0.8057123099934533
34.44,1,0.02664272545191502,0.00045375163311378504,-0.002366314129514164,-6.657474884514542e-05,0.006419097612438135
34.46,0,-0.01160706916264627,0.04945726549624214,-0.049802968104953105,-0.008223452842299916,0.7006251697896899
34.46,1,0.026651781636503842,0.0004520310649119412,-0.002365088032502857,-6.550795488449376e-05,0.006393942863651669
34.480000000000004,0,-0.010689662232632383,0.04234938465900793,-0.042755158846322305,-0.008185250427516833,0.6010766356536278
34.480000000000004,1,0.026660813374153474,0.00045130211376358,-0.002363510746052216,-5.505373894371807e-05,0.006373283331633837
34.5,0,-0.009910462226055175,0.03563618208461563,-0.03608994156301769,-0.008131547461841998,0.5070380966464607
34.5,1,0.026669839794115285,0.0004514737746989986,-0.0023616559804404877,-3.635554313278361e-05,0.006356988388918763
34.52,0,-0.009261601209243405,0.029314986414263073,-0.02980519775828654,-0.008062280012785972,0.418472089812469
34.52,1,0.026678876991542234,0.0004523364292759018,-0.0023596385525403466,-1.1676367079997002e-05,0.00634438637694262
34.54,0,-0.008735271160367323,0.02338247819719691,-0.02389819479362204,-0.007977651755159576,0.3353323465159163
34.54,1,0.026687935875485232,0.0004535863857357273,-0.002357600243465826,1.5870933631922934e-05,0.006334338466668258
34.56,0,-0.008323736908622426,0.017834692161891413,-0.01836558106870578,-0.00787809080201178,0.25756378106849154
34.56,1,0.026697020649273158,0.00045486393795515724,-0.002355691850897029,4.271493404347723e-05,0.006325380197328725
34.58,0,-0.008019349029058294,0.01266701924794438,-0.013203373825195899,-0.007764156555289767,0.1851024260265111
34.58,1,0.026706128148963032,0.00045580019531437304,-0.0023540537071430234,6.528949168096293e-05,0.00631591324272026
34.6,0,-0.007814556707756902,0.007874207332831257,-0.008406941248058408,-0.007636415760468515,0.11787531842010611
34.6,1,0.02671524815578771,0.00045606657298837147,-0.002352797188960462,8.050976608921928e-05,0.006304422255747981
34.62,0,-0.007701920616654949,0.0034503593274119097,-0.003970981038432861,-0.007495312285474138,0.055800342869240876
34.62,1,0.026724364669248362,0.0004554202691404485,-0.0023519896717469377,8.619651637875592e-05,0.006289687251587522
34.64,0,-0.00767412586285045,-0.0006110725159514497,0.00011050201545886297,-0.007341056434873332,-0.0012139587884469633
34.64,1,0.02673345799593518,0.000453739397365736,-0.0023516449802415723,8.138991783673485e-05,0.006270961645283568
34.660000000000004,0,-0.00772399509506612,-0.004317296645203036,0.003844216770780285,-0.007173556668492315,-0.05326859636435019
34.660000000000004,1,0.026742507393439394,0.00045104267143271007,-0.0023517207054212764,6.650745879973122e-05,0.006248089941258209
34.68,0,-0.007844501852303452,-0.007676196229038646,0.007237602090937413,-0.00699240989286036,-0.10047433731368069
34.68,1,0.026751493925346898,0.0004474905119422435,-0.0023521228770248953,4.332040709488505e-05,0.006221546760096524
34.7,0,-0.008028784221193302,-0.010696345658019291,0.01029883637519679,-0.006796957090354161,-0.14295188212191592
34.7,1,0.02676040314479463,0.0004433669092717562,-0.0023527175159377468,1.4747325735382094e-05,0.006192389404069205
34.72,0,-0.008270158827112543,-0.013387026897052092,0.013036838182267543,-0.0065864004170481105,-0.18083197614168117
34.72,1,0.026769227237077624,0.0004390440057503793,-0.002353347667646221,-1.5512014732078916e-05,0.0061621280952373885
34.74,0,-0.008562135121700525,-0.0157582421231909,0.01546125638966574,-0.006359967695526381,-0.21425542202914621
34.74,1,0.026777966315995265,0.00043493379134986224,-0.002353853761686976,-4.345663436216424e-05,0.006132529713260235
34.76,0,-0.008898429851710412,-0.01782071851909619,0.01758244893080885,-0.006117102043866562,-0.24337295722348007
34.76,1,0.02678662867656476,0.000431433197349497,-0.0023540946575647714,-6.531588322454193e-05,0.0061053806461175
34.78,0,-0.009272981510024461,-0.019585901031065396,0.019411449782528987,-0.005857649494767109,-0.2683449649401485
34.78,1,0.026795229944659753,0.00042886994354489756,-0.0023539665959235604,-7.806159432076354e-05,0.00608224080394933
34.800000000000004,0,-0.009679964489903393,-0.021065929399465267,0.0209599244857466,-0.005582016640982346,-0.28934099495153137
34.800000000000004,1,0.026803791213757134,0.00042745657567613187,-0.0023534175011646016,-7.983087154072102e-05,0.006064222931006566
34.82,0,-0.010113802599237146,-0.02227359680524548,0.022240115027377817,-0.0052912737446922375,-0.3065390815287445
34.82,1,0.026812336399891955,0.0004272591837891599,-0.0023524546553466866,-7.02001009567077e-05,0.006051828674004948
34.84,0,-0.010569181552545933,-0.023222288945633947,0.02326477535973045,-0.004987185877597444,-0.3201248593612778
34.84,1,0.026820889158411847,0.0004281854247735422,-0.0023511446129872234,-5.0269738289844546e-05,0.006044865685119437
34.86,0,-0.011041060051813595,-0.023925904085555474,0.0240470991663232,-0.004672164460532702,-0.3302904927372439
34.86,1,0.02682946977393157,0.0004299939203475045,-0.002349605243449744,-2.2544374749893653e-05,0.006042459259614956
34.88,0,-0.011524679096125982,-0.02439875641677539,0.024600641696317083,-0.0043491425912711434,-0.3372334472435843
34.88,1,0.026838092447578666,0.0004323242037486438,-0.0023479908382652718,9.379782172937862e-06,0.006043159070308076
34.9,0,-0.012015569223325692,-0.02465546666993667,0.024939237592394088,-0.004021388154460903,-0.34115514522465246
34.9,1,0.02684676336017027,0.00043474353920422724,-0.0023464721640906656,4.128130588006845e-05,0.006045128242979113
34.92,0,-0.012509555478930613,-0.024710845160922496,0.025076916647146574,-0.0036922773358967487,-0.3422595549170182
34.92,1,0.026855479791362775,0.0004368045351050188,-0.002345214048941352,6.88732988270574e-05,0.006046390192643206
34.94,0,-0.013002760019199654,-0.024579773156493255,0.025027819364000926,-0.003365056557046109,-0.34075176763385945
34.94,1,0.026864230435561527,0.0004381058585756966,-0.0023443534602914694,8.838200577035438e-05,0.006045100014289399
34.96,0,-0.01349160237482811,-0.024277088529668426,0.024806114093773823,-0.003042622238676268,-0.3368366171766817
34.96,1,0.02687299689388159,0.0004383477769747528,-0.0023439810127205874,9.706579671995424e-05,0.0060398030809265865
34.980000000000004,0,-0.01397279751678723,-0.023817481139592096,0.024425917386527708,-0.0027273450298443414,-0.330717390924445
34.980000000000004,1,0.026881756159607386,0.0004373748031493777,-0.00234412842620308,9.360271842778073e-05,0.006029644525663508
35.0,0,-0.01444335196451691,-0.023215402291768012,0.023901219052736265,-0.0024209586554806706,-0.3225946734292715
35.0,1,0.026890483774800356,0.00043519935234623345,-0.0023447636936496175,7.829149827648721e-05,0.00601449943457078
35.02,0,-0.014900558249549166,-0.022484991159733302,0.023245813271627613,-0.0021245243415144166,-0.31266535189475186
35.02,1,0.02689915723772568,0.0004320028241265565,-0.002345794705432665,5.303544972008051e-05,0.00599500408805171
35.04,0,-0.01534198808864977,-0.021640019372525847,0.022473236913502972,-0.0018384712574850137,-0.3011217999578768
35.04,1,0.026907759198959342,0.0004281135710344797,-0.002347080952177815,2.1107931476322533e-05,0.005972482063006393
35.06,0,-0.01576548462779918,-0.020693853306237832,0.021596716046324467,-0.001562703133293153,-0.2881512431540365
35.06,1,0.026916280005210038,0.00042396439365468576,-0.00234845183570803,-1.3272091768389699e-05,0.005948773602933992
35.08,0,-0.016169154094054998,-0.019659432163168428,0.020629121361784273,-0.0012967526567165821,-0.2739352976276414
35.08,1,0.026924719232235297,0.00042003506988525137,-0.0023497292099046263,-4.549936401797641e-05,0.005925990342411494
35.1,0,-0.016551357142467128,-0.018549258839484578,0.01958293297079427,-0.0010399596520657417,-0.2586496641007183
35.1,1,0.026933085981406053,0.0004167875808397402,-0.0023507511739621753,-7.120216115402006e-05,0.005906228292910381
35.12,0,-0.016910700118309783,-0.017375399971891716,0.018470214676927495,-0.0007916471239044487,-0.24246395248257957
35.12,1,0.026941397880897083,0.0004146028253072255,-0.002351393935514778,-8.683883100432666e-05,0.0058912783853054835
35.14,0,-0.0172460263807949,-0.016149491443286958,0.01730259744190949,-0.000551271200039713,-0.2255416090059777
35.14,1,0.026949678909656903,0.0004137275452783736,-0.002351588783481043,-9.018921259023455e-05,0.005882374846487466
35.160000000000004,0,-0.01755640776280067,-0.014882745971760588,0.01609127132394853,-0.0003185264160847495,-0.20803991718856346
35.160000000000004,1,0.02695795632588438,0.00041423890708092463,-0.002351331835651227,-8.067233704992655e-05,0.0058800170361828705
35.18,0,-0.017841136180103353,-0.013585960099648143,0.014846984722863124,-9.339572754681058e-05,-0.1901100456675272
35.18,1,0.026966257108859155,0.0004160318548337636,-0.0023506851743518506,-5.944468219703028e-05,0.0058838906498697215
35.2,0,-0.0180997153586546,-0.012269518790234996,0.013580049340376588,0.00012385617166385532,-0.1718971192349538
35.2,1,0.026974604395499795,0.00041883128267531744,-0.0023497691303015836,-2.9262735633965586e-05,0.005892900693088409
35.22,0,-0.018331852621912875,-0.010943396762793859,0.012300348900195908,0.0003327386508579222,-0.15354029332997193
35.22,1,0.026983014400130956,0.00042222767508102353,-0.0023487466667736806,5.874258216877898e-06,0.005905313192917452
35.24,0,-0.018537450671158313,-0.009617156495601808,0.011017349412077904,0.0005326250797535181,-0.13517281601817882
35.24,1,0.026991494245730274,0.0004257316077114364,-0.0023478018921299043,4.1255131935862e-05,0.005918987376024247
35.26,0,-0.018716599296322477,-0.008299943379801595,0.009740108643852444,0.0007228572001947153,-0.11692206451741705
35.26,1,0.02700004101482248,0.00042883983885793736,-0.0023471155413090855,7.209059025320083e-05,0.005931667153757921
35.28,0,-0.018869566967447907,-0.007000478745711059,0.008477282512083592,0.0009028428808837766,-0.0989095453208386
35.28,1,0.027008642164033418,0.0004311040313292385,-0.002346840702750509,9.416438206781563e-05,0.005941292056541522
35.300000000000004,0,-0.018996792270997827,-0.005727051400836784,0.007237126327918667,0.0010721283540742615,-0.08125084796578924
35.300000000000004,1,0.027017277260278104,0.00043219267381187953,-0.0023470820633665836,0.00010441290325612432,0.00594628453011019
35.32,0,-0.01909887516489219,-0.00448750796984245,0.006027489234555271,0.001230431270543647,-0.06405554284833795
35.32,1,0.027025920814121134,0.0004319375999443075,-0.0023478814966565527,0.00010135313007484867,0.005945773269145456
35.34,0,-0.01917656802699614,-0.0032892418154932975,0.00485580072342391,0.0013776283420162128,-0.04742701375892238
35.34,1,0.027034545832314908,0.00043035853311915666,-0.002349211984397145,8.529875721153407e-05,0.005939720706456658
35.36,0,-0.01923076646190827,-0.002139179781511543,0.0037290487779344694,0.0015136997440063499,-0.03146221668516795
35.36,1,0.02704312760847748,0.0004276620475315315,-0.0023509807504175076,5.8332884036907395e-05,0.005928935781404533
35.38,0,-0.019262499811185118,-0.0010437655756663723,0.002653749913996061,0.0016386404627152656,-0.016251358522044478
35.38,1,0.0270516472331415,0.00042421483037693796,-0.002353041244480435,2.403871784627254e-05,0.005914968907430861
35.4,0,-0.019272921286197207,-8.938428585686512e-06,0.0016359121056772443,0.0017523550965423008,-0.0018774930967419123
35.4,1,0.027060094337907598,0.0004204946769518211,-0.0023552124128707985,-1.2976982479043914e-05,0.0058999024598045385
35.42,0,-0.019263297616359552,0.0009598941950383354,0.0006809922415730798,0.0018545562481001301,0.011583962482436566
35.42,1,0.027068468689261604,0.00041702575779263904,-0.0023573026937159353,-4.770420683227264e-05,0.00588606481592922
35.44,0,-0.01923499808538313,0.0018578905623385738,-0.0002061497024217259,0.0019446869767263692,0.02406578089601366
35.44,1,0.027076780402469885,0.0004143069290043381,-0.0023591355168391293,-7.5409913608597e-05,0.00587570691966933
35.46,0,-0.01918948282127184,0.0026808152318607706,-0.0010212972087565934,0.002021884751093322,0.03550952849495747
35.46,1,0.02708504873392058,0.00041274289514214884,-0.0023605728622657232,-9.228540290473139e-05,0.005870685934894815
35.480000000000004,0,-0.019128290217587034,0.0034250850840168994,-0.0017609217259107162,0.0020849983979497645,0.045866192778286824
35.480000000000004,1,0.02709329960560695,0.0004125877230829424,-0.0023615336722484256,-9.597184135490613e-05,0.0058721999645161005
35.5,0,-0.019053023397224512,0.004087818572129527,-0.0024222223880676565,0.0021326615898208355,0.05509679841999254
35.5,1,0.02710156219116665,0.0004139085762675806,-0.0023620045893245575,-8.589099581551157e-05,0.0058806110635616395
35.52,0,-0.018965335685736124,0.004666884892601237,-0.003003158391243467,0.0021634176666363303,0.06317297082978099
35.52,1,0.02710986502449722,0.0004165748062899761,-0.0023620415180768744,-6.333447025967665e-05,0.005895381758319343
35.54,0,-0.018866915135882994,0.0051609489630392415,-0.0035024718272235558,0.0021758823827683,0.07007740309978108
35.54,1,0.027118232160879913,0.0004202740732592155,-0.002361761743488263,-3.1297611163376426e-05,0.005915134636792392
35.56,0,-0.01875946823233023,0.005569507669850268,-0.003919699257513251,0.0021689247701940084,0.07580418260770974
35.56,1,0.02712667991672969,0.0004245534429834157,-0.00236132761701791,5.9207401233822565e-06,0.005937827461644438
35.58,0,-0.01864470299649951,0.005892912896418219,-0.004255170868494287,0.0021418426972177745,0.0803589378526373
35.58,1,0.02713521463753754,0.0004288799427849886,-0.002360923968826708,4.329913647673281e-05,0.005961020062513107
35.6,0,-0.01852431179661077,0.006132377402228205,-0.0045099966385610275,0.0020945094473648618,0.08375877418383001
35.6,1,0.02714383180436724,0.0004327123317390051,-0.0023607322638386054,7.577637748641675e-05,0.0059821962668596546
35.62,0,-0.018399954236916156,0.006289960656733471,-0.004686039524310094,0.0020274708085055576,0.08603197838576304
35.62,1,0.027152516606267434,0.00043557423888685814,-0.00236090497191742,9.89431719197846e-05,0.0059990961724962315
35.64,0,-0.018273240544479496,0.0063685331392088,-0.0047858762000456715,0.001941978301902146,0.08721748564702106
35.64,1,0.027161245904223055,0.00043711857432592326,-0.002361543604670829,0.00010964773969718636,0.006010012300865737
35.660000000000004,0,-0.018145715885550754,0.006371719245367136,-0.00481274633797812,0.0018399524089477357,0.08736411702619218
35.660000000000004,1,0.027169991319620244,0.00043717426595563753,-0.002362683383538191,0.00010643183673224657,0.006014007886646678
35.68,0,-0.01801884602398826,0.006303820609865313,-0.004770491782414231,0.0017238787801634459,0.08652960975795093
35.68,1,0.027178723023366186,0.0004357687679407684,-0.002364286610392347,8.973661452204434e-05,0.006011026136648714
35.7,0,-0.017894004682423054,0.0061697231712439194,-0.004663487247830145,0.0015966491226848956,0.08477947527472998
35.7,1,0.027187413702699732,0.0004331231002984733,-0.0023662456331280555,6.184912154279243e-05,0.006001874282635836
35.72,0,-0.017772462887716826,0.005974792501756436,-0.004496564364417198,0.0014613655175162582,0.08218572950707385
35.72,1,0.027196042155365002,0.0004296199572448099,-0.0023683949943549614,2.659581791144075e-05,0.005988083583515897
35.74,0,-0.01765538048353942,0.005724762670219127,-0.004274931017059087,0.0013211313303505764,0.07882554605271722
35.74,1,0.027204596009323904,0.00042574914277949353,-0.002370531098869751,-1.1175687969849912e-05,0.005971663686882758
35.76,0,-0.017543799884398033,0.005425624131060855,-0.004004087987599469,0.0011788530620306902,0.0747798847728213
35.76,1,0.02721307318416717,0.0004220377385751399,-0.002372436706081089,-4.625618045805968e-05,0.005954784520510018
35.78,0,-0.017438642037751844,0.0050835158330929855,-0.0036897449263430773,0.001037075328373431,0.07013214633492837
35.78,1,0.027221481881784127,0.0004189745422103967,-0.0023739068880892964,-7.378548026023418e-05,0.005939429071205789
35.800000000000004,0,-0.017340704463929876,0.004704625977907029,-0.003337737652867646,0.000897866043310741,0.06496689764738767
35.800000000000004,1,0.027229839095123182,0.0004169391329245281,-0.0023747728843923313,-8.991671271302987e-05,0.005927064573656425
35.82,0,-0.017250661165641026,0.004295104745294848,-0.002953948718279039,0.0007627616062901438,0.05936870482783772
35.82,1,0.027238167827233675,0.00041614530875628403,-0.0023749205598156986,-9.234284379906407e-05,0.0059183771663870385
35.84,0,-0.017169064145428087,0.003860990993222455,-0.002544233045263402,0.0006327735629993309,0.053421100342115044
35.84,1,0.027246493390052078,0.0004166066734136856,-0.002374300896540706,-8.061286686310634e-05,0.005913106294654703
35.86,0,-0.0170963462427655,0.0034081535984280104,-0.0021143502891595076,0.000508450043496771,0.04720570033449538
35.86,1,0.027254839278937848,0.0004181291021678282,-0.00237293102587063,-5.6193826450688655e-05,0.005910001256800282
35.88,0,-0.017032825001665343,0.0029422468872482735,-0.001669905322530509,0.0003899784521916791,0.04080147796928415
35.88,1,0.027263223177102974,0.00042033110372477635,-0.0023708855843416177,-2.2269775766404348e-05,0.005906905227913272
35.9,0,-0.016978707300809543,0.0024686786412350683,-0.001216297929983469,0.0002773113283564242,0.03428418964893454
35.9,1,0.027271653625589108,0.0004226892331177447,-0.002368279487506232,1.6695032075141752e-05,0.005900954231573285
35.92,0,-0.01693409451544834,0.001992588529178906,-0.0007586824083685534,0.00017029558794829855,0.027725943820556386
35.92,1,0.027280127801721513,0.00042460223498078044,-0.0023652443744547258,5.556892454313886e-05,0.005888862365187786
35.94,0,-0.016898988026595212,0.0015188345431399685,-0.0003019373084079315,6.878662982665214e-05,0.021194896974132904
35.94,1,0.027288630694713375,0.00042546499036279266,-0.0023619018283733534,8.925748128275901e-05,0.005867252383796337
35.96,0,-0.01687329494141151,0.0010519850743258177,0.00014935495345436318,-2.7267276244490046e-05,0.014755058316805939
35.96,1,0.027297135772575715,0.00042474196671498125,-0.0023583369066185198,0.0001134033069630884,0.00583298422704665
35.980000000000004,0,-0.016856833933119767,0.0005963145833679472,0.0005909194096327201,-0.00011777901555521265,0.008466183182706472
35.980000000000004,1,0.027305607026595315,0.0004220299221198722,-0.00235457545934756,0.0001249847527038453,0.0057834341569743646
36.0,0,-0.016849341145089073,0.00015580129667375846,0.001018792083965724,-0.00020251690806815867,0.002383735061500778
36.0,1,0.02731400208715148,0.00041710108551251587,-0.002350568186169769,0.00012273133897496707,0.005716683858200256
36.02,0,-0.016850476129864865,-0.00026587411754320177,0.00142931750439487,-0.0002811343569707539,-0.00344110328863407
36.02,1,0.02732227595421424,0.00040992072139710317,-0.0023461834480752275,0.00010729889036024953,0.0056315912091991945
36.04,0,-0.016859827810057123,-0.0006653294788206506,0.001819142260141406,-0.000353224435783275,-0.008961388267705834
36.04,1,0.027330384798339272,0.00040063651786853506,-0.0023412096446573066,8.118051164823434e-05,0.005527730738511255
36.06,0,-0.01687692045622838,-0.0010394818948318673,0.002185206863026511,-0.00041838545075168626,-0.014134361076894458
36.06,1,0.027338289275458033,0.0003895411205531541,-0.002335366649520873,4.836593495498309e-05,0.005405209752789172
36.08,0,-0.016901219680553393,-0.0013855485616161912,0.0025247381827797964,-0.0004762824921314586,-0.018921397370495217
36.08,1,0.027345956862950486,0.0003770128330629818,-0.002328324549810487,1.3796414242706057e-05,0.005264383248639037
36.1,0,-0.016932138447798804,-0.0017010477398226634,0.0028352445482592993,-0.0005266915648429495,-0.023287976792674338
36.1,1,0.02735336285642632,0.0003634425032920715,-0.0023197269292247876,-1.7309553315851545e-05,0.0051055045994048524
36.12,0,-0.016969043110406975,-0.0019838002720355434,0.0031145152451902114,-0.000569516743120807,-0.0272036870653768
36.12,1,0.02736048984796944,0.000349156498430034,-0.0023092153047807222,-4.016672047009798e-05,0.004928357698490576
36.14,0,-0.017011259484302217,-0.0022319322630954784,0.003360625619549886,-0.0006047762469702546,-0.030642275436366443
36.14,1,0.027367325712117526,0.0003343461794068987,-0.002296451161114436,-5.107201589400062e-05,0.0047319185275905805
36.160000000000004,0,-0.017058078996927385,-0.0024438797785116045,0.003571948354294806,-0.0006325594679812835,-0.03358175743118118
36.160000000000004,1,0.027373860327019054,0.00031901334873431957,-0.0022811323439187498,-4.790280278148609e-05,0.004514089685061959
36.18,0,-0.017108764957557015,-0.0026183965335710457,0.003747170779281012,-0.000652962758808745,-0.03600458871118589
36.18,1,0.02738008142714101,0.00030293889655271964,-0.0022630013315298315,-3.0396331269277876e-05,0.004271540883007352
36.2,0,-0.017162559019015037,-0.002754565472694404,0.003885317361484903,-0.000666016287974025,-0.03789790032974763
36.2,1,0.027385970097219676,0.00028567862270258805,-0.0022418439959274103,-1.725639639169052e-07,0.003999673281800151
36.22,0,-0.01721868791524713,-0.002851814831939732,0.0039857758680709255,-0.0006716167047052107,-0.03925379094245104
36.22,1,0.02739149645924737,0.00026658642065194137,-0.0022174787411895287,3.950198586057281e-05,0.0036927079032666055
36.24,0,-0.01727637056600023,-0.0029099387357890694,0.004048325156473938,-0.0006694803382060327,-0.04006966196284094
36.24,1,0.02739661606948448,0.0002448611998699575,-0.002189737193618358,8.417607850343643e-05,0.0033438807196759703
36.26,0,-0.01733482563379891,-0.002929121645290374,0.004073162170324543,-0.0006591291416602751,-0.04034857389240496
36.26,1,0.02740126743578447,0.0002196106256597773,-0.0021584387374927383,0.00012883693506150935,0.002945711824175372
36.28,0,-0.017393279596404763,-0.0029099651310845846,0.004060925538739405,-0.000639916944618641,-0.04009959489056554
36.28,1,0.027405370901894134,0.00018992242592370565,-0.0021233619912773664,0.00016860849347144144,0.0024903054694604375
36.300000000000004,0,-0.01745097535889317,-0.002853514603604573,0.004012713201561421,-0.0006110974937486441,-0.03933810695671538
36.300000000000004,1,0.027408828947674168,0.00015493297322593386,-0.002084216692940305,0.00019942843583648819,0.001969633189326586
36.32,0,-0.017507181374670062,-0.0027612829185476415,0.003930091707653935,-0.0005719291635909798,-0.038086031696076
36.32,1,0.02741152774986754,0.00011388323799087433,-0.002040619360522462,0.00021861101721265715,0.0013757543146595847
36.34,0,-0.017561201177937018,-0.0026352673077749945,0.0038150952328108697,-0.0005218051137173829,-0.03637193719513254
36.34,1,0.02741333966543391,6.615396566370471e-05,-0.0019920755314255683,0.00022521887238390915,0.0007009366469079552
36.36,0,-0.01761238315722802,-0.0024779559593813066,0.003670212899677192,-0.0004603929965428105,-0.03423099043479548
36.36,1,0.027414126163755263,1.1274807798979359e-05,-0.001937970440139146,0.00022019365549646487,-6.234634631075396e-05
36.38,0,-0.017660130328152144,-0.0022923208419646556,0.0034983636066217355,-0.0003877658114765162,-0.031704725976028664
36.38,1,0.027413740663773594,-5.109426986729529e-05,-0.001877568800220837,0.00020622884126987248,-0.0009215486194120055
36.4,0,-0.017703909801493795,-0.002081794044217619,0.003302858234635195,-0.00030450556782386437,-0.0288406110512228
36.4,1,0.027412030736749044,-0.00012120717234514715,-0.001810023076791937,0.00018740362441493214,-0.0018843040372469935
36.42,0,-0.017743261598076484,-0.0018502259368672305,0.0030873497519665278,-0.00021176409334316276,-0.025691399022798066
36.42,1,0.02740883921378992,-0.00019929583202275573,-0.0017343884459976252,0.0001686296607522949,-0.0029587713090708737
36.44,0,-0.017777806440626945,-0.0016018247669475057,0.0028557723330716314,-0.00011127025744459354,-0.022314276479820486
36.44,1,0.02740400387832455,-0.00028564602320302655,-0.0016496416999616686,0.00015498787700941007,-0.004154032201851782
36.46,0,-0.01780725215937813,-0.0013410787349243467,0.0026122711193793838,-5.279388503809379e-06,-0.01876982290043705
36.46,1,0.02739735560735163,-0.00038067499651918624,-0.0015547007964853978,0.00015104725264372502,-0.005480497203912334
36.480000000000004,0,-0.017831398383592507,-0.0010726630333754816,0.0023611246540199762,0.00010353215271520846,-0.015120814619971952
36.480000000000004,1,0.027388715025904484,-0.000485000944248901,-0.0014484416462788013,0.00016025937925832727,-0.006950272598742939
36.5,0,-0.01785013925379652,-0.0008013355904520003,0.002106662312328606,0.00021221742623798133,-0.011430915692565985
36.5,1,0.02737788792877663,-0.0005994955426353701,-0.0013297090886134086,0.0001845115456468628,-0.008577449142542045
36.52,0,-0.017863463974641162,-0.000531826228746594,0.0018531792259526673,0.0003177389931219316,-0.007763306195574247
36.52,1,0.027364659875959204,-0.0007253132583112076,-0.0011973197770605924,0.0002238986903770005,-0.010378284306733909
36.54,0,-0.017871455128941133,-0.0002687245214908202,0.0016048512692688113,0.0004171596699753706,-0.004179302970846854
36.54,1,0.027348790462546995,-0.0008638944059804343,-0.0010500557724264054,0.00027674398242561946,-0.012371265666151697
36.56,0,-0.017874284781064904,-1.6371750520843085e-05,0.001365652654911916,0.0005078239402050572,-0.0007370284474968597
36.56,1,0.02733000778739705,-0.0010169426395101582,-0.0008866488712030656,0.00033986331870595847,-0.014577060271848174
36.58,0,-0.017872208503379,0.00022123795677015987,0.001139278583441671,0.0005875115297933166,0.0025098198649889207
36.58,1,0.027308003594808818,-0.0011863811325179602,-0.0007057569157136798,0.00040903545978292905,-0.01701837131503437
36.6,0,-0.017865557554311327,0.0004405429620248211,0.000929075221375261,0.0006545485066449114,0.005513052961702583
36.6,1,0.027282429447408465,-0.001374294661821823,-0.0005059343706444073,0.00047961149644062083,-0.01971973676194614
36.62,0,-0.01785472951363417,0.0006384826095904756,0.0007379790492635964,0.0007078668551614197,0.008230889679105239
36.62,1,0.02725289412285698,-0.0015828667415020738,-0.00028560016971387533,0.0005471786829168469,-0.02270731306394588
36.64,0,-0.017840177734757504,0.000812546793006714,0.000568467330668681,0.0007470099983490136,0.010628645103744984
36.64,1,0.027218962235305292,-0.0018143216058830122,-4.3006140568656366e-05,0.0006081868924909667,-0.026008689374853136
36.660000000000004,0,-0.017822400002702313,0.000960805791146704,0.000422521104614579,0.000772088268977825,0.01267919280707603
36.660000000000004,1,0.02718015389148237,-0.002070880126146583,0.00022379083207972828,0.0006604518872732022,-0.02965277365332536
36.68,0,-0.017801926790148706,0.0010819207833991662,0.00030160169859597824,0.0007836939788916581,0.014363196988696668
36.68,1,0.027135945027414055,-0.0023547367775923604,0.0005169503209948705,0.0007034673175246001,-0.033669782203817646
36.7,0,-0.017779309485051523,0.0011751364882644367,0.00020664129898541352,0.0007827897682231907,0.015669121067478926
36.7,1,0.02708576795753433,-0.002668061836306198,0.0008388618854492646,0.0007384843227686289,-0.038091350031055404
36.72,0,-0.017755108926146557,0.0012402581522320895,0.00013804760805276043,0.0007705858589206713,0.016593028272328586
36.72,1,0.027029011618790563,-0.0030130294912666536,0.0011921500880689086,0.0007683499870110647,-0.04295076286474422
36.74,0,-0.01772988453271302,0.0012776156094243824,9.572207624777096e-05,0.0007484215333485641,0.01713819699859279
36.74,1,0.026965021014518663,-0.003391869000155219,0.0015796716672244417,0.0007971291767438875,-0.048283295178916955
36.76,0,-0.01770418425802419,0.0012880173399756104,7.909064748217245e-05,0.0007176637831923845,0.01731457897646616
36.76,1,0.026893095452682533,-0.0038069328882956058,0.002004506620913921,0.0008295638546694743,-0.05412662429080796
36.78,0,-0.017678535537411163,0.0012726974133572216,8.714542421619048e-05,0.0006796320943083037,0.0171381316926928
36.78,1,0.026812485317500547,-0.004260773919791952,0.0024699457920473633,0.0008704457645381594,-0.06052128064162548
36.800000000000004,0,-0.01765343734618495,0.0012332579733959586,0.00011849518434074823,0.0006355534310644728,0.016630058196478947
36.800000000000004,1,0.026722387292046724,-0.004756221463975573,0.002979478012945903,0.0009239894888156686,-0.0675110899844737
36.82,0,-0.017629353432833585,0.001171609578521942,0.00017142230172845194,0.0005865464453359646,0.01581598765397122
36.82,1,0.026621938137125514,-0.00529644807954015,0.0035367799080500396,0.0009932918681319833,-0.07514356498169408
36.84,0,-0.01760670675046327,0.001089911327223478,0.00024394337353313714,0.00053362953006467,0.01472512905106402
36.84,1,0.026510207302591782,-0.005885018601038289,0.004145711066564965,0.0010799509099826202,-0.08347021132451868
36.86,0,-0.01758587507455279,0.0009905123359861734,0.00033387076970083925,0.0004777442025326942,0.013389428501273733
36.86,1,0.026386188777968077,-0.006525916520270182,0.004810316537870319,0.0011838945121849936,-0.09254672579596754
36.88,0,-0.017567187766877195,0.0008758958356408532,0.00043887241221369735,0.000419783851543256,0.011842757847428689
36.88,1,0.0262487926621969,-0.0072235456479864185,0.005534837578920872,0.0013034398476396286,-0.10243307891944949
36.9,0,-0.017550923622506806,0.0007486269275293064,0.0005565273668423522,0.00036061824934820663,0.010120158736062082
36.9,1,0.026096836938374945,-0.007982708467475775,0.006323730436420256,0.0014355722517988417,-0.1131934907964597
36.92,0,-0.01753730971761667,0.000611304884182518,0.0006843752751114252,0.0003011062562492681,0.008257162122305983
36.92,1,0.025929039878486243,-0.008808565771993964,0.007181691834230724,0.0015764023749004416,-0.12489632318281595
36.94,0,-0.017526521159355348,0.0004665207615920262,0.000819958238124573,0.00024209241833852025,0.0062891982439498475
36.94,1,0.0257440133849089,-0.009706584673424832,0.00811368890871335,0.0017217363394740753,-0.1376139217674217
36.96,0,-0.017518681624828142,0.00031682097153563216,0.0009608544410658199,0.00018438707579609276,0.004251106525702757
36.96,1,0.025540257417109972,-0.010682483541452849,0.00912499071486446,0.0018676789224362639,-0.15142244850277614
36.980000000000004,0,-0.01751386456478999,0.0001646773013776888,0.001104703520677403,0.00012873347199064775,0.0021767487472969943
36.980000000000004,1,0.025316155476125434,-0.011742182688816438,0.010221198194038173,0.0020111862746148568,-0.166401743918045
37.0,0,-0.017512094940113878,1.2463632724082847e-05,0.0012492243653088714,7.576851617374127e-05,9.872234196342013e-05
37.0,1,0.02506997095095461,-0.012891768638358763,0.011408269675600203,0.0021504927361673948,-0.18263525367319006
37.02,0,-0.01751335135718808,-0.00013756071604516316,0.0013922266365997288,2.598576528791731e-05,-0.001951835789920202
37.02,1,0.02479984399335767,-0.014137477743221582,0.012692539549151536,0.0022853546381885054,-0.20021004304329065
37.04,0,-0.017517568473874316,-0.0002832615078294733,0.0015316177592954471,-2.0290476675340757e-05,-0.003945370632937286
37.04,1,0.02450378849963036,-0.01548570208305783,0.014080728608310345,0.0024170799265827853,-0.2192169090893924
37.06,0,-0.01752463956191984,-0.0004226349116873983,0.0016654074002026614,-6.29123613530777e-05,-0.0058539764022704985
37.06,1,0.02417968875149708,-0.016943017331925252,0.015579945608974516,0.002548342315093391,-0.23975058496204693
37.08,0,-0.017534419135321284,-0.0005538090435523881,0.0017917115256993628,-0.00010189219263181948,-0.007651434417101615
37.08,1,0.023825295306387523,-0.018516229139934465,0.017197680659545377,0.002682808290470143,-0.2619100162495527
37.1,0,-0.017546725586473903,-0.0006750435308860281,0.0019087579865363531,-0.00013736160368467767,-0.009313247828719718
37.1,1,0.023438219824133192,-0.020212431926445642,0.01894179202044783,0.0028246305700819208,-0.2857986775403209
37.12,0,-0.01756134381104792,-0.0007847291766101893,0.0020148952462212158,-0.00016950941824677573,-0.010816699054295876
37.12,1,0.02301592865859433,-0.02203907220617963,0.020820488605909824,0.002977879127408517,-0.31152489001392336
37.14,0,-0.017578027845149495,-0.0008813898725134091,0.0021086053805656137,-0.00019850536620931447,-0.012140952848978412
37.14,1,0.022555735208983275,-0.024004007893607602,0.02284231085808622,0.0031459883558419832,-0.33920209886634844
37.160000000000004,0,-0.017596503580138912,-0.0009636887525476086,0.00218852188054116,-0.00022441989411459487,-0.013267222641551925
37.160000000000004,1,0.02205479119364634,-0.02611555553152279,0.02501611265554778,0.0033312954649980797,-0.3689490729063172
37.18,0,-0.017616471656596185,-0.001030440166534609,0.0022534521464336954,-0.00024715196900448877,-0.01417901036248004
37.18,1,0.021510077155892284,-0.028382518978242205,0.02735104653149018,0.0035347314506819494,-0.4008899971460728
37.2,0,-0.01763761066445022,-0.0010806284109984253,0.0023024039285873643,-0.00026637670910253583,-0.014862421044875417
37.2,1,0.020918392617512445,-0.030814195526192585,0.02985655376988661,0.0037557040146143916,-0.4351544413813106
37.22,0,-0.01765958078697683,-0.001113433324562631,0.0023346144049162442,-0.0002815228310131222,-0.015306543712863711
37.22,1,0.020276346347304512,-0.03342035836036954,0.032542360021170016,0.003992184799255644,-0.47187720184442916
37.24,0,-0.01768202801923995,-0.0011282619171991573,0.0023495801345179155,-0.00029178648838866506,-0.015503880352399536
37.24,1,0.019580347203340037,-0.03621121728287801,0.03541847606222933,0.0042409850571292484,-0.5111980270174213
37.26,0,-0.017704589065362673,-0.0011247842521504626,0.0023470858234380344,-0.0002961835336683337,-0.015450795996438142
37.26,1,0.018826595941504463,-0.039197362309871045,0.038495202358174926,0.004498178308879386,-0.553261250647074
37.28,0,-0.01772689697457384,-0.001102970941859103,0.0023272297006730345,-0.00029363717558940003,-0.015147956010438043
37.28,1,0.018011078269527154,-0.04238969672449687,0.04178313529621597,0.004759609136797294,-0.5982153632797534
37.300000000000004,0,-0.01774858751617069,-0.0010631289559489816,0.002290443331920929,-0.0002830931262817124,-0.014600712257004033
37.300000000000004,1,0.017129559282178856,-0.04579936718307359,0.0452931724593007,0.005021416574679194,-0.6462125571377095
37.32,0,-0.01776930622313573,-0.0010059320547637027,0.002237503883386032,-0.0002636503112115607,-0.013819398455480275
37.32,1,0.01617757926028573,-0.04943769839958951,0.04903651415283591,0.005280499902867664,-0.6974082774971209
37.34,0,-0.01778871595934553,-0.0009324421133432651,0.0021695371650621736,-0.00023469261764040572,-0.012819496969165307
37.34,1,0.015150450675347387,-0.053316138807032294,0.053024658607515616,0.0055348639410569556,-0.7519608072395091
37.36,0,-0.017806504793113746,-0.0008441179103797078,0.002088010202175363,-0.00019600635398728423,-0.011621644391328626
37.36,1,0.01404325613238975,-0.05744622159034498,0.05726938882122629,0.005783798682364061,-0.8100309009471938
37.38,0,-0.017822393897293398,-0.0007428086090687611,0.0019947125716601654,-0.00014786921050687074,-0.010251451316455787
37.38,1,0.012850846920976837,-0.0618395429009767,0.061782749795334886,0.0060278717209957255,-0.8717814723346695
37.4,0,-0.017836145149714322,-0.00063073009986709,0.001891726265196611,-9.1099417550514e-05,-0.008739121980588746
37.4,1,0.01156784183604089,-0.06650775626813456,0.06657701585499103,0.0062687380260156855,-0.9373773257798995
37.42,0,-0.01784756808238332,-0.0005104235264127237,0.0017813843725387898,-2.705811830919745e-05,-0.007118871251468934
37.42,1,0.010188625976627399,-0.07146257960997515,0.07166464869200322,0.0065087965625101885,-1.0069849111021623
37.44,0,-0.01785652582677823,-0.00038469657157367014,0.0016662193949297335,4.239685010332811e-05,-0.005428148852134711
37.44,1,0.008707349324433782,-0.07671580917887899,0.07705824760567315,0.006750743649776014,-1.0807720721540819
37.46,0,-0.017862939726685897,-0.0002565493276049786,0.0015489024802074537,0.00011500220487437735,-0.003706692791344078
37.46,1,0.007117925031349595,-0.08227933352574823,0.08277049403285146,0.006997086065397395,-1.1589077554258727
37.480000000000004,0,-0.01786679233807695,-0.00012908770253660103,0.0014321753054399274,0.00018821705128480894,-0.001995444886797223
37.480000000000004,1,0.005414027487890096,-0.08816514029655655,0.08881409277686422,0.007249681106098693,-1.2415616452578904
37.5,0,-0.017868128604111515,-5.428228554907081e-06,0.0013187767094566215,0.0002593750642562436,-0.00033537026402494403
37.5,1,0.0035890903824826034,-0.0943853093988659,0.09520171233131904,0.007509365718413319,-1.3289036973025359
37.52,0,-0.017867055077476008,0.00011140123442568691,0.0012113664876050602,0.0003258465154772263,0.0012337707664823918
37.52,1,0.0016363050760736552,-0.10095198767695072,0.10194592636044382,0.007775723322488437,-1.4211035507997987
37.54,0,-0.017863737155669638,0.0002185601072478856,0.0011124489950856153,0.0003851951384996879,0.00267464636297071
37.54,1,-0.0004513803078389607,-0.10787734247307526,0.10905915779718092,0.008047017114820143,-1.5183298117378738
37.56,0,-0.017858394390885244,0.0003134882569423759,0.001024299352308322,0.0004353160693122632,0.003953519527881
37.56,1,-0.002681260650527951,-0.11517349400809691,0.11655362624340877,0.008320295321919025,-1.6207492114352757
37.58,0,-0.01785129402818691,0.00039398931732454416,0.0009488950930938114,0.0004745438588350335,0.0050413065837085855
37.58,1,-0.0050608720596694735,-0.12285242902948826,0.12444129851513912,0.008591650369721315,-1.728525656782557
37.6,0,-0.017842743007899734,0.00045830038452605084,0.000887856030610144,0.0005017234020034973,0.0059144819813612155
37.6,1,-0.007597988213410106,-0.13092590030609064,0.1327338413875683,0.008856593463638651,-1.8418191977489076
37.62,0,-0.017833078735767886,0.0005051451309053399,0.0008423949242943016,0.0005162410185135472,0.006555790814161211
37.62,1,-0.01030061460251974,-0.13940531801524186,0.14144257496899065,0.009110491374981655,-1.9607849435883677
37.64,0,-0.01782265897421492,0.0005337683305491996,0.0008132812051926593,0.0005180172630855524,0.006954739364603241
37.64,1,-0.013176980574871957,-0.14830163968756088,0.15057842475321728,0.009349005172158753,-2.0855719607980108
37.660000000000004,0,-0.01781185123820949,0.0005439507882638972,0.0008008195557056122,0.0005074667886818202,0.007107844247012739
37.660000000000004,1,-0.016235529218402718,-0.1576252650879775,0.1601518703166546,0.009568471991538097,-2.216322183223223
37.68,0,-0.01780102208954401,0.0005360046410288144,0.0008048445509414165,0.00048543329901961155,0.007018631675383791
37.68,1,-0.019484905236273147,-0.16738594128619982,0.1701728888470755,0.009766180307992922,-2.3531693583147906
37.7,0,-0.017790526714809195,0.0005107498983621175,0.0008247318727750882,0.0004531090405558418,0.006697389536513802
37.7,1,-0.022933941056081514,-0.17759268138784465,0.18065089218374003,0.009940505043226855,-2.496238044473052
37.72,0,-0.017780699147033806,0.0004694738639504792,0.0008594258365888999,0.0004119483302587497,0.006160685765047958
37.72,1,-0.02659164146307268,-0.18825369822708396,0.19159465674452733,0.010090888890567307,-2.645642664069743
37.74,0,-0.01777184345156515,0.00041387571015575296,0.0009074821681484045,0.0003635834223465282,0.005430676519834013
37.74,1,-0.030467167050718422,-0.19937635207739776,0.20301224652104927,0.010217677580201201,-2.80148660666377
37.76,0,-0.017764226146344424,0.00034599895004254943,0.0009671241863211998,0.0003097488813740331,0.00453423641922166
37.76,1,-0.03456981674250474,-0.21096710943463134,0.21491093013080834,0.010321836501986592,-2.9638613685868256
37.78,0,-0.01775807006839601,0.0002681548710669874,0.0010363098428674167,0.0002522179633428247,0.0035019502315949995
37.78,1,-0.0389090095639346,-0.2230315084390539,0.2272970936219442,0.010404591498264892,-3.1328457096450193
37.800000000000004,0,-0.017753549835074083,0.00018284017130412174,0.001112806498778087,0.00019275177303841942,0.0023670106252192853
37.800000000000004,1,-0.04349426574602427,-0.23557412572399108,0.24017615124266284,0.010467045757690308,-3.3085048058935653
37.82,0,-0.0177507889831067,9.265208755785259e-05,0.001194269926199619,0.0001330596047489519,0.0011640696210609858
37.82,1,-0.048335187136184295,-0.24859853949723756,0.2535524566531701,0.010509826523435795,-3.4908893794847615
37.84,0,-0.01774985880316507,2.0423933043051533e-07,0.0012783238520024803,7.47672377478404e-05,-7.190788712181477e-05
37.84,1,-0.05344143679523121,-0.26210728445377046,0.2674292170467778,0.010532809753435624,-3.6800347921062224
37.86,0,-0.01775077882471726,-9.195375474131921e-05,0.0013626364226433393,1.9389262955509662e-05,-0.0013067418293339801
37.86,1,-0.05882271758470222,-0.27610179555358866,0.28180841237008614,0.010534958923131388,-3.8759600966733725
37.88,0,-0.01775351884725322,-0.0001814100925501887,0.0014449902692785358,-3.169818652817846e-05,-0.0025080431091744626
37.88,1,-0.06448874950745831,-0.2905823395609383,0.2966907213357902,0.01051429767023393,-4.078667051523371
37.9,0,-0.017758002361412967,-0.0002659555907016907,0.0015233433654513514,-7.728675745885885e-05,-0.003646091512364811
37.9,1,-0.07044924556267554,-0.3055479352624575,0.312075455279306,0.010468017336601854,-4.288139111011007
37.92,0,-0.017764111158846647,-0.00034363746223030654,0.0015958785560895416,-0.00011636792240867812,-0.004694556548815614
37.92,1,-0.07671388591408809,-0.320996265180084,0.32796050021260603,0.01039270227061051,-4.504340414791786
37.94,0,-0.01777169089442902,-0.0004128005727345365,0.0016610404393203055,-0.0001481663811141263,-0.005631041637169385
37.94,1,-0.0832922902426674,-0.3369235831142024,0.34434226677025265,0.010284640471017958,-4.727214804069852
37.96,0,-0.017780557340237958,-0.00047211526101663344,0.0017175591348350637,-0.000172171553389968,-0.006437442100842901
37.96,1,-0.09019398825215384,-0.35332462279836246,0.3612156472100052,0.010140176755422114,-4.956684895932497
37.980000000000004,0,-0.017790503058716624,-0.000520591445912622,0.0017644613037707771,-0.00018816252435122603,-0.007100117718425481
37.980000000000004,1,-0.09742838840527132,-0.3701925132094515,0.37857397829020256,0.009956061362621949,-5.192651246294943
38.0,0,-0.017801304223481244,-0.0005575794036198827,0.001801069528403192,-0.00019622123825745706,-0.007609890412420902
38.0,1,-0.10500474507610777,-0.3875187056445482,0.396409008736961,0.009729749108835506,-5.434991628132511
38.02,0,-0.017812727330525285,-0.0005827582556313917,0.00182699175862511,-0.0001967291443066132,-0.00796188643453287
38.02,1,-0.11293212439681523,-0.40529291663156874,0.4147108701423283,0.009459612376909288,-5.6835604452188715
38.04,0,-0.017824535569572718,-0.0005961138156944079,0.0018421029450635866,-0.00019034387920210775,-0.008155249540519603
38.04,1,-0.12121936914377655,-0.42350308924938185,0.43346805047395637,0.009145044000133051,-5.9381882934914785
38.06,0,-0.017836494663656683,-0.0005979079607177567,0.0018465211838182276,-0.00017795477012504633,-0.008192756679923547
38.06,1,-0.12987506304287386,-0.4421353737129377,0.4526673698738405,0.008786441604882622,-6.198681673586011
38.08,0,-0.017848378032369137,-0.0005886420717349618,0.0018405806937933508,-0.00016061866177584545,-0.00808037034251362
38.08,1,-0.13890749487330406,-0.4611741263707236,0.47229395900472065,0.00838508100132751,-6.464822850191458
38.1,0,-0.017859971187544517,-0.0005690172992725153,0.0018248037527050513,-0.00013948041974450563,-0.007826761770070708
38.1,1,-0.14832462271708652,-0.4806019247938585,0.4923312407848037,0.007942900578073342,-6.736369847692092
38.12,0,-0.01787107532565928,-0.0005398944161730583,0.0017998733669346897,-0.00011568500749822158,-0.007442836818924596
38.12,1,-0.15813403864374595,-0.5003995955932546,0.5127609168532935,0.007462229498399253,-7.0130565678039645
38.14,0,-0.01788151013481798,-0.000502255818903939,0.001766607990262766,-9.028986789720063e-05,-0.006941291596757946
38.14,1,-0.1683429340464331,-0.5205462511012041,0.5335629604619514,0.006945498502014313,-7.294593013918872
38.160000000000004,0,-0.017891115881682036,-0.0004571718329152743,0.0017259390901946247,-6.418713988556694e-05,-0.006336218520928275
38.160000000000004,1,-0.1789580657683327,-0.5410193311336361,0.554715617643694,0.006394972686238898,-7.580665608557144
38.18,0,-0.017899754881246545,-0.0004057728955658262,0.0016788918414434926,-3.804481947960667e-05,-0.005642775718441959
38.18,1,-0.18998572308788128,-0.5617946466642288,0.5761954184468572,0.005812540934457822,-7.870937594233662
38.2,0,-0.017907312476878146,-0.0003492284769458957,0.0016265687524003505,-1.2274310257890178e-05,-0.0048769243669846505
38.2,1,-0.20143169557771454,-0.5828464232746239,0.597977199750474,0.005199587542094264,-8.165049513386828
38.22,0,-0.017913697667456246,-0.00028873281537825004,0.001570135640854543,1.29709446059275e-05,-0.004055230359901429
38.22,1,-0.21330124182211702,-0.6041473435268815,0.6200341407256532,0.004556959480344069,-8.462619768856683
38.24,0,-0.017918843512102035,-0.00022549676142670237,0.0015108090963146003,3.7764588164268184e-05,-0.0031947192481381007
38.24,1,-0.2255990589741012,-0.6256685887394279,0.6423378114361196,0.0038850293897914057,-8.76324527174178
38.26,0,-0.0179227074215915,-0.00016074431639936018,0.001449844411145027,6.234695242391709e-05,-0.00231276738201496
38.26,1,-0.23832925315519507,-0.6473798818425971,0.6648582344459528,0.003183841645892471,-9.066502187442252
38.28,0,-0.017925271411352462,-9.571188926658327e-05,0.0013885229317650485,8.704159181302518e-05,-0.0014270080415451913
38.28,1,-0.2514953107440542,-0.6692495338798766,0.6875639586974325,0.002453318350863931,-9.371946792669135
38.300000000000004,0,-0.017926542347474924,-3.164793908490631e-05,0.001328137863973368,0.00011215830048176903,-0.0005552294476704571
38.300000000000004,1,-0.2651000706567954,-0.6912444971917896,0.7104221444043597,0.0016934951595928283,-9.679116455844648
38.32,0,-0.01792655216897631,3.0189439834911505e-05,0.001269977744856253,0.0001378942083499965,0.0002847579493387639
38.32,1,-0.27914569778347526,-0.713330428320053,0.733398657330221,0.0009047541794391378,-9.98753075066018
38.34,0,-0.017925358021827535,8.85392765769619e-05,0.00121530704496139,0.0001642452398546955,0.0010753046322227698
38.34,1,-0.29363365780205225,-0.7354717632163822,0.7564581706201163,8.8022925112341e-05,-10.296692707954463
38.36,0,-0.01792304219826474,0.00014215069672928257,0.0011653436643399694,0.00019093942835239283,0.0017991703258575624
38.36,1,-0.30856469363508915,-0.7576318065102893,0.7795642723409839,-0.0007550860026821482,-10.606090205141367
38.38,0,-0.017919711743598955,0.00018980333694846018,0.0011212334116679126,0.00021740136851513235,0.002439845348763311
38.38,1,-0.3239388038390046,-0.779772835507576,0.8026795770430871,-0.0016222111709245368,-10.915197485935138
38.4,0,-0.017915497576130084,0.00023033561184683282,0.0010840218866705208,0.0002427537015564328,0.002981944864299226
38.4,1,-0.3397552232173116,-0.8018562184071811,0.8257658399525746,-0.002510260790901775,-11.223476796909633
38.42,0,-0.017910552966609903,0.0002626803291653924,0.001054624505500822,0.0002658573593585494,0.0034116672489569438
38.42,1,-0.35601240592752686,-0.8238425450944229,0.8487840727901081,-0.0034155090939664845,-11.530380122227953
38.44,0,-0.017905051243115477,0.00028590622089207963,0.0010337957024919694,0.0002853878421306046,0.0037172992503585103
38.44,1,-0.37270801130881137,-0.8456917679323063,0.8716946606251466,-0.00433375680452297,-11.835350994247765
38.46,0,-0.01789918262456702,0.0002992631052573525,0.0010220985976536437,0.0002999406080934639,0.0038897428655094704
38.46,1,-0.38983889259889815,-0.8673633493333718,0.8944574795597513,-0.005260534714792264,-12.137826355952413
38.480000000000004,0,-0.017893150139085472,0.00030222770139163105,0.001019876625855393,0.0003081552211864321,0.003923032598296404
38.480000000000004,1,-0.4074010886410589,-0.888816412609935,0.9170320153367554,-0.006191325232787648,-12.437238451306303
38.5,0,-0.017887164648006777,0.0002945466557315676,0.0010272287687785443,0.00030884564756739497,0.0038148075326745502
38.5,1,-0.42538981861201053,-0.9100098926768989,0.939377483145034,-0.00712177602905939,-12.733016721447525
38.52,0,-0.01788143906749704,0.0002762731577967546,0.0010439901013014842,0.00030112327993915035,0.0035667009292154137
38.52,1,-0.44379947973663825,-0.9309026835771713,0.9614529489273629,-0.00804788241697807,-13.02458968766342
38.54,0,-0.017876181951419774,0.00024779364842826367,0.001069719346118635,0.0002844999861184045,0.0031846110918772865
38.54,1,-0.4626236479008519,-0.9514537804353755,0.983217452381753,-0.008966120325784033,-13.311386805769473
38.56,0,-0.017871590665226887,0.00020984155405925282,0.0011036950106524405,0.0002589606203684102,0.0026788211364611302
38.56,1,-0.48185508103359515,-0.9716224142172065,1.0046301316023984,-0.00987351882045484,-13.592840280220436
38.58,0,-0.01786784443532973,0.0001634956866912727,0.0011449214478208881,0.0002249977239202599,0.0020639418897575573
38.58,1,-0.5014857251045821,-0.9913681784679713,1.025650348965274,-0.010767669071172215,-13.868386829480425
38.6,0,-0.01786509759664513,0.00011016187698023582,0.001192145831291304,0.00018360515957821337,0.0013586611181450863
38.6,1,-0.5215067225751905,-1.010651147921447,1.0462378174716298,-0.011646674436316395,-14.137469396463942
38.62,0,-0.017863473379079377,5.153748379378118e-05,0.0012438865687779276,0.00013623167846227302,0.0005852930946506629
38.62,1,-0.5419084231436485,-1.0294319894278037,1.066352726371792,-0.012509052963906697,-14.399538799025345
38.64,0,-0.017863058569489824,-1.0440437999840288e-05,0.001298473106360914,8.469939378260433e-05,-0.0002308655257803674
38.64,1,-0.5626803966384727,-1.0476720659963301,1.0859558645528202,-0.013353608423805952,-14.654055315524815
38.660000000000004,0,-0.017863899358800967,-7.366141902225775e-05,0.0013540964271412908,3.109537743274833e-05,-0.0010623552437443572
38.660000000000004,1,-0.5838114479315936,-1.0653335348689406,1.105008739931124,-0.014179288530512757,-14.900490199634653
38.68,0,-0.01786599863587841,-0.00013591941677945762,0.0014088688550996779,-2.235324969766285e-05,-0.0018805185852147441
38.68,1,-0.6052896337603466,-1.0823794404505904,1.1234736929778049,-0.01498504918967214,-15.138327117118594
38.7,0,-0.01786931492352727,-0.00019499851916737214,0.001460891086447277,-7.340949080429995e-05,-0.0026565697775389092
38.7,1,-0.6271022813616884,-1.09877380266619,1.1413140025376924,-0.015769741580326624,-15.367063495746333
38.72,0,-0.017873763071953645,-0.00024876224926026204,0.001508323739873985,-0.00011995110168076285,-0.003362720387962906
38.72,1,-0.6492360088298845,-1.1144817009511256,1.1584939822834082,-0.016532035088964392,-15.586211778226794
38.74,0,-0.017879216736504857,-0.0002952419279303022,0.0015494602003078698,-0.00016008046160945547,-0.003973306529414775
38.74,1,-0.6716767471090567,-1.1294693536814389,1.1749790664575264,-0.017270384121914617,-15.795300567418227
38.76,0,-0.017885512575247123,-0.0003327195599918388,0.0015827971814805144,-0.00019221293720283333,-0.00446586090268291
38.76,1,-0.6944097635242502,-1.1437041924738718,1.1907358839690716,-0.01798304129572692,-15.993875653338478
38.78,0,-0.017892456013703407,-0.0003598009987758351,0.0016070992951668704,-0.00021513993211445814,-0.0048220740507472345
38.78,1,-0.7174196867401389,-1.1571549304870905,1.205732320384945,-0.01866811408508795,-16.18150091273418
38.800000000000004,0,-0.017899828344170594,-0.0003754756813890792,0.0016214540193614359,-0.0002280658062788002,-0.005028593733168309
38.800000000000004,1,-0.7406905330170328,-1.1697916236679364,1.2199375678466762,-0.01932365725733831,-16.35775907409377
38.82,0,-0.01790739485997298,-0.00037915996480113477,0.0016253138148713208,-0.00023062047949518744,-0.005077619027720699
38.82,1,-0.7642057336119169,-1.1815857238258656,1.233322163402184,-0.019947789771729063,-16.52225234379039
38.84,0,-0.017914913674233656,-0.00037072197370668995,0.001618522739297274,-0.00022285147798273806,-0.00496725615391092
38.84,1,-0.7879481631503513,-1.1925101224824348,1.24585801662996,-0.02053882254249828,-16.67460289221159
38.86,0,-0.017922144840501014,-0.00035048683316948117,0.0016013257165746542,-0.00020520023641429526,-0.0047016154279584405
38.86,1,-0.8119001687755604,-1.202539184614618,1.2575184277175373,-0.021095382667345675,-16.814453201937305
38.88,0,-0.017928859379870894,-0.0003192221422479727,0.001574359586541568,-0.0001784675798802808,-0.004290642411591338
38.88,1,-0.8360435998658561,-1.211648771666405,1.2682780973180539,-0.021616520371386727,-16.94146628295828
38.9,0,-0.017934847825966074,-0.00027810449511791834,0.0015386261139245891,-0.00014377258133634226,-0.003749690350314515
38.9,1,-0.860359838102078,-1.2198162535152013,1.2781131295433508,-0.022101786853992778,-17.055325762358827
38.92,0,-0.017939927924150726,-0.00022866872881758166,0.0014954482014410888,-0.00010250765371081459,-0.003098854549735329
38.92,1,-0.8848298276638576,-1.2270205094225677,1.2870010293688086,-0.022551274208241878,-17.155735857707704
38.94,0,-0.017943951162754414,-0.0001727423374381957,0.0014464115466530554,-5.6291116873189925e-05,-0.00236210160726155
38.94,1,-0.9094341053376401,-1.233241918352148,1.2949206955466201,-0.022965612307515926,-17.242421244622555
38.96,0,-0.017946807869366244,-0.00011236811759966181,0.001393294831162215,-6.91693974524954e-06,-0.001566236706650015
38.96,1,-0.9341528303305464,-1.2384623393861975,1.3018524098829194,-0.023345921688219917,-17.315126829718544
38.980000000000004,0,-0.01794843067155997,-4.9718584613465094e-05,0.001337992170413771,4.369976482215647e-05,-0.0007397599494106694
38.980000000000004,1,-0.9589658136021646,-1.2426650833054704,1.3077778234689135,-0.023693725656983133,-17.373617440619604
39.0,0,-0.01794879619562711,1.2993985180624487e-05,0.0012824319376738556,9.358336216780394e-05,8.833243036093785e-05
39.0,1,-0.9838525465507894,-1.2458348767070293,1.3126799402069984,-0.02401082877561045,-17.4176774451228
39.02,0,-0.017947924955815393,7.360787650153597e-05,0.001228496183672685,0.0001407659433118498,0.0008897443277096524
39.02,1,-1.008792228920956,-1.2479578203116684,1.31654309777694,-0.024299172203576802,-17.44711031215978
39.04,0,-0.017945879466934486,0.00013009862186425604,0.0011779447046411768,0.00018336355207078728,0.0016380171540287987
39.04,1,-1.033763795834566,-1.2490213433448116,1.3193529460738656,-0.024560678813905668,-17.461738128013458
39.06,0,-0.017942760691725106,0.0001806582265580419,0.0011323473894490886,0.00021965896618736033,0.002309556205625226
39.06,1,-1.0587459438873932,-1.2490141560452808,1.32109642313745,-0.02479710229851051,-17.46140108233542
39.08,0,-0.017938703007824304,0.00022376344149958223,0.0010930278442596235,0.00024818749640228774,0.002884500684591864
39.08,1,-1.0837171562948982,-1.247926202445138,1.3217617286851866,-0.025009894467110882,-17.445956939764823
39.1,0,-0.017933867944274835,0.0002582300887602372,0.0010610205080381879,0.0002678202054515579,0.0033474010371917625
39.1,1,-1.1086557271141875,-1.2457486155499151,1.3213382955527344,-0.02520010353735813,-17.415280514161452
39.12,0,-0.017928436991210654,0.00028325109054538915,0.0010370426001814874,0.0002778373394828086,0.0036876779281526393
39.12,1,-1.1335397846104072,-1.2424736769144924,1.3198167596084536,-0.025368313447474478,-17.36926316335542
39.14,0,-0.017922603825730337,0.00029841663340139234,0.0010214813499429688,0.00027798397054535923,0.0038998488970741338
39.14,1,-1.1583473138733573,-1.2380947823468251,1.3171889290136973,-0.025514630268572702,-17.307812322586976
39.160000000000004,0,-0.017916566319585655,0.0003037157895565596,0.0010143961091608595,0.00026850013122910535,0.003983520922562728
39.160000000000004,1,-1.183056178821062,-1.2326064150839993,1.313447754004432,-0.025638716967501196,-17.23085109420849
39.18,0,-0.017910518698338068,0.0002995198788367302,0.0010155341982622979,0.00025011919052416245,0.00394315911319006
39.18,1,-1.2076441437491598,-1.2260041272936166,1.308587298629842,-0.025739872521002738,-17.13831790958963
39.2,0,-0.017904644206122776,0.0002865488376870621,0.0010243587204995137,0.00022403080424464317,0.0037876529233742268
39.2,1,-1.2320888945965247,-1.218284530196431,1.3026027160589506,-0.025817146260624924,-17.030166276489407
39.22,0,-0.017899108595265136,0.00026582280618422856,0.0010400861255931563,0.00019180822480912608,0.0035297110617700748
39.22,1,-1.2563680600977272,-1.209445292536396,1.2954902291236936,-0.025869473937781606,-16.906364621571765
39.24,0,-0.017894054707156232,0.00023860198256939292,0.0010617310209854668,0.00015530367130590222,0.0031851240846655984
39.24,1,-1.2804592329821176,-1.1994851466041598,1.2872471176850682,-0.02589581892470072,-16.766896233533537
39.26,0,-0.01788959834281026,0.00020631845983648498,0.001088155612736716,0.0001165193366072766,0.0027719391011035138
39.26,1,-1.30433999135914,-1.188403900612837,1.2778717141817089,-0.02589530069746715,-16.611759307882252
39.28,0,-0.017885825542504185,0.00017050418847666093,0.0011181211938973193,7.746490536576951e-05,0.0023095937333074846
39.28,1,-1.3279879204027403,-1.1762024559854107,1.267363408357608,-0.02586729359599005,-16.44096709019976
39.300000000000004,0,-0.01788279130905764,0.00013271935561501533,0.0011503392636467013,4.0014680303195396e-05,0.0018180562983070182
39.300000000000004,1,-1.351380634418213,-1.1628828280775623,1.2557226616939239,-0.02581148189457494,-16.254548111191298
39.32,0,-0.01788051972462687,9.448530647899416e-05,0.0011835201292661687,5.778187902705234e-06,0.0013170161028032146
39.32,1,-1.374495799346761,-1.1484481690382544,1.242951031528383,-0.02572786224248169,-16.052546504293083
39.34,0,-0.01787900533262123,5.722565900417824e-05,0.0012164171877563092,-2.4002738987203426e-05,0.0008251619650456975
39.34,1,-1.3973111557404945,-1.1329027918816699,1.2290512042837192,-0.025616691055901697,-15.835022395287476
39.36,0,-0.01787821559047769,2.221850563970741e-05,0.0012478654785017525,-4.851990624862683e-05,0.0003595789852045301
39.36,1,-1.4198045422270444,-1.116252195355866,1.2140270366966495,-0.02547838172803729,-15.602052353254086
39.38,0,-0.017878094150641573,-9.438383349733347e-06,0.0012768135192616577,-6.742112393731681e-05,-6.471624295895095e-05
39.38,1,-1.4419539194803603,-1.0985030897666455,1.19788360349158,-0.025313363665636857,-15.353729893067399
39.4,0,-0.01787856469985588,-3.684855951873312e-05,0.0013023478642851885,-8.078721656275441e-05,-0.0004350926166995107
39.4,1,-1.463737394722972,-1.0796634244538674,1.1806272496206776,-0.025121921193814956,-15.090166021160329
39.42,0,-0.017879535082537323,-5.932445877859633e-05,0.001323710237463111,-8.90670904770581e-05,-0.0007414753324232921
39.42,1,-1.4851332468032845,-1.0597424180221233,1.162265645022517,-0.02490403439888489,-14.81148981791084
39.44,0,-0.017880901452252646,-7.63829690434287e-05,0.00134030747890671,-9.297915708335325e-05,-0.0009763824095246482
39.44,1,-1.5061199519157757,-1.0387505926103606,1.1428078398462085,-0.024659245306951405,-14.517849051238095
39.46,0,-0.017882552233559727,-8.773134799166995e-05,0.001351714885000918,-9.339135771512831e-05,-0.0011348475141682527
39.46,1,-1.5266762100571307,-1.0166998133838767,1.1222643182384582,-0.02438657104649522,-14.209410816327779
39.480000000000004,0,-0.017884371730218784,-9.324646928803036e-05,0.0013576738051807433,-9.119451386040145e-05,-0.0012142560561720223
39.480000000000004,1,-1.546780972331452,-0.9936033340237751,1.1006470490707547,-0.024084480836869204,-13.886362195495982
39.5,0,-0.017886243278938153,-9.295067650201829e-05,0.0013580845694711845,-8.718438868491295e-05,-0.0012141250823433421
39.5,1,-1.5664134692266602,-0.9694758482955421,1.0779695323506941,-0.023750946227266034,-13.548910929910324
39.52,0,-0.01788805191340709,-8.698746463686942e-05,0.001352995946738402,-8.196658199281781e-05,-0.0011358579229233529
39.52,1,-1.5855532399770147,-0.9443335468682648,1.0542468404630094,-0.02338356482529491,-13.197286091330412
39.54,0,-0.01788968656423117,-7.559980135333244e-05,0.0013425923651024592,-7.589533587169794e-05,-0.0009825018830749571
39.54,1,-1.6041801630999917,-0.9181941775373766,1.0294956537663036,-0.02297974794750779,-12.831738737575765
39.56,0,-0.01789104187000079,-5.911319442743568e-05,0.0013271800583765845,-6.905288735635333e-05,-0.0007585318346277469
39.56,1,-1.6222744881487348,-0.8910771060119955,1.0037342903786408,-0.02253695350785012,-12.452542530660086
39.58,0,-0.017892019707933547,-3.7924693422142804e-05,0.0013071731378424916,-6.127074302433172e-05,-0.0004696749648856677
39.58,1,-1.6398168686558943,-0.8630033736070796,0.9769827301779389,-0.02205293833193167,-12.059994292167183
39.6,0,-0.01789253056613761,-1.249799115190165e-05,0.0012830803376588657,-5.218885752005485e-05,-0.00012278301860656725
39.6,1,-1.6567883961657188,-0.8339957476633785,0.9492626330970582,-0.021526000047102478,-11.654414467240198
39.62,0,-0.017892494872671885,1.663621471941575e-05,0.0012554928644431904,-4.134388219769955e-05,0.0002742508882695206
39.62,1,-1.673170635165848,-0.8040787604048246,0.9205973517048553,-0.020955178482708448,-11.236147467184836
39.64,0,-0.017891844370773825,4.887630912639477e-05,0.001225073425651454,-2.8274041941970737e-05,0.0007125423697114958
39.64,1,-1.6889456586471248,-0.7732787322850732,0.8910119378511254,-0.020340390361196725,-10.805561861629828
39.660000000000004,0,-0.017890523588660952,8.35446370931851e-05,0.001192546153096739,-1.2626263001008081e-05,0.0011822511823056
39.660000000000004,1,-1.704096083947956,-0.7416237766637808,0.8605331428532791,-0.019682478647489177,-10.363050394645441
39.68,0,-0.01788849140172861,0.00011988383312903323,0.0011586868173260052,5.748852320963671e-06,0.0016726248114855014
39.68,1,-1.718605108487703,-0.7091437838182207,0.8291894103689809,-0.018983168388530203,-9.90902980506656
39.7,0,-0.01788572263141011,0.00015705723838471886,0.0011243124858064133,2.6726753632869138e-05,0.0021720745837531946
39.7,1,-1.7324565449675482,-0.6758703837103183,0.7970108607935457,-0.01824493290118223,-9.443940439043272
39.72,0,-0.017882209575387057,0.00019415567392242945,0.00109026964860617,4.987247000666668e-05,0.0026683069649073455
39.72,1,-1.7456348556206847,-0.6418368884259772,0.7640292658055072,-0.01747078615363229,-8.968245651810049
39.74,0,-0.017877963324676484,0.00023021217486580476,0.001057419845797825,7.444248230716651e-05,0.0031485279658141005
39.74,1,-1.7581251851262647,-0.6070782165967193,0.7302780116116515,-0.016664027458606512,-8.482431004895464
39.76,0,-0.017873014699553495,0.0002642254097990244,0.0010266219939471285,9.942447644632323e-05,0.003599731260740019
39.76,1,-1.76991339185946,-0.5716308032244657,0.6957920495507353,-0.01582797164584271,-7.987003273496677
39.78,0,-0.017867414631630822,0.00029519151537109485,0.0009987109210635244,0.00012360973922692382,0.004009071475968403
39.78,1,-1.7809860772260264,-0.5355324990131757,0.660607833017325,-0.014965700583968733,-7.482489285600491
39.800000000000004,0,-0.017861233834862416,0.00032214308094895516,0.0009744720588669894,0.00014568906128040442,0.004364314072004967
39.800000000000004,1,-1.7913306129143822,-0.4988224634760487,0.6247632401523633,-0.014079869722989358,-6.969434618941692
39.82,0,-0.017854561642665228,0.0003441931322383628,0.0009546127699167973,0.0001643604937535065,0.004654343357583574
39.82,1,-1.8009351659807264,-0.46154105571487136,0.5882974823784961,-0.01317259634499024,-6.448402183663209
39.84,0,-0.01784750393860632,0.000360581279510477,0.0009397313529637784,0.00017843645801662866,0.004869701455130049
39.84,1,-1.8097887217528208,-0.4237297259158801,0.5512509995774837,-0.012245445245184783,-5.9199707175771366
39.86,0,-0.017840180169411742,0.0003707187820952898,0.0009302853118140474,0.00018693857265949035,0.005003124376674568
39.86,1,-1.8178811045873537,-0.3854309094019649,0.513665343440802,-0.011299514021817725,-5.384733217605691
39.88,0,-0.01783271949564046,0.000374229169568071,0.0009265609274251983,0.00018917093113265514,0.005050037442820338
39.88,1,-1.8252029965389482,-0.34668792370635276,0.4755830511938467,-0.010335605857016539,-4.843295326031922
39.9,0,-0.01782525620113593,0.00037098124998882846,0.0009286464807507284,0.00018476601460893326,0.005008971485234664
39.9,1,-1.8317459539946044,-0.3075448677999922,0.43704751242414897,-0.00935446462820444,-4.296273684571686
39.92,0,-0.01781792454158519,0.0003611117929503987,0.0009364115872505426,0.0001737013906139952,0.004881863710691587
39.92,1,-1.8375024222986267,-0.2680465215249984,0.3981028320742868,-0.008357037304294934,-3.744294264045683
39.94,0,-0.01781085326038633,0.0003450358410951578,0.0009494949926061921,0.0001562892057162847,0.004674212569615924
39.94,1,-1.8424657483468254,-0.228238242639059,0.3587936927529799,-0.007344723375966478,-3.1879906735708596
39.96,0,-0.017804160033108717,0.0003234434036663153,0.0009673028342266349,0.00013314364869629336,0.004395064002632121
39.96,1,-1.8466301910749632,-0.1881658587804076,0.3191652193634438,-0.006319571456228523,-2.628002451469478
39.980000000000004,0,-0.01779794611823917,0.00029728214040967114,0.000989018809371514,0.00010513358934871077,0.004056816376386685
39.980000000000004,1,-1.8499909297166108,-0.14787555215971662,0.27926284866672824,-0.005284389309224036,-2.0649733409268087
40.0,0,-0.017792291491294923,0.0002677264803633989,0.0010136269458379085,7.332823776169065e-05,0.0036748424873258943
40.0,1,-1.8525440696713102,-0.10741373582533374,0.2391322058375666,-0.004242744750025063,-1.4995495568046473
40.02,0,-0.017787250722742693,0.00023613437857192802,0.0010399468025733105,3.894290664532233e-05,0.0032669383933616692
40.02,1,-1.8542866458148415,-0.06682692179791005,0.1988189894010358,-0.003198849685540406,-0.9323780554852003
40.04,0,-0.017782849829478194,0.00020399355473203648,0.0010666800070250136,3.2900175602531417e-06,0.002852619748688257
40.04,1,-1.8552166231057403,-0.026161583027411752,0.1583688652426371,-0.002157336046292757,-0.36410482633747177
40.06,0,-0.017779084287466277,0.00017285956222811,0.001092466142537056,-3.226221037697704e-05,0.0024522960815705165
40.06,1,-1.8553328943977614,0.014535987253898713,0.11782736974645146,-0.0011229481964295518,0.20462676975101157
40.08,0,-0.017775918342280168,0.00014428840343509516,0.0011159452111290749,-6.632386919089295e-05,0.002086361517282226
40.08,1,-1.8546352754534527,0.0552198138753789,0.07723982161036087,-0.00010018932654798363,0.7731775835818527
40.1,0,-0.017773285697339488,0.00011976665018922133,0.0011358232846973746,-9.751330446357287e-05,0.0017742464071126701
40.1,1,-1.853124497261408,0.09584437003655312,0.03665124156826619,0.0009070326030311548,1.3409141479087126
40.12,0,-0.01777109159893645,0.0001006421654913822,0.0011509375761151624,-0.00012448760822241119,0.0015334779251017627
40.12,1,-1.8508021958771639,0.13636469368971368,-0.003893720856358767,0.001895711894902452,1.907209999761089
40.14,0,-0.017769216274597526,8.805857071066323e-05,0.0011603170456999524,-0.00014597882242445293,0.0013787988123737382
40.14,1,-1.8476709001209675,0.17673648468442543,-0.04435085433835436,0.0028639623620136945,2.4714468232199422
40.160000000000004,0,-0.017767519618627624,8.28965706642671e-05,0.0011632348197563645,-0.00016084007636939061,0.0013213920656691292
40.160000000000004,1,-1.843734017560113,0.2169161786450208,-0.08467644697762619,0.00381111289170577,3.033015388138585
40.18,0,-0.017765846957436174,8.57251339442371e-05,0.0011592491244942027,-0.00016810366964900743,0.001368255544868328
40.18,1,-1.838995819266361,0.25686099540721286,-0.12482734187660131,0.004737665081100406,3.59131627061988
40.2,0,-0.017764035669247884,9.676531234284592e-05,0.0011482300969873642,-0.00016704996931247128,0.0015217643421123143
40.2,1,-1.8334614238607025,0.2965289620484118,-0.16476098676421827,0.005645115059003114,4.145760353618762
40.22,0,-0.017761922380261107,0.00011586914655524851,0.0011303706736696965,-0.00015728244855593883,0.001779450500329417
40.22,1,-1.8271367813340522,0.3358789128328387,-0.20443547700171136,0.0065356601508654855,4.695769119508876
40.24,0,-0.01775935041497484,0.00014251561794844698,0.001106180712540971,-0.00013880089406149466,0.0021340195453397517
40.24,1,-1.8200286570647357,0.3748704704622919,-0.2438095910795562,0.007411827146782013,5.240774759325305
40.26,0,-0.017756177145512947,0.00017582494605069434,0.0010764645080464216,-0.0001120623940766615,0.002573611638786383
40.26,1,-1.8121446163490122,0.41346401460368004,-0.28284281768481284,0.008276070257564383,5.780220134193957
40.28,0,-0.01775228086689216,0.000214591691098902,0.0010422828378924501,-7.801873050661528e-05,0.003082302405891243
40.28,1,-1.8034930096313624,0.45162064454369455,-0.3214953736164885,0.00913039167476093,6.313558631936963
40.300000000000004,0,-0.017747566825803765,0.000257336115555172,0.0010049015750015597,-3.8119579004760457e-05,0.003640825196777168
40.300000000000004,1,-1.7940829584822942,0.48930214288061025,-0.3597282122526014,0.009976035154914964,6.840253965173629
40.32,0,-0.017741972052531082,0.00030237213064326777,0.0009657296517188577,5.726450269336741e-06,0.004227483378736411
40.32,1,-1.783924342239572,0.526470946396346,-0.397503022890311,0.010813293422458514,7.359779956126385
40.34,0,-0.01773546869088702,0.00034788897489836367,0.000926249736758208,5.123663615249317e-05,0.004819209012424599
40.34,1,-1.773027785119742,0.5630901287665079,-0.4347822220226328,0.011641454647254967,7.871620348083855
40.36,0,-0.01772806558962749,0.000392042637373775,0.0008879453522839127,9.58831327900686e-05,0.005392713790442781
40.36,1,-1.7614046435329977,0.5991233977718275,-0.47152893839183846,0.012458893893424694,8.37526867491216
40.38,0,-0.017719808008680803,0.0004330520603860862,0.0008522283075363893,0.00013705857111692699,0.0059256702742882805
40.38,1,-1.7490669933032568,0.6345351074540521,-0.5077069943695148,0.01326329494013212,8.870228209416597
40.4,0,-0.01771077540043927,0.00046929445072246915,0.0008203702583763801,0.0001722652634723095,0.006397857046642258
40.4,1,-1.7360276165081723,0.6692902835295155,-0.543280886758132,0.014051969145597809,9.356012000267619
40.42,0,-0.0177010773437831,0.0004993936976212407,0.0007934419321693815,0.00019931073664280693,0.006792201030054564
40.42,1,-1.7222999877057656,0.7033546586395704,-0.5782157704069139,0.014822223775712295,9.832142997178273
40.44,0,-0.017690847828118843,0.0005222960171194326,0.0007722631066302542,0.0002164899521883857,0.00709565428748367
40.44,1,-1.707898259394894,0.7366947129280558,-0.6124774480321024,0.015571724574226842,10.298154256418552
40.46,0,-0.017680238197039348,0.0005373275517775819,0.0007573658283291257,0.00022273456222727996,0.007299851162658867
40.46,1,-1.6928372466512287,0.7692777151483056,-0.6460323693113181,0.016298797533297993,10.75358921454298
40.480000000000004,0,-0.017669409156532378,0.0005442297390906413,0.000748972634964489,0.00021771204011972276,0.007401504307149255
40.480000000000004,1,-1.6771324109721906,0.8010717600547625,-0.6788476417060622,0.017002622954807478,11.198002017811868
40.5,0,-0.017658522322058532,0.0005431697549826843,0.0007469907419100327,0.0002018623172197519,0.007402514252537828
40.5,1,-1.6607998434372209,0.8320457991409144,-0.7108910546158415,0.01768328995690016,11.6309578980159
40.52,0,-0.017647731815189756,0.0005347251251314369,0.0007510223068147824,0.00017636611602865702,0.007309785635811458
40.52,1,-1.6438562473306177,0.8621696636451759,-0.742131117472597,0.01834169954274323,12.05203359148972
40.54,0,-0.017637176419478567,0.0005198435216556415,0.0007603900365359842,0.00014304669760209672,0.007134762605576885
40.54,1,-1.626318920374649,0.8914140808715437,-0.7725371113542885,0.01897932643346234,12.460817805768151
40.56,0,-0.017626972765805615,0.0004997806477164265,0.0007741765895820599,0.00010421427818659793,0.006892714789843374
40.56,1,-1.6082057366787446,0.9197506869277648,-0.8020791527455431,0.01959787093618015,12.856911746052528
40.58,0,-0.01761720994225455,0.0004760207760471868,0.0007912754956489943,6.246893074599285e-05,0.006601821933914622
40.58,1,-1.5895351284310646,0.9471520406376805,-0.830728267303945,0.020198849120616202,13.239929719806911
40.6,0,-0.017607945818708167,0.0004501857851704906,0.0008104507014917933,2.048249728190364e-05,0.0062821184951049654
40.6,1,-1.570326067252583,0.9735916443546202,-0.8584564709812482,0.02078317998731194,13.60949984097737
40.62,0,-0.017599205250906226,0.00042393930235351887,0.0008304013957831571,-1.921773849638056e-05,0.005954367971445645
40.62,1,-1.5505980450167762,0.9990439775009541,-0.8852368556425433,0.021350830500487028,13.96526485451287
40.64,0,-0.017590980193736283,0.00039889274160601773,0.0008498284956104187,-5.444143635308617e-05,0.0056389398188373355
40.64,1,-1.5303710538283721,1.0234845478206724,-0.9110436764255608,0.021900572851595967,14.306883096637819
40.660000000000004,0,-0.017583231620981913,0.00037651960720435816,0.0008674991162233742,-8.348474649682962e-05,0.005354759247357845
40.660000000000004,1,-1.5096655647706154,1.0468899636285713,-0.93585243844806,0.022429893878271656,14.634029596921728
40.68,0,-0.0175758930301401,0.00035808347157390827,0.0008823055046367158,-0.00010522368159568245,0.005118392283630398
40.68,1,-1.4885025049876526,1.0692380279719866,-0.9596399810297835,0.02293507610159562,14.946397315506218
40.7,0,-0.017568875216091885,0.00034458364207948054,0.0008933152939989622,-0.00011914505549684255,0.004943316044609571
40.7,1,-1.4669032326773117,1.0905078528929384,-0.9823845582483244,0.023411446173642325,15.243698494327496
40.72,0,-0.01756207193352272,0.0003367208599089561,0.0008998105111370624,-0.0001253163694392304,0.004839408408164615
40.72,1,-1.4448895096333412,1.1106799892558694,-1.0040659152867395,0.023853762967238623,15.525666086614933
40.74,0,-0.01755536603879918,0.00033488360656429094,0.0009013135104610099,-0.00012430320022248365,0.004812673692122557
40.74,1,-1.4224834710912246,1.1297365652654183,-1.02466536055162,0.02425669745097636,15.792055216264881
40.76,0,-0.0175486357075895,0.00033915391340196645,0.0008975988649596674,-0.00011704840526331403,0.004865203192890844
40.76,1,-1.3997075927868532,1.1476614251735158,-1.0441658338611064,0.0246153427934388,16.042644609635783
40.78,0,-0.0175417603614172,0.0003493301421158175,0.0008886911591206866,-0.00010473107205307211,0.004995353061674517
40.78,1,-1.3765846553157461,1.1644402590075842,-1.0625519710731457,0.024925687883196268,16.27723793822298
40.800000000000004,0,-0.017534625998165652,0.00036496315580234406,0.0008748495317881319,-8.862418594949434e-05,0.005198108367182312
40.800000000000004,1,-1.353137706061615,1.1800607145561515,-1.0798101653360581,0.02518499150984521,16.495665012276277
40.82,0,-0.017527129699878068,0.00038540170622035314,0.0008565406401934621,-6.996842504232697e-05,0.00546559231212727
40.82,1,-1.3293900191254875,1.1945124842929995,-1.095928624729081,0.025392007384685833,16.697782772717307
40.84,0,-0.017519183176675165,0.0004098427396502397,0.0008344023954340662,-4.987564274744165e-05,0.005787673997850797
40.84,1,-1.3053650538111052,1.2077873622301283,-1.1108974254909856,0.025547030268446846,16.883476040953347
40.86,0,-0.017510715289139105,0.0004373826310756225,0.000809201301482568,-2.9270116662217724e-05,0.006152626951720934
40.86,1,-1.2810864122943624,1.2198792685664757,-1.1247085594092003,0.02565175795374497,17.052658001976912
40.88,0,-0.017501673565292666,0.00046706600597736257,0.0007817864781180276,-8.86939397860137e-06,0.006547793477661677
40.88,1,-1.2565777971165237,1.2307842430658928,-1.1373559733727843,0.02570898929349852,17.205270413629002
40.9,0,-0.01749202478666454,0.0004979296795324235,0.0007530434475813959,1.0799496464465597e-05,0.006960216016989464
40.9,1,-1.2318629690930867,1.240500410948927,-1.148835598690453,0.025722201262775357,17.341283552022205
40.92,0,-0.017481754757807427,0.0005290401987100591,0.0007238505227960176,2.935767163882337e-05,0.007377205110302003
40.92,1,-1.206965706130619,1.249027927342419,-1.1591453676307015,0.025695064916712695,17.460695917877153
40.94,0,-0.01747086739465096,0.0005595243830242943,0.0006950401817271734,4.651825593479479e-05,0.0077868231064053255
40.94,1,-1.1819097633076325,1.256368907705691,-1.1682852148130993,0.02563096859432612,17.563533739285347
40.96,0,-0.017459383271264804,0.000588593016593994,0.0006673671976476439,6.202986405906292e-05,0.008178272368256852
40.96,1,-1.156718834422169,1.2625273519744586,-1.1762570615834858,0.0255326155257265,17.649850312116694
40.980000000000004,0,-0.017447337755833146,0.000615558375591451,0.0006414845831191693,7.563183305776908e-05,0.008542185425222545
40.980000000000004,1,-1.1314165150597333,1.2675090694158708,-1.1830647823102185,0.025401752209699424,17.719725219612492
41.0,0,-0.017434778849774877,0.0006398465518898243,0.0006179276686374118,8.703011880321476e-05,0.008870821607654325
41.0,1,-1.1060262671108179,1.271321609505744,-1.1887141525694784,0.02523906499845019,17.773263468081964
41.02,0,-0.01742176482400731,0.0006610055694385091,0.0005971059475204493,9.589820670905403e-05,0.009158179765430074
41.02,1,-1.0805713845837164,1.2739742017921087,-1.1932127803359796,0.025044257901045697,17.810594567188474
41.04,0,-0.017408361727716506,0.0006787101346911925,0.0005793017415597978,0.000101902269898679,0.009400039615778016
41.04,1,-1.0550749605253325,1.2754777050634745,-1.1965700224320506,0.02481629815730102,17.83187157273134
41.06,0,-0.01739464083076354,0.0006927635909763413,0.000564674327551006,0.00010474501430966093,0.009593945259359117
41.06,1,-1.029559854882215,1.2758445636047338,-1.19879688948024,0.02455379143034797,17.837270099035926
41.08,0,-0.01738067605250772,0.0007030973433830284,0.0005532679437915781,0.00010421898396838431,0.009739143823394013
41.08,1,-1.0040486631998353,1.2750887662909853,-1.1999059433343884,0.024255429096260883,17.826987298977535
41.1,0,-0.01736654142719542,0.0007097677639927539,0.0005450220761668619,0.00010025816751960039,0.009836490528378953
41.1,1,-0.9785636861567946,1.273225803058348,-1.1999111913442992,0.02392043891994433,17.801240803896928
41.12,0,-0.017352308657584883,0.000712950436114979,0.0005397825909570376,9.297686071167537e-05,0.009888329244898032
41.12,1,-0.9531269000435454,1.270272613097991,-1.1988279817951923,0.023548969097818784,17.760267614274056
41.14,0,-0.01733804481168734,0.0007129315807059316,0.0005373126010116998,8.26868661797501e-05,0.009898355263703293
41.14,1,-0.9277599284012912,1.2662475199903125,-1.1966729044596984,0.023142344513653157,17.704322935350724
41.160000000000004,0,-0.01732381021966202,0.0007100966258332997,0.0005373023727700871,6.988788039269736e-05,0.009871464881273499
41.160000000000004,1,-0.9024840151155619,1.2611701508153517,-1.193463699460482,0.022703151926307896,17.633678959488616
41.18,0,-0.017309656626627555,0.0007049160980149539,0.0005393780437604363,5.523067911395417e-05,0.0098135946930954
41.18,1,-0.8773199992940236,1.2550613387826535,-1.189219176660323,0.02223513520930176,17.54862360774785
41.2,0,-0.017295625650965336,0.0006979292771531552,0.0005431093616833452,3.945764637283472e-05,0.009731552233771338
41.2,1,-0.8522882922391272,1.2479430117493957,-1.1839591466968595,0.021742909248189335,17.44945925524335
41.22,0,-0.017281747586346197,0.0006897262987151288,0.000548017020247406,2.3329439564644984e-05,0.009632838742447159
41.22,1,-0.8274088567511024,1.239838071713543,-1.1777043636959947,0.02123152774728787,17.33650147624232
41.24,0,-0.01726804057027272,0.0006809295451813519,0.0005535804085672526,7.549391103872302e-06,0.009525464241435055
41.24,1,-0.8027011888719751,1.2307702725582998,-1.1704764787592532,0.020705962157339997,17.21007785365886
41.26,0,-0.01725451012456403,0.0006721751975210374,0.000559246681663953,-7.301907987081711e-06,0.009417754673281606
41.26,1,-0.7781843020209995,1.2207641046308837,-1.1622980026297693,0.02017056299730058,17.07052690183507
41.28,0,-0.01724114905675477,0.0006640956972214348,0.0005644419901424324,-2.0810716830313436e-05,0.0093181504779304
41.28,1,-0.7538767132963916,1.2098446949280377,-1.1531922755644828,0.019628578896687898,16.918197150095843
41.300000000000004,0,-0.01722793769874053,0.0006573036128764964,0.0005685854877081734,-3.274514527757625e-05,0.009234995725548527
41.300000000000004,1,-0.7297964315509246,1.1980377306535956,-1.143183442395051,0.01908180203434995,16.75344642711599
41.32,0,-0.01721484445251233,0.0006523770565199407,0.0005711063936443047,-4.303807510644669e-05,0.009176316866385618
41.32,1,-0.7059609467131255,1.1853694118004976,-1.1322964310168122,0.018530392129235018,16.576641373077734
41.34,0,-0.017201826613674052,0.0006498464222876074,0.0005714639651891189,-5.174059449994297e-05,0.009149590506526445
41.34,1,-0.6823872197413218,1.1718664354411783,-1.1205569330302632,0.017972907005745498,16.38815718917075
41.36,0,-0.01718883145130209,0.0006501819048263099,0.0005691697818340777,-5.895391902833221e-05,0.009161500586596672
41.36,1,-0.6590916725781727,1.1575560109625125,-1.1079913858672612,0.01740653937767256,16.1883776140975
41.38,0,-0.017175797535629807,0.0006537810760484169,0.0005638113123045583,-6.475204934407695e-05,0.009217687114021914
41.38,1,-0.6360901775236977,1.1424659020054555,-1.0946269563427948,0.016827530876775576,15.9776950971996
41.4,0,-0.017162656319642457,0.0006609558173640665,0.0005550753744629652,-6.910981703200664e-05,0.009322491260128938
41.4,1,-0.6133980455611289,1.1266244878271647,-1.08049152606342,0.016231709565648345,15.756511120014657
41.42,0,-0.017149333992646905,0.0006719181499789987,0.0005427698492777007,-7.185100152655617e-05,0.009478705101232538
41.42,1,-0.5910300133392298,1.1100608346029148,-1.0656136793963733,0.015615079776175378,15.525236604664633
41.44,0,-0.017135753628733857,0.0006867649674475986,0.0005268419008689141,-7.262873615134034e-05,0.009687338280417719
41.44,1,-0.5690002287170528,1.0928047661225075,-1.0500226946957827,0.01497438562854736,15.284292340086559
41.46,0,-0.017121837646922967,0.0007054622987947012,0.0005073909997050181,-7.094573396344839e-05,0.009947417917089266
41.46,1,-0.5473222349879704,1.0748869235522933,-1.0337485391766388,0.014307573135596385,15.03410935659651
41.480000000000004,0,-0.01710751058028574,0.0007278304254651256,0.00048467524474697925,-6.62155986581349e-05,0.010255841555169894
41.480000000000004,1,-0.5260089540937107,1.0563388053950942,-1.0168218672547487,0.013614089935563456,14.775129185595755
41.5,0,-0.017092702118211168,0.0007535318230514982,0.00045910981851290077,-5.7859568154791825e-05,0.010607305090875764
41.5,1,-0.505072669292928,1.0371927812805772,-0.9992740214084371,0.012894984458516667,14.507803953469566
41.52,0,-0.01707735034143506,0.0007820643718956301,0.0004312568611169995,-4.542653962912209e-05,0.010994327746167943
41.52,1,-0.48452500784506286,1.0174820764096693,-0.9811370337767936,0.012152794507597875,14.232596275227772
41.54,0,-0.017061405018185333,0.0008127624629015246,0.0004018065815653949,-2.8719197824230054e-05,0.011407393678445574
41.54,1,-0.464376924299384,0.997240726916704,-0.9624436259202925,0.011391244825188274,13.949978932008666
41.56,0,-0.017044830778540982,0.0008448084309189228,0.00037154999844201563,-7.906383743922288e-06,0.011835224416608841
41.56,1,-0.44463868494091047,0.9765035096298169,-0.9432272035634083,0.010614799994405288,13.660434334823032
41.58,0,-0.017027609940850518,0.0008772561403911203,0.0003413442776220406,1.6397955666866415e-05,0.012265188009808817
41.58,1,-0.4253198538483159,0.955305852267953,-0.9235218428273323,0.009828139160186211,13.364453792591155
41.6,0,-0.017009744736970752,0.0009090675476980646,0.000312072173253852,4.3105678178040514e-05,0.012683839989594865
41.6,1,-0.40642928088068614,0.9336837316749678,-0.9033622645202712,0.009035629642531795,13.062536613807016
41.62,0,-0.0169912586792967,0.0009391617539230907,0.00028459754499880876,7.0685752804946e-05,0.013077578802118324
41.62,1,-0.3879750917522082,0.911673568067866,-0.8827837935116722,0.008240876017252319,12.755189076932872
41.64,0,-0.01697219683697902,0.0009664745773269383,0.00025971928953456326,9.725864954100109e-05,0.013433385433036136
41.64,1,-0.3699646802006859,0.889312122451324,-0.8618223010505858,0.007446409704823687,12.44292330461371
41.660000000000004,0,-0.016952624843128608,0.0009900251927480678,0.00023812626366085329,0.00012074777329814344,0.013739604925174806
41.660000000000004,1,-0.3524047021299129,0.8666364024840799,-0.8405141290216717,0.0066535631719011334,12.12625607160522
41.68,0,-0.016932626537211858,0.0010089850991032107,0.000220355872387897,0.00013907353183182508,0.013986717855613125
41.68,1,-0.3353010715253126,0.8436835794863927,-0.8188959964476007,0.005862545508887429,11.805707567300612
41.7,0,-0.016912300251434847,0.0010227437714778133,0.00020675893708828802,0.00015036883424528538,0.0141680439664441
41.7,1,-0.3186589579174279,0.8204909163696203,-0.7970048898995402,0.005072706331846533,11.481800122842838
41.72,0,-0.016891753867486193,0.0010309649818859045,0.00019747324189407902,0.00015319063271678791,0.014280319113685875
41.72,1,-0.30248278520042693,0.7970957035119844,-0.7748779407160052,0.004282946971641444,11.15505690219614
41.74,0,-0.01687109888886328,0.001033628026437264,0.0001924077839374178,0.00014670122819113347,0.014324091141930563
41.74,1,-0.28677623169527555,0.7735351974382929,-0.7525522929150512,0.0034922158150534344,10.826000548321048
41.76,0,-0.016850443881286602,0.0010310489972048989,0.00019123923542310614,0.00013079568775273363,0.01430389027311585
41.76,1,-0.27154223146408735,0.7498465559370995,-0.7300649663071123,0.0027000116778665983,10.495151771441526
41.78,0,-0.01682988771693008,0.0010238787258874291,0.00019342148193679867,0.00010615759630455517,0.014228144566119453
41.78,1,-0.2567829770121914,0.7260667631769904,-0.707452719512765,0.0019068171434817316,10.163027867334383
41.800000000000004,0,-0.016809513106822122,0.0010130759693270917,0.00019820835979976196,7.423375047691493e-05,0.01410882982010237
41.800000000000004,1,-0.24249992363392617,0.7022325395021681,-0.68475191735203,0.0011143932340047513,9.83014115979635
41.82,0,-0.016789380912588314,0.0009998566089071085,0.00020468891266229618,3.712819469167596e-05,0.013960864330007842
41.82,1,-0.22869379574441015,0.6783802327540756,-0.661998406444504,0.00032588629479590736,9.496997372262262
41.84,0,-0.016769525690825297,0.0009856218634498597,0.00021183366925405973,-2.57411648521208e-06,0.013801280204783248
41.84,1,-0.21536459557438078,0.654545690877707,-0.6392274019353897,-0.00045427519096907787,9.164093947478868
41.86,0,-0.016749952842744564,0.0009718705253706515,0.00021854966242821068,-4.2035106780246266e-05,0.013648222461969369
41.86,1,-0.20251161457779268,0.6307641188077653,-0.616473387168276,-0.0012206858124717002,8.831918349121185
41.88,0,-0.016730637624938958,0.0009601017998664773,0.00022374122052677518,-7.841766971671167e-05,0.013519842867847394
41.88,1,-0.19013344781047237,0.6070699257126793,-0.5937700270047593,-0.0019674329497965104,8.500946392927307
41.9,0,-0.016711526134849143,0.0009517162824757347,0.00022637302202474556,-0.00010913793592120993,0.013433165890581494
41.9,1,-0.17822801139056113,0.5834965711369918,-0.5711500944832965,-0.002688669119413234,8.171640665037298
41.92,0,-0.016692538230204838,0.0009479228470140021,0.00022553156520034812,-0.0001320882296019666,0.013403008087797997
41.92,1,-0.1667925629641998,0.5600764200377001,-0.5486454097318118,-0.0033792093408817614,7.844449089868683
41.94,0,-0.016673572190123453,0.0009496587117401442,0.0002204811082926916,-0.0001458073548318761,0.013441029319193895
41.94,1,-0.1558237248958366,0.5368406169074648,-0.526286789578465,-0.004035071144919744,7.519803707849427
41.96,0,-0.016654510790994878,0.0009575287689565445,0.00021071030942811198,-0.00014958184680484345,0.013554984612196466
41.96,1,-0.14531750970788684,0.513818988041402,-0.5041040061717245,-0.00465388176620074,7.198119714345829
41.980000000000004,0,-0.016635228365071,0.00097176853952256,0.00019596624743113068,-0.00014347067385966483,0.013748230227175506
41.980000000000004,1,-0.13526934713510438,0.49103997864615717,-0.4821257531018153,-0.005235094757159331,6.87979479580336
42.0,0,-0.016615598342768732,0.0009922330428192903,0.0001762732201179022,-0.00012825533082401822,0.014019517930294084
42.0,1,-0.12567411205677637,0.46853062819536867,-0.46037961794090376,-0.005779984247133552,6.565208778982296
42.02,0,-0.016595500755808932,0.001018411679363586,0.00015193465808819372,-0.00010532601574200773,0.014363089526832212
42.02,1,-0.11652615253943943,0.4463165836244131,-0.4388920606834592,-0.006291415683042256,6.254723586424825
42.04,0,-0.016574829197607124,0.001049467134667265,0.0001235175995802967,-7.652145907063e-05,0.014769061344412339
42.04,1,-0.10781931726967361,0.4244221461256619,-0.4176883981464653,-0.0067734227804607805,5.948683468539727
42.06,0,-0.01655349679563107,0.0010842945307360707,9.182036740292247e-05,-4.394411084258226e-05,0.015224067541147572
42.06,1,-0.09954698177598986,0.40287034395629,-0.39679279485707647,-0.007230647193499973,5.647415462581559
42.08,0,-0.016531440839990582,0.001121595728847316,5.782528156965766e-05,-9.773347076474578e-06,0.0157121135509389
42.08,1,-0.09170207301669027,0.38168302124280157,-0.3762282612080003,-0.0076677162647360575,5.351230013663958
42.1,0,-0.01650862582313526,0.001159962912892071,2.2639335472660954e-05,2.390282698549323e-05,0.0162155779535035
42.1,1,-0.08427709212503835,0.3608809315728587,-0.3560166596292925,-0.008088642457555917,5.0604216844775785
42.12,0,-0.016485044765933814,0.0011979653755276342,-1.257333242844821e-05,5.522191872739564e-05,0.016716293338659486
42.12,1,-0.07726413532771126,0.3404838253488548,-0.33617871918726727,-0.00849632453274296,4.77526987941671
42.14,0,-0.016460718824619875,0.0012342337424546626,-4.666270428586935e-05,8.263785487161446e-05,0.01719663453949366
42.14,1,-0.07065491325991545,0.3205105213925088,-0.31673405840596736,-0.008892215724167318,4.496039515219291
42.160000000000004,0,-0.016435695281643993,0.0012675366027313872,-7.856311083754475e-05,0.00010496680243490125,0.01764054563580452
42.160000000000004,1,-0.064440769066126,0.30097895590676454,-0.297701215290918,-0.009276200222136932,4.222981582916841
42.18,0,-0.016410044114289,0.0012968455303985365,-0.0001073576970433624,0.00012139277634171802,0.018034444649237792
42.18,1,-0.0586126957806826,0.28190620524258053,-0.2790976826328321,-0.009646689622101912,3.9563335630182297
42.2,0,-0.01638385340375576,0.0013213856382670818,-0.00013233281013588162,0.00013144309504052262,0.018367955840698624
42.2,1,-0.05316135351758571,0.26330848251133304,-0.26093994581576035,-0.01000091988978391,3.6963196750484464
42.22,0,-0.016357223892940653,0.0013406699622169917,-0.0001530187323618478,0.00013494666251568158,0.0186344328085222
42.22,1,-0.04807708696375202,0.24520111142929815,-0.24324351968674945,-0.010335401284035095,3.443150961294209
42.24,0,-0.01633026302440319,0.0013545170259859159,-0.00016921418668063584,0.00013198836293536534,0.01883125000086746
42.24,1,-0.04334994357433687,0.22759848342443492,-0.22602298068082613,-0.010646452581906996,3.197025220523996
42.26,0,-0.016303078793924987,0.0013630518147815407,-0.00018099323502742196,0.00012287066131633738,0.01895985474562523
42.26,1,-0.03896969273023117,0.21051400563218634,-0.2092919904183681,-0.010930739868387995,2.9581268187189966
42.28,0,-0.01627577374335818,0.0013666910680286137,-0.0001886944667041264,0.00010808933759232087,0.01902558561480827
42.28,1,-0.03492584595959889,0.19396004776885004,-0.19306330743498162,-0.011185740642720488,2.726626409406621
42.300000000000004,0,-0.016248439392967082,0.001366114304214879,-0.0001928936340320226,8.832499479645428e-05,0.019037275264211853
42.300000000000004,1,-0.031207678172380546,0.1779478949943332,-0.1773487845451356,-0.011410065941807268,2.502680595862472
42.32,0,-0.016221151381342263,0.0013622223602863229,-0.000194362032228316,6.444660573491634e-05,0.019006666438273603
42.32,1,-0.02780424973231917,0.16248771193914457,-0.16215935050477095,-0.011603594825544183,2.2864315619735684
42.34,0,-0.01619396554228589,0.0013560855239758017,-0.00019401385220149645,3.751893127719105e-05,0.018947678404384036
42.34,1,-0.024704429113360852,0.14758852040631057,-0.1475049760052843,-0.011767403749496586,2.078006689437845
42.36,0,-0.016166915103723423,0.0013488836157059421,-0.00019284639108324366,8.803020497178543e-06,0.018875567599386012
42.36,1,-0.02189691586653038,0.13325819030508487,-0.1333946254529786,-0.011903503968521245,1.8775181682397095
42.38,0,-0.01614000914363447,0.0013418406739181131,-0.0001918773446643224,-2.0261267040699166e-05,0.018806030701894284
42.38,1,-0.019370263660612806,0.1195034406067748,-0.11983619730597263,-0.012014428724691162,1.6850625972195385
42.4,0,-0.01611323238171598,0.001336157220325858,-0.0001920834163362838,-4.80995629309703e-05,0.018754300647492984
42.4,1,-0.017112903246874027,0.10632984497918378,-0.10683645680765483,-0.01210273442273424,1.5007205641313073
42.42,0,-0.016086546322708555,0.0013329434017760277,-0.00019434417520405322,-7.30785753504555e-05,0.018734286200214844
42.42,1,-0.015113165318284475,0.0937418356029314,-0.09440096565565773,-0.012170493028226592,1.324556191469266
42.44,0,-0.016059891698626334,0.0013331565641885542,-0.00019939452379328485,-9.361156654628076e-05,0.01875780346518604
42.44,1,-0.013359303365395427,0.08174269869875608,-0.08253401340744257,-0.01221885464350303,1.1566166364260884
42.46,0,-0.01603319208453472,0.001337546931912108,-0.00020778835532199794,-0.00010828600613659034,0.018833943052906102
42.46,1,-0.011839516750077396,0.07033455651903403,-0.07123855523194841,-0.012247749365439375,0.9969315406319158
42.480000000000004,0,-0.016006358489686765,0.0013466149584969573,-0.00021987506685886772,-0.00011600000337675526,0.018968609422334158
42.480000000000004,1,-0.0105419743021473,0.05951833281543239,-0.060516160011380535,-0.012255777522710676,0.8455124369387641
42.5,0,-0.015979294658006887,0.0013605835117685707,-0.00023578962797504637,-0.00011609014244877251,0.01916425930720876
42.5,1,-0.009454838774800215,0.04929370176433191,-0.050366971867661314,-0.012240310110705921,0.7023521348113527
42.52,0,-0.01595190275547156,0.001379387318099662,-0.00025545596228421257,-0.0001084318870276347,0.019419854340422902
42.52,1,-0.008566292462732312,0.039659023575710474,-0.04078968706047244,-0.012197790624699945,0.5674241206846465
42.54,0,-0.0159240890835983,0.0014026810241386247,-0.00027860254989311376,-9.349522208057341e-05,0.019731029560021318
42.54,1,-0.00786456419124958,0.030611273043060872,-0.03178154702292739,-0.012124199954690412,0.44068202255754263
42.56,0,-0.01589576944409184,0.0014298658975279348,-0.0003047884562646025,-7.234263320259407e-05,0.020090465198593685
42.56,1,-0.007337957734494626,0.022145969646175073,-0.023338347209976035,-0.012015621813854044,0.32205919686030504
42.58,0,-0.015866873794093992,0.0014601336908376377,-0.0003334374739050161,-4.656337851864471e-05,0.02048843505024557
42.58,1,-0.006974881533704353,0.014257119119047753,-0.015454460555837133,-0.01186883082437784,0.21146849849104637
42.6,0,-0.015837349876204523,0.0014925246851897618,-0.0003638777457335432,-1.814636190873055e-05,0.0209134919545654
42.6,1,-0.006763879385800501,0.006937176410292875,-0.008122873755025631,-0.011681821106029548,0.1088022908501298
42.62,0,-0.01580716558098472,0.0015259955845824834,-0.00039538412349899514,1.0697437092057477e-05,0.021353240747062713
42.62,1,-0.006693661585147586,0.000177038641532172,-0.0013352343340508482,-0.011454200640204526,0.013932741621654934
42.64,0,-0.015776309897035365,0.001559491920632793,-0.00042722058656685755,3.774438994386467e-05,0.021795142498915236
42.64,1,-0.006753135852663755,-0.0060339258528391585,0.004918093446488535,-0.011187394770786244,-0.07328756716896198
42.660000000000004,0,-0.015744792416751356,0.0015920190960763206,-0.0004586802795446806,6.0975507345802094e-05,0.022227291837722686
42.660000000000004,1,-0.006931437297816174,-0.011707809735543525,0.010647965488244801,-0.01088462837999915,-0.1530247079176102
42.68,0,-0.01571264148383747,0.0016227062401115758,-0.0004891210876061912,7.877532561895726e-05,0.022639112035943106
42.68,1,-0.007217956644025414,-0.016858061327843423,0.015866388686267573,-0.010550686813043664,-0.22546217177676425
42.7,0,-0.015679901179688933,0.0016508576986590934,-0.0005179951183054714,9.00874726308884e-05,0.02302192030859642
42.7,1,-0.007602366010790703,-0.021499346748313736,0.02058644629603787,-0.010191486171326425,-0.29079936830506586
42.72,0,-0.015646627438033422,0.0016759881910237005,-0.0005448709600978466,9.450689746426681e-05,0.02336932777686754
42.72,1,-0.008074641680425562,-0.025647387831825345,0.024822217979166263,-0.009813509808826337,-0.3492499198367285
42.74,0,-0.015612883640723508,0.0016978393104048856,-0.0005694481049782476,9.229661762471218e-05,0.023677453728043685
42.74,1,-0.008625083468282127,-0.02931878643516345,0.028588694391818038,-0.009423186037558956,-0.4010398240547294
42.76,0,-0.01557873607524859,0.001716376946878232,-0.0005915634239912109,8.432662258485261e-05,0.023944950633710396
42.76,1,-0.009244330540077342,-0.03253084677222006,0.03190168615012134,-0.009026289624729733,-0.4464055651863511
42.78,0,-0.015544249623472353,0.0017317711462515092,-0.000611190043297844,7.194290893947942e-05,0.024172853138581647
42.78,1,-0.009923373751567887,-0.0353014070711711,0.03477772725094678,-0.008627445617354151,-0.4855922533790412
42.800000000000004,0,-0.01550948400295568,0.0017443616543436717,-0.0006284293638121628,5.6784032242723076e-05,0.024364279128568683
42.800000000000004,1,-0.010653564796995186,-0.037648690177784286,0.037233973520965025,-0.00822979899623244,-0.5188518634927476
42.82,0,-0.015474490803143866,0.0017546137221468704,-0.0006434972832203685,4.0569670913580616e-05,0.024524022439142607
42.82,1,-0.011426622619287884,-0.039591179990415934,0.03928809734269263,-0.007834889843707005,-0.546441630022116
42.84,0,-0.015439311458606565,0.0017630695014024653,-0.000656705904583268,2.488944843109797e-05,0.024658083571203415
42.84,1,-0.01223463763926004,-0.04114752719241797,0.04095818065859674,-0.0074427445563785555,-0.5686226361374729
42.86,0,-0.01540397619287533,0.0017703004538320087,-0.0006684421446559876,1.1020067794482308e-05,0.024773186285853642
42.86,1,-0.01307007439401374,-0.042336484121027036,0.04226260895827483,-0.0070521633362723435,-0.5856586143581062
42.88,0,-0.015368503862602927,0.001776865628513791,-0.0006791446863469687,-2.053361337073234e-07,0.024876324135326783
42.88,1,-0.01392577313725732,-0.04317686527016439,0.043219969482649875,-0.006661157081230273,-0.5978149567010712
42.9,0,-0.015332902545300887,0.0017832795164099368,-0.000689280657204544,-8.459258212693138e-06,0.024974372487951813
42.9,1,-0.014794950856521372,-0.043687527307345306,0.04384895712392335,-0.006267466712214342,-0.6053579155906199
42.92,0,-0.01529717065481726,0.0017899916314171366,-0.0006993232685432743,-1.3906787291594058e-05,0.025073789627131506
42.92,1,-0.01567120202226725,-0.04388736091749288,0.04416829138601113,-0.005869087731505851,-0.6085539651133944
42.94,0,-0.015261298343169607,0.001797378211026641,-0.0007097314322519677,-1.712172016209157e-05,0.025180416674535064
42.94,1,-0.016548499224588648,-0.04379528643575608,0.04419664726923804,-0.0054647237779206215,-0.6076692863226645
42.96,0,-0.015225268956871015,0.001805744719175136,-0.0007209321040485767,-1.8946172549591522e-05,0.025299372241001497
42.96,1,-0.017421193699110448,-0.04343024608459779,0.04395260207935787,-0.0050541048862347004,-0.6029693402981344
42.980000000000004,0,-0.015189060357183799,0.0018153364028142883,-0.0007333058069008623,-2.0316007197917e-05,0.025435025646597952
42.980000000000004,1,-0.018284015617260986,-0.042811187499881116,0.0434545990092861,-0.004638127242795609,-0.59471849775554
43.0,0,-0.01515264597920211,0.0018263531943473385,-0.0007471754933450772,-2.207908258522462e-05,0.025591023803447965
43.0,1,-0.019132073934540077,-0.04195703578447018,0.042720927018865096,-0.004218798326505624,-0.5831797026560769
43.02,0,-0.015115995583498477,0.0018389648882646647,-0.0007627986380791115,-2.4834040450366635e-05,0.025770342476155672
43.02,1,-0.019960855563260375,-0.040886654140603766,0.041769715187119145,-0.0037990004560224944,-0.5686141575124302
43.04,0,-0.015079075733826667,0.00185332279039938,-0.0007803622381084818,-2.881400087704697e-05,0.02597533306646837
43.04,1,-0.020766223664127465,-0.03961879574936418,0.04061893848471813,-0.003382112684586158,-0.5512810278065123
43.06,0,-0.015041850102752346,0.0018695648900088186,-0.0007999802576093154,-3.383262457965115e-05,0.026207741084703112
43.06,1,-0.021544414925751657,-0.038172051570885886,0.03928643095202805,-0.002971551794880678,-0.5314371701975218
43.08,0,-0.01500427975367565,0.0018878129035507236,-0.000821693001536954,-3.9300562741437575e-05,0.026468681212451568
43.08,1,-0.02229203580714916,-0.036564799816659076,0.03778990168033397,-0.002570304857850314,-0.5093368925753767
43.1,0,-0.01496632356547382,0.001908161086886323,-0.0008454679388480427,-4.4309746468948474e-05,0.02675856496287747
43.1,1,-0.02300605783497787,-0.03481516282613318,0.03614694884618103,-0.0021805267771539683,-0.48523175278871056
43.12,0,-0.014927938952233306,0.0019306582778460413,-0.0008712016147418737,-4.7772834387478993e-05,0.027076988724232056
43.12,1,-0.023683812152458055,-0.03294097596575257,0.03437506735399663,-0.0018032663585206277,-0.4593703971620154
43.14,0,-0.014889082987266272,0.0019552859810232823,-0.0008987224720667927,-4.8596930937708574e-05,0.02742260066526366
43.14,1,-0.024322983590209235,-0.03095977113186918,0.032491646358827696,-0.0014383652063950092,-0.4319984306397735
43.160000000000004,0,-0.014849713974201524,0.0019819362412606357,-0.0009277946158174434,-4.586560899841677e-05,0.027792972986647315
43.160000000000004,1,-0.024921604555104077,-0.028888774796403335,0.030513953979752546,-0.0010845479941075375,-0.4033582991555391
43.18,0,-0.014809793428222301,0.002010393432430328,-0.0009581227656711258,-3.900204679673468e-05,0.02818451010082133
43.18,1,-0.025478049003608637,-0.026744917699613586,0.028459107750367724,-0.0007396941465253326,-0.3736891536480649
43.2,0,-0.014769288349313124,0.0020403238549211366,-0.0009893588115936968,-2.7888871364484258e-05,0.028592422840260395
43.2,1,-0.025991026681601127,-0.024544850717555154,0.026344030642271477,-0.00040125386778630534,-0.34322665617798587
43.22,0,-0.01472817359879516,0.0020712762177194704,-0.0010211104811265075,-1.2926643246841119e-05,0.029010793691319425
43.22,1,-0.026459577682785874,-0.022304959531385053,0.02418539369792694,-6.674967559971989e-05,-0.312202683763791
43.24,0,-0.01468643414116932,0.002102694790822349,-0.001052952616257359,4.978151370270585e-06,0.029432748920142617
43.24,1,-0.02688306721952501,-0.02004136982690839,0.021999547297269058,0.0002657086827621835,-0.2808448862594797
43.26,0,-0.014644066893114361,0.0021339454284163267,-0.0010844414273453815,2.449456093943543e-05,0.029850741436889136
43.26,1,-0.027261180335327453,-0.01776993503889061,0.01980244376931598,0.0005969709453138572,-0.2493760614897824
43.28,0,-0.014601081934175643,0.0021643529998914062,-0.0011151318416707085,4.400714045706307e-05,0.030256934858022624
43.28,1,-0.027593916141481743,-0.015506200138723508,0.017609554402304297,0.0009265217743246457,-0.21801332371645377
43.300000000000004,0,-0.014557502878522659,0.0021932472496870954,-0.001144597712286028,6.179532254614248e-05,0.03064366617307319
43.300000000000004,1,-0.02788158105402272,-0.013265337485405272,0.015435783908631743,0.0012523344355739319,-0.18696705923124773
43.32,0,-0.014513366279123257,0.0022200129398978912,-0.0011724542329870095,7.622780881454475e-05,0.031003953349755933
43.32,1,-0.028124780459221364,-0.011062054005843909,0.01329538511467923,0.0015709275322365601,-0.15643968361405128
43.34,0,-0.014468720026192467,0.0022441394617882687,-0.0011983814650559593,8.594596402992927e-05,0.03133200650100583
43.34,1,-0.028324408256496743,-0.00891047252017736,0.011201876156617599,0.0018776213268333064,-0.12662423660931635
43.36,0,-0.01442362079991857,0.002265265013094832,-0.00122214747729411,9.001235064576632e-05,0.031623697832681874
43.36,1,-0.028481633818465215,-0.006823993410871418,0.009167961879005166,0.002166962367703633,-0.09770287011990347
43.38,0,-0.014378130731553262,0.002283210926505603,-0.0012436292912221152,8.800608120778514e-05,0.03187694688987066
43.38,1,-0.02859788606081648,-0.004815145597601349,0.007205460564838867,0.0024332617402543846,-0.06984530010667328
43.4,0,-0.01433231350607959,0.002298002723319682,-0.0012628296615175374,8.005467957521509e-05,0.03209198344690033
43.4,1,-0.028674834513536814,-0.002895437550922452,0.005325236672059265,0.0026711765911892754,-0.043207302304103606
43.42,0,-0.014286230195158987,0.0023098758143615915,-0.0012798877487424324,6.680136175462106e-05,0.03227146003930766
43.42,1,-0.028714367507193393,-0.0010752196169732553,0.0035371399826898586,0.002876258806419528,-0.0179293334440451
43.44,0,-0.014239935135483512,0.002319265296761777,-0.0012950819796467112,4.931565206370628e-05,0.03242039850260118
43.44,1,-0.028718567807891792,0.0006364318405924402,0.001849951518984448,0.0030453996130923207,0.00586464615520184
43.46,0,-0.014193472163393258,0.0023267808064074288,-0.0013088238394829044,2.8962686775043517e-05,0.032545968602928965
43.46,1,-0.028689686226751637,0.0022317999446842605,0.00027133673592279986,0.003177113650873604,0.028068085574706043
43.480000000000004,0,-0.014146871483800786,0.0023331687032099304,-0.001321641975976173,7.251348735907992e-06,0.032657110496203116
43.480000000000004,1,-0.028630113872627018,0.003704576829014307,-0.00119219318915306,0.003271628542715222,0.048592447063485075
43.5,0,-0.014100147395441591,0.0023392648510321503,-0.0013341567676123547,-1.4317113782226498e-05,0.03276402502823233
43.5,1,-0.02854235379518157,0.005049875024948175,-0.0025353107628454693,0.0033307729371281555,0.0673674774121463
43.52,0,-0.014053297022817091,0.0023459418241788487,-0.0013470463521069143,-3.438020690500407e-05,0.03287756574540889
43.52,1,-0.028428992772621172,0.006264202127561561,-0.003753890710203001,0.0033576835351993295,0.08434114625066252
43.54,0,-0.014006300126491025,0.0023540545100093533,-0.0013610059438009595,-5.1810099786754604e-05,0.0330085732399177
43.54,1,-0.028292673936876993,0.007345403382015138,-0.0048450158360194215,0.003356375853531518,0.09947927149468042
43.56,0,-0.013959119985947288,0.0023643878259435097,-0.0013767030062500293,-6.576625511928169e-05,0.033167195818328415
43.56,1,-0.02813607080991754,0.0082925793101522,-0.0058069683922307635,0.003331241020491288,0.11276486932163951
43.58,0,-0.013911705279939434,0.002377609721095436,-0.0013947314080273814,-7.570444849333557e-05,0.03336224054382944
43.58,1,-0.02796186316611743,0.009105986947455008,-0.0066392053835994235,0.003286539363930377,0.12419727790043973
43.6,0,-0.013863992832909375,0.0023942319093785097,-0.0014155680090067455,-8.134911385233867e-05,0.033600595845151474
43.6,1,-0.027772714959385963,0.009786933549581154,-0.007342316787078773,0.0032259598578236875,0.13379110983631248
43.62,0,-0.013815911054847632,0.0024145800096981246,-0.0014395351557701073,-8.264154992769501e-05,0.03388676168570144
43.62,1,-0.027571254383228272,0.010337670788252883,-0.00791796646755533,0.003152303053268732,0.14157508798227164
43.64,0,-0.013767383875711985,0.0024387740608476337,-0.0014667722899327368,-7.96795414517125e-05,0.03422251639331858
43.64,1,-0.027360055987994517,0.010761295677184259,-0.008368816575376877,0.0030673257186544164,0.1475908137619252
43.660000000000004,0,-0.013718334962119046,0.0024667198102965257,-0.001497219303419183,-7.266393291812528e-05,0.03460674127706948
43.660000000000004,1,-0.027141624678090042,0.011061662064016856,-0.008698437306133667,0.002971760966137299,0.15189150793009867
43.68,0,-0.013668692000296202,0.002498110777962092,-0.0015306134506405003,-6.186470889696025e-05,0.03503541560036624
43.68,1,-0.026918381361556647,0.011243303884444592,-0.008911204966406966,0.002865501745485062,0.15454075263673922
43.7,0,-0.01361839083191547,0.002532440851664403,-0.001566500615342061,-4.7613761701339324e-05,0.03550178568500298
43.7,1,-0.02669265002578841,0.01131136890820254,-0.009012192191899835,0.00274791200122472,0.15561125271361081
43.72,0,-0.013567379235862601,0.002569027023756333,-0.0016042606151598893,-3.032475775619284e-05,0.03599670309034486
43.72,1,-0.026466646058971317,0.011271559779344993,-0.009007054790706816,0.0026182118909815894,0.15518362501984834
43.74,0,-0.013515620158068325,0.0026070417472352616,-0.0016431451061545712,-1.0533591469328446e-05,0.03650911805276299
43.74,1,-0.02624246571344909,0.011130078035931426,-0.008901919947537145,0.0024758737620354174,0.15334521874100454
43.76,0,-0.013463094203789983,0.002645554188914352,-0.0016823256208398985,1.1052874626184955e-05,0.03702670577017475
43.76,1,-0.026022076696803953,0.0108935666242944,-0.008703280378675812,0.0023209653709281367,0.15018896736919346
43.78,0,-0.01340980122430262,0.00268357931845443,-0.001720948426618063,3.3515630703258303e-05,0.03753659482765876
43.78,1,-0.025807309959938945,0.010569047186904146,-0.008417898474415337,0.002154386007452193,0.14581227460920587
43.800000000000004,0,-0.013355760855997897,0.0027201332625135543,-0.0017581923007862592,5.570630409211519e-05,0.03802615937109764
43.800000000000004,1,-0.025599852811554618,0.01016384994077106,-0.008052723555924629,0.001977958288147716,0.14031594088264712
43.82,0,-0.01330101190774327,0.0027542926884016367,-0.0017933250340355724,7.626762669081522e-05,0.0384838300109321
43.82,1,-0.025401243512275924,0.009685535995987081,-0.0076148241995049,0.0017943608192373117,0.13380314312458183
43.84,0,-0.013245610544540062,0.002785255228505423,-0.0018257545200070645,9.369968721847574e-05,0.03889987351185745
43.84,1,-0.025212867482879875,0.009141814136341976,-0.0071113362659007895,0.0016069113516483657,0.1263784865571393
43.86,0,-0.01318962728274378,0.00281239722754625,-0.001855070658726986,0.00010647234036295639,0.03926708884528454
43.86,1,-0.02503595520058232,0.008540456019964828,-0.006549425953701802,0.0014192328635500295,0.11814715141595757
43.88,0,-0.013133142892511001,0.0028353245308011545,-0.0018810749640490944,0.00011317552100892012,0.03958136791020725
43.88,1,-0.02487158176339029,0.007889215118138422,-0.005936266009363691,0.0012348528797279795,0.10921415877420995
43.9,0,-0.01307624339192204,0.0028539117802418783,-0.0019037956635861361,0.00011269112062917488,0.039842073802757116
43.9,1,-0.024720667989327334,0.007195755243447327,-0.005279022288289794,0.0010567966914390645,0.09968377671682352
43.92,0,-0.013019014406814902,0.002868325874152747,-0.001923487140347902,0.00010436393322646106,0.040052198304911996
43.92,1,-0.02458398280291626,0.006467594099284211,-0.0045848472549449275,0.0008872365089168527,0.0896590808810621
43.94,0,-0.012961535251055043,0.002879029954965463,-0.0019406137040783604,8.814613068219845e-05,0.040218273238834285
43.94,1,-0.024462146564735835,0.00571206593228045,-0.003860876776069333,0.0007272508111099071,0.07924167224081641
43.96,0,-0.012903873143082176,0.0028867655338188428,-0.0019558188095148595,6.469049858679604e-05,0.040350026974877
43.96,1,-0.024355634938360286,0.004936305251842873,-0.003114226695066086,0.0005767324282573635,0.06853154109754285
43.980000000000004,0,-0.012846078005938486,0.0028925120744916176,-0.00196988187479533,3.5372394904769136e-05,0.04045979664797788
43.980000000000004,1,-0.02426478287520253,0.004147250981245752,-0.002351986130129608,0.00043446252021174525,0.05762705121722878
44.0,0,-0.012788178291486397,0.0028974254014948442,-0.0019836657224610414,2.2286074934235733e-06,0.0405617270134344
44.0,1,-0.024189788337812483,0.0033516676863809313,-0.0015812051319181854,0.0002983437123329803,0.046625003897000056
44.02,0,-0.012730178220598848,0.002902758459177392,-0.0019980583093961767,-3.2188061830917825e-05,0.040670806490314404
44.02,1,-0.024130715474494992,0.002556178081603052,-0.0008088751651849182,0.0001657626776794402,0.03562073046476329
44.04,0,-0.012672056739809192,0.002909769980603682,-0.0020139127903414026,-6.502803806864021e-05,0.04080180776652019
44.04,1,-0.024087497093575928,0.001767299197506355,-4.1901732885509913e-05,3.403370555795163e-05,0.02470815505953102
44.06,0,-0.012613768366459778,0.0029196282665377086,-0.002031990051951702,-9.341668112784231e-05,0.04096821241265576
44.06,1,-0.02405993644866063,0.0009914736912727195,0.0007129307602498925,-9.913706367203033e-05,0.013979768741490104
44.08,0,-0.012555245939012069,0.00293331829169645,-0.002052907660377722,-0.00011474855027493978,0.04118120463402524
44.08,1,-0.024047708516803136,0.00023508794241861993,0.001449001183921271,-0.00023523037402233167,0.0035264615678830113
44.1,0,-0.012496405121238374,0.0029515605734090162,-0.0020770987034915635,-0.00012696947119701998,0.04144881749892325
44.1,1,-0.024050361107953333,-0.0004955301837672982,0.0021598997559098593,-0.00037459354897873866,-0.006562829023763437
44.12,0,-0.012437150345504308,0.0029747495712014243,-0.0021047833142440837,-0.00012881137405076903,0.04177530537087071
44.12,1,-0.024067316265957577,-0.0011941388422893183,0.0028394806629687594,-0.0005162653882226989,-0.016201678403827757
44.14,0,-0.012377381738946744,0.0030029178544241607,-0.002135954783094647,-0.00011994937016677684,0.04216079933210502
44.14,1,-0.024097872492395808,-0.0018546370641551924,0.0034819178611255252,-0.000657970667405576,-0.025306948230767116
44.160000000000004,0,-0.012317002473237419,0.0030357300074698524,-0.0021703811643210514,-0.00010105933457710096,0.04260127943915504
44.160000000000004,1,-0.024141208334561914,-0.0024711458642856896,0.0040817628081157905,-0.0007962855604702543,-0.0337997565395294
44.18,0,-0.012255925926404915,0.003072507464199955,-0.0022076222195427262,-7.376625060185639e-05,0.04308887074940122
44.18,1,-0.02419638782548155,-0.003038111404154775,0.004634003069045295,-0.000926952258507141,-0.04160660739965971
44.2,0,-0.012194082051189077,0.0031122824725117737,-0.0022470604914633335,-4.0487158255456124e-05,0.04361244177342029
44.2,1,-0.024262368152483966,-0.003550423374668039,0.005134120916866909,-0.0010453012808498904,-0.04866062596450265
44.22,0,-0.012131422409567544,0.0031538765199100797,-0.0022879443306590207,-4.185880026357641e-06,0.04415845715876747
44.22,1,-0.024338009774113684,-0.004003539911170029,0.0055781511540964985,-0.0011467261865715506,-0.05490283256980885
44.24,0,-0.012067923451692391,0.00319599612881723,-0.0023294398729488503,3.19320652324602e-05,0.04471201373820875
44.24,1,-0.024422089021084167,-0.0043936094951151795,0.005962737363347971,-0.0012271494329125499,-0.060283383498699966
44.26,0,-0.012003587777641893,0.0032373372354490013,-0.002370688341230382,6.474837070939016e-05,0.04525797292557663
44.26,1,-0.024513313026483154,-0.004717580514320382,0.006285185631916996,-0.001283420690065283,-0.06476270651042007
44.28,0,-0.011938443305469598,0.003276688593392955,-0.0024108646687696447,9.154581962837055e-05,0.045782094487872994
44.28,1,-0.02461033665462666,-0.004973290382347871,0.006543514502040625,-0.0013135994894640513,-0.06831246586340614
44.300000000000004,0,-0.011872540459529138,0.0033130248777854536,-0.0024492333409660114,0.00011027052797152673,0.04627207776102482
44.300000000000004,1,-0.024711780955311968,-0.00515952816436531,0.006736499516692308,-0.001317091011366997,-0.07091630328974734
44.32,0,-0.011805947668975584,0.003345581372601398,-0.0024851975419653083,0.00011971297996483249,0.04671842623645474
44.32,1,-0.024816252574308827,-0.0052760672293356015,0.00686371032855629,-0.0012946245926095945,-0.07257031661808883
44.34,0,-0.011738745609592571,0.0033739041505638995,-0.0025183381638298787,0.00011958910234186049,0.047115069005552734
44.34,1,-0.02492236350883204,-0.005323667198127062,0.0069255379992999855,-0.001248086146205557,-0.07328325462757332
44.36,0,-0.011671020718599613,0.0033978722554223674,-0.0025484399614027933,0.00011051569883721232,0.047459695877075936
44.36,1,-0.025028750608426374,-0.005304047029686715,0.006923209921275738,-0.001180235063090021,-0.07307642335252398
44.38,0,-0.01160285855342028,0.003417691259799631,-0.002575503067737546,9.388806772445482e-05,0.04775378956947038
44.38,1,-0.0251340942804025,-0.005219833171889898,0.006858789816554671,-0.001094350627547841,-0.07198331377891073
44.4,0,-0.011534337549598067,0.0034338603661380365,-0.0025997391576284457,7.167968476810144e-05,0.04800236544116441
44.4,1,-0.025237135952505502,-0.0050744880744863635,0.006735160557326275,-0.0009938605963733665,-0.07004897244643572
44.42,0,-0.0114655236647016,0.003447117631667037,-0.002621552681436766,4.619281926109692e-05,0.048213454024077416
44.42,1,-0.025336693958280337,-0.004872224906745375,0.00655598812328617,-0.0008820044633546034,-0.06732914423108063
44.44,0,-0.011396466284432206,0.0034583696785502214,-0.0026415087011811625,1.979369936730771e-05,0.04839738180033579
44.44,1,-0.02543167762603236,-0.004617914054676028,0.006325665844830776,-0.0007615762819329491,-0.06388922048353145
44.46,0,-0.01132719562868958,0.0034686132348254535,-0.0026602898577654664,-5.334174924879337e-06,0.04856591946248123
44.46,1,-0.025521099455230838,-0.004316986022112188,0.006049239118554761,-0.0006347780525174096,-0.05980302625705322
44.480000000000004,0,-0.011257721745723299,0.0034788559843768295,-0.0026786458006967115,-2.738958710082548e-05,0.048731373368376435
44.480000000000004,1,-0.025604085343118484,-0.003975333949648893,0.005732311936063657,-0.000503196766655889,-0.05515147852842861
44.5,0,-0.011188035038382995,0.003490043537420405,-0.002697338952091396,-4.5085421888434174e-05,0.048905694945774104
44.5,1,-0.025679882872711387,-0.0035992173744751024,0.005380937730392229,-0.0003678989449358086,-0.050021144297715626
44.52,0,-0.011118108142524546,0.0035029980148628195,-0.0027170907082182207,-5.770292475008182e-05,0.049099675132829555
44.52,1,-0.025747867690613803,-0.0031951673732365056,0.005001498100890894,-0.00022961875172618218,-0.044502724473584894
44.54,0,-0.011047898884768816,0.0035183719885152676,-0.0027385320830991566,-6.507010447162967e-05,0.04932227794368538
44.54,1,-0.02580754799399707,-0.002769892116623454,0.004600573818682375,-8.90020825860885e-05,-0.03868948755014227
44.56,0,-0.010977353991193916,0.0035366195888033507,-0.0027621623772547408,-6.7476514756689e-05,0.049580150758003594
44.56,1,-0.0258585671200498,-0.002330181303940805,0.004184813052414792,5.3138679293011915e-05,-0.032675676934464284
44.58,0,-0.01090641320118577,0.0035579847356021492,-0.0027883187468094573,-6.554467904404393e-05,0.049877330977474134
44.58,1,-0.02590070420030217,-0.001882808025153217,0.0037608019310424465,0.00019560524107352373,-0.026554917593218562
44.6,0,-0.010835013457829747,0.0035825048835579285,-0.0028171586162209377,-6.008285755593895e-05,0.05021515122736694
44.6,1,-0.02593387281919887,-0.001434427293187169,0.0033349423579874782,0.0003366690440027298,-0.020418651148623096
44.62,0,-0.010763092890402113,0.003610027554658159,-0.002848655804809875,-5.194419626306998e-05,0.05059232996147729
44.62,1,-0.025958117612338377,-0.0009914716721702876,0.002913341430796898,0.00047402950421708556,-0.014354632914601111
44.64,0,-0.01069059436592385,0.0036402363317578797,-0.0028826101188480953,-4.1913692593435053e-05,0.051005222337203754
44.64,1,-0.025973608762655618,-0.0005600458858445425,0.002501715961104547,0.0006048861454922214,-0.008445528547315815
44.660000000000004,0,-0.010617468454944054,0.00367268289753794,-0.0029186690966132673,-3.0637620999317966e-05,0.05144819818653047
44.660000000000004,1,-0.025980634405444205,-0.0001458237628496028,0.0021053145197467604,0.000726118095558002,-0.00276765077545244
44.68,0,-0.010543675722261349,0.003706822039995,-0.0029563596767717645,-1.860131856802269e-05,0.051914109878498024
44.68,1,-0.02597959103304485,0.00024604790867477133,0.0017288582581488421,0.0008345476512428684,0.00261012307020393
44.7,0,-0.010469188308964908,0.00374204717004867,-0.002995126868527724,-6.152043835833121e-06,0.05239481242451721
44.7,1,-0.0259709720896707,0.0006110333231312878,0.0013765005918341205,0.0009272513599225072,0.0076272151639155215
44.72,0,-0.010393990813852174,0.0037777246445479,-0.003034376089926772,6.444475421810841e-06,0.05288170054824879
44.72,1,-0.025955355054499665,0.0009452740421730456,0.0010518047794032038,0.001001874223783914,0.012231962366638724
44.74,0,-0.010318080509138194,0.003813225897418008,-0.003073515735001042,1.893088234966589e-05,0.053366231681502445
44.74,1,-0.025933387412720502,0.001245633141021102,0.000757737575199928,0.0010569013071869589,0.016381962667108473
44.76,0,-0.01024146693955425,0.0038479569220901083,-0.0031119967271225103,3.0987894996059584e-05,0.053840409014265456
44.76,1,-0.02590577199520589,0.0015097138041510667,0.0004966765323840396,0.0010918463581427989,0.020044146899972134
44.78,0,-0.010164170959714605,0.0038813849401136843,-0.0031493462817331563,4.2185128806392774e-05,0.05429720403278519
44.78,1,-0.025873252215237442,0.0017358509816475128,0.00027042820856714806,0.0011073282238839056,0.023194585519181278
44.800000000000004,0,-0.010086223267263213,0.003913062116291456,-0.003185193778274178,5.196673248933359e-05,0.054730902895591044
44.800000000000004,1,-0.025836597736274548,0.0019230769696578181,8.025446880535277e-05,0.001105021201104922,0.02581805637410453
44.82,0,-0.010007662493782323,0.0039426459832945316,-0.0032192874522970305,5.96784700913483e-05,0.055137365296032095
44.82,1,-0.02579659106430886,0.0020710640795409433,-7.309574797566946e-05,0.0010874827888024859,0.027907414324770723
44.84,0,-0.00992853292534385,0.003969915911567541,-0.0032515014787168955,6.463456728259681e-05,0.05551418819466298
44.84,1,-0.025754015473848087,0.002180049616659894,-0.00018935149274511114,0.0010578791304794374,0.02946281550275908
44.86,0,-0.009848881941311852,0.003994784625762871,-0.0032818338404285094,6.621452668460412e-05,0.055860770233995584
44.86,1,-0.025709644555670923,0.002250749934264656,-0.0002686835553059443,0.0010196423748755205,0.030490856704829664
44.88,0,-0.009768757282429047,0.004017303553380157,-0.003310396086811142,6.397362476857557e-05,0.05617827612255362
44.88,1,-0.02566423352958948,0.002284271157402475,-0.0003116682874025837,0.0009761033252045012,0.031003692878430154
44.9,0,-0.009688204283858155,0.004037660799555321,-0.0033373966248064183,5.774708131323775e-05,0.05646950411246125
44.9,1,-0.02561851231212863,0.0022820241748901697,-0.0003192524569660766,0.000930145869404337,0.03101819257905804
44.92,0,-0.0096072632305223,0.00405617083558673,-0.003363119514562789,4.772763190643431e-05,0.05673866406630778
44.92,1,-0.025573180184038292,0.002245650669310105,-0.0002927197362989487,0.0008839264390589456,0.03055518293128252
44.94,0,-0.009525967004946621,0.0040732555722144525,-0.003387900850530861,3.449954931182553e-05,0.056991078461690506
44.94,1,-0.025528901781668303,0.002176965397467707,-0.00023365917259937072,0.0008386926832442028,0.029638822881303692
44.96,0,-0.009444339196515935,0.004089417305586602,-0.0034121047104980723,1.901856736173657e-05,0.057232823710850686
44.96,1,-0.025486304052241688,0.002077917840214306,-0.00014393583366770088,0.0007947220197053913,0.028296127743294895
44.980000000000004,0,-0.009362392821981882,0.004105204964689003,-0.0034361003839313,2.535654312976754e-06,0.05747033385133306
44.980000000000004,1,-0.025445973774179093,0.0019505739690628672,-2.566374399231535e-05,0.000751384688404317,0.026556650878475824
45.0,0,-0.009280129769113996,0.004121176008250117,-0.003460242197528159,-1.3528209503295419e-05,0.05770999232500493
45.0,1,-0.025408455252556004,0.0017971165149377397,0.0001188188083798501,0.0007073196369451265,0.02445231157218323
45.02,0,-0.009197541020600481,0.004137857059610525,-0.0034848527991013243,-2.7740686735840125e-05,0.057957739521283184
45.02,1,-0.02537424785349978,0.0016198600498010505,0.00028697154696641705,0.0006606972506223822,0.022017343446592324
45.04,0,-0.009114607648704334,0.00415570678832867,-0.0035102103008109384,-3.882841172804519e-05,0.05821872344832943
45.04,1,-0.025343803131676935,0.0014212756374708394,0.0004760720870898802,0.0006095325060865697,0.019288326418505183
45.06,0,-0.00903130250026001,0.004175084547365479,-0.00353653927290479,-4.583432890517894e-05,0.058497017992021894
45.06,1,-0.025317521419854588,0.0012040189340617547,0.0006832335801265501,0.0005520068893908395,0.016304258187473726
45.08,0,-0.008947592425260862,0.0041962278156091075,-0.0035640052607065647,-4.823832831263308e-05,0.058795427746840136
45.08,1,-0.02529574787445083,0.0009709554874053938,0.0009054204934735423,0.00048675792892713746,0.013106618894748377
45.1,0,-0.008863440849517918,0.004219240609498703,-0.0035927122953434676,-4.60222256723139e-05,0.05911539075865416
45.1,1,-0.025278768091269083,0.0007251775681266841,0.001139463179527783,0.0004131011879467267,0.00973938476582685
45.12,0,-0.008778810460291855,0.004244093816553661,-0.0036227027892478084,-3.966803900496557e-05,0.05945698147075621
45.12,1,-0.025266803508006624,0.000470008044469288,0.001382072209211393,0.00033116002176145597,0.006248952600808577
45.14,0,-0.008693665768400817,0.004270637026334101,-0.0036539592400854854,-3.0088380460105424e-05,0.05981900674913751
45.14,1,-0.025260006884483006,0.0002089884027794407,0.0016298537639768934,0.0002418917250528365,0.0026839459138593338
45.160000000000004,0,-0.008607975332522156,0.004298620083092301,-0.0036864072863587736,-1.8498089126385564e-05,0.0601991792524186
45.160000000000004,1,-0.025258458191849097,-5.4150208548135204e-05,0.001879327640203941,0.00014701292566609257,-0.0009051158453399853
45.18,0,-0.008521713478729069,0.004327721455870022,-0.003719919829638673,-6.245355745095049e-06,0.0605943457379254
45.18,1,-0.02526216124691057,-0.00031553230212094804,0.0021269495650325667,4.884021692604448e-05,-0.004466292446619318
45.2,0,-0.008434861414508374,0.004357579786098814,-0.0037543221231472507,5.372933406754682e-06,0.06100074407197664
45.2,1,-0.025271041400123737,-0.0005711976488314768,0.0023691395036565316,-4.992771628648668e-05,-0.00794683936735419
45.22,0,-0.008347407712473363,0.004387824745311484,-0.0037893978867102915,1.5284153971666103e-05,0.061414262280389105
45.22,1,-0.025284944532391936,-0.0008171719739685262,0.002602317421105655,-0.00014645413623606482,-0.0112939534993233
45.24,0,-0.00825934821400913,0.0044181036571231055,-0.0038248966130720566,2.2775201352777386e-05,0.0618306759983707
45.24,1,-0.025303637545464795,-0.0010495449770360724,0.0028229475347898926,-0.0002380008684556567,-0.014455628810049359
45.26,0,-0.008170685466477192,0.004448101165425405,-0.003860542259892988,2.7569605488317328e-05,0.062245846710467345
45.26,1,-0.025326810453365965,-0.0012645517895713279,0.0030275914715333424,-0.0003221274529488817,-0.01738159760104971
45.28,0,-0.00808142785033813,0.004477550442674801,-0.0038960434678998986,2.9834898255247377e-05,0.06265587129919196
45.28,1,-0.025354080107087725,-0.001458654298975513,0.003212969964566512,-0.00039683039440686907,-0.020024329791250312
45.300000000000004,0,-0.007991588568705415,0.004506235843736844,-0.003931105314254052,3.011942202683568e-05,0.06305718239028898
45.300000000000004,1,-0.025384995519148402,-0.001628619383847903,0.003376031854949322,-0.00046061046186426924,-0.022340060912006375
45.32,0,-0.007901184659593647,0.0045339883023344804,-0.003965442418666615,2.9228855878235538e-05,0.06344660737680449
45.32,1,-0.025419044703083326,-0.0017715918740385391,0.0035140282777266665,-0.0005124675257247718,-0.024289818710814776
45.34,0,-0.007810236153109137,0.004560675917574573,-0.003998792994514336,2.8062384867095364e-05,0.06382140046117693
45.34,1,-0.025455662906925493,-0.0018851608066743333,0.0036245891032180588,-0.0005518333776566714,-0.025840417915783995
45.36,0,-0.007718765438834534,0.004586192899441511,-0.004030933209747993,2.743510843736252e-05,0.0641792654837438
45.36,1,-0.02549424209758,-0.0019674181575436646,0.0037057980536133023,-0.000578461776302535,-0.02696539242930877
45.38,0,-0.0076267968426285224,0.004610450210564666,-0.004061691025242834,2.791587593856462e-05,0.06451838707196676
45.38,1,-0.025534141540639023,-0.002017009586739391,0.003756262497938481,-0.0005923003919258811,-0.027645833822425595
45.4,0,-0.007534356348595248,0.004633370818266418,-0.004090958540786848,2.9707768059362982e-05,0.06483748368767048
45.4,1,-0.025574699312121394,-0.002033176805505106,0.003775173797360399,-0.000593370713073648,-0.027871104563997835
45.42,0,-0.007441471352512488,0.004654891511040037,-0.004118701823955993,3.2592133332065565e-05,0.06513588902122845
45.42,1,-0.02561524456910484,-0.0020157909657413623,0.0037623542537982666,-0.0005816792681540908,-0.02763939425222498
45.44,0,-0.007348170306973627,0.004674971880397563,-0.004144967238518337,3.5947339667767586e-05,0.06541365898589813
45.44,1,-0.025655110390434305,-0.00196537606843121,0.0037182872040765103,-0.0005571772457000496,-0.02695808771233689
45.46,0,-0.007254482121737014,0.004693609533951701,-0.004169883430358818,3.884166428166913e-05,0.06567169181104214
45.46,1,-0.025693646973748686,-0.0018831208983416444,0.0036441275659961857,-0.0005197768132925544,-0.025843915763490467
45.480000000000004,0,-0.007160435216467501,0.004710859137428051,-0.00419365836359573,4.018780859249213e-05,0.06591184011540022
45.480000000000004,1,-0.025730234940659992,-0.0017708775577624863,0.003541691122510379,-0.00046942251709474955,-0.02432286329158006
45.5,0,-0.007066056183342986,0.0047268517304025134,-0.004216571111736347,3.8936238991670036e-05,0.06613698798664351
45.5,1,-0.02576429846051781,-0.001631144428373483,0.0034134219471941207,-0.00040620659851443863,-0.022429815398714317
45.52,0,-0.006971368095391168,0.004741810132083685,-0.004238958475201196,3.427755048183989e-05,0.06635106429868975
45.52,1,-0.02579531785979686,-0.00146703144980638,0.0032623385392085325,-0.0003305093040833623,-0.020207930993205957
45.54,0,-0.006876388580925567,0.004756056285453307,-0.004261196889126088,2.582148382774402e-05,0.06655896651251855
45.54,1,-0.02582284134559031,-0.0012822060348040981,0.003091960358477914,-0.0002431404070784432,-0.01770774408017893
45.56,0,-0.006781127861291897,0.004770007119722377,-0.0042836804733244055,1.3722594139849165e-05,0.06676637708197342
45.56,1,-0.025846495445639547,-0.0010808187568620148,0.002906217449146455,-0.00014545687682869513,-0.014986005719239514
45.58,0,-0.006685587004822086,0.004784156874995328,-0.004306796428886011,-1.2703796458228556e-06,0.0669794666295804
45.58,1,-0.025865993761101182,-0.0008674090997683955,0.002709346644478371,-3.9434067580765286e-05,-0.012104293329176773
45.6,0,-0.0065897566733037274,0.004799045661539941,-0.0043308992744106635,-1.7853626746923423e-05,0.0672044928883061
45.6,1,-0.02588114364765601,-0.0006467929475171803,0.002505778413287222,7.232643656228735e-05,-0.00912742770180281
45.62,0,-0.006493616621478218,0.0048152160725623986,-0.004356285614481232,-3.4295104170942864e-05,0.06744732012004453
45.62,1,-0.025891850488928458,-0.00042393497372192926,0.00230001871478309,0.00018666094296389615,-0.0061217505750709045
45.64,0,-0.006397136153595786,0.0048331616423985665,-0.004383171224079795,-4.8635148566490705e-05,0.06771289814214643
45.64,1,-0.025898119303692034,-0.0002038104951787759,0.0020965302773680757,0.00029997882347908116,-0.003153325755981944
45.660000000000004,0,-0.006300275648329878,0.004853272546733816,-0.004411672201953084,-5.893541069981398e-05,0.06800475106497324
45.660000000000004,1,-0.02590005353179336,8.737482622117886e-06,0.0018996175305012934,0.00040845832596719985,-0.00028613356925755
45.68,0,-0.006202989144403047,0.004875784922888614,-0.004441791787294044,-6.354262303953293e-05,0.06832453154348013
45.68,1,-0.025897850966779525,0.0002091395248549342,0.0017133190366675315,0.0005082844472674968,0.002419668900701581
45.7,0,-0.0061052278484902845,0.004900740369672721,-0.00447341414915288,-6.133038060626012e-05,0.06867169555602434
45.7,1,-0.025891796936980713,0.0003932325451667095,0.0015413107421439459,0.0005959045426842304,0.004909351089649702
45.72,0,-0.006006944301238168,0.00492796149734274,-0.004506306056618565,-5.188406554985925e-05,0.06904334502834822
45.72,1,-0.025882254970843867,0.0005573775742852348,0.0013868227434815537,0.0006682747389455852,0.0071350113010477025
45.74,0,-0.005908096833687483,0.004957047887675097,-0.0045401268384522315,-3.560107228368914e-05,0.06943427149973504
45.74,1,-0.025869655305800012,0.000698556781839154,0.0012525716014264341,0.0007230710299591121,0.009056723915789046
45.76,0,-0.00580865387997706,0.004987394656555437,-0.004574446470425095,-1.3689637076132188e-05,0.06983721482885225
45.76,1,-0.02585448170285447,0.0008144452658229459,0.0011407095676734807,0.00075884298304775,0.010643390738473492
45.78,0,-0.005708597693613676,0.005018233246481323,-0.004608771021966458,1.1936724797212417e-05,0.0702433287259413
45.78,1,-0.025837257103292533,0.0009034547195805699,0.0010527914537294594,0.0007750946615239377,0.01187327141260404
45.800000000000004,0,-0.005607927048623001,0.005048691434721264,-0.0046425740924165,3.8857871821847134e-05,0.07064282221427584
45.800000000000004,1,-0.025818528704007648,0.0009647478726641514,0.0009897592845494033,0.0007722857484910601,0.01273418446880706
45.82,0,-0.005506658591687546,0.005077867163148455,-0.0046753323174101745,6.441462432418832e-05,0.07102572565975418
45.82,1,-0.0257988530318292,0.0009982244121872663,0.0009519443505654664,0.0007517548233545307,0.0132233869472672
45.84,0,-0.005404826638503071,0.005104908988284067,-0.004706562575609691,8.601156946909383e-05,0.07138271426650784
45.84,1,-0.02577878156602322,0.0010044807631018502,0.0009390857995727051,0.0007155751557102784,0.013347155527715626
45.86,0,-0.0053024813630565895,0.005129094954458864,-0.004735858221030598,0.00010141645246956876,0.07170591290995453
45.86,1,-0.025758847396072943,0.0009847475001360875,0.0009503644888361367,0.0006663602247690978,0.013120104777136129
45.88,0,-0.005199685494557357,0.005149901645437945,-0.004762921546060016,0.00010901794836682549,0.07198960508776442
45.88,1,-0.025739553315554616,0.0009408091792333452,0.000984450440750018,0.0006070406821062357,0.012564287827160597
45.9,0,-0.005096509794024777,0.0051670560847633575,-0.004787589773482715,0.00010800928195211362,0.0722307759047349
45.9,1,-0.02572136165062827,0.0008749119564289617,0.0010395619079741386,0.0005406362255075663,0.011708131164497898
45.92,0,-0.004993027712698994,0.005180564923547301,-0.004809852195722849,9.8475238421665e-05,0.07242943369124055
45.92,1,-0.025704686012218265,0.0007896644995549883,0.0011135337571205016,0.0004700447906192968,0.010585258203150542
45.94,0,-0.0048893097224315205,0.0051907177596922,-0.004829856620741162,8.137311144149756e-05,0.0725886755242493
45.94,1,-0.02568988505291647,0.0006879374296725537,0.0012038926314703322,0.0003978679015419675,0.009233256113873786
45.96,0,-0.004785417844149793,0.005198064179820501,-0.004847904020635147,5.8412192222578874e-05,0.07271448632526444
45.96,1,-0.02567725821044845,0.0005727659268513015,0.0013079361671908523,0.0003262855530708521,0.00769243742284737
45.980000000000004,0,-0.004681400880829009,0.005203366872111948,-0.0048644311643045186,3.1849514237500265e-05,0.07281528669532977
45.980000000000004,1,-0.025667043334949676,0.0004472592941648343,0.0014228134332763896,0.0002569874246137298,0.006004642693693949
46.0,0,-0.004577290789260627,0.005207535599025393,-0.0048799819843381945,4.229908180074238e-06,0.07290126847817543
46.0,1,-0.025659416031030096,0.00031452029932736437,0.0015456037639509236,0.00019116042743296847,0.004212123763150133
46.02,0,-0.0044731005094807656,0.005211548666930169,-0.004895169401189402,-2.1895394555014602e-05,0.07298357673157738
46.02,1,-0.025654490499309283,0.00017757610634770563,0.0016733912724431947,0.00012952640188166123,0.002356539086986218
46.04,0,-0.0043688234259581455,0.005216369592017775,-0.004910630217718326,-4.4236092882926625e-05,0.07307341038113178
46.04,1,-0.025652321635535495,3.9321656472403075e-05,0.0018033325895788093,7.24189045907403e-05,0.0004780842860229034
46.06,0,-0.004264434477312282,0.005222866851047142,-0.004926976417662436,-6.098420496319923e-05,0.07318112011962319
46.06,1,-0.02565290813679607,-9.752447681922333e-05,0.0019327157623137588,1.988493006371307e-05,-0.0013852276055328402
46.08,0,-0.004159892778836689,0.00523174394613845,-0.004944746675100742,-7.096549215438591e-05,0.07331538073809268
46.08,1,-0.025656196370874247,-0.00023045241044801918,0.002059008766353046,-2.82036941019366e-05,-0.003198130052170331
46.1,0,-0.004055145490286341,0.005243485632639453,-0.004964362048914299,-7.370765906709181e-05,0.07348250651601942
46.1,1,-0.025662084783160847,-0.00035718260708628586,0.002179896709768624,-7.204367280405632e-05,-0.004928512826403945
46.12,0,-0.003950132562698912,0.005258324265899163,-0.004986089662344206,-6.942405646476191e-05,0.07368596377905304
46.12,1,-0.025670428642253294,-0.0004756783542591557,0.0022933074942554183,-0.00011181034115280777,-0.00654768661847537
46.14,0,-0.003844791940209505,0.0052762280719223925,-0.005010017649421503,-5.892301259852878e-05,0.07392611601951202
46.14,1,-0.025681044957302186,-0.0005841507466537836,0.0023974264097210755,-0.00014759283718004945,-0.008030517615972923
46.160000000000004,0,-0.0037390647783731865,0.005296911003742676,-0.005036043816821204,-4.346208073628677e-05,0.07420021613313375
46.160000000000004,1,-0.025693717434612833,-0.0006810579193352687,0.002490700811843156,-0.00017935846975120767,-0.009355452400942554
46.18,0,-0.0036329002668126728,0.005319861949032006,-0.005063879383266438,-2.4572173047361645e-05,0.07450263945949545
46.18,1,-0.025708201375857182,-0.0007651002557468745,0.0025718366149428775,-0.0002069461735565714,-0.010504457406899672
46.2,0,-0.0035262597041837325,0.005344389587699445,-0.005093067908367522,-3.878096768404615e-06,0.07482533232456065
46.2,1,-0.025724228453906917,-0.0008352132022939074,0.002639788772056652,-0.00023008523861424782,-0.011462899593500456
46.22,0,-0.003419119557705234,0.005369678267805047,-0.005123018218132788,1.7060568853206892e-05,0.07515843518041745
46.22,1,-0.02574151133357468,-0.0008905591774979835,0.0026937481683409173,-0.0002484327308868023,-0.012219395754084966
46.24,0,-0.003311473336732644,0.005394849898074061,-0.005153048894565665,3.687035619244494e-05,0.0754910282168444
46.24,1,-0.02575974813251026,-0.0009305198767944715,0.002733127395672838,-0.00026162143410656327,-0.012765656841016038
46.26,0,-0.0032033322092662577,0.005419026993180194,-0.005182440839127883,5.443697373305051e-05,0.07581194093078966
46.26,1,-0.02577862674131209,-0.0009546900462891079,0.002757547696719483,-0.00026930981764342055,-0.013096350830404089
46.28,0,-0.0030947243827573368,0.005441392542279497,-0.005210493647940651,6.893006899325732e-05,0.0761105655229197
46.28,1,-0.025797829040754845,-0.0009628735290980293,0.0027668289773104264,-0.0002712263828906422,-0.013209003024481768
46.300000000000004,0,-0.002985693349599503,0.005461243156645651,-0.005236581129234129,7.978751708089676e-05,0.07637761667595822
46.300000000000004,1,-0.02581703506705285,-0.0009550820755571107,0.002760984218111404,-0.0002672025356463721,-0.013103946522153177
46.32,0,-0.00287629515977197,0.005478032837679449,-0.005260201296238102,8.667321020344732e-05,0.07660578651730884
46.32,1,-0.02583592718244567,-0.0009315370568035668,0.002740218919399079,-0.0002571905530542526,-0.012784328242195685
46.34,0,-0.00276659492758975,0.00549140556181642,-0.005281016588300692,8.942535081522124e-05,0.07679025251461466
46.34,1,-0.025854194307403384,-0.0008926738397122744,0.0027049354485511605,-0.00024126589182948965,-0.012256167864142353
46.36,0,-0.0026566628079890187,0.005501215614662098,-0.005298880876402516,8.801176382257359e-05,0.07692900684144681
46.36,1,-0.025871536261970356,-0.0008391481872306462,0.002655741398657318,-0.00021961565099847327,-0.011528458970230571
46.38,0,-0.00254656969308564,0.005507535185461853,-0.005313850926075112,8.250496916437089e-05,0.07702298762730157
46.38,1,-0.02588766824718289,-0.0007718436661574186,0.0025934603793978405,-0.00019251713090849554,-0.010613294195295367
46.4,0,-0.0024363828849705872,0.00551064916873975,-0.0053261813201959714,7.308349732115804e-05,0.07707600486503534
46.4,1,-0.025902325473634368,-0.000691878703626453,0.00251914311322379,-0.00016031186963582494,-0.009525989981134516
46.42,0,-0.0023261619982116464,0.005511037467640043,-0.005336303264745874,6.005842115335697e-05,0.07709446612580725
46.42,1,-0.025915267914254768,-0.0006006116649183869,0.0024340763540804363,-0.00012338113299303552,-0.008285182175864379
46.44,0,-0.0022159553363202667,0.0055093454306583715,-0.00534478908228586,4.391677044744691e-05,0.07708691925876976
46.44,1,-0.025926285123958306,-0.0004996421575373055,0.002339787018518064,-8.212853511384288e-05,-0.006912861670408433
46.46,0,-0.0021057969699355204,0.005506343457084914,-0.005352305414778165,2.5367811179483057e-05,0.0770634405880093
46.46,1,-0.02593520103225433,-0.0003908067227989571,0.0022380390356257973,-3.69743263392841e-05,-0.005434319792846115
46.480000000000004,0,-0.0019957047187509048,0.005502877330408656,-0.005359559100108288,5.3752527271258566e-06,0.07703490737299407
46.480000000000004,1,-0.02594187857885286,-0.0002761671708649135,0.002130820776560276,1.1635950441107185e-05,-0.0038779763425498964
46.5,0,-0.0018856792016548258,0.005499811495604899,-0.005367240272927829,-1.4841042087918033e-05,0.07701220198055651
46.5,1,-0.025946224029552455,-0.00015799005221749622,0.0020203214892232186,6.320804426382907e-05,-0.0022750687753087754
46.52,0,-0.0017757040678181477,0.005497968246900132,-0.005375967422428638,-3.384626260861251e-05,0.07700540171921047
46.52,1,-0.02594819078307129,-3.871613122336578e-05,0.00190889589332334,0.00011716294316417575,-0.0006591887802912949
46.54,0,-0.0016657474544790626,0.005498066548003792,-0.005386238908008144,-5.00802472699971e-05,0.07702301191932309
46.54,1,-0.02594778246153284,7.90807810025035e-05,0.0017990169263463233,0.00017279272067536808,0.0009343382133596805
46.56,0,-0.0015557646360863607,0.005500664838669505,-0.005398394817500188,-6.19921698579648e-05,0.07707129991123104
46.56,1,-0.02594505507018697,0.0001927456915071985,0.0016932175045158947,0.0002292148370681684,0.002469224844032612
46.58,0,-0.0014457017381932947,0.0055061125434421754,-0.005412592115235998,-6.820787165340292e-05,0.07715378347984386
46.58,1,-0.02594011801722172,0.00029960439590742417,0.0015940230055574817,0.00028533280164348175,0.003909128741060456
46.6,0,-0.0013355002948583846,0.0055145149529349105,-0.00542879485953877,-6.770949365621226e-05,0.07727091883474496
46.6,1,-0.025933133803137085,0.00039703428294322543,0.0015038769273138977,0.0003398115702313194,0.005218668390973838
46.62,0,-0.0012251023395467415,0.005525715594361663,-0.005446779980036892,-6.000186949997599e-05,0.07742002019056325
46.62,1,-0.025924316221352883,0.0004825420283880369,0.001425062773276729,0.0003910755009769208,0.0063645128964555965
46.64,0,-0.0011144556473048212,0.005539299107509603,-0.005466157810075055,-4.523874161057456e-05,0.07759542624674501
46.64,1,-0.025913926957039635,0.0005538456011786958,0.0013596256223444483,0.0004373350861421911,0.007316503330359549
46.660000000000004,0,-0.0010035187009829589,0.005554616034400647,-0.005486405380173749,-2.4284770903194863e-05,0.07778890925251225
46.660000000000004,1,-0.025902270528423112,0.000608957448233114,0.0013092970318668313,0.00047664609648805957,0.008048758178775534
46.68,0,-0.0008922649455573089,0.005570828938331667,-0.005506909492587081,1.3036474334413017e-06,0.07799030148920988
46.68,1,-0.02588968758215934,0.0006462652779780319,0.001275426894209375,0.000507001414232178,0.008540712477460266
46.7,0,-0.0007806859279815784,0.005586977088293706,-0.005527015890082851,2.9385423485191187e-05,0.07818829381262668
46.7,1,-0.025876546629276357,0.0006646065590712489,0.0012589256283032529,0.0005264519969833351,0.00877803983001415
46.72,0,-0.0006687929967772305,0.005602054828683452,-0.0055460804520401615,5.742413811442304e-05,0.07837134346345391
46.72,1,-0.02586323438745714,0.0006633327215308846,0.0012602196637921516,0.0005332495035326838,0.008753408597899703
46.74,0,-0.0005566173517597442,0.005615096973783726,-0.005563518315533597,8.274193187103596e-05,0.07852861570110113
46.74,1,-0.025850144975318002,0.0006423591209123127,0.001279222601885882,0.0005259995719283633,0.008467028120844015
46.76,0,-0.0004442083805701135,0.0056252633771010805,-0.005578847116072447,0.00010280963691537692,0.07865087764249976
46.76,1,-0.0258376682805215,0.0006021971254782701,0.001315323755612748,0.0005038120273763765,0.007926947729319405
46.78,0,-0.00033163038108982454,0.00563191442759868,-0.005591721133010827,0.00011553787157005113,0.07873126411481146
46.78,1,-0.02582617789137149,0.0005439652260773727,0.001367395026468274,0.0004664328221337822,0.007149080342949438
46.800000000000004,0,-0.00021895793024785293,0.005634669730309491,-0.0056019539474585775,0.00011953151483246743,0.0787658447095004
46.800000000000004,1,-0.025816019036116154,0.0004693768506713432,0.0014338163060992114,0.00041434257933580486,0.006156933330062998
46.82,0,-0.00010627030189918143,0.005633443639532588,-0.005609528199653792,0.00011427292820197915,0.07875393802525424
46.82,1,-0.025807497010800345,0.00038070357542987354,0.0015125188371547585,0.00034880838269225195,0.004981041673325977
46.84,0,6.354557769269036e-06,0.005628453512642302,-0.005614592084023506,0.00010020727921621064,0.07869814189777602
46.84,1,-0.025800866590918126,0.0002807136272815816,0.001601045256324005,0.0002718788897800445,0.0036581118921620998
46.86,0,0.00011884593316131335,0.005620199316377065,-0.005617443258572155,7.871537121503791e-05,0.07860407505806388
46.86,1,-0.025796322910989735,0.00017258691218325793,0.0016966243968353637,0.00018631770763548328,0.002229899062930127
46.88,0,0.00023114555907772035,0.0056094162362491625,-0.005618501791615599,5.1973891973797204e-05,0.07847985341551447
46.88,1,-0.025793994257541607,5.9809201375588584e-05,0.00179625836235496,9.547581734303638e-05,0.000741853001915203
46.9,0,0.00034321165863282276,0.005597004858317426,-0.005618274555381756,2.2717949866100928e-05,0.07833535006657785
46.9,1,-0.02579393715455989,-5.3950530847881905e-05,0.0018968189089671684,3.1100695550619756e-06,-0.0007584175014254072
46.92,0,0.00045502141755661294,0.005583945955724481,-0.005617314050301375,-6.065953259949686e-06,0.0781813093334027
46.92,1,-0.025796134028105315,-0.00016497440616566536,0.0019951497932391067,-8.683930453856799e-05,-0.002222802381780747
46.94,0,0.0005665716722774679,0.005571208612170092,-0.005616174971790686,-3.147868120542685e-05,0.07802839925158671
46.94,1,-0.02580049362236795,-0.00026963539922823955,0.0020881714678046663,-0.0001704943311489869,-0.0036044012580463657
46.96,0,0.0006778777727436668,0.005559661132560242,-0.005615371898277633,-5.103647364990138e-05,0.07788629232949329
46.96,1,-0.025806854209034853,-0.0003645357560779356,0.002172984337936193,-0.0002442870315096223,-0.004859213553581475
46.980000000000004,0,0.0007889707681204735,0.0055499938297537705,-0.005615341289729992,-6.294683577331289e-05,0.07776286045232611
46.980000000000004,1,-0.025814989493244327,-0.00044663708606919485,0.0022469667416953163,-0.00030518715723931375,-0.005947732047729415
47.0,0,0.0008998932328597402,0.00554266137359678,-0.005616410562576145,-6.629770642568172e-05,0.07766355693678059
47.0,1,-0.02582461698164488,-0.0005133754192310042,0.002307863892993818,-0.0003508891744827443,-0.0068363666947513155
47.02,0,0.00101069418285055,0.005537850114571538,-0.005618776387946412,-6.113682219884009e-05,0.07759103842620038
47.02,1,-0.025835408450705994,-0.0005627552766815049,0.002353864242624373,-0.0003799414637529197,-0.0074986324097881495
47.04,0,0.0011214236116553662,0.005535472930474518,-0.005622493596541827,-4.8432856643479405e-05,0.07754505388328674
47.04,1,-0.025847002045634514,-0.0005934179933766411,0.0023836600770372287,-0.0003918064371931443,-0.00791604547007983
47.06,0,0.0012321271968818684,0.005535191045630587,-0.005627475225102901,-2.9925657865255417e-05,0.07752260029669347
47.06,1,-0.025859015459989355,-0.0006046810768641956,0.002396489693952531,-0.00038684741037632933,-0.008078687665722409
47.08,0,0.0013428416856540557,0.00553645932018309,-0.005633503371272047,-7.887514795669459e-06,0.07751831799735892
47.08,1,-0.025871059599260737,-0.0005965471623103096,0.0023921591657225447,-0.0003662457757447231,-0.007985414496599612
47.1,0,0.0014535913725278377,0.005538589060030022,-0.00564024970105259,1.5171199105941391e-05,0.07752507564131436
47.1,1,-0.02588275212149915,-0.0005696829863520225,0.0023710425128733053,-0.00033185937510059674,-0.007643702433827719
47.12,0,0.0015643859461672155,0.005540820742881485,-0.0056473037376067944,3.68120100064373e-05,0.07753467839033434
47.12,1,-0.025893730274685226,-0.0005253705928350466,0.002334060035712194,-0.0002860390372025831,-0.0070691492624880715
47.14,0,0.00167521982048158,0.005542398371192658,-0.005654206505116257,5.495297277559319e-05,0.07753862422392162
47.14,1,-0.025903662510952486,-0.0004654345509076831,0.0022826355517878297,-0.00023142424931521521,-0.006284659463392347
47.160000000000004,0,0.0017860729018353138,0.005542637496599162,-0.005660486747959039,6.8091691398528e-05,0.07752883326098975
47.160000000000004,1,-0.025912258446214365,-0.00039215018212073745,0.0022186343090127014,-0.00017074033486343468,-0.00531936221482689
47.18,0,0.0018969125961056574,0.005540980227247455,-0.005665696819133333,7.54401548516831e-05,0.07749828302661269
47.18,1,-0.025919276842205612,-0.0003081385678024258,0.0021442843260623705,-0.00010661811328319462,-0.004207321835950767
47.2,0,0.0020076967445685928,0.005537032524397466,-0.0056694454404139505,7.695796016890522e-05,0.07744149738139562
47.2,1,-0.025924531407086317,-0.00021625439873192997,0.0020620847854711387,-4.145299636869673e-05,-0.0029861085858783228
47.22,0,0.002118377107585989,0.005530581525399983,-0.005671424868960383,7.328514887019327e-05,0.07735485620672958
47.22,1,-0.02592789433091161,-0.00011947254600777461,0.001974705803413656,2.2685636385365998e-05,-0.001695301280494211
47.24,0,0.002228902995224095,0.005521593159048569,-0.005671430531263606,6.558989210678212e-05,0.07723671433457317
47.24,1,-0.025929297584485565,-2.0778634856181968e-05,0.0018848843635586928,8.4091308674792e-05,-0.00037499219666134107
47.26,0,0.00233922467282498,0.005510192611670372,-0.005669371859166489,5.535760393966804e-05,0.07708733895944554
47.26,1,-0.02592873210706531,7.693200719303155e-05,0.0017953213847399032,0.0001414076899978866,0.0009356404107045534
47.28,0,0.0024492962394761925,0.005496631972533609,-0.005665273825049722,4.415515212530252e-05,0.07690869246334522
47.28,1,-0.025926245085044076,0.00017094375217777843,0.0017085847676335596,0.00019357709615732722,0.002199635434331571
47.300000000000004,0,0.0025590777756821425,0.005481250436553829,-0.005659269457043761,3.3405744411539595e-05,0.07670410036734207
47.300000000000004,1,-0.025921935577778017,0.0002587962925771299,0.0016270228325466734,0.00023976608697761498,0.0033833820091022024
47.32,0,0.002668536667848649,0.0054644326834223786,-0.00565158435126833,2.4206659002663777e-05,0.07647785090891063
47.32,1,-0.025915948778462684,0.00033834541587851564,0.001552691843384685,0.00027928642561106214,0.004457549396688158
47.34,0,0.0027776481254046183,0.005446570516335646,-0.005642514822081955,1.7213922478144517e-05,0.07623477330622089
47.34,1,-0.025908469210056174,0.0004078087530432767,0.0014873003618898833,0.00031152919950403445,0.005397793343101842
47.36,0,0.0028863949971968633,0.005428031670250652,-0.005632401789383258,1.2606664670185286e-05,0.07597983671883893
47.36,1,-0.025899713152990184,0.00046579696356761294,0.0014321720631435843,0.00033592661048328747,0.006185230879463292
47.38,0,0.002994767056579678,0.005409138111873475,-0.005621602756544129,1.0131015595257753e-05,0.07571780255063339
47.38,1,-0.025889920587921573,0.0005113312016158576,0.0013882274555807091,0.0003519503064151816,0.006806686516206825
47.4,0,0.0031027599537402583,0.0053901544204881914,-0.005610464266021082,9.211058139897699e-06,0.07545295082869477
47.4,1,-0.025879346918068664,0.0005438478556111551,0.0013559837813678973,0.0003591479998190355,0.007254721978737137
47.42,0,0.003210374029106444,0.005371285233289865,-0.0055992970364455216,9.104392463626931e-06,0.07518888887359448
47.42,1,-0.02586825471583992,0.0005631915315606229,0.0013355713192136787,0.0003572125975001509,0.0075274688443485675
47.44,0,0.0033176131481775927,0.005352679496808469,-0.0055883556108605615,9.073775724149913e-06,0.07492843917959442
47.44,1,-0.025856905720046525,0.0005695971458267564,0.0013267634537466057,0.00034607133699027064,0.007628288704584317
47.46,0,0.0034244836648530284,0.00533443855164327,-0.005577823825236729,8.544917272299002e-06,0.07467359480573348
47.46,1,-0.025845553293697983,0.0005636619002787967,0.0013290172764278611,0.000325977590097613,0.007565289013805539
47.480000000000004,0,0.0035309935587340977,0.005316624962164571,-0.0055678067977025,7.223930601547857e-06,0.07442552553970244
47.480000000000004,1,-0.025834435537112628,0.0005463079146930868,0.0013415211798624034,0.00029758589333211787,0.007350724912371098
47.5,0,0.0036371517337938824,0.00529926945721299,-0.0055583295075724145,5.155514380968118e-06,0.07418461688660088
47.5,1,-0.025823769234327127,0.0005187364434403081,0.0013632459085307965,0.00026199184663416863,0.007000318361530146
47.52,0,0.0037429674215773774,0.005282374252333024,-0.005549341444668986,2.7133644369611853e-06,0.07395052616822537
47.52,1,-0.025813744789319453,0.00048237492255286883,0.0013929958131743204,0.00022072275543059787,0.006532526160309566
47.54,0,0.003848449608925473,0.005265912190916448,-0.005540726321624549,5.258895060256119e-07,0.07372224478332425
47.54,1,-0.025804522279229643,0.0004388185521550479,0.0014294575756997414,0.00017567175536870386,0.005967787974801967
47.56,0,0.003953606411152498,0.005249822347888679,-0.005532315498980897,-6.488520692751742e-07,0.07349816172251078
47.56,1,-0.02579622871239403,0.00038976865000771033,0.0014712443583709402,0.00012897670245353744,0.005327784397654408
47.58,0,0.004058444335196596,0.0052340037646533815,-0.005523903600567092,-7.668379767289402e-08,0.07327612938894501
47.58,1,-0.02578895652911273,0.00033697051596186695,0.001516934104615318,8.285407948393012e-05,0.004634733143982207
47.6,0,0.004162967417968331,0.005218309645615398,-0.005515264799405118,2.797632456121024e-06,0.07305353740615944
47.6,1,-0.025782763324303095,0.0002821539114627006,0.0015651014952164464,3.9406184602479646e-05,0.003910748575875327
47.62,0,0.004267176274396035,0.005202544529589999,-0.005506168416006726,8.220932280929294e-06,0.07282740248197905
47.62,1,-0.025777672707449534,0.0002269793754517946,0.0016143437653648584,4.2563199180271905e-07,0.0031772856243333213
47.64,0,0.004371067137482071,0.0051864666231492,-0.00549639275704813,1.6050631448522035e-05,0.07259448209264027
47.64,1,-0.025773676152359447,0.00017299338652969356,0.0016633011517594258,-3.2776308155887945e-05,0.002454683719571596
47.660000000000004,0,0.004474631009290521,0.005169796704646593,-0.0054857364856370485,2.573703771206748e-05,0.07235141682734023
47.660000000000004,1,-0.0257707356342145,0.00012159480289585321,0.0017106731220009525,-5.949234282960972e-05,0.0017618195833715537
47.68,0,0.004577853059373311,0.005152233911335911,-0.005474027200826328,3.637350325373656e-05,0.07209490125544903
47.68,1,-0.025768786811531875,7.401408318989833e-05,0.0017552317221252636,-7.967276855980372e-05,0.0011158699332183813
47.7,0,0.0046807124011613846,0.005133477495283005,-0.0054611272606019485,4.6807843348081746e-05,0.07182187709061398
47.7,1,-0.025767742492263317,3.130558813583037e-05,0.001795833367701203,-9.389855527242551e-05,0.0005321767891740495
47.72,0,0.0047831823467817365,0.005113252486303627,-0.005446937164062387,5.57984290795524e-05,0.07152973637917123
47.72,1,-0.02576749613065595,-5.648087322205537e-06,0.0018314302263205023,-0.0001032730923398971,2.4199869829020365e-05
47.74,0,0.004885231190213703,0.0050913363288743515,-0.005431396983410904,6.219101335099009e-05,0.07121651759088993
47.74,1,-0.02576792513600517,-3.612213312759908e-05,0.0018610820375516378,-0.0001092432370343125,-0.0003964666267520737
47.76,0,0.004986823504810172,0.00506758311687915,-0.005414486390800991,6.508883495219553e-05,0.0708810748013559
47.76,1,-0.02576889383385686,-5.952940693161514e-05,0.00188396884273077,-0.00011337086633434607,-0.0007200408307082642
47.78,0,0.005087921873499418,0.005041942117709789,-0.005396223764095187,6.398941205192771e-05,0.07052320023588513
47.78,1,-0.025770255998790455,-7.539845114348421e-05,0.0018994047050980326,-0.0001170842217133889,-0.0009384940942953907
47.800000000000004,0,0.005188488908805341,0.005014467855648088,-0.005376664702009683,5.886652987150548e-05,0.07014368344920172
47.800000000000004,1,-0.02577185696674521,-8.335416446764602e-05,0.001906852138890167,-0.00012144266241495907,-0.0010455156401320866
47.82,0,0.005288489374699148,0.004985320031542554,-0.005355900069643533,5.018442064271683e-05,0.06974429602095303
47.82,1,-0.025773535422896204,-8.310531329615757e-05,0.001905936670791576,-0.00012694820898017344,-0.001036526177166033
47.84,0,0.005387892200386969,0.004954752841073689,-0.00533405347494841,3.8841663070443566e-05,0.0693276981119612
47.84,1,-0.02577512503650698,-7.444214747642012e-05,0.001896460750350743,-0.00013343229813323094,-0.0009087577665366515
47.86,0,0.005486672181113483,0.004923094623113052,-0.00531127789149935,2.605321185265852e-05,0.06889727151173007
47.86,1,-0.025776456165925225,-5.724595755444645e-05,0.0018784161133370441,-0.0001400369924844276,-0.0006614064132778215
47.88,0,0.005584811192525859,0.004890720016198261,-0.005287751033401486,1.3188475840357483e-05,0.0684568917509353
47.88,1,-0.025777357876247287,-3.151063104633405e-05,0.0018519936749577597,-0.000145297630743663,-0.0002958512039050124
47.9,0,0.005682298798721923,0.004858017739110741,-0.005263669082650691,1.5899945813094285e-06,0.06801065835296907
47.9,1,-0.025777660494165317,2.6256536567260438e-06,0.001817590069301185,-0.00014732018637728106,0.00018407933757144668
47.92,0,0.0057791322021705765,0.004825357605286113,-0.005239238479414839,-7.600017815793947e-06,0.06756260649182136
47.92,1,-0.025777198868761723,4.484227050271228e-05,0.0017758100330989683,-0.00014403330916909832,0.0007718250962070704
47.94,0,0.005875315556583552,0.004793060365836542,-0.005214665704254288,-1.3579590632452343e-05,0.06711642471234402
47.94,1,-0.025775816418123397,9.459666328067862e-05,0.001727463932406194,-0.00013348403925359138,0.0014578373251830905
47.96,0,0.005970858731388696,0.00476137346829667,-0.005190145282537023,-1.597333398812434e-05,0.0666752018901415
47.96,1,-0.02577336992883541,0.00015108957380213463,0.0016735598326569321,-0.00011413911920423771,0.0022293931524341223
47.980000000000004,0,0.006065775669661892,0.004730454910351105,-0.005165846584186848,-1.4853882019258413e-05,0.06624122262693473
47.980000000000004,1,-0.025769734951559903,0.00021324120433507235,0.001615289608322894,-8.515178717418727e-05,0.0030705286478652
48.0,0,0.006160082513662226,0.00470036621255014,-0.00514190032548774,-1.0697533732090259e-05,0.06581582450943405
48.0,1,-0.025764811516033954,0.00027968395025094913,0.00155400868236392,-4.655732971289156e-05,0.00396213263322618
48.02,0,0.006253795680375445,0.004671074318490232,-0.005118385950077154,-4.283580920728947e-06,0.06539932403978399
48.02,1,-0.025758529788240336,0.00034877601141242094,0.0014912090930301405,6.308369777611317e-07,0.0048822333227961315
48.04,0,0.006346930054422756,0.004642461145342104,-0.005095321224291768,3.4444745637268737e-06,0.06499101156022573
48.04,1,-0.025750855224850912,0.0004186382548441103,0.0014284857292765098,5.4440276418885394e-05,0.0058064952913986605
48.06,0,0.006439497431624691,0.004614338713906953,-0.005072655390349139,1.1531980717044421e-05,0.0645892100139803
48.06,1,-0.02574179275547106,0.0004872143695945845,0.001367495781477621,0.00011207467976990897,0.006708926494554273
48.08,0,0.006531505300441776,0.004586467392965102,-0.005050267059812987,1.915498228569068e-05,0.06419138851922573
48.08,1,-0.02573138954701846,0.0005523518958110969,0.0013099117428013278,0.000170150696777744,0.0075627758445776135
48.1,0,0.006622955998915409,0.004558574833489592,-0.005027967701056711,2.5727926487868757e-05,0.0637943197423664
48.1,1,-0.02571973597640239,0.0006118994135732674,0.0012573686797035298,0.00022500866473638623,0.008341583125289358
48.120000000000005,0,0.006713846240027537,0.004530373604102669,-0.005005511101870536,3.096063563869794e-05,0.06339426982179866
48.120000000000005,1,-0.025706964551491043,0.0006638133162480311,0.0012114069630479785,0.00027305967932654725,0.00902032674814589
48.14,0,0.006804166965502691,0.0045015762618164645,-0.004982608616030569,3.4857003252612706e-05,0.06298721066217788
48.14,1,-0.025693246665126894,0.0007062663890608854,0.0011734121908714616,0.00031112672696298124,0.009576602719889412
48.160000000000004,0,0.00689390347122274,0.004471907445406736,-0.004958949390197337,3.765812207715685e-05,0.06256904611361713
48.160000000000004,1,-0.0256787872279893,0.0007377500059638394,0.0011445545969818586,0.0003367386066252358,0.009991761476868513
48.18,0,0.006983035747470602,0.004441113386540709,-0.0049342241833539,3.974229604297025e-05,0.06213584511552696
48.18,1,-0.02566381738690519,0.0007571621870881756,0.0011257307670165476,0.00034834198528046773,0.010251928633953992
48.2,0,0.007071538991562951,0.004408969831540611,-0.004908150904273563,4.150198665080901e-05,0.061684075654917736
48.2,1,-0.025648585679504374,0.0007638749616107876,0.0011175109052831802,0.000345408228505587,0.010348841234045439
48.22,0,0.007159384273554082,0.004375289631512858,-0.004880499664760494,4.322190404358606e-05,0.061210832937136424
48.22,1,-0.025633348089875666,0.000757776299137372,0.001120095139383917,0.0003284260247111894,0.01028044216321202
48.24,0,0.007246539360231885,0.004339931132152841,-0.0048511150239763726,4.498243735121671e-05,0.06071405341278855
48.24,1,-0.02561835754298748,0.0007392840776494794,0.0011332823506004675,0.0002987862262558878,0.010051190860836822
48.26,0,0.0073329697208106125,0.004302807995062869,-0.00481993320730456,4.660837471347212e-05,0.060192703556166696
48.26,1,-0.025603853403006246,0.0007093318794283782,0.0011564547291476083,0.00025857955852878235,0.009672066753468512
48.28,0,0.00741863974291353,0.004263900303510185,-0.004786992422578409,4.76750379791932e-05,0.0596469292111634
48.28,1,-0.02559005152264065,0.0006693285779985763,0.0011885806537365433,0.00021033886082551245,0.009160261231154557
48.300000000000004,0,0.007503514175507357,0.004223265901732055,-0.004752434942527324,4.75738021867983e-05,0.05907814882206197
48.300000000000004,1,-0.02557713533273152,0.0006210954638269003,0.001228237595681258,0.000156763750191349,0.008538572743385256
48.32,0,0.0075875597857676304,0.004181050077932442,-0.00471650032735776,4.562814690658307e-05,0.058489072944147597
48.32,1,-0.025565248373056126,0.0005667858851373843,0.0012736555948184766,0.00010046617316296358,0.007834536218760416
48.34,0,0.007670747172664547,0.004137491119172898,-0.004679509959678654,4.124170279198175e-05,0.057883633965628595
48.34,1,-0.025554488558818478,0.0005087929705537374,0.0013227805261838896,4.377019775415186e-05,0.007079331389998174
48.36,0,0.0077530526281826785,0.004092919101311122,-0.00464184387836693,3.4052874700679636e-05,0.05726681454365503
48.36,1,-0.025544904365350177,0.0004496509647054229,0.001373354977461062,-1.14105875096953e-05,0.006306524093385614
48.38,0,0.007834459886956626,0.004047745625810908,-0.0046039116480811465,2.4067787586637412e-05,0.05664437097376607
48.38,1,-0.02553649300779631,0.000391935146695571,0.0014230132088996204,-6.360801473181445e-05,0.00555070006846981
48.4,0,0.007914961567265465,0.004002443089891118,-0.004566119611754124,1.1745130591690744e-05,0.05602245812788396
48.4,1,-0.025529200601926285,0.0003381643828715342,0.0014693854947580038,-0.00011175115755637614,0.004846052517757856
48.42,0,0.007994560090645957,0.0039575133964378706,-0.004528837282223483,-1.987155176311206e-06,0.0554071747053065
48.42,1,-0.02552292422180062,0.0002907092965272452,0.001510206263590781,-0.00015505319007412706,0.004224983341455558
48.44,0,0.008073267881223605,0.003913447608568142,-0.004492365793096454,-1.5793351086382246e-05,0.05480405987104037
48.44,1,-0.025517515720721477,0.0002517080281749636,0.0015434199561137462,-0.00019286197033976937,0.0037167743647892604
48.46,0,0.008151106692557463,0.003870679699191621,-0.004456911228320162,-2.8067357621057443e-05,0.054217583146303754
48.46,1,-0.025512787150637605,0.00022299078932776459,0.0015672784622785985,-0.00022450881407426113,0.0033463798646629662
48.480000000000004,0,0.008228105987678385,0.0038295389754243007,-0.004422565290256648,-3.713120998724215e-05,0.05365067686592745
48.480000000000004,1,-0.02550851759590294,0.00020601399769731312,0.0015804244007646005,-0.0002491900087180747,0.003133385976480458
48.5,0,0.008304300400160612,0.0037902067171722968,-0.004389295177266257,-4.146902057741361e-05,0.05310436306098956
48.5,1,-0.025504461222377994,0.00020180475942276332,0.0015819553377758636,-0.00026590993079860827,0.0030911765627172957
48.52,0,0.008379726418947126,0.003752682854600217,-0.004356943775082524,-3.99632339025853e-05,0.05257752319830562
48.52,1,-0.02550035632481104,0.00021091678540946027,0.0015714652399120466,-0.0002735039851549728,0.003226338980887415
48.54,0,0.008454418552419674,0.003716768002213338,-0.004325240389024368,-3.209743146737054e-05,0.0520668494624541
48.54,1,-0.025495935128518995,0.00023339936758614614,0.0015490609159051004,-0.0002707455798207723,0.0035383367260268164
48.56,0,0.00852840532174074,0.0036820648596040013,-0.004293821333537594,-1.809265666477891e-05,0.0515670006911208
48.56,1,-0.02549093406301612,0.0002687816147343756,0.001515352799072925,-0.00025652613485695544,0.004019468741138215
48.58,0,0.008601705494693775,0.0036480009908844424,-0.004262258831593603,1.0478623827664402e-06,0.05107096600999943
48.58,1,-0.025485104176760847,0.000316074550460575,0.0014714210218500488,-0.00023008308220605692,0.004655126788654106
48.6,0,0.008674324987340071,0.00361387252650111,-0.004230095934632443,2.3598636750700452e-05,0.050570616734264835
48.6,1,-0.02547822130901028,0.00037379371475892954,0.0014187592060632373,-0.00019124020874997268,0.005424352215374987
48.620000000000005,0,0.008746254825320682,0.003578905696347089,-0.004196884618745897,4.7274955868686214e-05,0.05005740479299056
48.620000000000005,1,-0.025470095585718222,0.00044000444136402304,0.0013591996263914957,-0.00014061931857048057,0.0063006814976668025
48.64,0,0.008817470469677516,0.0035423306498836007,-0.00416222389328188,6.948253105079627e-05,0.04952314656731961
48.64,1,-0.025460579772452054,0.0005123909401865272,0.0012948243174352504,-7.978308287358467e-05,0.0072532562454849635
48.660000000000004,0,0.008887932680772205,0.003503460091646701,-0.004125794702767901,8.76240625377056e-05,0.04896081722051611
48.660000000000004,1,-0.025449576009765162,0.0005883487286326236,0.0012278672406999893,-1.127621955429245e-05,0.00824815842041102
48.68,0,0.00895758993180116,0.003461764150251602,-0.004087388618816817,9.942368594407364e-05,0.048365274417578354
48.68,1,-0.02543704048504526,0.0006650979584553981,0.001160612798417386,6.145505558685822e-05,0.009249916362788714
48.7,0,0.009026382209016892,0.0034169328003058564,-0.004046927790082008,0.00010322617607538484,0.04773383302820661
48.7,1,-0.025422985665740888,0.0007398129941364636,0.0010952958039903327,0.00013426875401713074,0.01022311316389336
48.72,0,0.009094245870193331,0.003368918135984171,-0.004004474309123783,9.82297231193821e-05,0.04706662418065901
48.72,1,-0.025407479833204818,0.000809761492875199,0.0010340075504850278,0.00020264338691917873,0.011134017513333606
48.74,0,0.009161119097156376,0.0033179507767629604,-0.003960228011053201,8.46189085465035e-05,0.046366691966134944
48.74,1,-0.02539064380948772,0.000872444515218624,0.0009786119348436553,0.0002620732456920941,0.011952149967368642
48.76,0,0.009226947390475181,0.00326452745775998,-0.003914512672069019,6.357719507431997e-05,0.0456398072135654
48.76,1,-0.025372644950713667,0.0009257281375613735,0.0009306747802266213,0.0003084979491591302,0.0126516959767001
48.78,0,0.009291688527393123,0.0032093700953732406,-0.0038677515498616428,3.7174082277744575e-05,0.04489400725294762
48.78,1,-0.025353688674629123,0.0009679568568650637,0.000891408632829026,0.00033871409054406654,0.013212681905566823
48.800000000000004,0,0.009355316443225015,0.0031533599288715132,-0.003820434122744017,8.138864504982773e-06,0.04413890013969621
48.800000000000004,1,-0.025334007977677996,0.000998039887405861,0.0008616344606619895,0.00035071644763595526,0.013621841976046099
48.82,0,0.009417823599041022,0.003097453306580026,-0.0037730766637740056,-2.045170083734421e-05,0.04338479799295771
48.82,1,-0.02531385155859266,0.001015503239600237,0.0008417608988403594,0.0003439231897878455,0.013873122164615474
48.84,0,0.009479221553777322,0.00304258793363859,-0.003726179862546137,-4.553272546416881e-05,0.04264176379640443
48.84,1,-0.025293471282567242,0.0010205031034694406,0.0008317809953434614,0.00031925305040669295,0.013967790398165475
48.86,0,0.009539539649476245,0.002989589636111491,-0.0036801870277270747,-6.441191657096182e-05,0.04191866682213184
48.86,1,-0.025273109778129934,0.0010137992788258362,0.0008312858182496236,0.00027904079046325164,0.013914149113098457
48.88,0,0.009598821922075474,0.002939089758887171,-0.0036354464339042537,-7.508576408184198e-05,0.04122234238850224
48.88,1,-0.02525298894943157,0.0009966908580417411,0.0008394937785692021,0.0002267979815608178,0.013726874031023557
48.9,0,0.009657122543122319,0.0028914621864683703,-0.0035921811056375402,-7.647116262302772e-05,0.04055694177318021
48.9,1,-0.025233300108777883,0.0009709196876105336,0.0008552940807515583,0.0001668463241457016,0.01342602930240177
48.92,0,0.009714500257278783,0.0028467867917159086,-0.0035504687730227333,-6.85237405083812e-05,0.039923538824531105
48.92,1,-0.025214196294597223,0.0009385499292171322,0.0008773023129251242,0.00010386754769718329,0.013035831461342667
48.94,0,0.00977101238788274,0.0028048431462936686,-0.003510233924540126,-5.2229253783831614e-05,0.039320033301895194
48.94,1,-0.025195787152567345,0.0009018339833958212,0.0009039258145493227,4.242500933233483e-05,0.012583250758209163
48.96,0,0.009826709025929371,0.002765134933658647,-0.00347125288522541,-2.9471148002651465e-05,0.03874136021922371
48.96,1,-0.0251781365418223,0.0008630759031628498,0.000933436106601065,-1.348420256374553e-05,0.012096546846843644
48.980000000000004,0,0.009881627992311754,0.0027269421053049666,-0.0034331717409170457,-2.7934531286744058e-06,0.03817998292739821
48.980000000000004,1,-0.02516126280676018,0.0008245031171106023,0.0009640453508165791,-6.079212788981988e-05,0.011603835767438253
49.0,0,0.009935791073006644,0.002689394822122244,-0.003395535805237357,2.4908654697529398e-05,0.03762661885501389
49.0,1,-0.025145141451145818,0.0007881558526889771,0.0009939835477571128,-9.759492245027968e-05,0.01113177686009596
49.02,0,0.009989201883771795,0.0026515609750260944,-0.0033578282834615066,5.072978283801252e-05,0.03707112386752731
49.02,1,-0.025129709785671465,0.0007558012916394446,0.0010215730284952472,-0.0001232346518928902,0.010704452734845115
49.04,0,0.010041845542529463,0.002612537829777517,-0.003319514922123288,7.208312484433682e-05,0.0365034464920409
49.04,1,-0.025114873008608842,0.0007288765060157865,0.0010452967867112229,-0.00013822345521535568,0.010342494539436366
49.06,0,0.010093690135303748,0.0025715382058048054,-0.0032800908290498416,8.697670493662199e-05,0.03591455817633066
49.06,1,-0.025100511130445625,0.000708460993619161,0.0010638573786387988,-0.0001440269594170946,0.010062480870085346
49.08,0,0.010144689777606587,0.0025279625512605506,-0.0032391253694070013,9.420516177813948e-05,0.03529727055586957
49.08,1,-0.025086486168350162,0.0006952765571483077,0.0010762235165303873,-0.0001427425684242152,0.009876614368500526
49.1,0,0.01019478891787934,0.0024814501563220734,-0.0031963011260268503,9.343767100623152e-05,0.0346468645175028
49.1,1,-0.025072649108055463,0.0006897097215871877,0.0010816621050483426,-0.0001367217675790188,0.009792657869799649
49.120000000000005,0,0.010243927419013957,0.002431905286494404,-0.0031514433614464486,8.519718484266761e-05,0.03396147682607899
49.120000000000005,1,-0.025058846245744996,0.0006918501482192474,0.0010797543004786338,-0.00012819198198733058,0.009814094057056792
49.14,0,0.010292045898022432,0.002379496882450589,-0.0031045372051673203,7.074068999409974e-05,0.03324221566431415
49.14,1,-0.025044924662562414,0.0007015377516657082,0.0010703951624855227,-0.00011893193222259086,0.009940460455542505
49.160000000000004,0,0.010339090805534445,0.002324633307181375,-0.0030557308500295992,5.186260282965399e-05,0.0324930036977096
49.160000000000004,1,-0.02503073672922298,0.0007184114899040129,0.0010537775435151171,-0.00011004513067757859,0.01016780598933376
49.18,0,0.010385018782000445,0.0022679160961321778,-0.0030053242851121923,3.0652068140121086e-05,0.03172017327771037
49.18,1,-0.025016143668430402,0.0007419539678108657,0.0010303619284275835,-0.00010186056054605624,0.010489216109898175
49.2,0,0.010429799926325922,0.0022100785207216926,-0.0029537444071630315,9.238758073588232e-06,0.03093186053203011
49.2,1,-0.025001018302380138,0.000771527842925076,0.0010008348935070504,-9.396999616518437e-05,0.010895359797116247
49.22,0,0.010473419740946595,0.0021519158466653168,-0.0029015086154921483,-1.0439511314522948e-05,0.030137261364628957
49.22,1,-0.024985247171050162,0.0008064022333629548,0.0009660595997258714,-8.539075390329772e-05,0.011375022020984664
49.24,0,0.01051587965869385,0.0020942144038746694,-0.0028491800849098532,-2.6819937899363183e-05,0.029345821592144734
49.24,1,-0.024968732220482157,0.0008457695502260161,0.0009270221863171143,-7.482395443916563e-05,0.01191559765760339
49.26,0,0.01055719619488472,0.002037686041573183,-0.002797318719408711,-3.883064740633352e-05,0.0285664352294309
49.26,1,-0.02495139223205639,0.0008887550732089605,0.0008847780317858545,-6.096438106449088e-05,0.01250353540598994
49.28,0,0.010597398888691314,0.0019829133696206676,-0.0027464322323504133,-4.593259476256065e-05,0.02780671976945191
49.28,1,-0.024933164103258142,0.0009344228850352788,0.00084040158199603,-4.281078240990933e-05,0.013124731172903812
49.300000000000004,0,0.01063652729045295,0.0019303095965495028,-0.0026969318273748926,-4.8091970551250585e-05,0.02707242632224429
49.300000000000004,1,-0.024914004011513065,0.0009817823070209562,0.0007949428319744867,-1.9926032788431663e-05,0.01376487833108182
49.32,0,0.010674627310207513,0.0018800950052654615,-0.0026490965585251004,-4.5697217713715904e-05,0.026367027291430176
49.32,1,-0.024893888411405878,0.0010297986892178381,0.0007493926533714948,7.395192422391707e-06,0.014409786456627341
49.34,0,0.010711747266094253,0.0018322903883006816,-0.002603049660579938,-3.9441272907669855e-05,0.025691506709117212
49.34,1,-0.024872814747666932,0.0010774113881962945,0.0007046580813768454,3.807891317851239e-05,0.015045680521569607
49.36,0,0.010747933962404518,0.0017867262847101222,-0.002558749033322329,-3.019225908319073e-05,0.025044360245024898
49.36,1,-0.024850801724534168,0.001123560210996175,0.0006615475350477748,7.03533600405655e-05,0.015659489593905885
49.38,0,0.010783229092088882,0.0017430657460388431,-0.002515992741447443,-1.887442181575799e-05,0.02442179486635956
49.38,1,-0.024827888964474264,0.0011672197930699241,0.0006207648741747141,0.00010194818847533531,0.0162391289145036
49.4,0,0.010817666205421508,0.0017008376621616085,-0.002474438982783857,-6.376141644986316e-06,0.023818103411907505
49.4,1,-0.024804135917779895,0.0012074396248886018,0.0005829103176073598,0.00013038163858178353,0.016773773109858642
49.42,0,0.010851268423569533,0.001659477381931239,-0.002433638619088512,6.5055516838552485e-06,0.02322617779535349
49.42,1,-0.02477961994503769,0.001243386045893151,0.0005484856633175431,0.0001532919919560137,0.0172541126505481
49.44,0,0.010884047010373763,0.0016183713951286778,-0.002393077189290876,1.9082946051494215e-05,0.022638116585749993
49.44,1,-0.024754433577221988,0.001274381723859128,0.0005179010246646328,0.00016876245105533136,0.017672581682972463
49.46,0,0.010916000853228107,0.0015769030939992868,-0.0023522224500648415,3.076493415516898e-05,0.022045878381834846
49.46,1,-0.024728681049726565,0.0012999380718212614,0.0004914804513950791,0.0001755891376511009,0.018023543867846558
49.480000000000004,0,0.010947116847793079,0.001534496989500175,-0.0023105729982964055,4.10263623229247e-05,0.021441931490679526
49.480000000000004,1,-0.024702474291913194,0.001319776742000483,0.0004694643116764456,0.00017345022978190218,0.018303424158224856
49.5,0,0.010977371132464131,0.0014906591207043546,-0.002267703470744209,4.937511595308475e-05,0.02081985257390788
49.5,1,-0.0246759286185264,0.0013338376714734444,0.0004520071026541546,0.00016294910962999336,0.01851077829099823
49.52,0,0.011006731076468153,0.0014450117026101013,-0.0022233021906232137,5.533212214228929e-05,0.020174831714399127
49.52,1,-0.02464915840260907,0.00134227292520021,0.00043917032603866944,0.00014552355736762237,0.01864629739543532
49.54,0,0.011035157888800278,0.0013973202904824075,-0.0021771978978734467,5.843569266286534e-05,0.01950404837409084
49.54,1,-0.024622273005418475,0.0013454275023585278,0.00043091108461377467,0.00012323360609687965,0.01871275142692251
49.56,0,0.011062609682668912,0.0013475119255366888,-0.0021293732792177613,5.8275365566948234e-05,0.018806891591946696
49.56,1,-0.024595373197437383,0.0013438100273187603,0.0004270679921746517,9.845953773519184e-05,0.01871488084472745
49.58,0,0.011089044801346653,0.001295682929591426,-0.002079964295022792,5.455284265376559e-05,0.0180850081716262
49.58,1,-0.02456854823220105,0.0013380575446741319,0.0004273467213970515,7.355574639775903e-05,0.018659249879040087
49.6,0,0.0111144251874286,0.001242095313825971,-0.0020292456531390605,4.7160218522674865e-05,0.01734217417504092
49.6,1,-0.024541873642842053,0.0013288992556790148,0.000431307946251712,5.0513592094061574e-05,0.01855407598741215
49.620000000000005,0,0.011138719561124168,0.0011871612312721867,-0.001977604071104747,3.6259901734163325e-05,0.01658399733607645
49.620000000000005,1,-0.024515409734954165,0.0013171238551184948,0.00043836051093939447,3.0685694928141855e-05,0.01840904827673078
49.64,0,0.011161906168195663,0.0011314155780038446,-0.001925502072227978,2.2347624528896298e-05,0.01581747046752493
49.64,1,-0.024489200664619865,0.0013035541646049674,0.00044776236408448043,1.4615368516202737e-05,0.018235142935953345
49.660000000000004,0,0.011183974868789536,0.0010754777322550626,-0.0018734358747849642,6.28043668545776e-06,0.01505040781488542
49.660000000000004,1,-0.024463273931724646,0.0012890311510916636,0.00045863116899590335,1.9992747506466374e-06,0.018044436840532647
49.68,0,0.011204928368389159,0.0010200044573597424,-0.001821891385437341,-1.0744312348610549e-05,0.014290806715385004
49.68,1,-0.024437640096527442,0.001274407418479679,0.0004699656126322438,-8.208830480261817e-06,0.01784991268919577
49.7,0,0.011224782443484103,0.0009656370741341231,-0.001771302364855349,-2.7265813306530037e-05,0.013546184851184253
49.7,1,-0.0244122925465892,0.0012605481892955224,0.0004806773921465249,-1.7567203200268694e-05,0.017665241853337583
49.72,0,0.01124356508671808,0.0009129469818712444,-0.0017220145028068769,-4.169010319038727e-05,0.01282294784938781
49.72,1,-0.024387207199495546,0.001248336000420273,0.0004896327794348711,-2.782214076176362e-05,0.017504526146645587
49.74,0,0.011261314585458444,0.0008623843075061798,-0.0016742584673316665,-5.2461826049185825e-05,0.012125842131135703
49.74,1,-0.024362342115513174,0.0012386741396325017,0.0004957016724818063,-4.05403729564313e-05,0.01738197832781145
49.76,0,0.011278076646852911,0.0008142347331863276,-0.0016281340559548575,-5.8256935953255456e-05,0.011457543200561842
49.76,1,-0.024337637098938113,0.0012324834850697922,0.0004978112444749636,-5.6755442655766555e-05,0.017311524233632858
49.78,0,0.01129390078165322,0.0007685892767132766,-0.0015836064770119002,-5.81700112637553e-05,0.010818419885249628
49.78,1,-0.024313013469395555,0.0012306879932135386,0.0004950007775026041,-7.668533968477895e-05,0.01730631724467432
49.800000000000004,0,0.011308836246823425,0.0007253309257947478,-0.0015405146385231766,-5.1867865687289794e-05,0.010206500826813757
49.800000000000004,1,-0.02428837426581173,0.001234185584311735,0.00048647406139755406,-9.956961294084292e-05,0.01737816779330513
49.82,0,0.011322927911424623,0.0006841405868766348,-0.0014985902328490187,-3.968356609437493e-05,0.009617651782367263
49.82,1,-0.024263605189311612,0.00124380342345065,0.0004716458552794172,-0.00012365764354533605,0.017536905571854437
49.84,0,0.011336212441190192,0.0006445229210047587,-0.0014574854781663651,-2.2631679536148225e-05,0.00904595257360277
49.84,1,-0.024238576584794502,0.001260239291893423,0.0004501793180477736,-0.0001463580228088738,0.0177897081093168
49.86,0,0.011348715187469025,0.0006058504997000432,-0.0014168066921731173,-2.3357535770072296e-06,0.008484242749377612
49.86,1,-0.024213146699203412,0.0012839935027764136,0.0004220119530243005,-0.0001645351589967068,0.0181404441978665
49.88,0,0.011360448113262468,0.0005674225765994231,-0.001376150481090671,1.9128725192498267e-05,0.007924787347199425
49.88,1,-0.024187166340424577,0.0013152982224265528,0.0003873684002518875,-0.0001749168114632063,0.018589091925434946
49.9,0,0.011371408995721657,0.0005285329126169921,-0.0013351392485064356,3.94601466347233e-05,0.007360000630003166
49.9,1,-0.024160484905340486,0.0013540527269129239,0.0003467592597804913,-0.00017455854581633658,0.01913129672259727
49.92,0,0.011381582018967508,0.0004885397754068409,-0.0012934529531273564,5.63987654401462e-05,0.006783158090255627
49.92,1,-0.024132957566775137,0.0013997737530467257,0.00030096595820491845,-0.00016130080462605986,0.01975813334728022
49.94,0,0.011390939726460771,0.00044693066535925755,-0.0012508545332716309,6.800278784377216e-05,0.006189026527185833
49.94,1,-0.02410445322960463,0.0014515695273524824,0.00025101241236398633,-0.0001341530367870332,0.02045612641972179
49.96,0,0.011399446154715599,0.00040337461974262713,-0.001207207107773995,7.28956611382222e-05,0.005574349015258557
49.96,1,-0.02407486271058846,0.0015081442711616315,0.00019812485522193137,-9.354747060928877e-05,0.02120756726687213
49.980000000000004,0,0.01140706083756035,0.00035775612314081296,-0.0011624818820532765,7.045010639292887e-05,0.004938135617578452
49.980000000000004,1,-0.02404410648732985,0.0015678371488806158,0.00014368165228417353,-4.142163551139853e-05,0.02199114171984002
50.0,0,0.011413743269053523,0.00031018659761493464,-0.0011167565522079697,6.088195237551747e-05,0.0042817304142335685
50.0,1,-0.024012141317186094,0.0016286960642501716,8.91552595092308e-05,1.8888607722769568e-05,0.022782856291779632
50.02,0,0.011419457356930326,0.0002609919434307878,-0.0010702048289770777,4.523847964113363e-05,0.0036086487283898947
50.02,1,-0.02397896505742731,0.001688582841795392,3.6048681179901505e-05,8.29381321133995e-05,0.023557221653022088
50.04,0,0.011424175395242778,0.00021067735146024048,-0.0010230784263923795,2.528017309641646e-05,0.0029242027473469507
50.04,1,-0.023944619124818652,0.0017453026386726966,-1.4171085870885378e-05,0.00014561130720335165,0.024288625634214397
50.06,0,0.011427881136320645,0.00015987326795924227,-0.0009756834212180412,3.2694953487301046e-06,0.0022349562560806625
50.06,1,-0.023909188207777543,0.0017967473873979646,-6.014005138449011e-05,0.00020165724820555078,0.024952806175365955
50.08,0,0.011430571643047524,0.00010926861965805813,-0.0009283532519211964,-1.830660431820577e-05,0.00154806727953102
50.08,1,-0.023872797070235874,0.0018410410705766902,-0.00010066203788452228,0.0002462546937272384,0.025528320294346422
50.1,0,0.011432257741024285,5.9538909354891556e-05,-0.0008814207734425807,-3.704417810168094e-05,0.0008705889090701632
50.1,1,-0.023835604539463224,0.0018766739445759404,-0.00013476860019816312,0.00027553514091282875,0.025997900083150335
50.120000000000005,0,0.011432963049782547,1.1277367459527249e-05,-0.0008351917198530128,-5.091894186312531e-05,0.00020880208629650652
50.120000000000005,1,-0.023797795022743862,0.0019026135642507011,-0.00016177132634774425,0.00028699815394876704,0.02634959174556105
50.14,0,0.011432721733241575,-3.506308862028775e-05,-0.0007899216721709105,-5.853245891760013e-05,-0.0004323507817664291
50.14,1,-0.023759568122026214,0.0019183825391621784,-0.00018130379958666967,0.0002797671160154544,0.026577588432255043
50.160000000000004,0,0.011431575252192046,-7.921072612412849e-05,-0.0007457982183684761,-5.9274985352209333e-05,-0.00104967518038559
50.160000000000004,1,-0.023721127086822634,0.0019240961267058643,-0.0001933506082588712,0.00025465508571763384,0.026682690688164465
50.18,0,0.01142956850819534,-0.00012109450692382986,-0.0007029294718579221,-5.3383597374593965e-05,-0.0016419394995590237
50.18,1,-0.02368266694544378,0.0019204566558729402,-0.0001982610436954901,0.00021403581252026072,0.026672357369700903
50.2,0,0.011426745826049965,-0.0001608407053482821,-0.0006613395335743521,-4.188875943345657e-05,-0.002209881115442492
50.2,1,-0.02364436317343188,0.0019087059089121568,-0.0001967455732162187,0.00016154076315562545,0.026560341961614567
50.22,0,0.011423147224450097,-0.00019874790957290236,-0.0006209708918242324,-2.6457997554894287e-05,-0.0027560127364657386
50.22,1,-0.02360636169582184,0.001890540477355284,-0.0001898538459805272,0.00010162557171237811,0.0263659411112616
50.24,0,0.011418805372452661,-0.00023524426510969755,-0.0005816932006413314,-9.159574030872218e-06,-0.0032842601375048927
50.24,1,-0.02356877088607714,0.0018679983080831842,-0.00017893388825143512,3.906549578367238e-05,0.026112910817380902
50.26,0,0.011413743530786799,-0.0002708328439458386,-0.000543317402166091,7.82004260989214e-06,-0.0037994798578516323
50.26,1,-0.023531656036660943,0.0018433268210069317,-0.00016557324292956903,-2.155297178893338e-05,0.025828128465885978
50.28,0,0.011407974645754377,-0.00030603223493183026,-0.0005056137932240773,2.24651257858359e-05,-0.00430691641483146
50.28,1,-0.02349503655712279,0.0018188439145557878,-0.00015152404219236876,-7.627917201746132e-05,0.02554009397579849
50.300000000000004,0,0.011401501617360896,-0.0003413197090549361,-0.0004683324020222926,3.3186031139847364e-05,-0.004811661957908954
50.300000000000004,1,-0.02345888593052058,0.00179680284777118,-0.00013861527599568009,-0.00012212996283179022,0.02527736983162831
50.32,0,0.011394318621770769,-0.00037708360883451965,-0.0004312239477647209,3.9006414690700465e-05,-0.005318176938373976
50.32,1,-0.023423134252109488,0.0017792705327709483,-0.00012865671389659914,-0.0001572703939342994,0.02506705785272758
50.34,0,0.011386413249416692,-0.00041359006802417595,-0.0003940597030251738,3.9658227362897314e-05,-0.005829919179701362
50.34,1,-0.023387673005523447,0.0017680264627219263,-0.0001233399234842351,-0.0001810307280978845,0.024933401206204856
50.36,0,0.01137776913867653,-0.00045096702276756944,-0.0003566487546420864,3.557412747067423e-05,-0.006349112446216647
50.36,1,-0.023352361614642287,0.0017644867073927251,-0.00012414248132998029,-0.00019377122488192962,0.024896585128380083
50.38,0,0.011368368749950281,-0.0004892060425995444,-0.0003188514434810263,2.778197241114569e-05,-0.006876666568804766
50.38,1,-0.023317035249605298,0.0017696545382279824,-0.00013224168936807747,-0.00019662768278331394,0.02497179121797507
50.4,0,0.01135819593853085,-0.0005281801350613809,-0.0002805881292299404,1.772011922617639e-05,-0.007412242010085509
50.4,1,-0.023281513360605376,0.0017840966827133542,-0.00014844382552585064,-0.00019118667999016258,0.025168540237977124
50.42,0,0.011347238042356331,-0.0005676736886804046,-0.00024184284101390205,7.003313318019316e-06,-0.007954434954843683
50.42,1,-0.023245608453775424,0.0018079422610243951,-0.0001731341550669594,-0.00017914748518566177,0.025490339139527196
50.44,0,0.011335487292079711,-0.0006074193781729247,-0.0002026618030511808,-2.824622528882839e-06,-0.008501046671892061
50.44,1,-0.023209134695251453,0.001840900314650722,-0.000206251645456931,-0.00016202666326918871,0.0259346310683793
50.46,0,0.011322941461130904,-0.000647136324163773,-0.0001631472319143009,-1.0514161981065376e-05,-0.009049394376311757
50.46,1,-0.023171916015590675,0.0018822915432899173,-0.00024729065301837126,-0.0001409517758945158,0.026493033381953357
50.480000000000004,0,0.01130960378579081,-0.000686564116387439,-0.00012344715607204602,-1.527701432098988e-05,-0.009596620615103156
50.480000000000004,1,-0.023133793470871317,0.0019310903277828032,-0.00029532992062992716,-0.00011657388536552571,0.02715183847432477
50.5,0,0.011295482283446389,-0.0007254883882307557,-8.37422824420349e-05,-1.687355298634046e-05,-0.010139963882244241
50.5,1,-0.02309463168588181,0.001985974118967052,-0.00034908721119763397,-8.910748855497919e-05,0.027892745154093707
50.52,0,0.01128058866769888,-0.0007637552764880988,-4.4231109355484965e-05,-1.5610367055646397e-05,-0.010676963503777738
50.52,1,-0.023054324250850338,0.0020453785221062775,-0.00040699598516427015,-5.848436683111684e-05,0.028693783676319
50.54,0,0.011264937093143778,-0.0008012740408206407,-5.114550442232356e-06,-1.2251592268222762e-05,-0.011205584979220747
50.54,1,-0.02301279796441531,0.0021075575845782685,-0.0004672988899080958,-2.4588119516446086e-05,0.029530394303612206
50.56,0,0.011248542957593335,-0.0008380090453534583,3.3418710687217e-05,-7.860863867021478e-06,-0.011724265771081394
50.56,1,-0.02297001581642461,0.002170649610508477,-0.0005281516169725963,1.2478046538859366e-05,0.030376616500579816
50.58,0,0.011231421948533918,-0.0008739639250355886,7.1205059657537e-05,-3.601083379402119e-06,-0.01223189386711884
50.58,1,-0.022925978594191217,0.002232749069149035,-0.0005877300094485968,5.214412080745828e-05,0.03120634284727903
50.6,0,0.011213589452368004,-0.0009091618332431548,0.0001081161349010795,-5.251622105257453e-07,-0.012727740503193643
50.6,1,-0.022880724987641207,0.0022919847394788297,-0.0006443332214557041,9.319813234127602e-05,0.03199458822036234
50.620000000000005,0,0.011195060362054653,-0.0009436260474377913,0.00014406578726339932,6.083598065829976e-07,-0.013211373023935661
50.620000000000005,1,-0.022834330075543505,0.0023466031811966016,-0.0006964762390502669,0.00013372355725259008,0.032718720979499835
50.64,0,0.011175849235548813,-0.000977364861137487,0.00017901355400296856,-5.34532167221699e-07,-0.013682573523757596
50.64,1,-0.022786902107775658,0.002395055111059814,-0.0007429661026636642,0.00017117200488521792,0.03335959954995217
50.660000000000004,0,0.011155970687912825,-0.0010103636925134296,0.00021296468671461177,-3.8076966353125727e-06,-0.014141283998552703
50.660000000000004,1,-0.022738577563944595,0.0024360805660649265,-0.0007829576106665459,0.00020257190581636497,0.0339025560190926
50.68,0,0.011135439855466537,-0.0010425858724052207,0.00024596703977639755,-8.611900668494162e-06,-0.014587590313004595
50.68,1,-0.022689514567099188,0.002468787183896391,-0.0008159859811448218,0.00022485113571138818,0.03433816943883808
50.7,0,0.011114272757827037,-0.0010739818878757006,0.0002781053358502725,-1.3999485264477906e-05,-0.01502174694499533
50.7,1,-0.022639884856394735,0.002492714864305454,-0.0008419757358631507,0.00023523147089875643,0.034662776629377605
50.72,0,0.011092486404752301,-0.0011045052325443462,0.0003094934627318051,-1.8839186311636787e-05,-0.015444234069309209
50.72,1,-0.02258986466172077,0.002507879778629499,-0.0008612267797891015,0.0002316386610223993,0.034878678239790586
50.74,0,0.011070098545377416,-0.0011341317190456288,0.00034026551590268756,-2.2014149311881323e-05,-0.01585582991732692
50.74,1,-0.022539624959037947,0.0025147913518962116,-0.0008743801347723594,0.00021306604034799018,0.034994012886198966
50.76,0,0.011047127028897544,-0.0011628783539430342,0.000370566287682315,-2.2620949376262606e-05,-0.016257676005826217
50.76,1,-0.022489321697720364,0.002514437497407388,-0.0008823669356480245,0.00017983308345536145,0.03502229188024807
50.78,0,0.011023588825785689,-0.0011908177853162225,0.00040054182978544313,-2.013727582261121e-05,-0.016651311718604504
50.78,1,-0.022439086661446644,0.0025082359274188333,-0.0008863450449694971,0.00013369284642203091,0.03498161013744164
50.800000000000004,0,0.010999498833580573,-0.0012180849255596666,0.0004303306007333498,-1.4530856993931127e-05,-0.017038658100841403
50.800000000000004,1,-0.022389019636706288,0.002497952538951336,-0.0008876279714063358,7.776215446185855e-05,0.034893573390856844
50.82,0,0.010974868648231119,-0.001244873535723583,0.0004600555756849402,-6.2913961549407316e-06,-0.017421938103975222
50.82,1,-0.022339182508723583,0.002485591308443734,-0.0008876107152336089,1.6272898109084832e-05,0.03478200542010319
50.84,0,0.010949705510823169,-0.0012714221483131095,0.0004898175664363138,3.6206822740143807e-06,-0.017803530758657548
50.84,1,-0.022289595782693454,0.0024732633841753233,-0.0008876967785687272,-4.583165210055376e-05,0.034671519030555084
50.86,0,0.010924011634522796,-0.0012979904535632063,0.0005196898925132761,1.3901889911887427e-05,-0.018185768239796774
50.86,1,-0.022240237846743383,0.002463045697573038,-0.0008892299593319671,-0.00010340875568419505,0.03458604852170673
50.88,0,0.010897784077342012,-0.0013248289048133145,0.0005497144728203613,2.309101472033415e-05,-0.018570695682106737
50.88,1,-0.022191047068434916,0.0024568410395997137,-0.0008934337977753111,-0.00015167284144664006,0.03454744739584263
50.9,0,0.010871015257861544,-0.0013521455535318134,0.0005798993751522477,2.9784380273812153e-05,-0.018959822129719202
50.9,1,-0.022141926571941823,0.002456251899563646,-0.0009013607597650213,-0.00018672530738053986,0.034574251901271585
50.92,0,0.010843694122983975,-0.0013800748021247922,0.0006102178630223658,3.284848777500293e-05,-0.019353895717522093
50.92,1,-0.02209275130512739,0.0024624793337960096,-0.0009138525016598334,-0.00020598782761046056,0.0346806985007546
50.94,0,0.010815807881991801,-0.0014086527485655095,0.0006406090027635949,3.1597720382497974e-05,-0.01975273620029963
50.94,1,-0.022043376801778796,0.0024762557939614275,-0.0009315119216717322,-0.00020848129486153097,0.03487606241032151
50.96,0,0.010787344133757716,-0.001437803081345987,0.0006709799201509844,2.5909938513838868e-05,-0.020155153077357657
50.96,1,-0.021993648898179983,0.0024978174482068395,-0.0009546871865395571,-0.0001949126174190137,0.03516435689231477
50.980000000000004,0,0.010758293147132827,-0.0014673361623418458,0.0007012098041598546,1.6262066292476243e-05,-0.020558968339078314
50.980000000000004,1,-0.02194341359244781,0.0025269174676867357,-0.0009834675264969626,-0.0001675572078954947,0.0355444017555098
51.0,0,0.01072865001868851,-0.0014969621959435991,0.0007311557269908074,3.6797266747129465e-06,-0.0209611504698851
51.0,1,-0.021892526248109622,0.002562877515848875,-0.0010176902899254158,-0.00012995254259059574,0.036010237764474845
51.02,0,0.010698416433053009,-0.001526317474807574,0.0007606602710061199,-1.0392210083674108e-05,-0.021358052437222358
51.02,1,-0.021840859438550016,0.0026046707874793113,-0.00105695850281556,-8.644372662874877e-05,0.03655183475133911
51.04,0,0.010667601789702193,-0.0015550008902738392,0.0007895608205552175,-2.4279593179254294e-05,-0.021745732870654493
51.04,1,-0.02178830889439421,0.0026510268775479366,-0.0011006679461763428,-4.164192759595082e-05,0.03715601821326706
51.06,0,0.01063622353147668,-0.0015826164572660705,0.0008177001965991613,-3.6302058930024264e-05,-0.02212032834279496
51.06,1,-0.021734797231205638,0.002700546889134059,-0.0011480425142038303,1.3200890878334315e-07,0.037807524438968045
51.08,0,0.010604306604864524,-0.0016088167335652367,0.0008449381025895853,-4.4997114397296936e-05,-0.022478437155516014
51.08,1,-0.02168027537368347,0.002751816731038663,-0.0011981763315007132,3.534510992391285e-05,0.03849008912461736
51.1,0,0.010571882087481277,-0.0016333418323833655,0.0008711626388886451,-4.9313310722404885e-05,-0.022817472342644713
51.1,1,-0.021624721825996167,0.0028035075387560886,-0.0012500807945922561,6.162629614874307e-05,0.039187479246436493
51.120000000000005,0,0.010538985120042848,-0.0016560492556975859,0.0008963009641322383,-4.874548093600911e-05,-0.023135944098830193
51.120000000000005,1,-0.021568140138445158,0.002854454417224525,-0.0013027343889358636,7.797012879805221e-05,0.0398843917123453
51.14,0,0.010505652364920565,-0.0016769309329561798,0.0009203280709407358,-4.339385164782612e-05,-0.023433639209738694
51.14,1,-0.021510555065711322,0.0029037079233974927,-0.001355132862783123,8.474789144492789e-05,0.04056716303611997
51.160000000000004,0,0.010471919270080288,-0.0016961154670207218,0.000943272631991135,-3.394021016696336e-05,-0.02371167632812314
51.160000000000004,1,-0.02145200798672357,0.0029505564337649866,-0.00140633716858023,8.353086293151277e-05,0.0412242592097783
51.18,0,0.010437817438859586,-0.001713855436915774,0.0009652189830309593,-2.1546457763909135e-05,-0.023972429659056924
51.18,1,-0.021392552155569948,0.0029945212712083704,-0.0014555165653607131,7.675686314862623e-05,0.04184654093376855
51.2,0,0.010403372390567189,-0.0017305014292772988,0.0009863045502616606,-7.691957825873078e-06,-0.02421932805205631
51.2,1,-0.021332248281812568,0.003035329704155554,-0.0015019844542761803,6.729260824933289e-05,0.04242732324992842
51.22,0,0.010368601947296704,-0.0017464660231558391,0.0010067123918815946,6.02555472863954e-06,-0.02445654987891039
51.22,1,-0.021271160811190237,0.0030728732664225475,-0.0015452249148145017,5.795805566120166e-05,0.04296226767425446
51.24,0,0.010333515406100086,-0.0017621820385512964,0.001026658980713865,1.8096298188024183e-05,-0.02468864483790617
51.24,1,-0.021209355115084597,0.0031071600020568684,-0.0015849085135544408,5.1082861974693916e-05,0.04344915716682146
51.26,0,0.010298113563483188,-0.001778059853818364,0.0010463778636367713,2.7282850470445805e-05,-0.02492012080392754
51.26,1,-0.021146895624219713,0.0031382691116105923,-0.0016208967314714944,4.8158848863829457e-05,0.04388760871368446
51.28,0,0.010262389563389178,-0.0017944484654898178,0.001066100338556033,3.2757893158094804e-05,-0.025155036410015548
51.28,1,-0.021083844784047127,0.0031663151431741143,-0.0016532352319692995,4.9636986410139805e-05,0.04427877501802746
51.300000000000004,0,0.010226330452551405,-0.001811604260331019,0.0010860347293124464,3.417850914569365e-05,-0.02539663815377996
51.300000000000004,1,-0.02102026258802928,0.0031914265794528926,-0.0016821370804904854,5.489519872221155e-05,0.044625076913618285
51.32,0,0.01018991925856425,-0.0018296703249262444,0.0011063461529794226,3.169042565437201e-05,-0.025647074974621792
51.32,1,-0.020956206376172005,0.0032137407960745874,-0.0017079578278814329,6.237758926607925e-05,0.04492999355577815
51.34,0,0.01015313736326866,-0.0018486677177187918,0.001127138811604445,2.5866338833904767e-05,-0.025907214386896988
51.34,1,-0.02089173057694837,0.0032334143529314887,-0.0017311649870080466,6.988027298990979e-05,0.04519792066805092
51.36,0,0.010115966930127928,-0.001868498679999018,0.001148442767481954,1.759207744451638e-05,-0.026176573597430766
51.36,1,-0.020826886119375717,0.003250644882166551,-0.001752304786101825,7.493761276522459e-05,0.04543409073756649
51.38,0,0.01007839315811654,-0.0018889604639473249,0.0011702068659418152,7.921393019704598e-06,-0.026453367888282252
51.38,1,-0.02076171933807672,0.003265698845849186,-0.001771969123287517,7.52483888933203e-05,0.04564453545299528
51.4,0,0.01004040617158491,-0.0019097674664818108,0.001192298966641014,-2.07641309312237e-06,-0.026734668117652228
51.4,1,-0.020696270320526587,0.003278938430107451,-0.0017907653634351532,6.907630644278906e-05,0.04583606171506152
51.42,0,0.01000200240832001,-0.0019305787756439762,0.0012145139737128124,-1.1452409358141472e-05,-0.027016650449657523
51.42,1,-0.020630570781173817,0.0032908409435438127,-0.0018092910416294438,5.556392281367423e-05,0.046016209286799704
51.44,0,0.009963185428060049,-0.0019510280885793366,0.0012365893800376857,-1.9478245761530774e-05,-0.027294914994349183
51.44,1,-0.02056464166975014,0.003302005251094247,-0.001828114737650389,3.491275923193926e-05,0.04619316075608752
51.46,0,0.009923966122674637,-0.001970753204090922,0.0012582272413031203,-2.5698678177294917e-05,-0.027564846179095617
51.46,1,-0.020498490811400684,0.0033131417974230073,-0.001847763465117488,8.40292043829266e-06,0.046375582243483815
51.480000000000004,0,0.009884362360176261,-0.001989422828783464,0.0012791207595317653,-2.9933304673761263e-05,-0.027821986298294736
51.480000000000004,1,-0.020432110920178177,0.0033250453298398577,-0.0018687159984187441,-2.1750140141295338e-05,0.0465723847578993
51.5,0,0.009844398133150498,-0.0020067591295376917,0.0012989830695912072,-3.223335305014251e-05,-0.028062394460477542
51.5,1,-0.020365478318217344,0.003338552120415847,-0.0018914007641051627,-5.267966493388218e-05,0.04679240935075574
51.52,0,0.009804102306365319,-0.002022555173578323,0.0013175754598086142,-3.280684320530053e-05,-0.02828296558689122
51.52,1,-0.020298552632001497,0.003354485900059063,-0.0019161963608129108,-8.124954127768438e-05,0.04704405214210457
51.54,0,0.009763507069246277,-0.0020366869959074223,0.0013347321715483106,-3.193023589064328e-05,-0.028481687706813266
51.54,1,-0.020231277633812914,0.0033735984940526107,-0.0019434325230083833,-0.00010447701959686445,0.047334855936333416
51.56,0,0.00972264619971293,-0.002049120437468382,0.0013503791360547784,-2.986601003876141e-05,-0.028657820114518586
51.56,1,-0.02016358326621612,0.003396512033055529,-0.0019733894473884612,-0.00011993353343858239,0.04767110199621599
51.58,0,0.00968155324086915,-0.0020599130745763607,0.0013645445108361458,-2.680332574693002e-05,-0.02881197971832212
51.58,1,-0.02009538874950678,0.0034236694903800055,-0.002006293847045573,-0.00012606487141236106,0.04805743773673244
51.6,0,0.009640259685595223,-0.0020692115356406838,0.0013773596301555776,-2.283349559813186e-05,-0.02894612800337144
51.6,1,-0.020026606546480325,0.003455299205247331,-0.0020423108299942702,-0.0001223846464687376,0.04849657351993137
51.620000000000005,0,0.009598793259574256,-0.0020772443479080503,0.0013890499132001826,-1.7964413167944823e-05,-0.02906345645754476
51.620000000000005,1,-0.019957146863352065,0.003491397178584033,-0.0020815316165184628,-0.00010951449721704337,0.0489890749973935
51.64,0,0.009557176392270184,-0.0020843102784730517,0.0013999162853871976,-1.2169755465887139e-05,-0.029168174143156835
51.64,1,-0.019886922312979425,0.0035317285735534413,-0.0021239580864025787,-8.906774643367525e-05,0.049533267776181854
51.660000000000004,0,0.009515424967246403,-0.00209076204089793,0.0014103086569730733,-5.461203850795626e-06,-0.029265207368720222
51.660000000000004,1,-0.019815852362710478,0.0035758473847817486,-0.002169486042734149,-6.339678702204157e-05,0.05012526017396652
51.68,0,0.00947354744528387,-0.002096985324117425,0.0014205938619677048,2.0334875938908537e-06,-0.029359828025237844
51.68,1,-0.019743867232691985,0.003623131034109371,-0.00221788976050413,-3.524470110930454e-05,0.050759079178640504
51.7,0,0.009431544451856733,-0.0021033734161642983,0.0014311210939750138,1.0005970603374145e-05,-0.02945723379690355
51.7,1,-0.019670910992684264,0.00367282503275329,-0.002268810747332816,-7.3554983988158296e-06,0.05142690595694487
51.72,0,0.009389408909974065,-0.002110298238551152,0.0014421882108500562,1.793426107936022e-05,-0.02956210960079549
51.72,1,-0.019596943712126426,0.0037240920460624915,-0.0023217536118363864,1.7897183519521853e-05,0.05211939146135536
51.74,0,0.009347126776184964,-0.0021180793147490854,0.0014540122745982293,2.5094107036490593e-05,-0.02967820451352369
51.74,1,-0.019521942631931237,0.003776059799594951,-0.0023760914937898518,3.880682467007762e-05,0.05282603036965923
51.76,0,0.009304678399472504,-0.002126952951887889,0.001466707340275955,3.061991845271575e-05,-0.029807961244883156
51.76,1,-0.019445902429448107,0.0038278632192092427,-0.0024310826940234865,5.451246157624212e-05,0.05353557260735316
51.78,0,0.009262040470345317,-0.0021370445671158337,0.001480271838428891,3.361113436406091e-05,-0.02995223507398573
51.78,1,-0.019368834724897196,0.0038786778119330088,-0.002485899035336636,6.503407372600994e-05,0.054236455293336115
51.800000000000004,0,0.009219188464357759,-0.0021483474784185566,0.001494586974646507,3.3270705774531006e-05,-0.030110135403634324
51.800000000000004,1,-0.019290767017969824,0.003927743272564675,-0.0025396652126487692,7.11629104264283e-05,0.054917242905479016
51.82,0,0.009176099417285847,-0.0021607114644826226,0.0015094264893895624,2.9054882991499942e-05,-0.030279015385748217
51.82,1,-0.019211741243405824,0.003974378290948937,-0.0025915070993610422,7.422771941235223e-05,0.05556706835387276
51.84,0,0.009132754807329575,-0.0021738438896851293,0.001524476991302949,2.080911498952495e-05,-0.03045462357058134
51.84,1,-0.019131812097526353,0.004017989185224335,-0.002640605821346096,7.577749838449249e-05,0.0561760710947562
51.86,0,0.00908914327317281,-0.002187325171337409,0.0015393670136749718,8.864532949345166e-06,-0.03063141693167307
51.86,1,-0.01905104522378598,0.004058076003892081,-0.002686253530367099,7.723470278188371e-05,0.05673582935170725
51.88,0,0.009045262875187242,-0.0022006389042874596,0.0015537020561097725,-5.9264996501891265e-06,-0.030803018160374247
51.88,1,-0.018969515269140064,0.00409423993775703,-0.0027279063142339765,7.957773009134583e-05,0.05723978139850708
51.9,0,0.009001122618000701,-0.0022132152033464917,0.0015671022534745978,-2.2229340102906253e-05,-0.030962783506747978
51.9,1,-0.018887303751512763,0.004126195213600477,-0.0027652296364463758,8.310716432232551e-05,0.05768362582608435
51.92,0,0.008956742999825629,-0.002224483994695742,0.0015792390258951403,-3.8343281691399084e-05,-0.031104432644048993
51.92,1,-0.01880449662847884,0.004153787205504774,-0.00279813211636215,8.733730975894749e-05,0.05806568356730789
51.94,0,0.008912155436315837,-0.0022339333408010033,0.0015898671370568923,-5.238570805085954e-05,-0.03122268106316319
51.94,1,-0.01872118144161239,0.004177016533089319,-0.0028267843022379397,9.103489515345856e-05,0.058387196568097
51.96,0,0.008867400518005787,-0.0022411666793317403,0.0015988490164230815,-6.252338135771807e-05,-0.03131381012928665
51.96,1,-0.018637443937182835,0.00419606675491942,-0.002851620267030379,9.24034466318717e-05,0.05865253112224002
51.980000000000004,0,0.008822525189416605,-0.0022459523174066737,0.0016061689413466496,-6.72210377118676e-05,-0.031376111405981566
51.980000000000004,1,-0.018553364132059387,0.004211331295115426,-0.002873321248371093,8.938826118063542e-05,0.05886924987043533
52.0,0,0.008777579069766494,-0.002248258795334798,0.0016119356533689064,-6.547245887799508e-05,-0.03141015067580918
52.0,1,-0.018469011896199195,0.0042234338350303265,-0.0028927820174211075,8.00567751649342e-05,0.059048016915259634
52.02,0,0.008732610253037069,-0.002248270862380119,0.001616373101846671,-5.697919721560016e-05,-0.03141881287610607
52.02,1,-0.018384442245481643,0.0042332358610741435,-0.0029110620515588478,6.29955438662469e-05,0.05920230651117177
52.04,0,0.00868766101236241,-0.0022463827159908585,0.0016198001567735883,-4.224740833968718e-05,-0.031407110615532335
52.04,1,-0.01829969066158273,0.004241825562943724,-0.0029293247725104108,3.766020224182931e-05,0.05934789767897031
52.06,0,0.008642763876446491,-0.0022431676540821117,0.0016226011985926829,-2.258325020275745e-05,-0.0313817639069468
52.06,1,-0.018214768857679805,0.004250483846359874,-0.002948768992489264,4.619548254369832e-06,0.059502154300783865
52.08,0,0.008597938534940142,-0.0022393260892210006,0.001625190372453913,1.9250100458112485e-08,-0.031350584499194464
52.08,1,-0.018129661469873055,0.0042606257173638555,-0.002970557222285456,-3.435126938773278e-05,0.059683111312481704
52.1,0,0.008553189962832969,-0.0022356166239759488,0.001627972903482568,2.3088937962819495e-05,-0.031321721673626096
52.1,1,-0.01804432415857141,0.004273718416046577,-0.0029957456156615814,-7.635247659073391e-05,0.05990841030124281
52.120000000000005,0,0.008508508035590948,-0.002232777222387238,0.001631307151033549,4.396351831965212e-05,-0.03130284463174098
52.120000000000005,1,-0.017958683543107444,0.004291181017176074,-0.003025220073646299,-0.00011761516684529946,0.06019414940731033
52.14,0,0.008463868748702476,-0.002231445102307762,0.0016354710086328617,6.011571862693521e-05,-0.031300347150935603
52.14,1,-0.017872639266771607,0.004314273306504383,-0.003059642464787154,-0.00015390374136520224,0.06055373003242656
52.160000000000004,0,0.008419236975060059,-0.002232084568787288,0.0016406358413930935,6.947739577066805e-05,-0.0313186613587927
52.160000000000004,1,-0.01778606830791692,0.004343984125675529,-0.003099410111887521,-0.00018101605744239718,0.06099679381689981
52.18,0,0.008374570512586124,-0.0022349314823811783,0.0016468504357537539,7.071792990109155e-05,-0.031359758683237586
52.18,1,-0.017698831433940306,0.004380930671642062,-0.0031446307428912358,-0.00019531621571436744,0.06152834561870324
52.2,0,0.008329825015224251,-0.002239961424852046,0.0016540364871579128,6.343794375319317e-05,-0.03142289789168184
52.2,1,-0.01761078146339159,0.00442528018694944,-0.0031951140934987216,-0.0001942280775407701,0.06214815069483293
52.22,0,0.008284959283557812,-0.0022468860522022217,0.0016619960605635759,4.824970030838441e-05,-0.03150465443113949
52.22,1,-0.01752177278513852,0.004476704006463545,-0.0032503803605240526,-0.00017662087099281493,0.06285047696148244
52.24,0,0.008239940332954556,-0.0022551789057215104,0.001670430329673544,2.6730134141512985e-05,-0.031599234814242656
52.24,1,-0.01743167141005842,0.00453437114447216,-0.003309684797698761,-0.00014303127761541856,0.06362422730022566
52.26,0,0.008194747666428302,-0.0022641284748940375,0.0016789678392701846,1.2493838471815122e-06,-0.0316990480323637
52.26,1,-0.017340364723727582,0.004596984803081653,-0.0033720569568775273,-9.568743843491045e-05,0.06445347468157805
52.28,0,0.00814937625719462,-0.0022729130057342005,0.001687199639796207,-2.5305432968646818e-05,-0.03179547664731017
52.28,1,-0.017247770084327024,0.004662860791852532,-0.0034363524229424755,-3.8326459793118495e-05,0.06531837754572856
52.300000000000004,0,0.00810383788435533,-0.0022806888464672664,0.001694717997072193,-4.987700358784902e-05,-0.03187976684695388
52.300000000000004,1,-0.017153841475111026,0.004730042391230395,-0.0035013143683812168,2.417542238873638e-05,0.0661964180548368
52.32,0,0.008058160648613725,-0.0022866823727314823,0.0017011550422010471,-6.961098940618318e-05,-0.031943942228834565
52.32,1,-0.01705857357118046,0.004796442209701338,-0.0035656418515092624,8.631572175429869e-05,0.06706387521406443
52.34,0,0.008012386701771967,-0.0022902749729211184,0.0017062177281923282,-8.220736221555003e-05,-0.03198164225868011
52.34,1,-0.016962002801437545,0.0048599985657142184,-0.0036280614864239694,0.00014255815431297308,0.06789742176568608
52.36,0,0.007966568429103987,-0.002291071287088658,0.0017097158004438957,-8.62041919613421e-05,-0.03198879382727987
52.36,1,-0.016864205255239073,0.004918832242059191,-0.003687398914128236,0.00018793066789715013,0.06867572072093153
52.38,0,0.00792076350254708,-0.00228894280297617,0.0017115801367508763,-8.115691230351635e-05,-0.03196404232936286
52.38,1,-0.016765291570342684,0.004971389318054992,-0.003742646404635793,0.00021855460876304966,0.06938089584400683
52.4,0,0.007875029353144105,-0.0022840417889356405,0.001711869709610406,-6.768987870459098e-05,-0.03190889516639438
52.4,1,-0.01666539921298252,0.0050165571962959695,-0.003793022933881632,0.00023204023040910432,0.06999976051773446
52.42,0,0.00782941767736462,-0.002276784029822057,0.0017107664869950138,-4.7413961106992225e-05,-0.03182756245640181
52.42,1,-0.016564682792741085,0.005053743725592897,-0.003838023232751505,0.00022770205351919925,0.07052471010478135
52.44,0,0.007783969585891149,-0.0022678024944634825,0.0017085587196045994,-2.2721631066605075e-05,-0.03172651329142215
52.44,1,-0.016463303220067196,0.00508291313272958,-0.0038774526304133222,0.00020657190618020294,0.07095421195203391
52.46,0,0.007738711926218259,-0.002257877447053832,0.0017056141580833566,3.5129403158015715e-06,-0.03161379719906945
52.46,1,-0.016361416596822078,0.005104576846279523,-0.003911445040414037,0.00017121434264735433,0.07129286150526595
52.480000000000004,0,0.007693655171828419,-0.002247851203360115,0.0017023457004893025,2.8289065818521558e-05,-0.031498205912860136
52.480000000000004,1,-0.016259163724113155,0.005119741703682262,-0.003940462184574675,0.00012537477169653755,0.07155100907985514
52.5,0,0.007648793088113816,-0.00223853740215786,0.0016991726979021461,4.8843614266911445e-05,-0.03138836724447695
52.5,1,-0.01615666102131827,0.005129821969378774,-0.003965273115302114,7.351146787748508e-05,0.07174399610342536
52.52,0,0.007604104181134142,-0.0022306351226792477,0.0016964815741380963,6.297725077901092e-05,-0.03129186896828848
52.52,1,-0.01605399348951162,0.0051365246278220434,-0.003986914253201134,2.0275877590559405e-05,0.07189106891191804
52.54,0,0.0075595547345221415,-0.0022246573963811064,0.0016945895007977137,6.930209817732069e-05,-0.03121450564751281
52.54,1,-0.015951210142706968,0.005141719253979333,-0.004006631445039463,-2.999040877439338e-05,0.07201405996448505
52.56,0,0.007515103066235378,-0.002220881760237337,0.001693714599499644,6.738140795383742e-05,-0.031159726051276558
52.56,1,-0.01584832209697364,0.0051473042747860005,-0.004025806879202146,-7.367927939983324e-05,0.07213593912640384
52.58,0,0.007470704510352088,-0.0022193277415763135,0.001693955540580727,5.7746848206939594e-05,-0.031128335230275327
52.58,1,-0.01574530327695349,0.005155080662347856,-0.0040458749606891,-0.00010821172686545713,0.07227934099973543
52.6,0,0.007426316563336653,-0.00221976291448197,0.00169528252514472,4.1795556307577114e-05,-0.031118476359055153
52.6,1,-0.01564209349547626,0.005166642247860789,-0.004068232321905559,-0.0001321772660515183,0.07246516873610256
52.620000000000005,0,0.007381903634910561,-0.0022217358388718278,0.0016975405561040385,2.1584838080755675e-05,-0.031125886582286343
52.620000000000005,1,-0.015538603503309474,0.005183289241496166,-0.004094147906871099,-0.0001453124092792718,0.0727113617902256
52.64,0,0.007337440908290271,-0.0022246311947395517,0.0017004647253000623,-4.4483193128996845e-07,-0.031144391894422432
52.64,1,-0.015434721503714789,0.005205968585495685,-0.00412467940988659,-0.0001483365225937311,0.07303189671953332
52.660000000000004,0,0.007292916932838516,-0.002227740107189814,0.0017037060806817193,-2.1779719137405423e-05,-0.031166581781519993
52.660000000000004,1,-0.015330320583389057,0.005235241863288936,-0.004160602201918647,-0.0001426826621025029,0.0734360687481476
52.68,0,0.007248334727785967,-0.0022303372732097,0.0017068656032199778,-4.0134326035071166e-05,-0.031184587498900726
52.68,1,-0.0152252665227542,0.005271278996156444,-0.004202356209916393,-0.00013017375769674988,0.07392807970388696
52.7,0,0.007203711348534302,-0.002231756169789721,0.0017095330205796602,-5.370637020327487e-05,-0.031190880006852818
52.7,1,-0.015119425503343237,0.0053138741436500585,-0.004250015048696878,-0.00011269908699935646,0.07450693709810018
52.72,0,0.007159076036033313,-0.002231454327332432,0.0017113266954719027,-6.135540500704778e-05,-0.031179005177646997
52.72,1,-0.015012671313118954,0.0053624792192720335,-0.004303280118136874,-9.194194861335964e-05,0.07516665101842182
52.74,0,0.007114467215396652,-0.002229062245168202,0.0017119307033858723,-6.268718477798335e-05,-0.031144184247576846
52.74,1,-0.014904891745560533,0.005416250234765971,-0.0043615004950183205,-6.919769454671182e-05,0.0758967009812703
52.76,0,0.007069928716872688,-0.0022244117573713253,0.0017111254737979472,-5.8039626577303244e-05,-0.031083724976621253
52.76,1,-0.014795993980255582,0.005474102163534051,-0.004423717431299858,-4.530386448844265e-05,0.07668273415396515
52.78,0,0.00702550565082155,-0.0022175422128514403,0.0017088089896369213,-4.837973709085827e-05,-0.030997211242829305
52.78,1,-0.01468590881018646,0.0055347689385004725,-0.004488730302356691,-2.0683952086757162e-05,0.07750744909109336
52.800000000000004,0,0.006981240375313585,-0.0022086853811857468,0.001705006463603578,-3.513223541838813e-05,-0.030886463101182066
52.800000000000004,1,-0.014574593637699,0.005596866292847269,-0.004555179115091899,4.5134254380921335e-06,0.07835161467442367
52.82,0,0.006937168953663965,-0.002198232228696907,0.0016998675471114964,-1.9968294265891584e-05,-0.030755282907490807
52.82,1,-0.014462034196762705,0.005658956133645519,-0.004621637353342119,3.0214363742446515e-05,0.07919517150729483
52.84,0,0.0068933184184861865,-0.0021866863868079916,0.0016936513652786966,-4.585941461972276e-06,-0.03060902347384991
52.84,1,-0.014348244978231275,0.005719611777581699,-0.004686708135816085,5.620300324366001e-05,0.08001836188290012
52.86,0,0.006849705051450499,-0.002174610107637675,0.0016867008848767532,9.487966398798522e-06,-0.030454029473326247
52.86,1,-0.014233268345833102,0.005777483532373887,-0.004749116466886037,8.193528549839402e-05,0.08080283416773602
52.88,0,0.006806333768586312,-0.0021625687251346113,0.0016794091876967206,2.105012222792038e-05,-0.030297012274112477
52.88,1,-0.014117172343753948,0.00583136374696308,-0.004807790788856064,0.00010642453487213349,0.08153266792261099
52.9,0,0.006763198584260777,-0.002151079169414473,0.0016721810295894496,2.93123133552238e-05,-0.03014442068515785
52.9,1,-0.014000047221537111,0.0058802496643631085,-0.004861928048994736,0.00012822769681004875,0.08219526760427347
52.92,0,0.006720284025505813,-0.002140567056186898,0.0016653935313203677,3.392733868719591e-05,-0.030001866125303766
52.92,1,-0.013882000745469362,0.005923401379701728,-0.004911037971420303,0.0001455434852353013,0.08278207583058889
52.94,0,0.006677567291378042,-0.002131335486461469,0.0016593599220954666,3.4954695127004803e-05,-0.02987365150558757
52.94,1,-0.013763152430026123,0.005960391185949771,-0.004954964023330703,0.00015641392332041426,0.08328906267997638
52.96,0,0.006635020904583173,-0.002123547160427768,0.0016542999314688635,3.277984957925778e-05,-0.029762440095568006
52.96,1,-0.013643626905333422,0.005991139856144941,-0.004993880509331265,0.0001590019750290217,0.08371695601100015
52.980000000000004,0,0.006592615585475402,-0.0021172199386543184,0.0016503197335320924,2.8006356882118166e-05,-0.029669085498042577
52.980000000000004,1,-0.013523546728685405,0.006015935210224317,-0.005028267130755666,0.00015190319193785634,0.08407118975120259
53.0,0,0.006550323088801222,-0.0021122347393004253,0.001647403360716339,2.1341894312007503e-05,-0.02959262824451796
53.0,1,-0.013403025037399171,0.006035428818752959,-0.005058864035092585,0.0001344409669230412,0.0843615624956184
53.02,0,0.006508118775491613,-0.002108353749122052,0.0016454163263730918,1.3497428503084913e-05,-0.029530449916211815
53.02,1,-0.013282158511775817,0.006050607966700842,-0.005086611710558832,0.00010689453710616137,0.08460161699670563
53.04,0,0.006465983738228022,-0.002105246389607157,0.001644120949012147,5.113784948940214e-06,-0.02947856323944914
53.04,1,-0.013161021155783137,0.00606274197157289,-0.00511258095359999,7.061654791873373e-05,0.08480777105410173
53.06,0,0.0064239063530486685,-0.0021025202960444117,0.001643201687206598,-3.2770853403626954e-06,-0.029432007059281402
53.06,1,-0.01303965939700653,0.006073304429186207,-0.005137898506392483,2.8011761052805506e-05,0.08499825024755409
53.08,0,0.006381883183502301,-0.0020997546664910673,0.0016422977962161683,-1.1256500173141906e-05,-0.029385308830701798
53.08,1,-0.012918088949091178,0.006083875651421694,-0.005163673835239796,-1.76317612723062e-05,0.08519189088117601
53.1,0,0.0063399192140989,-0.002096533621158647,0.0016410399084117843,-1.849638217858718e-05,-0.02933297431404247
53.1,1,-0.012796293768607468,0.0060960321043925705,-0.005190931956420798,-6.2445848501326e-05,0.08540689530999732
53.120000000000005,0,0.0062980274334058,-0.0020924775774976323,0.0016390867911385142,-2.4721787810925988e-05,-0.029269964297155927
53.120000000000005,1,-0.012674227280682368,0.0061112316823797915,-0.005220556309834384,-0.00010238603252333417,0.08565962958584042
53.14,0,0.006256227823377493,-0.002087271005611634,0.0016361585800986048,-2.967306690245669e-05,-0.029192121011660417
53.14,1,-0.012551815857574354,0.006130704836761898,-0.005253244553642034,-0.00013368594694812552,0.0859635536616147
53.160000000000004,0,0.00621454584110051,-0.0020806852283490195,0.0016320632136268118,-3.308118250519923e-05,-0.029096512014381074
53.160000000000004,1,-0.012428964330984166,0.006155361689972981,-0.005289478934571539,-0.00015330287768199058,0.08632836653730373
53.18,0,0.006173010503482171,-0.0020725951562972967,0.0016267135524041178,-3.466597551116633e-05,-0.028981666212650987
53.18,1,-0.01230556312494856,0.006185724206910062,-0.005329511701016608,-0.0001592940212200994,0.08675943291796097
53.2,0,0.006131652205805764,-0.00206298902407748,0.0016201336743701666,-3.416134504831067e-05,-0.028847684992036406
53.2,1,-0.01218149643469082,0.006221890329871342,-0.005373364971506416,-0.00015107070879093187,0.08725753532698972
53.22,0,0.006090500422019305,-0.002051970373057988,0.001612453975001511,-3.1364575385686017e-05,-0.028696220647426145
53.22,1,-0.012056650768082766,0.006263533921050672,-0.005420843621696397,-0.0001294932885614608,0.08781896818327087
53.24,0,0.006049581447433762,-0.0020397517707752303,0.0016038958554102849,-2.6200683837736966e-05,-0.028530324107015486
53.24,1,-0.011930923125081072,0.006309940741139543,-0.005471559146666765,-9.67904012310894e-05,0.08843596077718469
53.26,0,0.006008916351259029,-0.0020266401252088217,0.0015947478228668355,-1.8787940764389277e-05,-0.028354173812159114
53.26,1,-0.011804228123517129,0.006360076951992158,-0.005524962096296823,-5.631007189121906e-05,0.08909738739978143
53.28,0,0.0059685193042881635,-0.002013013973085554,0.0015853356530048067,-9.488588421150551e-06,-0.028172707034776607
53.28,1,-0.011676503484867049,0.00641268322326885,-0.0055803805455935775,-1.2132998706615439e-05,0.08978969812447052
53.300000000000004,0,0.005928396433003233,-0.0019992937870690697,0.0015759897889046884,1.0702293509468053e-06,-0.027991183248317925
53.300000000000004,1,-0.011547713460098674,0.00646638487258422,-0.005637062104842218,3.140264414467492e-05,0.0904979855720344
53.32,0,0.005888545322983203,-0.001985907104141656,0.001567013332663707,1.2016261145959134e-05,-0.027814715719129145
53.32,1,-0.011417849984698874,0.006519806909980379,-0.005694217142274879,7.020338158906375e-05,0.09120709335813623
53.34,0,0.005848955250786553,-0.0019732510333014537,0.0015586538117658148,2.229707464380601e-05,-0.027647811540864157
53.34,1,-0.011286931579472716,0.006571682586918947,-0.005751061131070331,0.00010088440120395448,0.09190267181566131
53.36,0,0.005809608165671652,-0.0019616553338819955,0.0015510814057726424,3.078658607035337e-05,-0.027493961260418292
53.36,1,-0.011155000233322665,0.006620945098288052,-0.005806854298535623,0.00012113548160566645,0.09257209589442705
53.38,0,0.005770480374352421,-0.0019513496377683171,0.001544375562603593,3.6421661023142496e-05,-0.027355316589779584
53.38,1,-0.011022116690708152,0.006666794313320504,-0.005860937018963198,0.00012994271514706057,0.09320517767134
53.4,0,0.0057315448096609,-0.0019424384071744078,0.0015385210076134784,3.835060790394369e-05,-0.027232488308345654
53.4,1,-0.010888354698969595,0.006708733525788186,-0.005912759640935774,0.00012763984448208726,0.09379462951655251
53.42,0,0.005692773695583847,-0.0019348868017420202,0.0015334131572547675,3.60713363811542e-05,-0.027124486560769438
53.42,1,-0.01075379483533885,0.006746574810712569,-0.005961905678788998,0.00011578650579557176,0.0943362608441804
53.44,0,0.005654141365634671,-0.0019285197601724045,0.0015288719994782716,2.9536357958404383e-05,-0.02702881300037207
53.44,1,-0.010618518525181378,0.006780415191890818,-0.006008107542053594,9.6894286269876e-05,0.09482891840020158
53.46,0,0.005615626957499937,-0.0019230353367550954,0.0015246626931211369,1.920497331225901e-05,-0.026941699687883593
53.46,1,-0.010482602786052484,0.006810589004803548,-0.006051254246368394,7.404191601984023e-05,0.09527420415122984
53.480000000000004,0,0.005577216701167409,-0.0019180317945327564,0.0015205205467148854,6.029615858606577e-06,-0.026858474739317198
53.480000000000004,1,-0.010346116099295028,0.006837604192871139,-0.006091390862443384,5.0435263346762516e-05,0.09567602343684918
53.5,0,0.005538905544064972,-0.0019130463230699632,0.0015161777145051858,-8.627487920957744e-06,-0.026774021035058528
53.5,1,-0.01020911564164016,0.0068620715302317925,-0.006128709824759338,2.8974117487104434e-05,0.09604002730575799
53.52,0,0.005500697914928043,-0.0019076017322218303,0.001511388913574124,-2.3140773069923667e-05,-0.026683283478035703
53.52,1,-0.010071645927008183,0.006884635803440299,-0.0061635346333927315,1.188522682887827e-05,0.0963730160213353
53.54,0,0.005462607513638508,-0.0019012562902633672,0.0015059537083638942,-3.58143164770567e-05,-0.026581773747210085
53.54,1,-0.009933738737547269,0.0069059168564943926,-0.00619629691930896,4.701915243890409e-07,0.0966823657993971
53.56,0,0.005424656118518975,-0.0018936512129138282,0.0014997333863537266,-4.509672666122219e-05,-0.026466020254132368
53.56,1,-0.009795414084424822,0.0069264663133239415,-0.006227508269839394,-5.00073782058047e-06,0.09697552912435575
53.58,0,0.0053868715136928666,-0.001884550297654683,0.0014926610972797838,-4.9788645777862003e-05,-0.0263339155213877
53.58,1,-0.009656681849120913,0.006946743068445962,-0.006257728581087759,-5.239513053041656e-06,0.09725964247129651
53.6,0,0.00534928474353104,-0.0018738668811894789,0.0014847446700679834,-4.921310608494919e-05,-0.026184923230567755
53.6,1,-0.009517543723660524,0.006967107684417322,-0.00628753296900849,-1.7488539684404336e-06,0.09754125643581094
53.620000000000005,0,0.005311926985317375,-0.0018616746280307635,0.001476062273830986,-4.332298673975429e-05,-0.026020121805690938
53.620000000000005,1,-0.009377995093695482,0.006987833075544137,-0.006317479387517306,3.478269340065343e-06,0.09782618478827784
53.64,0,0.005274826383423344,-0.001848200492799132,0.001466751773803483,-3.272784125787041e-05,-0.025842079057929977
53.64,1,-0.009238026583842951,0.007009126670048487,-0.006348079040373984,8.320115800042327e-06,0.09811945326487878
53.660000000000004,0,0.0052380052004881395,-0.001833800317903485,0.00145699518477235,-1.8633331673874667e-05,-0.025654571118974914
53.660000000000004,1,-0.009097625095731204,0.007031157911863332,-0.0063797714239354885,1.0892867629307135e-05,0.09842531789845735
53.68,0,0.005201477610312037,-0.0018189196620241126,0.001446999997234325,-2.698848372494414e-06,-0.02546217641996508
53.68,1,-0.008956774296911192,0.007054084640515357,-0.006412905414327303,9.867434860783009e-06,0.09874731753235422
53.7,0,0.005165248385936104,-0.001804044320120096,0.001436979321548588,1.3169202967495616e-05,-0.02526978968464884
53.7,1,-0.008815454642726867,0.007078072575263473,-0.006447727253372305,4.689931874732323e-06,0.09908832612181388
53.72,0,0.005129312632712137,-0.0017896463360563754,0.0014271327623290313,2.7061300264660457e-05,-0.025082110005053913
53.72,1,-0.008673643114403447,0.007103303684015619,-0.006484375651569128,-4.3253300762852165e-06,0.09945057690629495
53.74,0,0.005093656592618227,-0.0017761319320520627,0.0014176297200493506,3.731281229012867e-05,-0.024903159861019007
53.74,1,-0.008531312920156435,0.007129971373866313,-0.006522883585880801,-1.6041944179631673e-05,0.09983564117830801
53.76,0,0.005058259418153973,-0.0017637975861129137,0.0014085964571374653,4.272180624884797e-05,-0.02473588801182964
53.76,1,-0.008388433423356361,0.0071582628545220775,-0.006563185801410979,-2.8677339900494425e-05,0.10024435730320957
53.78,0,0.005023095698253035,-0.0017527994905794854,0.0014001078108170377,4.270609078938295e-05,-0.024581898958902178
53.78,1,-0.008244970531253925,0.007188331327477717,-0.006605130598792113,-4.008016482773269e-05,0.10067671874951577
53.800000000000004,0,0.004988138429832046,-0.001743139944084785,0.0013921839385560833,3.737717621511011e-05,-0.0244413363934021
53.800000000000004,1,-0.008100887705256606,0.007220262499233933,-0.006648494255827316,-4.806614878198612e-05,0.10113174113805705
53.82,0,0.004953362078465309,-0.0017346720837149354,0.0013847919966687564,2.7520429909402844e-05,-0.024312929601918498
53.82,1,-0.00795614765120133,0.007254041039592704,-0.006692996419851172,-5.076148740993519e-05,0.1016073360417078
53.84,0,0.004918745366757818,-0.0017271220388364566,0.0013778522239102674,1.4483978895583546e-05,-0.024194192522605976
53.84,1,-0.007810714631679738,0.0072895228531818295,-0.006738315013431352,-4.6902437586524015e-05,0.10210022238213214
53.86,0,0.004884273469768558,-0.0017201253950073902,0.0013712475643426387,-8.07976898060947e-09,-0.02408174745033448
53.86,1,-0.007664557230181268,0.0073264183836417186,-0.006784099586594065,-3.6047035757054424e-05,0.10260590440674111
53.88,0,0.004849939377646938,-0.001713273091111659,0.0013648357385624263,-1.4091779021159143e-05,-0.023971731496542067
53.88,1,-0.007517651305628855,0.0073642907371401015,-0.006829982562885869,-1.8668433034801923e-05,0.10311873875299622
53.9,0,0.0048157442954353934,-0.0017061607721951763,0.0013584625669862504,-2.6015288744785786e-05,-0.023860235521987683
53.9,1,-0.007369982819394355,0.007402570418744053,-0.006875588384410033,3.8828306409693925e-06,0.10363210303177578
53.92,0,0.004781697073851141,-0.0016984353287405466,0.0013519753580039289,-3.437125823075281e-05,-0.0237437233441369
53.92,1,-0.007221550203395435,0.00744058622127001,-0.006920541074631818,2.954092476963044e-05,0.10413866617301051
53.94,0,0.004747812786106095,-0.0016898329013132047,0.00134523528185914,-3.827694312540618e-05,-0.02361938367525946
53.94,1,-0.0070723659693216765,0.007477609620917261,-0.00696447112399613,5.578649378708278e-05,0.10463074819905457
53.96,0,0.004714110668336262,-0.0016802039309634822,0.0013381278354484564,-3.747733443705027e-05,-0.0234853776990517
53.96,1,-0.006922457330872268,0.007512908227184249,-0.007007022796025368,7.996935267603339e-05,0.10510074582790346
53.980000000000004,0,0.004680611711689486,-0.0016695226987526748,0.0013305707376134596,-3.2357872129762724e-05,-0.02334095991040768
53.980000000000004,1,-0.00677186571294673,0.007545802651833884,-0.007047862911732066,9.964532423935996e-05,0.10554159180143502
54.0,0,0.0046473362239244495,-0.0016578809534645484,0.0013225188524518211,-2.3866595126865314e-05,-0.02318646675337681
54.0,1,-0.006620645139877959,0.0075757207502148765,-0.007086691893200887,0.00011287942915894078,0.10594721107384933
54.02,0,0.004614301664692338,-0.0016454673681952946,0.0013139659956950625,-1.3358775155456956e-05,-0.02302318437957867
54.02,1,-0.006468859613105749,0.007602243578570062,-0.007123257364597727,0.00011847369125347201,0.10631293640872741
54.04,0,0.004581521004837016,-0.0016325363939533892,0.0013049437167033096,-2.388238332047543e-06,-0.0228531212770154
54.04,1,-0.0063165796918053735,0.0076251385165618125,-0.007157369985335617,0.0001160898726806775,0.1066358493591847
54.06,0,0.004549001774959871,-0.0016193713415860727,0.001295517351927669,7.522959871110804e-06,-0.02267872174207613
54.06,1,-0.006163878565326447,0.007644376638829658,-0.007188920515598138,0.00010625357995741602,0.1069150193636578
54.08,0,0.004516745865243367,-0.0016062470581307941,0.0012857798061421994,1.510216870152098e-05,-0.02250256098253264
54.08,1,-0.006010827945746573,0.007660133328602647,-0.007217896492269857,9.024388145624507e-05,0.10715162271898082
54.1,0,0.004484750032423413,-0.00159339731476417,0.0012758436316660739,1.949923452503402e-05,-0.022327061641223413
54.1,1,-0.005857494109716961,0.007672773028742487,-0.007244396426257482,6.988916253655025e-05,0.10734893323985825
54.120000000000005,0,0.004453006976103019,-0.0015809910510951625,0.0012658320434290476,2.03904343887059e-05,-0.022154265149720978
54.120000000000005,1,-0.005703934383921665,0.00768282065621502,-0.007268639207691485,4.730294770390747e-05,0.10751218623930636
54.14,0,0.0044215067782813365,-0.0015691200898028457,0.0012558695320308802,1.799948473690978e-05,-0.02198568074197675
54.14,1,-0.005550194305530161,0.007690923356264085,-0.0072909664828809465,2.460096091688735e-05,0.1076483260267803
54.160000000000004,0,0.004390238465859261,-0.0015577990906237593,0.0012460727223930928,1.3034655314965796e-05,-0.021822221924047598
54.160000000000004,1,-0.005396305608987199,0.007697806819756881,-0.007311836167725527,3.641759725878102e-06,0.10776565371687045
54.18,0,0.004359191459439184,-0.0015469766387823385,0.0012365420772896395,6.553799270697658e-06,-0.021664226742223437
54.18,1,-0.005242285105802415,0.007704230309623369,-0.0073318059656526085,-1.4172145105878498e-05,0.10787339647983304
54.2,0,0.004328356710668149,-0.001536554743274792,0.0012273549680870048,-2.2007098043723416e-07,-0.021511546334866655
54.2,1,-0.005088134446541848,0.007710943918209817,-0.007351506701445722,-2.8006705922262176e-05,0.1079812215608597
54.22,0,0.004297727397106907,-0.0015264128932366838,0.0012185605343504337,-6.1028136502973285e-06,-0.021363677691663276
54.22,1,-0.004933840693419986,0.007718650567639543,-0.007371606367645252,-3.761094674995663e-05,0.10809871889370357
54.24,0,0.004267299126556916,-0.001516432343888447,0.0012101766344121642,-1.0140403055521746e-05,-0.021219912411382737
54.24,1,-0.0047793775933756,0.007727974083672235,-0.007392766885486697,-4.323840938903062e-05,0.10823487558080033
54.26,0,0.0042370696882069354,-0.0015065165319606301,0.0012021890555682475,-1.1757490643211216e-05,-0.021079473956805612
54.26,1,-0.004624707426428005,0.007739433548899352,-0.00741559657603412,-4.5494903157382305e-05,0.1083975645877483
54.28,0,0.004207038462144979,-0.001496604398557117,0.0011945530108109414,-1.084048315073971e-05,-0.020941621096648898
54.28,1,-0.004469783309196895,0.007753423277916594,-0.007440602094367882,-4.514336975746519e-05,0.10859306926058979
54.300000000000004,0,0.004177205650136798,-0.0014866747694053833,0.001187196805215755,-7.742924258999015e-06,-0.020805703847416368
54.300000000000004,1,-0.004314551851923251,0.007770197300915218,-0.007468143997819902,-4.290280429442017e-05,0.10882566501710747
54.32,0,0.004147571511431696,-0.001476741577709196,0.001180027416402182,-3.213373433249775e-06,-0.020671168714495494
54.32,1,-0.004158956090238841,0.0077898572551541746,-0.007498400131186603,-3.927817734641209e-05,0.10909727974950487
54.34,0,0.004118135775116609,-0.0014668413443878372,0.0011729376076092517,1.7417301082060799e-06,-0.020537520551537927
54.34,1,-0.004002938631072388,0.007812343034771748,-0.007531340594807943,-3.4452235789551866e-05,0.10940725472259402
54.36,0,0.004088897358006436,-0.0014570156893765544,0.001165814086784642,6.037460859833338e-06,-0.020404257112131594
54.36,1,-0.0038464449577514967,0.007837426319355653,-0.0075667172404949344,-2.825892685071746e-05,0.10975222739782986
54.38,0,0.004059854451947904,-0.001447292516344639,0.001158546148144049,8.702648569822169e-06,-0.020270797877394768
54.38,1,-0.0036894268279575,0.007864708004469539,-0.007604069486290129,-2.0243786722877466e-05,0.11012615584929641
54.4,0,0.004031004968082125,-0.0014376697518068491,0.0011510341902146641,9.05355289576755e-06,-0.02013643007819166
54.4,1,-0.0035318456692433635,0.007893621371967138,-0.007642746862671697,-9.801269553598446e-06,0.11052050047709353
54.42,0,0.0040023472512195745,-0.0014281050897234355,0.0011431975008683558,6.820503624230256e-06,-0.020000291759752327
54.42,1,-0.0033736758343058284,0.0079234433474636,-0.007681947234543055,3.6348732909002868e-06,0.1109245719911995
54.44,0,0.003973880917883547,-0.0014185141632062144,0.001134980737280566,2.2064774622358035e-06,-0.01986140476234924
54.44,1,-0.003214907530053427,0.00795331622297822,-0.007720768230344407,2.0382183409974053e-05,0.1113260449382851
54.46,0,0.003945607637252486,-0.0014087781013244287,0.001126358606340529,-4.132646261053793e-06,-0.01971876077228095
54.46,1,-0.003055549191433006,0.007982281676959383,-0.007758268191607153,4.031980174910854e-05,0.11171162367568226
54.480000000000004,0,0.003917531671586704,-0.0013987597674061986,0.0011173383651303446,-1.1183980137625255e-05,-0.019571452763549154
54.480000000000004,1,-0.0028956290446659856,0.008009327801932722,-0.007793532052386258,6.275572449224859e-05,0.11206783350256586
54.5,0,0.0038896600230409503,-0.0013883263856656325,0.001107959905323678,-1.773535087320685e-05,-0.01941883404844565
54.5,1,-0.0027351956056478406,0.008033448256335975,-0.007825737054382014,8.638061085380205e-05,0.11238189497784984
54.52,0,0.003862002092934675,-0.0013773750070326836,0.001098293351064176,-2.2570545312215924e-05,-0.019260679553145352
54.52,1,-0.0025743168953677275,0.008053710790032437,-0.007854213145031827,0.00010932506732040659,0.11264262599313372
54.54,0,0.003834568838671342,-0.001365856554749787,0.0010884342766703027,-2.4671527220719754e-05,-0.0190973202392763
54.54,1,-0.002413078228196945,0.008069330518841351,-0.007878493292580495,0.00012932146972752245,0.1128413057940514
54.56,0,0.0038073715002068993,-0.0013537941544444648,0.001078496826905317,-2.339554267058539e-05,-0.018929722619551923
54.56,1,-0.0022515785379647814,0.008079741738676156,-0.007898349741362286,0.00014395471221469863,0.1129724296292515
54.58,0,0.0037804200483497535,-0.0013412921166136523,0.001068605186693473,-1.8598485266379042e-05,-0.018759491147324753
54.58,1,-0.0020899253422148817,0.008084661056863634,-0.007913813342911255,0.00015097132655920303,0.11303428346953168
54.6,0,0.0037537215679203303,-0.001328533217144085,0.00105888398747978,-1.0683823689969577e-05,-0.01858878121632722
54.6,1,-0.0019282285931102963,0.00808413440080349,-0.007925174428086415,0.0001486055124643726,0.11302927609878449
54.620000000000005,0,0.003727278819298099,-0.0013157636315030692,0.001049448343240785,-5.676081869391073e-07,-0.01842012323285603
54.620000000000005,1,-0.0017665938067564124,0.008078561170194226,-0.007932965111679489,0.00013587550622495836,0.11296398087649422
54.64,0,0.0037010892159334272,-0.0013032667676733697,0.0010403942712440438,1.0437132961432088e-05,-0.018256171880388607
54.64,1,-0.0016051149824880474,0.008068690435484176,-0.00793792432171733,0.00011280530512389197,0.11284886079165457
54.660000000000004,0,0.0036751444122522805,-0.0012913290259276258,0.0010317902638241059,2.0800871401500075e-05,-0.018099407234388264
54.660000000000004,1,-0.0014438679023275995,0.008055586529537412,-0.007940948108670335,8.053499490574129e-05,0.11269767641861803
54.68,0,0.0036494306209722055,-0.0012802019144624974,0.0010236707330499816,2.8997040598491806e-05,-0.017951823843073457
54.68,1,-0.001282904424447936,0.008040564389867083,-0.0079430288224642,4.129675959620854e-05,0.11252660469854295
54.7,0,0.003623929681173682,-0.0012700657451603953,0.001016031948670916,3.372826516048668e-05,-0.01781464869740602
54.7,1,-0.0011222483449652612,0.008025098251258468,-0.007945187481156196,-1.7487817667166672e-06,0.11235312429938528
54.72,0,0.003598620792181134,-0.0012610001862318834,0.0010088309332641956,3.412562531675267e-05,-0.01768812823256312
54.72,1,-0.000961893298905733,0.00801071037843096,-0.007948404057162949,-4.480240057679746e-05,0.11219474769861024
54.74,0,0.003573482728734693,-0.0012529662292746126,0.0010019875733184094,2.9890772673924274e-05,-0.017571417982518503
54.74,1,-0.0008018030106895443,0.007998849079604707,-0.007953550466658101,-8.381121471853076e-05,0.11206769832918442
54.76,0,0.003548496274845614,-0.0012458027221832618,0.0009953899617578916,2.135881444521523e-05,-0.01746259692501088
54.76,1,-0.0006419140012133103,0.007990766918438674,-0.007961330782526345,-0.00011490404922035596,0.1119856409073618
54.78,0,0.0035236465691399614,-0.0012392387136336562,0.0009889027213081695,9.471338291573185e-06,-0.01735881332916276
54.78,1,-0.00048214063267234007,0.007987410603414551,-0.007972232638936134,-0.0001348245649872501,0.11195857301279097
54.800000000000004,0,0.0034989250508627996,-0.0012329207127112693,0.0009823777883641968,-4.3379449981076346e-06,-0.017256552032959664
54.800000000000004,1,-0.0003223821472913381,0.007989333369377643,-0.00798649300846391,-0.00014130854724953706,0.11199197571853653
54.82,0,0.0034743307347821885,-0.001226451889839594,0.0009756668860769541,-1.832965894738546e-05,-0.017151996798806933
54.82,1,-0.00016253115653458395,0.007996638811162578,-0.008004080571362903,-0.00013335789966956862,0.11208630125594565
54.84,0,0.0034498706207014493,-0.0012194385280928487,0.0009686347073368508,-3.0691434941261184e-05,-0.017041447958358623
54.84,1,-2.482885377735275e-06,0.00800896226414118,-0.008024695824639308,-0.00011137636617576663,0.1122368480641523
54.86,0,0.003425559149368055,-0.0012115379244362272,0.0009611716869712465,-3.978408757083704e-05,-0.016921746854536342
54.86,1,0.00015785561081205584,0.008025492254926414,-0.00804778895879594,-7.714912168066412e-05,0.11243404069065045
54.88,0,0.0034014167373151785,-0.0012025016013988384,0.0009532051887275837,-4.4366520041192944e-05,-0.016790655899542546
54.88,1,0.00031855705099290566,0.00804503065782528,-0.008072594421847655,-3.3667822660170266e-05,0.11266409703221408
54.9,0,0.003377467542436216,-0.0011922081763931663,0.0009447079819024388,-4.376759021698477e-05,-0.016647146879287346
54.9,1,0.0004796670833853346,0.008066086417971978,-0.008098180048600667,1.5178127291848309e-05,0.11291003172431585
54.92,0,0.0033537367137745897,-0.0011806814880020397,0.0009357030421078679,-3.798076437190774e-05,-0.01649156006765665
54.92,1,0.0006411995828127078,0.008086994455141978,-0.008123507708900374,6.500701509757484e-05,0.11315291535689012
54.94,0,0.0033302474493144716,-0.0011680914289516585,0.0009262639777059666,-2.7668434062606828e-05,-0.016325611571260612
54.94,1,0.000803134489528388,0.008106048993086605,-0.008147501668092187,0.00011139851972512271,0.11337328738348736
54.96,0,0.003307018214906123,-0.0011547371344075657,0.0009165107434294453,-1.4075629393780695e-05,-0.01615224425231214
54.96,1,0.0009654183590509676,0.008121639311690536,-0.008169120298566767,0.000150342271391872,0.11355260809227563
54.980000000000004,0,0.003284060461806189,-0.001141014424947304,0.0009066007295334802,1.1343630063279792e-06,-0.015975336312268586
54.980000000000004,1,0.0011279675502746148,0.008132375903794264,-0.008187426470112004,0.00017862981091312097,0.11367463284220658
55.0,0,0.003261377121667452,-0.0011273714044101632,0.00089671577201071,1.6099134037553947e-05,-0.015799298795779838
55.0,1,0.0012906737487236263,0.008137196202475775,-0.00820165190889795,0.00019414692940658562,0.11372659990525427
