grid,time,actual_cycles,second_cycles,fourth_cycles,local_a,predicted_a
base,0.0,0.0,0.0,0.0,0.0,0.0
base,0.05,0.0,0.0,0.0,0.0,0.0
base,0.1,0.0,0.0,0.0,0.0,0.0
base,0.15,0.0,0.0,0.0,0.0,0.0
base,0.2,0.0,0.0,0.0,0.0,0.0
base,0.25,0.0,0.0,0.0,0.0,0.0
base,0.3,0.0,0.0,0.0,0.0,0.0
base,0.35000000000000003,0.0,0.0,0.0,0.0,0.0
base,0.4,0.0,0.0,0.0,0.0,0.0
base,0.45,0.0,0.0,0.0,0.0,0.0
base,0.5,0.0,0.0,0.0,0.0,0.0
base,0.55,0.0,0.0,0.0,0.0,0.0
base,0.6,0.0,0.0,0.0,0.0,0.0
base,0.65,0.0,0.0,0.0,0.0,0.0
base,0.7000000000000001,0.0,0.0,0.0,0.0,0.0
base,0.75,0.0,0.0,0.0,0.0,0.0
base,0.8,0.0,0.0,0.0,0.0,0.0
base,0.85,0.0,0.0,0.0,0.0,0.0
base,0.9,0.0,0.0,0.0,0.0,-1.3751e-319
base,0.9500000000000001,0.0,0.0,0.0,0.0,-1.6770964543839e-310
base,1.0,0.0,2.993198e-317,2.993198e-317,0.0,-2.5417445050222106e-302
base,1.05,0.0,9.74696555242433e-310,9.74696555242433e-310,0.0,-7.538037462484827e-295
base,1.1,0.0,8.349927951663482e-303,8.349927951663482e-303,0.0,-5.957685795784376e-288
base,1.1500000000000001,0.0,2.3544008150941314e-296,2.3544008150941314e-296,0.0,-1.5665399408348946e-281
base,1.2,0.0,2.583078034734059e-290,2.583078034734059e-290,0.0,-1.6177951638894828e-275
base,1.25,0.0,1.254566662155567e-284,1.254566662155567e-284,0.0,-7.4586312830855425e-270
base,1.3,0.0,2.9872602754543397e-279,2.9872602754543397e-279,0.0,-1.6989763311221862e-264
base,1.35,0.0,3.786749140450334e-274,3.786749140450334e-274,0.0,-2.075352659768092e-259
base,1.4000000000000001,0.0,2.7344877078792366e-269,2.7344877078792366e-269,0.0,-1.4541924977697755e-254
base,1.45,0.0,1.190164296046496e-264,1.190164296046496e-264,0.0,-6.182597447533068e-250
base,1.5,0.0,3.274446112725147e-260,3.274446112725147e-260,0.0,-1.6723938792360117e-245
base,1.55,0.0,5.930678769487594e-256,5.930678769487594e-256,0.0,-2.99715587719723e-241
base,1.6,0.0,7.322954613592015e-252,7.322954613592015e-252,0.0,-3.6849986395474776e-237
base,1.6500000000000001,0.0,6.354109238619611e-248,6.354109238619611e-248,0.0,-3.2039960856676235e-233
base,1.7,0.0,3.978481870924052e-244,3.978481870924052e-244,0.0,-2.0230362264177752e-229
base,1.75,0.0,1.8398828091963017e-240,1.8398828091963017e-240,0.0,-9.495886393009576e-226
base,1.8,0.0,6.415206778533705e-237,6.415206778533705e-237,0.0,-3.382982158438392e-222
base,1.85,0.0,1.717549534075018e-233,1.717549534075018e-233,0.0,-9.318191160490586e-219
base,1.9000000000000001,0.0,3.588771899718566e-230,3.588771899718566e-230,0.0,-2.0175829373838975e-215
base,1.95,0.0,5.937710505631491e-227,5.937710505631491e-227,0.0,-3.485621609669584e-212
base,2.0,0.0,7.880477464982569e-224,7.880477464982569e-224,0.0,-4.870085318792704e-209
base,2.05,0.0,8.487146592849315e-221,8.487146592849315e-221,2.47e-322,-5.57078372573275e-206
base,2.1,0.0,7.493779015593448e-218,7.493779015593448e-218,3.807665e-318,-5.275458857503372e-203
base,2.15,0.0,5.473828767280873e-215,5.473828767280873e-215,4.4256301714e-314,-4.178218306324186e-200
base,2.2,0.0,3.333688152158082e-212,3.333688152158082e-212,3.97806546367396e-310,-2.7935864282152584e-197
base,2.25,0.0,1.7038764843893643e-209,1.7038764843893643e-209,2.8068142167545022e-306,-1.590370349040498e-194
base,2.3000000000000003,0.0,7.34570112328669e-207,7.34570112328669e-207,1.57570915794621e-302,-7.770201810683981e-192
base,2.35,0.0,2.6798871707251303e-204,2.6798871707251303e-204,7.12559254073277e-299,-3.281975785945429e-189
base,2.4,0.0,8.278774503038757e-202,8.278774503038757e-202,2.625168191912426e-295,-1.2065461539320246e-186
base,2.45,0.0,2.157904479744332e-199,2.157904479744332e-199,7.961441679542957e-292,-3.884929024427909e-184
base,2.5,0.0,4.6914339686007326e-197,4.6914339686007326e-197,2.0066648039247163e-288,-1.102013752977073e-181
base,2.5500000000000003,0.0,8.25672831725696e-195,8.25672831725696e-195,4.240701446018612e-285,-2.768962050125353e-179
base,2.6,0.0,1.078447130305911e-192,1.078447130305911e-192,7.575752597226324e-282,-6.194087067785175e-177
base,2.65,0.0,6.776270910506097e-191,6.776270910506097e-191,1.1527301084914826e-278,-1.2394504825958394e-174
base,2.7,0.0,-1.3143089668767469e-188,-1.3143089668767469e-188,1.5045273039522556e-275,-2.2284524665674156e-172
base,2.75,0.0,-5.9921863244140285e-186,-5.9921863244140285e-186,1.6954706460659808e-272,-3.615024401341737e-170
base,2.8000000000000003,0.0,-1.4058469227700686e-183,-1.4058469227700686e-183,1.6597980442286374e-269,-5.3119579565324495e-168
base,2.85,0.0,-2.517445200432536e-181,-2.517445200432536e-181,1.4196426036563527e-266,-7.096347248223376e-166
base,2.9,0.0,-3.764135893957234e-179,-3.764135893957234e-179,1.0665664136245598e-263,-8.648895130940022e-164
base,2.95,0.0,-4.875583871509374e-177,-4.875583871509374e-177,7.073983168352352e-261,-9.64839914081146e-162
base,3.0,0.0,-5.57837130223955e-175,-5.57837130223955e-175,4.161572340193835e-258,-9.882416743886037e-160
base,3.0500000000000003,0.0,-5.7060099143964756e-173,-5.7060099143964756e-173,2.1812076334149864e-255,-9.320854529747587e-158
base,3.1,0.0,-5.260930388798294e-171,-5.260930388798294e-171,1.0228218566258876e-252,-8.117768268225561e-156
base,3.15,0.0,-4.398285152806947e-169,-4.398285152806947e-169,4.308051842273371e-250,-6.545559191349333e-154
base,3.2,0.0,-3.3492063423393754e-167,-3.3492063423393754e-167,1.635909784160318e-247,-4.898559881559681e-152
base,3.25,0.0,-2.330866744186415e-165,-2.330866744186415e-165,5.6203978623319605e-245,-3.4105905996822244e-150
base,3.3000000000000003,0.0,-1.4862933865099913e-163,-1.4862933865099913e-163,1.752889199753643e-242,-2.214152034845655e-148
base,3.35,0.0,-8.698367742235878e-162,-8.698367742235878e-162,4.978476618203751e-240,-1.3431723304168899e-146
base,3.4,0.0,-4.6759106355424003e-160,-4.6759106355424003e-160,1.291510078536178e-237,-7.629356975550743e-145
base,3.45,0.0,-2.3081690954339836e-158,-2.3081690954339836e-158,3.0690066698541078e-235,-4.0655564450626738e-143
base,3.5,0.0,-1.0444015997672004e-156,-1.0444015997672004e-156,6.698461185832505e-233,-2.0362588530711594e-141
base,3.5500000000000003,0.0,-4.313979754971274e-155,-4.313979754971274e-155,1.346328552293607e-230,-9.602747058361158e-140
base,3.6,0.0,-1.6134002162005906e-153,-1.6134002162005906e-153,2.4980109453967732e-228,-4.2711203904194053e-138
base,3.65,0.0,-5.374849919169509e-152,-5.374849919169509e-152,4.28867977236381e-226,-1.794626312878058e-136
base,3.7,0.0,-1.538769341009742e-150,-1.538769341009742e-150,6.828275380910205e-224,-7.134505518742877e-135
base,3.75,0.0,-3.4282893226878747e-149,-3.4282893226878747e-149,1.0103805107803089e-221,-2.6875373063341636e-133
base,3.8000000000000003,0.0,-3.504560036941267e-148,-3.504560036941267e-148,1.3922997684273244e-219,-9.606431393515627e-132
base,3.85,0.0,1.832716000350909e-146,1.832716000350909e-146,1.7902064623117735e-217,-3.2627016422993355e-130
base,3.9,0.0,1.5705590404512574e-144,1.5705590404512574e-144,2.1518324382761916e-215,-1.0543068085938554e-128
base,3.95,0.0,7.803624230392963e-143,7.803624230392963e-143,2.42229415613242e-213,-3.2454503685142616e-127
base,4.0,0.0,3.136389934717655e-141,3.136389934717655e-141,2.5580219466557464e-211,-9.528480625854267e-126
base,4.05,0.0,1.1049767508704504e-139,1.1049767508704504e-139,2.538376129813474e-209,-2.6712533564377023e-124
base,4.1,0.0,3.525787110829978e-138,3.525787110829978e-138,2.37065621901806e-207,-7.158663324884565e-123
base,4.15,0.0,1.036144481285397e-136,1.036144481285397e-136,2.0868989218341907e-205,-1.8358558398620802e-121
base,4.2,0.0,2.8322268514976254e-135,2.8322268514976254e-135,1.7341555082883349e-203,-4.510055953611835e-120
base,4.25,0.0,7.246473949072839e-134,7.246473949072839e-134,1.3621897068064334e-201,-1.06241059757166e-118
base,4.3,0.0,1.7429188511696322e-132,1.7429188511696322e-132,1.0128288618752576e-199,-2.4020643092125607e-117
base,4.3500000000000005,0.0,3.952496909992548e-131,3.952496909992548e-131,7.137522482348294e-198,-5.217450468614194e-116
base,4.4,0.0,8.468336848475186e-130,8.468336848475186e-130,4.773259305485187e-196,-1.0896799369222007e-114
base,4.45,0.0,1.7164222094750354e-128,1.7164222094750354e-128,3.032927580590997e-194,-2.1901727069362896e-113
base,4.5,0.0,3.2932689377477296e-127,3.2932689377477296e-127,1.833129052192718e-192,-4.239898793166162e-112
base,4.55,0.0,5.981168949884634e-126,5.981168949884634e-126,1.05510240168001e-190,-7.911829593167589e-111
base,4.6000000000000005,0.0,1.0273705013615645e-124,1.0273705013615645e-124,5.789436121641093e-189,-1.424221287984256e-109
base,4.65,0.0,1.665743489110238e-123,1.665743489110238e-123,3.031595481284324e-187,-2.4750312650272458e-108
base,4.7,0.0,2.540350595684439e-122,2.540350595684439e-122,1.5164821519903632e-185,-4.155271236716245e-107
base,4.75,0.0,3.6216947798793703e-121,3.6216947798793703e-121,7.253662858738079e-184,-6.74428730387014e-106
base,4.8,0.0,4.774325105634756e-120,4.774325105634756e-120,3.320781187204723e-182,-1.058969462360032e-104
base,4.8500000000000005,0.0,5.698740223836626e-119,5.698740223836626e-119,1.4564021638827368e-180,-1.6096252647602163e-103
base,4.9,0.0,5.877538879567986e-118,5.877538879567986e-118,6.1243918807986465e-179,-2.369923696179518e-102
base,4.95,0.0,4.546323430504937e-117,4.546323430504937e-117,2.4714699924835005e-177,-3.3820328531609284e-101
base,5.0,0.0,7.142612059201245e-117,7.142612059201245e-117,9.57892434102486e-176,-4.68071842332022e-100
base,5.05,0.0,-6.74306310252102e-115,-6.74306310252102e-115,3.5685698685912483e-174,-6.286195296926571e-99
base,5.1000000000000005,0.0,-1.8907405362887262e-113,-1.8907405362887262e-113,1.2788627603629943e-172,-8.196825516485846e-98
base,5.15,0.0,-3.6567924267824085e-112,-3.6567924267824085e-112,4.411962463705053e-171,-1.0382943221189227e-96
base,5.2,0.0,-5.9933572894943126e-111,-5.9933572894943126e-111,1.4663367829744866e-169,-1.2783203878723363e-95
base,5.25,0.0,-8.836841296391908e-110,-8.836841296391908e-110,4.698249710447014e-168,-1.53046758686251e-94
base,5.3,0.0,-1.202241347800175e-108,-1.202241347800175e-108,1.4522325291931573e-166,-1.7827399468748683e-93
base,5.3500000000000005,0.0,-1.5283903468852442e-107,-1.5283903468852442e-107,4.3333363246309756e-165,-2.0213397511042873e-92
base,5.4,0.0,-1.8274577006508472e-106,-1.8274577006508472e-106,1.2490356943938059e-163,-2.2319277126261683e-91
base,5.45,0.0,-2.0608513116398565e-105,-2.0608513116398565e-105,3.479889545969517e-162,-2.4010802511625575e-90
base,5.5,0.0,-2.191704781853084e-104,-2.191704781853084e-104,9.376880491419531e-161,-2.517732993299631e-89
base,5.55,0.0,-2.191021865902319e-103,-2.191021865902319e-103,2.445176870389566e-159,-2.574390722548458e-88
base,5.6000000000000005,0.0,-2.0430770903156373e-102,-2.0430770903156373e-102,6.174056681608974e-158,-2.567918543547288e-87
base,5.65,0.0,-1.748895191073072e-101,-1.748895191073072e-101,1.5103649666494773e-156,-2.499799885840344e-86
base,5.7,0.0,-1.327002730754454e-100,-1.327002730754454e-100,3.5816240466173014e-155,-2.375838412930225e-85
base,5.75,0.0,-8.112286609710077e-100,-8.112286609710077e-100,8.237478704029745e-154,-2.2053728666554593e-84
base,5.8,0.0,-2.4597154782740007e-99,-2.4597154782740007e-99,1.8384339818494818e-152,-2.000147311113405e-83
base,5.8500000000000005,0.0,3.201198496443782e-98,3.201198496443782e-98,3.983441434795234e-151,-1.7730207576939654e-82
base,5.9,0.0,8.408203814387208e-97,8.408203814387208e-97,8.383723986931848e-150,-1.5367047621245796e-81
base,5.95,0.0,1.2781383483276257e-95,1.2781383483276257e-95,1.714705577939748e-148,-1.302688914330638e-80
base,6.0,0.0,1.6063269209151062e-94,1.6063269209151062e-94,3.4097045900261016e-147,-1.0804624205946896e-79
base,6.05,0.0,1.8136186469783353e-93,1.8136186469783353e-93,6.59498672470471e-146,-8.770786526340195e-79
base,6.1000000000000005,0.0,1.901702553462091e-92,1.901702553462091e-92,1.2412848293626597e-144,-6.970516715742946e-78
base,6.15,0.0,1.883381703882486e-91,1.883381703882486e-91,2.2744419782598905e-143,-5.425291653194031e-77
base,6.2,0.0,1.7791061667694518e-90,1.7791061667694518e-90,4.05886909425517e-142,-4.136600948914563e-76
base,6.25,0.0,1.6131450491092856e-89,1.6131450491092856e-89,7.057296411006106e-141,-3.090679974442055e-75
base,6.3,0.0,1.4100650958435385e-88,1.4100650958435385e-88,1.1960430308635667e-139,-2.2634900983277937e-74
base,6.3500000000000005,0.0,1.1919795426026918e-87,1.1919795426026918e-87,1.9765061339520708e-138,-1.625318613173597e-73
base,6.4,0.0,9.767880108464495e-87,9.767880108464495e-87,3.186076096574701e-137,-1.1445953756428108e-72
base,6.45,0.0,7.774064180206669e-86,7.774064180206669e-86,5.0116471826511104e-136,-7.907411942010524e-72
base,6.5,0.0,6.018245119715958e-85,6.018245119715958e-85,7.695327875578545e-135,-5.360412029355872e-71
base,6.55,0.0,4.537427353279369e-84,4.537427353279369e-84,1.1538471637473266e-133,-3.5665903676506164e-70
base,6.6000000000000005,0.0,3.3352398171064275e-83,3.3352398171064275e-83,1.690022951323444e-132,-2.329736099215408e-69
base,6.65,0.0,2.3923072009816258e-82,2.3923072009816258e-82,2.41882940611775e-131,-1.4943877472089203e-68
base,6.7,0.0,1.6758066490701327e-81,1.6758066490701327e-81,3.383981618472127e-130,-9.41510345901968e-68
base,6.75,0.0,1.1472354114696256e-80,1.1472354114696256e-80,4.629130266711373e-129,-5.82762876868077e-67
base,6.8,0.0,7.680246249394353e-80,7.680246249394353e-80,6.193766502297369e-128,-3.5445496429967183e-66
base,6.8500000000000005,0.0,5.030805514871234e-79,5.030805514871234e-79,8.108239610499425e-127,-2.1189846149837652e-65
base,6.9,0.0,3.225993653662742e-78,3.225993653662742e-78,1.0388287481830558e-125,-1.245331721047294e-64
base,6.95,0.0,2.0260884187177957e-77,2.0260884187177957e-77,1.302967002015369e-124,-7.196537889767791e-64
base,7.0,0.0,1.2468429416832275e-76,1.2468429416832275e-76,1.6003632685916185e-123,-4.0900840559526005e-63
base,7.05,0.0,7.521416167929394e-76,7.521416167929394e-76,1.9253972103102452e-122,-2.28663903573728e-62
base,7.1000000000000005,0.0,4.449244837102564e-75,4.449244837102564e-75,2.269639959440105e-121,-1.2577794697482851e-61
base,7.15,0.0,2.58181934166859e-74,2.58181934166859e-74,2.6220692762923808e-120,-6.808253733756195e-61
base,7.2,0.0,1.470155398923015e-73,1.470155398923015e-73,2.9695805923714184e-119,-3.6272065008919167e-60
base,7.25,0.0,8.217419023520276e-73,8.217419023520276e-73,3.2977718651301346e-118,-1.9023626491920588e-59
base,7.3,0.0,4.509954680331369e-72,4.509954680331369e-72,3.5919398785849106e-117,-9.823725597542838e-59
base,7.3500000000000005,0.0,2.431066081787585e-71,2.431066081787585e-71,3.8381911300930963e-116,-4.995704082655478e-58
base,7.4,0.0,1.2874388871632918e-70,1.2874388871632918e-70,4.0245481480812666e-115,-2.502238910716135e-57
base,7.45,0.0,6.699985399686275e-70,6.699985399686275e-70,4.141926486223057e-114,-1.2346527127524561e-56
base,7.5,0.0,3.427249283616416e-69,3.427249283616416e-69,4.184870324694913e-113,-6.002271455172491e-56
base,7.55,0.0,1.723633361960083e-68,1.723633361960083e-68,4.151963860059039e-112,-2.8754808707651267e-55
base,7.6000000000000005,0.0,8.524522754518919e-68,8.524522754518919e-68,4.045876771610116e-111,-1.3576790441455274e-54
base,7.65,0.0,4.14682823068826e-67,4.14682823068826e-67,3.8730482628814003e-110,-6.318904739877463e-54
base,7.7,0.0,1.984604896423707e-66,1.984604896423707e-66,3.643058058119409e-109,-2.8994085138790297e-53
base,7.75,0.0,9.346134961333053e-66,9.346134961333053e-66,3.367767608423905e-108,-1.3117871350340725e-52
base,7.8,0.0,4.3318643999717085e-65,4.3318643999717085e-65,3.0603359140599984e-107,-5.85282803212428e-52
base,7.8500000000000005,0.0,1.9764435071421283e-64,1.9764435071421283e-64,2.7342197580255565e-106,-2.5755936756448283e-51
base,7.9,0.0,8.87850614009222e-64,8.87850614009222e-64,2.4022585284722806e-105,-1.1180406027713814e-50
base,7.95,0.0,3.927515897730022e-63,3.927515897730022e-63,2.0759222988243655e-104,-4.788115523475149e-50
base,8.0,0.0,1.7111683550269707e-62,1.7111683550269707e-62,1.7647730651817635e-103,-2.023277357937208e-49
base,8.05,0.0,7.344058589143152e-62,7.344058589143152e-62,1.4761581412479635e-102,-8.436954457244649e-49
base,8.1,0.0,3.1054018334545215e-61,3.1054018334545215e-61,1.2151263533746056e-101,-3.4722421898650523e-48
base,8.15,0.0,1.2939138034905874e-60,1.2939138034905874e-60,9.845353586193017e-101,-1.4105280165246603e-47
base,8.2,0.0,5.313300235102821e-60,5.313300235102821e-60,7.853040722845059e-100,-5.656568785625257e-47
base,8.25,0.0,2.1505945551414964e-59,2.1505945551414964e-59,6.167582082971882e-99,-2.2396245292198243e-46
base,8.3,0.0,8.581234883503737e-59,8.581234883503737e-59,4.770183620623548e-98,-8.755847679528972e-46
base,8.35,0.0,3.375967444318855e-58,3.375967444318855e-58,3.6338707955829166e-97,-3.380422708420442e-45
base,8.4,0.0,1.3096715837785062e-57,1.3096715837785062e-57,2.7270174941103445e-96,-1.2889664227851753e-44
base,8.45,0.0,5.010708421599141e-57,5.010708421599141e-57,2.0163176987518494e-95,-4.854638675950197e-44
base,8.5,0.0,1.8908791085195624e-56,1.8908791085195624e-56,1.4690949721399736e-94,-1.80618764388293e-43
base,8.55,0.0,7.0389866953651345e-56,7.0389866953651345e-56,1.0549374197937848e-93,-6.639026889027048e-43
base,8.6,0.0,2.5851793427142245e-55,2.5851793427142245e-55,7.4671397028397125e-93,-2.4111575677741848e-42
base,8.65,0.0,9.368204657776688e-55,9.368204657776688e-55,5.2107024325953045e-92,-8.653054115680923e-42
base,8.700000000000001,0.0,3.350093104359992e-54,3.350093104359992e-54,3.58521495471408e-91,-3.068866862381193e-41
base,8.75,0.0,1.1823349699053704e-53,1.1823349699053704e-53,2.4326097748424397e-90,-1.0757038155640175e-40
base,8.8,0.0,4.118645321211124e-53,4.118645321211124e-53,1.6279022029289576e-89,-3.726951571286664e-40
base,8.85,0.0,1.4162640988860046e-52,1.4162640988860046e-52,1.0745880590328739e-88,-1.2764406989597625e-39
base,8.9,0.0,4.807891370233866e-52,4.807891370233866e-52,6.997964229926144e-88,-4.3218730750036416e-39
base,8.950000000000001,0.0,1.611494884471001e-51,1.611494884471001e-51,4.496499835215314e-87,-1.4467904149333278e-38
base,9.0,0.0,5.333462290073895e-51,5.333462290073895e-51,2.8510625509657516e-86,-4.788929437700579e-38
base,9.05,0.0,1.7431568489245793e-50,1.7431568489245793e-50,1.784117173553321e-85,-1.5674965463793206e-37
base,9.1,0.0,5.626656075609208e-50,5.626656075609208e-50,1.1019925812855898e-84,-5.073941161103609e-37
base,9.15,0.0,1.793863756027511e-49,1.793863756027511e-49,6.719328960986678e-84,-1.6243869582162733e-36
base,9.200000000000001,0.0,5.649252851752109e-49,5.649252851752109e-49,4.044989700790379e-83,-5.1436637998895115e-36
base,9.25,0.0,1.7574828164955002e-48,1.7574828164955002e-48,2.4043886568170578e-82,-1.611119248460237e-35
base,9.3,0.0,5.4016250862600537e-48,5.4016250862600537e-48,1.4113613646335677e-81,-4.99214391758435e-35
base,9.35,0.0,1.6403045798348674e-47,1.6403045798348674e-47,8.182156693015845e-81,-1.5303202838376833e-34
base,9.4,0.0,4.92179269577082e-47,4.92179269577082e-47,4.685352169560735e-80,-4.641348703735145e-34
base,9.450000000000001,0.0,1.4593232232252418e-46,1.4593232232252418e-46,2.6503889269104855e-79,-1.3928449276282078e-33
base,9.5,0.0,4.276003805340364e-46,4.276003805340364e-46,1.4812116914873745e-78,-4.136065532816469e-33
base,9.55,0.0,1.238256163593048e-45,1.238256163593048e-45,8.17920795021036e-78,-1.2154211806227419e-32
base,9.6,0.0,3.5440054928542255e-45,3.5440054928542255e-45,4.4631104042524246e-77,-3.534670308895234e-32
base,9.65,0.0,1.0025671727174438e-44,1.0025671727174438e-44,2.406806513796437e-76,-1.0173749484990057e-31
base,9.700000000000001,0.0,2.8034281463261214e-44,2.8034281463261214e-44,1.2828209855588342e-75,-2.89834314009996e-31
base,9.75,0.0,7.74892748444432e-44,7.74892748444432e-44,6.758583683344394e-75,-8.172993353811946e-31
base,9.8,0.0,2.1173215884639322e-43,2.1173215884639322e-43,3.5200822737163824e-74,-2.2813943460664732e-30
base,9.85,0.0,5.719251124663338e-43,5.719251124663338e-43,1.8125893682673738e-73,-6.3042304263970036e-30
base,9.9,0.0,1.5272479772840582e-42,1.5272479772840582e-42,9.228622191525948e-73,-1.7246472572415683e-29
base,9.950000000000001,0.0,4.031860198717405e-42,4.031860198717405e-42,4.64628435307771e-72,-4.6711983668278813e-29
base,10.0,0.0,1.0522778829523255e-41,1.0522778829523255e-41,2.3133757438587646e-71,-1.2526763109832183e-28
base,10.05,0.0,2.715086356482479e-41,2.715086356482479e-41,1.1391932176436502e-70,-3.3262432964848616e-28
base,10.1,0.0,6.925629564182457e-41,6.925629564182457e-41,5.5487880342077787e-70,-8.745712397160369e-28
base,10.15,0.0,1.746408366644647e-40,1.746408366644647e-40,2.6735388375123513e-69,-2.277105828919211e-27
base,10.200000000000001,0.0,4.353367911568118e-40,4.353367911568118e-40,1.2743829512667257e-68,-5.8713541078377524e-27
base,10.25,0.0,1.0726861921644294e-39,1.0726861921644294e-39,6.010012508180833e-68,-1.4992703093026707e-26
base,10.3,0.0,2.6124863452106188e-39,2.6124863452106188e-39,2.8044587175461943e-67,-3.7916406522330475e-26
base,10.35,0.0,6.288193577870875e-39,6.288193577870875e-39,1.294960990898112e-66,-9.497259553852839e-26
base,10.4,0.0,1.4956621828880642e-38,1.4956621828880642e-38,5.917433936489318e-66,-2.3561941805801807e-25
base,10.450000000000001,0.0,3.514866775906158e-38,3.514866775906158e-38,2.6761708037628818e-65,-5.790053882056032e-25
base,10.5,0.0,8.159592900375791e-38,8.159592900375791e-38,1.1979314036984083e-64,-1.4093841866254016e-24
base,10.55,0.0,1.8707277354922537e-37,1.8707277354922537e-37,5.307882232545795e-64,-3.398344048679759e-24
base,10.6,0.0,4.234591305560664e-37,4.234591305560664e-37,2.3281704925374263e-63,-8.117302761294898e-24
base,10.65,0.0,9.460656297781467e-37,9.460656297781467e-37,1.0109854482236503e-62,-1.9207784363128448e-23
base,10.700000000000001,0.0,2.085248519312925e-36,2.085248519312925e-36,4.3465390756848595e-62,-4.502751609771552e-23
base,10.75,0.0,4.532100371010478e-36,4.532100371010478e-36,1.850300511840353e-61,-1.0457487448132454e-22
base,10.8,0.0,9.706778016607988e-36,9.706778016607988e-36,7.799592106157361e-61,-2.40623584337792e-22
base,10.85,0.0,2.0471519122676748e-35,2.0471519122676748e-35,3.2558389558156854e-60,-5.485582174164073e-22
base,10.9,0.0,4.2472495460394465e-35,4.2472495460394465e-35,1.34600082454661e-59,-1.2390605936040112e-21
base,10.950000000000001,0.0,8.658093822081574e-35,8.658093822081574e-35,5.51123132531849e-59,-2.773055857848718e-21
base,11.0,0.0,1.7314838774017317e-34,1.7314838774017317e-34,2.2351255079439254e-58,-6.149379238670697e-21
base,11.05,0.0,3.3900871912498906e-34,3.3900871912498906e-34,8.979119557070758e-58,-1.3512018189953872e-20
base,11.1,0.0,6.480470231325357e-34,6.480470231325357e-34,3.5733233528540663e-57,-2.941944690752861e-20
base,11.15,0.0,1.2048729009128101e-33,1.2048729009128101e-33,1.4087869715804097e-56,-6.347205047558325e-20
base,11.200000000000001,0.0,2.1666394126502735e-33,2.1666394126502735e-33,5.502753669454539e-56,-1.3569756106370068e-19
base,11.25,0.0,3.735765060213894e-33,3.735765060213894e-33,2.1296263951013905e-55,-2.8748164688687867e-19
base,11.3,0.0,6.0866762433010166e-33,6.0866762433010166e-33,8.16661012855749e-55,-6.035359985874859e-19
base,11.35,0.0,9.113882261857142e-33,9.113882261857142e-33,3.103282537228924e-54,-1.2556162447160683e-18
base,11.4,0.0,1.1752098273276532e-32,1.1752098273276532e-32,1.1686044604813484e-53,-2.588668181390701e-18
base,11.450000000000001,0.0,1.0352859341459465e-32,1.0352859341459465e-32,4.3611972171144255e-53,-5.288906277094277e-18
base,11.5,0.0,-4.883293164561212e-33,-4.883293164561212e-33,1.6130978881464613e-52,-1.0708508172189382e-17
base,11.55,0.0,-5.723457931865473e-32,-5.723457931865473e-32,5.913668663075251e-52,-2.1486641763249794e-17
base,11.6,0.0,-1.9757223866344273e-31,-1.9757223866344273e-31,2.1489118497069475e-51,-4.272545380860155e-17
base,11.65,0.0,-5.297098203823605e-31,-5.297098203823605e-31,7.740504469023491e-51,-8.419469501703473e-17
base,11.700000000000001,0.0,-1.252069815384549e-30,-1.252069815384549e-30,2.7639635920966682e-50,-1.6442324668130075e-16
base,11.75,0.0,-2.7174350439028605e-30,-2.7174350439028605e-30,9.78432182931167e-50,-3.1821591505448393e-16
base,11.8,0.0,-5.496963066699754e-30,-5.496963066699754e-30,3.4338957971424806e-49,-6.10322904657152e-16
base,11.85,0.0,-1.0386963618396813e-29,-1.0386963618396813e-29,1.1948784443154677e-48,-1.1600443568597512e-15
base,11.9,0.0,-1.8173189182146678e-29,-1.8173189182146678e-29,4.12251726560509e-48,-2.1850624854575413e-15
base,11.950000000000001,0.0,-2.867511476666701e-29,-2.867511476666701e-29,1.4103436572243573e-47,-4.078718621170161e-15
base,12.0,0.0,-3.794636511154334e-29,-3.794636511154334e-29,4.784453681663671e-47,-7.544832474589954e-15
base,12.05,0.0,-3.1150239046523536e-29,-3.1150239046523536e-29,1.6095541486046386e-46,-1.3830434269949635e-14
base,12.1,0.0,3.409784180559751e-29,3.409784180559751e-29,5.369887976567948e-46,-2.5123248167050542e-14
base,12.15,0.0,2.6439432335025665e-28,2.6439432335025665e-28,1.7767711560790243e-45,-4.5223261458470523e-14
base,12.200000000000001,0.0,9.074774083955194e-28,9.074774083955194e-28,5.830748615423751e-45,-8.066504646407667e-14
base,12.25,0.0,2.507197080268213e-27,2.507197080268213e-27,1.8978561596199447e-44,-1.4257274095162212e-13
base,12.3,0.0,6.204446719489912e-27,6.204446719489912e-27,6.127279766356673e-44,-2.496917785467353e-13
base,12.35,0.0,1.4301730579394247e-26,1.4301730579394247e-26,1.9622599756140446e-43,-4.332877864205675e-13
base,12.4,0.0,3.128733061045261e-26,3.128733061045261e-26,6.233736954016346e-43,-7.449715436820567e-13
base,12.450000000000001,0.0,6.563134670554206e-26,6.563134670554206e-26,1.9645444585018628e-42,-1.2690514000479334e-12
base,12.5,0.0,1.328260209090329e-25,1.328260209090329e-25,6.142070345912283e-42,-2.141800026815203e-12
base,12.55,0.0,2.6033897491454966e-25,2.6033897491454966e-25,1.905131793082504e-41,-3.581139613952922e-12
base,12.6,0.0,4.953384406032224e-25,4.953384406032224e-25,5.862867296802673e-41,-5.931808861477711e-12
base,12.65,0.0,9.161176417179339e-25,9.161176417179339e-25,1.7901404435109603e-40,-9.733206905577323e-12
base,12.700000000000001,0.0,1.6478206528410615e-24,1.6478206528410615e-24,5.423417772775428e-40,-1.5819958879177714e-11
base,12.75,0.0,2.881773756627647e-24,2.881773756627647e-24,1.630363951816009e-39,-2.546896198569912e-11
base,12.8,0.0,4.894248239978097e-24,4.894248239978097e-24,4.863377399511562e-39,-4.061137460949341e-11
base,12.85,0.0,8.052336198835922e-24,8.052336198835922e-24,1.43962494499955e-38,-6.413376881238418e-11
base,12.9,0.0,1.2776670685152674e-23,1.2776670685152674e-23,4.2289694130260133e-38,-1.0029942674441309e-10
base,12.950000000000001,0.0,1.939230900962892e-23,1.939230900962892e-23,1.2328466273440465e-37,-1.553282779983173e-10
base,13.0,0.0,2.7718204783673125e-23,2.7718204783673125e-23,3.5668771779424084e-37,-2.381817078824342e-10
base,13.05,0.0,3.6077418336759025e-23,3.6077418336759025e-23,1.0242049253529955e-36,-3.616054639556644e-10
base,13.1,0.0,3.9065066864228126e-23,3.9065066864228126e-23,2.9189046548407882e-36,-5.434886586729586e-10
base,13.15,0.0,2.2716216119996406e-23,2.2716216119996406e-23,8.256610273763437e-36,-8.085972620422872e-10
base,13.200000000000001,0.0,-4.564921593433741e-23,-4.564921593433741e-23,2.318177655413325e-35,-1.1907336195029768e-09
base,13.25,0.0,-2.382309158656341e-22,-2.382309158656341e-22,6.46053776114285e-35,-1.7353558117435355e-09
base,13.3,0.0,-7.083223339736161e-22,-7.083223339736161e-22,1.7872337825494741e-34,-2.5026579137965135e-09
base,13.35,0.0,-1.7712542365047893e-21,-1.7712542365047893e-21,4.907928979245482e-34,-3.571060008320811e-09
base,13.4,0.0,-4.057632730816946e-21,-4.057632730816946e-21,1.3379275646869885e-33,-5.040981166271771e-09
base,13.450000000000001,0.0,-8.794754765830153e-21,-8.794754765830153e-21,3.620739931701201e-33,-7.03866688736571e-09
base,13.5,0.0,-1.8306652330381906e-20,-1.8306652330381906e-20,9.727588414995332e-33,-9.719714699396076e-09
base,13.55,0.0,-3.687138655756033e-20,-3.687138655756033e-20,2.5945894622661574e-32,-1.327179198470982e-08
base,13.6,0.0,-7.213464804113681e-20,-7.213464804113681e-20,6.870683805702808e-32,-1.7915878832554567e-08
base,13.65,0.0,-1.3734291407670762e-19,-1.3734291407670762e-19,1.8063883597759024e-31,-2.3905213596339008e-08
base,13.700000000000001,0.0,-2.547064365975397e-19,-2.547064365975397e-19,4.715349672984866e-31,-3.1520996366102946e-08
base,13.75,0.0,-4.601931910084251e-19,-4.601931910084251e-19,1.2221368030209069e-30,-4.106385105229308e-08
base,13.8,0.0,-8.0992912474999865e-19,-8.0992912474999865e-19,3.1451413791706814e-30,-5.2840102768285043e-08
base,13.85,0.0,-1.3880590379056135e-18,-1.3880590379056135e-18,8.036852732875485e-30,-6.714213968149568e-08
base,13.9,0.0,-2.3153260506175288e-18,-2.3153260506175288e-18,2.0392391482422036e-29,-8.422254035917517e-08
base,13.950000000000001,0.0,-3.756709842979515e-18,-3.756709842979514e-18,5.138036826440224e-29,-1.042622892540903e-07
base,14.0,0.0,-5.925269801603967e-18,-5.925269801603966e-18,1.2855338887465022e-28,-1.2733428043737476e-07
base,14.05,0.0,-9.078075426687084e-18,-9.078075426687082e-18,3.194017141205086e-28,-1.5336439172238206e-07
base,14.1,0.0,-1.349920036570601e-17,-1.3499200365706007e-17,7.880762748450635e-28,-1.820936171644712e-07
base,14.15,0.0,-1.9464862684707824e-17,-1.9464862684707818e-17,1.9310176187577075e-27,-2.1304593704501858e-07
base,14.200000000000001,0.0,-2.7187691614322942e-17,-2.718769161432293e-17,4.698948001682903e-27,-2.455075839173064e-07
base,14.25,0.0,-3.674143867790378e-17,-3.674143867790375e-17,1.1355877067405865e-26,-2.7852388651780654e-07
base,14.3,0.0,-4.7974340472062594e-17,-4.797434047206256e-17,2.725557577759578e-26,-3.109196734123738e-07
base,14.35,0.0,-6.042788832384492e-17,-6.042788832384487e-17,6.497008639528959e-26,-3.4134804715899346e-07
base,14.4,0.0,-7.328574214323756e-17,-7.328574214323749e-17,1.5381669544798128e-25,-3.683700239972243e-07
base,14.450000000000001,0.0,-8.53814876535357e-17,-8.53814876535356e-17,3.6168773240853973e-25,-3.905640387222183e-07
base,14.5,0.0,-9.528998802743378e-17,-9.528998802743366e-17,8.447193559853406e-25,-4.066598057573738e-07
base,14.55,0.0,-1.015124478347781e-16,-1.0151244783477797e-16,1.9595093928007044e-24,-4.156859194647666e-07
base,14.6,0.0,-1.0274030258027483e-16,-1.0274030258027472e-16,4.5148792336518014e-24,-4.171155444129682e-07
base,14.65,0.0,-9.815266011087929e-17,-9.81526601108792e-17,1.0332757456255311e-23,-4.109904892421333e-07
base,14.700000000000001,0.0,-8.767600098049341e-17,-8.767600098049335e-17,2.3489016935931772e-23,-3.9800190193015923e-07
base,14.75,0.0,-7.212536154579725e-17,-7.21253615457972e-17,5.303944019487976e-23,-3.795067598582364e-07
base,14.8,0.0,-5.3163058804433506e-17,-5.316305880443349e-17,1.1896665726000682e-22,-3.574639951683996e-07
base,14.85,0.0,-3.305573481138253e-17,-3.3055734811382524e-17,2.6506375743790026e-22,-3.342827472888051e-07
base,14.9,0.0,-1.427241830916488e-17,-1.4272418309164883e-17,5.8665193510055565e-22,-3.125874216988696e-07
base,14.950000000000001,0.0,9.765561020927744e-19,9.765561020927735e-19,1.289798324348032e-21,-2.9491867439144013e-07
base,15.0,0.0,1.113326839896325e-17,1.1133268398963253e-17,2.8169562603224004e-21,-2.834040262109516e-07
base,15.05,0.0,1.5512898576916627e-17,1.5512898576916633e-17,6.111685779494436e-21,-2.7944380086523334e-07
base,15.1,0.0,1.4310718053455652e-17,1.4310718053455664e-17,1.3172552792528865e-20,-2.834645055345369e-07
base,15.15,0.0,8.436967014628549e-18,8.436967014628562e-18,2.8204088108111484e-20,-2.9479001228304273e-07
base,15.200000000000001,0.0,-7.200378602142883e-19,-7.200378602142741e-19,5.999185656419672e-20,-3.116693524714977e-07
base,15.25,0.0,-1.1500165461330738e-17,-1.1500165461330725e-17,1.2676967468986084e-19,-3.3147866446239875e-07
base,15.3,0.0,-2.2103047616391072e-17,-2.210304761639106e-17,2.6612505354252835e-19,-3.5108598849278117e-07
base,15.35,0.0,-3.068541672479227e-17,-3.068541672479226e-17,5.550188148316585e-19,-3.6733548651653693e-07
base,15.4,0.0,-3.551811680519962e-17,-3.5518116805199605e-17,1.1499665800435511e-18,-3.7757830249605e-07
base,15.450000000000001,0.0,-3.5273437143016326e-17,-3.5273437143016314e-17,2.3671298313515197e-18,-3.801574468762265e-07
base,15.5,0.0,-2.9413783762784554e-17,-2.941378376278454e-17,4.8408522011779725e-18,-3.7474991736017906e-07
base,15.55,0.0,-1.8532937667981866e-17,-1.853293766798185e-17,9.83530321839358e-18,-3.624846397836448e-07
base,15.6,0.0,-4.445109340056612e-18,-4.445109340056595e-18,1.9852853149192517e-17,-3.4578992444177953e-07
base,15.65,0.0,1.0118256320349065e-17,1.0118256320349082e-17,3.981348282935965e-17,-3.279746278924706e-07
base,15.700000000000001,0.0,2.2174111068973146e-17,2.2174111068973162e-17,7.932535949594115e-17,-3.126042570584937e-07
base,15.75,0.0,2.930089267829643e-17,2.9300892678296434e-17,1.5702575561134012e-16,-3.027847854497236e-07
base,15.8,0.0,3.0295311199155296e-17,3.0295311199155296e-17,3.0882238876743464e-16,-3.0050002072262026e-07
base,15.85,0.0,2.5435118427140932e-17,2.543511842714093e-17,6.034308845770369e-16,-3.061522295184805e-07
base,15.9,0.0,1.6292179875512043e-17,1.629217987551203e-17,1.1714634272415211e-15,-3.184250323304748e-07
base,15.950000000000001,0.0,5.226178777397039e-18,5.226178777397027e-18,2.2595070261780964e-15,-3.3452474985701775e-07
base,16.0,0.0,-5.2264950989969584e-18,-5.226495098996972e-18,4.329955941543966e-15,-3.5077240497837747e-07
base,16.05,0.0,-1.289581195533779e-17,-1.2895811955337805e-17,8.244016920407334e-15,-3.634316435293333e-07
base,16.1,0.0,-1.6380013968547518e-17,-1.6380013968547533e-17,1.5594821893295773e-14,-3.69589687936412e-07
base,16.15,0.0,-1.5295990554068377e-17,-1.5295990554068396e-17,2.9309497623210717e-14,-3.6787912549921643e-07
base,16.2,0.0,-1.0356237685760215e-17,-1.0356237685760231e-17,5.472965779782612e-14,-3.5885042533681844e-07
base,16.25,0.0,-3.2149585656699144e-18,-3.21495856566993e-18,1.0153673885918525e-13,-3.4487899161063065e-07
base,16.3,0.0,3.9510123983076126e-18,3.951012398307597e-18,1.871583669966384e-13,-3.296025548237442e-07
base,16.35,0.0,9.052968455298769e-18,9.05296845529875e-18,3.427520009028885e-13,-3.170086262257388e-07
base,16.4,0.0,1.0695049046560285e-17,1.0695049046560265e-17,6.236405357113729e-13,-3.103946886943809e-07
base,16.45,0.0,8.541418654361745e-18,8.541418654361725e-18,1.1273813321563813e-12,-3.1147467289811727e-07
base,16.5,0.0,3.31630336981427e-18,3.31630336981425e-18,2.0248264025478277e-12,-3.1988413641311745e-07
base,16.55,0.0,-3.519679981775601e-18,-3.51967998177562e-18,3.6131267049176825e-12,-3.3324208025715683e-07
base,16.6,0.0,-1.0249228472080894e-17,-1.024922847208091e-17,6.40552475656115e-12,-3.477796177901768e-07
base,16.65,0.0,-1.535991472310947e-17,-1.5359914723109488e-17,1.1282354465954858e-11,-3.59383026547592e-07
base,16.7,0.0,-1.7888543296746787e-17,-1.7888543296746803e-17,1.9743099574552206e-11,-3.6476808064129126e-07
base,16.75,0.0,-1.7615314061717237e-17,-1.761531406171726e-17,3.4324028216316825e-11,-3.624462857231821e-07
base,16.8,0.0,-1.5085522421401946e-17,-1.5085522421401974e-17,5.92850118130017e-11,-3.5318553298858056e-07
base,16.85,0.0,-1.1430621397357515e-17,-1.1430621397357558e-17,1.0173055591545474e-10,-3.3980338420044786e-07
base,16.9,0.0,-8.002608371146117e-18,-8.00260837114619e-18,1.734257335062415e-10,-3.2632630480415595e-07
base,16.95,0.0,-5.927668023642876e-18,-5.927668023643006e-18,2.9371539410558636e-10,-3.1674597471559417e-07
base,17.0,0.0,-5.751484021748641e-18,-5.751484021748882e-18,4.941809665883295e-10,-3.137413115624867e-07
base,17.05,0.0,-7.31681920773846e-18,-7.316819207738917e-18,8.260116972384437e-10,-3.1776272426498657e-07
base,17.1,0.0,-9.896992294446029e-18,-9.896992294446909e-18,1.3715815877147274e-09,-3.267755241419872e-07
base,17.150000000000002,0.0,-1.249657786661477e-17,-1.2496577866616491e-17,2.2624885574873896e-09,-3.367551151980547e-07
base,17.2,0.0,-1.4197852581195878e-17,-1.4197852581199262e-17,3.7074397198430704e-09,-3.4277723095692077e-07
base,17.25,0.0,-1.446953650874607e-17,-1.446953650875275e-17,6.035010976812944e-09,-3.4033181513208965e-07
base,17.3,0.0,-1.340135929310048e-17,-1.3401359293113676e-17,9.758683019501152e-09,-3.263833163420595e-07
base,17.35,0.0,-1.1853736609843735e-17,-1.1853736609869748e-17,1.5674947062660496e-08,-2.9974536744906e-07
base,17.400000000000002,0.0,-1.1550420211534119e-17,-1.155042021158519e-17,2.501006592767878e-08,-2.6052643131595344e-07
base,17.45,0.0,-1.523636558496021e-17,-1.523636558505986e-17,3.9637772610001716e-08,-2.0867572062245375e-07
base,17.5,0.0,-2.716131488750377e-17,-2.7161314887696715e-17,6.239943746654195e-08,-1.4192106649261916e-07
base,17.55,0.0,-5.428230127678869e-17,-5.428230127715883e-17,9.757085539290449e-08,-5.3543594900502805e-08
base,17.6,-1.4135798584282297e-16,-1.0869938051761576e-16,-1.0869938051831836e-16,1.515368072004124e-07,6.958980554845461e-08
base,17.650000000000002,-4.240739575284689e-16,-2.12027797166789e-16,-2.1202779716810678e-16,2.3375715252388764e-07,2.485259835255095e-07
base,17.7,-7.067899292141149e-16,-4.027863774666485e-16,-4.02786377469087e-16,3.581378370732158e-07,5.133881298277914e-07
base,17.75,-1.4135798584282298e-15,-7.485509997841301e-16,-7.485509997885741e-16,5.449584442224048e-07,9.046984388524263e-07
base,17.8,-2.6858017310136362e-15,-1.3657131904389708e-15,-1.3657131904469278e-15,8.235565016972467e-07,1.4756281782530698e-06
base,17.85,-3.81666561775622e-15,-2.4514800530290903e-15,-2.451480053043045e-15,1.2360293758433344e-06,2.296028541328479e-06
base,17.900000000000002,-4.664813532813158e-15,-4.335781568000268e-15,-4.335781568024126e-15,1.8422887653781597e-06,3.4589755195029174e-06
base,17.95,-5.654319433712919e-15,-7.565749437866721e-15,-7.565749437906199e-15,2.726891597504334e-06,5.090294237396377e-06
base,18.0,-7.491973249669617e-15,-1.3043202489922472e-14,-1.3043202489984892e-14,4.008174748897166e-06,7.361234148501775e-06
base,18.05,-1.1308638867425838e-14,-2.2246866011759558e-14,-2.2246866011851555e-14,5.850338357147589e-06,1.0504286705935073e-05
base,18.1,-1.8376538159566986e-14,-3.758647503136779e-14,-3.758647503148681e-14,8.479250529388523e-06,1.4832175986466927e-05
base,18.150000000000002,-3.1240114871263876e-14,-6.295577702906077e-14,-6.29557770291697e-14,1.2202879353813023e-05,2.0760332871281704e-05
base,18.2,-5.216109677600168e-14,-1.0457532863964822e-13,-1.0457532863960553e-13,1.743738726714257e-05,2.883360861816225e-05
base,18.25,-8.566293942075072e-14,-1.7224166193970343e-13,-1.722416619390767e-13,2.474003490091261e-05,3.975843987063001e-05
base,18.3,-1.402271219560804e-13,-2.811208375166725e-13,-2.8112083751425185e-13,3.4850118641190195e-05,5.444196533171285e-05
base,18.35,-2.2928265303705887e-13,-4.542282867830679e-13,-4.542282867756154e-13,4.873918526692321e-05,7.403957671543989e-05
base,18.400000000000002,-3.726196506816813e-13,-7.256977898972544e-13,-7.256977898763581e-13,6.767170005784051e-05,0.00010001201956832597
base,18.45,-6.000646499027835e-13,-1.1448178989515514e-12,-1.1448178988959362e-12,9.327715914262752e-05,0.00013419251058240393
base,18.5,-9.547318363824262e-13,-1.7805413874536454e-12,-1.7805413873110872e-12,0.0001276342971848116,0.000178863557129335
base,18.55,-1.4969810700754953e-12,-2.725672053290131e-12,-2.725672052936984e-12,0.0001733675121381906,0.0002368424198857793
base,18.6,-2.3097894886717273e-12,-4.099117787878944e-12,-4.099117787035246e-12,0.00023375487775508668,0.00031157356125939627
base,18.650000000000002,-3.5001650874541395e-12,-6.043405069734134e-12,-6.043405067800397e-12,0.00031284611864561805,0.00040722597078053755
base,18.7,-5.1939164738228446e-12,-8.713081765543115e-12,-8.713081761324238e-12,0.0004155876740436264,0.000528792836766484
base,18.75,-7.520951636767397e-12,-1.2247836667732754e-11,-1.2247836659065652e-11,0.0005479504896243575,0.0006821904559877213
base,18.8,-1.0578807586519343e-11,-1.672252469993507e-11,-1.6722524683432265e-11,0.000717054496396249,0.000874352372622244
base,18.85,-1.4366918891135312e-11,-2.20655767889785e-11,-2.2065576760586935e-11,0.0009312819434934604,0.0011133134564094984
base,18.900000000000002,-1.8683709062803442e-11,-2.793880059863857e-11,-2.793880055654671e-11,0.0012003699713014143,0.0014082770746723144
base,18.95,-2.2973641217161433e-11,-3.357732180747207e-11,-3.357732175935642e-11,0.0015354712101715254,0.0017696569504835678
base,19.0,-2.6135112570536168e-11,-3.760106574841036e-11,-3.760106572134357e-11,0.001949169975941636,0.0022090840871976315
base,19.05,-2.631195141082554e-11,-3.7831976525696567e-11,-3.7831976556311465e-11,0.0024554410452804986,0.0027393686191981943
base,19.1,-2.07348134373828e-11,-3.118742813792043e-11,-3.118742814572431e-11,0.0030695382836586666,0.003374406843500604
base,19.150000000000002,-5.7350348436291705e-12,-1.3772502072777786e-11,-1.37725012979907e-11,0.0038078018066421636,0.004129025048166396
base,19.2,2.286437149410493e-11,1.8637623383180666e-11,1.8637628275345737e-11,0.004687375076381607,0.005018753976264551
base,19.25,6.86845730991551e-11,6.945235547666965e-11,6.945237589957398e-11,0.005725827481405323,0.00605953066296818
base,19.3,1.3264354873158462e-10,1.3909884192677395e-10,1.3909891176796874e-10,0.006940683507172477,0.007267327790846426
base,19.35,2.09229609165396e-10,2.2140060617347865e-10,2.2140081647232784e-10,0.00834886640464112,0.008657714544175764
base,19.400000000000002,2.806527105242841e-10,2.980285497988392e-10,2.980291266187194e-10,0.009966071943938788,0.010245357214255535
base,19.45,3.0835972389739246e-10,3.305744085139975e-10,3.3057587714942204e-10,0.011806095842163916,0.01204347253187176
base,19.5,2.215611144183805e-10,2.4991507808831333e-10,2.4991858967498396e-10,0.013880146037632043,0.014063251784574753
base,19.55,-9.726701647858805e-11,-5.722186244260789e-11,-5.721391649659196e-11,0.01619617726860676,0.016313278894133445
base,19.6,-8.294750905590443e-10,-7.64199157817764e-10,-7.641820509925368e-10,0.018758289462968206,0.018798970196744008
base,19.650000000000002,-2.238857747671629e-09,-2.1221086381489443e-09,-2.1220734602026874e-09,0.021566232363718924,0.02152206690078028
base,19.7,-4.690042823410413e-09,-4.4776841413094675e-09,-4.477614842084282e-09,0.024615055889138867,0.024480212277517982
base,19.75,-8.664228168246838e-09,-8.289423393587297e-09,-8.289292312610968e-09,0.02789493855946001,0.027666643931910057
base,19.8,-1.4769352637327076e-08,-1.4139289045638414e-08,-1.4139050537391525e-08,0.03139121496584074,0.031070026726174635
base,19.85,-2.3741623322151075e-08,-2.2736995070955664e-08,-2.2736576972843235e-08,0.035084608307648646,0.03467444425900184
base,19.900000000000002,-3.643558543478308e-08,-3.4913843220101416e-08,-3.4913136216714796e-08,0.03895165665690052,0.038459556822235355
base,19.95,-5.3800647269858665e-08,-5.160344791333462e-08,-5.160229335230712e-08,0.04296530353821172,0.04240092233646639
base,20.0,-7.684312756439778e-08,-7.380751279968419e-08,-7.380569019008158e-08,0.04709560675400176,0.04647046490621667
base,20.05,-1.0657426289974783e-07,-1.0254605643847284e-07,-1.025432726239803e-07,0.05131050642382257,0.050637064337956325
base,20.1,-1.4394601590934856e-07,-1.3879300117284646e-07,-1.3878888385874343e-07,0.055576586091536755,0.054867230189696053
base,20.150000000000002,-1.89777647438418e-07,-1.83399637134543e-07,-1.8339373584628232e-07,0.0598597611429037,0.05912581659826985
base,20.2,-2.4467667877061216e-07,-2.3700990887748962e-07,-2.3700170631875214e-07,0.06412583749264743,0.06337673017644663
base,20.25,-3.089579825576681e-07,-2.9997250902359336e-07,-2.999614450182507e-07,0.06834090025785254,0.0675835835440145
base,20.3,-3.825643520708632e-07,-3.722552313350871e-07,-3.7224074003505286e-07,0.07247151539424133,0.07171025219789215
base,20.35,-4.6499135020685345e-07,-4.533668844765984e-07,-4.53348443408603e-07,0.07648475428509392,0.07572130261998099
base,20.400000000000002,-5.55218787617616e-07,-5.422913971926657e-07,-5.422685842686676e-07,0.0803480783425931,0.07958227423998575
base,20.45,-6.516513161687511e-07,-6.37437796472891e-07,-6.374103486747502e-07,0.08402914363685333,0.08325981572895692
base,20.5,-7.520715009153414e-07,-7.366088390524878e-07,-7.365767045263355e-07,0.08749560040277822,0.08672169491649762
base,20.55,-8.536103921964599e-07,-8.369905428043846e-07,-8.36953916927458e-07,0.09071496586601441,0.08993671872087777
base,20.6,-9.527426640513204e-07,-9.351649041703718e-07,-9.35124240065919e-07,0.09365463960926144,0.09287461215912614
base,20.650000000000002,-1.0453152177249967e-06,-1.0271487058276997e-06,-1.0271046910072428e-06,0.09628210914786738,0.09550591158252993
base,20.7,-1.1266188798524225e-06,-1.1084622817653164e-06,-1.1084157752283472e-06,0.09856536220406867,0.09780192553706776
base,20.75,-1.1915117672689314e-06,-1.1742329712515783e-06,-1.1741848995919863e-06,0.10047348607501838,0.099734807041719
base,20.8,-1.2345994856471553e-06,-1.2193381972591284e-06,-1.2192894141586131e-06,0.10197739956113804,0.10127776475221163
base,20.85,-1.250471693782626e-06,-1.2385921052585836e-06,-1.2385432260329523e-06,0.10305063560723274,0.10240541954683118
base,20.900000000000002,-1.233987393411669e-06,-1.2269771203509877e-06,-1.2269283514164784e-06,0.1036700787176915,0.10309429030577565
base,20.95,-1.1805939006792974e-06,-1.1799175543564027e-06,-1.179868545504481e-06,0.10381656390756945,0.10332337114921543
base,21.0,-1.0866584807381937e-06,-1.0935868455244002e-06,-1.093536599018335e-06,0.10347526403689158,0.10307474524167694
base,21.05,-9.497886590075956e-07,-9.65233884064521e-07,-9.651807566118978e-07,0.10263582703143684,0.1023341702178468
base,21.1,-7.691181923366782e-07,-7.935082489787336e-07,-7.934500783570304e-07,0.10129226773053987,0.10109156938646956
base,21.150000000000002,-5.455405596021145e-07,-5.787602906136076e-07,-5.786946665146607e-07,0.09944266269893832,0.09934137204852489
base,21.2,-2.818793503834706e-07,-3.2329093900466275e-07,-3.2321561726178224e-07,0.09708873137461511,0.0970826649313351
base,21.25,1.700707952111196e-08,-3.152853261566108e-08,-3.1441965043549686e-08,0.09423540563901131,0.09431914256392858
base,21.3,3.4418333187937385e-07,2.898842706097521e-07,2.899823483330952e-07,0.09089048749740991,0.09105887344934559
base,21.35,6.906517574418607e-07,6.321022920683972e-07,6.322102995858179e-07,0.08706447054555201,0.08731392609224452
base,21.400000000000002,1.0454217400142404e-06,9.841882918573517e-07,9.843023752512805e-07,0.08277055954584879,0.08309991913001405
base,21.45,1.395637290416064e-06,1.3333144776859206e-06,1.333428324781858e-06,0.07802487220841212,0.07843556878729858
base,21.5,1.726774172453752e-06,1.6650428553844516e-06,1.6651478598241296e-06,0.07284675920572849,0.07334230243202698
base,21.55,2.022922798416921e-06,1.963671411799931e-06,1.963757267396333e-06,0.06725914376497434,0.06784398959635979
base,21.6,2.267172526877709e-06,2.2126357568110056e-06,2.2126915268118395e-06,0.06128876962525582,0.061966814540265015
base,21.650000000000002,2.44210523049587e-06,2.394960410878779e-06,2.3949760688380675e-06,0.054966259697921134,0.055739282447165535
base,21.7,2.5303918080597805e-06,2.4937581605957983e-06,2.4937265438494633e-06,0.048325925319333655,0.049192320831299714
base,21.75,2.5154678940353006e-06,2.492777522803254e-06,2.4926965796863862e-06,0.04140531943133864,0.042359414656264714
base,21.8,2.382249133366736e-06,2.376995758864485e-06,2.3768709112951847e-06,0.034244583873911855,0.0352767025868768
base,21.85,2.1178371077087556e-06,2.1332477324895055e-06,2.133094122574517e-06,0.026885687219063998,0.027982965073686816
base,21.900000000000002,1.7121674849741898e-06,1.7508703737171977e-06,1.7507147249387968e-06,0.019371673181806236,0.020519452297506107
base,21.95,1.1585625068439247e-06,1.2223310786915908e-06,1.222212888833192e-06,0.011746033802992125,0.01292952841793407
base,22.0,4.541671963285018e-07,5.437992554533417e-07,5.437710589827213e-07,0.004052286837403341,0.005258142866204353
base,22.05,-3.997331513475307e-07,-2.843834874901943e-07,-2.842569897009146e-07,-0.0036662187297588343,-0.0024488270537030192
base,22.1,-1.3975041111906717e-06,-1.257375297394033e-06,-1.257019344466646e-06,-0.011366307296922942,-0.01014529218519448
base,22.150000000000002,-2.529049482521276e-06,-2.3656776443384454e-06,-2.3650107337153766e-06,-0.019004882000312463,-0.017785643850070847
base,22.2,-3.779791045379118e-06,-3.5951630401248743e-06,-3.5941012941402965e-06,-0.026538849398750636,-0.025325344868349958
base,22.25,-5.1307525755114144e-06,-4.927280781599057e-06,-4.925743068403601e-06,-0.03392517725968113,-0.03272136307568244
base,22.3,-6.558775252456835e-06,-6.33941888795941e-06,-6.337332301810825e-06,-0.04112116196607591,-0.03993242523225693
base,22.35,-8.036898365155685e-06,-7.805391748208285e-06,-7.802696995640019e-06,-0.04808492191394618,-0.046919108570606695
base,22.400000000000002,-9.534931661953115e-06,-9.296023379874961e-06,-9.292679606901406e-06,-0.05477606666107983,-0.05364382273528526
base,22.45,-1.1020223313762128e-05,-1.0779804613834029e-05,-1.0775793241669203e-05,-0.061156437464473266,-0.060070757888064354
base,22.5,-1.2458595662936051e-05,-1.2223615055373895e-05,-1.2218942260405423e-05,-0.06719078925014252,-0.06616587940104114
base,22.55,-1.3815389829946881e-05,-1.3593511716805426e-05,-1.3588209287294105e-05,-0.07284729526667492,-0.07189703436202077
base,22.6,-1.5056540853388581e-05,-1.4855590392228794e-05,-1.484971481477749e-05,-0.07809780135408158,-0.07723420353990115
base,22.650000000000002,-1.6149605085472495e-05,-1.597692000468965e-05,-1.5970549775395057e-05,-0.08291782419102177,-0.08214989212222475
base,22.7,-1.7064681937695028e-05,-1.692653470221439e-05,-1.6919766016287885e-05,-0.08728635733922574,-0.08661961331164097
base,22.75,-1.777520586920394e-05,-1.7676447470110205e-05,-1.7669388609038486e-05,-0.09118559937689379,-0.09062239039204019
base,22.8,-1.8258619068176425e-05,-1.8202628995196913e-05,-1.819539388303493e-05,-0.09460073404690236,-0.0941411921725693
base,22.85,-1.8496957040280423e-05,-1.8485883385847325e-05,-1.8478584900355043e-05,-0.09751986759435534,-0.09716322650245324
base,22.900000000000002,-1.847737912067201e-05,-1.851255313859916e-05,-1.8505296813070842e-05,-0.09993417026665732,-0.0996800445919536
base,22.95,-1.8192653244527625e-05,-1.82750008137666e-05,-1.8267879534636633e-05,-0.10183819502453358,-0.10168744852192775
base,23.0,-1.764156825012209e-05,-1.7771841314199794e-05,-1.7764931506570553e-05,-0.1032302801443855,-0.10318523601935167
base,23.05,-1.6829213036254393e-05,-1.7007929930876324e-05,-1.7001289545473198e-05,-0.10411290512395416,-0.10417685005025645
base,23.1,-1.5767046007750798e-05,-1.5994139162170448e-05,-1.5987807563077768e-05,-0.10449287386764816,-0.1046690174862095
base,23.150000000000002,-1.4472690258486578e-05,-1.4746974233218106e-05,-1.474097387135884e-05,-0.10438124494192934,-0.10467145638151702
base,23.2,-1.2969429006495051e-05,-1.328807894045228e-05,-1.3282418513822735e-05,-0.1037930015562068,-0.10419670590115303
base,23.25,-1.1285429777520297e-05,-1.1643670407113128e-05,-1.1638349074588785e-05,-0.10274653026354767,-0.10326009280588709
base,23.3,-9.452775916787022e-06,-9.843918943457311e-06,-9.838931081026087e-06,-0.10126303181521111,-0.10187980402799177
base,23.35,-7.5064118602422845e-06,-7.922266202135403e-06,-7.917606165869019e-06,-0.09936600149685418,-0.10007699835693018
base,23.400000000000002,-5.4831040527126545e-06,-5.914660436894791e-06,-5.910326819582194e-06,-0.09708088428798262,-0.09787587209247302
base,23.45,-3.4204847114534356e-06,-3.858688339391583e-06,-3.854687272445014e-06,-0.09443494257464755,-0.09530359944766105
base,23.5,-1.3561953898494632e-06,-1.7925997373157305e-06,-1.7889468932363123e-06,-0.09145729371344759,-0.0923900974885816
base,23.55,6.728981352987559e-07,2.4575056974063024e-07,2.4902948045076353e-07,-0.088179009299607,-0.0891676096763168
base,23.6,2.631470116008219e-06,2.2199898468218216e-06,2.2228601263341277e-06,-0.08463314073456779,-0.08567014908156512
base,23.650000000000002,4.486518928049791e-06,4.0962685295705476e-06,4.098688960711008e-06,-0.08085455686618145,-0.08193287842901915
base,23.7,6.208175084221207e-06,5.844176536108865e-06,5.846102980032328e-06,-0.07687954233701147,-0.0779915186730961
base,23.75,7.770490332507983e-06,7.437470748250257e-06,7.438860465231828e-06,-0.07274518799089764,-0.07388186648241495
base,23.8,9.152128645865126e-06,8.854578974207615e-06,8.855395196909071e-06,-0.06848867778299332,-0.06963946714962899
base,23.85,1.033687069748713e-05,1.0078880397650045e-05,1.0079096681997687e-05,-0.06414661349810237,-0.06529944304816615
base,23.900000000000002,1.1313866237115158e-05,1.1098792008388417e-05,1.1098395936014526e-05,-0.05975450526696383,-0.060896432493656096
base,23.95,1.2077615468818712e-05,1.1907706681406159e-05,1.1906702574998929e-05,-0.05534649660167729,-0.056464562998952195
base,24.0,1.2627712781689511e-05,1.2503828422546455e-05,1.2502238845206718e-05,-0.05095530875834452,-0.052037375418192915
base,24.05,1.2968424417979778e-05,1.2889936598219797e-05,1.2887802526688444e-05,-0.0466123115757031,-0.047647633479298915
base,24.1,1.310818253816969e-05,1.3073090800287001e-05,1.3070470480634722e-05,-0.0423475856693142,-0.04332699138784631
base,24.150000000000002,1.305906045064862e-05,1.3064269939294578e-05,1.306123654598234e-05,-0.038189850302402885,-0.039105539314234695
base,24.2,1.2836258094656548e-05,1.2877930177373569e-05,1.2874568495983867e-05,-0.03416618938620703,-0.03501128868711503
base,24.25,1.245759030288889e-05,1.2531469501731525e-05,1.2527871933782382e-05,-0.03030159320254921,-0.031069683615446153
base,24.3,1.1942948959522097e-05,1.2044600563381512e-05,1.2040862799089811e-05,-0.026618413138156855,-0.0273032237731328
base,24.35,1.1313711832635369e-05,1.1438652559238455e-05,1.1434869273552653e-05,-0.023135870060211915,-0.023731257496590927
base,24.400000000000002,1.0592092684828775e-05,1.0735840429146643e-05,1.0732101326083559e-05,-0.019869746642590107,-0.0203699592996697
base,24.45,9.800457550655597e-06,9.958549326094434e-06,9.954935792219623e-06,-0.016832333368850316,-0.017232456986549797
base,24.5,8.96065631916652e-06,9.128680994894412e-06,9.125263537126719e-06,-0.014032610316531266,-0.014329035422182869
base,24.55,8.0934262159316e-06,8.267097067649273e-06,8.26393361892028e-06,-0.01147656646120457,-0.011667329230241887
base,24.6,7.217911998979522e-06,7.393176491524102e-06,7.3903115841040325e-06,-0.00916751707053859,-0.009252430484753408
base,24.650000000000002,6.3513226036425935e-06,6.524486215317058e-06,6.52195095472562e-06,-0.0071062945351037556,-0.007086875825041488
base,24.7,5.5087167921131715e-06,5.676551228177779e-06,5.674363953411953e-06,-0.005291253189826111,-0.005170528004623075
base,24.75,4.702891454907699e-06,4.862704991534354e-06,4.860872478233297e-06,-0.0037181183137440935,-0.003500412886211149
base,24.8,3.944341343065427e-06,4.094003899914628e-06,4.092522948667663e-06,-0.002379787228058489,-0.002070598701121807
base,24.85,3.241266881004287e-06,3.3791965734380087e-06,3.378055822975393e-06,-0.0012662242477738338,-0.0008722010012991052
base,24.900000000000002,2.5996207504797003e-06,2.7247462662722506e-06,2.723928079490445e-06,-0.00036456675946939024,0.00010643498173787654
base,24.95,2.02319621501215e-06,2.1349088829011273e-06,2.134391172046722e-06,0.0003405136526824645,0.0008793723177491008
base,25.0,1.5137648540197026e-06,1.6118684445917964e-06,1.6116263292669586e-06,0.0008662434869423345,0.0014625889750865232
base,25.05,1.0712673969470418e-06,1.1559270783783757e-06,1.155934303476568e-06,0.0012310947236840867,0.0018734358998815858
base,25.1,6.940518888543374e-07,7.657400703018472e-07,7.659701461476929e-07,0.0014541926203272347,0.0021301366208537416
base,25.150000000000002,3.79143717247972e-07,4.3858097289153847e-07,4.390080319660182e-07,0.0015548930641277312,0.002251396161298163
base,25.2,1.2252666370330315e-07,1.7061913890335225e-07,1.7121852884981333e-07,0.001552558077140446,0.0022561433428155537
base,25.25,-8.058502300640633e-08,-4.2807066871048563e-08,-4.205841749988856e-08,0.001466467412460807,0.002163380638975312
base,25.3,-2.354977531709769e-07,-2.069344933845198e-07,-2.0605789168557728e-07,0.0013157425637744444,0.0019920767667247568
base,25.35,-3.478194330257658e-07,-3.273450787025474e-07,-3.263600194830845e-07,0.001119154051468745,0.0017610225541731458
base,25.400000000000002,-4.232701691629493e-07,-4.097649252447468e-07,-4.0868913452652274e-07,0.0008947367241098625,0.0014885853801930862
base,25.45,-4.6751977243790885e-07,-4.5989272780794816e-07,-4.587422593165585e-07,0.0006592284573453438,0.0011923367530961588
base,25.5,-4.86048968740707e-07,-4.832559131396332e-07,-4.820452665866549e-07,0.0004274361252495024,0.0008885781076237063
base,25.55,-4.840329358478471e-07,-4.850924184221262e-07,-4.838346565435159e-07,0.00021168053955880031,0.0005918343698856889
base,25.6,-4.6624755961223454e-07,-4.702564111585933e-07,-4.689632608606608e-07,2.145798285636122e-05,0.00031440777100209485
base,25.650000000000002,-4.3699947730956213e-07,-4.43146839066612e-07,-4.418287699166273e-07,-0.00013661431687866522,6.607741788224932e-05
base,25.7,-4.0008028839410453e-07,-4.0765805515964456e-07,-4.0632433505784796e-07,-0.0002585974955003622,-0.00014600487618982762
base,25.75,-3.5874384251113267e-07,-3.671516882520833e-07,-3.6581042080411406e-07,-0.0003428838184371918,-0.0003172232658834163
base,25.8,-3.157040549506006e-07,-3.2444844784639624e-07,-3.231065984660506e-07,-0.0003898405988053734,-0.00044526153855497115
base,25.85,-2.7314977100478875e-07,-2.818378446311042e-07,-2.8050126296043714e-07,-0.00040154913055633285,-0.0005298028318891525
base,25.900000000000002,-2.32773002791408e-07,-2.4110311022354186e-07,-2.397765556457374e-07,-0.0003816624255349679,-0.0005722470057868913
base,25.95,-1.9580713916532095e-07,-2.0355811462124223e-07,-2.02245290163371e-07,-0.00033531719129991543,-0.0005754978840155142
base,26.0,-1.6307220317400525e-07,-1.7009291716376639e-07,-1.687965154934444e-07,-0.00026898107513051537,-0.0005438247123380105
base,26.05,-1.3502466943892442e-07,-1.4122475235437018e-07,-1.3994651611684297e-07,-0.00019012283028816196,-0.00048275456390133487
base,26.1,-1.118097592596744e-07,-1.1715167360931202e-07,-1.1589247100316576e-07,-0.00010665991892406311,-0.0003989240526396991
base,26.150000000000002,-9.331450838088063e-08,-9.78066487176747e-08,-9.656656382732359e-08,-2.623625470103146e-05,-0.0002998214573006984
base,26.2,-7.922033972342905e-08,-8.29105123063981e-08,-8.168894823410116e-08,4.453184980366621e-05,-0.0001933841583476243
base,26.25,-6.905423440990905e-08,-7.202273856010894e-08,-7.081852995138596e-08,0.00010067020745027001,-8.746897359194313e-05
base,26.3,-6.22378098437184e-08,-6.458942419002677e-08,-6.3400954601265e-08,0.0001391854446573707,1.0735171360838449e-05
base,26.35,-5.813355988524411e-08,-5.998811229109005e-08,-5.8813431300130634e-08,0.00015908014222037263,9.525145928780148e-05
base,26.400000000000002,-5.6087326424140925e-08,-5.756912704784474e-08,-5.640606220611947e-08,0.0001610998917333486,0.0001617167132551969
base,26.45,-5.546590116899743e-08,-5.669297087780525e-08,-5.553923046202853e-08,0.00014734019511806034,0.0002075742567258041
base,26.5,-5.568875570898627e-08,-5.676316393514135e-08,-5.561642769083299e-08,0.00012085250003887428,0.0002320458737371311
base,26.55,-5.625332169333629e-08,-5.725381563075411e-08,-5.6111811946509346e-08,8.53377520595891e-05,0.00023592516502990448
base,26.6,-5.6753828479241916e-08,-5.773131531861554e-08,-5.659188424380495e-08,4.4931192587317195e-05,0.00022127073501888143
base,26.650000000000002,-5.689414324314922e-08,-5.7869832687271754e-08,-5.673097479971302e-08,4.008212701007066e-06,0.00019108371628354023
base,26.7,-5.649510915651698e-08,-5.7460733199242423e-08,-5.6320644620573214e-08,-3.3083362946300227e-05,0.00014903014185647587
base,26.75,-5.549651987416293e-08,-5.641636806265244e-08,-5.527346209001181e-08,-6.242028924199978e-05,9.922601100105422e-05
base,26.8,-5.395343291799299e-08,-5.476882860902149e-08,-5.36217446562837e-08,-8.100205683990094e-05,4.6059799248889e-05
base,26.85,-5.2026448205598894e-08,-5.2664104563330135e-08,-5.151170546210223e-08,-8.723534807254483e-05,-5.998362899070743e-06
base,26.900000000000002,-4.996615641008767e-08,-5.035175629325729e-08,-4.919311545301218e-08,-8.124614116386317e-05,-5.264876621896305e-05
base,26.95,-4.809306414708017e-08,-4.816993375748844e-08,-4.700431410692402e-08,-6.488656309115486e-05,-9.009278175449052e-05
base,27.0,-4.6775391724022696e-08,-4.6525601645606895e-08,-4.5352428548160124e-08,-4.139283590528818e-05,-0.00011541312296438153
base,27.05,-4.6407552234990276e-08,-4.587029566825181e-08,-4.46891260535167e-08,-1.4766589146510254e-05,-0.00012693171802940681
base,27.1,-4.739145724977497e-08,-4.667255863514013e-08,-4.54830484249293e-08,1.0956057384799306e-05,-0.00012445218794524129
base,27.150000000000002,-5.012124902055095e-08,-4.938909324249765e-08,-4.8190964850585846e-08,3.235503413317809e-05,-0.0001093058808618504
base,27.2,-5.4970407502701735e-08,-5.4437228071769995e-08,-5.3230239420439224e-08,4.70501525155146e-05,-8.416382665287888e-05
base,27.25,-6.227927607800151e-08,-6.21712111105815e-08,-6.095512731903392e-08,5.384869014247867e-05,-5.26378805506016e-05
base,27.3,-7.234142079169728e-08,-7.286405099526314e-08,-7.163861969456145e-08,5.2668060439903616e-05,-1.8751309546075452e-05
base,27.35,-8.53885994751582e-08,-8.669535541412034e-08,-8.546028651769222e-08,4.4343924529595065e-05,1.3608460365885676e-05
base,27.400000000000002,-1.015755798981961e-07,-1.0374433103494191e-07,-1.0249928168741659e-07,3.0428574207416428e-05,4.1145809940911025e-05
base,27.45,-1.2096659541229394e-07,-1.2398630439860081e-07,-1.2273086966579475e-07,1.3025598220331815e-05,6.144979892705433e-05
base,27.5,-1.4352440836595707e-07,-1.4729109632121818e-07,-1.4602480591417748e-07,-5.366593998135754e-06,7.31078237591783e-05
base,27.55,-1.6910129825039993e-07,-1.7342227971861212e-07,-1.7214460065883466e-07,-2.2072550504653593e-05,7.567590379250568e-05
base,27.6,-1.9743003203412621e-07,-2.0203736990706925e-07,-2.0074771460022987e-07,-3.457337690636292e-05,6.957009398876966e-05
base,27.650000000000002,-2.2811320153005687e-07,-2.3268976403113928e-07,-2.3138750283923815e-07,-4.094195530391174e-05,5.593997980778575e-05
base,27.7,-2.6061160914069716e-07,-2.648333029050158e-07,-2.635177801162958e-07,-4.028013601431181e-05,3.6554864351778095e-05
base,27.75,-2.9423561194323173e-07,-2.97829587323673e-07,-2.9650013948503475e-07,-3.3005057883373774e-05,1.3693130730691622e-05
base,27.8,-3.2814565715357476e-07,-3.3095702072276864e-07,-3.2961299658640013e-07,-2.0846562438780465e-05,-1.0003736900489578e-05
base,27.85,-3.6136784648875943e-07,-3.6341967040490115e-07,-3.620604521099576e-07,-6.5032213904471704e-06,-3.175348162014481e-05
base,27.900000000000002,-3.928267490307595e-07,-3.943541189301932e-07,-3.9297914430281315e-07,6.972797593129986e-06,-4.894582229038005e-05
base,27.95,-4.2139207989514226e-07,-4.2283378938338444e-07,-4.214425752482274e-07,1.6886463018106627e-05,-5.951428377625289e-05
base,28.0,-4.4593078584268053e-07,-4.478724149735471e-07,-4.4646458110715606e-07,2.1491484019813844e-05,-6.229204459757327e-05
base,28.05,-4.653541522627024e-07,-4.684304684531027e-07,-4.6700576140493027e-07,2.0293809451787723e-05,-5.7255366060424045e-05
base,28.1,-4.786517570785748e-07,-4.834293719057224e-07,-4.819876875972263e-07,1.4007812985978444e-05,-4.557139721310465e-05
base,28.150000000000002,-4.849095761612465e-07,-4.917774138844369e-07,-4.903188178906463e-07,4.229588426406641e-06,-2.941340506604409e-05
base,28.2,-4.833155251277247e-07,-4.924085065980575e-07,-4.909332514153404e-07,-7.0251103665810845e-06,-1.1570692872813316e-05
base,28.25,-4.7315935982505317e-07,-4.843310698617461e-07,-4.828396091809528e-07,-1.7759947296476163e-05,5.06005497656604e-06
base,28.3,-4.53833688736207e-07,-4.6668083097203456e-07,-4.651738317594884e-07,-2.6311717814827322e-05,1.7981918782810337e-05
base,28.35,-4.2483952947979993e-07,-4.387695537917713e-07,-4.3724790752749576e-07,-3.1521081613179314e-05,2.548779949032264e-05
base,28.400000000000002,-3.857958781802939e-07,-4.0012240111210596e-07,-3.985872356169316e-07,-3.280766400680129e-05,2.6857694454852273e-05
base,28.45,-3.3645066358103813e-07,-3.504995597117372e-07,-3.4895225255793137e-07,-3.020953061333718e-05,2.2347291381860726e-05
base,28.5,-2.766914252265197e-07,-2.8990178273581384e-07,-2.883439764166572e-07,-2.4408203407840306e-05,1.3009433463878654e-05
base,28.55,-2.0655691075423803e-07,-2.1856307277469585e-07,-2.1699669086894628e-07,-1.6702565118113783e-05,4.2506746997222083e-07
base,28.6,-1.2625303012241896e-07,-1.369355463858219e-07,-1.3536280916646788e-07,-8.862755682845325e-06,-1.3577005557115493e-05
base,28.650000000000002,-3.6175784158034494e-08,-4.567112875334065e-08,-4.40945662387185e-08,-2.818355388641436e-06,-2.7158058654101907e-05
base,28.7,6.306058993735197e-08,5.4397302362487383e-08,5.597484198776021e-08,-2.1002082540957778e-07,-3.86503576541178e-05
base,28.75,1.7059790981070044e-07,1.6227506671774575e-07,1.6385041514596445e-07,-1.922816576820501e-06,-4.669830011413688e-05
base,28.8,2.853223862063783e-07,2.7682619064105965e-07,2.7839586536449335e-07,-7.770974843290693e-06,-5.038678163897988e-05
base,28.85,4.058775897342016e-07,3.967958940947106e-07,3.9835611315567847e-07,-1.6480374872458984e-05,-4.936800936866107e-05
base,28.900000000000002,5.307059914580189e-07,5.208337908238699e-07,5.223804969164427e-07,-2.6016193047655664e-05,-4.396671749868205e-05
base,28.95,6.581132901088964e-07,6.47514469834691e-07,6.490433639632421e-07,-3.416866840991856e-05,-3.521590198854344e-05
base,29.0,7.863412383058449e-07,7.753514179259534e-07,7.768580026282045e-07,-3.920130700294092e-05,-2.476935525334592e-05
base,29.05,9.136316336197144e-07,9.028018695346897e-07,9.042815015751521e-07,-4.03355421545724e-05,-1.4662253748806165e-05
base,29.1,1.038268092685171e-06,1.0282639184797655e-06,1.0297118708345165e-06,-3.79099953830836e-05,-6.940674412881467e-06
base,29.150000000000002,1.158591389107592e-06,1.1500716450467073e-06,1.1514831778107793e-06,-3.3182024613263395e-05,-3.2358291977406333e-06
base,29.2,1.272994259970667e-06,1.266497016040876e-06,1.267867455477048e-06,-2.7874532590926233e-05,-4.394663544979343e-06
base,29.25,1.379908288098027e-06,1.3757671791919697e-06,1.377092003460383e-06,-2.365194906543432e-05,-1.027697461118664e-05
base,29.3,1.4777962627849734e-06,1.476102030485932e-06,1.4773769597345692e-06,-2.1705277650322384e-05,-1.978689169760516e-05
base,29.35,1.56515905262375e-06,1.5657707201174174e-06,1.5669918077901134e-06,-2.2549661562346714e-05,-3.113706384388059e-05
base,29.400000000000002,1.6405592942748107e-06,1.643159400011408e-06,1.6443231217097698e-06,-2.6035348487935287e-05,-4.2272619494351655e-05
base,29.45,1.7026585348430309e-06,1.7068384992032743e-06,1.7079418354148331e-06,-3.1497432104193864e-05,-5.1335421170378476e-05
base,29.5,1.7502618040296567e-06,1.7556176958151994e-06,1.7566582053060097e-06,-3.795253285972051e-05,-5.704385246897832e-05
base,29.55,1.7823637087097591e-06,1.788580463384707e-06,1.7895563448658007e-06,-4.4285939499923523e-05,-5.889923709286798e-05
base,29.6,1.7981913048303299e-06,1.8050959903828696e-06,1.8060061309018967e-06,-4.942498378113924e-05,-5.7190961908894936e-05
base,29.650000000000002,1.7972395556474486e-06,1.8048120377607317e-06,1.8056560468905138e-06,-5.252204952518234e-05,-5.283394769910418e-05
base,29.7,1.7792947736865088e-06,1.7876358735390162e-06,1.7884141027515152e-06,-5.315297063118001e-05,-4.71119577366425e-05
base,29.75,1.7444412577823675e-06,1.7537109410873808e-06,1.75442448782958e-06,-5.148708294925986e-05,-4.140726215166477e-05
base,29.8,1.6930481323681485e-06,1.7033949079994715e-06,1.7040456041494094e-06,-4.834305537415728e-05,-3.6975101820221644e-05
base,29.85,1.6257378037234171e-06,1.6372416838008492e-06,1.6378320685590747e-06,-4.504964892279753e-05,-3.478562130538907e-05
base,29.900000000000002,1.5433431844822322e-06,1.5559874800907368e-06,1.5565207579801826e-06,-4.309618500268368e-05,-3.542550408329199e-05
base,29.95,1.4468651601460697e-06,1.4605399362269244e-06,1.4610199215886977e-06,-4.365857360908241e-05,-3.9039999486406945e-05
base,30.0,1.3374418881083095e-06,1.3519696339797732e-06,1.3524006839434429e-06,-4.7170329843629925e-05,-4.530541926033757e-05
base,30.05,1.2163365622724136e-06,1.2315040429369885e-06,1.2318909811526716e-06,-5.3122292406248856e-05,-5.34427238008116e-05
base,30.1,1.0849420283901626e-06,1.1005239689647991e-06,1.100872002408208e-06,-6.0199923386772566e-05,-6.229835786656066e-05
base,30.150000000000002,9.447928662114225e-07,9.605613634642307e-07,9.608759945119399e-07,-6.67300337975389e-05,-7.05151009392062e-05
base,30.2,7.975719083490194e-07,8.132952842263862e-07,8.135822201391919e-07,-7.127237476591435e-05,-7.678936917152575e-05
base,30.25,6.451003477641747e-07,6.605410685915932e-07,6.608061306404343e-07,-7.312287971027065e-05,-8.017114458525152e-05
base,30.3,4.893073206378269e-07,5.042277214054701e-07,5.044767560581986e-07,-7.253032047771262e-05,-8.032720693085046e-05
base,30.35,3.321826368255983e-07,3.46360806630637e-07,3.4659960128379937e-07,-7.055160354835227e-05,-7.76775009379655e-05
base,30.400000000000002,1.7572155496803305e-07,1.8897226295026694e-07,1.8920646842876676e-07,-6.862390981175493e-05,-7.333945715759323e-05
base,30.45,2.1871379422558313e-08,3.406297876736972e-08,3.429804016363961e-08,-6.804212623577784e-05,-6.887170004118576e-05
base,30.5,-1.2751318256745713e-07,-1.1645324632245608e-07,-1.1621214978649669e-07,-6.954923055907068e-05,-6.587740827423967e-05
base,30.55,-2.7070306358460954e-07,-2.6079585390521844e-07,-2.6054386013162125e-07,-7.317468799230423e-05,-6.558145314933326e-05
base,30.6,-4.0611658481172997e-07,-3.973483496150329e-07,-3.9708095660221637e-07,-7.833565781725064e-05,-6.851109751014855e-05
base,30.650000000000002,-5.323315678668274e-07,-5.246730459539173e-07,-5.243861470929663e-07,-8.411060568259919e-05,-7.437891558471719e-05
base,30.7,-6.480898226364231e-07,-6.415133587830672e-07,-6.412032707579341e-07,-8.955150767147167e-05,-8.219931970320166e-05
base,30.75,-7.522966355596419e-07,-7.467897233811014e-07,-7.46453206603535e-07,-9.392695099573409e-05,-9.059243464236153e-05
base,30.8,-8.44019266710107e-07,-8.395950744779692e-07,-8.392293459056268e-07,-9.685365662193945e-05,-9.817096702540699e-05
base,30.85,-9.224895191186902e-07,-9.191937482892277e-07,-9.187964867747542e-07,-9.833230828770987e-05,-0.00010388829926053586
base,30.900000000000002,-9.871145362619028e-07,-9.850249183131528e-07,-9.845942631948194e-07,-9.872317762500337e-05,-0.000107252797870506
base,30.95,-1.0374961760220035e-06,-1.03670951553803e-06,-1.03624405973642e-06,-9.867826719432224e-05,-0.00010836952640984961
base,31.0,-1.0734538264313443e-06,-1.074058582779151e-06,-1.0735573619421586e-06,-9.901827350617697e-05,-0.00010783087509642756
base,31.05,-1.0950412323615748e-06,-1.0970809611893137e-06,-1.0965434403078923e-06,-0.00010053897620635,-0.00010651818044418303
base,31.1,-1.102547887899802e-06,-1.105988479791029e-06,-1.105414538257982e-06,-0.00010376653449731775,-0.00010538521980710989
base,31.150000000000002,-1.0964807194635005e-06,-1.1011969281467154e-06,-1.1005868436418942e-06,-0.0001087357770983683,-0.00010527542795154966
base,31.2,-1.0775300026938301e-06,-1.0833210300175125e-06,-1.0826754610741584e-06,-0.00011489891173244453,-0.00010679362954511482
base,31.25,-1.0465303043960003e-06,-1.0531618081051042e-06,-1.052481774859226e-06,-0.00012124829525457016,-0.00011022839729517861
base,31.3,-1.0044287366455244e-06,-1.0116855753080863e-06,-1.0109724377686549e-06,-0.0001266521226009639,-0.00011551402900571061
base,31.35,-9.522676214929845e-07,-9.599953730225833e-07,-9.592508061812252e-07,-0.0001302926997739577,-0.00012223046322452433
base,31.400000000000002,-8.911797320060801e-07,-8.992975467614909e-07,-8.985235119488449e-07,-0.00013202326392339385,-0.0001296535850737323
base,31.45,-8.223865699639284e-07,-8.308675206280996e-07,-8.300662327201303e-07,-0.00013247013643547355,-0.0001368726215906176
base,31.5,-7.471883175659983e-07,-7.560190027609621e-07,-7.551928931606794e-07,-0.00013280923140165555,-0.00014297693204488063
base,31.55,-6.669391633956823e-07,-6.760795871403731e-07,-6.752312628971083e-07,-0.0001342954649732927,-0.000147284371587611
base,31.6,-5.830105598044677e-07,-5.923734006416393e-07,-5.915056005444671e-07,-0.00013774587425807472,-0.00014955156536075752
base,31.650000000000002,-4.96752160894277e-07,-5.062089531794801e-07,-5.053245020417215e-07,-0.00014320703838018958,-0.00015009131327212174
base,31.7,-4.0946142687520394e-07,-4.188686848843577e-07,-4.1797044739246865e-07,-0.00014995546763346958,-0.00014973720582741926
base,31.75,-3.2236751519216285e-07,-3.315965661544372e-07,-3.3068740153091295e-07,-0.0001568249962795589,-0.00014964065247790285
base,31.8,-2.3662676017921745e-07,-2.4558156992967587e-07,-2.446642883149616e-07,-0.0001627052350823211,-0.00015094626228850315
base,31.85,-1.5332093492178683e-07,-1.6193728433248923e-07,-1.6101460538136646e-07,-0.0001669842094462182,-0.00015444353181621665
base,31.900000000000002,-7.344942878842491e-08,-8.168029396793783e-08,-8.075480786299447e-08,-0.00016974832939557326,-0.00016031246283228475
base,31.95,2.0878995755782762e-09,-5.711163612775288e-09,-4.7852946420564985e-09,-0.00017167760812632283,-0.00016805615618748727
base,32.0,7.251286512853092e-08,6.519864647577351e-08,6.612267344243451e-08,-0.0001737158477956141,-0.00017665089059966933
base,32.05,1.3718732448901987e-07,1.30412567663748e-07,1.3133275714021335e-07,-0.00017668355048734664,-0.00018486671227311714
base,32.1,1.9562032356110677e-07,1.8942849936720393e-07,1.9034311069726791e-07,-0.00018099947585729508,-0.00019164970477230034
base,32.15,2.474626190642288e-07,2.4187498615439596e-07,2.4278255334380485e-07,-0.00018659943754468337,-0.00019643592742694203
base,32.2,2.9249373042441134e-07,2.875069698081671e-07,2.8840631475445664e-07,-0.00019303934615256765,-0.00019929494250141142
base,32.25,3.306095144073124e-07,3.262027024871827e-07,3.270929409531406e-07,-0.0001996987956238557,-0.00020086585980474376
base,32.3,3.6181571014715736e-07,3.5796132599937786e-07,3.5884186615295816e-07,-0.00020598930175939802,-0.0002021237557398689
base,32.35,3.862270997630185e-07,3.8289906968136175e-07,3.83769603528773e-07,-0.00021150656523910528,-0.00020406908617481723
base,32.4,4.0406688440466604e-07,4.0124187290919746e-07,4.021023613682273e-07,-0.00021611283372211779,-0.00020744758170861464
base,32.45,4.156601096926462e-07,4.133135229088748e-07,4.141641755327892e-07,-0.00021996032609504835,-0.0002125817841973201
base,32.5,4.21418652369321e-07,4.195202938075611e-07,4.20361544257375e-07,-0.0002234616110610569,-0.0002193440821741701
base,32.55,4.218207485526426e-07,4.2033443116311074e-07,4.2116690947419775e-07,-0.00022719709830961436,-0.00022724953147106101
base,32.6,4.1739131981439934e-07,4.162788753547994e-07,4.171033779257538e-07,-0.0002317519442644504,-0.00023561572151467586
base,32.65,4.0868823374942414e-07,4.079144081484727e-07,4.087318662721289e-07,-0.00023750742568705836,-0.00024373411271325025
base,32.7,3.962949892652589e-07,3.9582873959668066e-07,3.966401873006863e-07,-0.0002444586822919776,-0.00025101539732976923
base,32.75,3.8081552959222196e-07,3.8062595050405386e-07,3.8143249246864685e-07,-0.0002521547294493493,-0.00025709459779095576
base,32.8,3.628653129821583e-07,3.629147843259192e-07,3.637175646579479e-07,-0.0002598266148762752,-0.00026189531505663453
base,32.85,3.4305555044487055e-07,3.432954051778039e-07,3.4409557779263285e-07,-0.0002666861096732968,-0.00026565192913858535
base,32.9,3.2197273513275657e-07,3.223456516427802e-07,3.2314435291407733e-07,-0.00027227958653551254,-0.0002688802470233068
base,32.95,3.0015959350406964e-07,3.006086439937068e-07,3.014069681887329e-07,-0.0002767281045517583,-0.0002722838561244031
base,33.0,2.781036590742067e-07,2.785833792142996e-07,2.793823570798186e-07,-0.0002807170397275064,-0.0002765951432291383
base,33.05,2.562357129544086e-07,2.567188604199487e-07,2.575194411601918e-07,-0.00028521243297374515,-0.0002823762006419636
base,33.1,2.3493494963799435e-07,2.354110313059559e-07,2.362140681111413e-07,-0.00029102217114697137,-0.00028983380035745585
base,33.15,2.1453444896799372e-07,2.1500105347415373e-07,2.1580729269545526e-07,-0.00029841123091413574,-0.00029871674941253835
base,33.2,1.9532140372350395e-07,1.9577363600551246e-07,1.9658370999439522e-07,-0.00030696600114907323,-0.0003083499034534921
base,33.25,1.7753084332511858e-07,1.7795502175854604e-07,1.7876944527110306e-07,-0.00031578362176372404,-0.0003178162724955381
base,33.3,1.6133647920904815e-07,1.6171128287323427e-07,1.625304527902441e-07,-0.00032389808784631527,-0.0003262414722672501
base,33.35,1.4684461173249862e-07,1.4714817106781102e-07,1.4797236903470658e-07,-0.00033073307645158973,-0.0003330874181323324
base,33.4,1.340955759831503e-07,1.3431359781700046e-07,1.3514299531003525e-07,-0.0003363583638949463,-0.0003383475408167358
base,33.45,1.2307306773091612e-07,1.2320301521080196e-07,1.2403768051485785e-07,-0.0003414295365010508,-0.00034256431520412334
base,33.5,1.1371767364891441e-07,1.1376698997617064e-07,1.1460689661132151e-07,-0.000346853280108662,-0.0003466533399971669
base,33.55,1.0593943012236311e-07,1.0591962860318794e-07,1.0676466482659447e-07,-0.00035335524586922105,-0.0003515921696610563
base,33.6,9.96258684969861e-08,9.954651990647955e-08,1.0039649899775537e-07,-0.00036116469619350137,-0.00035808602368700307
base,33.65,9.464541134598106e-08,9.451145518717042e-08,9.53661262660953e-08,-0.00036995608348641684,-0.0003663330956277336
base,33.7,9.084884937825543e-08,9.066201052197252e-08,9.152106964187823e-08,-0.00037904929631180003,-0.0003759740735357723
base,33.75,8.807228705613558e-08,8.783468707949695e-08,8.869778830834443e-08,-0.00038774523834259,-0.0003862390311965454
base,33.8,8.614339570722842e-08,8.586040972612387e-08,8.672717590184013e-08,-0.00039562488611088033,-0.0003962296950362565
base,33.85,8.489029759111575e-08,8.457077836269555e-08,8.544081121412268e-08,-0.00040268314749510606,-0.0004052271343526124
base,33.9,8.415072815856454e-08,8.380481624106081e-08,8.467770560679463e-08,-0.0004092677623455054,-0.0004129127046192941
base,33.95,8.377911130143444e-08,8.341543770477141e-08,8.429076964729967e-08,-0.0004158877332177781,-0.00041943189109230254
base,34.0,8.365056883058813e-08,8.327473696869118e-08,8.415210065047796e-08,-0.0004229980862303435,-0.00042529612865170043
base,34.05,8.366250792607241e-08,8.32775135879746e-08,8.415650683273834e-08,-0.00043084882657745986,-0.0004311776727782143
base,34.1,8.373520466288374e-08,8.334299547961356e-08,8.422322897954301e-08,-0.0004394327024812634,-0.00043768316418467824
base,34.15,8.381243814289271e-08,8.341518739304331e-08,8.429628754495364e-08,-0.0004485181937286644,-0.00044518418540706605
base,34.2,8.386222555637044e-08,8.346242761351193e-08,8.434403798341172e-08,-0.0004577351154246731,-0.00045374720139376815
base,34.25,8.387692452517032e-08,8.347654426238897e-08,8.435832569782564e-08,-0.0004666866796284845,-0.00046316143677623857
base,34.300000000000004,8.38719512685124e-08,8.347163062589642e-08,8.43532600638227e-08,-0.0004750717315910796,-0.00047303189306172554
base,34.35,8.388296022844984e-08,8.348215699910209e-08,8.436332505362102e-08,-0.0004827960085507089,-0.00048289599057838836
base,34.4,8.396200789684912e-08,8.356008555833908e-08,8.444049301327436e-08,-0.0004900344194486766,-0.0004923326703163219
base,34.45,8.41734262930673e-08,8.377086739463737e-08,8.465022076472768e-08,-0.000497199540405693,-0.0005010494591521881
base,34.5,8.458975411568755e-08,8.41885319649612e-08,8.506653832224149e-08,-0.0005047966680093961,-0.0005089432398601121
base,34.550000000000004,8.52875293634285e-08,8.489032965073412e-08,8.576669093812733e-08,-0.0005132024476803226,-0.0005161296238952083
base,34.6,8.634249871300401e-08,8.595142906746585e-08,8.682583614148136e-08,-0.0005224626341171543,-0.0005229295150543876
base,34.65,8.782411925890589e-08,8.744001086655611e-08,8.831213752768379e-08,-0.0005322222313580219,-0.0005298007356079782
base,34.7,8.978984962978756e-08,8.941285978253168e-08,9.028235706567282e-08,-0.0005418524877510454,-0.0005372154164245301
base,34.75,9.228012556021534e-08,9.191137949547818e-08,9.277787050031259e-08,-0.0005507387781614519,-0.0005455083395478438
base,34.800000000000004,9.531471935710102e-08,9.495791673255804e-08,9.582099226995759e-08,-0.0005585946183198656,-0.0005547453714676425
base,34.85,9.889046262254992e-08,9.85523609363198e-08,9.941157624849527e-08,-0.0005656323501533213,-0.0005646685100705035
base,34.9,1.0297957625061613e-07,1.0266910346394224e-07,1.035239762447297e-07,-0.0005724817683043055,-0.0005747548466316424
base,34.95,1.0752771940438197e-07,1.0725452394882343e-07,1.0810453385304364e-07,-0.0005798796440367341,-0.0005843842583190175
base,35.0,1.1245149737466752e-07,1.1222520184941732e-07,1.130697916439126e-07,-0.0005882843766100813,-0.0005930619710457203
base,35.050000000000004,1.1763623095101405e-07,1.1746705270096565e-07,1.1830563117702765e-07,-0.0005976227354649898,-0.0006006105902966536
base,35.1,1.2293541954405376e-07,1.2283558471719182e-07,1.2366753144894296e-07,-0.0006073129121317748,-0.0006072496360649064
base,35.15,1.281730399490756e-07,1.2815744952721121e-07,1.2898212151222377e-07,-0.0006165597775704436,-0.0006135215308149781
base,35.2,1.3314856144464697e-07,1.3323338027478028e-07,1.3405012042350456e-07,-0.0006247667475322153,-0.0006200858350909985
base,35.25,1.376431946637359e-07,1.3784244796142584e-07,1.386505953129219e-07,-0.0006318415252925895,-0.0006274610195026977
base,35.300000000000004,1.4142533924776944e-07,1.4174735890038335e-07,1.425462603479426e-07,-0.0006382305495700318,-0.0006358186719421838
base,35.35,1.4425405616419795e-07,1.4470035368955213e-07,1.4548937692177222e-07,-0.0006446673018360929,-0.0006449157129813639
base,35.4,1.4588118637998684e-07,1.4644924346518565e-07,1.472277907813446e-07,-0.0006517767170174777,-0.0006541930866802958
base,35.45,1.460542718830361e-07,1.467432605940915e-07,1.475107832379749e-07,-0.0006597524897748177,-0.000662999165132954
base,35.5,1.445225563286793e-07,1.4533864716370994e-07,1.4609465982277053e-07,-0.0006682759958492675,-0.0006708438358985091
base,35.550000000000004,1.4104668106664854e-07,1.4200413933192416e-07,1.4274823444811958e-07,-0.000676706402949078,-0.000677578122458861
base,35.6,1.3541031324898972e-07,1.3652662539957377e-07,1.3725848692125904e-07,-0.0006844237657498554,-0.0006834287276029913
base,35.65,1.2743033152109076e-07,1.2871722128240887e-07,1.2943663745666154e-07,-0.0006911336155631288,-0.0006888808470974457
base,35.7,1.1696276729782626e-07,1.1841784622013266e-07,1.1912472100048521e-07,-0.000696978262962254,-0.0006944667051022627
base,35.75,1.0390418470021545e-07,1.0550815060198546e-07,1.0620251325060046e-07,-0.0007024171383072265,-0.0007005530525375577
base,35.800000000000004,8.819106904077541e-08,8.991239732504847e-08,9.059440983454e-08,-0.0007079635046437409,-0.0007072139588367836
base,35.85,6.98010164923299e-08,7.160567342711504e-08,7.227563547220193e-08,-0.0007139282047774456,-0.0007142315406480602
base,35.9,4.87580471692653e-08,5.0618677750585704e-08,5.127702898542504e-08,-0.0007202960310233789,-0.0007212092892504932
base,35.95,2.5141026105463154e-08,2.7040392312988e-08,2.76877119329826e-08,-0.0007267733852653433,-0.0007277377598847638
base,36.0,-9.087766379008963e-10,1.0182801831656941e-09,1.6552837524624783e-09,-0.0007329544032096531,-0.0007335393654204557
base,36.050000000000004,-2.9185329252017195e-08,-2.724377060014768e-08,-2.6616236998011714e-08,-0.0007385066209072643,-0.0007385396885713462
base,36.1,-5.942235824339736e-08,-5.748892238252271e-08,-5.686989057670178e-08,-0.0007432911736387611,-0.0007428526738493561
base,36.15,-9.13023928005245e-08,-8.941111590613041e-08,-8.879950652812213e-08,-0.0007473838593615107,-0.0007467045987840626
base,36.2,-1.2446548234084007e-07,-1.2265810180500183e-07,-1.2205273747131262e-07,-0.0007510141382291058,-0.0007503397890443418
base,36.25,-1.5851363373791962e-07,-1.5683360289995797e-07,-1.5623322346817756e-07,-0.0007544631681677072,-0.0007539453770815753
base,36.300000000000004,-1.9301088595848916e-07,-1.9149943975188612e-07,-1.9090271936339726e-07,-0.0007579587226082423,-0.0007576118693797107
base,36.35,-2.2748298126375021e-07,-2.2617914197797613e-07,-2.255847075350314e-07,-0.000761591845891929,-0.0007613258264212396
base,36.4,-2.6142182788099275e-07,-2.603644830695923e-07,-2.597709337489771e-07,-0.0007652734900095663,-0.0007649819457473847
base,36.45,-2.942971710843385e-07,-2.9352544132251795e-07,-2.9293136871618034e-07,-0.000768749267322811,-0.0007684057554865381
base,36.5,-3.2557296951740065e-07,-3.2512271774556893e-07,-3.245267262415731e-07,-0.0007716831509075543,-0.0007713871380427679
base,36.550000000000004,-3.5472254707307037e-07,-3.546208510346701e-07,-3.540215780965863e-07,-0.0007737952475203706,-0.0007737284450794853
base,36.6,-3.812374187207212e-07,-3.8149978788910644e-07,-3.808959239380303e-07,-0.0007750017392220059,-0.0007753037497304307
base,36.65,-4.0462948438214894e-07,-4.052636547616881e-07,-4.0465396239631326e-07,-0.0007754824826043771,-0.000776111909748138
base,36.7,-4.2443167804744273e-07,-4.254469977680226e-07,-4.2483033007189786e-07,-0.0007756200213656829,-0.0007762965667110771
base,36.75,-4.4020398340543087e-07,-4.4162008951473653e-07,-4.4099540720690443e-07,-0.0007758162748116479,-0.0007761113145281118
base,36.800000000000004,-4.515481166976699e-07,-4.533952886416714e-07,-4.5276167584210367e-07,-0.0007762697909609379,-0.0007758300141718051
base,36.85,-4.581274180487807e-07,-4.604356241027181e-07,-4.5979230251334496e-07,-0.0007768378651344971,-0.0007756314231059522
base,36.9,-4.596833784767214e-07,-4.6246517626661104e-07,-4.6181151760338183e-07,-0.0007770778735407421,-0.0007755078178464381
base,36.95,-4.560409688061372e-07,-4.592793221447403e-07,-4.586148586782244e-07,-0.0007764668428867102,-0.0007752451581353476
base,37.0,-4.471016322702868e-07,-4.5075237278856164e-07,-4.5007680584808096e-07,-0.0007746891122935592,-0.0007744945581668492
base,37.050000000000004,-4.328311277242595e-07,-4.3684092153162556e-07,-4.3615412780752086e-07,-0.0007718276618138697,-0.0007729124967406932
base,37.1,-4.1325327879484127e-07,-4.175829661558012e-07,-4.16885001621608e-07,-0.0007683369340366979,-0.0007703108615423118
base,37.15,-3.8845682691566856e-07,-3.930946218661086e-07,-3.9238572316559974e-07,-0.0007647972300645031,-0.000766747199127952
base,37.2,-3.5861298940264976e-07,-3.6356699858267193e-07,-3.628475817949111e-07,-0.0007615831268420427,-0.0007625084476306271
base,37.25,-3.239924472912719e-07,-3.2926508118347383e-07,-3.2853573796904354e-07,-0.0007586384693381423,-0.0007579892084973762
base,37.300000000000004,-2.8496877383318903e-07,-2.905285639187976e-07,-2.8979005511619555e-07,-0.0007554959595621893,-0.0007535161238222312
base,37.35,-2.4200261653760677e-07,-2.477725879738762e-07,-2.470258347172961e-07,-0.0007515377758217546,-0.0007491982128399076
base,37.4,-1.9561283384958487e-07,-2.014854008534588e-07,-2.0073147322070618e-07,-0.0007463488185670549,-0.0007448739114813891
base,37.45,-1.4634923454518324e-07,-1.5222075068377372e-07,-1.5146085380400815e-07,-0.0007399553728540756,-0.000740181850866527
base,37.5,-9.478060810265293e-08,-1.0058503695797585e-07,-9.98204944880999e-08,-0.0007328076039888798,-0.0007347242670991398
base,37.550000000000004,-4.150149490180998e-08,-4.7221689830232606e-08,-4.645392480119666e-08,-0.0007255162660609047,-0.000728247421739026
base,37.6,1.2851735435938809e-08,7.203466268019703e-09,7.97295303404258e-09,-0.000718500182722012,-0.0007207546622991517
base,37.65,6.759183544020612e-08,6.201282070538794e-08,6.278247417318123e-08,-0.0007117523867628104,-0.0007124996589327765
base,37.7,1.219911292566536e-07,1.1652293405157227e-07,1.1729116995070566e-07,-0.0007048588280368114,-0.0007038646839401077
base,37.75,1.7531166656709987e-07,1.7004804887694642e-07,1.7081327946376604e-07,-0.0006972510631659177,-0.000695183488822764
base,37.800000000000004,2.268427545483417e-07,2.2190497396640412e-07,2.226656340679416e-07,-0.000688537307494413,-0.0006865934951095818
base,37.85,2.759289125447183e-07,2.714225760940984e-07,2.7217714908941807e-07,-0.0006787167143809878,-0.0006779855836403193
base,37.9,3.219775675968606e-07,3.179565705238627e-07,3.1870361400518146e-07,-0.0006681596000751835,-0.0006690706348601957
base,37.95,3.644486137408568e-07,3.6090718936106054e-07,3.616453601629675e-07,-0.0006573792906598932,-0.0006595253124667044
base,38.0,4.0283883859895234e-07,3.9973538415012414e-07,4.004634622621414e-07,-0.0006467403126640936,-0.0006491437294443206
base,38.050000000000004,4.366762467255541e-07,4.3397359790245303e-07,4.346905085902835e-07,-0.0006362735305286535,-0.0006379234679361947
base,38.1,4.6553172277192644e-07,4.632296297134688e-07,4.6393446308825447e-07,-0.0006256931838878482,-0.0006260510278148551
base,38.15,4.890436597226329e-07,4.871853165603555e-07,4.878773439188047e-07,-0.0006145868583207348,-0.0006138027418473794
base,38.2,5.069430227972895e-07,5.055938813299298e-07,5.062725678138021e-07,-0.0006026546729804127,-0.0006014160502850717
base,38.25,5.19066563595082e-07,5.182796946894742e-07,5.189447080801871e-07,-0.0005898606953733921,-0.0005889943696039856
base,38.300000000000004,5.253535719709663e-07,5.251420125066929e-07,5.257932281695611e-07,-0.000576425799595933,-0.0005764853269584339
base,38.35,5.258310323162921e-07,5.261612970054024e-07,5.267987990728557e-07,-0.0005626880160569549,-0.0005637320135467903
base,38.4,5.205972387546629e-07,5.214047063535645e-07,5.220287852129462e-07,-0.0005489237665285831,-0.0005505622943451975
base,38.45,5.098123532766306e-07,5.110273325508039e-07,5.116384786605248e-07,-0.0005352278640702342,-0.0005368688519678081
base,38.5,4.936981320706338e-07,4.952676632654205e-07,4.958665573429681e-07,-0.0005215010669135394,-0.0005226455714845753
base,38.550000000000004,4.7254285326238507e-07,4.744383464164854e-07,4.750258461529384e-07,-0.0005075299606121732,-0.0005079734331989495
base,38.6,4.467050640323596e-07,4.4891513115640007e-07,4.4949225478239926e-07,-0.0004931035693884027,-0.0004929744832906507
base,38.65,4.1661161602250763e-07,4.1912690820649983e-07,4.1969481539647533e-07,-0.0004781092412984041,-0.00047776283524588397
base,38.7,3.827492590595525e-07,3.8554822532184767e-07,3.8610819601805994e-07,-0.0004625751677807698,-0.0004624146454897165
base,38.75,3.456518821831887e-07,3.48693580048428e-07,3.4924699179657347e-07,-0.0004466554151614229,-0.0004469624207946728
base,38.800000000000004,3.0588605413770953e-07,3.0911147998787114e-07,3.0965978432793414e-07,-0.00043057067055985414,-0.00043140467309888797
base,38.85,2.640366351080606e-07,2.6737642769338044e-07,2.679211260896899e-07,-0.0004145247949453085,-0.000415717944382745
base,38.9,2.206935105555841e-07,2.240783850533213e-07,2.2462100481244555e-07,-0.00039862235298884915,-0.0003998645307121771
base,38.95,1.7644059922103988e-07,1.7981090631560334e-07,1.8035297693662293e-07,-0.0003828184399070249,-0.00038379883274412726
base,39.0,1.318485282364949e-07,1.3515992655325153e-07,1.3570295696171394e-07,-0.00036693091361023695,-0.00036747971611763485
base,39.050000000000004,8.747139772374338e-08,9.06946837343328e-08,9.12401408384645e-08,-0.0003507251640152139,-0.00035089172518974244
base,39.1,4.384582182173074e-08,4.696084353643985e-08,4.751013249156847e-08,-0.0003340434623005576,-0.000334067780072037
base,39.15,1.4883701070098938e-09,4.474573161778789e-09,5.029019637340493e-09,-0.00031691454050888836,-0.00031709825020216414
base,39.2,-3.911237163617563e-08,-3.628401829358613e-08,-3.5723183659447784e-08,-0.00029957320419998827,-0.00030011334315915655
base,39.25,-7.750979755278596e-08,-7.487875653238222e-08,-7.431041140252431e-08,-0.0002823600233617076,-0.0002832387113530366
base,39.300000000000004,-1.1331553223103736e-07,-1.1092574757721262e-07,-1.1034888888147187e-07,-0.0002655421466175355,-0.00026654150505156526
base,39.35,-1.4621132399789914e-07,-1.4410021652101107e-07,-1.435139691073938e-07,-0.0002491552627243544,-0.00024999497242456976
base,39.4,-1.759512150468923e-07,-1.7413994597781556e-07,-1.7354356892763015e-07,-0.00023296969762970373,-0.00023348559184691985
base,39.45,-2.0235377183775558e-07,-2.0084475046343278e-07,-2.0023764104269392e-07,-0.00021661804667575318,-0.00021686717610558024
base,39.5,-2.2528987346276466e-07,-2.2407322291688504e-07,-2.2345491816336076e-07,-0.0001998214880052018,-0.0002000404971109451
base,39.550000000000004,-2.4467416966636343e-07,-2.437391406303925e-07,-2.43109316646174e-07,-0.00018258041464420393,-0.0001830191134061607
base,39.6,-2.6046560952403124e-07,-2.598096626168945e-07,-2.591681317315698e-07,-0.0001652043526099057,-0.00016594394127615069
base,39.65,-2.726761541830981e-07,-2.7230588413960604e-07,-2.716525901891343e-07,-0.00014814904864068898,-0.0001490324052235925
base,39.7,-2.813808432476327e-07,-2.8130435035411987e-07,-2.806393623471258e-07,-0.00013175106525417597,-0.000132482192957011
base,39.75,-2.8672092500968093e-07,-2.8693695704066767e-07,-2.86260461445707e-07,-0.00011602302819112032,-0.00011637661727468525
base,39.800000000000004,-2.8889565146633537e-07,-2.8938702117365914e-07,-2.886993129841986e-07,-0.00010064359388920431,-0.00010064233158030402
base,39.85,-2.881451349886445e-07,-2.8888102255969055e-07,-2.8818249522889184e-07,-8.515766654733718e-05,-8.508620076820654e-05
base,39.9,-2.847318553044727e-07,-2.8567762094924817e-07,-2.8496875527905863e-07,-6.926749625100407e-05,-6.94973317192489e-05
base,39.95,-2.789286847808034e-07,-2.800568279958625e-07,-2.7933818012451985e-07,-5.303209811697333e-05,-5.376396617215672e-05
base,40.0,-2.710166826737282e-07,-2.723119307915553e-07,-2.7158411951806066e-07,-3.684554221205986e-05,-3.794369098767673e-05
base,40.050000000000004,-2.612895586482077e-07,-2.62745100460874e-07,-2.620087942191932e-07,-2.1203390488662872e-05,-2.224719720065524e-05
base,40.1,-2.5005777611768457e-07,-2.5166554054875654e-07,-2.5092144435534797e-07,-6.402617385549207e-06,-6.940558002399244e-06
base,40.15,-2.376460049731788e-07,-2.3938771259324974e-07,-2.3863655523474784e-07,7.635121673711248e-06,7.784840181798307e-06
base,40.2,-2.243823455813107e-07,-2.262273279069099e-07,-2.2546984954648162e-07,2.13044816929053e-05,2.1906420816383184e-05
base,40.25,-2.1058307229960497e-07,-2.1249426855791378e-07,-2.1173120887098195e-07,3.505961072051406e-05,3.557769372405267e-05
base,40.300000000000004,-1.965392525295509e-07,-1.9848351664373592e-07,-1.9771560358093684e-07,4.912339780763331e-05,4.904332899951978e-05
base,40.35,-1.8251016226162163e-07,-1.8446644701592222e-07,-1.8369438633000046e-07,6.334671245780496e-05,6.250607048602586e-05
base,40.4,-1.687241760651532e-07,-1.7068480713737115e-07,-1.699092728650189e-07,7.730354764565546e-05,7.601578724188347e-05
base,40.45,-1.5538369086970728e-07,-1.5734846233980868e-07,-1.5657008845530854e-07,9.055666250721138e-05,8.943943923609747e-05
base,40.5,-1.4266907211460405e-07,-1.4463627771456223e-07,-1.4385565114527152e-07,0.00010292211568529877,0.00010252748041431731
base,40.550000000000004,-1.3073826020828962e-07,-1.3269828772386416e-07,-1.3191594284582114e-07,0.0001145671322736265,0.00011504074212171263
base,40.6,-1.1972206443827124e-07,-1.2165717968987086e-07,-1.2087359433617354e-07,0.0001258868163642902,0.00012687007843574773
base,40.65,-1.0971811341475531e-07,-1.1160805065310377e-07,-1.1082364360120796e-07,0.00013724649308865855,0.00013808596095533235
base,40.7,-1.0078720973090835e-07,-1.0261678245387219e-07,-1.0183191232631646e-07,0.00014875649217416657,0.00014889356095466134
base,40.75,-9.29542883700011e-08,-9.471842344990502e-08,-9.393338895896936e-08,0.000160216908162177,0.00015951937439817097
base,40.800000000000004,-8.621360906694447e-08,-8.791713528805148e-08,-8.713217675723918e-08,0.00017125576236506034,0.0001700907922088514
base,40.85,-8.053573260760682e-08,-8.218855393098616e-08,-8.140385601522272e-08,0.00018156244956216933,0.00018057177751941675
base,40.9,-7.58734878321124e-08,-7.74842964665486e-08,-7.669999196184612e-08,0.00019106665339368797,0.0001907861417922284
base,40.95,-7.216533934749606e-08,-7.373746034666815e-08,-7.295363493648584e-08,0.0001999584426144297,0.00020051280453903809
base,41.0,-6.933644545086928e-08,-7.0867753331787e-08,-7.008445107662698e-08,0.0002085515271365489,0.00020960039033663877
base,41.050000000000004,-6.729908163794578e-08,-6.878538656393232e-08,-6.800261591579914e-08,0.0002170868179320405,0.00021804069121866157
base,41.1,-6.595425660753566e-08,-6.739370230398585e-08,-6.66114424227312e-08,0.0002255993958272769,0.0002259647638671835
base,41.15,-6.519538870004123e-08,-6.659119290819656e-08,-6.58094000683885e-08,0.00023392013844122122,0.00023356754487883447
base,41.2,-6.491357402687331e-08,-6.627375028975037e-08,-6.549236418616344e-08,0.00024179466296423528,0.00024100388369537412
base,41.25,-6.500304741216045e-08,-6.633764114794372e-08,-6.555659092764987e-08,0.00024903578505628695,0.00024831159466668924
base,41.300000000000004,-6.536541917430047e-08,-6.66831031176773e-08,-6.590231298382601e-08,0.0002556184756660556,0.00025540001945117686
base,41.35,-6.591203354259636e-08,-6.721797469778816e-08,-6.643736894574842e-08,0.0002616733430094002,0.0002621061622007633
base,41.4,-6.656477270147973e-08,-6.786066041156883e-08,-6.708016777587246e-08,0.00026739866602926203,0.00026828491913746333
base,41.45,-6.725623772873265e-08,-6.854199899476368e-08,-6.776155620872659e-08,0.000272951336317918,0.0002738840345326637
base,41.5,-6.793016758055774e-08,-6.92060399786705e-08,-6.842559447886312e-08,0.0002783757976670798,0.00027896556955079286
base,41.550000000000004,-6.854237770860414e-08,-6.981007341022891e-08,-6.902958515330782e-08,0.0002835981284267844,0.0002836664401912214
base,41.6,-6.906184003497934e-08,-7.032433077637545e-08,-6.954377317215928e-08,0.0002884755573155476,0.0002881233737806785
base,41.65,-6.947121615457182e-08,-7.073159690862377e-08,-6.995095690636239e-08,0.0002928702669995204,0.00029240468276420386
base,41.7,-6.976633713766309e-08,-7.102670124003674e-08,-7.024597863189991e-08,0.0002967143861896929,0.0002964843167014207
base,41.75,-6.995463275998904e-08,-7.121567766609804e-08,-7.043488369296358e-08,0.0003000424987334293,0.00030026808154382347
base,41.800000000000004,-7.005292009840945e-08,-7.131439269128944e-08,-7.053354805294339e-08,0.0003029802511753219,0.0003036530073723042
base,41.85,-7.008509317598728e-08,-7.134660614929843e-08,-7.05657385363717e-08,0.0003056909239157019,0.00030658476952713233
base,41.9,-7.008002973293438e-08,-7.134162204259082e-08,-7.056076332151293e-08,0.0003082979750870434,0.000309082707153083
base,41.95,-7.006966875800406e-08,-7.133178469650053e-08,-7.055096788983078e-08,0.00031081758319897584,0.00031122296856524157
base,42.0,-7.008698228411008e-08,-7.135003228900518e-08,-7.056928849906898e-08,0.00031314011657912054,0.00031309433684041616
base,42.050000000000004,-7.016359265811746e-08,-7.142758782777284e-08,-7.064694324995163e-08,0.0003150819564606861,0.00031475443805368674
base,42.1,-7.032706412183359e-08,-7.159175002411831e-08,-7.081122318812002e-08,0.00031649071883978907,0.000316209958456113
base,42.15,-7.059818478065652e-08,-7.186372400820414e-08,-7.108332337383639e-08,0.0003173478626087084,0.0003174275300891019
base,42.2,-7.098869752518618e-08,-7.225651076406453e-08,-7.147623278519147e-08,0.0003178018130288149,0.00031836357937478074
base,42.25,-7.149979711311892e-08,-7.277298804253197e-08,-7.199281579994762e-08,0.00031809813255562495,0.0003189927157393028
base,42.300000000000004,-7.212141489783914e-08,-7.340437543741006e-08,-7.262427792693013e-08,0.000318437265558834,0.00031931905731594386
base,42.35,-7.283192028035315e-08,-7.41292341164269e-08,-7.334916626028356e-08,0.0003188448896812109,0.00031936830625777115
base,42.4,-7.35977865390107e-08,-7.491303285447903e-08,-7.41329362810625e-08,0.0003191437323084676,0.0003191706755407547
base,42.45,-7.43729371901784e-08,-7.570819663672355e-08,-7.492800124743532e-08,0.00031905773358083305,0.0003187481858956154
base,42.5,-7.509799113659535e-08,-7.645451962291942e-08,-7.567414593897701e-08,0.00031839206531071926,0.00031811348882239036
base,42.550000000000004,-7.570009190692622e-08,-7.707988958242054e-08,-7.629925184229558e-08,0.0003171741587574624,0.0003172770719359153
base,42.6,-7.60940492628549e-08,-7.75013812421272e-08,-7.672039120293498e-08,0.0003156564394743226,0.0003162534249047367
base,42.65,-7.618512112424594e-08,-7.762684042354932e-08,-7.684541180520022e-08,0.00031416780597849745,0.00031505882113926976
base,42.7,-7.587289695573157e-08,-7.73570378471301e-08,-7.657509134299283e-08,0.00031290391619990133,0.0003137016542447328
base,42.75,-7.505513591874336e-08,-7.658833676156666e-08,-7.580580552144941e-08,0.00031179500513036366,0.0003121739888190226
base,42.800000000000004,-7.363043684114873e-08,-7.52156795781941e-08,-7.443251504916277e-08,0.00031054581580000965,0.0003104538357161456
base,42.85,-7.149946859715983e-08,-7.313565583562396e-08,-7.235183382677811e-08,0.0003088296292823607,0.0003085204552088293
base,42.9,-6.85656808552863e-08,-7.024950637406753e-08,-6.946503319685094e-08,0.00030651167061632336,0.00030637462968912863
base,42.95,-6.473707444574996e-08,-6.646608799131979e-08,-6.568100651959141e-08,0.0003037511265525117,0.0003040499565373073
base,43.0,-5.993019331000505e-08,-6.170494396969621e-08,-6.09193394631156e-08,0.00030090788156757545,0.0003016047730125248
base,43.050000000000004,-5.407605701268804e-08,-5.589959175473729e-08,-5.5113597292203636e-08,0.00029831106721463284,0.00029909598371890124
base,43.1,-4.7126254967103305e-08,-4.9000944272664245e-08,-4.8214745646238685e-08,0.0002960428554222818,0.00029654865400455786
base,43.15,-3.905695534770164e-08,-4.098054299329162e-08,-4.0194382915238335e-08,0.00029388464441411794,0.0002939402742169022
base,43.2,-2.9869615272601105e-08,-3.1833172645311045e-08,-3.104735412203476e-08,0.00029146519366420704,0.00029121186437379356
base,43.25,-1.9589211567036246e-08,-2.1578561140856626e-08,-2.0793449870293687e-08,0.0002885131976015028,0.0002883026842667549
base,43.300000000000004,-8.262330734253363e-09,-1.0262199221244281e-08,-9.478224878482448e-09,0.0002850442514790814,0.0002851901957543213
base,43.35,4.0424946124831675e-09,2.0443549853580266e-09,2.8266986927128335e-09,0.0002813551914391926,0.0002819116276821623
base,43.4,1.7231614807552475e-08,1.5243226159737522e-08,1.602338275907648e-08,0.000277829119636247,0.0002785522186642139
base,43.45,3.118196698107146e-08,2.9209815837922015e-08,2.9987168742422985e-08,0.00027468310317879836,0.00027520385976075355
base,43.5,4.573867310399934e-08,4.3792503908956155e-08,4.45663804784621e-08,0.0002718291831045378,0.0002719159518798671
base,43.550000000000004,6.071680470123295e-08,5.8813117025637946e-08,5.95827940341496e-08,0.00026894147227573775,0.00026866686812100177
base,43.6,7.590724242283583e-08,7.406883750323966e-08,7.483354798375771e-08,0.00026568160283315387,0.00026537457743736525
base,43.65,9.108417819506296e-08,8.933577246036116e-08,9.00947138732302e-08,0.0002619282706377775,0.0002619432980999409
base,43.7,1.0601104942860635e-07,1.0437370932106277e-07,1.051260529629596e-07,0.00025785649910591127,0.0002583214983834348
base,43.75,1.2044302183025848e-07,1.1893108204894003e-07,1.196759835826096e-07,0.00025381690252975305,0.000254537990591884
base,43.800000000000004,1.3412676605729457e-07,1.327492260538084e-07,1.3348583699553145e-07,0.00025010126105077276,0.00025069337267249195
base,43.85,1.4680030052739243e-07,1.4556564095465236e-07,1.4629312091446284e-07,0.00024675478526963644,0.0002469088441917383
base,43.9,1.581958383684672e-07,1.5711684445028592e-07,1.5783437388737105e-07,0.0002435589066366317,0.0002432597538784661
base,43.95,1.6804681347599988e-07,1.6714192766070762e-07,1.678487208971428e-07,0.00024018956467768336,0.00023973205215066181
base,44.0,1.7609766870540878e-07,1.7538771825746598e-07,1.760830364848572e-07,0.0002364382498427344,0.0002362286461152931
base,44.050000000000004,1.8211339979782187e-07,1.8161557879561006e-07,1.8229874280488078e-07,0.00023234609515887283,0.00023262468871917377
base,44.1,1.8588601261287005e-07,1.8560882564290124e-07,1.8627922800258287e-07,0.0002281665159802089,0.0002288417491409343
base,44.15,1.8723693130333387e-07,1.8717921284641735e-07,1.8783632925030167e-07,0.00022419039650794533,0.0002248979924265207
base,44.2,1.8601671899176364e-07,1.8617127276546644e-07,1.8681467227236728e-07,0.00022055709080560609,0.00022090359667097177
base,44.25,1.8210484763967838e-07,1.8246437917794866e-07,1.8309373308104906e-07,0.00021717630329645227,0.00021700175161915906
base,44.300000000000004,1.7541197786916156e-07,1.7597356103713361e-07,1.765886501299797e-07,0.00021380448272818693,0.00021328796769985674
base,44.35,1.658854379983923e-07,1.6665062104478242e-07,1.6725134109166515e-07,0.00021021469543303477,0.0002097546451149522
base,44.4,1.5351639711127905e-07,1.5448664997010088e-07,1.5507301523371754e-07,0.00020634242524412478,0.00020629455255285307
base,44.45,1.3834576647065247e-07,1.3951583021307056e-07,1.4008797493694384e-07,0.000202315106358034,0.0002027629512352892
base,44.5,1.2046607675231748e-07,1.2181920999879958e-07,1.2237738778501863e-07,0.00019835672606837161,0.00019906322945142195
base,44.550000000000004,1.0001841340392025e-07,1.0152665074635839e-07,1.0207123181293899e-07,0.000194640213777044,0.00019520600936012247
base,44.6,7.718597467881722e-08,7.881572234178769e-08,7.93471886904667e-08,0.0001911864264421122,0.00019130625908905
base,44.65,5.2187611576122187e-08,5.390763299826108e-08,5.442657157258805e-08,0.00018786820299153674,0.0001875189750674748
base,44.7,2.5274488965080685e-08,2.7061572403009078e-08,2.7568666365444172e-08,0.00018450494625124418,0.00018395037963877547
base,44.75,-3.2692421163493605e-09,-1.4306405218166563e-09,-9.346222199388347e-10,0.00018097852902687497,0.00018059658978619448
base,44.800000000000004,-3.31239605189704e-08,-3.1248290753359523e-08,-3.076250529640512e-08,0.00017729741787665147,0.00017734611207518092
base,44.85,-6.393439178239562e-08,-6.204390621038002e-08,-6.156745009432101e-08,0.00017357781677463594,0.00017404524781488136
base,44.9,-9.531508773601213e-08,-9.34451481510783e-08,-9.29770713462911e-08,0.0001699649183013712,0.00017058847799621244
base,44.95,-1.2686170403909152e-07,-1.2505831203858794e-07,-1.2459763286405688e-07,0.00016654850850252614,0.0001669810334061963
base,45.0,-1.5816450439189336e-07,-1.5647467329933052e-07,-1.5602039373108288e-07,0.00016332086283565652,0.00016333698010774874
base,45.050000000000004,-1.8881893807102994e-07,-1.8727948255745284e-07,-1.868306036983478e-07,0.0001601927380118104,0.00015981381512534187
base,45.1,-2.1843004973319248e-07,-2.1706200298989106e-07,-2.1661754043322401e-07,0.00015704963835642488,0.00015652166074644406
base,45.15,-2.466118054202748e-07,-2.454244292173989e-07,-2.4498342804003714e-07,0.00015381403022017996,0.00015345995592317218
base,45.2,-2.7298617655962494e-07,-2.7198818726881647e-07,-2.7154973639288275e-07,0.00015048311216640385,0.0001505184773456449
base,45.25,-2.971871782789847e-07,-2.9639762229481467e-07,-2.959608679676907e-07,0.0001471276693272795,0.00014754203901669774
base,45.300000000000004,-3.188715843418166e-07,-3.183225411589145e-07,-3.178866993272687e-07,0.00014385520227857892,0.0001444211933612164
base,45.35,-3.3773299396319113e-07,-3.3746159915287297e-07,-3.370259665482775e-07,0.00014075440295830587,0.00014115619655997224
base,45.4,-3.5351306298447774e-07,-3.5354776855820164e-07,-3.5311173235975305e-07,0.00013784631128903747,0.0001378570893490854
base,45.45,-3.6600528208959053e-07,-3.663555510176297e-07,-3.6591859699448214e-07,0.00013506762917354497,0.00013467988647352893
base,45.5,-3.7505164980343363e-07,-3.757081684239827e-07,-3.752698874760776e-07,0.000132299999743332,0.0001317360079919525
base,45.550000000000004,-3.8053729297239167e-07,-3.8148258009413817e-07,-3.810426731054901e-07,0.00012943594305239972,0.00012902767751507576
base,45.6,-3.823891210363048e-07,-3.8361107132754505e-07,-3.8316935224120077e-07,0.000126447391078957,0.0001264469645634868
base,45.65,-3.805809217011422e-07,-3.8207977700387277e-07,-3.816361740428271e-07,0.00012341329953561767,0.0001238391128102946
base,45.7,-3.751418616428388e-07,-3.7692583369252847e-07,-3.76480388695783e-07,0.00012048095133554428,0.0001210932449988203
base,45.75,-3.661621730563497e-07,-3.6823508634662836e-07,-3.6778795225224845e-07,0.0001177761653389225,0.00011820738530858307
base,45.800000000000004,-3.537913323993607e-07,-3.5614131529922965e-07,-3.556927518599353e-07,0.0001153162132193679,0.00011528959138280682
base,45.85,-3.3822919555027995e-07,-3.4082645280285384e-07,-3.403768206413433e-07,0.00011298644687824557,0.00011249437388438198
base,45.9,-3.197152138902141e-07,-3.2252018779967676e-07,-3.2206994089864443e-07,0.00011060565652343131,0.00010993169712257507
base,45.95,-2.9852159879620486e-07,-3.0149735544882066e-07,-3.0104703214667116e-07,0.00010804509149004068,0.00010760220962564757
base,46.0,-2.749525006340472e-07,-2.780725107508479e-07,-2.776227233100743e-07,0.00010532284296079368,0.00010539706214680247
base,46.050000000000004,-2.493460352663743e-07,-2.5259241291884533e-07,-2.5214383576890773e-07,0.00010260364614032014,0.00010316251802734223
base,46.1,-2.22073444386222e-07,-2.254279748123815e-07,-2.249813316353996e-07,0.00010009480402829721,0.0001007910599806991
base,46.15,-1.935317188918951e-07,-1.9696711556524892e-07,-1.965231654620037e-07,9.79031918809178e-05,9.828482802335585e-05
base,46.2,-1.6413099823610964e-07,-1.676090660040756e-07,-1.6716858901866905e-07,9.595261541055077e-05,9.575364386117595e-05
base,46.25,-1.3428192623687507e-07,-1.3775963098461674e-07,-1.373234132658636e-07,9.402567441548195e-05,9.334893433439047e-05
base,46.300000000000004,-1.0438790805246196e-07,-1.0782634459915399e-07,-1.0739516344805565e-07,9.190916603410612e-05,9.117320102462512e-05
base,46.35,-7.48431142066416e-08,-7.821263447828399e-08,-7.778724350197164e-08,8.954544876983048e-05,8.92192304684192e-05
base,46.4,-4.603249698621252e-08,-4.931083797320822e-08,-4.8891952560903414e-08,8.708121074868134e-05,8.737521190293436e-05
base,46.45,-1.8328751809736847e-08,-2.149469704238829e-08,-2.1082980403187092e-08,8.477261551622337e-05,8.549222217354965e-05
base,46.5,7.916036463991162e-09,4.887651286651977e-09,5.291601247545191e-09,8.280748352389034e-05,8.34731610681612e-05
base,46.550000000000004,3.2381604355086294e-08,2.951934085010505e-08,2.9915003517454463e-08,8.11684819050468e-05,8.132970960201828e-05
base,46.6,5.478844132554987e-08,5.211881068477426e-08,5.2505753294462234e-08,7.963764571816482e-05,7.917360793727319e-05
base,46.65,7.490071645500865e-08,7.244251602058724e-08,7.282040255773863e-08,7.79447380634551e-05,7.714832087192572e-05
base,46.7,9.252387083149996e-08,9.028693578480102e-08,9.065553405136858e-08,7.5958003842801e-05,7.534279185678542e-05
base,46.75,1.0750125040424888e-07,1.0549040221248408e-07,1.0584958896489504e-07,7.378148512866607e-05,7.373909119231641e-05
base,46.800000000000004,1.1971429427250544e-07,1.1793489048418074e-07,1.1828465458897042e-07,7.168609027069518e-05,7.222465326104104e-05
base,46.85,1.2908723059783428e-07,1.275474798685596e-07,1.2788792344741196e-07,6.991953974364545e-05,7.066066960778105e-05
base,46.9,1.3559297519014792e-07,1.3430097736382233e-07,1.3463231491173159e-07,6.852895910592839e-05,6.896483949146546e-05
base,46.95,1.3925533895401365e-07,1.3821328556092165e-07,1.3853584104195086e-07,6.732386746025695e-05,6.715892251844614e-05
base,47.0,1.4014501388728762e-07,1.3934542071247075e-07,1.396596226810446e-07,6.600861290906733e-05,6.535348507911756e-05
base,47.050000000000004,1.38371182636507e-07,1.3779844396957312e-07,1.38104818831148e-07,6.439164608506106e-05,6.368015583715557e-05
base,47.1,1.3407345204478603e-07,1.3370975946216103e-07,1.3400892306034864e-07,6.252234127838001e-05,6.221268737713169e-05
base,47.15,1.274180138689204e-07,1.27249175582328e-07,1.2754182335858477e-07,6.065654974274495e-05,6.092391971351864e-05
base,47.2,1.1859813331258633e-07,1.1861489332356287e-07,1.1890178932478306e-07,5.907448395480686e-05,5.970348740301049e-05
base,47.25,1.0783534661119672e-07,1.0802934544151251e-07,1.0831131044934634e-07,5.788089151341447e-05,5.842460381270778e-05
base,47.300000000000004,9.537699801035575e-08,9.573471094887962e-08,9.60126099860262e-08,5.69306331010613e-05,5.7019390012514245e-05
base,47.35,8.148847921243607e-08,8.198800933564698e-08,8.22627387882357e-08,5.5932776341165195e-05,5.551789136086599e-05
base,47.4,6.644247938447155e-08,6.705585677366231e-08,6.732833136823742e-08,5.4658043108158296e-05,5.402822417784251e-05
base,47.45,5.050968267182484e-08,5.120911312845966e-08,5.1480253015817195e-08,5.3100626662011226e-05,5.2670576292091774e-05
base,47.5,3.395408472540044e-08,3.471768025913301e-08,3.498839847104783e-08,5.147915558486838e-05,5.150499424301855e-05
base,47.550000000000004,1.70325855906455e-08,1.7845638152018502e-08,1.811682869298952e-08,5.007793011916725e-05,5.0496047837155575e-05
base,47.6,-4.486702470651201e-12,8.468014863730507e-10,1.1193282914415365e-09,4.904390452539052e-05,4.953499008501383e-05
base,47.65,-1.69155445709593e-08,-1.6039281963869534e-08,-1.5764595027251567e-08,4.828487525876887e-05,4.850552009212335e-05
base,47.7,-3.347370335865523e-08,-3.259087053302775e-08,-3.231324849954341e-08,4.753951770605307e-05,4.735332963284347e-05
base,47.75,-4.9474471210646544e-08,-4.86070612840033e-08,-4.8325785687989514e-08,4.6565799462151006e-05,4.611767701616384e-05
base,47.800000000000004,-6.474158150377058e-08,-6.391026850202502e-08,-6.362468369018765e-08,4.531100468248383e-05,4.49063341163262e-05
base,47.85,-7.912863542640934e-08,-7.834812804228812e-08,-7.805764616461384e-08,4.3943069527612064e-05,4.38294582121307e-05
base,47.9,-9.25170257123935e-08,-9.179483813099072e-08,-9.149894278290585e-08,4.272495746230711e-05,4.293264057559014e-05
base,47.95,-1.0481281828383468e-07,-1.0415194817692728e-07,-1.038501966876807e-07,4.182600510226486e-05,4.2169669119938224e-05
base,48.0,-1.1594535846138501e-07,-1.1534857706984881e-07,-1.1504060146864184e-07,4.1205919485503215e-05,4.1431245420682254e-05
base,48.050000000000004,-1.2586841200589893e-07,-1.2534101581273924e-07,-1.250265225470295e-07,4.065079850976682e-05,4.061178663267495e-05
base,48.1,-1.3456238161165114e-07,-1.3411168559999232e-07,-1.3379045411650863e-07,3.992980496778402e-05,3.9673322222047694e-05
base,48.15,-1.4203513582956557e-07,-1.416674885447751e-07,-1.4133936886368104e-07,3.895700479071341e-05,3.8667503908721364e-05
base,48.2,-1.4831991696902497e-07,-1.4803766844263788e-07,-1.4770257785861703e-07,3.784424306269257e-05,3.770263234158517e-05
base,48.25,-1.5347075205221845e-07,-1.5327134120138665e-07,-1.529292602399225e-07,3.6813092222224006e-05,3.687641113445562e-05
base,48.300000000000004,-1.5755722822298483e-07,-1.5743483142918696e-07,-1.5708579918201424e-07,3.603472979048878e-05,3.621601729938086e-05
base,48.35,-1.6066053246148105e-07,-1.6060888223450864e-07,-1.6025299120114583e-07,3.551364038518226e-05,3.566219457328743e-05
base,48.4,-1.6287134535019342e-07,-1.628857409832593e-07,-1.6252313155479224e-07,3.5093834726074026e-05,3.510659649012884e-05
base,48.45,-1.6428872660757693e-07,-1.6436611020374573e-07,-1.639969649344455e-07,3.457589313319409e-05,3.445869812425018e-05
base,48.5,-1.6501852056997518e-07,-1.6515599763790495e-07,-1.6478053545289222e-07,3.385652450585708e-05,3.370068550175303e-05
base,48.550000000000004,-1.6517036731836752e-07,-1.6536356913103806e-07,-1.6498203961060305e-07,3.2992524020614483e-05,3.2896748994623896e-05
base,48.6,-1.648536146054187e-07,-1.6509615381071901e-07,-1.6470883167570666e-07,3.2150360951658295e-05,3.215184976572958e-05
base,48.65,-1.641732275208003e-07,-1.6445754247638942e-07,-1.6406472237944477e-07,3.148459088750647e-05,3.154625071680739e-05
base,48.7,-1.63226812057441e-07,-1.635456635775531e-07,-1.6314765528733046e-07,3.103391862989644e-05,3.1086536366088236e-05
base,48.75,-1.621030844872557e-07,-1.62450651874759e-07,-1.620477759269129e-07,3.0704249784728616e-05,3.070287704412489e-05
base,48.800000000000004,-1.6088129970945094e-07,-1.612532818040793e-07,-1.6084586568261024e-07,3.0342598890873636e-05,3.029321705097967e-05
base,48.85,-1.596308164333604e-07,-1.6002373858054678e-07,-1.5961211348209198e-07,2.9843682896723113e-05,2.9786220828528023e-05
base,48.9,-1.5841030896631573e-07,-1.5882073321953066e-07,-1.5840523143800874e-07,2.9214697474930186e-05,2.9183956723315837e-05
base,48.95,-1.572667686608347e-07,-1.5769100185497066e-07,-1.5727195480375065e-07,2.855954157146717e-05,2.855865943258966e-05
base,49.0,-1.562348333123363e-07,-1.5666923629066316e-07,-1.5624697315628726e-07,2.800154919281527e-05,2.8006659447312555e-05
base,49.050000000000004,-1.5533692286280715e-07,-1.5577846335652384e-07,-1.5535331035564652e-07,2.7602044413689456e-05,2.7588680628771118e-05
base,49.1,-1.5458426509434675e-07,-1.550308412253507e-07,-1.546031214178857e-07,2.732768121241125e-05,2.7293297309347088e-05
base,49.15,-1.5397845113244376e-07,-1.5442879934317746e-07,-1.5399883294033956e-07,2.708125806549508e-05,2.7045293595767428e-05
base,49.2,-1.5351310290477696e-07,-1.5396643580803847e-07,-1.5353454090262626e-07,2.6768487945488893e-05,2.6752768201499633e-05
base,49.25,-1.5317543373337894e-07,-1.5363110205827143e-07,-1.5319759569418864e-07,2.6354850355836695e-05,2.6363384517423058e-05
base,49.300000000000004,-1.5294775407990134e-07,-1.5340513063835572e-07,-1.5297033012612514e-07,2.5879679898935174e-05,2.589528635033178e-05
base,49.35,-1.5280914296243943e-07,-1.5326767442605956e-07,-1.528318988018282e-07,2.5425210993350332e-05,2.542437169868619e-05
base,49.4,-1.5273735006858958e-07,-1.531966148445204e-07,-1.5276018636378706e-07,2.5064563812642782e-05,2.503654423708711e-05
base,49.45,-1.5271081717464689e-07,-1.5317047174068397e-07,-1.527337172964775e-07,2.4820399583322637e-05,2.4774707777928372e-05
base,49.5,-1.5271059269816534e-07,-1.5317022940818136e-07,-1.5273348176716843e-07,2.465525262899182e-05,2.4612948051597555e-05
base,49.550000000000004,-1.5272196353454657e-07,-1.5318099668714133e-07,-1.5274459544522058e-07,2.4495359142285554e-05,2.4473262862106333e-05
base,49.6,-1.5273580813568e-07,-1.5319344206769067e-07,-1.527577342375078e-07,2.4273158099852667e-05,2.42740155976239e-05
base,49.65,-1.5274972624296608e-07,-1.532049706402263e-07,-1.52770310795637e-07,2.396580266132859e-05,2.3980017862401754e-05
base,49.7,-1.527689588450879e-07,-1.5322062164449701e-07,-1.5278737156125348e-07,2.3609392328214357e-05,2.3623454407197844e-05
base,49.75,-1.5280702428894762e-07,-1.5325365987820565e-07,-1.5282218762677217e-07,2.327997699996911e-05,2.328303230738472e-05
base,49.800000000000004,-1.5288593031664508e-07,-1.5332582372325997e-07,-1.5289650218930857e-07,2.3049296750436926e-05,2.3034550506151396e-05
base,49.85,-1.5303595071986035e-07,-1.5346719437231793e-07,-1.5304039920282936e-07,2.2938891402805797e-05,2.2903668377217566e-05
base,49.9,-1.5329502711285752e-07,-1.537156725757578e-07,-1.532917795722847e-07,2.290119613738951e-05,2.2850168337850173e-05
base,49.95,-1.5370792248086555e-07,-1.541160822020498e-07,-1.5369546420546964e-07,2.2843902021681288e-05,2.2793354876302552e-05
base,50.0,-1.5432511180260528e-07,-1.5471894593334048e-07,-1.5430196926455827e-07,2.2687583395238932e-05,2.2662575035937775e-05
base,50.050000000000004,-1.5520133850253808e-07,-1.5557898418914636e-07,-1.5516600472707105e-07,2.242161435281112e-05,2.2441165201085685e-05
base,50.1,-1.5639374117483748e-07,-1.5675337594242155e-07,-1.563447349347661e-07,2.2118638443806883e-05,2.2176286606540454e-05
base,50.15,-1.579596597074488e-07,-1.5829980543187623e-07,-1.578958251470527e-07,2.189148374202106e-05,2.194858678400336e-05
base,50.2,-1.599543741197477e-07,-1.6027431958786227e-07,-1.5987529892798785e-07,2.1816210123194688e-05,2.1820954395766476e-05
base,50.25,-1.6242898928163993e-07,-1.6272904309843055e-07,-1.623352533033195e-07,2.187342094612739e-05,2.1798812449686656e-05
base,50.300000000000004,-1.6542847682274155e-07,-1.657098304696384e-07,-1.6532151104744068e-07,2.195327452320776e-05,2.1827014333205307e-05
base,50.35,-1.6898964523170212e-07,-1.6925395686340126e-07,-1.688713118829347e-07,2.1927537718783788e-05,2.182510700513847e-05
base,50.4,-1.7313881366918976e-07,-1.7338794682531773e-07,-1.7301114169719064e-07,2.1741998344881473e-05,2.1738336158984808e-05
base,50.45,-1.7788932010931668e-07,-1.7812561359734398e-07,-1.7775477245701524e-07,2.1462160001458126e-05,2.157186830643414e-05
base,50.5,-1.8323932915999467e-07,-1.8346634903491804e-07,-1.8310155282401857e-07,2.1233674005216055e-05,2.1386608000499768e-05
base,50.550000000000004,-1.891704586287447e-07,-1.8939368671058198e-07,-1.8903497203627853e-07,2.117985104283459e-05,2.125964661213627e-05
base,50.6,-1.956473594067631e-07,-1.9587416847162784e-07,-1.9552152730875666e-07,2.1308239190429565e-05,2.1234917116400676e-05
base,50.65,-2.0261778671334617e-07,-2.0285656815277488e-07,-2.0250994843837923e-07,2.149733008253185e-05,2.1295606504819917e-05
base,50.7,-2.100125169773948e-07,-2.1027154324601426e-07,-2.0993085039760324e-07,2.157916013940032e-05,2.1375605487739036e-05
base,50.75,-2.1774482537829857e-07,-2.180317777549501e-07,-2.176968771199021e-07,2.146192815224573e-05,2.1402126405636934e-05
base,50.800000000000004,-2.2571001314483117e-07,-2.2603264653058836e-07,-2.2570336674532676e-07,2.1202569385059556e-05,2.1341855885804244e-05
base,50.85,-2.3378593679944942e-07,-2.3415339040861516e-07,-2.3382952761655205e-07,2.0971490361801148e-05,2.1221210417057515e-05
base,50.9,-2.41835197510778e-07,-2.4225876394198535e-07,-2.4194008679418217e-07,2.0930113483730054e-05,2.110828369138993e-05
base,50.95,-2.4970868069757494e-07,-2.502011124086604e-07,-2.498873677542377e-07,2.110924905762693e-05,2.1068690799137483e-05
base,51.0,-2.57249275440055e-07,-2.578228428955695e-07,-2.5751376205942854e-07,2.138029318847889e-05,2.112386502594186e-05
base,51.050000000000004,-2.642946450964126e-07,-2.649592584456492e-07,-2.6465456398444156e-07,2.1545276354217462e-05,2.1238208265905256e-05
base,51.1,-2.7067886988261655e-07,-2.7144171563220763e-07,-2.7114112845019965e-07,2.1482750870304656e-05,2.13426265993627e-05
base,51.15,-2.762340459139468e-07,-2.7710105078380454e-07,-2.7680429747585254e-07,2.124142659028668e-05,2.1378771894135423e-05
base,51.2,-2.8079330856959503e-07,-2.8177121066698393e-07,-2.8147803093900416e-07,2.1008808420960724e-05,2.1335566523353584e-05
base,51.25,-2.841958908468302e-07,-2.852930222828173e-07,-2.8500317628749887e-07,2.0974230408819438e-05,2.1255103898016152e-05
base,51.300000000000004,-2.8629326847535923e-07,-2.8751803157403235e-07,-2.872313069972311e-07,2.1186455906320274e-05,2.1204851124887246e-05
base,51.35,-2.869544427479738e-07,-2.883123192319242e-07,-2.8802853797434375e-07,2.1513331429112598e-05,2.1234384549723462e-05
base,51.4,-2.860689073419573e-07,-2.875601689480837e-07,-2.872791932622794e-07,2.1736774674952326e-05,2.1344239810039303e-05
base,51.45,-2.835475049484789e-07,-2.8516744721527386e-07,-2.8488918517131894e-07,2.171469851958187e-05,2.1486274555681786e-05
base,51.5,-2.793229763070106e-07,-2.810645822858363e-07,-2.8078899244443513e-07,2.1489049843554618e-05,2.1594751000032026e-05
base,51.550000000000004,-2.73352152384972e-07,-2.752090998073562e-07,-2.7493619497810834e-07,2.1257226064959616e-05,2.1628041173552425e-05
base,51.6,-2.6562022451976614e-07,-2.675877391629054e-07,-2.6731758912559183e-07,2.1225905452690172e-05,2.1594500208888257e-05
base,51.65,-2.5614552175326934e-07,-2.5821818078515175e-07,-2.5795091386206093e-07,2.1455708308819963e-05,2.1546395770351387e-05
base,51.7,-2.449822887989689e-07,-2.4715034255129643e-07,-2.468861459418737e-07,2.181383136064674e-05,2.1546103969081547e-05
base,51.75,-2.322199962149923e-07,-2.3446710148112946e-07,-2.3420622030166991e-07,2.2071794740156334e-05,2.162623153844954e-05
base,51.800000000000004,-2.1797993480751205e-07,-2.202842538453208e-07,-2.2002698884656822e-07,2.207613675766596e-05,2.176898154645105e-05
base,51.85,-2.024115363650904e-07,-2.0474960131227544e-07,-2.0449630526976972e-07,2.186395185193864e-05,2.191773891455614e-05
base,51.9,-1.8569067792828105e-07,-1.8804121478544962e-07,-1.8779228757209783e-07,2.1635723529161245e-05,2.2013351391086094e-05
base,51.95,-1.680201884166504e-07,-1.703650740614859e-07,-1.7012095642669723e-07,2.1605128943808648e-05,2.2031887100509847e-05
base,52.0,-1.496305933026471e-07,-1.5195230159608863e-07,-1.5171346769911988e-07,2.183854400307707e-05,2.1999719921706343e-05
base,52.050000000000004,-1.3077843584416198e-07,-1.3305608154001942e-07,-1.32823030319233e-07,2.2205165403740937e-05,2.1976276728525e-05
base,52.1,-1.1174091792056893e-07,-1.1394817482038631e-07,-1.1372142031955758e-07,2.247538591212719e-05,2.2015515410619446e-05
base,52.15,-9.280805636080643e-08,-9.491485172852368e-08,-9.469491253718901e-08,2.2493181443441482e-05,2.2130939488777715e-05
base,52.2,-7.42751270763182e-08,-7.625214894163653e-08,-7.603953693269229e-08,2.2292538356909822e-05,2.2286783681540417e-05
base,52.25,-5.643764402539618e-08,-5.826057146883518e-08,-5.8055780033746166e-08,2.207055040502365e-05,2.242116385496161e-05
base,52.300000000000004,-3.95889781792669e-08,-4.1239554554421684e-08,-4.104304654999613e-08,2.2038274375016093e-05,2.2486241151920906e-05
base,52.35,-2.4018593374428182e-08,-2.5482038033624533e-08,-2.5294233669526062e-08,2.226241266693023e-05,2.247927235506854e-05
base,52.4,-1.0008382879088082e-08,-1.1269361389843758e-08,-1.109062630310662e-08,2.261690129009403e-05,2.2444226172256593e-05
base,52.45,2.1739139309518325e-09,1.1335315533403565e-09,1.302897776543797e-09,2.2879596873957847e-05,2.2442823402789663e-05
base,52.5,1.2282975925580776e-08,1.1482727104882106e-08,1.1642501695633246e-08,2.2899669743086283e-05,2.2513936615555766e-05
base,52.550000000000004,2.010327175662448e-08,1.9559928892763457e-08,1.9709975698069135e-08,2.2709076086137627e-05,2.2648026010434858e-05
base,52.6,2.54534781430507e-08,2.5176938005198136e-08,2.531721608302184e-08,2.2495345640916347e-05,2.2793460918551783e-05
base,52.65,2.8187819379243043e-08,2.8179782168650763e-08,2.8310352969381155e-08,2.2458456638363323e-05,2.2890554515242225e-05
base,52.7,2.8196029451060793e-08,2.845217929291082e-08,2.8573212244765382e-08,2.2661222042175613e-05,2.291080553984931e-05
base,52.75,2.5404153252902647e-08,2.591810309599257e-08,2.602987943982132e-08,2.2985376416021048e-05,2.2875396769333433e-05
base,52.800000000000004,1.977721090302388e-08,2.054339551413966e-08,2.0646310264561074e-08,2.3223918789493795e-05,2.2840785812138767e-05
base,52.85,1.1322981614101394e-08,1.2336536474646541e-08,1.243109842331948e-08,2.3237429325500472e-05,2.2861081096383617e-05
base,52.9,9.491679860596528e-11,1.3487523577090758e-09,1.4355820820197909e-09,2.305589830092336e-05,2.2952253792706197e-05
base,52.95,-1.3807584565841337e-08,-1.2326401798806472e-08,-1.2246575905604894e-08,2.2851466656367494e-05,2.3081871523193147e-05
base,53.0,-3.024195729619859e-08,-2.855397577821861e-08,-2.8480323387852285e-08,2.280611091337914e-05,2.3190932796882006e-05
base,53.050000000000004,-4.902717270147605e-08,-4.715919262799609e-08,-4.709078915726928e-08,2.2976133444844125e-05,2.323303007422566e-05
base,53.1,-6.994846333205493e-08,-6.79298317667519e-08,-6.786566771064038e-08,2.3254535477352453e-05,2.320473054339244e-05
base,53.15,-9.276068390715883e-08,-9.061955107886909e-08,-9.055854282298905e-08,2.3455975124770855e-05,2.314718548230625e-05
base,53.2,-1.1719030220072636e-07,-1.1495210985393762e-07,-1.1489311176758263e-07,2.345675693204735e-05,2.3118287279598227e-05
base,53.25,-1.4293726383596033e-07,-1.406262587203396e-07,-1.4056807630477498e-07,2.3283784974075674e-05,2.3154187507793108e-05
base,53.300000000000004,-1.6967843406956706e-07,-1.673209462745162e-07,-1.6726235011454586e-07,2.3088476659590264e-05,2.3245736183652977e-05
base,53.35,-1.9707353482716186e-07,-1.9470054052291266e-07,-1.9464028076868204e-07,2.3029728687443345e-05,2.3345140907190346e-05
base,53.4,-2.2477308506404965e-07,-2.2241996553844834e-07,-2.2235678663609408e-07,2.3156513259062472e-05,2.3397959438171482e-05
base,53.45,-2.5242662158024977e-07,-2.5012988600804834e-07,-2.50062541405697e-07,2.337691101328826e-05,2.3378940303916977e-05
base,53.5,-2.7968930439645843e-07,-2.7748216713529376e-07,-2.774094337119551e-07,2.353233154228342e-05,2.330808074662536e-05
base,53.550000000000004,-3.062261309183224e-07,-3.0413570429086455e-07,-3.0405639628125887e-07,2.3516996464286817e-05,2.3236698571906595e-05
base,53.6,-3.3171456689127204e-07,-3.2976242590282824e-07,-3.296754081118804e-07,2.3352432528761528e-05,2.321317774401265e-05
base,53.65,-3.558474809923069e-07,-3.54053024196448e-07,-3.539572243094429e-07,2.3164717431576987e-05,2.3251195873987563e-05
base,53.7,-3.7833794647805894e-07,-3.7672195278289655e-07,-3.766163725859953e-07,2.3086667520419777e-05,2.3321211877154526e-05
base,53.75,-3.989259144125885e-07,-3.975114815762106e-07,-3.9739520691752274e-07,2.3160930627153202e-05,2.337041725204875e-05
base,53.800000000000004,-4.1738505709019453e-07,-4.1619495409880125e-07,-4.1606716345059794e-07,2.3314614031678233e-05,2.3357658499790164e-05
base,53.85,-4.3352747808350316e-07,-4.325795993126238e-07,-4.3243957083934533e-07,2.3419289468470594e-05,2.3280259892380932e-05
base,53.9,-4.472050562751968e-07,-4.4650915894894155e-07,-4.4635627603200993e-07,2.3387096935535026e-05,2.3175292960528335e-05
base,53.95,-4.5830822226328896e-07,-4.5786627010936e-07,-4.5770002531396903e-07,2.3230915916360774e-05,2.3094759123618698e-05
base,54.0,-4.667643972035286e-07,-4.6657423369429954e-07,-4.663942311781999e-07,2.3047880123485137e-05,2.3071212270607053e-05
base,54.050000000000004,-4.725381398217051e-07,-4.7259773830204913e-07,-4.724036946681106e-07,2.294393647753063e-05,2.309644733841858e-05
base,54.1,-4.7563321363283365e-07,-4.7594234985136325e-07,-4.7573409345013137e-07,2.2958080803855427e-05,2.3127152888704634e-05
base,54.15,-4.760947842096868e-07,-4.7665295055764867e-07,-4.76430419266991e-07,2.3040197489224623e-05,2.311366511783782e-05
base,54.2,-4.7400927782480883e-07,-4.748115547764251e-07,-4.745747923236536e-07,2.3093527673269887e-05,2.3032802827112582e-05
base,54.25,-4.6950074119966436e-07,-4.705348832710055e-07,-4.7028403420531684e-07,2.304603218207997e-05,2.2903114770821696e-05
base,54.300000000000004,-4.627247105260762e-07,-4.6397179645092465e-07,-4.637070999027223e-07,2.2898043795824023e-05,2.2772471765681135e-05
base,54.35,-4.5386213363826624e-07,-4.5530039063518036e-07,-4.5502217300480575e-07,2.2715480081978703e-05,2.2686199867909657e-05
base,54.4,-4.4311542951764195e-07,-4.447244657365152e-07,-4.444331324449959e-07,2.257885168773537e-05,2.2656872163341403e-05
base,54.45,-4.307067428043873e-07,-4.3246923645990214e-07,-4.321652628862053e-07,2.2527510939108842e-05,2.2655873403616187e-05
base,54.5,-4.168765228669889e-07,-4.187764535806613e-07,-4.184603753187203e-07,2.25372609477868e-05,2.2632464812676558e-05
base,54.550000000000004,-4.0188012838341633e-07,-4.0389931782902674e-07,-4.0357172042463604e-07,2.2542468370063747e-05,2.2547742165085955e-05
base,54.6,-3.859816335996142e-07,-3.880975693935122e-07,-3.877590777525224e-07,2.2482977246549158e-05,2.2400800329203764e-05
base,54.65,-3.69446163334078e-07,-3.7163294296892097e-07,-3.7128421064599635e-07,2.234251586998382e-05,2.2229457666916274e-05
base,54.7,-3.5253320165623604e-07,-3.547649397121951e-07,-3.5440663828434265e-07,2.2155144363425975e-05,2.2084873328080752e-05
base,54.75,-3.354925326505281e-07,-3.377467434001612e-07,-3.3737955210670713e-07,2.1979458173283605e-05,2.199702103186727e-05
base,54.800000000000004,-3.1856252150329766e-07,-3.2082116320298204e-07,-3.2044575900893647e-07,2.1860032600466818e-05,2.1954336114294258e-05
base,54.85,-3.0196885924387745e-07,-3.0421665974068363e-07,-3.0383370796690096e-07,2.1800681727813325e-05,2.1911448538882645e-05
base,54.9,-2.859219086070474e-07,-2.8814367509991545e-07,-2.877538207632428e-07,2.1764268186908753e-05,2.181993110969474e-05
base,54.95,-2.706123174120179e-07,-2.7279153362807683e-07,-2.72395393637961e-07,2.16971601018395e-05,2.166125795535198e-05
base,55.0,-2.5620629494397485e-07,-2.583260866118978e-07,-2.579242429629176e-07,2.1562809276311693e-05,2.145949451750833e-05
base,55.050000000000004,-2.4284248963888847e-07,-2.4488810638426044e-07,-2.4448110045911456e-07,2.1364632498621157e-05,2.1264947504904833e-05
base,55.1,-2.3063144739971144e-07,-2.3259229739554563e-07,-2.321806254535765e-07,2.1144625978464233e-05,2.111984627946694e-05
base,55.15,-2.196569511046528e-07,-2.2152675821504577e-07,-2.211108680987884e-07,2.0957724431587542e-05,2.1029511834697636e-05
base,55.2,-2.0997760325118745e-07,-2.1175280401007644e-07,-2.1133309306779892e-07,2.0836386877973757e-05,2.0958796538049344e-05
base,55.25,-2.0162737612133702e-07,-2.0330518154845712e-07,-2.0288199574818683e-07,2.0767369187676398e-05,2.0856264287156326e-05
base,55.300000000000004,-1.9461518374968877e-07,-1.9619279120719958e-07,-1.9576642540279004e-07,2.0697340345710956e-05,2.068950288556944e-05
base,55.35,-1.8892468006419174e-07,-1.904000159182152e-07,-1.899707152121231e-07,2.0566746877444164e-05,2.0467292524455744e-05
base,55.4,-1.8451551923395864e-07,-1.858886532483871e-07,-1.8545661537315216e-07,2.0351531577068597e-05,2.0233425881618085e-05
base,55.45,-1.8132637224868365e-07,-1.8260031982440613e-07,-1.8216569843609384e-07,2.0083750733284326e-05,2.0036529772222038e-05
base,55.5,-1.7927886515212803e-07,-1.8045912692163177e-07,-1.8002203567011436e-07,1.9833458823431473e-05,1.989674763180909e-05
base,55.550000000000004,-1.7828119271767015e-07,-1.793744526619168e-07,-1.7893496988239906e-07,1.9660620056337938e-05,1.9792201090396118e-05
base,55.6,-1.782307686278242e-07,-1.7924373438386763e-07,-1.788019082455745e-07,1.956958842710431e-05,1.9674393329771712e-05
base,55.65,-1.790161937428349e-07,-1.7995530200950015e-07,-1.795111559596077e-07,1.9500905515867926e-05,1.9501737098072095e-05
base,55.7,-1.8051938890996803e-07,-1.8139130213388975e-07,-1.809448404825307e-07,1.937073153130471e-05,1.926802123114763e-05
base,55.75,-1.8261849562937991e-07,-1.8343070769476836e-07,-1.8298192119505583e-07,1.9132593834354017e-05,1.9006334616411715e-05
base,55.800000000000004,-1.8519142866301747e-07,-1.8595231470383048e-07,-1.8550118598703807e-07,1.8816019558054612e-05,1.876602955510558e-05
base,55.85,-1.8811934495959105e-07,-1.8883756610124355e-07,-1.8838407483305606e-07,1.8509926302690007e-05,1.8578831076244736e-05
base,55.9,-1.9128934868099125e-07,-1.9197305700148314e-07,-1.9151718463429944e-07,1.8298704766125386e-05,1.8437433401726508e-05
base,55.95,-1.9459626043883996e-07,-1.9525265290856043e-07,-1.9479438692034927e-07,1.8196772080205592e-05,1.8301059878391904e-05
base,56.0,-1.9794381601021012e-07,-1.985792376700851e-07,-1.9811857520266232e-07,1.813261633881134e-05,1.8123814502162615e-05
base,56.050000000000004,-2.012458152953348e-07,-2.0186614646558176e-07,-2.0140309730160826e-07,1.7998663153138176e-05,1.788614034711949e-05
base,56.1,-2.044274386431713e-07,-2.050383159214217e-07,-2.045729047654931e-07,1.7732715586864065e-05,1.760787459339278e-05
base,56.15,-2.0742646761896683e-07,-2.080331290525447e-07,-2.0756539710387642e-07,1.7369239622738355e-05,1.7334266271358068e-05
base,56.2,-2.1019400875714617e-07,-2.1080089572264626e-07,-2.10330901544198e-07,1.7018176643826914e-05,1.7104873209684028e-05
base,56.25,-2.1269445737366716e-07,-2.1330491923560122e-07,-2.1283273893896632e-07,1.6783355283889878e-05,1.6926756877123486e-05
base,56.300000000000004,-2.1490482187484841e-07,-2.1552114876497152e-07,-2.1504687554495678e-07,1.6681086389392552e-05,1.677015250670364e-05
base,56.35,-2.1681374556010737e-07,-2.1743747160685234e-07,-2.1696121467603932e-07,1.662306933776391e-05,1.658925664849932e-05
base,56.4,-2.1842050184939674e-07,-2.1905272637240058e-07,-2.1857460936310256e-07,1.6480585419957002e-05,1.6353679252494292e-05
base,56.45,-2.1973400477730378e-07,-2.203755095153556e-07,-2.1989566843125437e-07,1.6183587082908452e-05,1.6069055832293526e-05
base,56.5,-2.20771663427933e-07,-2.2142281947196304e-07,-2.2094140028139225e-07,1.577826502536163e-05,1.5772932126589847e-05
base,56.550000000000004,-2.2155793669085874e-07,-2.2221856068214232e-07,-2.217357166486187e-07,1.5395741816529493e-05,1.550896810416387e-05
base,56.6,-2.2212257476778155e-07,-2.2279192938976905e-07,-2.2230781823459746e-07,1.5152633468995219e-05,1.5297194740511714e-05
base,56.65,-2.224987442002037e-07,-2.231757216364967e-07,-2.2269050262585852e-07,1.5059056843114935e-05,1.5120587607364844e-05
base,56.7,-2.2272124619337587e-07,-2.2340462587528933e-07,-2.2291845692201744e-07,1.5006973920220146e-05,1.493699243240751e-05
base,56.75,-2.228249469772221e-07,-2.2351357274755754e-07,-2.2302660761556415e-07,1.48511324509176e-05,1.4708147379494009e-05
base,56.800000000000004,-2.228433891054871e-07,-2.2353620725945626e-07,-2.2304859295469174e-07,1.4522070074152748e-05,1.4425940291767415e-05
base,56.85,-2.2280751414497602e-07,-2.2350352972162456e-07,-2.230154041457756e-07,1.4083093708238447e-05,1.411797164234894e-05
base,56.9,-2.2274447922649705e-07,-2.2344273284526988e-07,-2.229542227769685e-07,1.3684447460646369e-05,1.3828637246086471e-05
base,56.95,-2.2267662908958833e-07,-2.233762522891681e-07,-2.2288747174380204e-07,1.3447687628996966e-05,1.3588683824025822e-05
base,57.0,-2.2262073727284995e-07,-2.2332104798870376e-07,-2.2283209699407567e-07,1.3369494001416827e-05,1.3394116722927787e-05
base,57.050000000000004,-2.225875797782587e-07,-2.2328813755369594e-07,-2.2279910136594926e-07,1.3321357712241328e-05,1.3208992742986522e-05
base,57.1,-2.225818135033002e-07,-2.2328240216181075e-07,-2.2279335093390144e-07,1.3147860378032262e-05,1.2990267941297206e-05
base,57.15,-2.2260211251006726e-07,-2.233026748016504e-07,-2.2281366370403218e-07,1.2788381494548815e-05,1.2717650824307916e-05
base,57.2,-2.2264150558813e-07,-2.2334210296233201e-07,-2.2285317274172066e-07,1.2326736824710898e-05,1.2407831240484839e-05
base,57.25,-2.226879529951182e-07,-2.2338876111829206e-07,-2.2289993906593697e-07,1.1928052488561772e-05,1.2103114667038384e-05
base,57.300000000000004,-2.2272517368365453e-07,-2.2342648034485935e-07,-2.229377816322108e-07,1.1710434383944016e-05,1.184217677791175e-05
base,57.35,-2.2273372753809383e-07,-2.234358642434544e-07,-2.229472935718544e-07,1.165145585289234e-05,1.1633168607719976e-05
base,57.4,-2.2269227006800586e-07,-2.2339546532450525e-07,-2.22907018826811e-07,1.1603816609740404e-05,1.1447959618578413e-05
base,57.45,-2.2257885685966833e-07,-2.232830946677536e-07,-2.2279476199276116e-07,1.1409553296219532e-05,1.1241716675938983e-05
base,57.5,-2.2237225481274378e-07,-2.2307722589826293e-07,-2.2258899240243232e-07,1.102417595463232e-05,1.0984310388852782e-05
base,57.550000000000004,-2.2205327542880196e-07,-2.2275843775586977e-07,-2.2227028672110106e-07,1.0552985372096408e-05,1.0681602216437447e-05
base,57.6,-2.2160616690476444e-07,-2.2231082951796475e-07,-2.218227443102269e-07,1.0169876820833517e-05,1.0371565745426227e-05
base,57.65,-2.2102006446583932e-07,-2.2172334901780733e-07,-2.2123531510086406e-07,9.981352682267715e-06,1.0097781778771605e-05
base,57.7,-2.202903530565048e-07,-2.2099099180699112e-07,-2.205029985290531e-07,9.942390921494823e-06,9.878836988911045e-06
base,57.75,-2.1941976654020713e-07,-2.2011584921598003e-07,-2.1962789129409218e-07,9.890914980874892e-06,9.695209735630887e-06
base,57.800000000000004,-2.1841911767199935e-07,-2.191079882873347e-07,-2.1862006692297992e-07,9.674588444628708e-06,9.503021481471026e-06
base,57.85,-2.1730770181694901e-07,-2.179861338265474e-07,-2.1749825739495276e-07,9.270626668544313e-06,9.265063061149657e-06
base,57.9,-2.1611355648340014e-07,-2.1677810350872355e-07,-2.162902877737237e-07,8.80421133651533e-06,8.977190576747172e-06
base,57.95,-2.1487367788340752e-07,-2.1552094068237798e-07,-2.1503320849975185e-07,8.450582804431331e-06,8.671354324293783e-06
base,58.0,-2.1363412949566982e-07,-2.1426070896054988e-07,-2.1377308944696422e-07,8.297549329341779e-06,8.393044300765427e-06
base,58.050000000000004,-2.1244977122362878e-07,-2.1305195199741703e-07,-2.1256447915970974e-07,8.276584003525838e-06,8.169119007109557e-06
base,58.1,-2.113833925882999e-07,-2.1195685824706314e-07,-2.1146956908606884e-07,8.216818560096618e-06,7.988864253475296e-06
base,58.15,-2.1050426691879345e-07,-2.110441802869221e-07,-2.1055711240889283e-07,7.979433335782446e-06,7.811743522458598e-06
base,58.2,-2.0988641095279248e-07,-2.103879360411899e-07,-2.0990112482610556e-07,7.566604121853595e-06,7.596303447037736e-06
base,58.25,-2.096069292518229e-07,-2.100658849028201e-07,-2.0957936029215276e-07,7.119341791647988e-06,7.329640679436201e-06
base,58.300000000000004,-2.0974456782634223e-07,-2.1015775780769672e-07,-2.096715407857101e-07,6.8062653295392104e-06,7.036477474066629e-06
base,58.35,-2.103782428818229e-07,-2.1074324665569513e-07,-2.1025734550974446e-07,6.6912281391502045e-06,6.761475312263089e-06
base,58.4,-2.1158515510322116e-07,-2.1189981408617477e-07,-2.1141422054328828e-07,6.683990172844059e-06,6.537491823395156e-06
base,58.45,-2.134382870531957e-07,-2.1370043238839062e-07,-2.1321511773642235e-07,6.6122115929412125e-06,6.362422556692256e-06
base,58.5,-2.1600355904943252e-07,-2.162113642711614e-07,-2.1572627558053264e-07,6.357330741261856e-06,6.201020689481446e-06
base,58.550000000000004,-2.193372287431374e-07,-2.1949005326560052e-07,-2.190051098298272e-07,5.947045092038032e-06,6.0102095996911275e-06
base,58.6,-2.2348400370720875e-07,-2.235831311556504e-07,-2.2309822126488445e-07,5.5321339423663464e-06,5.769721156611745e-06
base,58.65,-2.284758336736068e-07,-2.285245223252888e-07,-2.280395004784333e-07,5.266979340497028e-06,5.496275411081608e-06
base,58.7,-2.3433086052623463e-07,-2.3433365486741261e-07,-2.3384833951763219e-07,5.18865262412239e-06,5.23141364030242e-06
base,58.75,-2.4105197475318674e-07,-2.4101385415209214e-07,-2.4052802606983933e-07,5.189497078837072e-06,5.011886380017548e-06
base,58.800000000000004,-2.486249133336916e-07,-2.485510427440188e-07,-2.480644440712766e-07,5.103515490762265e-06,4.8437592415809375e-06
base,58.85,-2.5701648654353714e-07,-2.5691285759479646e-07,-2.5642519165235264e-07,4.837209114235604e-06,4.698514874209255e-06
base,58.9,-2.6617373828863507e-07,-2.660482245220413e-07,-2.655591564158625e-07,4.441592759306365e-06,4.533641120225976e-06
base,58.95,-2.760244261567405e-07,-2.7588735091708605e-07,-2.75396508969141e-07,4.069857800930465e-06,4.322854689731121e-06
base,59.0,-2.8647843217015085e-07,-2.8634206778190415e-07,-2.858490457865856e-07,3.855793828965066e-06,4.074498311345036e-06
base,59.050000000000004,-2.974292329087586e-07,-2.9730648964850126e-07,-2.968108499317682e-07,3.8096400945677957e-06,3.825279920636186e-06
base,59.1,-3.0875478723820235e-07,-3.086580288245174e-07,-3.0815930606280394e-07,3.8126071107711328e-06,3.614081386670377e-06
base,59.15,-3.2031797734678256e-07,-3.202588367846423e-07,-3.1975654252596077e-07,3.7123942962827064e-06,3.454545930246959e-06
base,59.2,-3.3196746820201566e-07,-3.319577144405446e-07,-3.3145134225924393e-07,3.442839407174681e-06,3.3257692131807217e-06
base,59.25,-3.4353981378462295e-07,-3.4359245406815786e-07,-3.430814852737637e-07,3.07357289452147e-06,3.1874319212784373e-06
base,59.300000000000004,-3.5486296107028376e-07,-3.5499250694572665e-07,-3.5447641675249693e-07,2.7524625720233397e-06,3.0084409304771814e-06
base,59.35,-3.657603714630706e-07,-3.6598185997105527e-07,-3.6546012401915726e-07,2.5884123058379516e-06,2.7887761157395078e-06
base,59.4,-3.760547011919688e-07,-3.7638205026351556e-07,-3.758541513692593e-07,2.5675693638996334e-06,2.5592409617331784e-06
base,59.45,-3.855704644953293e-07,-3.860153024569537e-07,-3.854807374629517e-07,2.567486486057699e-06,2.3595031823039734e-06
base,59.5,-3.94136053909203e-07,-3.947077890619851e-07,-3.9416607565991394e-07,2.4555076641940352e-06,2.2100670760747886e-06
base,59.550000000000004,-4.0158609981483963e-07,-4.022929785137867e-07,-4.0174366191945457e-07,2.1922468123258616e-06,2.0979534693730076e-06
base,59.6,-4.0776485059084615e-07,-4.086149817061179e-07,-4.0805764107323493e-07,1.8593528813645194e-06,1.986078527118496e-06
base,59.65,-4.1253043879719856e-07,-4.1353178138700986e-07,-4.129660358487032e-07,1.5922657026048532e-06,1.83958752743694e-06
base,59.7,-4.1575906084816807e-07,-4.1691824698269453e-07,-4.1634376120950795e-07,1.4733467801714158e-06,1.6504972989417086e-06
base,59.75,-4.173480738830745e-07,-4.186688776764037e-07,-4.1808536684127755e-07,1.4698324278174356e-06,1.443263284327119e-06
base,59.800000000000004,-4.1721767227199837e-07,-4.1870024178315574e-07,-4.1810747583243076e-07,1.4632945019072967e-06,1.2573842511252844e-06
base,59.85,-4.1531170862296296e-07,-4.1695307478688844e-07,-4.163508819321552e-07,1.3444587454470957e-06,1.1193753295209636e-06
base,59.9,-4.115986069545227e-07,-4.133939794719995e-07,-4.1278224883626866e-07,1.0973788929656031e-06,1.023956052622532e-06
base,59.95,-4.0607286731016436e-07,-4.080166692345546e-07,-4.073953526021225e-07,8.081103298100952e-07,9.378003817784951e-07
base,60.0,-3.987568807948454e-07,-4.008427200760867e-07,-4.0021183270626024e-07,5.94162699969277e-07,8.232305414599352e-07
base,60.050000000000004,-3.8970217465613343e-07,-3.9192182825762273e-07,-3.912814487308207e-07,5.125809385620121e-07,6.650635544664804e-07
base,60.1,-3.789893048521366e-07,-3.813315809705447e-07,-3.806818500464023e-07,5.186189485364082e-07,4.814998530307891e-07
base,60.15,-3.66726336735872e-07,-3.691767310633597e-07,-3.6851784954753046e-07,5.046876790312816e-07,3.112100807472637e-07
base,60.2,-3.53046475895423e-07,-3.55587949128047e-07,-3.5492017476597655e-07,3.8588372246365606e-07,1.8571931813892848e-07
base,60.25,-3.3810565828299633e-07,-3.407200389604246e-07,-3.40043682397782e-07,1.640292916945899e-07,1.067696339702718e-07
base,60.300000000000004,-3.220805327537485e-07,-3.2474965023447915e-07,-3.240650701012993e-07,-7.798344916752298e-08,4.492868382711787e-08
base,60.35,-3.051666465946791e-07,-3.078725735398569e-07,-3.07180170728748e-07,-2.4368551108566224e-07,-3.940463618883482e-08
base,60.4,-2.8757626295732974e-07,-2.903007168050437e-07,-2.896009280264109e-07,-2.973857616956214e-07,-1.675453266177242e-07
base,60.45,-2.6953526568332593e-07,-2.7225882764833623e-07,-2.7155211836073283e-07,-2.881034430148581e-07,-3.2707023947094116e-07
base,60.5,-2.512790859326569e-07,-2.539809763577707e-07,-2.5326783318920997e-07,-3.076073040946626e-07,-4.806268034319729e-07
base,60.550000000000004,-2.330480548985332e-07,-2.3570679884986952e-07,-2.3498772164279097e-07,-4.1835934085845866e-07,-5.928259705439073e-07
base,60.6,-2.150828356827161e-07,-2.1767753965688148e-07,-2.169530332815022e-07,-6.079836019559679e-07,-6.558882396413199e-07
base,60.65,-1.9762045000525164e-07,-2.0013200321960551e-07,-1.9940256930634564e-07,-8.031831482981027e-07,-6.954357685935851e-07
base,60.7,-1.8089097155846558e-07,-1.8330256191592812e-07,-1.8256869065962414e-07,-9.287697720443779e-07,-7.520749891704063e-07
base,60.75,-1.6511457784481092e-07,-1.6741134705886305e-07,-1.6667350924871894e-07,-9.642533886806453e-07,-8.519843516503001e-07
base,60.800000000000004,-1.5049844312833888e-07,-1.5266668219195253e-07,-1.5192532162254376e-07,-9.55557139947067e-07,-9.878401860789856e-07
base,60.85,-1.3723316094679328e-07,-1.3925976101430196e-07,-1.3851528743197505e-07,-9.762419317300349e-07,-1.1240454768072264e-06
base,60.9,-1.254888624213193e-07,-1.2736156943646967e-07,-1.2661435216835738e-07,-1.0709258625885693e-06,-1.2225911176267076e-06
base,60.95,-1.154116178475758e-07,-1.1712009884248747e-07,-1.1637046124030542e-07,-1.224384249269145e-06,-1.2707800586920872e-06
base,61.0,-1.0712083740509171e-07,-1.086579488555553e-07,-1.0790616366541832e-07,-1.3772355055760324e-06,-1.290567407553532e-06
base,61.050000000000004,-1.0070799836996146e-07,-1.0207042495542686e-07,-1.0131671070254024e-07,-1.4728694812637951e-06,-1.3226133627711308e-06
base,61.1,-9.623639123590245e-08,-9.742419084108536e-08,-9.666870929761886e-08,-1.4985527413062944e-06,-1.396631365482282e-06
base,61.15,-9.374113215375773e-08,-9.475647255050602e-08,-9.399932733586736e-08,-1.491202601125838e-06,-1.5097002818889772e-06
base,61.2,-9.322877052172738e-08,-9.407477599306126e-08,-9.331601233474577e-08,-1.5067758907282695e-06,-1.628437021944627e-06
base,61.25,-9.467650473126301e-08,-9.535708777579694e-08,-9.459669343289625e-08,-1.5786463879511115e-06,-1.7134627127870938e-06
base,61.300000000000004,-9.803173604126445e-08,-9.855255849104625e-08,-9.779046581178917e-08,-1.6957597769843507e-06,-1.7482398102299257e-06
base,61.35,-1.0321287431859905e-07,-1.0358268186669698e-07,-1.0281877092040274e-07,-1.814161047073897e-06,-1.7511429046232204e-06
base,61.4,-1.1011178635841648e-07,-1.1034296626515253e-07,-1.0957706896307659e-07,-1.8905478472054643e-06,-1.7619389430193568e-06
base,61.45,-1.1859732531033925e-07,-1.1870506173374062e-07,-1.1793696683511459e-07,-1.9123472619742066e-06,-1.8126436733076059e-06
base,61.5,-1.2851882900589638e-07,-1.285192827707316e-07,-1.2774874165810469e-07,-1.9039683702790096e-06,-1.9041634408907742e-06
base,61.550000000000004,-1.397087118985518e-07,-1.396174653353717e-07,-1.388441984328687e-07,-1.9073119079916543e-06,-2.0058197495818925e-06
base,61.6,-1.5198427840394662e-07,-1.5181610388708116e-07,-1.5103980758330148e-07,-1.9520982944159426e-06,-2.0779994459294957e-06
base,61.65,-1.6514971717836367e-07,-1.649197111946024e-07,-1.6414006511932175e-07,-2.036648984260028e-06,-2.1012119719637285e-06
base,61.7,-1.789993331277155e-07,-1.787243271130613e-07,-1.779410016077164e-07,-2.1308460275740285e-06,-2.090232173472137e-06
base,61.75,-1.9332218734207196e-07,-1.9302108933884626e-07,-1.9223375295924978e-07,-2.1976555720170964e-06,-2.0830751655438015e-06
base,61.800000000000004,-2.0790724139548075e-07,-2.075997873197215e-07,-2.0680811421679083e-07,-2.218140243016602e-06,-2.1130611139349978e-06
base,61.85,-2.225476653719442e-07,-2.2225234731287919e-07,-2.2145602435062903e-07,-2.2037219678036466e-06,-2.1845446918138085e-06
base,61.9,-2.370435892572555e-07,-2.3677621772042947e-07,-2.3597495120530784e-07,-2.1882201923788576e-06,-2.2700255452728133e-06
base,61.95,-2.5120375060768184e-07,-2.509776163461292e-07,-2.5017113825443935e-07,-2.2050613855475546e-06,-2.3305540051873994e-06
base,62.0,-2.6484723268775826e-07,-2.646745684816716e-07,-2.638626420821729e-07,-2.2644353156040816e-06,-2.3442981064419672e-06
base,62.050000000000004,-2.778062520497684e-07,-2.7769963759931404e-07,-2.7688206237901267e-07,-2.3455599773987175e-06,-2.3223307001223685e-06
base,62.1,-2.899298219673059e-07,-2.8990226083858317e-07,-2.890788766546549e-07,-2.4099888400467697e-06,-2.300250465902816e-06
base,62.15,-3.01087147288662e-07,-3.01150651681206e-07,-3.0032134208218605e-07,-2.4280851341767027e-06,-2.3120098337552697e-06
base,62.2,-3.111695208955638e-07,-3.1133328893783185e-07,-3.104979836205655e-07,-2.400990786471866e-06,-2.3652250539669965e-06
base,62.25,-3.200904384858589e-07,-3.20360032395362e-07,-3.195187087865004e-07,-2.3619053620747993e-06,-2.4359400487917906e-06
base,62.300000000000004,-3.2778476343053473e-07,-3.2816287731548843e-07,-3.273155612838789e-07,-2.353833026566008e-06,-2.4864367632137416e-06
base,62.35,-3.342081890479407e-07,-3.346963106644793e-07,-3.338430763829455e-07,-2.398101353354471e-06,-2.49286790501961e-06
base,62.4,-3.393376157468943e-07,-3.399372092771566e-07,-3.390781782614808e-07,-2.476526923473235e-06,-2.462498587728818e-06
base,62.45,-3.431719477202892e-07,-3.438842510763275e-07,-3.430195904396529e-07,-2.5422268615514857e-06,-2.4281343144350648e-06
base,62.5,-3.4573215005372177e-07,-3.4655687765335283e-07,-3.456867976279616e-07,-2.553547518371983e-06,-2.4240343254924848e-06
base,62.550000000000004,-3.4705977351355063e-07,-3.479939021437907e-07,-3.4711865293807875e-07,-2.5068933165764504e-06,-2.4610104154272053e-06
base,62.6,-3.4721414774272984e-07,-3.482518614926078e-07,-3.4737172956514837e-07,-2.442549500321833e-06,-2.5188111368609036e-06
base,62.65,-3.462692945678301e-07,-3.474031685474283e-07,-3.465184723885656e-07,-2.416393216342261e-06,-2.5611550197862995e-06
base,62.7,-3.4431155997005965e-07,-3.4553406685820397e-07,-3.4464515237186975e-07,-2.456926626025225e-06,-2.562284407756983e-06
base,62.75,-3.414381597943062e-07,-3.4274237444978354e-07,-3.4184961002698787e-07,-2.540679112430018e-06,-2.525652909778024e-06
base,62.800000000000004,-3.3775590922356017e-07,-3.3913503605383016e-07,-3.3823880742873086e-07,-2.6072380048635243e-06,-2.481233971124646e-06
base,62.85,-3.3337922736958624e-07,-3.3482555983609804e-07,-3.3392626481803173e-07,-2.605011991450094e-06,-2.463560869489304e-06
base,62.9,-3.2842710712313924e-07,-3.299314506520266e-07,-3.2902949383107256e-07,-2.533201132170723e-06,-2.4865829559339277e-06
base,62.95,-3.230195964709801e-07,-3.2457174111672936e-07,-3.236675286424289e-07,-2.4457626135040314e-06,-2.5336374805440423e-06
base,63.0,-3.172747706078195e-07,-3.1886467456150894e-07,-3.1795860909092375e-07,-2.4114357404242872e-06,-2.5697593174770304e-06
base,63.050000000000004,-3.1130674500846863e-07,-3.1292554629821015e-07,-3.120180222003475e-07,-2.4592310046710105e-06,-2.5672810688827052e-06
base,63.1,-3.052245309935859e-07,-3.068646940327048e-07,-3.0595609292439017e-07,-2.5527079862606148e-06,-2.5260365424133794e-06
base,63.15,-2.991309845916941e-07,-3.007856499829848e-07,-2.9987633666027267e-07,-2.615794829630309e-06,-2.473451200645512e-06
base,63.2,-2.931212702605904e-07,-2.947835031663059e-07,-2.938738219871882e-07,-2.5922735153099127e-06,-2.444477861379671e-06
base,63.25,-2.8728089488047924e-07,-2.889435388675801e-07,-2.880338106346964e-07,-2.4924281292151323e-06,-2.4560376940352544e-06
base,63.300000000000004,-2.8168395039149217e-07,-2.833402072594697e-07,-2.824307266427093e-07,-2.388087705440102e-06,-2.494649990522391e-06
base,63.35,-2.7639218196184527e-07,-2.780364336680263e-07,-2.771274671942634e-07,-2.3573139359179903e-06,-2.5263236790330257e-06
base,63.4,-2.714550366149865e-07,-2.730832444477348e-07,-2.7217502906904336e-07,-2.4212772093431434e-06,-2.5215114716844904e-06
base,63.45,-2.6691024279733724e-07,-2.685196669462324e-07,-2.676124091815146e-07,-2.5244973935285476e-06,-2.476862052145194e-06
base,63.5,-2.627843339682721e-07,-2.6437287345371724e-07,-2.634667490846042e-07,-2.5766826472855743e-06,-2.417777437788574e-06
base,63.550000000000004,-2.590928442395714e-07,-2.6065856228268023e-07,-2.5975371657384223e-07,-2.5248089897782003e-06,-2.379810175162437e-06
base,63.6,-2.558404095877387e-07,-2.573815826417144e-07,-2.564781310472612e-07,-2.3978401355421114e-06,-2.382498865884947e-06
base,63.65,-2.530212479057212e-07,-2.545368013156978e-07,-2.5363483062522437e-07,-2.286339603058847e-06,-2.4149007606089017e-06
base,63.7,-2.5062029382481973e-07,-2.5211018297218495e-07,-2.512097528412408e-07,-2.2709817555465344e-06,-2.4435778965291017e-06
base,63.75,-2.486148452525079e-07,-2.500800293506323e-07,-2.4918117415168754e-07,-2.356442842662601e-06,-2.437272633947483e-06
base,63.800000000000004,-2.469762856781317e-07,-2.484183124181391e-07,-2.475210433413126e-07,-2.4649800367228343e-06,-2.3901077171482745e-06
base,63.85,-2.456715215009094e-07,-2.4709204731071676e-07,-2.4619635464014624e-07,-2.4971309309680197e-06,-2.3260940756995745e-06
base,63.9,-2.446641021506117e-07,-2.460646723582509e-07,-2.4517052785025196e-07,-2.412198212856165e-06,-2.2814657467218484e-06
base,63.95,-2.439152576551774e-07,-2.452974191361415e-07,-2.444047784282222e-07,-2.263296654862942e-06,-2.2778169460616474e-06
base,64.0,-2.433851154502558e-07,-2.4475065484601117e-07,-2.4385945983004915e-07,-2.1567989821326824e-06,-2.3059733642997624e-06
base,64.05,-2.4303413205288724e-07,-2.443851654567487e-07,-2.4349534655450984e-07,-2.1670350172725786e-06,-2.332696817055661e-06
base,64.1,-2.4282452190802397e-07,-2.441633343353774e-07,-2.432748126202588e-07,-2.274751815880388e-06,-2.325382947145346e-06
base,64.15,-2.4272141878574186e-07,-2.4405017040607585e-07,-2.4316285952216983e-07,-2.380404376888271e-06,-2.276428157384359e-06
base,64.2,-2.4269363176374875e-07,-2.440141545838013e-07,-2.431279624224822e-07,-2.3834503274834704e-06,-2.2090429714670574e-06
base,64.25,-2.427141037926905e-07,-2.4402789409219745e-07,-2.431427241971225e-07,-2.2644592749356842e-06,-2.1600406191026516e-06
base,64.3,-2.427602339923585e-07,-2.4406858845366926e-07,-2.4318434113649323e-07,-2.102874648656976e-06,-2.1523532344327694e-06
base,64.35,-2.4281417733062e-07,-2.4411831232596873e-07,-2.4323488548625665e-07,-2.0143274444629187e-06,-2.177822938961696e-06
base,64.4,-2.4286305948755637e-07,-2.441641137338097e-07,-2.4328140338704493e-07,-2.0569667817579277e-06,-2.2032354764327422e-06
base,64.45,-2.4289898024805486e-07,-2.4419792227783084e-07,-2.4331582280497027e-07,-2.1828170174888154e-06,-2.1951796185961957e-06
base,64.5,-2.4291872004262987e-07,-2.442162677870689e-07,-2.4333467192795943e-07,-2.27494276927498e-06,-2.1451368002319105e-06
base,64.55,-2.429231914784381e-07,-2.4421982367564567e-07,-2.433386222968218e-07,-2.2417282628861115e-06,-2.075939630336717e-06
base,64.6,-2.429167608209461e-07,-2.442128023893539e-07,-2.4333188406405226e-07,-2.0921836058404174e-06,-2.0246794982485345e-06
base,64.65,-2.4290652424104333e-07,-2.442022353985198e-07,-2.433214858427032e-07,-1.9302755168218325e-06,-2.0148611899256974e-06
base,64.7,-2.4290154957080554e-07,-2.441971670876211e-07,-2.4331646849999474e-07,-1.871506371760691e-06,-2.038743976820052e-06
base,64.75,-2.4291205246915363e-07,-2.44207787008564e-07,-2.4332701736482246e-07,-1.9487396990046826e-06,-2.0631829725861596e-06
base,64.8,-2.4294846572087483e-07,-2.442445249049322e-07,-2.4336355725694847e-07,-2.084194195862738e-06,-2.0545915465526147e-06
base,64.85,-2.4302049044182143e-07,-2.4431713855694455e-07,-2.4343584038656515e-07,-2.151521377943096e-06,-2.0042220898529937e-06
base,64.9,-2.4313620043471295e-07,-2.444338306288845e-07,-2.4355206330363135e-07,-2.0784294326240925e-06,-1.9347146736893777e-06
base,64.95,-2.433012715053969e-07,-2.446004311378375e-07,-2.437180495121423e-07,-1.9063981836574563e-06,-1.8829980186363098e-06
base,65.0,-2.43518322169203e-07,-2.448196754737491e-07,-2.439365276742822e-07,-1.7580715551250396e-06,-1.8724700424753134e-06
fine,0.0,0.0,0.0,0.0,0.0,0.0
fine,0.05,0.0,0.0,0.0,0.0,0.0
fine,0.1,0.0,0.0,0.0,0.0,0.0
fine,0.15,0.0,0.0,0.0,0.0,0.0
fine,0.2,0.0,0.0,0.0,0.0,0.0
fine,0.25,0.0,0.0,0.0,0.0,0.0
fine,0.3,0.0,0.0,0.0,0.0,0.0
fine,0.35000000000000003,0.0,0.0,0.0,0.0,0.0
fine,0.4,0.0,0.0,0.0,0.0,0.0
fine,0.45,0.0,0.0,0.0,0.0,0.0
fine,0.5,0.0,0.0,0.0,0.0,0.0
fine,0.55,0.0,0.0,0.0,0.0,0.0
fine,0.6,0.0,0.0,0.0,0.0,0.0
fine,0.65,0.0,0.0,0.0,0.0,0.0
fine,0.7000000000000001,0.0,0.0,0.0,0.0,0.0
fine,0.75,0.0,0.0,0.0,0.0,0.0
fine,0.8,0.0,0.0,0.0,0.0,0.0
fine,0.85,0.0,0.0,0.0,0.0,0.0
fine,0.9,0.0,0.0,0.0,0.0,0.0
fine,0.9500000000000001,0.0,0.0,0.0,0.0,0.0
fine,1.0,0.0,0.0,0.0,0.0,0.0
fine,1.05,0.0,0.0,0.0,0.0,0.0
fine,1.1,0.0,0.0,0.0,0.0,0.0
fine,1.1500000000000001,0.0,0.0,0.0,0.0,0.0
fine,1.2,0.0,0.0,0.0,0.0,0.0
fine,1.25,0.0,0.0,0.0,0.0,0.0
fine,1.3,0.0,0.0,0.0,0.0,0.0
fine,1.35,0.0,0.0,0.0,0.0,0.0
fine,1.4000000000000001,0.0,0.0,0.0,0.0,0.0
fine,1.45,0.0,0.0,0.0,0.0,0.0
fine,1.5,0.0,0.0,0.0,0.0,0.0
fine,1.55,0.0,0.0,0.0,0.0,0.0
fine,1.6,0.0,0.0,0.0,0.0,0.0
fine,1.6500000000000001,0.0,0.0,0.0,0.0,0.0
fine,1.7,0.0,0.0,0.0,0.0,0.0
fine,1.75,0.0,0.0,0.0,0.0,0.0
fine,1.8,0.0,0.0,0.0,0.0,0.0
fine,1.85,0.0,0.0,0.0,0.0,0.0
fine,1.9000000000000001,0.0,0.0,0.0,0.0,0.0
fine,1.95,0.0,0.0,0.0,0.0,0.0
fine,2.0,0.0,0.0,0.0,0.0,0.0
fine,2.05,0.0,0.0,0.0,0.0,0.0
fine,2.1,0.0,0.0,0.0,0.0,0.0
fine,2.15,0.0,0.0,0.0,0.0,0.0
fine,2.2,0.0,0.0,0.0,0.0,0.0
fine,2.25,0.0,0.0,0.0,0.0,0.0
fine,2.3000000000000003,0.0,0.0,0.0,0.0,0.0
fine,2.35,0.0,0.0,0.0,0.0,0.0
fine,2.4,0.0,0.0,0.0,0.0,0.0
fine,2.45,0.0,0.0,0.0,0.0,0.0
fine,2.5,0.0,0.0,0.0,0.0,0.0
fine,2.5500000000000003,0.0,0.0,0.0,0.0,0.0
fine,2.6,0.0,0.0,0.0,0.0,0.0
fine,2.65,0.0,0.0,0.0,0.0,0.0
fine,2.7,0.0,0.0,0.0,0.0,0.0
fine,2.75,0.0,0.0,0.0,0.0,0.0
fine,2.8000000000000003,0.0,0.0,0.0,0.0,0.0
fine,2.85,0.0,0.0,0.0,0.0,0.0
fine,2.9,0.0,0.0,0.0,0.0,-5e-324
fine,2.95,0.0,0.0,0.0,0.0,-1.3504e-319
fine,3.0,0.0,0.0,0.0,0.0,-2.713240194e-315
fine,3.0500000000000003,0.0,0.0,0.0,0.0,-4.427308220206e-311
fine,3.1,0.0,-2.08e-322,-2.08e-322,0.0,-5.919994699982306e-307
fine,3.15,0.0,-2.35187e-318,-2.35187e-318,0.0,-6.54145229351615e-303
fine,3.2,0.0,-2.189080762e-314,-2.189080762e-314,0.0,-6.019951913690322e-299
fine,3.25,0.0,-1.68132906239477e-310,-1.68132906239477e-310,0.0,-4.647813351709581e-295
fine,3.3000000000000003,0.0,-1.0727830296641246e-306,-1.0727830296641246e-306,0.0,-3.0311555068102158e-291
fine,3.35,0.0,-5.718737646771651e-303,-5.718737646771651e-303,0.0,-1.6805551449456926e-287
fine,3.4,0.0,-2.5584771639151695e-299,-2.5584771639151695e-299,0.0,-7.968808456153845e-284
fine,3.45,0.0,-9.636752712066171e-296,-9.636752712066171e-296,0.0,-3.250013945922056e-280
fine,3.5,0.0,-3.0601211514757046e-292,-3.0601211514757046e-292,0.0,-1.1461466534378471e-276
fine,3.5500000000000003,0.0,-8.181220625483473e-289,-8.181220625483473e-289,0.0,-3.512678040894945e-273
fine,3.6,0.0,-1.830463630218573e-285,-1.830463630218573e-285,0.0,-9.400222580729592e-270
fine,3.65,0.0,-3.375346533609724e-282,-3.375346533609724e-282,0.0,-2.2064070590783988e-266
fine,3.7,0.0,-4.937719617067501e-279,-4.937719617067501e-279,0.0,-4.561659916881642e-263
fine,3.75,0.0,-5.0994302374423155e-276,-5.0994302374423155e-276,0.0,-8.340566370075108e-260
fine,3.8000000000000003,0.0,-1.6685727620135565e-273,-1.6685727620135565e-273,0.0,-1.353815832162189e-256
fine,3.85,0.0,7.345171830346614e-270,7.345171830346614e-270,0.0,-1.9578876387888945e-253
fine,3.9,0.0,2.2195127611218673e-266,2.2195127611218673e-266,0.0,-2.5314839848072198e-250
fine,3.95,0.0,4.035120714218052e-263,4.035120714218052e-263,0.0,-2.93592236167159e-247
fine,4.0,0.0,5.701200304953729e-260,5.701200304953729e-260,0.0,-3.063733648266439e-244
fine,4.05,0.0,6.719977185113423e-257,6.719977185113423e-257,0.0,-2.8852692393755145e-241
fine,4.1,0.0,6.8168718621038555e-254,6.8168718621038555e-254,0.0,-2.4591396490418823e-238
fine,4.15,0.0,6.05453790564318e-251,6.05453790564318e-251,0.0,-1.902035468766904e-235
fine,4.2,0.0,4.7599568067343766e-248,4.7599568067343766e-248,0.0,-1.3384973942025273e-232
fine,4.25,0.0,3.337945312582194e-245,3.337945312582194e-245,0.0,-8.591240459667795e-230
fine,4.3,0.0,2.099942965238689e-242,2.099942965238689e-242,0.0,-5.041542948467224e-227
fine,4.3500000000000005,0.0,1.1905702044205206e-239,1.1905702044205206e-239,0.0,-2.71098258932601e-224
fine,4.4,0.0,6.105520812020805e-237,6.105520812020805e-237,0.0,-1.3387242251481784e-221
fine,4.45,0.0,2.8408006039294396e-234,2.8408006039294396e-234,0.0,-6.083639930505279e-219
fine,4.5,0.0,1.2023340809883035e-231,1.2023340809883035e-231,0.0,-2.54926057162973e-216
fine,4.55,0.0,4.6388596958117094e-229,4.6388596958117094e-229,0.0,-9.869136823940122e-214
fine,4.6000000000000005,0.0,1.6344488266312946e-226,1.6344488266312946e-226,0.0,-3.536401349078119e-211
fine,4.65,0.0,5.266485115960471e-224,5.266485115960471e-224,0.0,-1.1749886402700941e-208
fine,4.7,0.0,1.553510526775986e-221,1.553510526775986e-221,0.0,-3.626089602637376e-206
fine,4.75,0.0,4.197879464185216e-219,4.197879464185216e-219,0.0,-1.041097342897373e-203
fine,4.8,0.0,1.0393069985285061e-216,1.0393069985285061e-216,0.0,-2.7853571652935908e-201
fine,4.8500000000000005,0.0,2.356594517330611e-214,2.356594517330611e-214,0.0,-6.954580230432808e-199
fine,4.9,0.0,4.888411248986986e-212,4.888411248986986e-212,0.0,-1.622935675826125e-196
fine,4.95,0.0,9.25741079431894e-210,9.25741079431894e-210,0.0,-3.5447796296581883e-194
fine,5.0,0.0,1.5950359359499433e-207,1.5950359359499433e-207,0.0,-7.256552008613968e-192
fine,5.05,0.0,2.487177653326569e-205,2.487177653326569e-205,0.0,-1.3941179615481146e-189
fine,5.1000000000000005,0.0,3.4816875565728704e-203,3.4816875565728704e-203,0.0,-2.5168205283832586e-187
fine,5.15,0.0,4.32272348566075e-201,4.32272348566075e-201,0.0,-4.274891892039926e-185
fine,5.2,0.0,4.67818411896335e-199,4.67818411896335e-199,0.0,-6.839698533827033e-183
fine,5.25,0.0,4.328342583462589e-197,4.328342583462589e-197,0.0,-1.0320230872964825e-180
fine,5.3,0.0,3.473906217549523e-195,3.473906217549523e-195,0.0,-1.4701710435554567e-178
fine,5.3500000000000005,0.0,3.058467486112797e-193,3.058467486112797e-193,0.0,-1.9794387756790678e-176
fine,5.4,0.0,4.914014677087492e-191,4.914014677087492e-191,2.47e-322,-2.52154578499729e-174
fine,5.45,0.0,1.1531556233425129e-188,1.1531556233425129e-188,2.24454e-319,-3.0421647764156475e-172
fine,5.5,0.0,2.537990621767689e-186,2.537990621767689e-186,1.918367e-316,-3.479497356209567e-170
fine,5.55,0.0,4.791914932472367e-184,4.791914932472367e-184,1.52471282635e-313,-3.7764337231826723e-168
fine,5.6000000000000005,0.0,7.867309593067584e-182,7.867309593067584e-182,1.12876078997263e-310,-3.892959484904004e-166
fine,5.65,0.0,1.147989585498758e-179,1.147989585498758e-179,7.794405742812237e-308,-3.81504405214472e-164
fine,5.7,0.0,1.5144482894202815e-177,1.5144482894202815e-177,5.027141491395704e-305,-3.557281891101382e-162
fine,5.75,0.0,1.8286381849632502e-175,1.8286381849632502e-175,3.032404313259916e-302,-3.1586558490898766e-160
fine,5.8,0.0,2.0391605451190274e-173,2.0391605451190274e-173,1.7129072183073346e-299,-2.673050658109595e-158
fine,5.8500000000000005,0.0,2.114134026800198e-171,2.114134026800198e-171,9.071871176062346e-297,-2.1576359747127053e-156
fine,5.9,0.0,2.0483603368168007e-169,2.0483603368168007e-169,4.510194127899036e-294,-1.6624577721295403e-154
fine,5.95,0.0,1.862260936977219e-167,1.862260936977219e-167,2.107327831127104e-291,-1.2236307059598906e-152
fine,6.0,0.0,1.5939286579829663e-165,1.5939286579829663e-165,9.263934453767364e-289,-8.609820005506275e-151
fine,6.05,0.0,1.287897057359212e-163,1.287897057359212e-163,3.8358249747646098e-286,-5.795482205227737e-149
fine,6.1000000000000005,0.0,9.846558228344156e-162,9.846558228344156e-162,1.4975505634103814e-283,-3.7345322276326814e-147
fine,6.15,0.0,7.137502596414135e-160,7.137502596414135e-160,5.518355398721229e-281,-2.3052875837961917e-145
fine,6.2,0.0,4.913888697193933e-158,4.913888697193933e-158,1.9212172522696962e-278,-1.3640789449677702e-143
fine,6.25,0.0,3.2180584871992564e-156,3.2180584871992564e-156,6.325614703344421e-276,-7.742032682516101e-142
fine,6.3,0.0,2.0074970154757473e-154,2.0074970154757473e-154,1.9715026030613905e-273,-4.21735193900828e-140
fine,6.3500000000000005,0.0,1.1944117276277457e-152,1.1944117276277457e-152,5.821807173841171e-271,-2.2062523473825623e-138
fine,6.4,0.0,6.785626414937408e-151,6.785626414937408e-151,1.6303115319115198e-268,-1.1090606835124069e-136
fine,6.45,0.0,3.684863659044266e-149,3.684863659044266e-149,4.333228553842561e-266,-5.360285011505997e-135
fine,6.5,0.0,1.9145803470287804e-147,1.9145803470287804e-147,1.0940735022202771e-263,-2.492264676327816e-133
fine,6.55,0.0,9.52670182662626e-146,9.52670182662626e-146,2.626220496515787e-261,-1.1153449866222664e-131
fine,6.6000000000000005,0.0,4.5435917140222223e-144,4.5435917140222223e-144,5.998077439020132e-259,-4.806867352174616e-130
fine,6.65,0.0,2.0787041958515662e-142,2.0787041958515662e-142,1.3044469914527127e-256,-1.9960720282568637e-128
fine,6.7,0.0,9.129609852851134e-141,9.129609852851134e-141,2.7033531283498487e-254,-7.990411020587234e-127
fine,6.75,0.0,3.852033289898522e-139,3.852033289898522e-139,5.342703900753072e-252,-3.084985531130902e-125
fine,6.8,0.0,1.5624379292588422e-137,1.5624379292588422e-137,1.007658163721207e-249,-1.1493048794153135e-123
fine,6.8500000000000005,0.0,6.096394877391715e-136,6.096394877391715e-136,1.8149432573174907e-247,-4.1334947702314366e-122
fine,6.9,0.0,2.289659619062867e-134,2.289659619062867e-134,3.12396994101941e-245,-1.4358085662408284e-120
fine,6.95,0.0,8.282370059293497e-133,8.282370059293497e-133,5.14201692990709e-243,-4.8190884105621267e-119
fine,7.0,0.0,2.8871671306654926e-131,2.8871671306654926e-131,8.098876541447214e-241,-1.5635436767010406e-117
fine,7.05,0.0,9.704221954244401e-130,9.704221954244401e-130,1.2213933233728688e-238,-4.905858034220435e-116
fine,7.1000000000000005,0.0,3.1466603032324047e-128,3.1466603032324047e-128,1.7647938845200504e-236,-1.4892186682033384e-114
fine,7.15,0.0,9.848265622517847e-127,9.848265622517847e-127,2.444566601001193e-234,-4.375371848640498e-113
fine,7.2,0.0,2.976479803364922e-125,2.976479803364922e-125,3.2481397144486856e-232,-1.2446717076043329e-111
fine,7.25,0.0,8.691297174398045e-124,8.691297174398045e-124,4.142303737407064e-230,-3.429607164730622e-110
fine,7.3,0.0,2.453030788190009e-122,2.453030788190009e-122,5.0730274129787405e-228,-9.156850520639338e-109
fine,7.3500000000000005,0.0,6.69498943968512e-121,6.69498943968512e-121,5.9696443609909366e-226,-2.3698385709381554e-107
fine,7.4,0.0,1.767709535934547e-119,1.767709535934547e-119,6.753332817814761e-224,-5.947265594925669e-106
fine,7.45,0.0,4.517163633352126e-118,4.517163633352126e-118,7.348580136391104e-222,-1.4477491185510287e-104
fine,7.5,0.0,1.1176065412960178e-116,1.1176065412960178e-116,7.695312997004254e-220,-3.4197526633805643e-103
fine,7.55,0.0,2.6782387088556153e-115,2.6782387088556153e-115,7.758963364541157e-218,-7.84090385209752e-102
fine,7.6000000000000005,0.0,6.218861960067035e-114,6.218861960067035e-114,7.536120015418606e-216,-1.7456169660103644e-100
fine,7.65,0.0,1.3996940857473935e-112,1.3996940857473935e-112,7.0544966574818814e-214,-3.774690311641898e-99
fine,7.7,0.0,3.0547147035816528e-111,3.0547147035816528e-111,6.367386912869075e-212,-7.930458270815315e-98
fine,7.75,0.0,6.466568585372228e-110,6.466568585372228e-110,5.544110271680272e-210,-1.61931684784119e-96
fine,7.8,0.0,1.328278192744393e-108,1.328278192744393e-108,4.658777974752392e-208,-3.21448222516731e-95
fine,7.8500000000000005,0.0,2.648246052043529e-107,2.648246052043529e-107,3.7798245818189837e-206,-6.205289363688918e-94
fine,7.9,0.0,5.1264901990476835e-106,5.1264901990476835e-106,2.9622154043936607e-204,-1.1652207942277822e-92
fine,7.95,0.0,9.638492416760617e-105,9.638492416760617e-105,2.2433080871715536e-202,-2.1289733108947672e-91
fine,8.0,0.0,1.7605825151808274e-103,1.7605825151808274e-103,1.6423533579676736e-200,-3.78587231588398e-90
fine,8.05,0.0,3.125285097558783e-102,3.125285097558783e-102,1.1628509436520463e-198,-6.554065955967146e-89
fine,8.1,0.0,5.393035260969975e-101,5.393035260969975e-101,7.965847866800765e-197,-1.1048862038165656e-87
fine,8.15,0.0,9.049163381302262e-100,9.049163381302262e-100,5.2815050148721986e-195,-1.814247385315371e-86
fine,8.2,0.0,1.47683935378129e-98,1.47683935378129e-98,3.3905090156999243e-193,-2.902388591662708e-85
fine,8.25,0.0,2.344892133004734e-97,2.344892133004734e-97,2.10821101930157e-191,-4.5248086864790115e-84
fine,8.3,0.0,3.623176710949799e-96,3.623176710949799e-96,1.2701716751595087e-189,-6.87596551991934e-83
fine,8.35,0.0,5.449324331532817e-95,5.449324331532817e-95,7.417609664995523e-188,-1.0187248316163059e-81
fine,8.4,0.0,7.97974575915864e-94,7.97974575915864e-94,4.200197321383534e-186,-1.4718668994343246e-80
fine,8.45,0.0,1.137975360564696e-92,1.137975360564696e-92,2.306893451676241e-184,-2.0742694501635583e-79
fine,8.5,0.0,1.5807954860862691e-91,1.5807954860862691e-91,1.229369802547594e-182,-2.851945414386638e-78
fine,8.55,0.0,2.1395217355728386e-90,2.1395217355728386e-90,6.358825385450497e-181,-3.826387890088515e-77
fine,8.6,0.0,2.821971929645313e-89,2.821971929645313e-89,3.19337578413459e-179,-5.0107049508408266e-76
fine,8.65,0.0,3.628090584409708e-88,3.628090584409708e-88,1.557537957118191e-177,-6.405588461398099e-75
fine,8.700000000000001,0.0,4.547631167967506e-87,4.547631167967506e-87,7.380347504354234e-176,-7.995690226380964e-74
fine,8.75,0.0,5.558582898842101e-86,5.558582898842101e-86,3.3985686749888305e-174,-9.747069325521283e-73
fine,8.8,0.0,6.626781138657668e-85,6.626781138657668e-85,1.5213367497643563e-172,-1.1606355887901575e-71
fine,8.85,0.0,7.707024712867313e-84,7.707024712867313e-84,6.622032139344748e-171,-1.3502126353722409e-70
fine,8.9,0.0,8.745816481620553e-83,8.745816481620553e-83,2.803612597207864e-169,-1.534870796537557e-69
fine,8.950000000000001,0.0,9.685575103752121e-82,9.685575103752121e-82,1.154854716318514e-167,-1.705226164663839e-68
fine,9.0,0.0,1.0469886682780821e-80,1.0469886682780821e-80,4.629551304102591e-166,-1.8518596000334865e-67
fine,9.05,0.0,1.1049135351151777e-79,1.1049135351151777e-79,1.806633251932776e-164,-1.966181988236406e-66
fine,9.1,0.0,1.1385727410629048e-78,1.1385727410629048e-78,6.864925530554575e-163,-2.041272352665547e-65
fine,9.15,0.0,1.145813990600563e-77,1.145813990600563e-77,2.5406770410959347e-161,-2.0725743501190206e-64
fine,9.200000000000001,0.0,1.126318617352662e-76,1.126318617352662e-76,9.16055738771495e-160,-2.0583533105085833e-63
fine,9.25,0.0,1.0816169129274682e-75,1.0816169129274682e-75,3.2185638163639308e-158,-1.999850225355395e-62
fine,9.3,0.0,1.014893182814311e-74,1.014893182814311e-74,1.1022424922695369e-156,-1.9011145932223342e-61
fine,9.35,0.0,9.306144755255031e-74,9.306144755255031e-74,3.6802054046122286e-155,-1.7685460344710906e-60
fine,9.4,0.0,8.340424899096647e-73,8.340424899096647e-73,1.1982572170422837e-153,-1.6102159772407658e-59
fine,9.450000000000001,0.0,7.307016881678947e-72,7.307016881678947e-72,3.805506711456829e-152,-1.4350681069313683e-58
fine,9.5,0.0,6.25876446311108e-71,6.25876446311108e-71,1.1791225181932523e-150,-1.2521055762198061e-57
fine,9.55,0.0,5.241975465105611e-70,5.241975465105611e-70,3.565226893832085e-149,-1.0696640686351152e-56
fine,9.6,0.0,4.293572745548443e-69,4.293572745548443e-69,1.0521878642788606e-147,-8.948461990676797e-56
fine,9.65,0.0,3.4396790960701705e-68,3.4396790960701705e-68,3.0315983799381955e-146,-7.331603923875023e-55
fine,9.700000000000001,0.0,2.6955550333869857e-67,2.6955550333869857e-67,8.529332564258196e-145,-5.883731608005569e-54
fine,9.75,0.0,2.0666340118094765e-66,2.0666340118094765e-66,2.343767679542151e-143,-4.62553768440781e-53
fine,9.8,0.0,1.5503002336241943e-65,1.5503002336241943e-65,6.2915804283926576e-142,-3.562689411792448e-52
fine,9.85,0.0,1.1380317271167532e-64,1.1380317271167532e-64,1.6502077602217301e-140,-2.688744616658618e-51
fine,9.9,0.0,8.175722261855906e-64,8.175722261855906e-64,4.229973689474687e-139,-1.9884977887950176e-50
fine,9.950000000000001,0.0,5.748772552598791e-63,5.748772552598791e-63,1.059843843741499e-137,-1.4412900933962078e-49
fine,10.0,0.0,3.956782627812278e-62,3.956782627812278e-62,2.59618015202875e-136,-1.0239384253547466e-48
fine,10.05,0.0,2.666026897729477e-61,2.666026897729477e-61,6.218686015349886e-135,-7.1307714492891e-48
fine,10.1,0.0,1.7586328202100216e-60,1.7586328202100216e-60,1.456847297814732e-133,-4.868354444063055e-47
fine,10.15,0.0,1.1358013726047652e-59,1.1358013726047652e-59,3.338569397125997e-132,-3.258759441810464e-46
fine,10.200000000000001,0.0,7.182388173909031e-59,7.182388173909031e-59,7.485413410732759e-131,-2.1388827909260076e-45
fine,10.25,0.0,4.447242808179709e-58,4.447242808179709e-58,1.642316684101561e-129,-1.3766548410670707e-44
fine,10.3,0.0,2.696353944242302e-57,2.696353944242302e-57,3.526624235833267e-128,-8.689685654263795e-44
fine,10.35,0.0,1.6007616619698334e-56,1.6007616619698334e-56,7.413048077458357e-127,-5.379726676505543e-43
fine,10.4,0.0,9.305273263011688e-56,9.305273263011688e-56,1.5256072099589147e-125,-3.2668442571602664e-42
fine,10.450000000000001,0.0,5.296152986247379e-55,5.296152986247379e-55,3.0744586966870323e-124,-1.9459978570207067e-41
fine,10.5,0.0,2.951085722874536e-54,2.951085722874536e-54,6.067994052215268e-123,-1.1371934034661989e-40
fine,10.55,0.0,1.6096651901930613e-53,1.6096651901930613e-53,1.1731176093772363e-121,-6.519816843928009e-40
fine,10.6,0.0,8.592938407867373e-53,8.592938407867373e-53,2.22190819659395e-120,-3.667543665587955e-39
fine,10.65,0.0,4.488410276240845e-52,4.488410276240845e-52,4.123499243755164e-119,-2.0243353854884942e-38
fine,10.700000000000001,0.0,2.2932209206349857e-51,2.2932209206349857e-51,7.499407906473251e-118,-1.0964379295737984e-37
fine,10.75,0.0,1.145555276676803e-50,1.145555276676803e-50,1.336823885497022e-116,-5.827816485189963e-37
fine,10.8,0.0,5.591928920333005e-50,5.591928920333005e-50,2.335992428295444e-115,-3.0399918400755976e-36
fine,10.85,0.0,2.665438721528641e-49,2.665438721528641e-49,4.002040545890497e-114,-1.5563485769441875e-35
fine,10.9,0.0,1.2394430126964429e-48,1.2394430126964429e-48,6.723046833247939e-113,-7.820437755626828e-35
fine,10.950000000000001,0.0,5.61555235134096e-48,5.61555235134096e-48,1.1076081908073097e-111,-3.857140592150207e-34
fine,11.0,0.0,2.4747870651172033e-47,2.4747870651172033e-47,1.7897869245218524e-110,-1.8673649454698202e-33
fine,11.05,0.0,1.058431909127916e-46,1.058431909127916e-46,2.8370726695421855e-109,-8.874420303679675e-33
fine,11.1,0.0,4.37879958936296e-46,4.37879958936296e-46,4.41216144927272e-108,-4.140131898453129e-32
fine,11.15,0.0,1.7439645005136823e-45,1.7439645005136823e-45,6.732882676714285e-107,-1.8961237086106794e-31
fine,11.200000000000001,0.0,6.6372804633715e-45,6.6372804633715e-45,1.0082666375953385e-105,-8.525325003029478e-31
fine,11.25,0.0,2.384138458715222e-44,2.384138458715222e-44,1.4819362477719674e-104,-3.763214896571393e-30
fine,11.3,0.0,7.898230645713738e-44,7.898230645713738e-44,2.1380487210080593e-103,-1.6308778010592427e-29
fine,11.35,0.0,2.2923828079498165e-43,2.2923828079498165e-43,3.0282583693423937e-102,-6.93916417981852e-29
fine,11.4,0.0,4.96561547646655e-43,4.96561547646655e-43,4.211220095450724e-101,-2.898836433968372e-28
fine,11.450000000000001,0.0,8.010521905398427e-44,8.010521905398427e-44,5.750614033743364e-100,-1.1889865829265396e-27
fine,11.5,0.0,-7.835822915530704e-42,-7.835822915530704e-42,7.711919857634486e-99,-4.788187677663501e-27
fine,11.55,0.0,-6.439066910350055e-41,-6.439066910350055e-41,1.0157871621419646e-97,-1.8932543483602412e-26
fine,11.6,0.0,-3.842391091448575e-40,-3.842391091448575e-40,1.3142680765244999e-96,-7.350066558868011e-26
fine,11.65,0.0,-1.993779712675242e-39,-1.993779712675242e-39,1.670530956205035e-95,-2.8016718851801823e-25
fine,11.700000000000001,0.0,-9.505412970001979e-39,-9.505412970001979e-39,2.0862288159044538e-94,-1.0485384278369398e-24
fine,11.75,0.0,-4.265460445344023e-38,-4.265460445344023e-38,2.5600764310042665e-93,-3.852902794040999e-24
fine,11.8,0.0,-1.8245348270219601e-37,-1.8245348270219601e-37,3.0872619014167525e-92,-1.3900230778260857e-23
fine,11.85,0.0,-7.494145509625571e-37,-7.494145509625571e-37,3.6590536948266547e-91,-4.923544811806198e-23
fine,11.9,0.0,-2.9692928227671113e-36,-2.9692928227671113e-36,4.262685887496817e-90,-1.7121639003927432e-22
fine,11.950000000000001,0.0,-1.1381774770448476e-35,-1.1381774770448476e-35,4.881585029491432e-89,-5.84536793465228e-22
fine,12.0,0.0,-4.22867051020382e-35,-4.22867051020382e-35,5.495970342713448e-88,-1.9591278215698786e-21
fine,12.05,0.0,-1.5245158827472967e-34,-1.5245158827472967e-34,6.08381781504877e-87,-6.445864031795707e-21
fine,12.1,0.0,-5.33650641896991e-34,-5.33650641896991e-34,6.62213327370989e-86,-2.0818413450802105e-20
fine,12.15,0.0,-1.8140528131568936e-33,-1.8140528131568936e-33,7.088436208690638e-85,-6.599946767989625e-20
fine,12.200000000000001,0.0,-5.986986642153573e-33,-5.986986642153573e-33,7.462321834948499e-84,-2.053691257140105e-19
fine,12.25,0.0,-1.9171514658213725e-32,-1.9171514658213725e-32,7.726949613518203e-83,-6.271980300411937e-19
fine,12.3,0.0,-5.950129632013169e-32,-5.950129632013169e-32,7.870306134255658e-82,-1.879832154909245e-18
fine,12.35,0.0,-1.7869660018539431e-31,-1.7869660018539431e-31,7.886109940980078e-81,-5.528984566035391e-18
fine,12.4,0.0,-5.181004579386964e-31,-5.181004579386964e-31,7.774263382517272e-80,-1.5956862679995748e-17
fine,12.450000000000001,0.0,-1.4453204252539912e-30,-1.4453204252539912e-30,7.540806802539087e-79,-4.51841436830016e-17
fine,12.5,0.0,-3.860360458177445e-30,-3.860360458177445e-30,7.197386167304774e-78,-1.255214960852898e-16
fine,12.55,0.0,-9.79764577892818e-30,-9.79764577892818e-30,6.760298582672591e-77,-3.420558557921012e-16
fine,12.6,0.0,-2.333702576583496e-29,-2.333702576583496e-29,6.249223647287128e-76,-9.1426533206632e-16
fine,12.65,0.0,-5.099454048492005e-29,-5.099454048492005e-29,5.68577661682269e-75,-2.3965638877506765e-15
fine,12.700000000000001,0.0,-9.729873722705074e-29,-9.729873722705074e-29,5.092028972235156e-74,-6.160104461122579e-15
fine,12.75,0.0,-1.3968499091795248e-28,-1.3968499091795248e-28,4.4891332401196155e-73,-1.5524064954429885e-14
fine,12.8,0.0,-3.276819522899091e-29,-3.276819522899091e-29,3.8961646006577286e-72,-3.835058829479668e-14
fine,12.85,0.0,7.989007932502235e-28,7.989007932502235e-28,3.3292567714762663e-71,-9.2856697551819e-14
fine,12.9,0.0,4.2426782310947714e-27,4.2426782310947714e-27,2.801069747283089e-70,-2.2031729534206968e-13
fine,12.950000000000001,0.0,1.5813058390650246e-26,1.5813058390650246e-26,2.320588053736299e-69,-5.121430489862687e-13
fine,13.0,0.0,5.025524488575116e-26,5.025524488575116e-26,1.893215139246168e-68,-1.1661317604354697e-12
fine,13.05,0.0,1.4402982861690042e-25,1.4402982861690042e-25,1.521105700855403e-67,-2.60025831142576e-12
fine,13.1,0.0,3.806199534007393e-25,3.806199534007393e-25,1.2036645965955848e-66,-5.676605142714477e-12
fine,13.15,0.0,9.357184734024593e-25,9.357184734024593e-25,9.381382588132357e-66,-1.2129591926871246e-11
fine,13.200000000000001,0.0,2.1415537650056336e-24,2.1415537650056336e-24,7.202305238034624e-65,-2.5360707492600092e-11
fine,13.25,0.0,4.526823464189317e-24,4.526823464189317e-24,5.446870008755237e-64,-5.186758371423652e-11
fine,13.3,0.0,8.627433100919225e-24,8.627433100919225e-24,4.0580768099797185e-63,-1.0372903674211151e-10
fine,13.35,0.0,1.3820747818546477e-23,1.3820747818546477e-23,2.978637757256003e-62,-2.0277375591988165e-10
fine,13.4,0.0,1.3702755907838442e-23,1.3702755907838442e-23,2.1540965545833723e-61,-3.87305300492413e-10
fine,13.450000000000001,0.0,-1.9787634315825785e-23,-1.9787634315825785e-23,1.5349280731961162e-60,-7.224917799256254e-10
fine,13.5,0.0,-1.8679917677702922e-22,-1.8679917677702922e-22,1.0777327687254148e-59,-1.3156491526825284e-09
fine,13.55,0.0,-8.102857439894359e-22,-8.102857439894359e-22,7.456905208325337e-59,-2.3374659562642307e-09
fine,13.6,0.0,-2.8600372250301378e-21,-2.8600372250301378e-21,5.0845718444079954e-58,-4.049457211085323e-09
fine,13.65,0.0,-9.069867614496044e-21,-9.069867614496044e-21,3.416816209073164e-57,-6.836253269655841e-09
fine,13.700000000000001,0.0,-2.667392506228915e-20,-2.667392506228915e-20,2.262992044853748e-56,-1.1238407211730483e-08
fine,13.75,0.0,-7.358288969090463e-20,-7.358288969090463e-20,1.4772731695356868e-55,-1.7977132593838952e-08
fine,13.8,0.0,-1.9108946958669342e-19,-1.9108946958669342e-19,9.505536814737526e-55,-2.7957146243348404e-08
fine,13.85,0.0,-4.673149958948225e-19,-4.673149958948225e-19,6.029089191917664e-54,-4.2228805338923275e-08
fine,13.9,0.0,-1.07500692663706e-18,-1.07500692663706e-18,3.7696987641856134e-53,-6.188830358003133e-08
fine,13.950000000000001,0.0,-2.321966505406875e-18,-2.321966505406875e-18,2.3236012904431493e-52,-8.78981742691047e-08
fine,14.0,0.0,-4.698716180647751e-18,-4.69871618064775e-18,1.4120049856865423e-51,-1.2082345172107985e-07
fine,14.05,0.0,-8.885208045496644e-18,-8.885208045496642e-18,8.459596305496026e-51,-1.6050411964382953e-07
fine,14.1,0.0,-1.565478545477559e-17,-1.5654785454775585e-17,4.99712779313353e-50,-2.0572097522151223e-07
fine,14.15,0.0,-2.561240751033763e-17,-2.5612407510337615e-17,2.9104945851172453e-49,-2.539527297802631e-07
fine,14.200000000000001,0.0,-3.875875714020129e-17,-3.875875714020126e-17,1.6714995575318083e-48,-3.0135242776044236e-07
fine,14.25,0.0,-5.400042986835774e-17,-5.400042986835768e-17,9.46577046038837e-48,-3.430702783481049e-07
fine,14.3,0.0,-6.888866679324482e-17,-6.888866679324474e-17,5.286065011769499e-47,-3.7399675771195515e-07
fine,14.35,0.0,-7.99409657098687e-17,-7.994096570986859e-17,2.9110653097819455e-46,-3.8988407296532427e-07
fine,14.4,0.0,-8.372528827166242e-17,-8.372528827166231e-17,1.5809928204854367e-45,-3.886394335686277e-07
fine,14.450000000000001,0.0,-7.842874661333636e-17,-7.842874661333626e-17,8.468011145979461e-45,-3.714169753338771e-07
fine,14.5,0.0,-6.51261936042262e-17,-6.512619360422615e-17,4.473228511839973e-44,-3.4304366681272106e-07
fine,14.55,0.0,-4.785821658403991e-17,-4.78582165840399e-17,2.330574248959839e-43,-3.113824484176197e-07
fine,14.6,0.0,-3.221143335924514e-17,-3.221143335924515e-17,1.1976241430239639e-42,-2.855127477925818e-07
fine,14.65,0.0,-2.3066840078076445e-17,-2.3066840078076454e-17,6.070254667560702e-42,-2.7306091618624484e-07
fine,14.700000000000001,0.0,-2.2733334470391192e-17,-2.27333344703912e-17,3.0348313803719495e-41,-2.7749675153426234e-07
fine,14.75,0.0,-3.027436383368889e-17,-3.027436383368889e-17,1.4966336412731895e-40,-2.964949897521239e-07
fine,14.8,0.0,-4.193290624802614e-17,-4.193290624802612e-17,7.2804998840042195e-40,-3.223120890325137e-07
fine,14.85,0.0,-5.2210759823614634e-17,-5.2210759823614616e-17,3.493675851929884e-39,-3.4445672743072593e-07
fine,14.9,0.0,-5.55827485193224e-17,-5.558274851932237e-17,1.6538272980222286e-38,-3.539033246527361e-07
fine,14.950000000000001,0.0,-4.892760370921612e-17,-4.89276037092161e-17,7.72313701947389e-38,-3.4715081589006114e-07
fine,15.0,0.0,-3.3728275768774945e-17,-3.3728275768774927e-17,3.5579736057795366e-37,-3.281222789546792e-07
fine,15.05,0.0,-1.6113394724098583e-17,-1.6113394724098564e-17,1.6170592267980958e-36,-3.0661165140686404e-07
fine,15.1,0.0,-3.805453773431818e-18,-3.805453773431802e-18,7.2505614193267e-36,-2.9359700092172225e-07
fine,15.15,0.0,-1.6356778641900797e-18,-1.6356778641900629e-18,3.207359072929403e-35,-2.955424481965321e-07
fine,15.200000000000001,0.0,-8.700453091365151e-18,-8.700453091365136e-18,1.3997837582630135e-34,-3.1075003659987273e-07
fine,15.25,0.0,-1.8958835365452363e-17,-1.8958835365452348e-17,6.027238255849882e-34,-3.3009673287707305e-07
fine,15.3,0.0,-2.4749140523986348e-17,-2.4749140523986332e-17,2.5605064227984754e-33,-3.4217472034136245e-07
fine,15.35,0.0,-2.1295549247629997e-17,-2.129554924762998e-17,1.0732205208630243e-32,-3.40108963190319e-07
fine,15.4,0.0,-9.749635675896658e-18,-9.749635675896639e-18,4.4382582103971286e-32,-3.2590047986396044e-07
fine,15.450000000000001,0.0,3.4053718561466755e-18,3.4053718561466936e-18,1.8109271742744367e-31,-3.092711824900993e-07
fine,15.5,0.0,1.0686043047423778e-17,1.0686043047423793e-17,7.290510877541993e-31,-3.0135474536916283e-07
fine,15.55,0.0,8.751441244883305e-18,8.751441244883319e-18,2.8959204430203835e-30,-3.071789170599896e-07
fine,15.6,0.0,5.735584271921009e-19,5.735584271921092e-19,1.1349833783596755e-29,-3.221324144907924e-07
fine,15.65,0.0,-6.8375184100966575e-18,-6.837518410096652e-18,4.389029402157127e-29,-3.352039683594729e-07
fine,15.700000000000001,0.0,-7.506558419597436e-18,-7.506558419597431e-18,1.6746531423104472e-28,-3.3700184563095625e-07
fine,15.75,0.0,-8.531730294927047e-19,-8.531730294927011e-19,6.304625207081177e-28,-3.267739420453647e-07
fine,15.8,0.0,7.98665378500688e-18,7.986653785006883e-18,2.341918051209118e-27,-3.129763446021399e-07
fine,15.85,0.0,1.2348844387358275e-17,1.2348844387358275e-17,8.583441588232292e-27,-3.066440885229265e-07
fine,15.9,0.0,9.362767759114802e-18,9.362767759114799e-18,3.1040393226955923e-26,-3.125739585446625e-07
fine,15.950000000000001,0.0,2.0424674648103354e-18,2.0424674648103284e-18,1.1075591726030228e-25,-3.2545012509154263e-07
fine,16.0,0.0,-3.4201458352001837e-18,-3.4201458352001925e-18,3.8992214228954353e-25,-3.343285564711661e-07
fine,16.05,0.0,-2.9165897781753717e-18,-2.916589778175381e-18,1.3544302700520276e-24,-3.3195111478757284e-07
fine,16.1,0.0,2.1816417839344192e-18,2.1816417839344084e-18,4.641934715163107e-24,-3.2097418310412817e-07
fine,16.15,0.0,6.56683359408288e-18,6.5668335940828674e-18,1.5696402106024326e-23,-3.115321552790782e-07
fine,16.2,0.0,5.963681393967569e-18,5.9636813939675555e-18,5.236658362857063e-23,-3.1209177487688023e-07
fine,16.25,0.0,7.992175746344709e-19,7.992175746344561e-19,1.7236733088450196e-22,-3.217750348823092e-07
fine,16.3,0.0,-4.536636483157998e-18,-4.536636483158012e-18,5.597511787992331e-22,-3.312978419164993e-07
fine,16.35,0.0,-5.9268555534954396e-18,-5.926855553495454e-18,1.793355400030955e-21,-3.3181190093859664e-07
fine,16.4,0.0,-3.353116118479628e-18,-3.3531161184796428e-18,5.668395041146085e-21,-3.2333781643504676e-07
fine,16.45,0.0,-5.666201938614733e-19,-5.666201938614882e-19,1.7675288244203528e-20,-3.1459915898670263e-07
fine,16.5,0.0,-1.067758411540069e-18,-1.0677584115400838e-18,5.437195251943509e-20,-3.142992299819169e-07
fine,16.55,0.0,-4.789454061523125e-18,-4.789454061523139e-18,1.6499616873534968e-19,-3.2244602538861185e-07
fine,16.6,0.0,-8.577054652108994e-18,-8.577054652109006e-18,4.939134491218089e-19,-3.305095932646986e-07
fine,16.65,0.0,-9.534852026035123e-18,-9.534852026035136e-18,1.4584532442543675e-18,-3.303305826384682e-07
fine,16.7,0.0,-7.894329933652762e-18,-7.894329933652772e-18,4.2479995903025005e-18,-3.2258322459630205e-07
fine,16.75,0.0,-6.471170682048782e-18,-6.47117068204879e-18,1.2204256995720083e-17,-3.1587758425536346e-07
fine,16.8,0.0,-7.401781953858875e-18,-7.401781953858883e-18,3.458252817063346e-17,-3.174156069760036e-07
fine,16.85,0.0,-1.0033136067220758e-17,-1.0033136067220764e-17,9.665029460671812e-17,-3.252597699527266e-07
fine,16.9,0.0,-1.2025312880670396e-17,-1.20253128806704e-17,2.6639870478604745e-16,-3.3066181046935326e-07
fine,16.95,0.0,-1.1973375829590638e-17,-1.197337582959064e-17,7.241421516706236e-16,-3.2788315708123217e-07
fine,17.0,0.0,-1.076202680197763e-17,-1.0762026801977631e-17,1.9411427989004278e-15,-3.2052613254591975e-07
fine,17.05,0.0,-1.0341616480001776e-17,-1.0341616480001776e-17,5.131106477313844e-15,-3.172288854401619e-07
fine,17.1,0.0,-1.1422771499517576e-17,-1.1422771499517573e-17,1.3373995227332745e-14,-3.216762172412422e-07
fine,17.150000000000002,0.0,-1.2886736072021047e-17,-1.2886736072021043e-17,3.4370300632117966e-14,-3.284829423581434e-07
fine,17.2,0.0,-1.3348238367005412e-17,-1.3348238367005408e-17,8.708666243490864e-14,-3.2971846891665876e-07
fine,17.25,0.0,-1.2713087811636251e-17,-1.2713087811636245e-17,2.175398736987793e-13,-3.2431373610365743e-07
fine,17.3,0.0,-1.2055605887214128e-17,-1.2055605887214121e-17,5.356934869260791e-13,-3.191344279163047e-07
fine,17.35,0.0,-1.2239050302970483e-17,-1.2239050302970475e-17,1.3003313766627087e-12,-3.20504761635009e-07
fine,17.400000000000002,0.0,-1.297119690254748e-17,-1.2971196902547471e-17,3.1111454895377695e-12,-3.2655667607610246e-07
fine,17.45,0.0,-1.3338653816625108e-17,-1.3338653816625097e-17,7.336384505383546e-12,-3.2975960745208304e-07
fine,17.5,0.0,-1.2998100411927611e-17,-1.29981004119276e-17,1.7049224525784225e-11,-3.263806049609084e-07
fine,17.55,0.0,-1.2467603092154181e-17,-1.246760309215417e-17,3.9043758520679254e-11,-3.209883909900786e-07
fine,17.6,0.0,-1.2331277111002689e-17,-1.2331277111002677e-17,8.810184998079743e-11,-3.2039621345161267e-07
fine,17.650000000000002,0.0,-1.2547018478640404e-17,-1.2547018478640391e-17,1.9586873065489303e-10,-3.24858076201137e-07
fine,17.7,0.0,-1.2625332904163833e-17,-1.2625332904163823e-17,4.2899312624926405e-10,-3.277734404310118e-07
fine,17.75,0.0,-1.2273208964970934e-17,-1.2273208964970928e-17,9.255446048680885e-10,-3.2405403081688673e-07
fine,17.8,0.0,-1.1673762745565222e-17,-1.167376274556523e-17,1.966803433728971e-09,-3.1597288768507673e-07
fine,17.85,0.0,-1.1119948688026044e-17,-1.1119948688026088e-17,4.116176936091449e-09,-3.0860336001150944e-07
fine,17.900000000000002,0.0,-1.0596034590222522e-17,-1.0596034590222671e-17,8.482962388033115e-09,-3.005726939510012e-07
fine,17.95,0.0,-9.9670244363479e-18,-9.96702443634833e-18,1.72135513021347e-08,-2.8164479947524405e-07
fine,18.0,0.0,-9.652495889340076e-18,-9.652495889341254e-18,3.4388234230392755e-08,-2.3871047448103295e-07
fine,18.05,0.0,-1.1432856785832012e-17,-1.1432856785835128e-17,6.76255477387657e-08,-1.59349787427638e-07
fine,18.1,0.0,-1.9924342491504202e-17,-1.9924342491512155e-17,1.3089297616079136e-07,-2.391446461668761e-08
fine,18.150000000000002,0.0,-4.649617287793891e-17,-4.649617287795834e-17,2.4932607774146144e-07,2.0972819485237434e-07
fine,18.2,0.0,-1.1880402391236142e-16,-1.18804023912406e-16,4.673090786381397e-07,6.187540930190886e-07
fine,18.25,0.0,-3.0203119519544964e-16,-3.02031195195542e-16,8.617146219174829e-07,1.3254306228674053e-06
fine,18.3,-1.4135798584282297e-16,-7.454659718858365e-16,-7.454659718859906e-16,1.5630807001924275e-06,2.517657766438662e-06
fine,18.35,-2.8271597168564594e-16,-1.7847925978090204e-15,-1.7847925978091166e-15,2.788640778305641e-06,4.491413934861435e-06
fine,18.400000000000002,-8.481479150569378e-16,-4.1612072904028446e-15,-4.161207290401994e-15,4.892494585783996e-06,7.714110259826532e-06
fine,18.45,-2.5444437451708133e-15,-9.469763666485485e-15,-9.469763666479037e-15,8.439705285369085e-06,1.2903723489750004e-05
fine,18.5,-7.491973249669617e-15,-2.1031645407195825e-14,-2.103164540716148e-14,1.4312499982391809e-05,2.1129760182392563e-05
fine,18.55,-2.1627771833951913e-14,-4.549893505208126e-14,-4.549893505191581e-14,2.3857630324587588e-05,3.395305436858822e-05
fine,18.6,-5.201973879015885e-14,-9.559733918286679e-14,-9.559733918210909e-14,3.908371611551544e-05,5.3616081978374795e-05
fine,18.650000000000002,-1.1336910464594402e-13,-1.9434539676133205e-13,-1.9434539675803005e-13,6.291526292448168e-05,8.328022717014103e-05
fine,18.7,-2.33947466569872e-13,-3.805692277577296e-13,-3.8056922774423173e-13,9.950513667509147e-05,0.00012729995993582347
fine,18.75,-4.581412321165892e-13,-7.140763768379958e-13,-7.140763767872137e-13,0.00015459881560926162,0.00019152892687241974
fine,18.8,-8.509750747737942e-13,-1.275762948909552e-12,-1.2757629487375381e-12,0.0002359313554154461,0.0002836518789879249
fine,18.85,-1.4937298364011104e-12,-2.1525377047190427e-12,-2.1525377042095596e-12,0.00035362215021080364,0.0004135176807902465
fine,18.900000000000002,-2.4464826609817373e-12,-3.389404540320657e-12,-3.389404539063969e-12,0.0005205149558712926,0.0005934250770414703
fine,18.95,-3.652690354178545e-12,-4.883617678311412e-12,-4.883617675990222e-12,0.0007523945252131937,0.0008383037935843591
fine,19.0,-4.755989433681779e-12,-6.19438063543675e-12,-6.194380633209829e-12,0.0010680013775294281,0.0011657384856223
fine,19.05,-4.805323370740924e-12,-6.256761978541628e-12,-6.256761979995445e-12,0.0014887684218345696,0.0015957867430104469
fine,19.1,-1.8810507176104454e-12,-3.035468322598578e-12,-3.035468310682297e-12,0.002038222757008611,0.002150542879827873
fine,19.150000000000002,7.223958508511625e-12,6.75181166473885e-12,6.7518119105101964e-12,0.0027410360548441215,0.002853414892943962
fine,19.2,2.697548579637175e-11,2.75645771613819e-11,2.7564578974515014e-11,0.003621765980731644,0.0037281249965068993
fine,19.25,6.223652857493472e-11,6.416151587660979e-11,6.41615252761545e-11,0.004703401152585055,0.0047975007571691855
fine,19.3,1.1589177926129503e-10,1.192764387688667e-10,1.1927647834016006e-10,0.006005888280902627,0.006082170667773439
fine,19.35,1.8420217777192418e-10,1.8911774228412663e-10,1.8911788572460676e-10,0.007544862437396006,0.007599308079491618
fine,19.400000000000002,2.492593635963666e-10,2.56036434247765e-10,2.560368957934676e-10,0.009330799673097275,0.009361585776175576
fine,19.45,2.682934991060744e-10,2.7800369382057217e-10,2.78005036774966e-10,0.011368752143421703,0.011376502178648955
fine,19.5,1.6012467204331613e-10,1.750311154590251e-10,1.7503469406870694e-10,0.013658710747770905,0.013646197357651182
fine,19.55,-2.1050154832200971e-10,-1.8676118174048592e-10,-1.8675236512139208e-10,0.01619649000045986,0.01616778628852167
fine,19.6,-1.0497133769459076e-09,-1.0122424206290668e-09,-1.012222183036699e-09,0.018974884261022527,0.01893412372625158
fine,19.650000000000002,-2.6514048096025305e-09,-2.5941012556417183e-09,-2.594057691683858e-09,0.021984753317654884,0.021934816889755474
fine,19.7,-5.413126239504715e-09,-5.327977393537826e-09,-5.327888940152742e-09,0.02521570173004216,0.025157241674962954
fine,19.75,-9.849583862235999e-09,-9.724555818695524e-09,-9.724385538527183e-09,0.02865613712395535,0.028587307319850482
fine,19.8,-1.660154127083512e-08,-1.641718397970251e-08,-1.6416871744958545e-08,0.032292703679577664,0.03220976884479802
fine,19.85,-2.6436972654244508e-08,-2.6163070714554437e-08,-2.616252315536582e-08,0.036109322349663506,0.036008013618638104
fine,19.900000000000002,-4.02408033174138e-08,-3.9835307405026606e-08,-3.9834385832243664e-08,0.0400862389498698,0.03996341972777727
fine,19.95,-5.898990430175216e-08,-5.840227788911836e-08,-5.840078495778147e-08,0.044199505792391396,0.044054536362921205
fine,20.0,-8.371180115203162e-08,-8.289118728343403e-08,-8.288885392720147e-08,0.04842117205528567,0.04825640944845505
fine,20.05,-1.1542872640460235e-07,-1.1433400119847594e-07,-1.143304762280222e-07,0.052720177004006795,0.0525403422498698
fine,20.1,-1.5509107644642097e-07,-1.5369700219160895e-07,-1.5369184766845437e-07,0.057063641100991824,0.05687424762196208
fine,20.150000000000002,-2.035043845659843e-07,-2.0179850585895663e-07,-2.017912016066646e-07,0.061418071215611124,0.06122354862038128
fine,20.2,-2.6125181606598764e-07,-2.592214706094621e-07,-2.592114307468475e-07,0.06575003604152288,0.06555238007128172
fine,20.25,-3.2861122646513144e-07,-3.2622745063613846e-07,-3.2621405377971875e-07,0.07002612698216333,0.06982472126949656
fine,20.3,-4.054642561564375e-07,-4.026754971543118e-07,-4.026581301831224e-07,0.07421238444867763,0.07400511672817128
fine,20.35,-4.911984425464968e-07,-4.879458853437455e-07,-4.879239987066498e-07,0.07827365606309147,0.0780588182444258
fine,20.400000000000002,-5.846121717939362e-07,-5.808668635065872e-07,-5.808400341521881e-07,0.08217340041755138,0.08195143392156685
fine,20.45,-6.838401774965609e-07,-6.796454772412011e-07,-6.796134731793801e-07,0.08587421429986856,0.08564838934211043
fine,20.5,-7.86317683259232e-07,-7.818107555580859e-07,-7.817735935238439e-07,0.08933895792216964,0.08911459604709412
fine,20.55,-8.887929015669762e-07,-8.84185380714425e-07,-8.841433655963779e-07,0.09253200673346808,0.0923146334612676
fine,20.6,-9.873836165595581e-07,-9.829047735310276e-07,-9.828585062950112e-07,0.09542008026024164,0.09521350790968061
fine,20.650000000000002,-1.0776623296006735e-06,-1.073496555478436e-06,-1.0734468970861828e-06,0.097972350863564,0.09777776427334232
fine,20.7,-1.1547567221157708e-06,-1.1510197391998282e-06,-1.1509677229432918e-06,0.10015997753652414,0.09997654065454734
fine,20.75,-1.2134696509936424e-06,-1.2102481795815642e-06,-1.2101948731889777e-06,0.10195556822119362,0.10178217972239163
fine,20.8,-1.2484407397062125e-06,-1.2458757940781232e-06,-1.2458221237801376e-06,0.1033331105875444,0.10317023733295717
fine,20.85,-1.2543725115056502e-06,-1.2527278211588393e-06,-1.2526743795985774e-06,0.10426858768575183,0.10411904315057774
fine,20.900000000000002,-1.22632373551659e-06,-1.225979856231689e-06,-1.2259267227050848e-06,0.10474101712704965,0.10460920215604716
fine,20.95,-1.1600420384015118e-06,-1.1614018539413986e-06,-1.161348459158921e-06,0.1047333462728045,0.10462344777593707
fine,21.0,-1.052287169153383e-06,-1.0556437950364566e-06,-1.05558886447816e-06,0.10423272400875934,0.10414704387677395
fine,21.05,-9.011057860152016e-07,-9.06559816590248e-07,-9.065014259993021e-07,0.10323010177568673,0.10316859722325301
fine,21.1,-7.06055418701161e-07,-7.135392408167922e-07,-7.134750112685953e-07,0.10171958659892545,0.10168088121470256
fine,21.150000000000002,-4.684068113274628e-07,-4.777945058730882e-07,-4.777219505270733e-07,0.09969812750371415,0.09968124899520331
fine,21.2,-1.913492397978651e-07,-2.0256161577828451e-07,-2.024786253333641e-07,0.09716583541679862,0.09717145046213146
fine,21.25,1.1981523772747984e-07,1.0680189124978828e-07,1.0689646781079144e-07,0.09412672169741103,0.09415702164265177
fine,21.3,4.5754315269823965e-07,4.428016225123e-07,4.4290737380374156e-07,0.09058929033212815,0.0906466652069859
fine,21.35,8.120476239793906e-07,7.958401930546269e-07,7.959546108439715e-07,0.08656651611735672,0.08665202337732729
fine,21.400000000000002,1.171443571234766e-06,1.1542871399104771e-06,1.154405260238762e-06,0.0820752162195244,0.08218796240562151
fine,21.45,1.5220041216331336e-06,1.504609763201065e-06,1.5047240941272181e-06,0.0771352925043168,0.07727312297266435
fine,21.5,1.8484722241983575e-06,1.8316119738965133e-06,1.8317128153909567e-06,0.07176939568652621,0.07193029113813326
fine,21.55,2.134406412856351e-06,2.118813593173646e-06,2.118889831484808e-06,0.06600317169601767,0.06618625146091117
fine,21.6,2.3625908828421305e-06,2.34895977899945e-06,2.3490001923517323e-06,0.059865724214524726,0.06007112703739777
fine,21.650000000000002,2.515553260971099e-06,2.5046096011411772e-06,2.5046046499818217e-06,0.05338972083760023,0.05361755217427043
fine,21.7,2.576192690834337e-06,2.568743850326263e-06,2.568687855408789e-06,0.04661086927729063,0.04686012041286615
fine,21.75,2.528462779876343e-06,2.5253616348400923e-06,2.5252551818792593e-06,0.03956703312007575,0.03983532888525832
fine,21.8,2.3580348007411637e-06,2.360076839180026e-06,2.3599291941807605e-06,0.0322975558188642,0.032581854507974614
fine,21.85,2.0529058093694695e-06,2.060737836166333e-06,2.0605691112891123e-06,0.024843141669700912,0.02514073418236261
fine,21.900000000000002,1.603967929229753e-06,1.6180615656865416e-06,1.6179043483056843e-06,0.017246103901174665,0.017555085322424155
fine,21.95,1.0055571796354013e-06,1.0262268909768727e-06,1.026127053849925e-06,0.009550435623610415,0.009869349759741507
fine,22.0,2.559520626064365e-07,2.833581774613331e-07,2.8337463749229514e-07,0.0018013259878303732,0.002128403096224031
fine,22.05,-6.42245982006647e-07,-6.081381062571965e-07,-6.079348248417535e-07,-0.005955726374787083,-0.005623038447559104
fine,22.1,-1.6818995896184529e-06,-1.641373450235753e-06,-1.6409038851973723e-06,-0.013675670256289005,-0.013340528941121841
fine,22.150000000000002,-2.8512804826521906e-06,-2.8048839765081642e-06,-2.804063555841591e-06,-0.021314138711413144,-0.020979725593079743
fine,22.2,-4.134128978293692e-06,-4.082640358219684e-06,-4.081384199035187e-06,-0.02882729923673262,-0.028496370380476792
fine,22.25,-5.509821009171435e-06,-5.454204555088067e-06,-5.452432918729902e-06,-0.03617183179071507,-0.03584672042234619
fine,22.3,-6.9536976647264705e-06,-6.895088971205968e-06,-6.892732937051511e-06,-0.04330540225438183,-0.0429883464504961
fine,22.35,-8.437606484300703e-06,-8.377322475014038e-06,-8.37432931867048e-06,-0.05018747532210769,-0.04988090089063677
fine,22.400000000000002,-9.930620972960137e-06,-9.870155877990632e-06,-9.86649364686697e-06,-0.05677995209290575,-0.05648647897647833
fine,22.45,-1.1399841445938978e-05,-1.1340822610987526e-05,-1.1336483470906196e-05,-0.0630472971723235,-0.0627695418370694
fine,22.5,-1.2811210628595741e-05,-1.2755327782122695e-05,-1.2750329814133556e-05,-0.06895634670815075,-0.06869673440975121
fine,22.55,-1.4130367771048887e-05,-1.4079307464202725e-05,-1.4073694690783453e-05,-0.07447630145952884,-0.07423699521520853
fine,22.6,-1.5323610287047107e-05,-1.5279005068315295e-05,-1.527284560275273e-05,-0.07957917400171786,-0.07936207144786778
fine,22.650000000000002,-1.635896030393053e-05,-1.6322341086892434e-05,-1.631572346830442e-05,-0.08424043459522593,-0.08404717424122285
fine,22.7,-1.7207208504845093e-05,-1.7179964682435133e-05,-1.7172992681725914e-05,-0.08843936105218589,-0.088271365142503
fine,22.75,-1.784278842703682e-05,-1.7826154594337676e-05,-1.7818940988019683e-05,-0.09215890547101167,-0.09201748473148896
fine,22.8,-1.8244466387773325e-05,-1.8239520843921472e-05,-1.8232180764742145e-05,-0.095385398958324,-0.09527182777807236
fine,22.85,-1.839595438005811e-05,-1.8403579557412227e-05,-1.8396224016274895e-05,-0.09810855357992553,-0.09802397583538067
fine,22.900000000000002,-1.8286510424237142e-05,-1.8307299393264665e-05,-1.830002949150543e-05,-0.10032183678801197,-0.10026701558584017
fine,22.95,-1.7911439948377156e-05,-1.7945607500890157e-05,-1.7938509792048934e-05,-0.10202283054617148,-0.1019979700093496
fine,23.0,-1.727233668149817e-05,-1.7319717237775477e-05,-1.731286064368979e-05,-0.10321317800909909,-0.10321804055634516
fine,23.05,-1.6377000378419602e-05,-1.6437146497205634e-05,-1.643058106107426e-05,-0.10389817074159817,-0.10393242090221498
fine,23.1,-1.5239143856465427e-05,-1.5311430167390796e-05,-1.5305187708656717e-05,-0.10408640892856193,-0.10414982768583098
fine,23.150000000000002,-1.3878047346351798e-05,-1.3961655286903682e-05,-1.3955751771242635e-05,-0.10378983127648855,-0.1038821273074749
fine,23.2,-1.231816698682672e-05,-1.2411950982457324e-05,-1.2406390222794964e-05,-0.103023928334709,-0.10314430624661187
fine,23.25,-1.0588552453799246e-05,-1.0690953175774723e-05,-1.068573137590831e-05,-0.1018077039333692,-0.1019546670923411
fine,23.3,-8.721987160002923e-06,-8.831140871747185e-06,-8.826251490335896e-06,-0.10016323038912274,-0.10033488310015055
fine,23.35,-6.753960187767226e-06,-6.867935451048634e-06,-6.86337385973652e-06,-0.0981151064578294,-0.09830965899124387
fine,23.400000000000002,-4.721662560241546e-06,-4.838597866424188e-06,-4.834365293538418e-06,-0.0956902056686525,-0.09590612158346731
fine,23.45,-2.6630804528160085e-06,-2.7811088979617614e-06,-2.7772152183111662e-06,-0.09291770668588957,-0.09315331826934267
fine,23.5,-6.160927985139166e-07,-7.331957568309999e-07,-7.296608279880328e-07,-0.08982902404195264,-0.09008206173066818
fine,23.55,1.3825270898190588e-06,1.268505514859732e-06,1.2716520853923192e-06,-0.08645737101434137,-0.08672497347835068
fine,23.6,3.2981462636465543e-06,3.1892791189496243e-06,3.191999709481841e-06,-0.08283713615525279,-0.08311636213218583
fine,23.650000000000002,5.09916165563656e-06,4.997211159745102e-06,4.999463151400261e-06,-0.07900346842968323,-0.07929174620665887
fine,23.7,6.757647561151379e-06,6.664036360095934e-06,6.665776088066651e-06,-0.07499217700492315,-0.0752871954136355
fine,23.75,8.249842887916183e-06,8.16579921724842e-06,8.166986422817714e-06,-0.07083963890784771,-0.07113883782347402
fine,23.8,9.556592508728594e-06,9.483250110939511e-06,9.483852427485609e-06,-0.0665824035980564,-0.06688269579304407
fine,23.85,1.0663721252281814e-05,1.0602026187078897e-05,1.0602023213120707e-05,-0.06225658512861792,-0.06255466602286892
fine,23.900000000000002,1.156221624252687e-05,1.1512736816118377e-05,1.151212338482728e-05,-0.057897409583429295,-0.058190308000579165
fine,23.95,1.2248155782883513e-05,1.2211012702426276e-05,1.2209801039738467e-05,-0.05353907832026309,-0.05382431888111881
fine,24.0,1.2722460549504892e-05,1.2697447912292062e-05,1.2695668491290861e-05,-0.04921469906336922,-0.04948993048124247
fine,24.05,1.2990581652369457e-05,1.2977324993447545e-05,1.2975026038397987e-05,-0.04495597170278136,-0.04521856392538843
fine,24.1,1.306214353023465e-05,1.3060123577421373e-05,1.3057369313734918e-05,-0.04079267253017716,-0.04103979749818937
fine,24.150000000000002,1.295046924620688e-05,1.2958933838210488e-05,1.2955801688527302e-05,-0.03675227223530164,-0.0369813678456577
fine,24.2,1.2671958377465571e-05,1.2689881226526488e-05,1.2686458216318079e-05,-0.03285985841188724,-0.033068921815400824
fine,24.25,1.224539498791385e-05,1.2271560296863183e-05,1.226793897616421e-05,-0.029138145883981614,-0.029325552904078244
fine,24.3,1.1691281823866456e-05,1.1724417595397826e-05,1.172069181121672e-05,-0.025607279832765877,-0.02577141889571549
fine,24.35,1.1031216721211249e-05,1.107006470170174e-05,1.1066325552245721e-05,-0.02228446650152301,-0.022423662843187062
fine,24.400000000000002,1.0287270687662834e-05,1.0330574889595122e-05,1.032690714508492e-05,-0.019183740328109832,-0.019296548235841104
fine,24.45,9.481359475198248e-06,9.527845490245596e-06,9.524324685386232e-06,-0.016316017351656713,-0.016401514369999946
fine,24.5,8.634661077157763e-06,8.683070681863111e-06,8.679760998136337e-06,-0.013689224560945679,-0.013746984113411364
fine,24.55,7.767136482265504e-06,7.81630253010415e-06,7.813255513866145e-06,-0.011308241125983515,-0.011338080485099282
fine,24.6,6.897156579733206e-06,6.9460535482803475e-06,6.94330765163993e-06,-0.009174706911555768,-0.0091765584267226
fine,24.650000000000002,6.041198432685669e-06,6.088940019809593e-06,6.086520891400263e-06,-0.0072869858024132515,-0.007261041725570513
fine,24.7,5.213598768209978e-06,5.259416736308442e-06,5.257338131744652e-06,-0.0056403901548483255,-0.005587326474900182
fine,24.75,4.426394873853558e-06,4.469638269353757e-06,4.467903416973533e-06,-0.004227448015948573,-0.004148481631580119
fine,24.8,3.6892732383098846e-06,3.729424468273834e-06,3.7280277223273987e-06,-0.0030379951241628453,-0.0029347790381265074
fine,24.85,3.009602238756423e-06,3.046285094288537e-06,3.04521372143001e-06,-0.0020591894658277586,-0.0019337342395455885
fine,24.900000000000002,2.392515423042847e-06,2.4254856339789606e-06,2.4247215970944172e-06,-0.0012757132134210835,-0.0011304388382689806
fine,24.95,1.8410400069273273e-06,1.8701655459904366e-06,1.8696871720455902e-06,-0.0006702087118433092,-0.0005080624786302858
fine,25.0,1.356277597434278e-06,1.3815188382185874e-06,1.3813022866946319e-06,-0.00022372197722843735,-4.82628568713512e-05
fine,25.05,9.376279509545856e-07,9.590249733157897e-07,9.590454562331907e-07,8.399988500252513e-05,0.0002685883469422358
fine,25.1,5.830342514028949e-07,6.007010208067062e-07,6.009337579073685e-07,0.00027421066816709635,0.00046318198517759414
fine,25.150000000000002,2.8923300229954927e-07,3.0335057140185406e-07,3.0377148921864e-07,0.0003686440288361936,0.0005568102059360188
fine,25.2,5.200157428897805e-08,6.280567276788652e-08,6.339187311428436e-08,0.00038880417710338396,0.0005706666412677457
fine,25.25,-1.3359748896324632e-07,-1.2583044136082309e-07,-1.2510040673184316e-07,0.00035530615425268566,0.0005251653608203509
fine,25.3,-2.7297959153921244e-07,-2.6794258344977264e-07,-2.670885884951452e-07,0.00028736090947850494,0.00043948173644424833
fine,25.35,-3.7182108125299906e-07,-3.691812320308216e-07,-3.682215578910658e-07,0.00020225013799794335,0.0003312148053757467
fine,25.400000000000002,-4.358708344394931e-07,-4.352713548594204e-07,-4.342227370376008e-07,0.00011467267009567983,0.00021592739951902573
fine,25.45,-4.707860073044674e-07,-4.718516628997055e-07,-4.7072937105128147e-07,3.611728102836769e-05,0.00010653486353141496
fine,25.5,-4.819879271123332e-07,-4.843375995286596e-07,-4.831555250458257e-07,-2.548308493703448e-05,1.2793808191834429e-05
fine,25.55,-4.7454418662101306e-07,-4.778054917719673e-07,-4.765762274147936e-07,-6.577148772517756e-05,-5.887353340544809e-05
fine,25.6,-4.530807301579528e-07,-4.569009767065216e-07,-4.5563588075642663e-07,-8.380731614357258e-05,-0.00010524789020424883
fine,25.650000000000002,-4.217194762989931e-07,-4.2577575313280676e-07,-4.2448499642389056e-07,-8.176697759702867e-05,-0.00012607297896674897
fine,25.7,-3.8403869070148235e-07,-3.8805177777378294e-07,-3.8674437589925594e-07,-6.434992789015154e-05,-0.00012379934686549776
fine,25.75,-3.4305670364331904e-07,-3.468064476928303e-07,-3.4549028369088727e-07,-3.780284329574261e-05,-0.00010318198022120572
fine,25.8,-3.0123729123875687e-07,-3.045733098978576e-07,-3.0325515461439845e-07,-8.749740758327488e-06,-7.05536633251286e-05
fine,25.85,-2.6051413687242315e-07,-2.6335834568671113e-07,-2.6204388279342263e-07,1.687459275005316e-05,-3.281613660990211e-05
fine,25.900000000000002,-2.2233143797704764e-07,-2.2467276900798813e-07,-2.2336662921526895e-07,3.465638884661041e-05,3.5595765931622444e-06
fine,25.95,-1.876948353367502e-07,-1.895787420965792e-07,-1.8828454813431486e-07,4.2309423045379975e-05,3.3264963710686135e-05
fine,26.0,-1.5722782792832666e-07,-1.5874214806829242e-07,-1.574625704628213e-07,3.9971751200517095e-05,5.2630021703957936e-05
fine,26.05,-1.3123218819353412e-07,-1.3248866390227467e-07,-1.3122548728573625e-07,2.999503351503798e-05,5.9985200357536994e-05
fine,26.1,-1.0974861507550853e-07,-1.1086125279989405e-07,-1.0961545182568784e-07,1.6178990651339495e-05,5.5869054802830266e-05
fine,26.150000000000002,-9.26118164196761e-08,-9.367733732177202e-08,-9.244916005625139e-08,2.699964404345646e-06,4.285254348393096e-05
fine,26.2,-7.949872505186041e-08,-8.058390769880656e-08,-7.937296406799754e-08,-6.917289035400937e-06,2.4876657966673787e-05
fine,26.25,-6.997148885165289e-08,-7.110854873466085e-08,-6.99139026357912e-08,-1.058012151603043e-05,6.308699664525342e-06
fine,26.3,-6.351480678906558e-08,-6.4704197783899e-08,-6.352446245669281e-08,-8.069949212557417e-06,-8.948546109108374e-06
fine,26.35,-5.9567377118357546e-08,-6.078696606198739e-08,-5.962040211904568e-08,-1.0151689402029356e-06,-1.8106469767025226e-05
fine,26.400000000000002,-5.754986618639776e-08,-5.8768219939946176e-08,-5.761283437079505e-08,7.709250387097473e-06,-1.9903919412377058e-05
fine,26.45,-5.689172602159131e-08,-5.808182674197077e-08,-5.6935470142428614e-08,1.5008642873129067e-05,-1.4807897078216504e-05
fine,26.5,-5.705738372791648e-08,-5.8206445824053305e-08,-5.70669045598939e-08,1.8611721143679513e-05,-4.900532632479392e-06
fine,26.55,-5.757138171999095e-08,-5.868340277127181e-08,-5.754848264246543e-08,1.7733245623313722e-05,6.680905948536411e-06
fine,26.6,-5.80410947995446e-08,-5.913169787261224e-08,-5.799929587318185e-08,1.31971142448646e-05,1.6667504802516843e-05
fine,26.650000000000002,-5.817478326650754e-08,-5.926110673121251e-08,-5.812926795391547e-08,7.0494639815587145e-06,2.2581529122302836e-05
fine,26.7,-5.779264089375157e-08,-5.888300715898723e-08,-5.7749965176259625e-08,1.7655880666172649e-06,2.3293913845020776e-05
fine,26.75,-5.682930063874729e-08,-5.7917786324556755e-08,-5.678198714220518e-08,-7.26795504518238e-07,1.9140270707733756e-05
fine,26.8,-5.532820831301154e-08,-5.639740504555836e-08,-5.5257516103735154e-08,1.857212028568008e-07,1.1725696340835308e-05
fine,26.85,-5.3430403281487057e-08,-5.44618746830565e-08,-5.331678108724323e-08,3.6273180627263787e-06,3.4824077686350152e-06
fine,26.900000000000002,-5.1360887594683614e-08,-5.2348923427420633e-08,-5.119771396062004e-08,7.728236870378161e-06,-3.03566837588247e-06
fine,26.95,-4.941528292567833e-08,-5.0376756716350014e-08,-4.9218702270317783e-08,1.0508540168829993e-05,-5.98706729278043e-06
fine,27.0,-4.794813969925453e-08,-4.8921260209706434e-08,-4.77557868933341e-08,1.0732859269680958e-05,-4.862189930212961e-06
fine,27.05,-4.7361403411120897e-08,-4.839122329961222e-08,-4.7217881865930734e-08,8.40382309163704e-06,-5.790889445112786e-07
fine,27.1,-4.8089062867932904e-08,-4.9205764125631406e-08,-4.802419698943979e-08,4.707569297807869e-06,4.967765275543988e-06
fine,27.150000000000002,-5.057506187114103e-08,-5.1775960599906314e-08,-5.0585867786335725e-08,1.4052192447964128e-06,9.648178998992982e-06
fine,27.2,-5.524513052843588e-08,-5.649027078473452e-08,-5.5291376517187143e-08,-7.161290027403581e-08,1.180471775697156e-05
fine,27.25,-6.247626097571722e-08,-6.370245313474368e-08,-6.249447508446697e-08,6.553314672698486e-07,1.0741214996946937e-05
fine,27.3,-7.256964552156828e-08,-7.371990286260091e-08,-7.2502525979078e-08,2.7788557741699907e-06,6.928508289927203e-06
fine,27.35,-8.573333173967684e-08,-8.67890832432928e-08,-8.556193970187168e-08,4.817014644950129e-06,1.8525087815218386e-06
fine,27.400000000000002,-1.0207683164068712e-07,-1.0307526472123012e-07,-1.0183792128147465e-07,5.444082021167634e-06,-2.559168342046574e-06
fine,27.45,-1.2161293388157833e-07,-1.2263728217983246e-07,-1.2138923586016874e-07,4.185377290697178e-06,-4.766876819186356e-06
fine,27.5,-1.4425797375941758e-07,-1.4540276323715362e-07,-1.4414344502813713e-07,1.6300445823705968e-06,-4.275504393316472e-06
fine,27.55,-1.6982355359141317e-07,-1.7115200755180998e-07,-1.6988079239594213e-07,-9.426954923396863e-07,-1.756496110200541e-06
fine,27.6,-1.97999083590083e-07,-1.9951650497139994e-07,-1.9823272568883134e-07,-2.330231966304023e-06,1.3538211047758876e-06
fine,27.650000000000002,-2.2833348363741933e-07,-2.2999178108672732e-07,-2.2869474445049095e-07,-2.1237113219995946e-06,3.496165108215496e-06
fine,27.7,-2.6022918687912926e-07,-2.6195902700423973e-07,-2.6064803086179985e-07,-9.237354143283903e-07,3.599683869393692e-06
fine,27.75,-2.9295589922826055e-07,-2.947087778900811e-07,-2.933831288227855e-07,8.516205275798588e-08,1.4926614619154277e-06
fine,27.8,-3.256806998519913e-07,-3.2746010531130923e-07,-3.2611913706868527e-07,-9.011110638287994e-08,-2.025783623972823e-06
fine,27.85,-3.575042890345075e-07,-3.5936937133146243e-07,-3.5801246479354637e-07,-1.6377977964488795e-06,-5.537052668028025e-06
fine,27.900000000000002,-3.8748979439007406e-07,-3.895275845901473e-07,-3.8815418975861175e-07,-3.869009908612626e-06,-7.682004755487432e-06
fine,27.95,-4.1467217625798093e-07,-4.169548889937613e-07,-4.1556454861741055e-07,-5.707885755930603e-06,-7.844213283707266e-06
fine,28.0,-4.380512607328527e-07,-4.4060657046377963e-07,-4.3919894376970365e-07,-6.415936296520071e-06,-6.439165798700255e-06
fine,28.05,-4.565905765711413e-07,-4.594004927363413e-07,-4.5797537698613734e-07,-6.073630201529848e-06,-4.6307963274262775e-06
fine,28.1,-4.692424029780693e-07,-4.722638807586985e-07,-4.708212289855519e-07,-5.492894625443575e-06,-3.682518110839451e-06
fine,28.150000000000002,-4.749962966733057e-07,-4.781866518455684e-07,-4.7672658714047926e-07,-5.620921496296421e-06,-4.348625794310372e-06
fine,28.2,-4.7293166660120895e-07,-4.762658977591826e-07,-4.747887261029045e-07,-6.863630143617333e-06,-6.574997373473136e-06
fine,28.25,-4.622570790842221e-07,-4.657314186987371e-07,-4.642376423919359e-07,-8.819619818334337e-06,-9.5591768882072e-06
fine,28.3,-4.423258377346405e-07,-4.4595013430713203e-07,-4.4444046735925534e-07,-1.0609754010466926e-05,-1.2138486978500739e-05
fine,28.35,-4.1262614013262597e-07,-4.1641534298229263e-07,-4.1489072904419593e-07,-1.154519116221353e-05,-1.3394836301491018e-05
fine,28.400000000000002,-3.727648210924023e-07,-3.767356983793333e-07,-3.75197330424673e-07,-1.1630514402601251e-05,-1.317751551123104e-05
fine,28.45,-3.224771855237512e-07,-3.2664245256598706e-07,-3.2509179203058895e-07,-1.1528439170874397e-05,-1.2188347685005678e-05
fine,28.5,-2.616712294507229e-07,-2.660228439966261e-07,-2.6446163707255995e-07,-1.202437142427149e-05,-1.1543185080130373e-05
fine,28.55,-1.9047544869602833e-07,-1.9496722464287296e-07,-1.933975148243706e-07,-1.341523041088804e-05,-1.2101131185694182e-05
fine,28.6,-1.092561501454175e-07,-1.1380540236224919e-07,-1.1222953948717893e-07,-1.5301810281387537e-05,-1.3992408992634764e-05
fine,28.650000000000002,-1.8598809739222212e-08,-2.3113154943177565e-08,-2.1533801206867507e-08,-1.6936276462658845e-05,-1.6605075618529865e-05
fine,28.7,8.073065028613757e-08,7.631376185907267e-08,7.78936288492292e-08,-1.7832442381097518e-05,-1.8984640172729304e-05
fine,28.75,1.8781987778386705e-07,1.8350456668571657e-07,1.8508165488170474e-07,-1.8145635327790414e-05,-2.037845483293002e-05
fine,28.8,3.016154399656968e-07,2.973554641385832e-07,2.9892617438522866e-07,-1.8522172824200883e-05,-2.0635621236999365e-05
fine,28.85,4.2090042070557056e-07,4.1665024592353993e-07,4.182106879908117e-07,-1.954781106664642e-05,-2.028448977411054e-05
fine,28.900000000000002,5.44276826276579e-07,5.400543656194998e-07,5.416003841949139e-07,-2.1256671447933242e-05,-2.0233714781537176e-05
fine,28.95,6.701839454915934e-07,6.660945089048233e-07,6.676217201798716e-07,-2.3120982652171234e-05,-2.1210703500050818e-05
fine,29.0,7.969537920016086e-07,7.931488611391478e-07,7.946527003085423e-07,-2.4530268119850866e-05,-2.327690921009677e-05
fine,29.05,9.228779222366392e-07,9.194717850176992e-07,9.209475639224628e-07,-2.5328770796723868e-05,-2.5795667260317776e-05
fine,29.1,1.046248862907915e-06,1.0432552081365942e-06,1.0446981812924917e-06,-2.5928646115852152e-05,-2.7893403540291357e-05
fine,29.150000000000002,1.1653586191156977e-06,1.1627025639694377e-06,1.1641080015417997e-06,-2.691583437157056e-05,-2.904819569058883e-05
fine,29.2,1.2784836477126702e-06,1.2760836601976833e-06,1.2774469269547832e-06,-2.852589469253957e-05,-2.9388467729790128e-05
fine,29.25,1.3839029728952545e-06,1.381754824976063e-06,1.3830714637607725e-06,-3.0456693600594857e-05,-2.9560715383254078e-05
fine,29.3,1.4799553581582692e-06,1.4781518030082214e-06,1.4794176208738946e-06,-3.2161834019833006e-05,-3.0300576841695305e-05
fine,29.35,1.5651030754267882e-06,1.563778540495544e-06,1.5649896956913208e-06,-3.335081191630234e-05,-3.1970728217506804e-05
fine,29.400000000000002,1.6379747317196777e-06,1.6372171450331196e-06,1.6383702322574255e-06,-3.4249834543226087e-05,-3.433706366647552e-05
fine,29.45,1.6973766445094347e-06,1.697170636847526e-06,1.6982627671588928e-06,-3.538188404004731e-05,-3.672893929299469e-05
fine,29.5,1.7422784500656474e-06,1.7425267176192474e-06,1.7435555896720746e-06,-3.706181196288703e-05,-3.8495404804462516e-05
fine,29.55,1.7718054039682225e-06,1.7724133642097177e-06,1.7733773242316283e-06,-3.909463966741704e-05,-3.9464179231587525e-05
fine,29.6,1.785270575671377e-06,1.7862193221163238e-06,1.7871174102874297e-06,-4.098444384119586e-05,-4.0072370409952804e-05
fine,29.650000000000002,1.7822306637043477e-06,1.783575466974238e-06,1.784407448970014e-06,-4.243846190338177e-05,-4.1039993110342685e-05
fine,29.7,1.7625148768041962e-06,1.764320693537376e-06,1.7650870776698689e-06,-4.3643842062284323e-05,-4.2821900404289196e-05
fine,29.75,1.7262078219661887e-06,1.728484603332419e-06,1.7291866433337945e-06,-4.505191732264196e-05,-4.528461897279346e-05
fine,29.8,1.6736148304607338e-06,1.6763013440002555e-06,1.6769410259006654e-06,-4.692210805259156e-05,-4.7850039867413953e-05
fine,29.85,1.605244350848098e-06,1.6082426694559572e-06,1.6088226816434286e-06,-4.908614322688888e-05,-4.9938077773105334e-05
fine,29.900000000000002,1.5218165743599847e-06,1.5250437644724933e-06,1.5255674521386817e-06,-5.1135480547109955e-05,-5.135916015188177e-05
fine,29.95,1.42428154935999e-06,1.4276982076942058e-06,1.428169513643137e-06,-5.283017734884714e-05,-5.2422812040650644e-05
fine,30.0,1.313818650685722e-06,1.3174173572102368e-06,1.3178407512362722e-06,-5.4336574979426175e-05,-5.371376987401237e-05
fine,30.05,1.1918023249335238e-06,1.1955744084073785e-06,1.1959548082528428e-06,-5.6056688099461504e-05,-5.566569226949314e-05
fine,30.1,1.0597507814676372e-06,1.0636627521869631e-06,1.0640054388047964e-06,-5.82052776145168e-05,-5.822974350923273e-05
fine,30.150000000000002,9.192906144743685e-07,9.232830705059902e-07,9.235935991926479e-07,-6.057815114534998e-05,-6.091463931010012e-05
fine,30.2,7.72149420399921e-07,7.761497694182686e-07,7.76433878729529e-07,-6.278192128416196e-05,-6.318336792418775e-05
fine,30.25,6.201540646187718e-07,6.240920820411811e-07,6.243556034292716e-07,-6.46748801298844e-05,-6.488497376594175e-05
fine,30.3,4.6520599439230855e-07,4.690266511984271e-07,4.6927542183507124e-07,-6.651138669633572e-05,-6.636872824585159e-05
fine,30.35,3.092324245637264e-07,3.129007549006286e-07,3.1314053532782625e-07,-6.863778877582452e-05,-6.818736759052139e-05
fine,30.400000000000002,1.5413684077656886e-07,1.5763208715414376e-07,1.5786848545737178e-07,-7.11133982655815e-05,-7.063891319671433e-05
fine,30.45,1.7685899793815273e-09,5.071260168420583e-09,5.309663941340334e-09,-7.36753661076262e-05,-7.353872055020982e-05
fine,30.5,-1.460881078959594e-07,-1.430107300793099e-07,-1.427652135454997e-07,-7.60422949736499e-05,-7.639860753192773e-05
fine,30.55,-2.877228220689037e-07,-2.849242010167431e-07,-2.846667955814297e-07,-7.820843855130372e-05,-7.882621055962443e-05
fine,30.6,-4.2152625802616815e-07,-4.1906785594140074e-07,-4.1879415750041293e-07,-8.043826249738977e-05,-8.081647944326746e-05
fine,30.650000000000002,-5.460344813676077e-07,-5.439554423542192e-07,-5.43661450261151e-07,-8.298005303302175e-05,-8.274484368557243e-05
fine,30.7,-6.599607270283374e-07,-6.58261011252845e-07,-6.579431522226005e-07,-8.57909177616685e-05,-8.507698170788452e-05
fine,30.75,-7.621990333098326e-07,-7.608583783730888e-07,-7.60513524215758e-07,-8.857919652604775e-05,-8.799129982282502e-05
fine,30.8,-8.51821767267029e-07,-8.508330997653279e-07,-8.504585789619136e-07,-9.11450769356237e-05,-9.122141817861584e-05
fine,30.85,-9.280915233754226e-07,-9.274732606060818e-07,-9.270668633247309e-07,-9.362560411365722e-05,-9.428789877777318e-05
fine,30.900000000000002,-9.904772750945324e-07,-9.902582510285223e-07,-9.898182275658589e-07,-9.632657879116338e-05,-9.692312895344834e-05
fine,30.95,-1.038662405697792e-06,-1.0388566138565868e-06,-1.038381667489302e-06,-9.934432768970088e-05,-9.929417831622855e-05
fine,31.0,-1.0725459050092577e-06,-1.0731366285345028e-06,-1.0726259049909445e-06,-0.00010246218491727794,-0.00010183433501246567
fine,31.05,-1.0922339317454335e-06,-1.0931822411580915e-06,-1.0926353167480929e-06,-0.00010543676307732097,-0.00010485644100843635
fine,31.1,-1.0980224406188111e-06,-1.099294117120693e-06,-1.0987109855390627e-06,-0.00010828679432473081,-0.000108290440435893
fine,31.150000000000002,-1.0903864987840161e-06,-1.0919677478807411e-06,-1.0913488040250407e-06,-0.0001112427684881962,-0.00011176532665277643
fine,31.2,-1.0699789630097762e-06,-1.0718653818270848e-06,-1.0712114013460534e-06,-0.0001144667665074966,-0.00011495215141781215
fine,31.25,-1.037619414175789e-06,-1.039796073462569e-06,-1.039108188243559e-06,-0.00011788201365623032,-0.00011785079687188131
fine,31.3,-9.942680037836144e-07,-9.967012334355323e-07,-9.959809043661421e-07,-0.00012127367634668074,-0.00012077221669045379
fine,31.35,-9.409989773232091e-07,-9.436432778932684e-07,-9.428922663707076e-07,-0.00012453577835934773,-0.00012405812473676765
fine,31.400000000000002,-8.789807750265447e-07,-8.817949005733515e-07,-8.810152390123754e-07,-0.0001278006915072304,-0.00012778543868407718
fine,31.45,-8.09460033818917e-07,-8.124165411538532e-07,-8.116105009108544e-07,-0.00013128932711154118,-0.00013169400650738324
fine,31.5,-7.3374349406219e-07,-7.36819953760431e-07,-7.359900086475034e-07,-0.0001350330224711967,-0.0001354141127221956
fine,31.55,-6.531694254515385e-07,-6.5633674517453e-07,-6.554855306662278e-07,-0.00013882381199616312,-0.00013881629030094945
fine,31.6,-5.690765669906503e-07,-5.723013913148732e-07,-5.714316613503641e-07,-0.00014248917616226962,-0.00014214474103751824
fine,31.650000000000002,-4.827881727640117e-07,-4.860370737548148e-07,-4.851516569976934e-07,-0.0001461268252392854,-0.00014578079561316625
fine,31.7,-3.9560013079819786e-07,-3.988375389560983e-07,-3.9793929527530764e-07,-0.0001499659177908354,-0.00014987620053831245
fine,31.75,-3.087535475286665e-07,-3.1194790729650946e-07,-3.1103968425961166e-07,-0.00015405574750127136,-0.0001542241140451571
fine,31.8,-2.2341007659048864e-07,-2.265424014988702e-07,-2.2562699042200016e-07,-0.00015822047826953537,-0.00015846817497686667
fine,31.85,-1.4064633941864724e-07,-1.4370120369570405e-07,-1.4278129572535862e-07,-0.00016231112422841282,-0.00016243303973065992
fine,31.900000000000002,-6.144322303492926e-08,-6.439778886001228e-08,-6.347593299351972e-08,-0.0001663859425436629,-0.0001662790788368103
fine,31.95,1.333677426560157e-08,1.0504532620174355e-08,1.1425967371028415e-08,-0.00017061176730722688,-0.00017034601606684413
fine,32.0,8.295600325727373e-08,8.025968960136682e-08,8.117854675789186e-08,-0.0001750580798057088,-0.00017483093837768519
fine,32.05,1.4679655595434746e-07,1.4424857506421897e-07,1.4516293786374692e-07,-0.00017962824010047955,-0.00017961082483904846
fine,32.1,2.0437082759700098e-07,2.0198282837778382e-07,2.0289104179449123e-07,-0.0001841792505991561,-0.00018437408612376985
fine,32.15,2.5533195622130096e-07,2.53106068665626e-07,2.5400675609689625e-07,-0.00018869698138952327,-0.00018891874519094183
fine,32.2,2.9946144648482595e-07,2.973953798252798e-07,2.982874536541396e-07,-0.00019332644874590156,-0.00019333712157386748
fine,32.25,3.3665807080305e-07,3.3475588992505085e-07,3.3563855503987355e-07,-0.00019818897560297175,-0.00019792506520883185
fine,32.3,3.669444020673005e-07,3.652099538840041e-07,3.6608270399482026e-07,-0.00020320668326081744,-0.00020289281454716416
fine,32.35,3.9046413236648243e-07,3.888906558614752e-07,3.8975326337725877e-07,-0.00020820337891605482,-0.00020815259445381904
fine,32.4,4.074603982843934e-07,4.060366175908888e-07,4.068891180856673e-07,-0.0002131631107862601,-0.0002134145661160361
fine,32.45,4.182608342717324e-07,4.1697985464683525e-07,4.178225266882708e-07,-0.00021825602127241225,-0.00021849644784593787
fine,32.5,4.23275174649228e-07,4.221309328960284e-07,4.2296427375616104e-07,-0.0002235836060397578,-0.00022350398447586894
fine,32.55,4.2298519033262626e-07,4.2196679617883093e-07,4.227914939226478e-07,-0.00022903770673982313,-0.00022870122435293404
fine,32.6,4.179240466087341e-07,4.1701760685889766e-07,4.178345095628512e-07,-0.0002344765911322493,-0.00023423709836583784
fine,32.65,4.086599160695522e-07,4.078522193271566e-07,4.08662302565202e-07,-0.00023992514183360524,-0.00024000769366181325
fine,32.7,3.9578678779875193e-07,3.9506589890610254e-07,3.9587023280475627e-07,-0.0002455143174286257,-0.00024577044212296744
fine,32.75,3.799130507353063e-07,3.792672800623106e-07,3.8006699699617263e-07,-0.00025129557253692673,-0.0002513944147069508
fine,32.8,3.6164544756308534e-07,3.610626427201368e-07,3.618589062964323e-07,-0.0002571944391613629,-0.0002569972015242005
fine,32.85,3.4157586904781847e-07,3.4104360141863156e-07,3.4183757716090216e-07,-0.0002631182412886964,-0.000262817445751124
fine,32.9,3.202733494997881e-07,3.1977927468800297e-07,3.2057210294367106e-07,-0.000269065193990401,-0.0002689582201631599
fine,32.95,2.98274410609817e-07,2.9780667373894195e-07,2.985994455216111e-07,-0.00027512729857573045,-0.0002752828865820673
fine,33.0,2.7607122695869334e-07,2.756199943132261e-07,2.7641373067499786e-07,-0.00028137813720662176,-0.00028156490553236853
fine,33.05,2.5410604039771794e-07,2.5366410589741587e-07,2.544597410620049e-07,-0.0002877633865856927,-0.0002877249281114751
fine,33.1,2.3277028249832846e-07,2.3233036592946968e-07,2.3312873411747128e-07,-0.0002941630526894055,-0.00029391621656218975
fine,33.15,2.1239850661919898e-07,2.1195186081618373e-07,2.1275368659865552e-07,-0.00030057328605440423,-0.0003003658595663902
fine,33.2,1.9326131152546874e-07,1.9280120105175813e-07,1.9360709311634385e-07,-0.00030712462659412005,-0.0003071244825115828
fine,33.25,1.7556803114849664e-07,1.7509158702953996e-07,1.759020352885357e-07,-0.0003138775050942769,-0.0003140039574425841
fine,33.3,1.5947268434348553e-07,1.5897741462968236e-07,1.5979279050519897e-07,-0.0003207217791289356,-0.0003207885838948313
fine,33.35,1.4507272302315944e-07,1.4455495706150202e-07,1.4537551659227443e-07,-0.0003275555312292475,-0.0003274744212563905
fine,33.4,1.3240832536783453e-07,1.3186617060719163e-07,1.3269205989943955e-07,-0.00033444399436902844,-0.00033426307053981055
fine,33.45,1.2147044983802028e-07,1.2090427514579232e-07,1.217355376958252e-07,-0.0003415001945137572,-0.0003413373707676996
fine,33.5,1.1220927424617447e-07,1.1161910221767202e-07,1.124556877221756e-07,-0.0003487066817694073,-0.0003486700823827783
fine,33.55,1.0453740599656156e-07,1.039232053223565e-07,1.0476497968220883e-07,-0.00035596300068266773,-0.0003560533289516684
fine,33.6,9.833517141836701e-08,9.769870152485497e-08,9.854545772981524e-08,-0.0003632412638355263,-0.0003633180132806967
fine,33.65,9.346007176680227e-08,9.280372549605161e-08,9.36551949729347e-08,-0.00037060195057018823,-0.0003705196461421698
fine,33.7,8.975413977540395e-08,8.90794483447697e-08,8.993531233967159e-08,-0.000378094804007881,-0.0003778777461400967
fine,33.75,8.704922361754465e-08,8.635797185485397e-08,8.72178725402329e-08,-0.00038570353706456685,-0.0003855264946599241
fine,33.8,8.517420718963386e-08,8.446912722451533e-08,8.533267832057902e-08,-0.00039336990016203884,-0.00039336571338181777
fine,33.85,8.396240907081293e-08,8.324597664334506e-08,8.411277335254023e-08,-0.00040105807973347946,-0.000401176796933443
fine,33.9,8.325658207219838e-08,8.253059843591186e-08,8.340022647824428e-08,-0.0004088068601260583,-0.0004088595109676357
fine,33.95,8.291323285421324e-08,8.217961147932864e-08,8.305165503168401e-08,-0.0004166843597185668,-0.00041653430141244224
fine,34.0,8.2807245463588e-08,8.20680641521315e-08,8.294211254141139e-08,-0.00042467336901187203,-0.00042440793495821677
fine,34.05,8.283535449907285e-08,8.209226251041925e-08,8.296791557450564e-08,-0.00043267788504283597,-0.00043253977345217607
fine,34.1,8.291796665044314e-08,8.217214329955296e-08,8.304901537316408e-08,-0.000440676788192177,-0.0004407676654791142
fine,34.15,8.3000073871088e-08,8.225254040493378e-08,8.313026290251305e-08,-0.000448763519047905,-0.0004488922910282558
fine,34.2,8.305158076310551e-08,8.230320953079008e-08,8.318143212076895e-08,-0.0004569802094534273,-0.00045690395645852874
fine,34.25,8.306661672934364e-08,8.231800947259008e-08,8.319639987499583e-08,-0.0004652364129339814,-0.00046497900181750423
fine,34.300000000000004,8.306156770480531e-08,8.231313850090303e-08,8.319138098015939e-08,-0.0004734626854590761,-0.0004732667338815973
fine,34.35,8.307245113885132e-08,8.232448329468984e-08,8.32022759599017e-08,-0.0004817192056078083,-0.0004817237944142046
fine,34.4,8.315175353434109e-08,8.240437355211744e-08,8.32814246074498e-08,-0.0004900724525311451,-0.0004901655664263424
fine,34.45,8.336418857719346e-08,8.261761879063884e-08,8.34936418960187e-08,-0.0004984789296811467,-0.0004984674139096481
fine,34.5,8.378222061169103e-08,8.303692587956556e-08,8.391163481307115e-08,-0.0005068686466971795,-0.0005067003417673175
fine,34.550000000000004,8.448187139718815e-08,8.373814581652653e-08,8.461124867269585e-08,-0.0005152483255450699,-0.0005150426379854083
fine,34.6,8.553741126759452e-08,8.479538458442377e-08,8.566657776259098e-08,-0.0005236589854454407,-0.0005235609413781974
fine,34.65,8.701571385885269e-08,8.627611364790819e-08,8.714507588585176e-08,-0.0005321035944290066,-0.0005321285309564061
fine,34.7,8.897239138160502e-08,8.823659445759701e-08,8.910298117434528e-08,-0.0005405538588424925,-0.0005405778364273134
fine,34.75,9.144774725934306e-08,9.07171831654459e-08,9.158062138475771e-08,-0.0005489795624705389,-0.000548887231339761
fine,34.800000000000004,9.446130076818395e-08,9.37376147078815e-08,9.459769883320924e-08,-0.0005573677654061569,-0.0005571861556253335
fine,34.85,9.800851375135018e-08,9.729375966694833e-08,9.815004837451332e-08,-0.0005657416452305674,-0.0005655945302442565
fine,34.9,1.020596577762711e-07,1.0135586678485104e-07,1.0220788127125669e-07,-0.0005741264335469733,-0.0005740796431635231
fine,34.95,1.0655684759589199e-07,1.0586648461699504e-07,1.0671370838087624e-07,-0.0005824841737330449,-0.0005824861647718247
fine,35.0,1.1141154278763226e-07,1.1073836111665824e-07,1.1158024141760005e-07,-0.0005907523735574174,-0.0005907130815236253
fine,35.050000000000004,1.1650609392703467e-07,1.1585417909106802e-07,1.1669013020731756e-07,-0.0005989479992886435,-0.0005988273684337458
fine,35.1,1.2169548411815081e-07,1.2106781122884867e-07,1.2189721957690455e-07,-0.0006071320472985096,-0.0006069658742660354
fine,35.15,1.2680709631829654e-07,1.2620621246102348e-07,1.270284435643929e-07,-0.0006152786260289699,-0.0006151546883291298
fine,35.2,1.316428554769693e-07,1.3107251054781763e-07,1.3188691778144934e-07,-0.0006233026557384272,-0.0006232775603475097
fine,35.25,1.359845990084463e-07,1.3544966460273182e-07,1.36255599566526e-07,-0.0006312037350077065,-0.0006312133734300723
fine,35.300000000000004,1.3959900170401142e-07,1.3910367741552955e-07,1.3990050172249136e-07,-0.0006390474100074472,-0.0006389644597109024
fine,35.35,1.422414025753477e-07,1.41788230229023e-07,1.4257532846982548e-07,-0.0006468226656544207,-0.0006466372209620088
fine,35.4,1.4366070517047477e-07,1.4325183259138728e-07,1.4402862619101643e-07,-0.0006544532156164871,-0.0006543027878639203
fine,35.45,1.436066586408836e-07,1.4324478667028952e-07,1.4401074825422033e-07,-0.0006619257064144326,-0.0006618971281739447
fine,35.5,1.418376748381535e-07,1.4152481034502968e-07,1.422794781939469e-07,-0.0006692826551885306,-0.0006692901387121096
fine,35.550000000000004,1.3812599014216333e-07,1.3786321262348467e-07,1.3860620483504967e-07,-0.0006765191260865324,-0.000676441198217033
fine,35.6,1.3226300624851242e-07,1.320515544863373e-07,1.3278258245748892e-07,-0.0006835895140796222,-0.0006834316749563103
fine,35.65,1.240685991573204e-07,1.2390804696874397e-07,1.2462692776592647e-07,-0.0006904786279244113,-0.0006903391343762069
fine,35.7,1.1339817208857288e-07,1.1328492500231731e-07,1.1399159220567751e-07,-0.0006971916976679482,-0.0006971324817358976
fine,35.75,1.0014422144588842e-07,1.0007538212229395e-07,1.0076989479814145e-07,-0.0007037196154433073,-0.0007037088952374296
fine,35.800000000000004,8.424219978033955e-08,8.421696423182271e-08,8.489951374044047e-08,-0.0007100545815265182,-0.0007100056398891637
fine,35.85,6.568005491005331e-08,6.56940340110335e-08,6.636494840520292e-08,-0.0007161878693209768,-0.0007160585599873027
fine,35.9,4.449844874237335e-08,4.4542964737736685e-08,4.520271056045032e-08,-0.0007220878322530982,-0.0007219452543146342
fine,35.95,2.0787965453639562e-08,2.0856514571519874e-08,2.150569591499865e-08,-0.0007277369823848857,-0.0007276725957876428
fine,36.0,-5.3036017893577245e-09,-5.216096056076272e-09,-4.576741279347205e-09,-0.0007331594182212137,-0.0007331520853078703
fine,36.050000000000004,-3.356712685149875e-08,-3.347027680579011e-08,-3.2839883315586563e-08,-0.0007383536661323018,-0.0007383048533135097
fine,36.1,-6.374151135515684e-08,-6.364658908969712e-08,-6.302417328656164e-08,-0.0007432624426800064,-0.0007431502581543353
fine,36.15,-9.551763648405062e-08,-9.5432891487088e-08,-9.48173629536069e-08,-0.0007478634059482448,-0.000747757628135933
fine,36.2,-1.2853244686882055e-07,-1.2846764529432867e-07,-1.2785782055028418e-07,-0.0007521986389142109,-0.000752141139259223
fine,36.25,-1.6237484069158297e-07,-1.6234358761456277e-07,-1.6173820583228557e-07,-0.0007562682534178938,-0.000756235409315889
fine,36.300000000000004,-1.9660048145840274e-07,-1.9661405955953685e-07,-1.9601179989839973e-07,-0.0007600059112127554,-0.0007599666874555752
fine,36.35,-2.3073431247514536e-07,-2.3080112681358987e-07,-2.3020062703103937e-07,-0.0007633924232558672,-0.0007633312181461304
fine,36.4,-2.642705260314361e-07,-2.6440226391854335e-07,-2.6380213990396637e-07,-0.0007664713394798956,-0.0007663879258269712
fine,36.45,-2.966874893903852e-07,-2.9689755549426743e-07,-2.9629642137737474e-07,-0.0007692368914437884,-0.000769165453101144
fine,36.5,-3.274619399575259e-07,-3.2775961646471637e-07,-3.271561049694386e-07,-0.0007716305678651548,-0.0007716073380567959
fine,36.550000000000004,-3.560701551595058e-07,-3.564630887124479e-07,-3.558558713924271e-07,-0.0007736435371179836,-0.0007736405921078485
fine,36.6,-3.819950777347207e-07,-3.824931955524775e-07,-3.818810025330472e-07,-0.0007753061844876456,-0.0007752645195741451
fine,36.65,-4.0474467021962893e-07,-4.053563959355433e-07,-4.04738034893509e-07,-0.0007766026796977849,-0.000776529007676415
fine,36.7,-4.238607130697896e-07,-4.245907229860014e-07,-4.2396509716046383e-07,-0.0007774955714796706,-0.000777451130259039
fine,36.75,-4.3891937518069396e-07,-4.3977284096432335e-07,-4.3913896592602677e-07,-0.0007779885040642239,-0.0007779906775982748
fine,36.800000000000004,-4.495436960806311e-07,-4.5052608402376873e-07,-4.4988310294436797e-07,-0.0007780892940326307,-0.0007780956049631825
fine,36.85,-4.5541913926715423e-07,-4.5653099506469e-07,-4.558781923264718e-07,-0.0007777740756326093,-0.0007777537267779682
fine,36.9,-4.562935447107974e-07,-4.5753254428006516e-07,-4.5686935725858316e-07,-0.000777033240186356,-0.0007769990526405956
fine,36.95,-4.519769979575809e-07,-4.5334356698454856e-07,-4.5266959582970816e-07,-0.0007758785976062555,-0.0007758595136655374
fine,37.0,-4.423566116508745e-07,-4.438498515663488e-07,-4.4316486689453585e-07,-0.000774293354190922,-0.0007743069595795408
fine,37.050000000000004,-4.274039154441815e-07,-4.2901586878175816e-07,-4.2831981716167634e-07,-0.0007722534179578557,-0.0007722878284524231
fine,37.1,-4.0716505565198034e-07,-4.0888670294715256e-07,-4.081797099829033e-07,-0.0007697758873598405,-0.0007697931302150063
fine,37.15,-3.8176109662495023e-07,-3.835875545480723e-07,-3.828699254760533e-07,-0.0007668720054430203,-0.0007668598536251557
fine,37.2,-3.514005628786232e-07,-3.5332332286002243e-07,-3.5259554065942234e-07,-0.0007635062660942712,-0.0007635097600331783
fine,37.25,-3.163742696318418e-07,-3.183773091279517e-07,-3.176400300445563e-07,-0.0007596645220275142,-0.0007597191193905217
fine,37.300000000000004,-2.770389354581761e-07,-2.7910832391396133e-07,-2.7836237031279257e-07,-0.0007553818733741939,-0.0007554486505785949
fine,37.35,-2.338192636409077e-07,-2.3594574259970664e-07,-2.3519209316529191e-07,-0.0007506601664417502,-0.0007506898189298804
fine,37.4,-1.872131387753047e-07,-1.893820575741838e-07,-1.8862183484301278e-07,-0.000745457533377499,-0.0007454756499303122
fine,37.45,-1.377745111436964e-07,-1.3996562423986828e-07,-1.3920007952629068e-07,-0.0007397774796818667,-0.000739834732746411
fine,37.5,-8.609718210634878e-08,-8.829473806946782e-08,-8.752523403187651e-08,-0.0007336593935793412,-0.0007337449454728869
fine,37.550000000000004,-3.281748396616041e-08,-3.500849819308911e-08,-3.4236489171893435e-08,-0.0007270914513358964,-0.0007271658092533864
fine,37.6,2.139237686160701e-08,1.9226100027015042e-08,1.99990898601926e-08,-0.000720040542264836,-0.0007201040867365013
fine,37.65,7.584725207265594e-08,7.372447485138113e-08,7.449687513192082e-08,-0.000712529046157106,-0.0007126018236412378
fine,37.7,1.2985773650830317e-07,1.277920539202329e-07,1.2856227294084882e-07,-0.000704586440659924,-0.0007046719635707797
fine,37.75,1.8272946701986998e-07,1.8073563994939659e-07,1.8150209045883612e-07,-0.0006961903024736073,-0.0006962906954605865
fine,37.800000000000004,2.337816154858222e-07,2.3187732893952188e-07,2.326384545998173e-07,-0.0006873290181940426,-0.000687442902115367
fine,37.85,2.8236689407664247e-07,2.8056465123778015e-07,2.8131895305704057e-07,-0.0006780373242363586,-0.0006781430804544425
fine,37.9,3.2786971279484296e-07,3.2617850830201443e-07,3.269245704136771e-07,-0.0006683253553970106,-0.0006684187116472687
fine,37.95,3.697103557552988e-07,3.6814357233022305e-07,3.6888008673141687e-07,-0.0006581699062168099,-0.000658284922396014
fine,38.0,4.0736919071933595e-07,4.059388605161619e-07,4.0666465021598006e-07,-0.0006475862980893178,-0.0006477323162995196
fine,38.050000000000004,4.4039525913681436e-07,4.3910493828491237e-07,4.398189782278079e-07,-0.0006366097672170282,-0.0006367484862151281
fine,38.1,4.68396265173571e-07,4.6724963459998075e-07,4.679510699635963e-07,-0.0006252304216669449,-0.0006253502736369836
fine,38.15,4.910489171789479e-07,4.900544389135833e-07,4.907426003980954e-07,-0.0006134367614005407,-0.0006135715991385396
fine,38.2,5.081197338850125e-07,5.072798886520728e-07,5.079543042937835e-07,-0.0006012665931817002,-0.0006014248371572003
fine,38.25,5.194583118084079e-07,5.187679638883564e-07,5.194283671434155e-07,-0.0005887437593377948,-0.0005889014832010769
fine,38.300000000000004,5.249846440254429e-07,5.244424744071055e-07,5.250888084018305e-07,-0.0005758471435015283,-0.0005760028339077633
fine,38.35,5.247029868250712e-07,5.243097666056745e-07,5.24942184415936e-07,-0.0005625861333070825,-0.0005627498301670844
fine,38.4,5.187112413556959e-07,5.184592729048108e-07,5.190781338966348e-07,-0.0005490080062977034,-0.0005491708763938409
fine,38.45,5.071825295907266e-07,5.070605826160406e-07,5.076664450288298e-07,-0.000535119201841155,-0.0005352843835837192
fine,38.5,4.903550863844439e-07,4.903571784559294e-07,4.90950788333391e-07,-0.0005209022657852483,-0.0005210879615061654
fine,38.550000000000004,4.685429515073322e-07,4.6866150545390094e-07,4.6924378221757094e-07,-0.0005063882446878067,-0.0005065794598480843
fine,38.6,4.4213142272510745e-07,4.423516782547791e-07,4.429236975106774e-07,-0.0004916175601747797,-0.0004917883051915339
fine,38.65,4.1155623744271005e-07,4.1186434860370413e-07,4.124273225671638e-07,-0.0004765827200899749,-0.00047675482075652765
fine,38.7,3.7729770097628884e-07,3.776834622314828e-07,3.7823871801247514e-07,-0.00046128432183124195,-0.0004614859531913214
fine,38.75,3.3988182646399893e-07,3.403312370562506e-07,3.408801934684829e-07,-0.0004457659563121296,-0.00044597181177500695
fine,38.800000000000004,2.9986615524644183e-07,3.0036219982885055e-07,3.0090634348668944e-07,-0.00043004879930956904,-0.00043023241773147935
fine,38.85,2.5782494113616943e-07,2.5835425413743073e-07,2.5889511516832226e-07,-0.0004141234487844663,-0.00041430812030233423
fine,38.9,2.1434580814946635e-07,2.148959635871142e-07,2.1543509131159813e-07,-0.00039801545158852974,-0.00039822003482750185
fine,38.95,1.7002086757051992e-07,1.7057603754449724e-07,1.7111497681560202e-07,-0.0003817653955135617,-0.0003819705580013575
fine,39.0,1.2543112446928583e-07,1.2597656561081174e-07,1.2651683430296704e-07,-0.0003653726770392282,-0.00036556895977172226
fine,39.050000000000004,8.114065035987956e-08,8.166497362183741e-08,8.220804147443293e-08,-0.00034884096073805893,-0.0003490404424228526
fine,39.1,3.769251717947181e-08,3.818316348948394e-08,3.8730432658290265e-08,-0.00033221623394488655,-0.00033241637257025924
fine,39.15,-4.405443680637369e-09,-3.9614468091768245e-09,-3.4086591410688617e-09,-0.00031552133240336257,-0.00031571646452106973
fine,39.2,-4.468945476271986e-08,-4.430100141769311e-08,-4.3741478248746625e-08,-0.00029874258151499177,-0.00029894514518307434
fine,39.25,-8.27375438197807e-08,-8.241235808982933e-08,-8.184499548401434e-08,-0.00028190677393061215,-0.00028211520602274367
fine,39.300000000000004,-1.1817591340640018e-07,-1.1792399461181704e-07,-1.1734781211309307e-07,-0.0002650660285019436,-0.0002652588473857648
fine,39.35,-1.5069194750972717e-07,-1.5052090637399012e-07,-1.499350550118973e-07,-0.0002482190698668606,-0.0002484023272544354
fine,39.4,-1.8003328593738784e-07,-1.7994598733754037e-07,-1.7934975524470863e-07,-0.0002313546764597607,-0.00023155428447520235
fine,39.45,-2.0600150618095049e-07,-2.06001282107434e-07,-2.0539409768509716e-07,-0.00021452181883334156,-0.000214727515722654
fine,39.5,-2.2845848452528836e-07,-2.285501419351851e-07,-2.2793157474355543e-07,-0.0001977615775231367,-0.00019794526563480158
fine,39.550000000000004,-2.4733231159757126e-07,-2.4751716713162143e-07,-2.4688692672881343e-07,-0.00018105438397954593,-0.0001812276264703889
fine,39.6,-2.6260942890522907e-07,-2.628853355948009e-07,-2.6224326830923605e-07,-0.00016440532726495565,-0.00016459366222181193
fine,39.65,-2.743275880773929e-07,-2.7469323644356285e-07,-2.7403932020077164e-07,-0.00014787294805904084,-0.00014806354892529604
fine,39.7,-2.8257823698769625e-07,-2.8303293642950523e-07,-2.823672740003385e-07,-0.00013147631192578484,-0.0001316478951268952
fine,39.75,-2.875054968878891e-07,-2.880459901479867e-07,-2.873688009617029e-07,-0.0001151929139937987,-0.00011535737409474227
fine,39.800000000000004,-2.892965494993689e-07,-2.899171993994675e-07,-2.8922880993336315e-07,-9.904813422893982e-05,-9.921919110161207e-05
fine,39.85,-2.881731425290955e-07,-2.888686548961276e-07,-2.8816948794562553e-07,-8.309169645624251e-05,-8.325812009691323e-05
fine,39.9,-2.843889457098235e-07,-2.851549796775313e-07,-2.84445542838933e-07,-6.732212982742091e-05,-6.747794868071514e-05
fine,39.95,-2.7822665296139277e-07,-2.790575235197621e-07,-2.7833839695949033e-07,-5.173058075554509e-05,-5.1884508125430377e-05
fine,40.0,-2.6998865615625433e-07,-2.708764931734499e-07,-2.701483168330195e-07,-3.6353673530850303e-05,-3.650279715368245e-05
fine,40.050000000000004,-2.5998610401136627e-07,-2.609236825167974e-07,-2.6018714308669834e-07,-2.1217917462997864e-05,-2.135616166683875e-05
fine,40.1,-2.48535494229871e-07,-2.4951737123986043e-07,-2.4877318912128135e-07,-6.314760362952642e-06,-6.452161257769396e-06
fine,40.15,-2.3595714061509667e-07,-2.369767673551912e-07,-2.3622568374712327e-07,8.342904230373002e-06,8.20481346700095e-06
fine,40.2,-2.2256518867330122e-07,-2.2361461814656079e-07,-2.2285738249057692e-07,2.2724944636635544e-05,2.2601957678604065e-05
fine,40.25,-2.086580773422196e-07,-2.097310369733005e-07,-2.0896839497674047e-07,3.683017720407658e-05,3.671885394125739e-05
fine,40.300000000000004,-1.9451863398363034e-07,-1.9560994099959013e-07,-1.9484262340722994e-07,5.065643561744376e-05,5.053885332946269e-05
fine,40.35,-1.8041196192961499e-07,-1.8151522908168217e-07,-1.8074394139894182e-07,6.417490231243614e-05,6.406060395431198e-05
fine,40.4,-1.6657644050231556e-07,-1.676858420505999e-07,-1.669112553716881e-07,7.737837398386572e-05,7.728412913640167e-05
fine,40.45,-1.5322086223200523e-07,-1.5433246526930645e-07,-1.535552082973277e-07,9.027918227120798e-05,9.018991673566125e-05
fine,40.5,-1.40526652742898e-07,-1.4163640784226937e-07,-1.4085706024851717e-07,0.00010285313106865544,0.00010275734917746547
fine,40.550000000000004,-1.2864460934169935e-07,-1.297484235825059e-07,-1.2896751082927518e-07,0.00011507255487707109,0.00011498977282951849
fine,40.6,-1.1769194211224651e-07,-1.1878726546463264e-07,-1.1800525507414105e-07,0.00012695827216836276,0.00012689163473099844
fine,40.65,-1.0775498063822148e-07,-1.0883961201645753e-07,-1.0805691127507843e-07,0.0001385171154442539,0.00013844520887155726
fine,40.7,-9.888993450911481e-08,-9.99614297709959e-08,-9.917838491992549e-08,0.0001497055990425092,0.00014963561745837814
fine,40.75,-9.112232223396279e-08,-9.217960393242686e-08,-9.139650078239861e-08,0.00016051563294951432,0.0001604675921955533
fine,40.800000000000004,-8.445079695387629e-08,-8.549356763618506e-08,-8.471063344977353e-08,0.00017098606223119714,0.0001709421772998195
fine,40.85,-7.88501160906074e-08,-7.987759136841965e-08,-7.909499791637723e-08,0.0001811036284295842,0.00018104857327772797
fine,40.9,-7.427182891179252e-08,-7.528405890836103e-08,-7.450192659636936e-08,0.00019082148260523256,0.0001907815884968645
fine,40.95,-7.064894756423656e-08,-7.164704310764247e-08,-7.086544596341781e-08,0.00020015938294805046,0.00020014216396686263
fine,41.0,-6.790103426510748e-08,-6.888548055581272e-08,-6.810445186782857e-08,0.00020915468874794976,0.00020912848542978073
fine,41.050000000000004,-6.59352100325232e-08,-6.690649120028132e-08,-6.61260296450901e-08,0.00021777335554421705,0.00021773957821652763
fine,41.1,-6.464961399818124e-08,-6.560941828101905e-08,-6.482949433497565e-08,0.0002259847604338796,0.00022597538059157248
fine,41.15,-6.393977695622429e-08,-6.488970359159696e-08,-6.411026599969165e-08,0.0002338289141655939,0.0002338334612200999
fine,41.2,-6.370102162183994e-08,-6.464192120643133e-08,-6.3862903323358e-08,0.00024132474817658124,0.00024131506652019962
fine,41.25,-6.382966982845966e-08,-6.476279330139615e-08,-6.39841191313205e-08,0.00024843150963135076,0.00024842432590472765
fine,41.300000000000004,-6.422757333392114e-08,-6.515449361969414e-08,-6.437608337982526e-08,0.00025514542399928156,0.0002551607770450919
fine,41.35,-6.480540406894667e-08,-6.572726027666041e-08,-6.49490353482995e-08,0.0002615076867202572,0.00026152566966793203
fine,41.4,-6.548328176660038e-08,-6.640112575924525e-08,-6.562301291727065e-08,0.0002675155089186529,0.000267525454502986
fine,41.45,-6.619256751241254e-08,-6.71075187180177e-08,-6.632945354391126e-08,0.00027314122837333464,0.00027316113988975154
fine,41.5,-6.687779921792174e-08,-6.779066442643199e-08,-6.701259385505301e-08,0.00027840213536227886,0.0002784328237355817
fine,41.550000000000004,-6.749676512682753e-08,-6.840818326460848e-08,-6.763006725160613e-08,0.00028332246456450543,0.00028335113747349867
fine,41.6,-6.802047215080163e-08,-6.893102484598221e-08,-6.81528371538828e-08,0.0002878904784616168,0.0002879231234431764
fine,41.65,-6.84330983732046e-08,-6.934312614025931e-08,-6.856485427705318e-08,0.000292103544153938,0.000292144146051778
fine,41.7,-6.873094926171846e-08,-6.96406915469904e-08,-6.886233593347426e-08,0.000295981172467513,0.0002960198789833844
fine,41.75,-6.892124481682813e-08,-6.983092781542663e-08,-6.905250026768644e-08,0.00029952588377629594,0.0002995676605658709
fine,41.800000000000004,-6.902067658950192e-08,-6.993036548520332e-08,-6.915188711292361e-08,0.0003027371825856877,0.0003027906613831801
fine,41.85,-6.905326186696646e-08,-6.996294541816347e-08,-6.918444406891513e-08,0.00030563259167519925,0.000305684090906125
fine,41.9,-6.904821764859964e-08,-6.995789582119421e-08,-6.917940320961536e-08,0.0003082146184995746,0.0003082597278337354
fine,41.95,-6.903773001691399e-08,-6.994738833838049e-08,-6.916893699952939e-08,0.00031047645240898187,0.00031053399522947635
fine,42.0,-6.905438651110183e-08,-6.99641063998812e-08,-6.918572661444487e-08,0.0003124419970370021,0.0003125087523775504
fine,42.050000000000004,-6.91289799893672e-08,-7.003886976047123e-08,-6.926058659570732e-08,0.0003141297017968557,0.00031418465706211735
fine,42.1,-6.928812872587626e-08,-7.019827280078958e-08,-6.942010340263966e-08,0.0003155191681892588,0.00031557328396195316
fine,42.15,-6.955164432506084e-08,-7.046240104283e-08,-6.96843523109355e-08,0.00031661541668612144,0.00031668714680660107
fine,42.2,-6.993098130722977e-08,-7.084290732710179e-08,-7.006497408563562e-08,0.00031746260697350164,0.00031753324499872026
fine,42.25,-7.042789307683945e-08,-7.134141949376604e-08,-7.05635832512498e-08,0.0003180595296972581,0.0003181157703386582
fine,42.300000000000004,-7.103226179469517e-08,-7.194806371600772e-08,-7.117029209997682e-08,0.0003183751385525049,0.00031844054895988647
fine,42.35,-7.172121913127924e-08,-7.2640395231796e-08,-7.186264215800182e-08,0.00031844095321352663,0.0003185207317823627
fine,42.4,-7.245955677034181e-08,-7.338305134499423e-08,-7.260525794972889e-08,0.0003183017347483641,0.0003183696621294105
fine,42.45,-7.319908973253267e-08,-7.412775560662267e-08,-7.334985196518587e-08,0.0003179294501902682,0.0003179885827163288
fine,42.5,-7.387834086437683e-08,-7.481348071141661e-08,-7.403538834197051e-08,0.0003173045725606455,0.00031737999405974707
fine,42.550000000000004,-7.442426936372541e-08,-7.536727945669814e-08,-7.458891456590343e-08,0.0003164819470971514,0.0003165621789327403
fine,42.6,-7.475379179168335e-08,-7.57058570218544e-08,-7.492713444641575e-08,0.00031548517448568226,0.0003155484224846227
fine,42.65,-7.477483716861562e-08,-7.573732253625918e-08,-7.495816032787686e-08,0.00031427129284387705,0.0003143352917168937
fine,42.7,-7.438891290430641e-08,-7.536311706983719e-08,-7.4583441618681e-08,0.00031284830367961684,0.0003129288863308239
fine,42.75,-7.349382339474273e-08,-7.448055013635052e-08,-7.370030171794412e-08,0.00031127478226700313,0.00031134970354712
fine,42.800000000000004,-7.198569539933561e-08,-7.298580495066329e-08,-7.220494360317061e-08,0.0003095449893693068,0.0003096050600338896
fine,42.85,-6.976246223255517e-08,-7.07769705642605e-08,-6.999548215884085e-08,0.0003076235888439703,0.00030769238652469667
fine,42.9,-6.67277494122454e-08,-6.775703242978217e-08,-6.697493476372331e-08,0.00030554381846051965,0.00030562317036259023
fine,42.95,-6.27930770170437e-08,-6.383704774213893e-08,-6.305439652634885e-08,0.0003033459216925414,0.00030341319885466
fine,43.0,-5.788098426329987e-08,-5.89396214852437e-08,-5.81565160863362e-08,0.0003010062873011199,0.0003010658857911289
fine,43.050000000000004,-5.192954956803141e-08,-5.3002220810440433e-08,-5.2218809555724474e-08,0.0002985135662768231,0.0002985843185883109
fine,43.1,-4.489453805944451e-08,-4.5979772728828314e-08,-4.519625762080954e-08,0.0002959070899979927,0.0002959796358281517
fine,43.15,-3.6750713944474566e-08,-3.784712547805762e-08,-3.706376619654028e-08,0.0002932006607553351,0.0002932614777386238
fine,43.2,-2.749596137678948e-08,-2.860196965549848e-08,-2.781908667625072e-08,0.00029037501464570473,0.00029043573443153915
fine,43.25,-1.715420095475357e-08,-1.8266985864569632e-08,-1.7484962542674493e-08,0.0002874403690733857,0.00028750799683730513
fine,43.300000000000004,-5.774343672332343e-09,-6.890495066026033e-09,-6.109778597315775e-09,0.0002844208875792933,0.00028448409348926364
fine,43.35,6.569054876149033e-09,5.452685338801107e-09,6.231584189686591e-09,0.0002813157996622128,0.00028137355742622163
fine,43.4,1.9772772827700358e-08,1.865989659412446e-08,1.9436405111250783e-08,0.00027812548383429657,0.0002781857739494768
fine,43.45,3.370580808252165e-08,3.260107967601892e-08,3.337456618480898e-08,0.0002748625144158304,0.00027492182583833166
fine,43.5,4.821258204139431e-08,4.712072228512145e-08,4.789050053995276e-08,0.0002715294826336243,0.00027158523276831517
fine,43.550000000000004,6.311311941303907e-08,6.203891452768387e-08,6.280424952911316e-08,0.0002681330441963058,0.00026819030658769026
fine,43.6,7.820374934972583e-08,7.715252232785579e-08,7.791263752019575e-08,0.00026468892999809124,0.00026474376978701306
fine,43.65,9.326137672017383e-08,9.223856033034506e-08,9.299264608503551e-08,0.0002611918961803182,0.00026124109354031504
fine,43.7,1.0804717777273358e-07,1.0705818903777668e-07,1.0780541235383851e-07,0.00025763689388814514,0.00025769010776632964
fine,43.75,1.2230946687533969e-07,1.2135984146452764e-07,1.2209935675180197e-07,0.00025405153623151263,0.0002541066107406638
fine,43.800000000000004,1.3578811875874004e-07,1.3488297321725788e-07,1.356139339504247e-07,0.00025044612003006557,0.0002504901102644136
fine,43.85,1.4821874536226142e-07,1.4736306677588673e-07,1.480846378367076e-07,0.0002467938458434465,0.00024683668700350547
fine,43.9,1.593376247040599e-07,1.5853682957966385e-07,1.592482000864027e-07,0.0002431050145054312,0.00024315899344445378
fine,43.95,1.6888862685699524e-07,1.681471759203341e-07,1.6884757225293167e-07,0.0002394208674948227,0.00023946762817699465
fine,44.0,1.7662691017724458e-07,1.759478556968458e-07,1.7663655443719936e-07,0.00023572621777742049,0.0002357586367310677
fine,44.050000000000004,1.8232128480982595e-07,1.8170824279890743e-07,1.8238458334645127e-07,0.0002319898815969438,0.00023203313355255438
fine,44.1,1.8576277785167615e-07,1.8521921018835893e-07,1.8588260675570985e-07,0.0002282499536415097,0.00022830206522678282
fine,44.15,1.8677150334976304e-07,1.86298316222689e-07,1.8694826889828033e-07,0.00022453777957671383,0.00022457051156492345
fine,44.2,1.85195137896566e-07,1.8479273479845335e-07,1.8542883943214068e-07,0.00022081105084385323,0.0002208378125776902
fine,44.25,1.8091297138451826e-07,1.8058299414599158e-07,1.812049508278065e-07,0.00021705920104614213,0.0002171062934133342
fine,44.300000000000004,1.7384670336353375e-07,1.7358838968467972e-07,1.7419600957122336e-07,0.000213338241808593,0.000213381035009465
fine,44.35,1.6395985668808166e-07,1.6376951377390658e-07,1.6436272407517069e-07,0.00020964870616471852,0.00020966809776352922
fine,44.4,1.5125284977780012e-07,1.51128304162956e-07,1.5170715116453082e-07,0.00020594097328688161,0.00020597014484556535
fine,44.45,1.3577107042021545e-07,1.3571050279865816e-07,1.3627515281315834e-07,0.00020223742452596676,0.00020228439691032576
fine,44.5,1.1761042209267483e-07,1.1760814731639657e-07,1.1815888550482866e-07,0.00019858640697837664,0.0001986143199789153
fine,44.550000000000004,9.690854732772119e-08,9.695784778753979e-08,9.74950748570427e-08,0.00019495693166321048,0.00019497060970540065
fine,44.6,7.384262252851407e-08,7.393867046783577e-08,7.446289729126269e-08,0.00019131826269180277,0.0001913526963237062
fine,44.65,4.863601197193928e-08,4.8772067103598614e-08,4.9283907354596917e-08,0.00018771473469800858,0.00018775347638254846
fine,44.7,2.1553044348315964e-08,2.1719622452515752e-08,2.221978340602534e-08,0.00018416601343077427,0.00018418112233092442
fine,44.75,-7.1106730877933e-09,-6.9216386557851156e-09,-6.4323669819439695e-09,0.00018063017059513178,0.0001806462177206619
fine,44.800000000000004,-3.702730346105378e-08,-3.6823073062857585e-08,-3.6343830218079005e-08,0.00017710695770024382,0.00017714175954659981
fine,44.85,-6.783825322557107e-08,-6.76285735077764e-08,-6.715844211269329e-08,0.00017363727265900562,0.000173663358136332
fine,44.9,-9.91646801521267e-08,-9.89601979162137e-08,-9.849821808953167e-08,0.00017021250133075207,0.00017022282531403333
fine,44.95,-1.306139313362853e-07,-1.3042368924384775e-07,-1.2996887368928633e-07,0.00016680455011934398,0.00016682440957569686
fine,45.0,-1.617822725383854e-07,-1.6161477217578327e-07,-1.611661216448112e-07,0.00016343192533737857,0.00016345984796515759
fine,45.050000000000004,-1.9226166431994865e-07,-1.921263222267158e-07,-1.9168284105497192e-07,0.0001601137190381147,0.00016013056427630334
fine,45.1,-2.2164745304897357e-07,-2.2155397160992778e-07,-2.211146830489555e-07,0.0001568332671224289,0.00015684509269417405
fine,45.15,-2.495454438881153e-07,-2.495020780384901e-07,-2.490660391350333e-07,0.00015358450544892733,0.00015360286566453972
fine,45.2,-2.7557854292372425e-07,-2.7559200358715816e-07,-2.751583193644289e-07,0.00015038133735192086,0.00015040039446997193
fine,45.25,-2.993906298092263e-07,-2.994683789808816e-07,-2.990362156733794e-07,0.00014722484834501666,0.00014723969539703953
fine,45.300000000000004,-3.2065325869908373e-07,-3.2080298610129444e-07,-3.2037158323778266e-07,0.00014411117482017707,0.00014412362262250405
fine,45.35,-3.390752547597381e-07,-3.3930132735968256e-07,-3.3887000854817505e-07,0.00014104211162254107,0.00014105371366755935
fine,45.4,-3.544041565864976e-07,-3.5470940271968745e-07,-3.542775849810607e-07,0.00013801414600104776,0.00013802926751276123
fine,45.45,-3.664268449638585e-07,-3.6681619715497354e-07,-3.6638339864198503e-07,0.00013503115974678487,0.00013504746631572335
fine,45.5,-3.749799485095586e-07,-3.754564115746193e-07,-3.7502225759573247e-07,0.00013210380037349267,0.00013211122374139994
fine,45.550000000000004,-3.799534036340929e-07,-3.805154665503511e-07,-3.800796938659941e-07,0.0001292202341466266,0.00012922599677978532
fine,45.6,-3.812839684708912e-07,-3.819312925546448e-07,-3.814937518633e-07,0.0001263696624726055,0.00012638706187311887
fine,45.65,-3.7896024843543063e-07,-3.7969364234214706e-07,-3.792542989049309e-07,0.0001235751652666335,0.0001235895936619898
fine,45.7,-3.7302988625782773e-07,-3.7384533152886814e-07,-3.734042639775793e-07,0.00012084269661311363,0.0001208417238238339
fine,45.75,-3.635904325186807e-07,-3.644824192184024e-07,-3.64039816572599e-07,0.00011814052255520388,0.00011814673287871596
fine,45.800000000000004,-3.5078529998351455e-07,-3.517512869502657e-07,-3.513074438448203e-07,0.00011547406367647055,0.00011549481614783997
fine,45.85,-3.3481170339813e-07,-3.3584625955332397e-07,-3.3540156975916506e-07,0.00011287960072609411,0.00011288612852722534
fine,45.9,-3.1591356671030573e-07,-3.1700720886457726e-07,-3.165621572113461e-07,0.00011033707298245225,0.00011033066149125603
fine,45.95,-2.943687245177603e-07,-2.955147099828352e-07,-2.9506986277018846e-07,0.00010781254489611517,0.00010782480064948094
fine,46.0,-2.7049317355093427e-07,-2.7168520169877653e-07,-2.7124119573775763e-07,0.0001053410133925225,0.0001053602359667509
fine,46.050000000000004,-2.4463924123892555e-07,-2.458665090440803e-07,-2.4542403949633174e-07,0.00010294656981439252,0.00010294270400067251
fine,46.1,-2.1717876071658264e-07,-2.1843129343268884e-07,-2.1799110060274793e-07,0.00010058209329035985,0.00010057719903716328
fine,46.15,-1.8850001523028245e-07,-1.8977048025754093e-07,-1.893333355607609e-07,9.823873432390926e-05,9.825716010442422e-05
fine,46.2,-1.5901007789531214e-07,-1.6028793968837455e-07,-1.5985463104062162e-07,9.596876614136252e-05,9.598016998749436e-05
fine,46.25,-1.2911963889510055e-07,-1.303934482359453e-07,-1.2996476505907955e-07,9.376176399854325e-05,9.375088771119241e-05
fine,46.300000000000004,-9.923304313580806e-08,-1.0049502467724118e-07,-1.0007174278071715e-07,9.156722092352013e-05,9.156936794773098e-05
fine,46.35,-6.975216175884277e-08,-7.09934866264605e-08,-7.05763532923162e-08,8.941318696884524e-05,8.943275719950052e-05
fine,46.4,-4.106679732621348e-08,-4.227656244613027e-08,-4.186628195201935e-08,8.733935666270719e-05,8.734022745634502e-05
fine,46.45,-1.3540665066357654e-08,-1.4711551509382528e-08,-1.430877131585088e-08,8.530289107507618e-05,8.529170605810802e-05
fine,46.5,1.2485766395775061e-08,1.1359905922730543e-08,1.1754607989919672e-08,8.327934105615211e-05,8.328906820039612e-05
fine,46.550000000000004,3.669778103309586e-08,3.562572965929493e-08,3.6011856965384565e-08,8.131786826921507e-05,8.133237773584865e-05
fine,46.6,5.882049467176674e-08,5.780866091958748e-08,5.8185808155703946e-08,7.942343635415847e-05,7.94162900041991e-05
fine,46.65,7.861891323069065e-08,7.76704792808353e-08,7.803834095489561e-08,7.754690609572442e-05,7.754097788756435e-05
fine,46.7,9.589379997943739e-08,9.501392860325406e-08,9.537230566330244e-08,7.569982602256771e-05,7.571297279295693e-05
fine,46.75,1.1049180185891746e-07,1.096849824785332e-07,1.1003378697896039e-07,7.392218390546131e-05,7.39283986860078e-05
fine,46.800000000000004,1.223085112953554e-07,1.2157493167609462e-07,1.2191418942547798e-07,7.218860734585566e-05,7.217923197807085e-05
fine,46.85,1.3127996266929345e-07,1.3062036812671044e-07,1.309502192350987e-07,7.047114986379193e-05,7.047167719059075e-05
fine,46.9,1.3738613290475296e-07,1.368026023444205e-07,1.371232996779564e-07,6.88002918506101e-05,6.881123589787798e-05
fine,46.95,1.4065620111717158e-07,1.4014712340274975e-07,1.4045902902743121e-07,6.718851135566065e-05,6.718805671887091e-05
fine,47.0,1.4115936769493882e-07,1.4072153574350394e-07,1.4102511544768262e-07,6.560517295595944e-05,6.559862099810304e-05
fine,47.050000000000004,1.39000600554886e-07,1.386326466743027e-07,1.3892846271057702e-07,6.404896404614664e-05,6.405256085530238e-05
fine,47.1,1.3432497313615588e-07,1.3402367097972739e-07,1.3431237321876997e-07,6.254299579330003e-05,6.254884192839699e-05
fine,47.15,1.2731080344900165e-07,1.2707043150166933e-07,1.273527472042341e-07,6.108012394456637e-05,6.107788247095139e-05
fine,47.2,1.181603866452352e-07,1.1797671456620242e-07,1.1825343702414306e-07,5.9645200825272626e-05,5.964218165868154e-05
fine,47.25,1.0710123331418309e-07,1.0696992402628939e-07,1.0724190035062661e-07,5.824560811721923e-05,5.8247647088164356e-05
fine,47.300000000000004,9.438217931091606e-08,9.429635007004696e-08,9.456446837712232e-08,5.688709677411507e-05,5.6889877541256916e-05
fine,47.35,8.02623931938381e-08,8.021571581110007e-08,8.048089207921883e-08,5.556505789183439e-05,5.556459647473718e-05
fine,47.4,6.500885609451469e-08,6.499607474969556e-08,6.525923965469586e-08,5.4277106355859594e-05,5.427395605208855e-05
fine,47.45,4.889488933289239e-08,4.890897130322216e-08,4.917105728672545e-08,5.301994814988217e-05,5.301941603644222e-05
fine,47.5,3.2190465175517117e-08,3.2224286202824676e-08,3.248621498606567e-08,5.179577317085233e-05,5.179996253879629e-05
fine,47.550000000000004,1.5156960757963643e-08,1.5205386106108023e-08,1.5468056897413333e-08,5.0613090018596816e-05,5.0612843691589684e-05
fine,47.6,-1.9524664683540696e-09,-1.895127569304213e-09,-1.6308489548756741e-09,4.9462400350537534e-05,4.9455790678583364e-05
fine,47.65,-1.8898981443147647e-08,-1.8839461363989124e-08,-1.8572752340489722e-08,4.8331384461035905e-05,4.833236289201394e-05
fine,47.7,-3.546482784354565e-08,-3.5408246767049645e-08,-3.513833664448948e-08,4.723783374514605e-05,4.724452447252075e-05
fine,47.75,-5.145296564221788e-08,-5.14034943924013e-08,-5.112967174567964e-08,4.6189806741118076e-05,4.618478672599866e-05
fine,47.800000000000004,-6.668839987244231e-08,-6.665107685701754e-08,-6.637269553772141e-08,4.5159034147659526e-05,4.515121658765528e-05
fine,47.85,-8.102339108346322e-08,-8.100260038739517e-08,-8.071908416870564e-08,4.414572203654626e-05,4.4152570186345276e-05
fine,47.9,-9.433810841438582e-08,-9.433654960068781e-08,-9.404739544598328e-08,4.3182743468650584e-05,4.318683488070881e-05
fine,47.95,-1.0653866584903691e-07,-1.0655893945989515e-07,-1.0626371943497539e-07,4.225480211292461e-05,4.2243378713565846e-05
fine,48.0,-1.1755853296866359e-07,-1.1760339077619825e-07,-1.1730175266784768e-07,4.132877714208407e-05,4.132665224079482e-05
fine,48.050000000000004,-1.2735947243809538e-07,-1.2743047166377892e-07,-1.2712213838608576e-07,4.0434284636521844e-05,4.044494265043575e-05
fine,48.1,-1.359288214089605e-07,-1.3602654294743341e-07,-1.3571131083515048e-07,3.9594777595122726e-05,3.958988100536427e-05
fine,48.15,-1.4327704093764322e-07,-1.4340221026236483e-07,-1.4307994636357208e-07,3.8766818378614504e-05,3.875501470520868e-05
fine,48.2,-1.494371019261935e-07,-1.4959027020472668e-07,-1.4926090869302797e-07,3.794139692992564e-05,3.794879353691746e-05
fine,48.25,-1.544625157228681e-07,-1.546432425940179e-07,-1.5430678044429684e-07,3.716734687510479e-05,3.717326031990805e-05
fine,48.300000000000004,-1.5842336309359233e-07,-1.5863063285468608e-07,-1.5828712493225438e-07,3.6433140452531734e-05,3.641982791509578e-05
fine,48.35,-1.6140312327962167e-07,-1.616360028927066e-07,-1.6128555658710822e-07,3.569114746658962e-05,3.568795854215757e-05
fine,48.4,-1.6349667236846214e-07,-1.637539288094574e-07,-1.6339669835501383e-07,3.4971268092872386e-05,3.4982932486018094e-05
fine,48.45,-1.6480694046022119e-07,-1.6508683252741676e-07,-1.6472301316812826e-07,3.430904463019848e-05,3.430354984880817e-05
fine,48.5,-1.6544084677736666e-07,-1.6574179370080903e-07,-1.6537161583177798e-07,3.365871538065564e-05,3.364603591890902e-05
fine,48.550000000000004,-1.6550709617644372e-07,-1.6582758731947725e-07,-1.6545131072131216e-07,3.3001722303102344e-05,3.300948978596161e-05
fine,48.6,-1.6511397961781483e-07,-1.6545189315265225e-07,-1.6506980144680522e-07,3.238985017004272e-05,3.239534040597772e-05
fine,48.65,-1.6436541444576056e-07,-1.6471858373234866e-07,-1.643309791703108e-07,3.181965925473028e-05,3.180576349224309e-05
fine,48.7,-1.633585119002591e-07,-1.6372537385046814e-07,-1.6333257252145964e-07,3.1240841534421824e-05,3.123791318350119e-05
fine,48.75,-1.621830665319414e-07,-1.6256194160076608e-07,-1.621642691363796e-07,3.0675513140228714e-05,3.068666777214205e-05
fine,48.800000000000004,-1.6091933857800932e-07,-1.613083004086575e-07,-1.609060882515398e-07,3.0162064484016187e-05,3.0156185147124514e-05
fine,48.85,-1.5963580750112455e-07,-1.600335096685739e-07,-1.596270919474074e-07,2.9663424982033794e-05,2.9651278316673068e-05
fine,48.9,-1.583896345127383e-07,-1.5879493986714368e-07,-1.583846509036547e-07,2.9157020048044807e-05,2.9163875202102216e-05
fine,48.95,-1.5722659415582623e-07,-1.576379513287145e-07,-1.5722412378521791e-07,2.868496670409764e-05,2.8689698041159305e-05
fine,49.0,-1.5617967090280489e-07,-1.5659588427061425e-07,-1.5617884792526733e-07,2.825070878541746e-05,2.823841811832472e-05
fine,49.050000000000004,-1.552700085157647e-07,-1.5569049025294007e-07,-1.5527057137544523e-07,2.7813863145237057e-05,2.781036137057362e-05
fine,49.1,-1.5450885795951488e-07,-1.5493277168789154e-07,-1.5451029297024466e-07,2.738571458412721e-05,2.739423242702088e-05
fine,49.15,-1.538976588237832e-07,-1.5432409487167014e-07,-1.5389937584739516e-07,2.699651934590772e-05,2.6992545487804166e-05
fine,49.2,-1.534289807674019e-07,-1.538575765300564e-07,-1.534309344058183e-07,2.6624439045313785e-05,2.6614464124799248e-05
fine,49.25,-1.5308927434471193e-07,-1.5351971640518815e-07,-1.5309146721902896e-07,2.6250987115039452e-05,2.625377337825432e-05
fine,49.300000000000004,-1.5286044121006985e-07,-1.5329217830161565e-07,-1.5286263830636538e-07,2.5899854186016255e-05,2.590337368567352e-05
fine,49.35,-1.5272097798666927e-07,-1.5315366962585937e-07,-1.5272315679105468e-07,2.5576793476485994e-05,2.5569777108061893e-05
fine,49.4,-1.5264843872265416e-07,-1.53081859521557e-07,-1.526506950482669e-07,2.5260805088305517e-05,2.5256086297282705e-05
fine,49.45,-1.5262148118932197e-07,-1.530552558358782e-07,-1.5262376557551632e-07,2.4953417695909788e-05,2.495591821992556e-05
fine,49.5,-1.5262122674494748e-07,-1.5305499253518118e-07,-1.5262350820604356e-07,2.4667983205807287e-05,2.466764029886642e-05
fine,49.550000000000004,-1.5263312569476378e-07,-1.5306646277677832e-07,-1.52635322882064e-07,2.4399650538596206e-05,2.4394712742232063e-05
fine,49.6,-1.5264831602392245e-07,-1.5308073468133777e-07,-1.5265028504140128e-07,2.414111103340735e-05,2.4137621930652316e-05
fine,49.65,-1.5266461233796235e-07,-1.5309571796542792e-07,-1.52666311790081e-07,2.389407294236606e-05,2.3894332042685385e-05
fine,49.7,-1.5268789230193482e-07,-1.5311702469026582e-07,-1.5268902213517635e-07,2.3661568787994994e-05,2.3662258165790437e-05
fine,49.75,-1.527322057687688e-07,-1.5315848843477036e-07,-1.5273225560313298e-07,2.344622659047727e-05,2.3441842239346864e-05
fine,49.800000000000004,-1.528193987670283e-07,-1.532423551030031e-07,-1.5281826247344458e-07,2.3242966351427107e-05,2.323721745618519e-05
fine,49.85,-1.529801346710024e-07,-1.533991059293996e-07,-1.529775262143005e-07,2.3044128987138992e-05,2.3046220841626405e-05
fine,49.9,-1.5325319928484663e-07,-1.5366688307858223e-07,-1.5324818853794564e-07,2.2859977181854686e-05,2.2862256908903824e-05
fine,49.95,-1.536828727149103e-07,-1.5409059079072084e-07,-1.5367515004763625e-07,2.269795936350508e-05,2.2689456987177808e-05
fine,50.0,-1.543191527153541e-07,-1.5472068906981016e-07,-1.5430886349448255e-07,2.2539087875118405e-05,2.2533895796922337e-05
fine,50.050000000000004,-1.55217574880792e-07,-1.5561163428311158e-07,-1.5520377402989766e-07,2.2380479330634093e-05,2.2387608811739274e-05
fine,50.1,-1.5643455801053362e-07,-1.5682006126798654e-07,-1.5641650106762765e-07,2.2247176146146598e-05,2.2245770812171315e-05
fine,50.15,-1.5802550482268632e-07,-1.5840281345185857e-07,-1.580038682753843e-07,2.213076736602537e-05,2.211802429688163e-05
fine,50.2,-1.6004615559822767e-07,-1.6041477921724732e-07,-1.6002073993299835e-07,2.200377996821824e-05,2.2005136401209328e-05
fine,50.25,-1.6254789622673926e-07,-1.6290659362230065e-07,-1.6251772277453653e-07,2.1887660426469052e-05,2.189640066850031e-05
fine,50.300000000000004,-1.6557280106455928e-07,-1.6592238085071934e-07,-1.6553890869677147e-07,2.180382490226073e-05,2.1794146209027665e-05
fine,50.35,-1.6915611235385423e-07,-1.694975343076099e-07,-1.6911965524271643e-07,2.171746223115832e-05,2.1706822702931952e-05
fine,50.4,-1.7332421427996568e-07,-1.7365653613540485e-07,-1.7328440562143315e-07,2.1619395285437765e-05,2.1628852029366623e-05
fine,50.45,-1.7808693178834162e-07,-1.7841101247848035e-07,-1.7804474459218035e-07,2.155143577663536e-05,2.155418282067705e-05
fine,50.5,-1.8343936145316918e-07,-1.837580580191457e-07,-1.833977237253198e-07,2.150415550242762e-05,2.1488512335058247e-05
fine,50.550000000000004,-1.893649734370158e-07,-1.8967876752553316e-07,-1.8932439375065206e-07,2.1435923824021524e-05,2.1434276577472877e-05
fine,50.6,-1.9582775764113598e-07,-1.9613717794998648e-07,-1.9578874751276798e-07,2.1374639226446876e-05,2.138638786472901e-05
fine,50.65,-2.0277078072315163e-07,-2.030796833092188e-07,-2.0273713575716525e-07,2.13511699596989e-05,2.1343629020603883e-05
fine,50.7,-2.1012396304800134e-07,-2.1043474021403482e-07,-2.1009797358735558e-07,2.1321878576027002e-05,2.130836044925324e-05
fine,50.75,-2.177999883532619e-07,-2.181130631027858e-07,-2.1778193661060802e-07,2.1273395787262963e-05,2.1281336962227223e-05
fine,50.800000000000004,-2.256889813382655e-07,-2.260084782543383e-07,-2.2568281583395093e-07,2.1255886060412242e-05,2.1261434953821497e-05
fine,50.85,-2.3366851524406533e-07,-2.3399907453261554e-07,-2.336786692516837e-07,2.1260144398181346e-05,2.1245681723345422e-05
fine,50.9,-2.416064367514247e-07,-2.419487169861804e-07,-2.416333362145926e-07,2.1238748695693877e-05,2.1234395824163336e-05
fine,50.95,-2.493526813534367e-07,-2.4970932843641994e-07,-2.4939871968710414e-07,2.1221201036299335e-05,2.1232172315064875e-05
fine,51.0,-2.5674685297072526e-07,-2.5712349968963014e-07,-2.568173970255049e-07,2.1241209032518347e-05,2.1236537524099095e-05
fine,51.050000000000004,-2.6362868218066956e-07,-2.6402713416410416e-07,-2.6372526505764707e-07,2.1254131467438325e-05,2.124111365969759e-05
fine,51.1,-2.6983129361925436e-07,-2.7025274183799385e-07,-2.699548343436706e-07,2.124575454188842e-05,2.125081190863474e-05
fine,51.15,-2.7518348749896154e-07,-2.756331576092776e-07,-2.753389477013358e-07,2.126522383832104e-05,2.1270895091265513e-05
fine,51.2,-2.795246053799932e-07,-2.800049431611094e-07,-2.797141820945449e-07,2.1304300023585804e-05,2.1292942709999475e-05
fine,51.25,-2.827020982474834e-07,-2.8321203247513664e-07,-2.8292449402114813e-07,2.131876086954533e-05,2.1313788291130546e-05
fine,51.300000000000004,-2.845674390039792e-07,-2.8510984022127194e-07,-2.848253276217228e-07,2.1334996080554474e-05,2.134307186621243e-05
fine,51.35,-2.849910583542252e-07,-2.85568840092368e-07,-2.852871925803412e-07,2.1382840898362592e-05,2.13797183627341e-05
fine,51.4,-2.838668597792311e-07,-2.8447785139679174e-07,-2.8419895013793706e-07,2.1424227757427752e-05,2.1413999361414707e-05
fine,51.45,-2.8110392069163885e-07,-2.817476752428499e-07,-2.8147144856447187e-07,2.144716076249156e-05,2.1450066904044875e-05
fine,51.5,-2.7663583732945093e-07,-2.7731409796427424e-07,-2.7704052574125727e-07,2.1491136720292776e-05,2.1494827688533557e-05
fine,51.550000000000004,-2.704303744175757e-07,-2.711401145104985e-07,-2.7086923157756583e-07,2.1549892706675603e-05,2.1541605474137532e-05
fine,51.6,-2.624809588096715e-07,-2.6321834446994476e-07,-2.629502429588552e-07,2.1590055784616457e-05,2.1586347811654176e-05
fine,51.65,-2.5280845946790425e-07,-2.5357278854378326e-07,-2.533076190667543e-07,2.163044518266503e-05,2.1635273021119586e-05
fine,51.7,-2.4147194424023825e-07,-2.422593428829495e-07,-2.419973144748628e-07,2.169202159806302e-05,2.1689123718061093e-05
fine,51.75,-2.2856228539058858e-07,-2.293664101089576e-07,-2.2910778886491184e-07,2.1749699501800858e-05,2.1742937277127286e-05
fine,51.800000000000004,-2.1419760334822124e-07,-2.1501507743964434e-07,-2.1476018383297487e-07,2.1795213523056563e-05,2.1796836933241592e-05
fine,51.85,-1.98531628315332e-07,-1.9935759769700258e-07,-1.9910680256553323e-07,2.185195166862436e-05,2.1853132433329713e-05
fine,51.9,-1.81749309122574e-07,-1.8257575272081496e-07,-1.8232947191869978e-07,2.1917397272798663e-05,2.1911852857589968e-05
fine,51.95,-1.6405805412282307e-07,-1.6487941569881084e-07,-1.646381034673076e-07,2.1973816077734504e-05,2.197166897543403e-05
fine,52.0,-1.4569258938243506e-07,-1.4650327144598267e-07,-1.4626741258009462e-07,2.202854521086899e-05,2.2030345433801965e-05
fine,52.050000000000004,-1.2691183071173527e-07,-1.277028538671042e-07,-1.2747295476121992e-07,2.2091575310644663e-05,2.208913678250303e-05
fine,52.1,-1.0798708423122402e-07,-1.0875153007837324e-07,-1.0852810878273982e-07,2.215519252437394e-05,2.21516142702178e-05
fine,52.15,-8.92036748155737e-08,-8.993620223176327e-08,-8.971977768190652e-08,2.221422995599209e-05,2.221408739019293e-05
fine,52.2,-7.085965238534222e-08,-7.155162410380961e-08,-7.134270469152973e-08,2.227271676556798e-05,2.227221198981557e-05
fine,52.25,-5.325220853539748e-08,-5.3895975251537005e-08,-5.369504694837335e-08,2.233433870475591e-05,2.233213404159934e-05
fine,52.300000000000004,-3.6675369007156453e-08,-3.726630763570181e-08,-3.7073821902351806e-08,2.239809713043486e-05,2.23962160375151e-05
fine,52.35,-2.1420886505623735e-08,-2.19523341407001e-08,-2.1768695847286352e-08,2.245705411772229e-05,2.2455709469213217e-05
fine,52.4,-7.765787626270768e-09,-8.231207045985694e-09,-8.056762660922773e-09,2.2511374777285213e-05,2.2511171196520815e-05
fine,52.45,4.032859086736177e-09,3.636709282250154e-09,3.801682961823012e-09,2.257235370976732e-05,2.2571442470693624e-05
fine,52.5,1.3735888926285744e-08,1.341335382518655e-08,1.3568660165221674e-08,2.263539292250926e-05,2.2631817188856152e-05
fine,52.550000000000004,2.1132314355300594e-08,2.0887913921091275e-08,2.1033445920096636e-08,2.2685633263796382e-05,2.2684853208665887e-05
fine,52.6,2.604557924946304e-08,2.5880108511832793e-08,2.601585699294188e-08,2.2735433226387203e-05,2.273780324750716e-05
fine,52.65,2.8329408061318763e-08,2.8244154114729697e-08,2.8370214446614672e-08,2.2797934440260313e-05,2.2794437849817657e-05
fine,52.7,2.7875629136645283e-08,2.7872411032461537e-08,2.798898821098582e-08,2.2851007067895445e-05,2.2846259408900222e-05
fine,52.75,2.4620987038505713e-08,2.4696968600140206e-08,2.4804380517771385e-08,2.2888785264471278e-05,2.2892830705654476e-05
fine,52.800000000000004,1.8539107193901498e-08,1.8691456892984916e-08,1.879013569772277e-08,2.2940009006726812e-05,2.2941160533585753e-05
fine,52.85,9.644096564387806e-09,9.872873734230283e-09,9.96336523598267e-09,2.2997229191940237e-05,2.2988817683623252e-05
fine,52.9,-1.9995064480189574e-09,-1.6990116193951708e-09,-1.6160505434478306e-09,2.3030723422636534e-05,2.3030977181381945e-05
fine,52.95,-1.6286916561005173e-08,-1.5922538807324736e-08,-1.5846344783694956e-08,2.3062952849549585e-05,2.307046271039089e-05
fine,53.0,-3.307898888935437e-08,-3.26542996151274e-08,-3.2584009213820605e-08,2.3115770768013113e-05,2.310940248355112e-05
fine,53.050000000000004,-5.219130328128046e-08,-5.171168996428524e-08,-5.1646347919073244e-08,2.3153475695191615e-05,2.3145762288400618e-05
fine,53.1,-7.340024045009119e-08,-7.287665007132103e-08,-7.281521914968882e-08,2.3169253055441817e-05,2.3178277882044365e-05
fine,53.15,-9.645754863191326e-08,-9.58979195236973e-08,-9.583929180995e-08,2.3204601299505684e-05,2.3206943015355922e-05
fine,53.2,-1.2108476673043492e-07,-1.204947958401283e-07,-1.20437805218959e-07,2.3246359708264843e-05,2.3233430622705594e-05
fine,53.25,-1.469726181738626e-07,-1.4636306007132028e-07,-1.4630649572071753e-07,2.3256599924596087e-05,2.3258649925650878e-05
fine,53.300000000000004,-1.737973145795761e-07,-1.73179366807299e-07,-1.731219874046103e-07,2.3267239690436775e-05,2.3278738289769977e-05
fine,53.35,-2.0122433962469362e-07,-2.006055469376629e-07,-2.0054609528170797e-07,2.3302156773588365e-05,2.329307607883814e-05
fine,53.4,-2.289057095283062e-07,-2.2829531987438035e-07,-2.2823253771448133e-07,2.3316443094597785e-05,2.3307342026581237e-05
fine,53.45,-2.5649117086568413e-07,-2.5590022771253194e-07,-2.5583287051475576e-07,2.330692768177687e-05,2.3319627313156737e-05
fine,53.5,-2.836368070078871e-07,-2.830741317603071e-07,-2.8300098309883297e-07,2.332083695439991e-05,2.3323292755933807e-05
fine,53.550000000000004,-3.1000565161542275e-07,-3.0947932678786074e-07,-3.093992121622175e-07,2.3338408981646935e-05,2.3323363132026385e-05
fine,53.6,-3.3527435112283525e-07,-3.3479271828242335e-07,-3.34704518172467e-07,2.3321199792434576e-05,2.332498849602889e-05
fine,53.65,-3.591394031493368e-07,-3.58710096426152e-07,-3.586127583327048e-07,2.3307304578672825e-05,2.332006824458465e-05
fine,53.7,-3.813202149201891e-07,-3.809508357445287e-07,-3.8084338505316165e-07,2.331662930392565e-05,2.3306480917932078e-05
fine,53.75,-4.0156638772642984e-07,-4.012629184417095e-07,-4.011444680118225e-07,2.3301640245836642e-05,2.3293365501511315e-05
fine,53.800000000000004,-4.1965993172179505e-07,-4.194262037078651e-07,-4.192959620350517e-07,2.3265230485250838e-05,2.3278688639982077e-05
fine,53.85,-4.35414086431685e-07,-4.3525532374757897e-07,-4.3511260160229103e-07,2.32524651368198e-05,2.3254240312719344e-05
fine,53.9,-4.4868198486683257e-07,-4.4860273872672554e-07,-4.4844695425191595e-07,2.3238914257701802e-05,2.322526338719426e-05
fine,53.95,-4.593598555643986e-07,-4.5936018294918044e-07,-4.5919086515777575e-07,2.319236349173534e-05,2.3196957108701894e-05
fine,54.0,-4.673788888494665e-07,-4.674594156720813e-07,-4.6727620632198606e-07,2.3151451077938777e-05,2.3162446377079416e-05
fine,54.050000000000004,-4.7270954316472285e-07,-4.7287312667483743e-07,-4.72675780583618e-07,2.3128622901232242e-05,2.311989125657415e-05
fine,54.1,-4.7536919479921946e-07,-4.756142882924285e-07,-4.754026721044188e-07,2.3081187215070776e-05,2.3075469092694452e-05
fine,54.15,-4.7541198951585356e-07,-4.7573452331291613e-07,-4.75508612747903e-07,2.3017311585122273e-05,2.3028311268118733e-05
fine,54.2,-4.729237774120191e-07,-4.7332291921450385e-07,-4.7308279493683254e-07,2.29730817785256e-05,2.2974186614844e-05
fine,54.25,-4.6803041176423966e-07,-4.6850367300101933e-07,-4.682495151954786e-07,2.2924051057070172e-05,2.2914761425786244e-05
fine,54.300000000000004,-4.608916825088482e-07,-4.614323548808487e-07,-4.6116443658583126e-07,2.2848176370448186e-05,2.2852071178021038e-05
fine,54.35,-4.516892844156638e-07,-4.522927707839747e-07,-4.520114501679435e-07,2.2777861289944644e-05,2.2785241732179005e-05
fine,54.4,-4.4063050031167065e-07,-4.4129352058137733e-07,-4.4099923233720425e-07,2.2718233385128818e-05,2.271317757039464e-05
fine,54.45,-4.279474756318353e-07,-4.286630721321846e-07,-4.2835631806065893e-07,2.2637910870431798e-05,2.263510697400286e-05
fine,54.5,-4.1388437689424e-07,-4.1464514876838625e-07,-4.143264877346226e-07,2.254636142479713e-05,2.255282820336211e-05
fine,54.550000000000004,-3.9869413481208955e-07,-3.994946993960842e-07,-3.9916473690726944e-07,2.2466814637660024e-05,2.246812510897965e-05
fine,54.6,-3.8263923420213564e-07,-3.834729068627785e-07,-3.831322843841228e-07,2.2381002088815365e-05,2.237717841035745e-05
fine,54.65,-3.659827942957707e-07,-3.668420819456274e-07,-3.664914661023025e-07,2.2277035876972153e-05,2.2278802872964315e-05
fine,54.7,-3.4898264753571643e-07,-3.49861509585088e-07,-3.495015815146759e-07,2.2175060168989437e-05,2.2178923113418855e-05
fine,54.75,-3.318908725292388e-07,-3.327832116614307e-07,-3.324146566850588e-07,2.2076641760772816e-05,2.2076333926195936e-05
fine,54.800000000000004,-3.1494818383240604e-07,-3.1584752271221545e-07,-3.1547102043453595e-07,2.1965266776578493e-05,2.1964320847762192e-05
fine,54.85,-2.9837874580830374e-07,-2.9927946946653193e-07,-2.988956845176524e-07,2.184575118145707e-05,2.1847540783582326e-05
fine,54.9,-2.8238887156813344e-07,-2.832857021116964e-07,-2.828952757096205e-07,2.172871937324527e-05,2.1731466334864464e-05
fine,54.95,-2.6716351163884405e-07,-2.6805158761353006e-07,-2.676551300254116e-07,2.1607846159070598e-05,2.1608477740233777e-05
fine,55.0,-2.52863688598405e-07,-2.537388805757359e-07,-2.53336964602017e-07,2.147744945685108e-05,2.1476390208851747e-05
fine,55.050000000000004,-2.3962591637720023e-07,-2.4048405741718437e-07,-2.400772130248587e-07,2.1342146115819876e-05,2.1344173513188837e-05
fine,55.1,-2.2755927867117693e-07,-2.283971831044769e-07,-2.2798589324136336e-07,2.1206035040551257e-05,2.1210007048408808e-05
fine,55.15,-2.167454283764134e-07,-2.17561349898447e-07,-2.171460475189657e-07,2.1066862871581943e-05,2.1066046024390673e-05
fine,55.2,-2.0724092791193287e-07,-2.0803259178072217e-07,-2.0761365811943085e-07,2.0918963867188475e-05,2.0917631801398985e-05
fine,55.25,-1.990748597043107e-07,-1.9984036688230406e-07,-1.9941813093486798e-07,2.0764716204154732e-05,2.076978525292506e-05
fine,55.300000000000004,-1.922491807135029e-07,-1.9298870374859426e-07,-1.9256344290401835e-07,2.0612925823169687e-05,2.0615689479524708e-05
fine,55.35,-1.8674432755970073e-07,-1.874576716299384e-07,-1.8702961340547655e-07,2.045758938969228e-05,2.0453986385818953e-05
fine,55.4,-1.825187703975275e-07,-1.8320515818857775e-07,-1.827744829512814e-07,2.0288652175438904e-05,2.0291032731755897e-05
fine,55.45,-1.7950829764463007e-07,-1.8016923172388375e-07,-1.7973607626561413e-07,2.011893203917063e-05,2.0125585890289332e-05
fine,55.5,-1.776334429302551e-07,-1.7827077744268865e-07,-1.7783523930402352e-07,1.9955644892927005e-05,1.995347658262416e-05
fine,55.550000000000004,-1.7680218220561888e-07,-1.7741615272096946e-07,-1.7697829510586498e-07,1.977925007399665e-05,1.9777071970579226e-05
fine,55.6,-1.769076674926784e-07,-1.7750013057472463e-07,-1.7705998767026083e-07,1.9590937460774445e-05,1.9598484340296962e-05
fine,55.65,-1.778348283020701e-07,-1.784090215302084e-07,-1.779666041000475e-07,1.9413747381699835e-05,1.9416226126545113e-05
fine,55.7,-1.7946642910551926e-07,-1.8002364617068435e-07,-1.795789472725809e-07,1.9234623361292752e-05,1.922944641857143e-05
fine,55.75,-1.8168043442298388e-07,-1.8222226907647347e-07,-1.8177526971217458e-07,1.9033904522552486e-05,1.9038309160012216e-05
fine,55.800000000000004,-1.8435351223897585e-07,-1.8488349781669305e-07,-1.8443417238123038e-07,1.8836926840549303e-05,1.8844379908739143e-05
fine,55.85,-1.873687764621614e-07,-1.878889263176938e-07,-1.8743724774403777e-07,1.865283634162347e-05,1.8648595402625737e-05
fine,55.9,-1.906141901455532e-07,-1.9112554697428396e-07,-1.906714914282861e-07,1.844891559212212e-05,1.8447838319368583e-05
fine,55.95,-1.939823223507746e-07,-1.944879069741191e-07,-1.9403145799203754e-07,1.8232442539487115e-05,1.82419986971006e-05
fine,56.0,-1.9737760829421252e-07,-1.978798829061358e-07,-1.974210349283431e-07,1.8035545544986897e-05,1.8036107405297978e-05
fine,56.050000000000004,-2.007166727740891e-07,-2.012161596773298e-07,-2.0075492091216634e-07,1.783380716862307e-05,1.782815740440458e-05
fine,56.1,-2.0392491439609172e-07,-2.0442336868585657e-07,-2.039597632470302e-07,1.7605790303164404e-05,1.7612931420975673e-05
fine,56.15,-2.0694100697707434e-07,-2.0744073647630214e-07,-2.0697480580066524e-07,1.7388974756456673e-05,1.739576661141786e-05
fine,56.2,-2.0971912904320997e-07,-2.102204129191852e-07,-2.0975221647823875e-07,1.7186716177251236e-05,1.718041684287054e-05
fine,56.25,-2.1222430467077754e-07,-2.127275283911928e-07,-2.1225714370296274e-07,1.6958145833424732e-05,1.6959249418720383e-05
fine,56.300000000000004,-2.1443297004896896e-07,-2.1493977263243163e-07,-2.144672946242723e-07,1.672137522448675e-05,1.6732182764516068e-05
fine,56.35,-2.163359058099476e-07,-2.1684663991651074e-07,-2.1637217970908597e-07,1.650967976635754e-05,1.650768995645449e-05
fine,56.4,-2.1793445655087477e-07,-2.1844853746159589e-07,-2.179722206345109e-07,1.628728790217433e-05,1.6282024726643406e-05
fine,56.45,-2.1923763356063198e-07,-2.1975557546021335e-07,-2.1927753988105946e-07,1.603893995890354e-05,1.604867627560128e-05
fine,56.5,-2.202638823600759e-07,-2.2078606873990545e-07,-2.2030646205542933e-07,1.580942987860358e-05,1.581473018915481e-05
fine,56.550000000000004,-2.2103932590499026e-07,-2.2156501955838172e-07,-2.2108399643689195e-07,1.5591270372270786e-05,1.558342062343077e-05
fine,56.6,-2.2159372061682695e-07,-2.221225156692788e-07,-2.2164023488917357e-07,1.5343314902723325e-05,1.534686036255653e-05
fine,56.65,-2.219600470099789e-07,-2.2249197623742256e-07,-2.220085977242235e-07,1.5094757969090531e-05,1.5105961865005522e-05
fine,56.7,-2.221739634845229e-07,-2.2270847001581828e-07,-2.22224151917706e-07,1.487200535367144e-05,1.486761066403768e-05
fine,56.75,-2.2227073772706284e-07,-2.2280715396261064e-07,-2.2232204985058558e-07,1.463255102584044e-05,1.4628288178076003e-05
fine,56.800000000000004,-2.2228364427660222e-07,-2.2282174647198893e-07,-2.2233600275043503e-07,1.4372453905237948e-05,1.4384034131209606e-05
fine,56.85,-2.222436840703003e-07,-2.227831585206532e-07,-2.2229691211789827e-07,1.413606757547133e-05,1.4139509783118095e-05
fine,56.9,-2.2217804477229014e-07,-2.2271836982714492e-07,-2.2223174622449455e-07,1.3904694093724434e-05,1.3896172654129465e-05
fine,56.95,-2.2210865100617603e-07,-2.2264949616088885e-07,-2.2216260781316254e-07,1.3644821168109127e-05,1.3650499910307543e-05
fine,57.0,-2.2205190934522678e-07,-2.2259309007509876e-07,-2.2210603525832402e-07,1.339219738133207e-05,1.3402822824534434e-05
fine,57.050000000000004,-2.220184069371501e-07,-2.2255973200106563e-07,-2.2207259410768805e-07,1.3161289254099603e-05,1.315522065734709e-05
fine,57.1,-2.2201253888444177e-07,-2.2255388305464654e-07,-2.2206673034731723e-07,1.2910479448412483e-05,1.290770993220066e-05
fine,57.15,-2.2203269879495072e-07,-2.2257400282097138e-07,-2.2208688863958173e-07,1.2647423465633503e-05,1.2659589608891336e-05
fine,57.2,-2.2207167854226287e-07,-2.2261293742490862e-07,-2.2212590082724072e-07,1.2408275694146878e-05,1.2409842877885956e-05
fine,57.25,-2.221172721470166e-07,-2.2265854733998246e-07,-2.2217161414583953e-07,1.2167686960847765e-05,1.215971479917986e-05
fine,57.300000000000004,-2.221532568013247e-07,-2.2269456434920937e-07,-2.2220774854227043e-07,1.1904617773300761e-05,1.1911613034064987e-05
fine,57.35,-2.2216029247099606e-07,-2.2270163914479405e-07,-2.222149445770215e-07,1.1653779349577398e-05,1.1662786951589274e-05
fine,57.4,-2.2211701657177822e-07,-2.2265853277445938e-07,-2.2217195511188012e-07,1.141765183353347e-05,1.1411198885939596e-05
fine,57.45,-2.220017080355665e-07,-2.225434448441544e-07,-2.2205697367823069e-07,1.1163084692237872e-05,1.1162053662003041e-05
fine,57.5,-2.2179358441128233e-07,-2.2233540863944368e-07,-2.2184902968353824e-07,1.0904564200094046e-05,1.0915655203731202e-05
fine,57.550000000000004,-2.2147380889916426e-07,-2.2201567971802607e-07,-2.2152937701254463e-07,1.0665490687041118e-05,1.0665695628750908e-05
fine,57.6,-2.2102734779470187e-07,-2.2156913928123023e-07,-2.2108289732099409e-07,1.0421507860001956e-05,1.0415390335944866e-05
fine,57.65,-2.2044445474748735e-07,-2.2098563875563923e-07,-2.2049944445060969e-07,1.0163723252703281e-05,1.0170619168920287e-05
fine,57.7,-2.1972101850186038e-07,-2.202611613119777e-07,-2.1977500570782794e-07,9.918349539216409e-06,9.925053682298812e-06
fine,57.75,-2.188600053137959e-07,-2.1939886108276009e-07,-2.1891274076733983e-07,9.68095985855535e-06,9.67583168819921e-06
fine,57.800000000000004,-2.1787320613560906e-07,-2.1840996489291255e-07,-2.1792388301351273e-07,9.431097760839488e-06,9.431376120637274e-06
fine,57.85,-2.1678071641856725e-07,-2.173143444373436e-07,-2.1682831127707417e-07,9.18225797121589e-06,9.19066105075559e-06
fine,57.9,-2.156109202807958e-07,-2.1614081913366046e-07,-2.156548522062164e-07,8.945834246258322e-06,8.94594149271129e-06
fine,57.95,-2.1440213478336916e-07,-2.1492730577633706e-07,-2.1444142939903577e-07,8.705847026706579e-06,8.702315026336019e-06
fine,58.0,-2.132016588737823e-07,-2.1372059272112908e-07,-2.132348370534182e-07,8.4600504308514e-06,8.46501455410361e-06
fine,58.050000000000004,-2.1206391481115278e-07,-2.125757142803862e-07,-2.120901138347359e-07,8.222229598510535e-06,8.22692350763281e-06
fine,58.1,-2.110514546350799e-07,-2.115551920249587e-07,-2.1106978365748416e-07,7.989111830344363e-06,7.986832725734906e-06
fine,58.15,-2.1023405151651185e-07,-2.1072799152795264e-07,-2.1024281194393708e-07,7.751719759375641e-06,7.751927398775332e-06
fine,58.2,-2.0968504141307187e-07,-2.1016802261020453e-07,-2.09683105444962e-07,7.51518041715504e-06,7.520172806142457e-06
fine,58.25,-2.09481108770352e-07,-2.099525293481823e-07,-2.094679018781135e-07,7.284831120794577e-06,7.286596223397137e-06
fine,58.300000000000004,-2.097019755343439e-07,-2.101603929671337e-07,-2.0967607252826115e-07,7.056703989353141e-06,7.055200175809761e-06
fine,58.35,-2.1042576460950355e-07,-2.1087004337936817e-07,-2.1038603360137574e-07,6.826840717086742e-06,6.828388758300161e-06
fine,58.4,-2.1172716842468633e-07,-2.1215728639585517e-07,-2.1167357334352361e-07,6.598269131655349e-06,6.602457694294593e-06
fine,58.45,-2.1367797987374217e-07,-2.1409327810912668e-07,-2.136098264287712e-07,6.376253151024646e-06,6.3772031779862815e-06
fine,58.5,-2.1634261692168347e-07,-2.1674228454872697e-07,-2.162590337538138e-07,6.156868744195065e-06,6.1551005581912595e-06
fine,58.550000000000004,-2.197746649883516e-07,-2.2015940661315982e-07,-2.1967626762081337e-07,5.933508182205356e-06,5.935968121089127e-06
fine,58.6,-2.240181813999102e-07,-2.2438867296528117e-07,-2.2390552497218777e-07,5.714104784930323e-06,5.718830123205989e-06
fine,58.65,-2.291048444809866e-07,-2.2946114321727524e-07,-2.2897783104000126e-07,5.50457006709401e-06,5.503172912235432e-06
fine,58.7,-2.350495081287332e-07,-2.353930384256797e-07,-2.349093704148698e-07,5.2918336949343726e-06,5.289878829062302e-06
fine,58.75,-2.4185165384205787e-07,-2.4218443352868763e-07,-2.417001801120453e-07,5.075048364908664e-06,5.080782747694494e-06
fine,58.800000000000004,-2.4949490388472093e-07,-2.498181810460824e-07,-2.493330739778981e-07,4.871098901641077e-06,4.873882179387998e-06
fine,58.85,-2.57942826911179e-07,-2.5825887610490385e-07,-2.5777260850409847e-07,4.672178002710107e-06,4.667159400628008e-06
fine,58.9,-2.6714034871928385e-07,-2.6745252733861644e-07,-2.669647545248398e-07,4.4625276358299445e-06,4.464780679360257e-06
fine,58.95,-2.770158268200825e-07,-2.773266798145418e-07,-2.7683702094795435e-07,4.260059132171083e-06,4.2674789058672815e-06
fine,59.0,-2.8747806326086057e-07,-2.877904938049587e-07,-2.872985343615404e-07,4.073234530570475e-06,4.069612139300201e-06
fine,59.050000000000004,-2.984173687680596e-07,-2.987355447614197e-07,-2.982408398085007e-07,3.877087608324251e-06,3.873448066521365e-06
fine,59.1,-3.0970967004491366e-07,-3.1003732050883583e-07,-3.095393987126582e-07,3.6760753841365196e-06,3.684584743393139e-06
fine,59.15,-3.2121573569511897e-07,-3.2155652296971594e-07,-3.2105489130613913e-07,3.4956537968021567e-06,3.4975198151316657e-06
fine,59.2,-3.3278228899289835e-07,-3.331408782373434e-07,-3.326350273338936e-07,3.316808730408967e-06,3.309045190142948e-06
fine,59.25,-3.442473404716593e-07,-3.4462787872491257e-07,-3.4411728871087155e-07,3.122384988177661e-06,3.126959342700816e-06
fine,59.300000000000004,-3.554411994817405e-07,-3.5584723007535804e-07,-3.5533137685755104e-07,2.942712633841745e-06,2.9506443892830616e-06
fine,59.35,-3.6618746143458505e-07,-3.666233433230773e-07,-3.6610170519253643e-07,2.779423171566295e-06,2.7723761686256396e-06
fine,59.4,-3.7630892730975575e-07,-3.767788662786149e-07,-3.7625093069719015e-07,2.5991831843659343e-06,2.596883346165004e-06
fine,59.45,-3.8563058630843604e-07,-3.8613797865491683e-07,-3.856032491072567e-07,2.418961343058146e-06,2.4295214065262537e-06
fine,59.5,-3.939807602876838e-07,-3.945291337717487e-07,-3.939871365826176e-07,2.264624742203666e-06,2.2629648352125436e-06
fine,59.550000000000004,-4.0119629329480724e-07,-4.0178869631288077e-07,-4.012389872773359e-07,2.103902084315137e-06,2.0958266284271332e-06
fine,59.6,-4.0712588252694355e-07,-4.0776456539958396e-07,-4.072067361031019e-07,1.9277753719653432e-06,1.935753007072735e-06
fine,59.65,-4.116313403751564e-07,-4.1231870894494927e-07,-4.1175239268765985e-07,1.77496867997212e-06,1.78027940393982e-06
fine,59.7,-4.145924531811253e-07,-4.1533017731262086e-07,-4.1475505450530973e-07,1.6332549004953722e-06,1.623748243729737e-06
fine,59.75,-4.159097377178696e-07,-4.166983898517982e-07,-4.1611419277016984e-07,1.4694810330763276e-06,1.4710572932667387e-06
fine,59.800000000000004,-4.1550460403414825e-07,-4.163450267925662e-07,-4.1575154363324425e-07,1.3147410494941283e-06,1.3247671490322476e-06
fine,59.85,-4.133236561298209e-07,-4.1421581094543113e-07,-4.136128890902046e-07,1.185682740058961e-06,1.1796881999076756e-06
fine,59.9,-4.093407535207135e-07,-4.102828050110051e-07,-4.0967035340702686e-07,1.0413160296444643e-06,1.0360625207490777e-06
fine,59.95,-4.0355461889606605e-07,-4.0454530006316314e-07,-4.039232906983511e-07,8.875481609905053e-07,8.977121441527809e-07
fine,60.0,-3.9599197513495416e-07,-3.9702998480964327e-07,-3.9639845324402387e-07,7.62596410046689e-07,7.630210223141773e-07
fine,60.050000000000004,-3.8671024637468274e-07,-3.877917732315324e-07,-3.871508181254101e-07,6.39249888110513e-07,6.300303785826085e-07
fine,60.1,-3.7579241314553325e-07,-3.769134825373832e-07,-3.762632641910176e-07,4.942047080004041e-07,5.00123845309255e-07
fine,60.15,-3.6334644411166044e-07,-3.6450428662718427e-07,-3.638450245554052e-07,3.676292513574613e-07,3.7413800601730267e-07
fine,60.2,-3.495089187935537e-07,-3.506988610685507e-07,-3.5003083059906364e-07,2.6048045164071564e-07,2.517322008905406e-07
fine,60.25,-3.344397888410817e-07,-3.356558670074931e-07,-3.349793949520469e-07,1.322661927189844e-07,1.317865409217819e-07
fine,60.300000000000004,-3.1831729366945755e-07,-3.1955488764966063e-07,-3.188703471327297e-07,4.4188253894303055e-09,1.394452606639902e-08
fine,60.35,-3.013400938339611e-07,-3.025939671269323e-07,-3.019017716201474e-07,-9.497284217838924e-08,-9.941543758458371e-08
fine,60.4,-2.837236997617847e-07,-2.8498714486980784e-07,-2.8428774151695477e-07,-2.0253911893548216e-07,-2.0861675098347504e-07
fine,60.45,-2.656932206527915e-07,-2.6696036898379707e-07,-2.6625423135149685e-07,-3.2565081559307833e-07,-3.1727266451304506e-07
fine,60.5,-2.474826084970068e-07,-2.487477800761622e-07,-2.480354004372164e-07,-4.245276146920997e-07,-4.2304679847015384e-07
fine,60.550000000000004,-2.2933181055935166e-07,-2.3058870016909737e-07,-2.2987058143684498e-07,-5.139256806865753e-07,-5.224662613781049e-07
fine,60.6,-2.1148010463332608e-07,-2.1272323491735875e-07,-2.1199988239856012e-07,-6.243519909472626e-07,-6.204822025184497e-07
fine,60.65,-1.9416408893045046e-07,-1.9538789315648096e-07,-1.946598062711604e-07,-7.249002608188282e-07,-7.186163219272893e-07
fine,60.7,-1.7761402203929613e-07,-1.7881250167692514e-07,-1.7808016578325196e-07,-8.032044923477574e-07,-8.102725673416701e-07
fine,60.75,-1.6204732328529624e-07,-1.6321627156151765e-07,-1.6248015006046484e-07,-8.956765627177173e-07,-8.97449936306866e-07
fine,60.800000000000004,-1.4766803104694413e-07,-1.4880350497959677e-07,-1.4806403185916222e-07,-9.943471336220213e-07,-9.864550153293554e-07
fine,60.85,-1.3466412939356498e-07,-1.3576090647390114e-07,-1.3501847942363907e-07,-1.0690499960627793e-06,-1.0717182709685371e-06
fine,60.9,-1.2319970497882924e-07,-1.2425477363891157e-07,-1.2350974788454198e-07,-1.143730869554909e-06,-1.149646452926624e-06
fine,60.95,-1.1341541069494641e-07,-1.1442755872086991e-07,-1.1368024171508668e-07,-1.2339053802755449e-06,-1.2280950808874122e-06
fine,61.0,-1.0542998103027306e-07,-1.0639600110805792e-07,-1.056466481694026e-07,-1.308900785572546e-06,-1.306589583531931e-06
fine,61.050000000000004,-9.933200446910496e-08,-1.0024986134939435e-07,-9.949867234042545e-08,-1.3708004014072631e-06,-1.3775518605529637e-06
fine,61.1,-9.517885030184848e-08,-9.604994248459486e-08,-9.529705960966403e-08,-1.446957431488709e-06,-1.4455723738938462e-06
fine,61.15,-9.300316826520972e-08,-9.38273655748854e-08,-9.30728723272149e-08,-1.5210208118953089e-06,-1.5156906276891858e-06
fine,61.2,-9.28077940003847e-08,-9.358398285878673e-08,-9.282790412693477e-08,-1.5767209459477171e-06,-1.5809741669251602e-06
fine,61.25,-9.456125726170118e-08,-9.529216325143477e-08,-9.453446658800827e-08,-1.6375107104711996e-06,-1.6403727651586471e-06
fine,61.300000000000004,-9.820644320312731e-08,-9.889535285922722e-08,-9.813595087187091e-08,-1.7059223860301336e-06,-1.7008914579859945e-06
fine,61.35,-1.0366194941493561e-07,-1.043100348957237e-07,-1.0354878868917084e-07,-1.759811682672746e-06,-1.7600395306821081e-06
fine,61.4,-1.1081639767835278e-07,-1.1142724085394064e-07,-1.1066396444536982e-07,-1.8083317120569182e-06,-1.8129821568886836e-06
fine,61.45,-1.1953535654884226e-07,-1.201143010801021e-07,-1.1934876668622823e-07,-1.866345108456421e-06,-1.8642911538256872e-06
fine,61.5,-1.2966788792714472e-07,-1.3021798407880072e-07,-1.2944992814546932e-07,-1.918656950044534e-06,-1.915919558183733e-06
fine,61.550000000000004,-1.4104232158636512e-07,-1.4156739661240418e-07,-1.4079652644822642e-07,-1.960067256491145e-06,-1.9634055282157243e-06
fine,61.6,-1.534701804005237e-07,-1.5397660406740987e-07,-1.532026049378567e-07,-2.0059307030602463e-06,-2.0072778189271915e-06
fine,61.65,-1.6675576158883634e-07,-1.672483954531971e-07,-1.6647093798348447e-07,-2.0535672503311523e-06,-2.0506463193509333e-06
fine,61.7,-1.806951794394344e-07,-1.8117802138629372e-07,-1.8039676911232624e-07,-2.091788266589692e-06,-2.0921305877973536e-06
fine,61.75,-1.950771857511147e-07,-1.9555622098570763e-07,-1.9477083789471824e-07,-2.1275185254476515e-06,-2.1303185977622307e-06
fine,61.800000000000004,-2.096922862925623e-07,-2.1017296182588788e-07,-2.093831197454205e-07,-2.166845165807573e-06,-2.166217630811959e-06
fine,61.85,-2.2433496181902424e-07,-2.2482134224035322e-07,-2.240267279352442e-07,-2.2024832954433664e-06,-2.2006432713482264e-06
fine,61.9,-2.388032722699491e-07,-2.393005242531046e-07,-2.385008460880198e-07,-2.23214310969354e-06,-2.2336167754083936e-06
fine,61.95,-2.5290574599178487e-07,-2.5341883428510267e-07,-2.526138283425325e-07,-2.2617894030423905e-06,-2.263816724334843e-06
fine,62.0,-2.6646485488270335e-07,-2.6699713964056967e-07,-2.661865752046712e-07,-2.292481655150516e-06,-2.2910501795259954e-06
fine,62.050000000000004,-2.7931595760029753e-07,-2.798712307717741e-07,-2.79054915079149e-07,-2.3192961626463143e-06,-2.31799590760377e-06
fine,62.1,-2.913116952295096e-07,-2.918938393876531e-07,-2.9107162157567867e-07,-2.3411574084005536e-06,-2.3438249230860096e-06
fine,62.15,-3.023254036644091e-07,-3.029369137191691e-07,-3.0210868794241145e-07,-2.3639065306234888e-06,-2.365178753491352e-06
fine,62.2,-3.122497831468302e-07,-3.128930874809472e-07,-3.1205879515687757e-07,-2.3881885664460455e-06,-2.3852045493793114e-06
fine,62.25,-3.2099921936449935e-07,-3.216764179841219e-07,-3.208360491423502e-07,-2.40609446339783e-06,-2.406570365068859e-06
fine,62.300000000000004,-3.285117104430981e-07,-3.2922323110434075e-07,-3.283768248619058e-07,-2.419924795270844e-06,-2.4239684909174725e-06
fine,62.35,-3.347459770236006e-07,-3.354924540180894e-07,-3.3464009820300285e-07,-2.4391402529327717e-06,-2.4373869913057227e-06
fine,62.4,-3.3968245176817453e-07,-3.4046511456232505e-07,-3.3960694450248455e-07,-2.4561842034734625e-06,-2.4531117524850616e-06
fine,62.45,-3.43325437613909e-07,-3.4414374805519235e-07,-3.432799445919729e-07,-2.4633279296055517e-06,-2.4676721767144786e-06
fine,62.5,-3.456988743838544e-07,-3.465515641279605e-07,-3.456823509247266e-07,-2.4741934676329095e-06,-2.476209124300606e-06
fine,62.550000000000004,-3.4684421841723477e-07,-3.4773092765524275e-07,-3.468565678557439e-07,-2.490539650707155e-06,-2.485358856040649e-06
fine,62.6,-3.468224741664205e-07,-3.4774161740195584e-07,-3.4686240972077705e-07,-2.495373057992922e-06,-2.4966562826230188e-06
fine,62.65,-3.457102780152883e-07,-3.466590253801461e-07,-3.4577529972410667e-07,-2.4965716197198336e-06,-2.502407297280198e-06
fine,62.7,-3.4359518823113316e-07,-3.445719554107761e-07,-3.436840681129626e-07,-2.5092061477578933e-06,-2.505438947762265e-06
fine,62.75,-3.405771121148932e-07,-3.415802123997425e-07,-3.406885411600956e-07,-2.5156168247251616e-06,-2.512081130868841e-06
fine,62.800000000000004,-3.367661364387831e-07,-3.377922352258422e-07,-3.368971738671805e-07,-2.5093396489366174e-06,-2.5161301043333666e-06
fine,62.85,-3.3227625850233796e-07,-3.3332261850852845e-07,-3.324245716401807e-07,-2.5139757326823973e-06,-2.5148717223694524e-06
fine,62.9,-3.2722501973251376e-07,-3.282895625558742e-07,-3.273889402389067e-07,-2.5228385089529008e-06,-2.515876676655099e-06
fine,62.95,-3.2173318678007163e-07,-3.2281244562533424e-07,-3.2190965814300895e-07,-2.514108495190759e-06,-2.517749594667869e-06
fine,63.0,-3.15918816180468e-07,-3.170094990206977e-07,-3.161049518393217e-07,-2.508095919562447e-06,-2.5142541616576163e-06
fine,63.050000000000004,-3.0989534036672654e-07,-3.109955881987301e-07,-3.1008967719844265e-07,-2.5164771662478655e-06,-2.5100549155831283e-06
fine,63.1,-3.037730208295324e-07,-3.048802009404302e-07,-3.0397330800113976e-07,-2.510585477666986e-06,-2.5084363416701077e-06
fine,63.15,-2.976546627085336e-07,-2.987656649868589e-07,-2.9785815399289003e-07,-2.4950387578616236e-06,-2.503694672196731e-06
fine,63.2,-2.9163232567472605e-07,-2.927456059248038e-07,-2.9183781923842747e-07,-2.497703290968356e-06,-2.4959570058437783e-06
fine,63.25,-2.8578986893963135e-07,-2.869036852548735e-07,-2.859959407131459e-07,-2.4972519730865303e-06,-2.4900253374362035e-06
fine,63.300000000000004,-2.802012651372409e-07,-2.81312628196632e-07,-2.804052166641076e-07,-2.477060179535464e-06,-2.4835976073653843e-06
fine,63.35,-2.749261481128944e-07,-2.760335459887789e-07,-2.7512672947698754e-07,-2.4694731828694414e-06,-2.4740586941715767e-06
fine,63.4,-2.7001241277935505e-07,-2.7111556052913666e-07,-2.7020957089700885e-07,-2.4727765882154933e-06,-2.464314811296115e-06
fine,63.45,-2.65498569575422e-07,-2.665957255758526e-07,-2.656907638090345e-07,-2.4543979686962983e-06,-2.455129030058408e-06
fine,63.5,-2.6140966261273114e-07,-2.624992267981029e-07,-2.615954628382605e-07,-2.435519027494926e-06,-2.4444628994308702e-06
fine,63.550000000000004,-2.5775746757693497e-07,-2.5883983615943187e-07,-2.5793740925543725e-07,-2.4373451778404577e-06,-2.432402871382412e-06
fine,63.6,-2.54545555170756e-07,-2.556206129336461e-07,-2.547196324803276e-07,-2.4255778841406654e-06,-2.41999390169448e-06
fine,63.65,-2.5176831065499644e-07,-2.5283482348468045e-07,-2.5193537028976987e-07,-2.3988444709938335e-06,-2.4076347275109615e-06
fine,63.7,-2.494088293108454e-07,-2.504670148448425e-07,-2.495691427621874e-07,-2.393145558490591e-06,-2.3946041203030256e-06
fine,63.75,-2.4744344159172143e-07,-2.4849422904410465e-07,-2.475979669152855e-07,-2.388658744358494e-06,-2.3797420333142977e-06
fine,63.800000000000004,-2.458443011052773e-07,-2.4688734854269276e-07,-2.459927023731063e-07,-2.3605702777133385e-06,-2.3647588542724403e-06
fine,63.85,-2.445771777325253e-07,-2.456124804672679e-07,-2.4471943575855093e-07,-2.343733370768067e-06,-2.3509839688281567e-06
fine,63.9,-2.4360353615566073e-07,-2.446323431730993e-07,-2.437408673448356e-07,-2.342721874076698e-06,-2.335196015513692e-06
fine,63.95,-2.4288474493344854e-07,-2.439076778862619e-07,-2.4301772271625403e-07,-2.31976544359153e-06,-2.3174411100309903e-06
fine,64.0,-2.4238149580261756e-07,-2.433986015494023e-07,-2.425101055593761e-07,-2.292633399330052e-06,-2.3020412307031322e-06
fine,64.05,-2.420537019001105e-07,-2.430658326169193e-07,-2.4217872334442344e-07,-2.2887889971252264e-06,-2.2864655618100082e-06
fine,64.1,-2.4186380271279315e-07,-2.4287183286349125e-07,-2.4198602896787496e-07,-2.2743430679676674e-06,-2.267025702545149e-06
fine,64.15,-2.417776167488248e-07,-2.4278182372831075e-07,-2.4189723688057285e-07,-2.2419416609788207e-06,-2.248971564580699e-06
fine,64.2,-2.417636268316819e-07,-2.4276459333750814e-07,-2.4188112985745824e-07,-2.229685397010058e-06,-2.2335138648585583e-06
fine,64.25,-2.4179463738118413e-07,-2.427931340516704e-07,-2.419106962687771e-07,-2.2225203288404176e-06,-2.214099767419708e-06
fine,64.3,-2.418487593959398e-07,-2.428451205354529e-07,-2.419636078558343e-07,-2.1916707430031005e-06,-2.193310283913458e-06
fine,64.35,-2.419085736140693e-07,-2.4290315949786183e-07,-2.4202246917157616e-07,-2.1689483639337076e-06,-2.1767968220746585e-06
fine,64.4,-2.4196151726865495e-07,-2.429548351807558e-07,-2.420748627768781e-07,-2.1640568667605994e-06,-2.158581258633584e-06
fine,64.45,-2.420003092925619e-07,-2.429925951377227e-07,-2.4211323474235574e-07,-2.14015746306948e-06,-2.136261759475696e-06
fine,64.5,-2.4202199530388596e-07,-2.430134445024658e-07,-2.4213458866350916e-07,-2.10938506925529e-06,-2.117457940358283e-06
fine,64.55,-2.420275274900199e-07,-2.430184632874526e-07,-2.421400027397665e-07,-2.100635555543858e-06,-2.100302789604527e-06
fine,64.6,-2.420215966743659e-07,-2.4301220049334173e-07,-2.421340237038833e-07,-2.0852773199643493e-06,-2.078260550306967e-06
fine,64.65,-2.4201156760798633e-07,-2.430019496702872e-07,-2.421239422475465e-07,-2.052041400273326e-06,-2.0569372365430126e-06
fine,64.7,-2.4200660481181935e-07,-2.429969252096497e-07,-2.4211896922608704e-07,-2.035230268641777e-06,-2.039614323131627e-06
fine,64.75,-2.4201698840402744e-07,-2.4300738649347695e-07,-2.4212935977152834e-07,-2.0258007646577333e-06,-2.019103576400526e-06
fine,64.8,-2.420530674854701e-07,-2.4304373246063994e-07,-2.421655078732396e-07,-1.9960892585049786e-06,-1.9963207752749333e-06
fine,64.85,-2.4212450076460395e-07,-2.4311559715813786e-07,-2.4223704199335994e-07,-1.9708415539050387e-06,-1.977533319461426e-06
fine,64.9,-2.422393524318054e-07,-2.432309842970962e-07,-2.423519597335069e-07,-1.9621902206620136e-06,-1.958530752766793e-06
fine,64.95,-2.424029839127615e-07,-2.433954604512714e-07,-2.425158211871256e-07,-1.939633788335097e-06,-1.9359460878849618e-06
fine,65.0,-2.4261776662904275e-07,-2.4361144180755315e-07,-2.427310358809048e-07,-1.909285663617155e-06,-1.915344740511696e-06
finer,0.0,0.0,0.0,0.0,0.0,0.0
finer,0.05,0.0,0.0,0.0,0.0,0.0
finer,0.1,0.0,0.0,0.0,0.0,0.0
finer,0.15,0.0,0.0,0.0,0.0,0.0
finer,0.2,0.0,0.0,0.0,0.0,0.0
finer,0.25,0.0,0.0,0.0,0.0,0.0
finer,0.3,0.0,0.0,0.0,0.0,0.0
finer,0.35000000000000003,0.0,0.0,0.0,0.0,0.0
finer,0.4,0.0,0.0,0.0,0.0,0.0
finer,0.45,0.0,0.0,0.0,0.0,0.0
finer,0.5,0.0,0.0,0.0,0.0,0.0
finer,0.55,0.0,0.0,0.0,0.0,0.0
finer,0.6,0.0,0.0,0.0,0.0,0.0
finer,0.65,0.0,0.0,0.0,0.0,0.0
finer,0.7000000000000001,0.0,0.0,0.0,0.0,0.0
finer,0.75,0.0,0.0,0.0,0.0,0.0
finer,0.8,0.0,0.0,0.0,0.0,0.0
finer,0.85,0.0,0.0,0.0,0.0,0.0
finer,0.9,0.0,0.0,0.0,0.0,0.0
finer,0.9500000000000001,0.0,0.0,0.0,0.0,0.0
finer,1.0,0.0,0.0,0.0,0.0,0.0
finer,1.05,0.0,0.0,0.0,0.0,0.0
finer,1.1,0.0,0.0,0.0,0.0,0.0
finer,1.1500000000000001,0.0,0.0,0.0,0.0,0.0
finer,1.2,0.0,0.0,0.0,0.0,0.0
finer,1.25,0.0,0.0,0.0,0.0,0.0
finer,1.3,0.0,0.0,0.0,0.0,0.0
finer,1.35,0.0,0.0,0.0,0.0,0.0
finer,1.4000000000000001,0.0,0.0,0.0,0.0,0.0
finer,1.45,0.0,0.0,0.0,0.0,0.0
finer,1.5,0.0,0.0,0.0,0.0,0.0
finer,1.55,0.0,0.0,0.0,0.0,0.0
finer,1.6,0.0,0.0,0.0,0.0,0.0
finer,1.6500000000000001,0.0,0.0,0.0,0.0,0.0
finer,1.7,0.0,0.0,0.0,0.0,0.0
finer,1.75,0.0,0.0,0.0,0.0,0.0
finer,1.8,0.0,0.0,0.0,0.0,0.0
finer,1.85,0.0,0.0,0.0,0.0,0.0
finer,1.9000000000000001,0.0,0.0,0.0,0.0,0.0
finer,1.95,0.0,0.0,0.0,0.0,0.0
finer,2.0,0.0,0.0,0.0,0.0,0.0
finer,2.05,0.0,0.0,0.0,0.0,0.0
finer,2.1,0.0,0.0,0.0,0.0,0.0
finer,2.15,0.0,0.0,0.0,0.0,0.0
finer,2.2,0.0,0.0,0.0,0.0,0.0
finer,2.25,0.0,0.0,0.0,0.0,0.0
finer,2.3000000000000003,0.0,0.0,0.0,0.0,0.0
finer,2.35,0.0,0.0,0.0,0.0,0.0
finer,2.4,0.0,0.0,0.0,0.0,0.0
finer,2.45,0.0,0.0,0.0,0.0,0.0
finer,2.5,0.0,0.0,0.0,0.0,0.0
finer,2.5500000000000003,0.0,0.0,0.0,0.0,0.0
finer,2.6,0.0,0.0,0.0,0.0,0.0
finer,2.65,0.0,0.0,0.0,0.0,0.0
finer,2.7,0.0,0.0,0.0,0.0,0.0
finer,2.75,0.0,0.0,0.0,0.0,0.0
finer,2.8000000000000003,0.0,0.0,0.0,0.0,0.0
finer,2.85,0.0,0.0,0.0,0.0,0.0
finer,2.9,0.0,0.0,0.0,0.0,0.0
finer,2.95,0.0,0.0,0.0,0.0,0.0
finer,3.0,0.0,0.0,0.0,0.0,0.0
finer,3.0500000000000003,0.0,0.0,0.0,0.0,0.0
finer,3.1,0.0,0.0,0.0,0.0,0.0
finer,3.15,0.0,0.0,0.0,0.0,0.0
finer,3.2,0.0,0.0,0.0,0.0,0.0
finer,3.25,0.0,0.0,0.0,0.0,0.0
finer,3.3000000000000003,0.0,0.0,0.0,0.0,0.0
finer,3.35,0.0,0.0,0.0,0.0,0.0
finer,3.4,0.0,0.0,0.0,0.0,0.0
finer,3.45,0.0,0.0,0.0,0.0,0.0
finer,3.5,0.0,0.0,0.0,0.0,0.0
finer,3.5500000000000003,0.0,0.0,0.0,0.0,0.0
finer,3.6,0.0,0.0,0.0,0.0,0.0
finer,3.65,0.0,0.0,0.0,0.0,0.0
finer,3.7,0.0,0.0,0.0,0.0,0.0
finer,3.75,0.0,0.0,0.0,0.0,0.0
finer,3.8000000000000003,0.0,0.0,0.0,0.0,0.0
finer,3.85,0.0,-0.0,-0.0,0.0,0.0
finer,3.9,0.0,-0.0,-0.0,0.0,0.0
finer,3.95,0.0,-0.0,-0.0,0.0,0.0
finer,4.0,0.0,-0.0,-0.0,0.0,0.0
finer,4.05,0.0,-0.0,-0.0,0.0,0.0
finer,4.1,0.0,-0.0,-0.0,0.0,0.0
finer,4.15,0.0,-0.0,-0.0,0.0,0.0
finer,4.2,0.0,-0.0,-0.0,0.0,0.0
finer,4.25,0.0,-0.0,-0.0,0.0,0.0
finer,4.3,0.0,-0.0,-0.0,0.0,0.0
finer,4.3500000000000005,0.0,-0.0,-0.0,0.0,0.0
finer,4.4,0.0,-0.0,-0.0,0.0,0.0
finer,4.45,0.0,-0.0,-0.0,0.0,0.0
finer,4.5,0.0,-0.0,-0.0,0.0,0.0
finer,4.55,0.0,-0.0,-0.0,0.0,0.0
finer,4.6000000000000005,0.0,-0.0,-0.0,0.0,0.0
finer,4.65,0.0,-0.0,-0.0,0.0,0.0
finer,4.7,0.0,-0.0,-0.0,0.0,0.0
finer,4.75,0.0,-0.0,-0.0,0.0,0.0
finer,4.8,0.0,-0.0,-0.0,0.0,0.0
finer,4.8500000000000005,0.0,-0.0,-0.0,0.0,0.0
finer,4.9,0.0,-0.0,-0.0,0.0,0.0
finer,4.95,0.0,-0.0,-0.0,0.0,0.0
finer,5.0,0.0,-0.0,-0.0,0.0,0.0
finer,5.05,0.0,-0.0,-0.0,0.0,0.0
finer,5.1000000000000005,0.0,-0.0,-0.0,0.0,0.0
finer,5.15,0.0,-0.0,-0.0,0.0,0.0
finer,5.2,0.0,-0.0,-0.0,0.0,0.0
finer,5.25,0.0,-0.0,-0.0,0.0,0.0
finer,5.3,0.0,-0.0,-0.0,0.0,0.0
finer,5.3500000000000005,0.0,-0.0,-0.0,0.0,0.0
finer,5.4,0.0,-0.0,-0.0,0.0,0.0
finer,5.45,0.0,-0.0,-0.0,0.0,0.0
finer,5.5,0.0,-0.0,-0.0,0.0,0.0
finer,5.55,0.0,-0.0,-0.0,0.0,0.0
finer,5.6000000000000005,0.0,-0.0,-0.0,0.0,-1.14e-322
finer,5.65,0.0,-0.0,-0.0,0.0,-1.100675e-318
finer,5.7,0.0,-0.0,-0.0,0.0,-9.441177194e-315
finer,5.75,0.0,-0.0,-0.0,0.0,-7.3440916360693e-311
finer,5.8,0.0,3e-322,3e-322,0.0,-5.1892491828388024e-307
finer,5.8500000000000005,0.0,2.450333e-318,2.450333e-318,0.0,-3.33591705732719e-303
finer,5.9,0.0,1.7232416453e-314,1.7232416453e-314,0.0,-1.954070528940194e-299
finer,5.95,0.0,1.0961241347731e-310,1.0961241347731e-310,0.0,-1.0445529291950752e-295
finer,6.0,0.0,6.317857937865283e-307,6.317857937865283e-307,0.0,-5.102917175413189e-292
finer,6.05,0.0,3.305926639109232e-303,3.305926639109232e-303,0.0,-2.2814944449848836e-288
finer,6.1000000000000005,0.0,1.5733950513341375e-299,1.5733950513341375e-299,0.0,-9.348267095778271e-285
finer,6.15,0.0,6.823252144089769e-296,6.823252144089769e-296,0.0,-3.515079834086825e-281
finer,6.2,0.0,2.7009476560678897e-292,2.7009476560678897e-292,0.0,-1.2144997752507204e-277
finer,6.25,0.0,9.775651075575095e-289,9.775651075575095e-289,0.0,-3.8607207287919904e-274
finer,6.3,0.0,3.2402971973302513e-285,3.2402971973302513e-285,0.0,-1.1305346243506588e-270
finer,6.3500000000000005,0.0,9.851677626153336e-282,9.851677626153336e-282,0.0,-3.0532721008664944e-267
finer,6.4,0.0,2.751509693910606e-278,2.751509693910606e-278,0.0,-7.614146503938596e-264
finer,6.45,0.0,7.069536371274566e-275,7.069536371274566e-275,0.0,-1.755277134440755e-260
finer,6.5,0.0,1.673281445630927e-271,1.673281445630927e-271,0.0,-3.744732291800986e-257
finer,6.55,0.0,3.6532672977774687e-268,3.6532672977774687e-268,0.0,-7.401435502988398e-254
finer,6.6000000000000005,0.0,7.366870838882998e-265,7.366870838882998e-265,0.0,-1.3567154287714364e-250
finer,6.65,0.0,1.373752110856584e-261,1.373752110856584e-261,0.0,-2.3087936971202228e-247
finer,6.7,0.0,2.3717724106975983e-258,2.3717724106975983e-258,0.0,-3.651234962989315e-244
finer,6.75,0.0,3.7955507711585967e-255,3.7955507711585967e-255,0.0,-5.3712652831892476e-241
finer,6.8,0.0,5.636308698371169e-252,5.636308698371169e-252,0.0,-7.357138998425652e-238
finer,6.8500000000000005,0.0,7.774959342063455e-249,7.774959342063455e-249,0.0,-9.391609952514264e-235
finer,6.9,0.0,9.97321413952744e-246,9.97321413952744e-246,0.0,-1.1183125128586125e-231
finer,6.95,0.0,1.1908084606201275e-242,1.1908084606201275e-242,0.0,-1.2432604863225209e-228
finer,7.0,0.0,1.3247719167975183e-239,1.3247719167975183e-239,0.0,-1.2915504401793208e-225
finer,7.05,0.0,1.3744934229109308e-236,1.3744934229109308e-236,0.0,-1.2548054426762431e-222
finer,7.1000000000000005,0.0,1.331203125072245e-233,1.331203125072245e-233,0.0,-1.1410743783771305e-219
finer,7.15,0.0,1.2045707142364014e-230,1.2045707142364014e-230,0.0,-9.72013584988753e-217
finer,7.2,0.0,1.0192523200975337e-227,1.0192523200975337e-227,0.0,-7.76232086701394e-214
finer,7.25,0.0,8.071553056833634e-225,8.071553056833634e-225,0.0,-5.815723970092159e-211
finer,7.3,0.0,5.98705060653071e-222,5.98705060653071e-222,0.0,-4.091035206647235e-208
finer,7.3500000000000005,0.0,4.162879985410653e-219,4.162879985410653e-219,0.0,-2.7039374306579336e-205
finer,7.4,0.0,2.7154098275101228e-216,2.7154098275101228e-216,0.0,-1.6803643713856273e-202
finer,7.45,0.0,1.6628912547170737e-213,1.6628912547170737e-213,0.0,-9.825529874684597e-200
finer,7.5,0.0,9.567469483338814e-211,9.567469483338814e-211,0.0,-5.409405379937406e-197
finer,7.55,0.0,5.175408045433659e-208,5.175408045433659e-208,0.0,-2.8059033018784597e-194
finer,7.6000000000000005,0.0,2.633952088238916e-205,2.633952088238916e-205,0.0,-1.3721687159342152e-191
finer,7.65,0.0,1.2620619270327778e-202,1.2620619270327778e-202,0.0,-6.330377201787854e-189
finer,7.7,0.0,5.697040012520475e-200,5.697040012520475e-200,0.0,-2.7568193758688597e-186
finer,7.75,0.0,2.4243356731467752e-197,2.4243356731467752e-197,0.0,-1.1339841928742766e-183
finer,7.8,0.0,9.731576423349261e-195,9.731576423349261e-195,0.0,-4.4084208957100423e-181
finer,7.8500000000000005,0.0,3.6871085387234795e-192,3.6871085387234795e-192,0.0,-1.620645761807516e-178
finer,7.9,0.0,1.3193490079897619e-189,1.3193490079897619e-189,0.0,-5.6372610163662116e-176
finer,7.95,0.0,4.461253770187449e-187,4.461253770187449e-187,0.0,-1.8563664517374864e-173
finer,8.0,0.0,1.426342634167792e-184,1.426342634167792e-184,0.0,-5.790418686930527e-171
finer,8.05,0.0,4.314204952202537e-182,4.314204952202537e-182,0.0,-1.711736279942502e-168
finer,8.1,0.0,1.2351568273792707e-179,1.2351568273792707e-179,0.0,-4.798099154792305e-166
finer,8.15,0.0,3.3490116202072298e-177,3.3490116202072298e-177,0.0,-1.2759302024760458e-163
finer,8.2,0.0,8.604145545750124e-175,8.604145545750124e-175,0.0,-3.2205121918708394e-161
finer,8.25,0.0,2.0956239059069743e-172,2.0956239059069743e-172,0.0,-7.719222284887669e-159
finer,8.3,0.0,4.84112410500542e-170,4.84112410500542e-170,0.0,-1.757835804944262e-156
finer,8.35,0.0,1.0612411532051958e-167,1.0612411532051958e-167,0.0,-3.8048739031598454e-154
finer,8.4,0.0,2.208613438156601e-165,2.208613438156601e-165,0.0,-7.831699765825615e-152
finer,8.45,0.0,4.365772373063878e-163,4.365772373063878e-163,0.0,-1.533620255561157e-149
finer,8.5,0.0,8.200333504787915e-161,8.200333504787915e-161,0.0,-2.8583385780981717e-147
finer,8.55,0.0,1.4642651023995968e-158,1.4642651023995968e-158,0.0,-5.072561822959849e-145
finer,8.6,0.0,2.4866232000428733e-156,2.4866232000428733e-156,0.0,-8.57508823915919e-143
finer,8.65,0.0,4.0177439575011405e-154,4.0177439575011405e-154,0.0,-1.3814117382225722e-140
finer,8.700000000000001,0.0,6.178915269461134e-152,6.178915269461134e-152,0.0,-2.121547606388731e-138
finer,8.75,0.0,9.048394478425051e-150,9.048394478425051e-150,0.0,-3.1073878820740555e-136
finer,8.8,0.0,1.2621984291365432e-147,1.2621984291365432e-147,0.0,-4.3422555302796575e-134
finer,8.85,0.0,1.677815394371362e-145,1.677815394371362e-145,0.0,-5.791258899002082e-132
finer,8.9,0.0,2.1260864158848474e-143,2.1260864158848474e-143,0.0,-7.374373209324696e-130
finer,8.950000000000001,0.0,2.5691757854390797e-141,2.5691757854390797e-141,0.0,-8.968607884814702e-128
finer,9.0,0.0,2.9616602844460044e-139,2.9616602844460044e-139,0.0,-1.0421314546627892e-125
finer,9.05,0.0,3.2580212603050074e-137,3.2580212603050074e-137,9.684e-321,-1.1573476102257497e-123
finer,9.1,0.0,3.4213306103088865e-135,3.4213306103088865e-135,1.3844016e-317,-1.2288302448091451e-121
finer,9.15,0.0,3.430839894677659e-133,3.430839894677659e-133,1.8496112364e-314,-1.2478037781128852e-119
finer,9.200000000000001,0.0,3.286310223240449e-131,3.286310223240449e-131,2.3453136244005e-311,-1.2121694127989027e-117
finer,9.25,0.0,3.007838358898289e-129,3.007838358898289e-129,2.8239137545449374e-308,-1.1268757188737714e-115
finer,9.3,0.0,2.631298989686677e-127,2.631298989686677e-127,3.230318661201333e-305,-1.0027998604870023e-113
finer,9.35,0.0,2.200819289626423e-125,2.200819289626423e-125,3.512305479480013e-302,-8.544856630208195e-112
finer,9.4,0.0,1.7604458611884302e-123,1.7604458611884302e-123,3.6315995087650185e-299,-6.973827465070589e-110
finer,9.450000000000001,0.0,1.3471241613319584e-121,1.3471241613319584e-121,3.57243602982967e-296,-5.452982391435234e-108
finer,9.5,0.0,9.864127929488748e-120,9.864127929488748e-120,3.34495522251112e-293,-4.0861191822928416e-106
finer,9.55,0.0,6.9134110321629e-118,6.9134110321629e-118,2.982431380701416e-290,-2.9350572876290585e-104
finer,9.6,0.0,4.6389759679651095e-116,4.6389759679651095e-116,2.5333572623869765e-287,-2.021447139836771e-102
finer,9.65,0.0,2.980974927850634e-114,2.980974927850634e-114,2.050956265001356e-284,-1.335233361812925e-100
finer,9.700000000000001,0.0,1.8348830259035074e-112,1.8348830259035074e-112,1.5831978586161368e-281,-8.460709512130546e-99
finer,9.75,0.0,1.0821227715357459e-110,1.0821227715357459e-110,1.1657742247650427e-278,-5.144156944466961e-97
finer,9.8,0.0,6.115948599431771e-109,6.115948599431771e-109,8.191673442697496e-276,-3.0017852567921073e-95
finer,9.85,0.0,3.313355440669139e-107,3.313355440669139e-107,5.49522036771587e-273,-1.681513592741534e-93
finer,9.9,0.0,1.7210098253405986e-105,1.7210098253405986e-105,3.520661235386615e-270,-9.044219341095321e-92
finer,9.950000000000001,0.0,8.5723588277863e-104,8.5723588277863e-104,2.15506008902799e-267,-4.671792713351054e-90
finer,10.0,0.0,4.0954871214167735e-102,4.0954871214167735e-102,1.260831412931118e-264,-2.3180719517650784e-88
finer,10.05,0.0,1.877072924550843e-100,1.877072924550843e-100,7.053111862077006e-262,-1.1050641737441256e-86
finer,10.1,0.0,8.254759921253222e-99,8.254759921253222e-99,3.7739094198290766e-259,-5.06231295171657e-85
finer,10.15,0.0,3.4837531711674466e-97,3.4837531711674466e-97,1.932178396521956e-256,-2.2289090646048756e-83
finer,10.200000000000001,0.0,1.4111580246512378e-95,1.4111580246512378e-95,9.46898529503859e-254,-9.433999790636862e-82
finer,10.25,0.0,5.487164545326688e-94,5.487164545326688e-94,4.443374581780798e-251,-3.839150412279114e-80
finer,10.3,0.0,2.048400267917222e-92,2.048400267917222e-92,1.9972199374444916e-248,-1.5023913522094313e-78
finer,10.35,0.0,7.342044423416348e-91,7.342044423416348e-91,8.601813729744192e-246,-5.654705145400969e-77
finer,10.4,0.0,2.526876741529373e-89,2.526876741529373e-89,3.550999115561814e-243,-2.047308950006348e-75
finer,10.450000000000001,0.0,8.350872502832766e-88,8.350872502832766e-88,1.4055628451862336e-240,-7.131292600669677e-74
finer,10.5,0.0,2.6500862917512643e-86,2.6500862917512643e-86,5.3361686480666664e-238,-2.390159161981692e-72
finer,10.55,0.0,8.075109042738411e-85,8.075109042738411e-85,1.943687580835231e-235,-7.709365647972499e-71
finer,10.6,0.0,2.3623951510278996e-83,2.3623951510278996e-83,6.794801453087945e-233,-2.393319035180852e-69
finer,10.65,0.0,6.634346006178183e-82,6.634346006178183e-82,2.280415531670271e-230,-7.151989064511415e-68
finer,10.700000000000001,0.0,1.7880235897825707e-80,1.7880235897825707e-80,7.349696645101558e-228,-2.057542593988602e-66
finer,10.75,0.0,4.6229419050499494e-79,4.6229419050499494e-79,2.275475511814228e-225,-5.699218227342962e-65
finer,10.8,0.0,1.1460748874451342e-77,1.1460748874451342e-77,6.769385317587425e-223,-1.5200999853727774e-63
finer,10.85,0.0,2.722423548802691e-76,2.722423548802691e-76,1.935644125866159e-220,-3.904474701548083e-62
finer,10.9,0.0,6.19066509792566e-75,6.19066509792566e-75,5.321374640374762e-218,-9.658885702654654e-61
finer,10.950000000000001,0.0,1.3458600151931267e-73,1.3458600151931267e-73,1.406905765523468e-215,-2.301457290896516e-59
finer,11.0,0.0,2.792375186651101e-72,2.792375186651101e-72,3.5782267296167826e-213,-5.2823228347577e-58
finer,11.05,0.0,5.51539581674701e-71,5.51539581674701e-71,8.756876797412817e-211,-1.1679515294885088e-56
finer,11.1,0.0,1.0333377502115981e-69,1.0333377502115981e-69,2.062643177126767e-208,-2.4878909055149255e-55
finer,11.15,0.0,1.8264563178661464e-68,1.8264563178661464e-68,4.6774106912278276e-206,-5.1058757859867016e-54
finer,11.200000000000001,0.0,3.0193118998516166e-67,3.0193118998516166e-67,1.0214206473664237e-203,-1.009634692252057e-52
finer,11.25,0.0,4.598344002929267e-66,4.598344002929267e-66,2.1484777322419328e-201,-1.9236806737934232e-51
finer,11.3,0.0,6.263756677812827e-65,6.263756677812827e-65,4.354033282030863e-199,-3.531773187752093e-50
finer,11.35,0.0,7.100958741738228e-64,7.100958741738228e-64,8.503409486197056e-197,-6.248228376704664e-49
finer,11.4,0.0,5.06493914172261e-63,5.06493914172261e-63,1.600806942502818e-194,-1.065209635580418e-47
finer,11.450000000000001,0.0,-3.732958977439752e-62,-3.732958977439752e-62,2.905572276735347e-192,-1.7499829129984963e-46
finer,11.5,0.0,-2.5876974356445814e-60,-2.5876974356445814e-60,5.085948028022972e-190,-2.770486218649563e-45
finer,11.55,0.0,-7.147048705751974e-59,-7.147048705751974e-59,8.587339910949177e-188,-4.226695735890321e-44
finer,11.6,0.0,-1.546345000455914e-57,-1.546345000455914e-57,1.398908288718724e-185,-6.213902399087025e-43
finer,11.65,0.0,-2.9327583468959605e-56,-2.9327583468959605e-56,2.1991731581402677e-183,-8.80315105107142e-42
finer,11.700000000000001,0.0,-5.076968883093512e-55,-5.076968883093512e-55,3.3370549006451813e-181,-1.2017387484215331e-40
finer,11.75,0.0,-8.177503027573314e-54,-8.177503027573314e-54,4.888702431699507e-179,-1.5807529164635547e-39
finer,11.8,0.0,-1.2385654858447694e-52,-1.2385654858447694e-52,6.915780799655424e-177,-2.003454822464837e-38
finer,11.85,0.0,-1.77536328308258e-51,-1.77536328308258e-51,9.449214702069181e-175,-2.4464255130422233e-37
finer,11.9,0.0,-2.4184117598343824e-50,-2.4184117598343824e-50,1.247225869301833e-172,-2.8780081981134794e-36
finer,11.950000000000001,0.0,-3.139561740809023e-49,-3.139561740809023e-49,1.5906547719067985e-170,-3.2615618386843614e-35
finer,12.0,0.0,-3.891831026425925e-48,-3.891831026425925e-48,1.9605289373288968e-168,-3.560359167699533e-34
finer,12.05,0.0,-4.613032969183638e-47,-4.613032969183638e-47,2.3357196430705252e-166,-3.743281616771236e-33
finer,12.1,0.0,-5.233499952172322e-46,-5.233499952172322e-46,2.6902987423841638e-164,-3.7901132333795206e-32
finer,12.15,0.0,-5.686774230732809e-45,-5.686774230732809e-45,2.9963562372888975e-162,-3.6951979396639846e-31
finer,12.200000000000001,0.0,-5.921082955484846e-44,-5.921082955484846e-44,3.227594287632147e-160,-3.4685500960437544e-30
finer,12.25,0.0,-5.9089088935617655e-43,-5.9089088935617655e-43,3.363063216026712e-158,-3.134120060153784e-29
finer,12.3,0.0,-5.6522495461592355e-42,-5.6522495461592355e-42,3.3903022186224877e-156,-2.7256289697465803e-28
finer,12.35,0.0,-5.182184719594209e-41,-5.182184719594209e-41,3.3072303083521516e-154,-2.2809742324621358e-27
finer,12.4,0.0,-4.5528746855412424e-40,-4.5528746855412424e-40,3.122389925936515e-152,-1.8364886994023255e-26
finer,12.450000000000001,0.0,-3.831556828696834e-39,-3.831556828696834e-39,2.853508887580251e-150,-1.4222444481792423e-25
finer,12.5,0.0,-3.0870430335187955e-38,-3.0870430335187955e-38,2.524713754776817e-148,-1.0591899983148736e-24
finer,12.55,0.0,-2.379383328940995e-37,-2.379383328940995e-37,2.162997597945496e-146,-7.58357132849386e-24
finer,12.6,0.0,-1.7527385667932727e-36,-1.7527385667932727e-36,1.7946501002157752e-144,-5.21856510420371e-23
finer,12.65,0.0,-1.232411184651101e-35,-1.232411184651101e-35,1.4422848102553874e-142,-3.450426876288398e-22
finer,12.700000000000001,0.0,-8.258122652702366e-35,-8.258122652702366e-35,1.1228872639623265e-140,-2.1912653806920193e-21
finer,12.75,0.0,-5.262552064050048e-34,-5.262552064050048e-34,8.470330010281377e-139,-1.3361703064027445e-20
finer,12.8,0.0,-3.180788335906807e-33,-3.180788335906807e-33,6.191665747657461e-137,-7.819966486561296e-20
finer,12.85,0.0,-1.816998558011795e-32,-1.816998558011795e-32,4.38652304835815e-135,-4.390783077584223e-19
finer,12.9,0.0,-9.762495228193102e-32,-9.762495228193102e-32,3.0123166131038455e-133,-2.364154775021754e-18
finer,12.950000000000001,0.0,-4.899962883554223e-31,-4.899962883554223e-31,2.005434452696741e-131,-1.220093693361443e-17
finer,13.0,0.0,-2.274170061196394e-30,-2.274170061196394e-30,1.294503323798264e-129,-6.032016392814456e-17
finer,13.05,0.0,-9.599702771257464e-30,-9.599702771257464e-30,8.102942113259479e-128,-2.855177087780596e-16
finer,13.1,0.0,-3.5745953600653753e-29,-3.5745953600653753e-29,4.919081745303918e-126,-1.2931009235096409e-15
finer,13.15,0.0,-1.0950576635594667e-28,-1.0950576635594667e-28,2.896561812198307e-124,-5.599696278755157e-15
finer,13.200000000000001,0.0,-2.1525391774658e-28,-2.1525391774658e-28,1.6546022103047088e-122,-2.3168965785097752e-14
finer,13.25,0.0,2.7243439801178302e-28,2.7243439801178302e-28,9.170011629777251e-121,-9.151809788761036e-14
finer,13.3,0.0,5.76248297034733e-27,5.76248297034733e-27,4.9313290541330255e-119,-3.448105880008596e-13
finer,13.35,0.0,3.825169360835596e-26,3.825169360835596e-26,2.573517308768352e-117,-1.237956979507013e-12
finer,13.4,0.0,1.8582823598394443e-25,1.8582823598394443e-25,1.3034948229036567e-115,-4.23075706953925e-12
finer,13.450000000000001,0.0,7.34056892129288e-25,7.34056892129288e-25,6.4085476687423166e-114,-1.374696621259126e-11
finer,13.5,0.0,2.359994996708015e-24,2.359994996708015e-24,3.05862266501524e-112,-4.241370396304464e-11
finer,13.55,0.0,5.4473686028414825e-24,5.4473686028414825e-24,1.417277678849259e-110,-1.2407604939711983e-10
finer,13.6,0.0,1.0614771142951444e-24,1.0614771142951444e-24,6.376648060862391e-109,-3.435989152939398e-10
finer,13.65,0.0,-9.311127623063041e-23,-9.311127623063041e-23,2.786012178126803e-107,-8.991110484499582e-10
finer,13.700000000000001,0.0,-8.0682521195861885e-22,-8.0682521195861885e-22,1.1821433809857388e-105,-2.218655974759318e-09
finer,13.75,0.0,-5.001640941995967e-21,-5.001640941995967e-21,4.871877050199279e-104,-5.150903020817404e-09
finer,13.8,0.0,-2.59788448430129e-20,-2.59788448430129e-20,1.950306477375243e-102,-1.1221697089732808e-08
finer,13.85,0.0,-1.1658241743502758e-19,-1.1658241743502758e-19,7.584554318708955e-101,-2.2872755846824842e-08
finer,13.9,0.0,-4.534363383383836e-19,-4.534363383383836e-19,2.865610318541623e-99,-4.346851183526375e-08
finer,13.950000000000001,0.0,-1.5220353345090864e-18,-1.5220353345090864e-18,1.051967180532079e-97,-7.672112291966698e-08
finer,14.0,0.0,-4.380584443712616e-18,-4.380584443712615e-18,3.752513775201797e-96,-1.251907415251285e-07
finer,14.05,0.0,-1.072896852305717e-17,-1.0728968523057165e-17,1.3008086732477203e-94,-1.878933812436068e-07
finer,14.1,0.0,-2.2175873228280823e-17,-2.217587322828081e-17,4.382384511611583e-93,-2.5791145739372887e-07
finer,14.15,0.0,-3.833907147329145e-17,-3.833907147329141e-17,1.434984762067033e-91,-3.2192564900924835e-07
finer,14.200000000000001,0.0,-5.4963093653179546e-17,-5.496309365317948e-17,4.567269087671829e-90,-3.637778627896607e-07
finer,14.25,0.0,-6.493850453763118e-17,-6.493850453763108e-17,1.4130908262815475e-88,-3.723251010204263e-07
finer,14.3,0.0,-6.34864623604616e-17,-6.348646236046152e-17,4.250287470787967e-87,-3.499448896059898e-07
finer,14.35,0.0,-5.341001891046383e-17,-5.341001891046378e-17,1.2428845196134338e-85,-3.147560370872139e-07
finer,14.4,0.0,-4.410387416391781e-17,-4.41038741639178e-17,3.5337506686716054e-84,-2.9143109970864145e-07
finer,14.450000000000001,0.0,-4.383705414855039e-17,-4.383705414855037e-17,9.769244705812267e-83,-2.942345899816349e-07
finer,14.5,0.0,-5.208122915697866e-17,-5.208122915697863e-17,2.6262268675762445e-81,-3.1569512024460245e-07
finer,14.55,0.0,-5.968386021348279e-17,-5.968386021348276e-17,6.865540916585227e-80,-3.3348300236421504e-07
finer,14.6,0.0,-5.822055792260853e-17,-5.822055792260849e-17,1.7454705832269553e-78,-3.319406021578772e-07
finer,14.65,0.0,-4.8999921805130876e-17,-4.899992180513086e-17,4.3158707301439285e-77,-3.1713767261837584e-07
finer,14.700000000000001,0.0,-4.103332900145129e-17,-4.103332900145127e-17,1.0379207117490819e-75,-3.080600299650296e-07
finer,14.75,0.0,-4.0353619478052364e-17,-4.035361947805235e-17,2.4278417907753766e-74,-3.135328026463008e-07
finer,14.8,0.0,-4.3039366669524533e-17,-4.303936666952452e-17,5.524035885085657e-73,-3.2338567507220037e-07
finer,14.85,0.0,-4.1420068998652196e-17,-4.142006899865218e-17,1.2226180284427303e-71,-3.245093601742838e-07
finer,14.9,0.0,-3.494534689654293e-17,-3.4945346896542915e-17,2.6323305122460285e-70,-3.183056721551253e-07
finer,14.950000000000001,0.0,-2.926582013538087e-17,-2.926582013538086e-17,5.513422807887571e-69,-3.153033925198378e-07
finer,15.0,0.0,-2.7196175121032447e-17,-2.719617512103243e-17,1.1234356022335328e-67,-3.183173338460796e-07
finer,15.05,0.0,-2.5943451244742107e-17,-2.594345124474209e-17,2.2270737907688155e-66,-3.21109265576813e-07
finer,15.1,0.0,-2.3011433657832352e-17,-2.301143365783233e-17,4.295293881510126e-65,-3.205064304110945e-07
finer,15.15,0.0,-1.9053356256069624e-17,-1.9053356256069606e-17,8.05998222423127e-64,-3.191951670087717e-07
finer,15.200000000000001,0.0,-1.515872649785659e-17,-1.5158726497856572e-17,1.471526283484425e-62,-3.1871987528990037e-07
finer,15.25,0.0,-1.2362513642112065e-17,-1.2362513642112048e-17,2.6139859034886963e-61,-3.189306961576614e-07
finer,15.3,0.0,-1.1275065523654594e-17,-1.1275065523654577e-17,4.518007845371202e-60,-3.2048983430330404e-07
finer,15.35,0.0,-9.597628740319074e-18,-9.597628740319057e-18,7.598102886360212e-59,-3.214243866812883e-07
finer,15.4,0.0,-5.382060877329211e-18,-5.382060877329195e-18,1.2433185098229272e-57,-3.1917437765309513e-07
finer,15.450000000000001,0.0,-2.4856601984170625e-18,-2.4856601984170467e-18,1.9796202916248408e-56,-3.180808108091167e-07
finer,15.5,0.0,-3.4074723084211773e-18,-3.4074723084211634e-18,3.0669415912785184e-55,-3.2155591077656676e-07
finer,15.55,0.0,-2.4678791825799872e-18,-2.467879182579975e-18,4.623316805583112e-54,-3.223874002454337e-07
finer,15.6,0.0,2.0362007769054543e-18,2.036200776905465e-18,6.781493222425231e-53,-3.181579743479659e-07
finer,15.65,0.0,2.647441538852258e-18,2.6474415388522667e-18,9.67872295286211e-52,-3.18962051218926e-07
finer,15.700000000000001,0.0,1.508188782333086e-19,1.5081887823331422e-19,1.344088455037692e-50,-3.237116293087104e-07
finer,15.75,0.0,2.6846334290098472e-18,2.6846334290098515e-18,1.8161394433875545e-49,-3.2087309998500414e-07
finer,15.8,0.0,5.654086248681286e-18,5.654086248681287e-18,2.3876737800308503e-48,-3.17370340310311e-07
finer,15.85,0.0,2.551846967413315e-18,2.551846967413314e-18,3.0541935396149397e-47,-3.226278544387185e-07
finer,15.9,0.0,1.8829977859000443e-18,1.882997785900041e-18,3.801049625407349e-46,-3.235051099138839e-07
finer,15.950000000000001,0.0,5.491059243266324e-18,5.491059243266319e-18,4.6023952749740794e-45,-3.1767871583734535e-07
finer,16.0,0.0,3.504827409629872e-18,3.504827409629864e-18,5.421555596602255e-44,-3.2094412089402123e-07
finer,16.05,0.0,5.966581658978627e-19,5.966581658978534e-19,6.213095027760643e-43,-3.249321765741873e-07
finer,16.1,0.0,3.478196265804461e-18,3.47819626580445e-18,6.92657882694091e-42,-3.188882696219368e-07
finer,16.15,0.0,2.6836170063928235e-18,2.6836170063928112e-18,7.511678855565461e-41,-3.1980394846976026e-07
finer,16.2,0.0,-1.1568123087092192e-18,-1.1568123087092323e-18,7.92394575037503e-40,-3.254700926911467e-07
finer,16.25,0.0,7.215204017645164e-19,7.215204017645024e-19,8.130346036295002e-39,-3.20045436311535e-07
finer,16.3,0.0,5.583124221350953e-19,5.583124221350806e-19,8.113614451223476e-38,-3.193978209424704e-07
finer,16.35,0.0,-3.37335003301822e-18,-3.3733500330182345e-18,7.874629356698782e-37,-3.2569485151475624e-07
finer,16.4,0.0,-2.1656149378267126e-18,-2.1656149378267273e-18,7.43235961358174e-36,-3.2073451298187344e-07
finer,16.45,0.0,-2.2232070907612223e-18,-2.223207090761237e-18,6.821380794778212e-35,-3.1957445012156007e-07
finer,16.5,0.0,-5.829977736516131e-18,-5.829977736516145e-18,6.087411431612995e-34,-3.259250259422902e-07
finer,16.55,0.0,-4.85492930490419e-18,-4.854929304904204e-18,5.281668731118666e-33,-3.208851730287529e-07
finer,16.6,0.0,-5.143644639447509e-18,-5.1436446394475215e-18,4.4550095261794614e-32,-3.2022919726587634e-07
finer,16.65,0.0,-8.190949102578164e-18,-8.190949102578174e-18,3.652778212815919e-31,-3.261725389679139e-07
finer,16.7,0.0,-7.164609977265116e-18,-7.164609977265127e-18,2.9110566001948678e-30,-3.205940565092887e-07
finer,16.75,0.0,-7.8586097094659e-18,-7.85860970946591e-18,2.254671813654111e-29,-3.213740147533912e-07
finer,16.8,0.0,-1.0142683038461346e-17,-1.0142683038461354e-17,1.6969579435018093e-28,-3.262136308192183e-07
finer,16.85,0.0,-9.02796360304376e-18,-9.027963603043766e-18,1.2409678542594563e-27,-3.2011288667007407e-07
finer,16.9,0.0,-1.0142252740869192e-17,-1.0142252740869198e-17,8.816478447410579e-27,-3.230131807953385e-07
finer,16.95,0.0,-1.1487175374147467e-17,-1.1487175374147472e-17,6.08436217862503e-26,-3.257049942890595e-07
finer,17.0,0.0,-1.0478477519793144e-17,-1.0478477519793145e-17,4.078090875551091e-25,-3.199060584591199e-07
finer,17.05,0.0,-1.1831164926783762e-17,-1.1831164926783762e-17,2.6543224597594104e-24,-3.2491428907868154e-07
finer,17.1,0.0,-1.2201333145041243e-17,-1.2201333145041241e-17,1.677392168441239e-23,-3.2442378206966576e-07
finer,17.150000000000002,0.0,-1.1592330125725259e-17,-1.1592330125725257e-17,1.0290225964253375e-22,-3.2058112782325037e-07
finer,17.2,0.0,-1.2818064431188014e-17,-1.281806443118801e-17,6.12696838154945e-22,-3.2642407383603733e-07
finer,17.25,0.0,-1.2445560034948848e-17,-1.2445560034948842e-17,3.540083274356984e-21,-3.226467026269397e-07
finer,17.3,0.0,-1.239962955463228e-17,-1.2399629554632274e-17,1.9844516744426876e-20,-3.2249737897635164e-07
finer,17.35,0.0,-1.3111591202509455e-17,-1.3111591202509448e-17,1.0790313704443286e-19,-3.2663413332552113e-07
finer,17.400000000000002,0.0,-1.247897409211612e-17,-1.2478974092116112e-17,5.689791280084861e-19,-3.213872703628487e-07
finer,17.45,0.0,-1.284484538227124e-17,-1.284484538227123e-17,2.908869446162365e-18,-3.2513647501406e-07
finer,17.5,0.0,-1.2903780252407438e-17,-1.290378025240743e-17,1.4414814989983634e-17,-3.2514542618518464e-07
finer,17.55,0.0,-1.2492325816501488e-17,-1.2492325816501477e-17,6.922074961287967e-17,-3.219182147022412e-07
finer,17.6,0.0,-1.287117047149502e-17,-1.2871170471495008e-17,3.2202170771389016e-16,-3.2691710711684497e-07
finer,17.650000000000002,0.0,-1.252418640791061e-17,-1.25241864079106e-17,1.4508694961237197e-15,-3.2300745136450506e-07
finer,17.7,0.0,-1.2490482679532638e-17,-1.2490482679532626e-17,6.328951489346827e-15,-3.2439776376715224e-07
finer,17.75,0.0,-1.256836151996668e-17,-1.2568361519966665e-17,2.6721082422538942e-14,-3.2635835813182855e-07
finer,17.8,0.0,-1.224295288659291e-17,-1.2242952886592896e-17,1.0915565642969887e-13,-3.224498934076472e-07
finer,17.85,0.0,-1.2371011714340267e-17,-1.2371011714340253e-17,4.312721817210565e-13,-3.26870608585636e-07
finer,17.900000000000002,0.0,-1.2187584919483822e-17,-1.2187584919483808e-17,1.647420108778375e-12,-3.241278228095451e-07
finer,17.95,0.0,-1.2100595154582075e-17,-1.2100595154582061e-17,6.081783470688354e-12,-3.245202365110856e-07
finer,18.0,0.0,-1.2120859642262082e-17,-1.2120859642262068e-17,2.168942474725667e-11,-3.2672686715813944e-07
finer,18.05,0.0,-1.1930250302300209e-17,-1.1930250302300195e-17,7.469007740947002e-11,-3.229444316059169e-07
finer,18.1,0.0,-1.1940385074851497e-17,-1.1940385074851483e-17,2.4824073950902783e-10,-3.262411358756266e-07
finer,18.150000000000002,0.0,-1.1759184140630075e-17,-1.1759184140630061e-17,7.959134678009594e-10,-3.221854602439471e-07
finer,18.2,0.0,-1.1513812917107916e-17,-1.1513812917107904e-17,2.4604719552761944e-09,-3.1838796430235027e-07
finer,18.25,0.0,-1.1049750712922025e-17,-1.1049750712922014e-17,7.329892199509569e-09,-3.083129490881589e-07
finer,18.3,0.0,-1.0065716919498869e-17,-1.0065716919498863e-17,2.1031008174788442e-08,-2.7566260649744715e-07
finer,18.35,0.0,-8.72045370173429e-18,-8.720453701734302e-18,5.8083535495778475e-08,-2.0560700391867942e-07
finer,18.400000000000002,0.0,-8.465912263084828e-18,-8.465912263084894e-18,1.5431737075809545e-07,-2.8021131690981307e-08
finer,18.45,0.0,-1.854414049867426e-17,-1.8544140498674325e-17,3.941635832804969e-07,3.720236452595752e-07
finer,18.5,0.0,-7.920320601695333e-17,-7.920320601695159e-17,9.673065556433279e-07,1.2604677072064432e-06
finer,18.55,2.8271597168564594e-16,-3.4569824090040943e-16,-3.4569824090038385e-16,2.2793026958502733e-06,3.1568446536888213e-06
finer,18.6,1.2722218725854067e-15,-1.364085679945482e-15,-1.3640856799451854e-15,5.1536792271742826e-06,7.043138625984681e-06
finer,18.650000000000002,1.5549378442710527e-15,-4.886954705227006e-15,-4.886954705223699e-15,1.1174990763865787e-05,1.4723410095382096e-05
finer,18.7,-8.340121164726556e-15,-1.5985977477731963e-14,-1.5985977477697345e-14,2.3224539289455032e-05,2.9289890143370353e-05
finer,18.75,-3.2088262786320813e-14,-4.7712759888099564e-14,-4.7712759887779066e-14,4.623855598370832e-05,5.584402106322706e-05
finer,18.8,-9.78197262032335e-14,-1.291764437217309e-13,-1.2917644371923493e-13,8.815637995976717e-05,0.0001022938551957654
finer,18.85,-2.4596289536651195e-13,-3.142720282795217e-13,-3.1427202826385895e-13,0.00016091648209070415,0.00018023894631872154
finer,18.900000000000002,-5.536992305463376e-13,-6.769700265262388e-13,-6.769700264513505e-13,0.0002812206191561802,0.0003056548434289322
finer,18.95,-1.0750274823346687e-12,-1.2575096838145277e-12,-1.2575096835710334e-12,0.00047068208229554374,0.0004990983181618445
finer,19.0,-1.6707100346763247e-12,-1.8992801508058565e-12,-1.899280150441599e-12,0.0007549994350845244,0.0007851873582042565
finer,19.05,-1.6849871912464497e-12,-1.9168920356687747e-12,-1.9168920359649728e-12,0.0011620377910231943,0.0011911080855928342
finer,19.1,5.614739197676928e-13,3.921486878764591e-13,3.9214869555257555e-13,0.0017191462550273746,0.0017444005451085656
finer,19.150000000000002,8.26279834647053e-12,8.207633700961975e-12,8.207633855123606e-12,0.0024505161729931092,0.002470409003904384
finer,19.2,2.6042664447794962e-11,2.6200821963787778e-11,2.620082329069341e-11,0.003375573102929379,0.0033902553741319815
finer,19.25,5.902798501227433e-11,5.95061165956354e-11,5.950612443661693e-11,0.0045090239934167066,0.0045199919812065606
finer,19.3,1.1009468826188087e-10,1.1103441943175155e-10,1.110344557341797e-10,0.005862300243060873,0.005871195146937749
finer,19.35,1.7513420433809293e-10,1.7661801875724586e-10,1.7661815895403477e-10,0.00744525447492454,0.007452549662113293
finer,19.400000000000002,2.3551060317732195e-10,2.3756431817605565e-10,2.375647872640185e-10,0.009266793127757593,0.00927131590190093
finer,19.45,2.4754808381975336e-10,2.5022058058046437e-10,2.5022197634670985e-10,0.01133396491747766,0.011333746346880377
finer,19.5,1.284720745693629e-10,1.3235584823374447e-10,1.3235961210526215e-10,0.013650318965921627,0.013644094819368737
finer,19.55,-2.595428743504603e-10,-2.5320163584227444e-10,-2.5319230761550225e-10,0.016214964314544417,0.01620304001219447
finer,19.6,-1.1267235113372474e-09,-1.1163740185530637e-09,-1.1163525467406842e-09,0.019023042287162655,0.01900668832311751
finer,19.650000000000002,-2.773588998245633e-09,-2.757375959265666e-09,-2.7573296799451776e-09,0.022066909598157113,0.02204691409161258
finer,19.7,-5.607779861317914e-09,-5.582588044733677e-09,-5.58249401998944e-09,0.025336698348220374,0.0253125898145722
finer,19.75,-1.0156570151942944e-08,-1.0117498953081737e-08,-1.0117317871532401e-08,0.02881977676371977,0.028790505757290624
finer,19.8,-1.7074877355565925e-08,-1.701448227930698e-08,-1.7014150116300788e-08,0.03249997210446225,0.032465210874134495
finer,19.85,-2.714116131380314e-08,-2.7051675755677587e-08,-2.7051093128851077e-08,0.03635761391630353,0.03631811775612504
finer,19.900000000000002,-4.124601098066501e-08,-4.111969478836301e-08,-4.1118714404784486e-08,0.04037033076419735,0.04032704911404345
finer,19.95,-6.036832673280545e-08,-6.019565875713757e-08,-6.019407192471477e-08,0.044513632046886756,0.044466781762798106
finer,20.0,-8.553742003178964e-08,-8.530575906194676e-08,-8.530328283984195e-08,0.048760799562259115,0.048710070429120386
finer,20.05,-1.1778066177675312e-07,-1.1747566503830671e-07,-1.1747193225594018e-07,0.05308266409418179,0.053028107027783725
finer,20.1,-1.5805571415512484e-07,-1.5766542312165945e-07,-1.576599782231354e-07,0.05744790526972653,0.057390237590902074
finer,20.150000000000002,-2.071712081743034e-07,-2.0668858557167504e-07,-2.066808897061859e-07,0.0618236626790699,0.061763695018392545
finer,20.2,-2.657056287740728e-07,-2.6512245491183593e-07,-2.651119033380554e-07,0.06617589580522586,0.06611402594258607
finer,20.25,-3.3390893419191146e-07,-3.3321759505591484e-07,-3.332035487008395e-07,0.07046948238595863,0.07040591561144457
finer,20.3,-4.116110837757851e-07,-4.108084992806103e-07,-4.1079033070144664e-07,0.07466843558352876,0.07460364187246818
finer,20.35,-4.981318100299314e-07,-4.972242527327321e-07,-4.972014049081549e-07,0.07873631704608995,0.07867104816863224
finer,20.400000000000002,-5.922037515347502e-07,-5.912062717664799e-07,-5.911783253984549e-07,0.0826366439673806,0.08257160725117568
finer,20.45,-6.919152097477203e-07,-6.908476243729595e-07,-6.908143657538458e-07,0.08633322804416335,0.08626894030282094
finer,20.5,-7.946784135701465e-07,-7.935636382651745e-07,-7.935251166643133e-07,0.089790479194316,0.08972742024166074
finer,20.55,-8.972162987001745e-07,-8.960904259572233e-07,-8.960469885492728e-07,0.09297366910667468,0.09291245920777998
finer,20.6,-9.95602129710792e-07,-9.94513858984388e-07,-9.944661517543496e-07,0.0958492614107382,0.09579062489356888
finer,20.650000000000002,-1.0853320093459496e-06,-1.084337557776311e-06,-1.084286482649578e-06,0.09838536468460221,0.09832993948776869
finer,20.7,-1.1614416543526665e-06,-1.1605993540954148e-06,-1.1605459763437656e-06,0.10055205305970594,0.10050032941749311
finer,20.75,-1.2186631513095549e-06,-1.2180331128982906e-06,-1.2179785201749547e-06,0.10232147353123744,0.10227396635239888
finer,20.8,-1.251610441204239e-06,-1.251267611824336e-06,-1.2512127357254398e-06,0.10366813319327377,0.10362547488576612
finer,20.85,-1.2550376531314955e-06,-1.255057830759724e-06,-1.2550032516309378e-06,0.10456939018084963,0.10453214455079039
finer,20.900000000000002,-1.2241017621321792e-06,-1.2245471930223128e-06,-1.2244929569451687e-06,0.1050056200650935,0.10497417952427954
finer,20.95,-1.1546266837947183e-06,-1.1555565908505798e-06,-1.155502073971207e-06,0.10496017395716173,0.10493494145266814
finer,21.0,-1.0434139935265107e-06,-1.0448855518997308e-06,-1.0448294103325251e-06,0.1044197254350597,0.10440116541531871
finer,21.05,-8.885526947687931e-07,-8.906052482199327e-07,-8.90545488711263e-07,0.10337464810007164,0.10336310149584936
finer,21.1,-6.896766222765177e-07,-6.923246446425977e-07,-6.92258839940304e-07,0.1018188711931382,0.10181456333696182
finer,21.150000000000002,-4.481966392903405e-07,-4.5143898857376525e-07,-4.5136464344184007e-07,0.09974985302432675,0.09975303906263998
finer,21.2,-1.6753086813631245e-07,-1.713389110321888e-07,-1.7125396264995212e-07,0.09716899045394915,0.09717985656647284
finer,21.25,1.4676350928441712e-07,1.424514624566359e-07,1.42548053380918e-07,0.09408159927791777,0.09410020270476627
finer,21.3,4.869508383447036e-07,4.822247638686067e-07,4.823324040573269e-07,0.09049657140275263,0.0905229726205674
finer,21.35,8.431176371319703e-07,8.380994650359944e-07,8.382153972879417e-07,0.08642658236894966,0.08646078477245338
finer,21.400000000000002,1.2032612790769233e-06,1.1981133968512615e-06,1.1982323576686124e-06,0.0818882242314841,0.0819300591762202
finer,21.45,1.5535259624047504e-06,1.548434054355078e-06,1.5485482371300232e-06,0.0769015218076664,0.0769508399237968
finer,21.5,1.8785006585606447e-06,1.873672792617077e-06,1.8737722202819396e-06,0.0714898405515439,0.0715464918431232
finer,21.55,2.16157831076788e-06,2.1572559580526628e-06,2.1573293378641766e-06,0.06568007904751746,0.06574368766498392
finer,21.6,2.385454158529129e-06,2.3818894753732066e-06,2.3819255648745505e-06,0.059502175003630316,0.05957233352354634
finer,21.650000000000002,2.5326839111199793e-06,2.5301204335557036e-06,2.5301098867188254e-06,0.05298874318083687,0.05306515773713821
finer,21.7,2.586250320856681e-06,2.584939448630043e-06,2.584877041376885e-06,0.046175235321709224,0.046257387569125584
finer,21.75,2.530220210208174e-06,2.530396411193518e-06,2.5302834787775167e-06,0.03909948588685477,0.039186728191686136
finer,21.8,2.350401611429069e-06,2.3522584303185035e-06,2.352105288967024e-06,0.031801162095575285,0.03189303024081482
finer,21.85,2.0349632747177884e-06,2.0386606223122203e-06,2.0384887028526246e-06,0.02432185198856341,0.024417748652733908
finer,21.900000000000002,1.5750504863658428e-06,1.580697614519625e-06,1.5805410212698613e-06,0.0167046493474842,0.01680375656134846
finer,21.95,9.653253545291004e-07,9.729658430680954e-07,9.728720645545047e-07,0.008993499195952664,0.009095189257709961
finer,22.0,2.0442002894026938e-07,2.1403227563736888e-07,2.1406182152143847e-07,0.0012332242536408763,0.0013368466941421587
finer,22.05,-7.047102069153015e-07,-6.932237334276386e-07,-6.929989088577417e-07,-0.006530868784353404,-0.006426205602715383
finer,22.1,-1.7545707301738563e-06,-1.7413815832282372e-06,-1.740880907913072e-06,-0.014253679011958738,-0.014148720290275274
finer,22.150000000000002,-2.933042090372281e-06,-2.9183884588625156e-06,-2.9175267289145952e-06,-0.021890308589840608,-0.021785736333645795
finer,22.2,-4.223444352210667e-06,-4.207641805312783e-06,-4.206334099352317e-06,-0.029396453502290157,-0.02929315141169221
finer,22.25,-5.6047828302958905e-06,-5.588206258463329e-06,-5.586373447245879e-06,-0.03672906946116425,-0.03662781957178966
finer,22.3,-7.052111334496104e-06,-7.0351736030083755e-06,-7.032748026024403e-06,-0.043846348916257244,-0.04374783631993824
finer,22.35,-8.53705746724205e-06,-8.520221914098117e-06,-8.517152710194223e-06,-0.05070812319967999,-0.05061315554024254
finer,22.400000000000002,-1.0028516614904235e-05,-1.001227304182089e-05,-1.0008530653585568e-05,-0.057276446936314625,-0.057185757688335954
finer,22.45,-1.1493408012571576e-05,-1.1478238286679882e-05,-1.1473817707000107e-05,-0.06351552201577483,-0.06342975593039363
finer,22.5,-1.2897530054858297e-05,-1.2883928971958176e-05,-1.2878851342825083e-05,-0.06939211921363209,-0.0693119503087099
finer,22.55,-1.420658162290104e-05,-1.4195016305539611e-05,-1.418932866507959e-05,-0.07487601983103893,-0.07480205966895809
finer,22.6,-1.538703324591944e-05,-1.537794328859543e-05,-1.5371716469795417e-05,-0.07993987904951702,-0.0798726800458053
finer,22.650000000000002,-1.640717422463205e-05,-1.640095144309752e-05,-1.6394276202870917e-05,-0.08455966202025693,-0.0844997144689407
finer,22.7,-1.72380812913778e-05,-1.723506507832264e-05,-1.7228046775245307e-05,-0.08871488172030852,-0.08866262167165147
finer,22.75,-1.785442341908616e-05,-1.7854906562308023e-05,-1.784765889863587e-05,-0.09238842782183183,-0.09234426515266009
finer,22.8,-1.8235331060934547e-05,-1.8239517351921942e-05,-1.823215568315349e-05,-0.09556698630042793,-0.0955311839715219
finer,22.85,-1.836507358757451e-05,-1.837310032251746e-05,-1.836573511945482e-05,-0.09824102994582497,-0.09821382160098373
finer,22.900000000000002,-1.8233488863024778e-05,-1.8245447544350242e-05,-1.823817867305603e-05,-0.10040466826792306,-0.10038627381856398
finer,22.95,-1.783647298365393e-05,-1.7852331097346786e-05,-1.7845243355227475e-05,-0.10205598202061542,-0.1020464121637535
finer,23.0,-1.7176092563069334e-05,-1.7195760154682578e-05,-1.7188920418165474e-05,-0.10319676953280381,-0.10319604871808749
finer,23.05,-1.626054503087862e-05,-1.6283887353188307e-05,-1.627734360193598e-05,-0.10383247624671951,-0.10384059779840993
finer,23.1,-1.510409138530328e-05,-1.5130826970650039e-05,-1.5124609146811153e-05,-0.1039723439074292,-0.10398906594385365
finer,23.150000000000002,-1.3726563898160829e-05,-1.375638767564228e-05,-1.3750510168532886e-05,-0.10362898951692422,-0.10365413601684818
finer,23.2,-1.2152880253614408e-05,-1.218542806138515e-05,-1.217989353024189e-05,-0.10281842864050529,-0.10285174522058549
finer,23.25,-1.0412416137255076e-05,-1.0447191785221552e-05,-1.0441995796413622e-05,-0.10155994878661245,-0.10160097136321476
finer,23.3,-8.538070492850066e-06,-8.574591199736147e-06,-8.569727118700366e-06,-0.09987566587766333,-0.09992403222203532
finer,23.35,-6.565487028292525e-06,-6.603199338709238e-06,-6.598662956828773e-06,-0.09779056826036356,-0.09784578112286269
finer,23.400000000000002,-4.532015248541382e-06,-4.570294107409794e-06,-4.5660874655006794e-06,-0.09533210642664013,-0.0953935368820483
finer,23.45,-2.4756899677252453e-06,-2.5139454495366007e-06,-2.5100794464672866e-06,-0.09252987458226343,-0.09259698493165616
finer,23.5,-4.342959809513126e-07,-4.7189885122058903e-07,-4.6839440229985766e-07,-0.08941552778611259,-0.08948762660417782
finer,23.55,1.5556812504420556e-06,1.5193663204443694e-06,1.522478687965908e-06,-0.0860222176650738,-0.08609856772491088
finer,23.6,3.4599346810165845e-06,3.425472688815092e-06,3.4281547272537955e-06,-0.08238444168436097,-0.08246435801536038
finer,23.650000000000002,5.247124524950624e-06,5.2150769642659625e-06,5.21728583580553e-06,-0.07853771319994596,-0.07862038574707267
finer,23.7,6.889664913230365e-06,6.860523039402742e-06,6.862215339086661e-06,-0.07451806808041354,-0.07460270541733623
finer,23.75,8.364203195607006e-06,8.338373701451268e-06,8.339509934950563e-06,-0.07036196034727095,-0.07044777590754028
finer,23.8,9.652110082732414e-06,9.62992966224694e-06,9.630478698549908e-06,-0.06610572971254372,-0.06619189403887064
finer,23.85,1.0739735757144307e-05,1.0721446727341474e-05,1.0721389784635098e-05,-0.061785337231645324,-0.061871033122117086
finer,23.900000000000002,1.161848918131605e-05,1.1604224243574387e-05,1.1603558026338907e-05,-0.057436117663590136,-0.057520555858051506
finer,23.95,1.2284856300889931e-05,1.2274659002472336e-05,1.2273397690534205e-05,-0.0530922757908569,-0.05317466512159151
finer,24.0,1.2740161884177182e-05,1.2733978532631478e-05,1.2732154478116825e-05,-0.04878678825099334,-0.0488663493896946
finer,24.05,1.2990276601553291e-05,1.2987952556089173e-05,1.2985615649964023e-05,-0.04455097278603253,-0.04462700138783781
finer,24.1,1.3045201888717776e-05,1.3046504764343121e-05,1.3043720561273011e-05,-0.04041423835969805,-0.040486031176962
finer,24.150000000000002,1.2918496980652877e-05,1.292313435054451e-05,1.2919981166689116e-05,-0.036403932911556004,-0.0364708234324245
finer,24.2,1.2626751912654814e-05,1.2634346319555486e-05,1.2630911574451156e-05,-0.03254494081650767,-0.03260638414884379
finer,24.25,1.2188881343332797e-05,1.2199043929671095e-05,1.219542004955645e-05,-0.028859658952960845,-0.028915069281801927
finer,24.3,1.1625502038635663e-05,1.1637798297397796e-05,1.1634078535480979e-05,-0.025367701399004305,-0.025416630144616495
finer,24.35,1.0958261557970938e-05,1.0972242985941517e-05,1.0968517449265977e-05,-0.022085770061799914,-0.022127833247819043
finer,24.400000000000002,1.0209174492798366e-05,1.0224411239599695e-05,1.0220763400169887e-05,-0.01902761666631748,-0.01906243386622418
finer,24.45,9.400057183395136e-06,9.416114830820162e-06,9.412618719934218e-06,-0.01620380753732763,-0.01623117690012424
finer,24.5,8.551953063586657e-06,8.568432984099278e-06,8.565151179486774e-06,-0.013621826612469657,-0.013641547665796535
finer,24.55,7.684677067068052e-06,7.701218631145307e-06,7.698201088185504e-06,-0.011285929754170126,-0.011297895131261462
finer,24.6,6.816424441795625e-06,6.832694545270632e-06,6.829978242107346e-06,-0.009197196969923391,-0.009201439016515729
finer,24.650000000000002,5.963448554991455e-06,5.979174927075541e-06,5.976784226278898e-06,-0.007353609442425767,-0.0073501552317049275
finer,24.7,5.139864605988694e-06,5.154811265954257e-06,5.152758872517424e-06,-0.00575001453650864,-0.0057390539492361585
finer,24.75,4.357492492694508e-06,4.3714745502297905e-06,4.369762901325349e-06,-0.004378364401295872,-0.004360151208592718
finer,24.8,3.625826088562719e-06,3.638705843680094e-06,3.6373287683597023e-06,-0.003227722307000482,-0.0032025835601988788
finer,24.85,2.9520432066355073e-06,2.9637204287398978e-06,2.962664924984068e-06,-0.002284512268432558,-0.0022529392482771205
finer,24.900000000000002,2.3410978554192956e-06,2.3515134801163544e-06,2.3507614693523834e-06,-0.0015327024197725019,-0.001495272604964591
finer,24.95,1.7958695406239614e-06,1.8049934910136598e-06,1.8045234454945953e-06,-0.0009540063507261924,-0.0009114867515664309
finer,25.0,1.3173366466695103e-06,1.3251644179567633e-06,1.324952784640619e-06,-0.0005282774005754265,-0.0004816628581078941
finer,25.05,9.04808282159396e-07,9.113536238250636e-07,9.113760000804059e-07,-0.00023377126267461686,-0.00018432372750308915
finer,25.1,5.561450737037914e-07,5.614377320672541e-07,5.616697800492437e-07,-4.7732632832158566e-05,2.9297128484717466e-06
finer,25.150000000000002,2.6801788637317735e-07,2.7209380776450975e-07,2.7251191581908214e-07,5.306091493447428e-05,0.00010290223087840759
finer,25.2,3.613704387115038e-08,3.90484656461142e-08,3.9630185071240395e-08,9.148568910096925e-05,0.00013812579982101596
finer,25.25,-1.445021761824284e-07,-1.42689965712868e-07,-1.4196566967200225e-07,8.908226212590814e-05,0.0001298479858773021
finer,25.3,-2.7939685818917524e-07,-2.785955329821893e-07,-2.7774817163253624e-07,6.500538547018904e-05,9.727331215750322e-05
finer,25.35,-3.7432704198282e-07,-3.7441635170808305e-07,-3.7346390051894545e-07,3.4783897186550376e-05,5.645099763664784e-05
finer,25.400000000000002,-4.3515618472355017e-07,-4.3597877092596684e-07,-4.34937714691532e-07,9.419766628465925e-06,1.9430504637572678e-05
finer,25.45,-4.6764078533428125e-07,-4.690055022448753e-07,-4.6789090688543567e-07,-5.24629876872554e-06,-6.241586020285954e-06
finer,25.5,-4.772650572893025e-07,-4.789633888954833e-07,-4.777889767426997e-07,-8.325708964850383e-06,-1.7778655124565448e-05
finer,25.55,-4.691000014875749e-07,-4.7092610214545307e-07,-4.697043198493771e-07,-2.846891357834508e-06,-1.653046339281967e-05
finer,25.6,-4.4767936094484657e-07,-4.4947117299603147e-07,-4.482132475594331e-07,6.070550121296428e-06,-6.844185194562106e-06
finer,25.650000000000002,-4.1695222374371536e-07,-4.186119427951002e-07,-4.173279270323972e-07,1.3484900183697979e-05,5.555029162365612e-06
finer,25.7,-3.802563790323096e-07,-3.8176448435998986e-07,-3.8046329671458135e-07,1.6452439056460857e-05,1.5549531566221754e-05
finer,25.75,-3.4035572543622934e-07,-3.417577683973383e-07,-3.4044722859854017e-07,1.493487413160812e-05,2.003173551964743e-05
finer,25.8,-2.995030376795685e-07,-3.008725205684373e-07,-2.9955938254057007e-07,1.1174130240023419e-05,1.8687050726413832e-05
finer,25.85,-2.595022709653228e-07,-2.6090119421885013e-07,-2.5959117591512385e-07,8.0902695851539e-06,1.3684162444666921e-05
finer,25.900000000000002,-2.2176908933406356e-07,-2.2321462146621176e-07,-2.2191243050933466e-07,7.459858072332413e-06,8.272309808281302e-06
finer,25.95,-1.8735320390100903e-07,-1.8881876002372615e-07,-1.8752812002282685e-07,9.032193694325889e-06,5.276715328290401e-06
finer,26.0,-1.569635752886039e-07,-1.583983322608793e-07,-1.571220152461256e-07,1.1096896656955973e-05,5.69079642796575e-06
finer,26.05,-1.3098252906955378e-07,-1.3234689343471456e-07,-1.3108676648332741e-07,1.1943501674055634e-05,8.481332547219446e-06
finer,26.1,-1.0950597776811695e-07,-1.1079042295731396e-07,-1.09547514310971e-07,1.1190617077819372e-05,1.1471771113868187e-05
finer,26.150000000000002,-9.239285346503751e-08,-9.361861794721315e-08,-9.239320145889813e-08,9.814299692582286e-06,1.2711928682460904e-05
finer,26.2,-7.93297886884116e-08,-8.052490898196982e-08,-7.931660174353472e-08,9.109677299628492e-06,1.1730622017303876e-05
finer,26.25,-6.98772762985324e-08,-7.105896922062357e-08,-6.986683470054362e-08,9.462776592145798e-06,9.584749007922439e-06
finer,26.3,-6.351336748205373e-08,-6.468016786789061e-08,-6.350281902890302e-08,1.0170806017010836e-05,7.937158268361297e-06
finer,26.35,-5.966124532342453e-08,-6.080453906128063e-08,-5.964024003999189e-08,1.0317323047618598e-05,7.827982006305887e-06
finer,26.400000000000002,-5.772402855458318e-08,-5.884049790082042e-08,-5.768726425580236e-08,9.730674990882205e-06,8.909509392218167e-06
finer,26.45,-5.711876786783679e-08,-5.821448222705963e-08,-5.707017908157421e-08,9.039640534599888e-06,9.97041074209844e-06
finer,26.5,-5.730836907251999e-08,-5.8393548734334626e-08,-5.7255983045960495e-08,8.82547577682095e-06,9.987471347546966e-06
finer,26.55,-5.782718143487629e-08,-5.8908006377260463e-08,-5.7775008719743895e-08,8.997587601199391e-06,8.955355182015223e-06
finer,26.6,-5.829429522378627e-08,-5.937300797092525e-08,-5.8242500110333744e-08,9.007641368494979e-06,7.81107138649525e-06
finer,26.650000000000002,-5.84262972899781e-08,-5.950436993632826e-08,-5.8374417514667656e-08,8.6092030509495e-06,7.3880884957698055e-06
finer,26.7,-5.804545145266828e-08,-5.912548997160674e-08,-5.799434116666404e-08,8.086931583848301e-06,7.741900674021263e-06
finer,26.75,-5.708354032690087e-08,-5.816749033860045e-08,-5.703360069600015e-08,7.800160505050064e-06,8.13050562350127e-06
finer,26.8,-5.55791761292248e-08,-5.666658466477406e-08,-5.552862834447921e-08,7.699961940988333e-06,7.878034083069444e-06
finer,26.85,-5.367006104525304e-08,-5.4760180719629795e-08,-5.3617048326173216e-08,7.481573111036759e-06,7.063741772825039e-06
finer,26.900000000000002,-5.158466124429641e-08,-5.2678252981854485e-08,-5.1529037992643496e-08,7.052705018577957e-06,6.298237426795857e-06
finer,26.95,-4.962838715723567e-08,-5.072819528498172e-08,-4.95721722992511e-08,6.605296701017737e-06,6.059941822212829e-06
finer,27.0,-4.8167069293408463e-08,-4.927457506656341e-08,-4.8111172109343425e-08,6.28787816136725e-06,6.1343530449485655e-06
finer,27.05,-4.760700612633948e-08,-4.872033205762547e-08,-4.7549098464824235e-08,6.000854285581133e-06,5.977998798492828e-06
finer,27.1,-4.837410276490581e-08,-4.9490959277428655e-08,-4.831153085397689e-08,5.610555213821026e-06,5.380660524834722e-06
finer,27.150000000000002,-5.089682204938035e-08,-5.2016447699635656e-08,-5.0828511380763847e-08,5.142009292409536e-06,4.648672177612273e-06
finer,27.2,-5.5582252644428683e-08,-5.6708329797478485e-08,-5.551159107386644e-08,4.700125263320254e-06,4.20177406875209e-06
finer,27.25,-6.279590361132862e-08,-6.393263841916319e-08,-6.272679367317349e-08,4.29270432044278e-06,4.0103963588772605e-06
finer,27.3,-7.284211954174768e-08,-7.399011599248192e-08,-7.27748296883512e-08,3.856818037630844e-06,3.7143422128976753e-06
finer,27.35,-8.594524884686908e-08,-8.710389446951773e-08,-8.587878145854409e-08,3.367372631349721e-06,3.1265510912582853e-06
finer,27.400000000000002,-1.0223847364935048e-07,-1.0340835519432668e-07,-1.021729688700412e-07,2.8513742173929397e-06,2.4289079210331228e-06
finer,27.45,-1.2174378274932165e-07,-1.2293349847211082e-07,-1.216873254831759e-07,2.338208590716566e-06,1.9176080871298496e-06
finer,27.5,-1.4437339085856242e-07,-1.4558747623184057e-07,-1.4432993890692242e-07,1.8288462773748805e-06,1.5468687126444855e-06
finer,27.55,-1.6990697600675832e-07,-1.711509277586918e-07,-1.6988139175665898e-07,1.2948715816646642e-06,1.0777555488872587e-06
finer,27.6,-1.9800674858550734e-07,-1.9928067792235344e-07,-1.9799846388020825e-07,7.104069016986126e-07,4.170267959111219e-07
finer,27.650000000000002,-2.2820202212416536e-07,-2.2951402309343393e-07,-2.2821842205534398e-07,1.0579262271231599e-07,-2.7697983265657103e-07
finer,27.7,-2.599135042461332e-07,-2.612685121923328e-07,-2.5995880413329954e-07,-4.7627111955193164e-07,-8.355462678654732e-07
finer,27.75,-2.924349105183542e-07,-2.938430853823586e-07,-2.9251856089735554e-07,-1.0729636937828376e-06,-1.3636981264583595e-06
finer,27.8,-3.2496903787843715e-07,-3.2643374048637654e-07,-3.250937229821502e-07,-1.7377273865602711e-06,-1.995371705078331e-06
finer,27.85,-3.56627739190219e-07,-3.581539237424378e-07,-3.567977910465579e-07,-2.4237700452885435e-06,-2.7355707008194694e-06
finer,27.900000000000002,-3.864611645567166e-07,-3.8805250633094665e-07,-3.866797119767982e-07,-3.0716869302461524e-06,-3.444396751469426e-06
finer,27.95,-4.1346269697555975e-07,-4.1512733263638035e-07,-4.137374271077233e-07,-3.7495637358781643e-06,-4.088237405193207e-06
finer,28.0,-4.3660028772914546e-07,-4.383448384257227e-07,-4.3693748934219437e-07,-4.507175053319233e-06,-4.774984788890636e-06
finer,28.05,-4.548450149385175e-07,-4.566698100940342e-07,-4.552448210226217e-07,-5.26055905241355e-06,-5.5409190321455035e-06
finer,28.1,-4.671861237703442e-07,-4.690911720506748e-07,-4.6764849985457915e-07,-5.976323716653154e-06,-6.343033300488655e-06
finer,28.150000000000002,-4.726551732080601e-07,-4.746448585961577e-07,-4.7318463005384945e-07,-6.759476505150195e-06,-7.1073498518840985e-06
finer,28.2,-4.703534015443454e-07,-4.7243344123017066e-07,-4.70955970076415e-07,-7.607780158484161e-06,-7.881876419271223e-06
finer,28.25,-4.594902563273268e-07,-4.6165285720475015e-07,-4.601586601415975e-07,-8.413531517211678e-06,-8.709841378056044e-06
finer,28.3,-4.3937478170121647e-07,-4.416176230398602e-07,-4.4010743572458465e-07,-9.2216223350318e-06,-9.57739542665807e-06
finer,28.35,-4.0945703912332336e-07,-4.1177968808949594e-07,-4.102544813146881e-07,-1.0126598642285668e-05,-1.0453343897249526e-05
finer,28.400000000000002,-3.6934760430560885e-07,-3.717460006919638e-07,-3.702069963493108e-07,-1.1040550454151357e-05,-1.1327769005843432e-05
finer,28.45,-3.1882790020073565e-07,-3.212917907127929e-07,-3.1974047800826663e-07,-1.1907467123188772e-05,-1.2238037254713964e-05
finer,28.5,-2.5785292408033087e-07,-2.603750119590577e-07,-2.5881316260730257e-07,-1.2848567231098146e-05,-1.3180865204783509e-05
finer,28.55,-1.865701295693029e-07,-1.8914477287882533e-07,-1.8757445442854993e-07,-1.3855592982844743e-05,-1.4153881827037272e-05
finer,28.6,-1.0533624202640514e-07,-1.0794726246176996e-07,-1.0637084970167545e-07,-1.4814512433448683e-05,-1.5138974289809842e-05
finer,28.650000000000002,-1.4688858311300681e-08,-1.7325230128174546e-08,-1.5745412887167468e-08,-1.5795319861692048e-05,-1.6136808681028912e-05
finer,28.7,8.464008575741077e-08,8.198779013009308e-08,8.356800387021801e-08,-1.687775779654381e-05,-1.71678947049399e-05
finer,28.75,1.9172327613828088e-07,1.8907137998526508e-07,1.9064866667896857e-07,-1.7938084963443284e-05,-1.8235963855214613e-05
finer,28.8,3.0545459450813677e-07,3.0282669102192093e-07,3.043974219576951e-07,-1.898199409036355e-05,-1.9325836607440346e-05
finer,28.85,4.24593470743719e-07,4.219928595076551e-07,4.235531188313578e-07,-2.0124546877508586e-05,-2.0412063985400705e-05
finer,28.900000000000002,5.477238662057937e-07,5.451708191466472e-07,5.467164307885242e-07,-2.1289879211284532e-05,-2.1524620099451953e-05
finer,28.95,6.733227153178737e-07,6.708399122654327e-07,6.723664771528703e-07,-2.2411014987989043e-05,-2.2681742264347502e-05
finer,29.0,7.997757732100116e-07,7.973759447495895e-07,7.988788877616467e-07,-2.3619425768680626e-05,-2.3850236516513562e-05
finer,29.05,9.253888449144792e-07,9.230833449169328e-07,9.24557971281501e-07,-2.4879361428160424e-05,-2.5007109658575592e-05
finer,29.1,1.0484173291848085e-06,1.046228860348266e-06,1.0476704212945634e-06,-2.6095722987419343e-05,-2.6192125053039456e-05
finer,29.150000000000002,1.1671183272901127e-06,1.1650641669374542e-06,1.16646793322814e-06,-2.737270702946681e-05,-2.7438181564301148e-05
finer,29.2,1.2797590122559968e-06,1.2778486118254371e-06,1.2792099540440202e-06,-2.8729108824450264e-05,-2.8701181139502054e-05
finer,29.25,1.3846379252932721e-06,1.3828895707480125e-06,1.3842040440283528e-06,-3.004263189055923e-05,-2.9977268750882555e-05
finer,29.3,1.4801479651991636e-06,1.4785760945198646e-06,1.4798395248185902e-06,-3.140377527132442e-05,-3.1330643629100964e-05
finer,29.35,1.5647800418958125e-06,1.5633957035701238e-06,1.564604274772141e-06,-3.285216423269789e-05,-3.277204078421416e-05
finer,29.400000000000002,1.6371431119457576e-06,1.6359583120483847e-06,1.637108649712073e-06,-3.4271472007088746e-05,-3.423542333808295e-05
finer,29.45,1.6960160535401477e-06,1.695034547479066e-06,1.6961237966354874e-06,-3.572279555398049e-05,-3.571705787214398e-05
finer,29.5,1.740354343119129e-06,1.7395783031149957e-06,1.7406041982784302e-06,-3.727119516939606e-05,-3.726759372958275e-05
finer,29.55,1.7692974396303101e-06,1.7687313252106242e-06,1.7696922497287517e-06,-3.8795079291120386e-05,-3.884294485737313e-05
finer,29.6,1.7822075983217979e-06,1.7818459131753579e-06,1.7827409460169809e-06,-4.035021766419284e-05,-4.03847118531293e-05
finer,29.650000000000002,1.7786780466053827e-06,1.7785101419684588e-06,1.7793390897796503e-06,-4.2000886931349264e-05,-4.1951680536450616e-05
finer,29.7,1.7585158124538514e-06,1.7585461880706345e-06,1.7593096019577544e-06,-4.3635725530379487e-05,-4.360693039740718e-05
finer,29.75,1.7217823605811761e-06,1.722002649311627e-06,1.7227018256668853e-06,-4.530093995803056e-05,-4.529771981682534e-05
finer,29.8,1.6687751008389547e-06,1.6691691041132167e-06,1.6698060692395445e-06,-4.706348506064069e-05,-4.7006312000227144e-05
finer,29.85,1.6000160380182958e-06,1.6005774349255074e-06,1.6011549133648057e-06,-4.881059640912529e-05,-4.879758755245379e-05
finer,29.900000000000002,1.516262102856856e-06,1.516978086043521e-06,1.517499455083238e-06,-5.0597534606886196e-05,-5.064255355066594e-05
finer,29.95,1.418487123241325e-06,1.4193315735877252e-06,1.4198008044722974e-06,-5.2476743547502896e-05,-5.2461305270774016e-05
finer,30.0,1.3078521028427551e-06,1.3088091900859096e-06,1.3092307773529324e-06,-5.434311818250243e-05,-5.430654676711481e-05
finer,30.05,1.1857101830645794e-06,1.186765746106026e-06,1.187144628771234e-06,-5.625967262030142e-05,-5.6252835199881365e-05
finer,30.1,1.0535709467585953e-06,1.0547027878722026e-06,1.0550442636569003e-06,-5.8263570159348785e-05,-5.823783526537554e-05
finer,30.150000000000002,9.130751773430122e-07,9.142600273053666e-07,9.145696630317565e-07,-6.025439710596549e-05,-6.023548422957529e-05
finer,30.2,7.659713328755841e-07,7.671940860069866e-07,7.674776264947708e-07,-6.231181107468615e-05,-6.231154413749085e-05
finer,30.25,6.141033270693127e-07,6.153352936567763e-07,6.155985715444163e-07,-6.444489926806814e-05,-6.444043307767793e-05
finer,30.3,4.5933743109895646e-07,4.605625661568936e-07,4.6081141494561885e-07,-6.656994084091442e-05,-6.655719522817729e-05
finer,30.35,3.0359518852531856e-07,3.047872796166019e-07,3.0502745177625375e-07,-6.877691926869337e-05,-6.873777155079296e-05
finer,30.400000000000002,1.4876536510216077e-07,1.4991173867678158e-07,1.501488302239707e-07,-7.104529853062953e-05,-7.102677103000055e-05
finer,30.45,-3.2905874549275984e-09,-2.209599670384972e-09,-1.970216899680082e-09,-7.33147069345096e-05,-7.333049562813439e-05
finer,30.5,-1.5077241837032792e-07,-1.497798460096932e-07,-1.4953308319580726e-07,-7.568082236272582e-05,-7.564943633812352e-05
finer,30.55,-2.919797149039466e-07,-2.9108834110968855e-07,-2.908294425421686e-07,-7.808881029219653e-05,-7.806170535114722e-05
finer,30.6,-4.2532923255756354e-07,-4.245491989590218e-07,-4.2427378309124544e-07,-8.051726468247593e-05,-8.052843942797473e-05
finer,30.650000000000002,-5.493637053526578e-07,-5.487159879206898e-07,-5.484200798548441e-07,-8.30476482825393e-05,-8.300726916155647e-05
finer,30.7,-6.628053851675453e-07,-6.622938299652352e-07,-6.619738851757137e-07,-8.560369250133037e-05,-8.557883859770597e-05
finer,30.75,-7.645360551317609e-07,-7.641685719206648e-07,-7.638214927974424e-07,-8.820484643303595e-05,-8.822292348866137e-05
finer,30.8,-8.536300989132664e-07,-8.534196571616156e-07,-8.530428032245058e-07,-9.090445837772928e-05,-9.086817500025972e-05
finer,30.85,-9.293707551905259e-07,-9.293169238667972e-07,-9.289081148502821e-07,-9.361788689259514e-05,-9.358576252615958e-05
finer,30.900000000000002,-9.912346969098318e-07,-9.913389275296935e-07,-9.908964421086277e-07,-9.640773503813608e-05,-9.641001736734512e-05
finer,30.95,-1.0389121999600068e-06,-1.03917950895814e-06,-1.0387020798415576e-06,-9.92760327175927e-05,-9.925510385606658e-05
finer,31.0,-1.0723119388834338e-06,-1.0727354377989994e-06,-1.0722222417479064e-06,-0.00010216528830207307,-0.00010213834354359458
finer,31.05,-1.0915234433258778e-06,-1.0921056092246416e-06,-1.09155625416351e-06,-0.00010515120693080882,-0.00010513720970197739
finer,31.1,-1.096862397051199e-06,-1.0975922115840755e-06,-1.0970067220516308e-06,-0.00010819394468359834,-0.0001081778377704324
finer,31.150000000000002,-1.0888079900610379e-06,-1.089682449821036e-06,-1.0890612485471953e-06,-0.00011127582626888512,-0.00011125295277817002
finer,31.2,-1.068021663511886e-06,-1.0690320135297416e-06,-1.0683759003391309e-06,-0.00011446502557341251,-0.00011443770980812101
finer,31.25,-1.0353257434555269e-06,-1.0364598632952184e-06,-1.0357699927549042e-06,-0.0001176870004318577,-0.00011768384599329762
finer,31.3,-9.916724871154426e-07,-9.929233604333305e-07,-9.922012158912843e-07,-0.00012098506072900987,-0.00012095686788385246
finer,31.35,-9.381408853691746e-07,-9.39495492586471e-07,-9.387428570895005e-07,-0.0001243718570089136,-0.00012433576360407046
finer,31.400000000000002,-8.7590767079086e-07,-8.77351012525427e-07,-8.765699380243918e-07,-0.0001277951566572115,-0.00012780013904751633
finer,31.45,-8.062159282623261e-07,-8.077411164316111e-07,-8.069338897471501e-07,-0.00013131670660410674,-0.00013128407827737618
finer,31.5,-7.30379261641082e-07,-7.319670719550286e-07,-7.311361772516257e-07,-0.00013490665552304214,-0.0001348702294680372
finer,31.55,-6.497211729535213e-07,-6.513614095781744e-07,-6.50509489105924e-07,-0.00013854877967842184,-0.00013855280644177752
finer,31.6,-5.655863809288488e-07,-5.672666677863254e-07,-5.663964805820515e-07,-0.00014230215976247882,-0.00014226439252162132
finer,31.650000000000002,-4.793032149686745e-07,-4.81007239005974e-07,-4.801216168238485e-07,-0.00014609781967844576,-0.00014606875018564227
finer,31.7,-3.9215576451392737e-07,-3.938734773294098e-07,-3.929752802165337e-07,-0.00014998645092014794,-0.0001499805050675849
finer,31.75,-3.053840704435678e-07,-3.071029213382728e-07,-3.061949932293775e-07,-0.00015396049616313255,-0.00015392728958448884
finer,31.8,-2.201495819890192e-07,-2.2185768626027565e-07,-2.2094281007612245e-07,-0.0001579901549420361,-0.00015795977862719004
finer,31.85,-1.3752469341605595e-07,-1.3921291886925286e-07,-1.382937736472523e-07,-0.0001621265551076507,-0.0001621132879359184
finer,31.900000000000002,-5.848556756257811e-08,-6.014280211010507e-08,-5.922192303475456e-08,-0.00016633007060850688,-0.00016630390206275863
finer,31.95,1.6111322801855103e-08,1.4492053002134517e-08,1.5412312129251645e-08,-0.00017061090783145405,-0.0001705774206461059
finer,32.0,8.552681422482783e-08,8.395305791531891e-08,8.487055759128146e-08,-0.00017499888364782976,-0.000174976800971266
finer,32.05,1.4914903131400413e-07,1.4762759390278588e-07,1.4854043617744268e-07,-0.00017943968595740672,-0.0001794237773978692
finer,32.1,2.0650043512901815e-07,2.0503455133572727e-07,2.0594110225601357e-07,-0.000183993745505474,-0.00018395073160639995
finer,32.15,2.572307629155131e-07,2.558252988072119e-07,2.567242043174632e-07,-0.00018862152560312963,-0.00018860243331524345
finer,32.2,3.011227768517096e-07,2.9977995224125503e-07,3.0067014715642884e-07,-0.00019333205247182105,-0.00019331283730240022
finer,32.25,3.3808520321701296e-07,3.368061397060524e-07,3.376868507462893e-07,-0.00019814978418146648,-0.00019810429815372694
finer,32.3,3.6814664664800623e-07,3.6693099172593287e-07,3.6780173377610975e-07,-0.00020303411772336008,-0.000203020083010302
finer,32.35,3.9144652456810263e-07,3.902943441233765e-07,3.911549100533736e-07,-0.00020802548921290218,-0.00020799663382324406
finer,32.4,4.0822999215313765e-07,4.071384225567927e-07,4.0798886781588565e-07,-0.00021310452678976414,-0.00021306152475073745
finer,32.45,4.1882977924376787e-07,4.177969278782746e-07,4.186375497890734e-07,-0.00021826427776836175,-0.0002182526238237925
finer,32.5,4.2366098243455685e-07,4.2268312523986033e-07,4.235144378908936e-07,-0.00022353788657794937,-0.00022349972835457532
finer,32.55,4.2320244229020423e-07,4.222759809032811e-07,4.230986870212119e-07,-0.0002288814659472949,-0.00022884480126153116
finer,32.6,4.1798831671329336e-07,4.1710762292232095e-07,4.179225830356744e-07,-0.00023433563117318624,-0.00023431699054480228
finer,32.65,4.0858681589704926e-07,4.0774836674466333e-07,4.085565668231641e-07,-0.00023987961726755638,-0.00023984350453833808
finer,32.7,3.955955929241363e-07,3.947938709499865e-07,3.955963897514225e-07,-0.000245509592427742,-0.000245471600710255
finer,32.75,3.7962122763402477e-07,3.7885106437628473e-07,3.796490409712469e-07,-0.00025125360035631306,-0.0002512288076935931
finer,32.8,3.612695662182383e-07,3.605257194951904e-07,3.61320321939406e-07,-0.00025707081754514777,-0.0002570414964078931
finer,32.85,3.41132534499287e-07,3.4041021759226085e-07,3.4120261372144016e-07,-0.0002630027030051537,-0.0002629551312505558
finer,32.9,3.1977893467764035e-07,3.190726651928529e-07,3.198639957997176e-07,-0.0002690204008142136,-0.0002689999244772772
finer,32.95,2.977423696844296e-07,2.9704758680283827e-07,2.9783894180732266e-07,-0.00027513363166362234,-0.00027509977698196564
finer,33.0,2.755132392095725e-07,2.7482692522789056e-07,2.7561932335545447e-07,-0.00028135236466108156,-0.0002813040872097785
finer,33.05,2.5353804308961955e-07,2.5285387669731735e-07,2.536482486621513e-07,-0.000287652968425146,-0.00028763368517866465
finer,33.1,2.3220033077471783e-07,2.315175713556662e-07,2.3231474668720972e-07,-0.0002940622892483118,-0.0002940205725529271
finer,33.15,2.1183542319740449e-07,2.1114889807720727e-07,2.1194959573687327e-07,-0.00030055980961691083,-0.00030051768605814745
finer,33.2,1.9271125226305786e-07,1.9201920598052335e-07,1.9282402843628544e-07,-0.0003071507287990419,-0.0003071263190162086
finer,33.25,1.7503876705938308e-07,1.743393321364608e-07,1.7514876274881822e-07,-0.00031384625453137845,-0.0003137994812099387
finer,33.3,1.5896960653853338e-07,1.5826057349849303e-07,1.590749770523071e-07,-0.00032061891349424135,-0.00032058470556595907
finer,33.35,1.4459648514169526e-07,1.438772496225386e-07,1.4469687547434098e-07,-0.0003275031439734777,-0.0003274673875905945
finer,33.4,1.319607806130527e-07,1.31230108379702e-07,1.3205509598257405e-07,-0.00033446283018760236,-0.00033442072997842096
finer,33.45,1.2105260891951956e-07,1.20310926153534e-07,1.2114131256234026e-07,-0.0003415238398449211,-0.00034148620313436074
finer,33.5,1.1182226095994233e-07,1.1106808042609092e-07,1.1190380927376398e-07,-0.00034867172733380895,-0.00034863510917722333
finer,33.55,1.0417773360651919e-07,1.0341293639489598e-07,1.0425386807967715e-07,-0.00035590270698451434,-0.00035585784610838426
finer,33.6,9.800226035677247e-08,9.722615599708237e-08,9.807207862243406e-08,-0.0003632311851297451,-0.0003631936493613046
finer,33.65,9.315125687019047e-08,9.236527088476913e-08,9.32159115485221e-08,-0.00037063087168878067,-0.0003705937242475841
finer,33.7,8.946675050870633e-08,8.867136854781713e-08,8.952640479235186e-08,-0.0003781266116916397,-0.0003780753551348401
finer,33.75,8.677993976438976e-08,8.597633951715857e-08,8.683541046640676e-08,-0.0003856936031573541,-0.00038566283802201733
finer,33.8,8.4920509467998e-08,8.410959164579216e-08,8.497230865119739e-08,-0.00039334379153198003,-0.0003932974718088296
finer,33.85,8.372144063580222e-08,8.290425768084726e-08,8.377021429194183e-08,-0.0004010710171082686,-0.0004010222271483989
finer,33.9,8.302537242709831e-08,8.220294357355866e-08,8.307172446514181e-08,-0.0004088666184632077,-0.00040883644295813245
finer,33.95,8.268919571331483e-08,8.186256381731485e-08,8.273375268887484e-08,-0.000416740486258189,-0.00041668669764108156
finer,34.0,8.258847871383376e-08,8.17584831363404e-08,8.263166938344267e-08,-0.00042467447140355133,-0.00042463131508896275
finer,34.05,8.262011830637302e-08,8.178757810266497e-08,8.266236206754289e-08,-0.0004326781997437307,-0.0004326429612786715
finer,34.1,8.27045958177245e-08,8.187039175841148e-08,8.274638871169656e-08,-0.0004407412771478297,-0.0004406854360008459
finer,34.15,8.27877389096896e-08,8.195229406767444e-08,8.282913669949751e-08,-0.00044885873473559816,-0.00044881886427471416
finer,34.2,8.283959043247661e-08,8.200353236783261e-08,8.288087183634075e-08,-0.0004570363992197351,-0.000456995094812438
finer,34.25,8.285465353944802e-08,8.201841169164557e-08,8.289591742119488e-08,-0.00046525336391996247,-0.0004651994351648983
finer,34.300000000000004,8.284956860998129e-08,8.201349185718686e-08,8.289084990429237e-08,-0.0004735260867943015,-0.00047348451990196396
finer,34.35,8.286065390323108e-08,8.202496602341967e-08,8.290187630975672e-08,-0.00048182855187893075,-0.0004817868582245677
finer,34.4,8.294017568631488e-08,8.210529927541262e-08,8.298147183790502e-08,-0.0004901741916818263,-0.0004901163884962626
finer,34.45,8.315327143639308e-08,8.231923770232507e-08,8.31943879132629e-08,-0.0004985455462664292,-0.0004985092678070404
finer,34.5,8.357217904225496e-08,8.273942558239254e-08,8.361326882736267e-08,-0.000506941761230094,-0.0005068923399356884
finer,34.550000000000004,8.4272828945996e-08,8.344156354058076e-08,8.431380941944952e-08,-0.0005153609655191625,-0.0005153064248776635
finer,34.6,8.532876263975094e-08,8.449945844109785e-08,8.536980465177124e-08,-0.0005237860054243539,-0.0005237511230816997
finer,34.65,8.680753793211376e-08,8.59802658136118e-08,8.684839226754777e-08,-0.0005322276633445421,-0.0005321700109909738
finer,34.7,8.876346908470084e-08,8.793937315955494e-08,8.880493630634491e-08,-0.0005406594166873434,-0.0005406145113381163
finer,34.75,9.123701897281177e-08,9.041620006250132e-08,9.127882779283502e-08,-0.0005490952048524042,-0.000549051967786863
finer,34.800000000000004,9.424637725934881e-08,9.343014926731193e-08,9.428943684213486e-08,-0.0005575095039937758,-0.0005574548288497208
finer,34.85,9.77877275614102e-08,9.697682371108114e-08,9.783233062724627e-08,-0.0005659097579302244,-0.0005658659237488027
finer,34.9,1.0182993493446613e-07,1.0102580536689357e-07,1.018770536597757e-07,-0.0005742791024072951,-0.0005742330079178906
finer,34.95,1.0631503101296621e-07,1.05518341484981e-07,1.0636481565095663e-07,-0.0005826136349242524,-0.0005825604104158749
finer,35.0,1.1115293061426059e-07,1.1036619023614519e-07,1.1120733866807324e-07,-0.0005909069212131387,-0.0005908646423417772
finer,35.050000000000004,1.1622875832300616e-07,1.154520334765435e-07,1.1628727187127664e-07,-0.0005991448615376711,-0.0005990962351125988
finer,35.1,1.2139265629767142e-07,1.2062956521121587e-07,1.2145828179503552e-07,-0.0006073279956235768,-0.0006072770078519363
finer,35.15,1.2647532007861236e-07,1.2572571781243626e-07,1.2654728027935272e-07,-0.000615437037638635,-0.0006153967347692389
finer,35.2,1.3127652427764582e-07,1.305434799214917e-07,1.3135724433201687e-07,-0.0006234738881362252,-0.0006234213499071354
finer,35.25,1.3557985066659435e-07,1.3486487646045768e-07,1.3567019763411665e-07,-0.0006314195433644504,-0.0006313754707686506
finer,35.300000000000004,1.3915183465776773e-07,1.3845613197416137e-07,1.392523752704946e-07,-0.0006392726920387592,-0.0006392287546603179
finer,35.35,1.417460997423329e-07,1.410723597859581e-07,1.418589142151447e-07,-0.0006470179697397839,-0.0006469680354448972
finer,35.4,1.4311473539459433e-07,1.4246320239071225e-07,1.4323949437743586e-07,-0.0006546490085234141,-0.0006546083060379984
finer,35.45,1.4300614843060946e-07,1.4237957059013332e-07,1.43145078303873e-07,-0.0006621546001542599,-0.0006621083934786966
finer,35.5,1.4118128807780345e-07,1.4057961136827203e-07,1.4133387924054002e-07,-0.0006695240542621344,-0.0006694791985842088
finer,35.550000000000004,1.374114990298805e-07,1.368356445026017e-07,1.3757829724179938e-07,-0.0006767488351963787,-0.0006767087906695328
finer,35.6,1.3149014701029523e-07,1.3094118997957164e-07,1.316719460162374e-07,-0.0006838159600910587,-0.0006837707072340344
finer,35.65,1.232392495926528e-07,1.2271681314839322e-07,1.2343549693081157e-07,-0.000690717551689944,-0.0006906774091648356
finer,35.7,1.1251400955131485e-07,1.1201713702174757e-07,1.1272368964483644e-07,-0.0006974402376403694,-0.0006974006611109875
finer,35.75,9.920674800599754e-08,9.873608229949293e-08,9.943057045448082e-08,-0.0007039754448746467,-0.000703933096959628
finer,35.800000000000004,8.325851613216068e-08,8.281201435854345e-08,8.349463698131938e-08,-0.0007103103538124617,-0.0007102750754930532
finer,35.85,6.465768667003675e-08,6.423238722155222e-08,6.49034796660351e-08,-0.0007164354206733869,-0.0007163954563096358
finer,35.9,4.344017698753257e-08,4.303668813664488e-08,4.369672390505903e-08,-0.0007223383466170284,-0.0007223030264545125
finer,35.95,1.970730400742114e-08,1.9319117081947218e-08,1.996870664922002e-08,-0.0007280090958450933,-0.0007279747107047241
finer,36.0,-6.397795152844906e-09,-6.770071598856427e-09,-6.1301846602726595e-09,-0.0007334354387480549,-0.0007334001268641168
finer,36.050000000000004,-3.466248132948164e-08,-3.502488192078809e-08,-3.439382744529446e-08,-0.000738607423655379,-0.0007385768481207856
finer,36.1,-6.482793540102613e-08,-6.518400472662762e-08,-6.456079526718973e-08,-0.0007435126518333452,-0.0007434808285698448
finer,36.15,-9.658181445825589e-08,-9.693377155263263e-08,-9.63173139815572e-08,-0.0007481414168354349,-0.000748112097262222
finer,36.2,-1.2955483800883081e-07,-1.2991119760480636e-07,-1.2930030694050025e-07,-0.0007524814535441014,-0.0007524549157011201
finer,36.25,-1.6334730645272133e-07,-1.6370876447460195e-07,-1.6310217977014138e-07,-0.0007565229275777915,-0.0007564954257807431
finer,36.300000000000004,-1.975062132452886e-07,-1.978803047222921e-07,-1.9727670638152817e-07,-0.0007602544627213506,-0.0007602318434401659
finer,36.35,-2.315556210321463e-07,-2.319474019443523e-07,-2.313454304185679e-07,-0.0007636654565188071,-0.000763642407818294
finer,36.4,-2.649953998877791e-07,-2.654073109980123e-07,-2.6480558642976236e-07,-0.0007667462241412943,-0.000766725756723782
finer,36.45,-2.9730044956390444e-07,-2.977410744670586e-07,-2.971382167243605e-07,-0.0007694849690736635,-0.0007694677966583904
finer,36.5,-3.2795072138122183e-07,-3.2842249588467967e-07,-3.278171449569404e-07,-0.0007718740570717784,-0.0007718561967481049
finer,36.550000000000004,-3.5642216933930715e-07,-3.569275048797471e-07,-3.5631834106021003e-07,-0.0007739007071604307,-0.0007738884419789986
finer,36.6,-3.8219347451599904e-07,-3.827436397524275e-07,-3.821294032681919e-07,-0.0007755589614083651,-0.0007755458767021703
finer,36.65,-4.047904752959295e-07,-4.053796589994744e-07,-4.047591690458671e-07,-0.0007768360075921613,-0.0007768271443496112
finer,36.7,-4.2373551795604804e-07,-4.243750554417875e-07,-4.2374722804651537e-07,-0.000777726542604756,-0.0007777196357755414
finer,36.75,-4.386200208086427e-07,-4.393089846936757e-07,-4.386728493141309e-07,-0.0007782191469332932,-0.0007782138429115595
finer,36.800000000000004,-4.4907013862929445e-07,-4.498091184122243e-07,-4.4916383317262565e-07,-0.0007783079211668387,-0.0007783066370046578
finer,36.85,-4.5476425910021725e-07,-4.555591214100974e-07,-4.549039864901998e-07,-0.0007779842149617406,-0.0007779841085538605
finer,36.9,-4.5546008275960566e-07,-4.563061629063582e-07,-4.556406321786533e-07,-0.0007772406101577154,-0.0007772438240862905
finer,36.95,-4.509638683100871e-07,-4.518662783307237e-07,-4.5118996905603223e-07,-0.0007760720054425665,-0.000776078184138673
finer,37.0,-4.411766292566432e-07,-4.421298823985002e-07,-4.4144258262853927e-07,-0.0007744693480207392,-0.0007744772452226619
finer,37.050000000000004,-4.260579649214881e-07,-4.270646463032433e-07,-4.263663201882302e-07,-0.000772430910693661,-0.0007724428570281141
finer,37.1,-4.0566421550889134e-07,-4.067183933367685e-07,-4.060091840388858e-07,-0.0007699468792994993,-0.0007699608227566694
finer,37.15,-3.8011643773620084e-07,-3.8121929554380686e-07,-3.8049952556611793e-07,-0.0007670177920029433,-0.0007670345755891357
finer,37.2,-3.4963441386894125e-07,-3.507758935023451e-07,-3.5004606268394977e-07,-0.0007636346944381201,-0.0007636554581153338
finer,37.25,-3.144897621460455e-07,-3.156744205639669e-07,-3.149352013139299e-07,-0.0007597987823051081,-0.000759820700975018
finer,37.300000000000004,-2.7506341406776303e-07,-2.7627602328953747e-07,-2.7552825317376436e-07,-0.0007555037430626238,-0.0007555305871141353
finer,37.35,-2.3176773095163123e-07,-2.33011284991473e-07,-2.322559568167607e-07,-0.0007507499891074861,-0.0007507784528355344
finer,37.4,-1.851105176136488e-07,-1.8637482552666158e-07,-1.8561307459350456e-07,-0.0007455351137759717,-0.0007455668477339977
finer,37.45,-1.3563952748476163e-07,-1.3691736479017798e-07,-1.3615045369477455e-07,-0.0007398580880546273,-0.0007398940088204088
finer,37.5,-8.394927889293994e-08,-8.523819468101048e-08,-8.446749574545946e-08,-0.0007337206591149985,-0.0007337572078199904
finer,37.550000000000004,-3.068806839828801e-08,-3.1975101207077396e-08,-3.120207644902551e-08,-0.0007271208040842417,-0.0007271635902400718
finer,37.6,2.348948619267892e-08,2.220448414110828e-08,2.2978304835260956e-08,-0.0007200635428649101,-0.000720106078376243
finer,37.65,7.788372052409711e-08,7.661513032997363e-08,7.738817286033333e-08,-0.0007125472835459462,-0.0007125955637449983
finer,37.7,1.3181541484559525e-07,1.3056302296915215e-07,1.3133369407180452e-07,-0.0007045786756641603,-0.0007046283129084445
finer,37.75,1.845813920553614e-07,1.833580046294434e-07,1.841247177223278e-07,-0.0006961583769485763,-0.0006962114328297153
finer,37.800000000000004,2.3551647575348581e-07,2.3432370114865307e-07,2.350849027556936e-07,-0.0006872929969340555,-0.0006873496675870848
finer,37.85,2.839605371510172e-07,2.8280873210020403e-07,2.8356292822960275e-07,-0.0006779868486048988,-0.0006780451248572983
finer,37.9,3.293065355814514e-07,3.281966966758645e-07,3.289424785021323e-07,-0.0006682455831422048,-0.0006683082216739611
finer,37.95,3.7097406391911287e-07,3.699159978458984e-07,3.7065206641348705e-07,-0.0006580775013262186,-0.000658141849846997
finer,38.0,4.0845418676683224e-07,4.0744845020055554e-07,4.0817363937909256e-07,-0.0006474875926921088,-0.0006475551797813975
finer,38.050000000000004,4.4128516957249274e-07,4.4033764138973045e-07,4.4105093859643387e-07,-0.0006364871873915559,-0.0006365578595013914
finer,38.1,4.690829028256074e-07,4.6819502900341793e-07,4.688955933770305e-07,-0.0006250820670921021,-0.0006251543315470025
finer,38.15,4.915317149191031e-07,4.907065329249803e-07,4.913937103088036e-07,-0.0006132846781560254,-0.0006133610759556501
finer,38.2,5.083970027680717e-07,5.076357550444637e-07,5.08309089504802e-07,-0.0006011036116237052,-0.0006011808265844585
finer,38.25,5.195263821810585e-07,5.18828031627394e-07,5.194872734073154e-07,-0.0005885503619155513,-0.0005886315785097885
finer,38.300000000000004,5.248441262714679e-07,5.242110919043021e-07,5.248562012890574e-07,-0.0005756379857124048,-0.0005757202860288133
finer,38.35,5.243668697643578e-07,5.237957963188222e-07,5.244269436787045e-07,-0.0005623757455549054,-0.0005624612002249657
finer,38.4,5.181856941334622e-07,5.17674658397897e-07,5.182922203057881e-07,-0.0005487816170986849,-0.0005488685733109434
finer,38.45,5.064718296996241e-07,5.060190743221933e-07,5.066236257304115e-07,-0.0005348627706062857,-0.000534952354209848
finer,38.5,4.894739766142481e-07,4.890758147659687e-07,4.896681177904781e-07,-0.0005206410177235712,-0.000520731784921403
finer,38.550000000000004,4.6751055674537977e-07,4.6716134009057244e-07,4.677423294206139e-07,-0.0005061229888985112,-0.000506216695809423
finer,38.6,4.4095847741412736e-07,4.406560429550434e-07,4.412268083711914e-07,-0.0004913320647718213,-0.0004914258790284281
finer,38.65,4.1025954056573986e-07,4.0999676990571134e-07,4.10558536495746e-07,-0.0004762766451770734,-0.000476374083605377
finer,38.7,3.75896598221839e-07,3.756687016560696e-07,3.7622280796422274e-07,-0.00046097912372548524,-0.0004610756890085119
finer,38.75,3.3839539211324717e-07,3.381970511519928e-07,3.387449259825483e-07,-0.00044545170211408906,-0.0004455519132814744
finer,38.800000000000004,2.9831346442871376e-07,2.9813720116961565e-07,2.986803395602952e-07,-0.00042971400523826445,-0.0004298134405344196
finer,38.85,2.5622355362318233e-07,2.5606587221728936e-07,2.5660581096615443e-07,-0.00041378283147492013,-0.000413884594129385
finer,38.9,2.1272036489988048e-07,2.1257088489929317e-07,2.13109178334143e-07,-0.0003976747699122797,-0.0003977771254198158
finer,38.95,1.6838582894085508e-07,1.682417750090826e-07,1.6877997140067986e-07,-0.0003814103660665266,-0.0003815127848914026
finer,39.0,1.2380530690375346e-07,1.236604805915393e-07,1.2420009955671103e-07,-0.00036500443517373525,-0.00036510914743747343
finer,39.050000000000004,7.954646927701077e-08,7.939180791743782e-08,7.993431935971988e-08,-0.0003484791731518902,-0.00034858207187381333
finer,39.1,3.613965955932042e-08,3.597568165834968e-08,3.652248645019763e-08,-0.00033184965987205267,-0.0003319554410132107
finer,39.15,-5.8969423225899365e-09,-6.0816257432665464e-09,-5.529213124623529e-09,-0.0003151374145015936,-0.00031524113525532784
finer,39.2,-4.6107646849510166e-08,-4.631355663197708e-08,-4.575432312284611e-08,-0.00029835945809779016,-0.0002984648122470628
finer,39.25,-8.40672588123681e-08,-8.430025008177227e-08,-8.373309680551305e-08,-0.0002815351971757338,-0.000281639890499484
finer,39.300000000000004,-1.1940917701808732e-07,-1.1967299539974245e-07,-1.1909694798658658e-07,-0.00026468395531156704,-0.00026478795042057774
finer,39.35,-1.5182133901168922e-07,-1.521186476126428e-07,-1.5153286399963016e-07,-0.00024782315267280033,-0.00024792815034247335
finer,39.4,-1.810493897569038e-07,-1.8138244475779482e-07,-1.8078622065987844e-07,-0.0002309731741543029,-0.0002310757904174031
finer,39.45,-2.0689814723576678e-07,-2.0726969537245366e-07,-2.0666246731474019e-07,-0.00021415100527267356,-0.0002142548698680035
finer,39.5,-2.292358313141241e-07,-2.2964659211028964e-07,-2.2902793817325026e-07,-0.00019737581526779168,-0.00019747752242522433
finer,39.550000000000004,-2.479887724295059e-07,-2.4843962771211165e-07,-2.4780926620554883e-07,-0.0001806662082127898,-0.00018076745612379788
finer,39.6,-2.631427154771877e-07,-2.636340254815235e-07,-2.629918115128488e-07,-0.00016403799301504602,-0.00016413892295915963
finer,39.65,-2.7473978626781477e-07,-2.752714082190273e-07,-2.746173284759621e-07,-0.0001475127093101509,-0.00014761056529450874
finer,39.7,-2.828742038569748e-07,-2.8344594507140326e-07,-2.827801109338666e-07,-0.00013110192606794228,-0.00013120139045198588
finer,39.75,-2.876919576835588e-07,-2.883005977420086e-07,-2.8762323687070086e-07,-0.00011482984900479715,-0.00011492437410267236
finer,39.800000000000004,-2.893746526137068e-07,-2.900214696174653e-07,-2.8933291628686475e-07,-9.870464204531075e-05,-9.880138718850823e-05
finer,39.85,-2.88152319366917e-07,-2.888329498988748e-07,-2.8813363423482636e-07,-8.27513455096183e-05,-8.284290843692751e-05
finer,39.9,-2.8427816402175044e-07,-2.84990913196255e-07,-2.842813494956016e-07,-6.697677891374453e-05,-6.706965346785397e-05
finer,39.95,-2.780325554418959e-07,-2.787770719045936e-07,-2.7805784631872115e-07,-5.140431787712039e-05,-5.149297937063419e-05
finer,40.0,-2.697223184862404e-07,-2.7049183629988076e-07,-2.697635940191973e-07,-3.604155057076599e-05,-3.612994540651916e-05
finer,40.050000000000004,-2.596524754166356e-07,-2.604481688913767e-07,-2.597116010907837e-07,-2.0908319217183516e-05,-2.0993656886382837e-05
finer,40.1,-2.4814763618831544e-07,-2.4896480851102445e-07,-2.4822063924948246e-07,-6.013912043523455e-06,-6.097693867633696e-06
finer,40.15,-2.3552608470393144e-07,-2.3636018290038923e-07,-2.356091562053026e-07,8.625610461465825e-06,8.544256637352047e-06
finer,40.2,-2.220941782101535e-07,-2.2294631927516629e-07,-2.2218918658991373e-07,2.3000092230255744e-05,2.292088361006975e-05
finer,40.25,-2.0815975764707094e-07,-2.090235480329408e-07,-2.0826105626181874e-07,3.709580741417144e-05,3.701906648568178e-05
finer,40.300000000000004,-1.9400170875038505e-07,-1.9487531926470515e-07,-1.9410819959094388e-07,5.0903868303611565e-05,5.0829184481552536e-05
finer,40.35,-1.798814979939176e-07,-1.8076415312988513e-07,-1.7999311076875508e-07,6.441066846731331e-05,6.433907416604391e-05
finer,40.4,-1.6604119188151336e-07,-1.6692772810036458e-07,-1.661534331689083e-07,7.761077478823174e-05,7.754056137182541e-05
finer,40.45,-1.5268595513209684e-07,-1.5357622123117817e-07,-1.5279930086600222e-07,9.048909825412995e-05,9.0423076226644e-05
finer,40.5,-1.3999785004625024e-07,-1.408899382426058e-07,-1.4011097003203375e-07,0.0001030446029953494,0.00010297887378070067
finer,40.550000000000004,-1.2812798322195208e-07,-1.290181410941059e-07,-1.2823764797349293e-07,0.00011526073366462407,0.00011520044928220803
finer,40.6,-1.171889168924651e-07,-1.1807821626374642e-07,-1.1729666285800356e-07,0.00012713998887060147,0.0001270790192096012
finer,40.65,-1.0726978009502291e-07,-1.0815603133035426e-07,-1.0737382176485359e-07,0.0001386660112337901,0.00013861121146986475
finer,40.7,-9.842562667622381e-08,-9.930650102435032e-08,-9.852397822069433e-08,0.0001498426809072076,0.00014978704717257164
finer,40.75,-9.067700217116214e-08,-9.155532098297572e-08,-9.077276732681495e-08,0.0001606561610196456,0.00016060631645130533
finer,40.800000000000004,-8.402992956089868e-08,-8.490075144588967e-08,-8.411839074352422e-08,0.0001711095908490253,0.00017105984789816096
finer,40.85,-7.844967945003962e-08,-7.931640852034865e-08,-7.853440918118372e-08,0.0001811931918584643,0.00018114794413113595
finer,40.9,-7.389308224057246e-08,-7.475401426048835e-08,-7.3972493452731e-08,0.00019090860129534316,0.00019086483059035795
finer,40.95,-7.029218658327061e-08,-7.11468564990762e-08,-7.03658851830339e-08,0.00020024986514951878,0.00020020936103283383
finer,41.0,-6.756247736555837e-08,-6.841316145056084e-08,-6.763277010725727e-08,0.0002092181898953739,0.00020917989762467314
finer,41.050000000000004,-6.561513936493068e-08,-6.645983440980094e-08,-6.568001917198418e-08,0.00021780957658202438,0.00021777430567090632
finer,41.1,-6.434574295576629e-08,-6.518604024210692e-08,-6.44067693386196e-08,0.00022602698526629685,0.00022599350293889508
finer,41.15,-6.365030520367925e-08,-6.448687224558324e-08,-6.370809250511296e-08,0.00023386605258168887,0.00023383632834693947
finer,41.2,-6.342398484859351e-08,-6.425671566484886e-08,-6.347835882079749e-08,0.00024133334294175858,0.00024130433231434024
finer,41.25,-6.356293692151728e-08,-6.439252874100798e-08,-6.361451750344478e-08,0.0002484228298515563,0.0002483984496833111
finer,41.300000000000004,-6.396896964202861e-08,-6.47966270813295e-08,-6.401888067618549e-08,0.00025514495408277704,0.0002551205100867562
finer,41.35,-6.455446254531877e-08,-6.537929552308208e-08,-6.460173459048187e-08,0.00026149256479706437,0.0002614729687372642
finer,41.4,-6.523677209854463e-08,-6.606075084388531e-08,-6.528330168552356e-08,0.00026747843171182035,0.000267458743646831
finer,41.45,-6.595037604810831e-08,-6.677284564988198e-08,-6.599544357259345e-08,0.0002730962751147051,0.0002730809631994358
finer,41.5,-6.66384055108733e-08,-6.746010275705405e-08,-6.668269457885507e-08,0.00027835878297007396,0.0002783437814293682
finer,41.550000000000004,-6.725902248105375e-08,-6.808036710440909e-08,-6.730291282451104e-08,0.0002832626279322185,0.0002832513702127294
finer,41.6,-6.778412555649602e-08,-6.860488642454467e-08,-6.78273599103953e-08,0.0002878186977494437,0.00028780803867036386
finer,41.65,-6.819712326768579e-08,-6.901793531098625e-08,-6.824032423005443e-08,0.0002920273294627356,0.00029202003448061887
finer,41.7,-6.849528570920046e-08,-6.931596533577769e-08,-6.853827030958338e-08,0.0002958976759582642,0.0002958909587531051
finer,41.75,-6.868570283217795e-08,-6.950636078499266e-08,-6.872859377690334e-08,0.0002994325641286213,0.00029942908059595724
finer,41.800000000000004,-6.878504357030886e-08,-6.96057958285459e-08,-6.882797807160165e-08,0.0003026411117480576,0.00030263800579876434
finer,41.85,-6.881758248235404e-08,-6.963832171844787e-08,-6.886048113013075e-08,0.0003055263693931169,0.00030552646941049407
finer,41.9,-6.881245853808321e-08,-6.963319630437197e-08,-6.885536455721446e-08,0.00030809946466235524,0.00030809965892409215
finer,41.95,-6.880187534839912e-08,-6.962255351504548e-08,-6.884476305241696e-08,0.00031036186882880403,0.0003103653216796455
finer,42.0,-6.881833903029427e-08,-6.96389972072859e-08,-6.886127812293335e-08,0.0003123275736723412,0.0003123307550002521
finer,42.050000000000004,-6.889242192351478e-08,-6.971318485892362e-08,-6.893556193541353e-08,0.00031399637717568113,0.000314002900412289
finer,42.1,-6.905099109228188e-08,-6.987147287165352e-08,-6.909396295092886e-08,0.00031538407507225596,0.00031539004931161976
finer,42.15,-6.931274480553092e-08,-7.013373599861263e-08,-6.93563456060534e-08,0.0003164904748021418,0.00031649960839706014
finer,42.2,-6.969038209927808e-08,-7.051138948505396e-08,-6.9734113057874e-08,0.0003173308184089106,0.00031733958021986486
finer,42.25,-7.018417890431172e-08,-7.100568693584674e-08,-7.022850565018538e-08,0.00031790718581135293,0.0003179183506906516
finer,42.300000000000004,-7.07840258629163e-08,-7.16064193090874e-08,-7.082930047538927e-08,0.0003182321742458927,0.00031824371468598174
finer,42.35,-7.146755674913985e-08,-7.229090887378563e-08,-7.151380620976571e-08,0.0003183113461955389,0.00031832414148557573
finer,42.4,-7.219864328896062e-08,-7.302355306157593e-08,-7.224640765680852e-08,0.0003181542179912488,0.00031816822115451416
finer,42.45,-7.292867982166255e-08,-7.375570903977882e-08,-7.297845106404251e-08,0.0003177691258946211,0.00031778354025654304
finer,42.5,-7.359701585527187e-08,-7.442614331276851e-08,-7.364869463713302e-08,0.0003171638973639933,0.00031717971763007495
finer,42.550000000000004,-7.41292727756617e-08,-7.496187877517357e-08,-7.418415620384567e-08,0.00031634757123068946,0.0003163637927691681
finer,42.6,-7.444439421745389e-08,-7.527956133942607e-08,-7.450148057994465e-08,0.000315328333502492,0.0003153453667505397
finer,42.65,-7.444727792036508e-08,-7.528720010618179e-08,-7.450868044889848e-08,0.00031411405140711586,0.0003141320247623317
finer,42.7,-7.404232517486561e-08,-7.488636759599089e-08,-7.410733697729521e-08,0.0003127143321589627,0.0003127324029000889
finer,42.75,-7.312601670076303e-08,-7.397468699162664e-08,-7.319508760235935e-08,0.0003111355985026843,0.0003111548196932143
finer,42.800000000000004,-7.159395962551244e-08,-7.24486631177776e-08,-7.166845732572399e-08,0.0003093880626059622,0.0003094073856158655
finer,42.85,-6.934704899610332e-08,-7.02066964428754e-08,-6.942587276865835e-08,0.0003074782376651676,0.000307498029839331
finer,42.9,-6.628673059023799e-08,-6.715226824680997e-08,-6.637084752897792e-08,0.0003054147771115048,0.00030543553190631875
finer,42.95,-6.23258826540818e-08,-6.319720473419507e-08,-6.241524609665493e-08,0.0003032064509335219,0.00030322641398442945
finer,43.0,-5.7387519932248935e-08,-5.8264851833764105e-08,-5.7482458323091796e-08,0.0003008584407771382,0.00030088043099522134
finer,43.050000000000004,-5.141155793014092e-08,-5.229333218482343e-08,-5.151065612938902e-08,0.00029838286767189004,0.0002984030218504119
finer,43.1,-4.435060101140048e-08,-4.523829336088998e-08,-4.4455540994724587e-08,0.0002957812401131156,0.0002958039713121349
finer,43.15,-3.618519718631177e-08,-3.707585096566144e-08,-3.6293286341191765e-08,0.0002930681390764653,0.0002930886731538588
finer,43.2,-2.6909931878585055e-08,-2.7804635743376446e-08,-2.7022583863731956e-08,0.00029024308012489113,0.00029026609194561666
finer,43.25,-1.6551548322845976e-08,-1.7447978271715565e-08,-1.666682702101129e-08,0.00028732083896909237,0.0002873418037214027
finer,43.300000000000004,-5.1581783478420615e-09,-6.055129803354228e-09,-5.275330858659357e-09,0.0002843012349491562,0.0002843243004891095
finer,43.35,7.193823247657709e-09,6.297669094126684e-09,7.075600583707981e-09,0.0002811972508250334,0.0002812184987430695
finer,43.4,2.0400773208197342e-08,1.9507016359682257e-08,2.0282503568481306e-08,0.0002780102292399567,0.00027803329405696846
finer,43.45,3.433132734765113e-08,3.344244272351494e-08,3.4214850147847593e-08,0.00027475103334916365,0.0002747723454747172
finer,43.5,4.882986974829218e-08,4.7947581401559986e-08,4.871621936135111e-08,0.0002714218811180865,0.00027144493028256964
finer,43.550000000000004,6.371452074405598e-08,6.284135761452936e-08,6.360548822278491e-08,0.0002680328843907488,0.00026805406480403463
finer,43.6,7.8781803430369e-08,7.792053773662827e-08,7.867938207243702e-08,0.0002645853499470145,0.0002646083589913151
finer,43.65,9.380983609290095e-08,9.296207077371486e-08,9.371481751926602e-08,0.00026109035659255714,0.000261111254563548
finer,43.7,1.0855764860034529e-07,1.0772671833239218e-07,1.0847253356094091e-07,0.00025754705567016233,0.0002575699588456365
finer,43.75,1.227744085574392e-07,1.2196262231650257e-07,1.2270066023532684e-07,0.000253967898970841,0.00025398847086353146
finer,43.800000000000004,1.3620012244057337e-07,1.3540960959256705e-07,1.3613902434345164e-07,0.0002503504607283189,0.00025037306017036313
finer,43.85,1.4856934483134046e-07,1.4780382765580745e-07,1.4852378566121213e-07,0.0002467070480633741,0.0002467274391404737
finer,43.9,1.5962294053182117e-07,1.588824647622637e-07,1.5959215751750818e-07,0.00024303585200333784,0.00024305779335908264
finer,43.95,1.6910031439881847e-07,1.6838891042982023e-07,1.6908756760708466e-07,0.0002393465850948251,0.0002393670493635133
finer,44.0,1.7675799822269996e-07,1.7607783798111274e-07,1.7676474029780333e-07,0.00023564029705789422,0.00023566126169131154
finer,44.050000000000004,1.8236986106808097e-07,1.8172016790839433e-07,1.823946597088272e-07,0.00023192252376653315,0.0002319431516399685
finer,44.1,1.8572194970734115e-07,1.8510828096756576e-07,1.8576978220955892e-07,0.00022819782455953355,0.0002282178023417944
finer,44.15,1.8664194705944226e-07,1.8606045287430138e-07,1.86708470045951e-07,0.0002244679630004637,0.0002244884976430493
finer,44.2,1.84969918437474e-07,1.8442541415853696e-07,1.8505955013291292e-07,0.0002207397073893209,0.00022075901210568102
finer,44.25,1.8059598967163238e-07,1.800863570445357e-07,1.8070631946232392e-07,0.00021701297064361368,0.0002170329842275737
finer,44.300000000000004,1.7343826812269504e-07,1.7296404662804086e-07,1.7356965453870562e-07,0.00021329466369940232,0.0002133135991511308
finer,44.35,1.6345850005796516e-07,1.630201211907261e-07,1.6361130998941488e-07,0.00020958465000001854,0.0002096039376755203
finer,44.4,1.506652625145917e-07,1.5025876662205514e-07,1.5083559091572016e-07,0.00020588887545781165,0.0002059073997549277
finer,44.45,1.3509966578744946e-07,1.3472839063937276e-07,1.352910250136815e-07,0.000202207406785695,0.00020222615272530344
finer,44.5,1.1686499337161045e-07,1.165223026287592e-07,1.1707104040342062e-07,0.00019854588324759215,0.00019856366598690472
finer,44.550000000000004,9.6090646063611e-08,9.577818004593243e-08,9.631342977438666e-08,0.0001949032798434996,0.00019492178904414908
finer,44.6,7.2965240085689e-08,7.267759137690427e-08,7.319987132854353e-08,0.000191286535613281,0.00019130335097219194
finer,44.65,4.7707545580190335e-08,4.74436848492159e-08,4.795361556767727e-08,0.00018769214329469248,0.00018771044359935644
finer,44.7,2.0583329696298086e-08,2.0338853118275e-08,2.083714802770733e-08,0.0001841291447402107,0.0001841451500342304
finer,44.75,-8.110532047576188e-09,-8.338644035896739e-09,-7.851189567957127e-09,0.00018059169911904184,0.00018060945945954547
finer,44.800000000000004,-3.804335186823928e-08,-3.825901544006845e-08,-3.7781536485625546e-08,0.00017708982607529444,0.00017710542958412198
finer,44.85,-6.885775076761114e-08,-6.906537942013963e-08,-6.859695513688371e-08,0.00017361737544323573,0.0001736341974390625
finer,44.9,-1.0017590881742689e-07,-1.0037922021492415e-07,-9.991888828665231e-08,0.00017018283350296506,0.00017019833774213234
finer,44.95,-1.3160373578525117e-07,-1.3180637217533673e-07,-1.313531439677555e-07,0.00016678233734776542,0.0001667980683888114
finer,45.0,-1.6273577625658684e-07,-1.629425845270338e-07,-1.6249546060381226e-07,0.00016342070953405708,0.00016343612070838655
finer,45.050000000000004,-1.9316619937012632e-07,-1.9338086539501738e-07,-1.9293885100674068e-07,0.0001600977148028957,0.000160112480703666
finer,45.1,-2.2249070262710509e-07,-2.2271703694136996e-07,-2.2227915740238418e-07,0.000156814238293396,0.00015682937141142347
finer,45.15,-2.503159235059988e-07,-2.5055722200041057e-07,-2.5012253754297735e-07,0.0001535729620214815,0.0001535869771036517
finer,45.2,-2.7626096556333876e-07,-2.765237960489748e-07,-2.760914159055282e-07,0.0001503723580446455,0.00015038704299947294
finer,45.25,-2.999807971383923e-07,-3.00261883379018e-07,-2.998309790123215e-07,0.0001472161510670021,0.00014722954879201755
finer,45.300000000000004,-3.2113451478904537e-07,-3.214453531788332e-07,-3.210151702732025e-07,0.00014410222332262543,0.00014411640806056428
finer,45.35,-3.394473649562388e-07,-3.397823045843244e-07,-3.393521737203025e-07,0.00014103405455038524,0.0001410468494307247
finer,45.4,-3.546542804955354e-07,-3.550198219974944e-07,-3.545891679127855e-07,0.0001380094788216499,0.0001380232175094406
finer,45.45,-3.6654997285841507e-07,-3.6694890167638167e-07,-3.665172508340688e-07,0.00013503205306577813,0.00013504418219462223
finer,45.5,-3.7497983711946577e-07,-3.754070656156703e-07,-3.74974052126552e-07,0.0001320986119106065,0.0001321120028469635
finer,45.550000000000004,-3.798171577184501e-07,-3.8028235455702907e-07,-3.798477243655137e-07,0.00012921406688244452,0.0001292254713239195
finer,45.6,-3.810200881681031e-07,-3.8151413450105206e-07,-3.810777476637291e-07,0.00012637316360139363,0.00012638624457771754
finer,45.65,-3.785673348668694e-07,-3.790950172520764e-07,-3.786568484781261e-07,0.0001235826934470554,0.00012359343962805284
finer,45.7,-3.72509909953816e-07,-3.7307057386427484e-07,-3.7263071118561087e-07,0.00012083570246813395,0.00012084833362270999
finer,45.75,-3.6294944982076393e-07,-3.635386517036722e-07,-3.6309729328821867e-07,0.00011813953163412584,0.0001181498862250157
finer,45.800000000000004,-3.5003000447503834e-07,-3.50647826105066e-07,-3.5020527539650223e-07,0.00011548768909690808,0.00011549955999085393
finer,45.85,-3.339493156450112e-07,-3.345948649395968e-07,-3.341515240269287e-07,0.0001128854895891531,0.00011289580439350798
finer,45.9,-3.1495581150932214e-07,-3.156211004097614e-07,-3.151774617881746e-07,0.00011032945552683528,0.00011034030110631541
finer,45.95,-2.933208366378436e-07,-2.9400901387466463e-07,-2.9356565078782174e-07,0.00010782088635122403,0.00010783132578542235
finer,46.0,-2.69371522812277e-07,-2.700764976478194e-07,-2.696340529665075e-07,0.00010536040880388405,0.00010537026346940327
finer,46.050000000000004,-2.4345658491703406e-07,-2.4417252328561553e-07,-2.4373169725673075e-07,0.00010294534258207092,0.00010295572882218058
finer,46.1,-2.1594200669350908e-07,-2.1667047184917452e-07,-2.1623200883310016e-07,0.00010057935920594509,0.00010058855301338384
finer,46.15,-1.8723220881574281e-07,-1.8796235857256653e-07,-1.8752703290260365e-07,9.825764009401083e-05,9.826762755082654e-05
finer,46.2,-1.5771903844765132e-07,-1.584522989247445e-07,-1.5802090025779423e-07,9.598475468458408e-05,9.599361122697436e-05
finer,46.25,-1.2781979849924116e-07,-1.2854969116727854e-07,-1.281230094590524e-07,9.375575642779654e-05,9.376517269136907e-05
finer,46.300000000000004,-9.793904817537925e-08,-9.866278609605975e-08,-9.824159645900856e-08,9.157467849367424e-05,9.15832404418456e-05
finer,46.35,-6.847968939990645e-08,-6.91921580326597e-08,-6.877720585276631e-08,8.943711616096529e-05,8.944608273966478e-05
finer,46.4,-3.982542881305007e-08,-4.052407111916973e-08,-4.0116057562452795e-08,8.734668531672516e-05,8.735478505193225e-05
finer,46.45,-1.2345823686086496e-08,-1.3025118431188402e-08,-1.2624686698507518e-08,8.529888238677558e-05,8.530757759793763e-05
finer,46.5,1.3623924354587133e-08,1.2964031467007312e-08,1.3356308856340014e-08,8.329770995499564e-05,8.330529300347458e-05
finer,46.550000000000004,3.776714288735795e-08,3.7132985958940774e-08,3.7516618694610475e-08,8.133806054776578e-05,8.134641739474242e-05
finer,46.6,5.981505270708053e-08,5.9206366656112686e-08,5.958095665786145e-08,7.942420741030005e-05,7.943151401107553e-05
finer,46.65,7.952791745494875e-08,7.89474038495812e-08,7.93126535965284e-08,7.75513704915535e-05,7.755907343226333e-05
finer,46.7,9.670854104441606e-08,9.61606942160451e-08,9.651641328888644e-08,7.57224424366632e-05,7.572983320969299e-05
finer,46.75,1.112132613544704e-07,1.10694530702516e-07,1.1104064029997181e-07,7.393507206622953e-05,7.394185220827491e-05
finer,46.800000000000004,1.2292638252801883e-07,1.2244210510433256e-07,1.2277864052491776e-07,7.218869225874167e-05,7.219632319509391e-05
finer,46.85,1.317941235057676e-07,1.3134185410974345e-07,1.3166896517071318e-07,7.048496906707211e-05,7.049086447720403e-05
finer,46.9,1.3779684061657207e-07,1.3737744346224787e-07,1.37695392786008e-07,6.881920812571956e-05,6.882690341050163e-05
finer,46.95,1.409623129663781e-07,1.4057617841981588e-07,1.4088533773388407e-07,6.719663839506622e-05,6.720196388450559e-05
finer,47.0,1.4136290396986642e-07,1.4100750681780075e-07,1.4130835134934456e-07,6.561000783493613e-05,6.561742542346273e-05
finer,47.050000000000004,1.3910501661014063e-07,1.3878014627888126e-07,1.3907324732646838e-07,6.406571252121872e-05,6.407081448159275e-05
finer,47.1,1.3433510228398944e-07,1.3403892663349864e-07,1.3432494262184488e-07,6.255672996634051e-05,6.256361764808691e-05
finer,47.15,1.272307371549564e-07,1.2696102961586444e-07,1.2724069575501746e-07,6.108798365338123e-05,6.109303380697945e-05
finer,47.2,1.179972832777142e-07,1.1775162738115792e-07,1.1802574419338696e-07,5.96547240160795e-05,5.9661037609557236e-05
finer,47.25,1.0686181246640138e-07,1.066392800738271e-07,1.0690870112110231e-07,5.825926143336788e-05,5.826423769962705e-05
finer,47.300000000000004,9.40750553385309e-08,9.387105165063411e-08,9.413667063900713e-08,5.689931759166087e-05,5.690515378695215e-05
finer,47.35,7.989524975152798e-08,7.97072950667178e-08,7.997003266166057e-08,5.557515908348048e-05,5.5579970954183257e-05
finer,47.4,6.458885663957016e-08,6.441667097408892e-08,6.46774616358999e-08,5.428601643663813e-05,5.429146390178385e-05
finer,47.45,4.8434911577823726e-08,4.827085606818566e-08,4.8530635062385365e-08,5.303105441863081e-05,5.3035680993537246e-05
finer,47.5,3.169341148248966e-08,3.15397150087644e-08,3.179940595488981e-08,5.18104606320321e-05,5.181550274929123e-05
finer,47.550000000000004,1.4635970069045505e-08,1.4486483713812598e-08,1.4746986834592498e-08,5.062228192735111e-05,5.062680629045712e-05
finer,47.6,-2.4892592837936056e-09,-2.6366158441374776e-09,-2.3744346016930103e-09,4.9468218152707224e-05,4.947277253566503e-05
finer,47.65,-1.9445410349766114e-08,-1.9592351480834118e-08,-1.9327670214522873e-08,4.834436302059012e-05,4.834886312747007e-05
finer,47.7,-3.6012628488058737e-08,-3.61620513477686e-08,-3.589410079170617e-08,4.725466436324797e-05,4.7258739345167636e-05
finer,47.75,-5.1992769948187816e-08,-5.2148571810627086e-08,-5.1876642652054725e-08,4.6193042424311016e-05,4.619742654813193e-05
finer,47.800000000000004,-6.721824352929781e-08,-6.737872270387818e-08,-6.710217149813509e-08,4.51650993020309e-05,4.516891741912187e-05
finer,47.85,-8.15340660320065e-08,-8.170511579694037e-08,-8.142336954333518e-08,4.416410025640669e-05,4.416807085045379e-05
finer,47.9,-9.482682933686382e-08,-9.500733873318303e-08,-9.471989804729445e-08,4.3195005745380465e-05,4.319892481575018e-05
finer,47.95,-1.0700060056406158e-07,-1.0719255380660055e-07,-1.0689899473614408e-07,4.225313855670585e-05,4.2256382906084556e-05
finer,48.0,-1.1799063097090045e-07,-1.1819548968365851e-07,-1.1789546424987631e-07,4.134020068026711e-05,4.134445015716071e-05
finer,48.050000000000004,-1.2775988250336182e-07,-1.279778099948408e-07,-1.2767104551137384e-07,4.045557384482926e-05,4.045803438635216e-05
finer,48.1,-1.3629480910837838e-07,-1.3652699287148053e-07,-1.3621329014434042e-07,3.9596727562497484e-05,3.960120719991893e-05
finer,48.15,-1.4360791757510553e-07,-1.4385468018181747e-07,-1.4353391073221597e-07,3.87668662821511e-05,3.8768811971393915e-05
finer,48.2,-1.4973421153342962e-07,-1.49994606573929e-07,-1.4966670897529704e-07,3.796059409290369e-05,3.796495795389446e-05
finer,48.25,-1.547244136212627e-07,-1.5500013633828854e-07,-1.5466511183266094e-07,3.7182770703626993e-05,3.7184578339877455e-05
finer,48.300000000000004,-1.5865280124041382e-07,-1.5894157800419122e-07,-1.5859948552750498e-07,3.6427623211651775e-05,3.6431571148346016e-05
finer,48.35,-1.616002990106183e-07,-1.6190314707186005e-07,-1.6155409784310428e-07,3.569936547027679e-05,3.5701239605223496e-05
finer,48.4,-1.636640487051792e-07,-1.6397996056704227e-07,-1.6362411236943455e-07,3.499356648178878e-05,3.4997033471810404e-05
finer,48.45,-1.649461396269042e-07,-1.652748366573804e-07,-1.649123879761869e-07,3.431285027741908e-05,3.431477360151052e-05
finer,48.5,-1.65555889560565e-07,-1.658951793319187e-07,-1.6552636347251875e-07,3.365434638706467e-05,3.3657409459516294e-05
finer,48.550000000000004,-1.6559875608705586e-07,-1.6594999166213253e-07,-1.6557507096716224e-07,3.30193480904328e-05,3.3021274397996615e-05
finer,48.6,-1.6518672413362536e-07,-1.6554699331878712e-07,-1.6516625362951243e-07,3.2406163111969773e-05,3.240882180944565e-05
finer,48.65,-1.6441974227774356e-07,-1.6479001606704304e-07,-1.644037615172371e-07,3.181492590233181e-05,3.181694754171208e-05
finer,48.7,-1.6339886168917e-07,-1.637767321800869e-07,-1.6338528039945488e-07,3.124536370424037e-05,3.124748289468397e-05
finer,48.75,-1.6221079192185267e-07,-1.6259660830310168e-07,-1.622002861602116e-07,3.069579718141841e-05,3.069807263447679e-05
finer,48.800000000000004,-1.6093718530643793e-07,-1.6132938124509913e-07,-1.6092852113094016e-07,3.0168236091488915e-05,3.0169723776918443e-05
finer,48.85,-1.5964602768350097e-07,-1.6004383239123655e-07,-1.5963876911159495e-07,2.965846824924298e-05,2.9660997590244428e-05
finer,48.9,-1.5839366491163065e-07,-1.5879700777736522e-07,-1.5838807611325028e-07,2.9170971814737813e-05,2.917197691247455e-05
finer,48.95,-1.5722626394357129e-07,-1.5763390217918768e-07,-1.5722143504676066e-07,2.869964916613685e-05,2.8702168500201677e-05
finer,49.0,-1.5617605044207148e-07,-1.5658748609944433e-07,-1.5617181336131743e-07,2.824986064113423e-05,2.8250748264799455e-05
finer,49.050000000000004,-1.5526406582603987e-07,-1.5567916874827727e-07,-1.5526061664283653e-07,2.7816003232153964e-05,2.7818140250410037e-05
finer,49.1,-1.5450198174165154e-07,-1.5491962691670602e-07,-1.5449851798942062e-07,2.7401523213811653e-05,2.7402624385034506e-05
finer,49.15,-1.5388973259880104e-07,-1.5430991538421287e-07,-1.5388656895441073e-07,2.700399697575091e-05,2.7005554184048345e-05
finer,49.2,-1.5342067117956212e-07,-1.5384289119953435e-07,-1.5341762422602814e-07,2.6622926350782127e-05,2.6624292285306714e-05
finer,49.25,-1.5308113212472737e-07,-1.5350484746857434e-07,-1.530779756989333e-07,2.6260023732929907e-05,2.6261126215218606e-05
finer,49.300000000000004,-1.5285207677533156e-07,-1.5327728083736196e-07,-1.5284912023824668e-07,2.591114549886441e-05,2.591253293750555e-05
finer,49.35,-1.5271269893215443e-07,-1.5313879364983817e-07,-1.5270966190915078e-07,2.5580683758922592e-05,2.558165959378983e-05
finer,49.4,-1.5264024335206692e-07,-1.5306700468357488e-07,-1.526372227130981e-07,2.5263112469279365e-05,2.5264204750149456e-05
finer,49.45,-1.5261331352489998e-07,-1.5304041522027547e-07,-1.5261030860815573e-07,2.4962932358104302e-05,2.4964048176567482e-05
finer,49.5,-1.5261311166569621e-07,-1.5304020989538285e-07,-1.5261011008867815e-07,2.4675600291118876e-05,2.4676247177353152e-05
finer,49.550000000000004,-1.526251304870845e-07,-1.530518719821773e-07,-1.5262211719527863e-07,2.4403957074312705e-05,2.4405262309409417e-05
finer,49.6,-1.5264065724824947e-07,-1.5306658552480984e-07,-1.5263752128256358e-07,2.414543158128204e-05,2.4145686827419574e-05
finer,49.65,-1.5265756818681183e-07,-1.5308240951958353e-07,-1.5265438867411608e-07,2.3900941834053078e-05,2.3902347999549163e-05
finer,49.7,-1.5268193321468364e-07,-1.531051078106833e-07,-1.5267849009622907e-07,2.3669661150375966e-05,2.3669623169845218e-05
finer,49.75,-1.5272768174778988e-07,-1.5314867236097624e-07,-1.5272382338124233e-07,2.345098013979891e-05,2.3452439154156655e-05
finer,49.800000000000004,-1.5281683340230122e-07,-1.5323550598282433e-07,-1.5281279558129735e-07,2.3245537637549588e-05,2.3245218094946584e-05
finer,49.85,-1.5298110099419362e-07,-1.533961962010603e-07,-1.529759963301377e-07,2.3051209414852186e-05,2.3052749480772538e-05
finer,49.9,-1.532569627998617e-07,-1.536689790155562e-07,-1.5325166101728666e-07,2.2870313174721375e-05,2.2869710680843897e-05
finer,49.95,-1.536915057298217e-07,-1.5409881622924447e-07,-1.5368474761362126e-07,2.269898073268659e-05,2.2700549839235343e-05
finer,50.0,-1.5433319747939548e-07,-1.5473614134413898e-07,-1.543256821933753e-07,2.2541145547322163e-05,2.2540425302955605e-05
finer,50.050000000000004,-1.5523796039864636e-07,-1.5563533412827218e-07,-1.5522883309949275e-07,2.2391836390981772e-05,2.2393172170083207e-05
finer,50.1,-1.5646084720330873e-07,-1.5685290085912706e-07,-1.5645069097377297e-07,2.2255232171300722e-05,2.225474653126934e-05
finer,50.15,-1.5805997298852231e-07,-1.5844546901610016e-07,-1.580478633529093e-07,2.2127290940263333e-05,2.2128035130372514e-05
finer,50.2,-1.6008810160151472e-07,-1.604676262413391e-07,-1.600749135711452e-07,2.2010038622404484e-05,2.2010097417217083e-05
finer,50.25,-1.6259720585022482e-07,-1.6296965463576363e-07,-1.625820952391211e-07,2.1902657367573886e-05,2.190264074628554e-05
finer,50.300000000000004,-1.6562918537252034e-07,-1.6599526039395612e-07,-1.656130821324917e-07,2.1803348210401063e-05,2.1803959587033055e-05
finer,50.35,-1.6922059364724435e-07,-1.6957932709753683e-07,-1.6920272184331104e-07,2.1715137291956878e-05,2.1714537497135114e-05
finer,50.4,-1.7339360691521592e-07,-1.7374579795970114e-07,-1.7337491859107952e-07,2.163304146982769e-05,2.1633901082310975e-05
finer,50.45,-1.78160357084212e-07,-1.7850572403460712e-07,-1.781406820270066e-07,2.1562104310389212e-05,2.156130779077464e-05
finer,50.5,-1.8351668370599326e-07,-1.838555600079833e-07,-1.8349642374136227e-07,2.1496820987535434e-05,2.1497558027326676e-05
finer,50.550000000000004,-1.894422775960177e-07,-1.8977578206098054e-07,-1.8942257597062618e-07,2.1441285594976023e-05,2.144060236453516e-05
finer,50.6,-1.9590177833684273e-07,-1.962298092311983e-07,-1.9588251378424622e-07,2.139216457446371e-05,2.1392592347534973e-05
finer,50.65,-2.028396610770612e-07,-2.0316340951906746e-07,-2.0282196211023952e-07,2.1350658112802848e-05,2.135016256403722e-05
finer,50.7,-2.1018386151549043e-07,-2.105044559311806e-07,-2.101687527184871e-07,2.1316536474253635e-05,2.131669516952095e-05
finer,50.75,-2.1784561814566004e-07,-2.1816319194435195e-07,-2.1783309056402097e-07,2.1288188611064863e-05,2.12877835431224e-05
finer,50.800000000000004,-2.257163341085261e-07,-2.2603300399423976e-07,-2.2570832718824698e-07,2.126761341892883e-05,2.126763568529192e-05
finer,50.85,-2.3367546836067297e-07,-2.3399156412935895e-07,-2.3367210420172464e-07,2.1251696561531034e-05,2.1251269370159184e-05
finer,50.9,-2.415857470311848e-07,-2.4190257695783284e-07,-2.4158810097514925e-07,2.1243296104019684e-05,2.1243274419920774e-05
finer,50.95,-2.4929766369448277e-07,-2.496179021215725e-07,-2.4930815780030165e-07,2.1238952799857013e-05,2.1238454308940544e-05
finer,51.0,-2.5665720769412736e-07,-2.5698001642269503e-07,-2.5667473857201434e-07,2.1241538987117527e-05,2.1241510229185825e-05
finer,51.050000000000004,-2.634964338688664e-07,-2.6382508276368994e-07,-2.63524000150566e-07,2.124785165633159e-05,2.1247258608827117e-05
finer,51.1,-2.69651289490946e-07,-2.6998600444098913e-07,-2.6968884698198353e-07,2.1260234412781134e-05,2.126024492821656e-05
finer,51.15,-2.749554527542235e-07,-2.752960009542855e-07,-2.750025070487573e-07,2.1276424632278264e-05,2.127567957904632e-05
finer,51.2,-2.7924132849981975e-07,-2.7959228509248976e-07,-2.7930220897198924e-07,2.1297302340573207e-05,2.1297432162834042e-05
finer,51.25,-2.823619185582568e-07,-2.827196636100969e-07,-2.824327825526469e-07,2.1322676499222106e-05,2.1321720128882857e-05
finer,51.300000000000004,-2.841646411196159e-07,-2.8453449011150744e-07,-2.842506113586872e-07,2.13508636247228e-05,2.135113456746065e-05
finer,51.35,-2.8452883583434135e-07,-2.8490824147833883e-07,-2.8462720870556866e-07,2.138446873072218e-05,2.1383372692905463e-05
finer,51.4,-2.833416424865362e-07,-2.837310040500277e-07,-2.8345270326182347e-07,2.141924444698191e-05,2.1419485261537865e-05
finer,51.45,-2.8051351361932884e-07,-2.8091498468462557e-07,-2.8063934937027757e-07,2.1459641720251572e-05,2.145869487277846e-05
finer,51.5,-2.7598658179677066e-07,-2.763971742937706e-07,-2.7612418973136754e-07,2.1500752640425993e-05,2.150060857034619e-05
finer,51.550000000000004,-2.697219645258438e-07,-2.7014215604497226e-07,-2.6987186263580876e-07,2.154627468994398e-05,2.154585182751405e-05
finer,51.6,-2.6171347315392815e-07,-2.6214414570069704e-07,-2.618766412153316e-07,2.1593460636875575e-05,2.159263644868964e-05
finer,51.65,-2.519916664504031e-07,-2.524283778480956e-07,-2.5216381850379453e-07,2.1642788883224608e-05,2.1643046080251996e-05
finer,51.7,-2.4060795631471973e-07,-2.4105243052655367e-07,-2.4079103082890676e-07,2.1695252767775127e-05,2.1693798769730484e-05
finer,51.75,-2.2765644588891752e-07,-2.281062267220588e-07,-2.2784825799956886e-07,2.1747758473879918e-05,2.1748452639216147e-05
finer,51.800000000000004,-2.1326148722771042e-07,-2.1371197349220456e-07,-2.134577611043325e-07,2.1804104914972102e-05,2.180242807828608e-05
finer,51.85,-1.9756915062675732e-07,-1.9802322684659818e-07,-1.9777314606753736e-07,2.1859619246031726e-05,2.186028144738083e-05
finer,51.9,-1.8077351890432461e-07,-1.812230838401742e-07,-1.809775543992974e-07,2.1918308461114526e-05,2.1916858101090592e-05
finer,51.95,-1.630753899484381e-07,-1.6352223334491433e-07,-1.6328171271031967e-07,2.1976571327392667e-05,2.197687117534107e-05
finer,52.0,-1.447158859915971e-07,-1.451559281754192e-07,-1.449209036288877e-07,2.2036423682020918e-05,2.2035385316648646e-05
finer,52.050000000000004,-1.2595160004970354e-07,-1.263805021871387e-07,-1.261514817798422e-07,2.2096747763085175e-05,2.2096654061919103e-05
finer,52.1,-1.0705264574728919e-07,-1.0746982006666463e-07,-1.0724732261878707e-07,2.2157049578389457e-05,2.2156363899163298e-05
finer,52.15,-8.830765912848676e-08,-8.871034109973151e-08,-8.849488537244567e-08,2.221843641180261e-05,2.22180497395132e-05
finer,52.2,-7.001685741449317e-08,-7.039698085919302e-08,-7.018907407574744e-08,2.2278677420427705e-05,2.227827287446422e-05
finer,52.25,-5.246284179430954e-08,-5.2827743708282706e-08,-5.2627869674171914e-08,2.234011866887425e-05,2.23394747591037e-05
finer,52.300000000000004,-3.5963548429942163e-08,-3.6298570285932536e-08,-3.610717727927637e-08,2.239975994937869e-05,2.23996357713471e-05
finer,52.35,-2.0786419279990413e-08,-2.1098391976551988e-08,-2.091588068043364e-08,2.2460336129594873e-05,2.2459458967110756e-05
finer,52.4,-7.220065509581514e-09,-7.503439622510081e-09,-7.3301513698699234e-09,2.251885151273112e-05,2.2518929151899785e-05
finer,52.45,4.4772116954817135e-09,4.227502060910688e-09,4.391296525170811e-09,2.2577608299731564e-05,2.257666908955846e-05
finer,52.5,1.4079666458967999e-08,1.3858010149516839e-08,1.4012121086300464e-08,2.2634600461984765e-05,2.2634645700842486e-05
finer,52.550000000000004,2.1363952597813735e-08,2.1178885143010575e-08,2.132321317581321e-08,2.2690533530158995e-05,2.268979037907005e-05
finer,52.6,2.6162529234606354e-08,2.601174366525337e-08,2.6146287889730866e-08,2.274559947240964e-05,2.2745417369426268e-05
finer,52.65,2.833212326551083e-08,2.821308769296566e-08,2.8337952269663967e-08,2.2797928782621452e-05,2.2797461546863827e-05
finer,52.7,2.7756560478010153e-08,2.7677231061104025e-08,2.7792630146231034e-08,2.2850325143604094e-05,2.284999580017599e-05
finer,52.75,2.4386806048543226e-08,2.433830460777514e-08,2.4444565501345178e-08,2.2898776243523e-05,2.289837418349152e-05
finer,52.800000000000004,1.8187527831264604e-08,1.817270157689715e-08,1.8270265920717825e-08,2.2947309797405596e-05,2.29471268927262e-05
finer,52.85,9.177951077680854e-09,9.199144910115049e-09,9.28856792808974e-09,2.2991982318439817e-05,2.2991366250133598e-05
finer,52.9,-2.5654913838308665e-09,-2.520473855290327e-09,-2.4385260863762404e-09,2.303538477547372e-05,2.3035543078792615e-05
finer,52.95,-1.6961688340993944e-08,-1.6881912981639258e-08,-1.6806668273278574e-08,2.3076215628784424e-05,2.3075341500021348e-05
finer,53.0,-3.384233954129586e-08,-3.3740143413561744e-08,-3.367073004449046e-08,2.31137102641903e-05,2.311410129251392e-05
finer,53.050000000000004,-5.303438549155673e-08,-5.2911019498170675e-08,-5.284647457674625e-08,2.31500318266179e-05,2.314914532577686e-05
finer,53.1,-7.432208563378324e-08,-7.417441625693548e-08,-7.411369572565338e-08,2.3181531365776213e-05,2.3181836653966272e-05
finer,53.15,-9.743574080505811e-08,-9.727770384730651e-08,-9.721969385571021e-08,2.3212175765044538e-05,2.3211616331663682e-05
finer,53.2,-1.221119535814729e-07,-1.2193936359904823e-07,-1.218828931127839e-07,2.3237906967533745e-05,2.3237831898250435e-05
finer,53.25,-1.4803617417293015e-07,-1.4785423527837603e-07,-1.477980896559236e-07,2.3261753125295237e-05,2.32617405981417e-05
finer,53.300000000000004,-1.7487899606502037e-07,-1.746978729561881e-07,-1.7464080816978188e-07,2.328168630478127e-05,2.3281118273686644e-05
finer,53.35,-2.0231830455367568e-07,-2.021321475511272e-07,-2.020729049030689e-07,2.3298112330564063e-05,2.329865244677334e-05
finer,53.4,-2.299891161466097e-07,-2.2981101819668918e-07,-2.2974833916729487e-07,2.3311731061526312e-05,2.3310778323661474e-05
finer,53.45,-2.57554264906854e-07,-2.573855750492193e-07,-2.5731821601311484e-07,2.3320594577150678e-05,2.332148486310649e-05
finer,53.5,-2.846701926893203e-07,-2.845105400403403e-07,-2.8443728670011124e-07,2.332712398283913e-05,2.332606984579429e-05
finer,53.550000000000004,-3.1098679081985643e-07,-3.10849219096287e-07,-3.107689002436748e-07,2.3328426245678538e-05,2.3329342435986044e-05
finer,53.6,-3.362004890658414e-07,-3.360792301627739e-07,-3.3599073066124155e-07,2.3327163276965274e-05,2.3326340854385115e-05
finer,53.65,-3.5999424690946714e-07,-3.598976814136446e-07,-3.5979995419858123e-07,2.332081911335667e-05,2.332146606451007e-05
finer,53.7,-3.820934911644645e-07,-3.82025651631897e-07,-3.819177284715648e-07,2.3311225782082488e-05,2.3310868065293548e-05
finer,53.75,-4.022529131402255e-07,-4.022126549759144e-07,-4.0209365596807114e-07,2.3297086903983037e-05,2.3297315050418958e-05
finer,53.800000000000004,-4.2024613028415055e-07,-4.202404023664749e-07,-4.2010954400502625e-07,2.3278720385134605e-05,2.3278901074985043e-05
finer,53.85,-4.358978355110849e-07,-4.359255329412185e-07,-4.3578213460892374e-07,2.3256613843592363e-05,2.3256418850093286e-05
finer,53.9,-4.4905978274325164e-07,-4.491226162106647e-07,-4.4896610518883703e-07,2.322917612435199e-05,2.322984705950609e-05
finer,53.95,-4.5962410848683733e-07,-4.59725317812229e-07,-4.595552326260333e-07,2.31987645316773e-05,2.319824908891045e-05
finer,54.0,-4.675305654028439e-07,-4.6766773392807636e-07,-4.674837260879183e-07,2.316228196695282e-05,2.3163282255948853e-05
finer,54.050000000000004,-4.7274734624816086e-07,-4.7292467494836095e-07,-4.7272650916318155e-07,2.312293359861696e-05,2.3122331193179706e-05
finer,54.1,-4.7529677653764027e-07,-4.7551085797742947e-07,-4.7529841074271213e-07,2.3077749658442886e-05,2.3078778229477983e-05
finer,54.15,-4.752282902897952e-07,-4.7548025872058104e-07,-4.75253515472965e-07,2.3028734883250035e-05,2.3028390273448247e-05
finer,54.2,-4.726361879824135e-07,-4.72923768682087e-07,-4.726828195582805e-07,2.2975137971766678e-05,2.297586504452825e-05
finer,54.25,-4.6764358959400437e-07,-4.6796703994742227e-07,-4.6771207418826345e-07,2.2916098000613693e-05,2.291625451930615e-05
finer,54.300000000000004,-4.604108849841927e-07,-4.607673672391563e-07,-4.6049866645553247e-07,2.2853882605374673e-05,2.2854220258727772e-05
finer,54.35,-4.511221081147472e-07,-4.515100732723215e-07,-4.5122800364649404e-07,2.2785105295465946e-05,2.2785664657602075e-05
finer,54.4,-4.3998641565411254e-07,-4.404046508436035e-07,-4.4010965436552267e-07,2.271355628825202e-05,2.2713767713643702e-05
finer,54.45,-4.272356742793071e-07,-4.2768050954867816e-07,-4.273730945724533e-07,2.263570474580199e-05,2.263631665284826e-05
finer,54.5,-4.131144971996484e-07,-4.1358222724561923e-07,-4.1326295839540606e-07,2.2554099612188504e-05,2.2554512318975605e-05
finer,54.550000000000004,-3.978723281095465e-07,-3.9836523115513313e-07,-3.9803471881692557e-07,2.246760343867163e-05,2.24680683743037e-05
finer,54.6,-3.8178247532401313e-07,-3.822907001906845e-07,-3.8194958981320546e-07,2.23757686580846e-05,2.2376391472488216e-05
finer,54.65,-3.650934733228933e-07,-3.656211080274488e-07,-3.6527006931419393e-07,2.2280463120278523e-05,2.228095688300219e-05
finer,54.7,-3.4807693129820903e-07,-3.4861563935072004e-07,-3.482553556020063e-07,2.2178850719717182e-05,2.2179392144473942e-05
finer,54.75,-3.309749988723007e-07,-3.315256742483078e-07,-3.311568320493777e-07,2.2074188560275652e-05,2.2075008027381997e-05
finer,54.800000000000004,-3.140334037208464e-07,-3.1459101769796425e-07,-3.142142970319344e-07,2.1963449233436332e-05,2.1963709751268218e-05
finer,54.85,-2.9747103981578764e-07,-2.980359544554899e-07,-2.9765201950509484e-07,2.1849011719039256e-05,2.1850193548680656e-05
finer,54.9,-2.81500259646913e-07,-2.8206618458624226e-07,-2.8167567535842104e-07,2.1729537228855062e-05,2.1729641196215106e-05
finer,54.95,-2.662964703808313e-07,-2.668659701507688e-07,-2.6646949495613777e-07,2.16053290607159e-05,2.160663805384598e-05
finer,55.0,-2.520294774498883e-07,-2.5259592969335796e-07,-2.5219405875763867e-07,2.147716127184729e-05,2.147737153736195e-05
finer,55.050000000000004,-2.388258448785604e-07,-2.393913018937767e-07,-2.3898456206142833e-07,2.1343519276546857e-05,2.134472928198426e-05
finer,55.1,-2.267994082528469e-07,-2.2736090539521752e-07,-2.2694977599513966e-07,2.1206546296359796e-05,2.1207017380672546e-05
finer,55.15,-2.1603110632828165e-07,-2.1658645815794629e-07,-2.1617136817656772e-07,2.1063924240492477e-05,2.1064934165253345e-05
finer,55.2,-2.0657209655994117e-07,-2.0712270612850714e-07,-2.067040325509896e-07,2.0918043063979874e-05,2.0918856920593378e-05
finer,55.25,-1.9845552287205004e-07,-1.9899787373604694e-07,-1.985759410982489e-07,2.076692107418299e-05,2.0767627367033997e-05
finer,55.300000000000004,-1.9167882781592843e-07,-1.9221474669571624e-07,-1.9178982786887436e-07,2.06120752258528e-05,2.061335413077874e-05
finer,55.35,-1.8622401030022715e-07,-1.8675220053739792e-07,-1.8632451849718374e-07,2.0452919630931946e-05,2.0453214005732354e-05
finer,55.4,-1.8204658892482507e-07,-1.825670800786502e-07,-1.8213681071396607e-07,2.0289185940571112e-05,2.029094994793763e-05
finer,55.45,-1.7908392570446747e-07,-1.795965389749798e-07,-1.7916381478692208e-07,2.0122293625587503e-05,2.012230235852012e-05
finer,55.5,-1.7725359762476907e-07,-1.777605487279968e-07,-1.7732546315377483e-07,1.9950073595250252e-05,1.995201478675168e-05
finer,55.550000000000004,-1.7646671765336807e-07,-1.769647674404597e-07,-1.7652737986030238e-07,1.9775407472802203e-05,1.977558262216483e-05
finer,55.6,-1.7660926021913225e-07,-1.7710339085730942e-07,-1.7666373197006295e-07,1.9595477172878655e-05,1.9597076809965654e-05
finer,55.65,-1.775751271067755e-07,-1.7806228604598108e-07,-1.7762036345809688e-07,1.9412788168595852e-05,1.9413592388072188e-05
finer,55.7,-1.7923873644710695e-07,-1.7972191282033148e-07,-1.7927771682951292e-07,1.9225985827358558e-05,1.9226934669166454e-05
finer,55.75,-1.8148088557412096e-07,-1.819603683198841e-07,-1.8151387755273402e-07,1.9035258043024946e-05,1.9036776083789046e-05
finer,55.800000000000004,-1.8418007390639392e-07,-1.846562010290179e-07,-1.8420738788562443e-07,1.8842007856364844e-05,1.8842439223468045e-05
finer,55.85,-1.8721697268659673e-07,-1.8769103307213674e-07,-1.872398689077706e-07,1.8643825350089472e-05,1.864574787332401e-05
finer,55.9,-1.904793012665745e-07,-1.9095202771204906e-07,-1.9049848745727204e-07,1.8443991847622933e-05,1.844430082855168e-05
finer,55.95,-1.938621561887374e-07,-1.943339614420178e-07,-1.9387802774589163e-07,1.823939478303104e-05,1.824131249056419e-05
finer,56.0,-1.972691216943976e-07,-1.9774103673591628e-07,-1.9728270349809536e-07,1.8032690085423446e-05,1.803323090686631e-05
finer,56.050000000000004,-2.0061546611054508e-07,-2.010883530326753e-07,-2.0062762816376184e-07,1.7822596503890786e-05,1.7824231125907066e-05
finer,56.1,-2.0382997215304832e-07,-2.0430294679481386e-07,-2.0383985436884415e-07,1.7609170551284125e-05,1.7610126186197307e-05
finer,56.15,-2.068486250098705e-07,-2.0732450184715924e-07,-2.0685908347594948e-07,1.7393925919872364e-05,1.739517972432313e-05
finer,56.2,-2.0962848747552784e-07,-2.1010571075746196e-07,-2.0963802621245124e-07,1.717455270624268e-05,1.717592464005196e-05
finer,56.25,-2.1213292691070514e-07,-2.12612147487749e-07,-2.1214227472463622e-07,1.6954040666136922e-05,1.6954998104084493e-05
finer,56.300000000000004,-2.1433918581054558e-07,-2.1482197475273592e-07,-2.143500092063865e-07,1.672974970161287e-05,1.673136506335853e-05
finer,56.35,-2.1624164095437233e-07,-2.1672517321347424e-07,-2.162512265249556e-07,1.6503895963361158e-05,1.650478105968435e-05
finer,56.4,-2.178348608029374e-07,-2.183225635770819e-07,-2.1784676187052386e-07,1.6275468773981956e-05,1.6277087498855482e-05
finer,56.45,-2.1913539046033575e-07,-2.1962461916400745e-07,-2.1914710079841166e-07,1.6044610793845027e-05,1.6045613027177885e-05
finer,56.5,-2.2015811039902108e-07,-2.2064998751356358e-07,-2.2017090056107698e-07,1.5812409318739446e-05,1.5813926561806995e-05
finer,56.550000000000004,-2.209297514141163e-07,-2.2142396665145007e-07,-2.209434661440362e-07,1.557725814444146e-05,1.5578371211900854e-05
finer,56.6,-2.2148099101570896e-07,-2.2197684556915622e-07,-2.214950905226541e-07,1.534141097238798e-05,1.534290904444573e-05
finer,56.65,-2.2184430931092218e-07,-2.2234219207900213e-07,-2.2185934255708253e-07,1.51027921150179e-05,1.5103901330018296e-05
finer,56.7,-2.2205588942067617e-07,-2.2255519795709146e-07,-2.2207141213983224e-07,1.4863440430185113e-05,1.4864991478030641e-05
finer,56.75,-2.2215050427862436e-07,-2.2265106892322918e-07,-2.2216650027424766e-07,1.4622100777729859e-05,1.462320963632204e-05
finer,56.800000000000004,-2.2216196784584428e-07,-2.2266350457598345e-07,-2.221782993035815e-07,1.4379522595523937e-05,1.4381029561787373e-05
finer,56.85,-2.2212098703488456e-07,-2.2262339036801435e-07,-2.221376851008427e-07,1.4136045585597398e-05,1.4137300470226256e-05
finer,56.9,-2.2205484224071704e-07,-2.2255763304496638e-07,-2.2207155286296698e-07,1.389072305035829e-05,1.3892033658490193e-05
finer,56.95,-2.219848553364943e-07,-2.224882338644853e-07,-2.2200189077754512e-07,1.3645456149143772e-05,1.3646953778613286e-05
finer,57.0,-2.219281832236741e-07,-2.2243163509832463e-07,-2.2194512687419994e-07,1.339813265487271e-05,1.339921720660539e-05
finer,57.050000000000004,-2.2189465932918355e-07,-2.2239829450625265e-07,-2.219117039987276e-07,1.3151176095918809e-05,1.3152878652126514e-05
finer,57.1,-2.2188893263446108e-07,-2.2239254084853267e-07,-2.2190593579767062e-07,1.2902768476649741e-05,1.2903689464880482e-05
finer,57.15,-2.2190911063879223e-07,-2.224127314466688e-07,-2.2192616466779128e-07,1.2654182259618445e-05,1.2656019376787556e-05
finer,57.2,-2.2194816332682507e-07,-2.224516166198085e-07,-2.2196512669491877e-07,1.2405459626629822e-05,1.2406281574879547e-05
finer,57.25,-2.2199346516869602e-07,-2.2249698826729794e-07,-2.2201060061031317e-07,1.2155630718192183e-05,1.2157504737498668e-05
finer,57.300000000000004,-2.220292553144156e-07,-2.2253255861367228e-07,-2.220462868603045e-07,1.1906891784584442e-05,1.190777705700437e-05
finer,57.35,-2.2203563225587294e-07,-2.225389731612774e-07,-2.2205282092454376e-07,1.1656699290972459e-05,1.1658346236463963e-05
finer,57.4,-2.2199168405807442e-07,-2.2249504785608725e-07,-2.2200901066328074e-07,1.140783422591442e-05,1.1409118509091389e-05
finer,57.45,-2.2187584175410817e-07,-2.223790848142264e-07,-2.218931522127453e-07,1.1158338632949095e-05,1.1159415461352878e-05
finer,57.5,-2.2166685697697424e-07,-2.221702306486796e-07,-2.2168438843634788e-07,1.0909321562196158e-05,1.0911232593323909e-05
finer,57.550000000000004,-2.213466477785556e-07,-2.2184993392164785e-07,-2.213641663188589e-07,1.0661208250864471e-05,1.0661700313910785e-05
finer,57.6,-2.2090016009879189e-07,-2.2140329806099824e-07,-2.2091758983519975e-07,1.041255809396445e-05,1.0414831937909993e-05
finer,57.65,-2.2031728062194398e-07,-2.2082039154220885e-07,-2.2033472997339096e-07,1.0165900332076328e-05,1.0166311117704963e-05
finer,57.7,-2.1959496958588432e-07,-2.200974861049541e-07,-2.196118626615957e-07,9.91861598191363e-06,9.92061321616854e-06
finer,57.75,-2.187356775726555e-07,-2.1923802738207156e-07,-2.1875243912064555e-07,9.673220610525921e-06,9.67415410189627e-06
finer,57.800000000000004,-2.1775244287743965e-07,-2.182535231867633e-07,-2.1776797374563437e-07,9.428246517501448e-06,9.429543095320517e-06
finer,57.85,-2.1666360245816036e-07,-2.1716412176952082e-07,-2.166786218997018e-07,9.184221934947757e-06,9.18582134064592e-06
finer,57.9,-2.1550018495814207e-07,-2.1599893482392557e-07,-2.155135024705831e-07,8.941995227857624e-06,8.942721713067611e-06
finer,57.95,-2.1429874102906818e-07,-2.1479613475455667e-07,-2.1431079458771422e-07,8.699972198223355e-06,8.70190373047126e-06
finer,58.0,-2.1310779208229517e-07,-2.1360267418715317e-07,-2.1311745660477104e-07,8.460468035035543e-06,8.461032923882464e-06
finer,58.050000000000004,-2.1198118137463062e-07,-2.124737725067964e-07,-2.11988712124911e-07,8.221322089055152e-06,8.223203839601108e-06
finer,58.1,-2.109828745255323e-07,-2.1147208225756052e-07,-2.1098721585796043e-07,7.984462409748292e-06,7.985152787769735e-06
finer,58.15,-2.10180810444724e-07,-2.1066654633598677e-07,-2.101819103524185e-07,7.748888159132585e-06,7.750521645304106e-06
finer,58.2,-2.096485902774105e-07,-2.1013104115967604e-07,-2.0964666873601659e-07,7.514877249479768e-06,7.5158318116330745e-06
finer,58.25,-2.09465742026427e-07,-2.0994273518509426e-07,-2.0945865286034826e-07,7.2831994369056934e-06,7.284461475281696e-06
finer,58.300000000000004,-2.0970710909095777e-07,-2.1018024928789578e-07,-2.0969647341164038e-07,7.052552986938201e-06,7.053878382283315e-06
finer,58.35,-2.1045447667815598e-07,-2.109217124008789e-07,-2.1043824535887003e-07,6.824822460752551e-06,6.825649896364668e-06
finer,58.4,-2.11780241563187e-07,-2.122425768110283e-07,-2.117594031602284e-07,6.598194293206807e-06,6.599849277341863e-06
finer,58.45,-2.1375696166932003e-07,-2.1421352437407054e-07,-2.137306070067643e-07,6.3743873543488564e-06,6.374958808479792e-06
finer,58.5,-2.1644658911286253e-07,-2.168982269756715e-07,-2.1641550342149547e-07,6.152372021310435e-06,6.1540430186175606e-06
finer,58.550000000000004,-2.1990612452259377e-07,-2.203511908490686e-07,-2.1986856982412898e-07,5.932571604752415e-06,5.933263916483668e-06
finer,58.6,-2.2417486711487392e-07,-2.2461579267831475e-07,-2.2413315099786455e-07,5.715538947393799e-06,5.716883913163798e-06
finer,58.65,-2.2928685589269394e-07,-2.2972225316512774e-07,-2.2923943313023932e-07,5.500076051844393e-06,5.501091981989935e-06
finer,58.7,-2.3525549498570335e-07,-2.356860807547597e-07,-2.352028880939389e-07,5.2880722640254826e-06,5.289074390121309e-06
finer,58.75,-2.4207853284390367e-07,-2.4250657268548764e-07,-2.420227751469035e-07,5.077546459733204e-06,5.0787318384559916e-06
finer,58.800000000000004,-2.4974201347606863e-07,-2.50165651650958e-07,-2.4968097832466587e-07,4.870385936138671e-06,4.871283649608874e-06
finer,58.85,-2.5820427698747447e-07,-2.586271909877436e-07,-2.58141332376243e-07,4.665443346438284e-06,4.6665792730010054e-06
finer,58.9,-2.674150598709472e-07,-2.678364499845787e-07,-2.6734905889936084e-07,4.463039162656161e-06,4.4639424147475e-06
finer,58.95,-2.772974079698578e-07,-2.7772012097593615e-07,-2.7723081425280264e-07,4.263997170608723e-06,4.26510612999274e-06
finer,59.0,-2.8776302399736143e-07,-2.881867529577892e-07,-2.876951139700285e-07,4.066683288192418e-06,4.067472783788041e-06
finer,59.050000000000004,-2.986988170413282e-07,-2.9912737708301015e-07,-2.986329590774914e-07,3.873363323008622e-06,3.874576375817384e-06
finer,59.1,-3.0998487594952746e-07,-3.104169099157717e-07,-3.0991924007793943e-07,3.6818348801780514e-06,3.682448730313823e-06
finer,59.15,-3.2147416579940487e-07,-3.2191563174793893e-07,-3.214142159534688e-07,3.4938597583364627e-06,3.495119900892239e-06
finer,59.2,-3.3302339030441577e-07,-3.334710973889203e-07,-3.329654255912721e-07,3.308700706602204e-06,3.3093052234527885e-06
finer,59.25,-3.4446053262788384e-07,-3.449206986780505e-07,-3.4441025078869605e-07,3.126019479991511e-06,3.1271012777422825e-06
finer,59.300000000000004,-3.556223429554147e-07,-3.56093947883882e-07,-3.5557820008083425e-07,2.9472739691965735e-06,2.9480833322832164e-06
finer,59.35,-3.6632986829668284e-07,-3.6681560460797255e-07,-3.6629403596511385e-07,2.770367969805022e-06,2.771120412082302e-06
finer,59.4,-3.76406606808837e-07,-3.769087251033187e-07,-3.7638082437280494e-07,2.5976222102560655e-06,2.5987018693581138e-06
finer,59.45,-3.8567767548068e-07,-3.861976438967777e-07,-3.8566291638090195e-07,2.4271564563904816e-06,2.427590597734987e-06
finer,59.5,-3.939734877020282e-07,-3.94511661626637e-07,-3.939696359844623e-07,2.2600562995584735e-06,2.261335798472908e-06
finer,59.550000000000004,-4.011275916173918e-07,-4.016880131122536e-07,-4.011382479553482e-07,2.0963410903603053e-06,2.09657807491878e-06
finer,59.6,-4.069946259827691e-07,-4.075752188846069e-07,-4.070173090989262e-07,1.9350040525023646e-06,1.9363023543414524e-06
finer,59.65,-4.114321624496483e-07,-4.1203642161203786e-07,-4.114700042354692e-07,1.777817127249863e-06,1.7781113788152882e-06
finer,59.7,-4.143232125835141e-07,-4.1495191665801e-07,-4.143766762194028e-07,1.6227435632244115e-06,1.6237378692913362e-06
finer,59.75,-4.1557156474661006e-07,-4.162222087349819e-07,-4.15637881986259e-07,1.471645172558637e-06,1.4723442673881398e-06
finer,59.800000000000004,-4.1509167756738337e-07,-4.157702642302282e-07,-4.1517664413123314e-07,1.3232794858699807e-06,1.323681384967186e-06
finer,59.85,-4.128436400321111e-07,-4.135432811029822e-07,-4.129402200072535e-07,1.1780533214293118e-06,1.1792876627173279e-06
finer,59.9,-4.087879097886975e-07,-4.095147446189431e-07,-4.0890215661390804e-07,1.0364529175102746e-06,1.0363655679702695e-06
finer,59.95,-4.029365916041862e-07,-4.036851031107426e-07,-4.030629654055245e-07,8.972628228170191e-07,8.986849318687333e-07
finer,60.0,-3.9530889150539784e-07,-3.960826056527001e-07,-3.9545095902117894e-07,7.621310309573087e-07,7.62079948488092e-07
finer,60.050000000000004,-3.859698590448255e-07,-3.8676364812939577e-07,-3.8612259638483074e-07,6.293362586165845e-07,6.303738209994209e-07
finer,60.1,-3.7499573084596196e-07,-3.7581191320988204e-07,-3.751616216503917e-07,5.002980188279568e-07,5.007557804152658e-07
finer,60.15,-3.6250369098277523e-07,-3.633380231509032e-07,-3.6267871605497044e-07,3.741587134892762e-07,3.745538271041549e-07
finer,60.2,-3.4862538445118476e-07,-3.4947786835511e-07,-3.4880982551516264e-07,2.510203417922557e-07,2.5199119926585175e-07
finer,60.25,-3.335225372264976e-07,-3.3439063939502293e-07,-3.3371419170234675e-07,1.3151130315531234e-07,1.3147754351018644e-07
finer,60.300000000000004,-3.1737658511070265e-07,-3.182569563592097e-07,-3.175724805789918e-07,1.4359664919426924e-08,1.5504338080527822e-08
finer,60.35,-3.0038227247744005e-07,-3.012756052887183e-07,-3.0058351802572387e-07,-9.883372924592821e-08,-9.892740394690038e-08
finer,60.4,-2.82761721915048e-07,-2.8366080505254246e-07,-2.8296155601335244e-07,-2.0971831758765596e-07,-2.0872814099796757e-07
finer,60.45,-2.64731240544327e-07,-2.656388447243578e-07,-2.649329094506378e-07,-3.170239265898886e-07,-3.1690995894673106e-07
finer,60.5,-2.465328281481525e-07,-2.4744406719071395e-07,-2.467319392785606e-07,-4.21414149203962e-07,-4.207918876266515e-07
finer,60.550000000000004,-2.2840446711544226e-07,-2.293156043280317e-07,-2.28597787341981e-07,-5.230858753435628e-07,-5.225913176564997e-07
finer,60.6,-2.1058086994218556e-07,-2.1149306328022416e-07,-2.1077006252277853e-07,-6.210784939934597e-07,-6.209398042887724e-07
finer,60.65,-1.9330559417626177e-07,-1.9421265015050118e-07,-1.9348496433581867e-07,-7.170050529381787e-07,-7.161119465268813e-07
finer,60.7,-1.7680187461064169e-07,-1.7770359541380098e-07,-1.769717085276509e-07,-8.090652278537433e-07,-8.092765130755864e-07
finer,60.75,-1.612897134638758e-07,-1.6218385901857364e-07,-1.6144823246257644e-07,-8.989058551836664e-07,-8.979170947139315e-07
finer,60.800000000000004,-1.469728997589704e-07,-1.4785700465914432e-07,-1.471180697815372e-07,-9.85558203717532e-07,-9.856831961864467e-07
finer,60.85,-1.3403630486240237e-07,-1.349087222181904e-07,-1.3416687351659476e-07,-1.0691569330096357e-06,-1.0685365264583619e-06
finer,60.9,-1.2264385880319392e-07,-1.2350360442849336e-07,-1.2275919343452545e-07,-1.1505690923867817e-06,-1.1502468040551067e-06
finer,60.95,-1.1293771795709193e-07,-1.1378298461047471e-07,-1.1303631461020534e-07,-1.228249777714965e-06,-1.2281395852147432e-06
finer,61.0,-1.050313865669768e-07,-1.05862272403913e-07,-1.0511359420033206e-07,-1.3041507671225298e-06,-1.3034952235126682e-06
finer,61.050000000000004,-9.901455231684218e-08,-9.982942240083414e-08,-9.907893103979321e-08,-1.376544293499127e-06,-1.3766244595846594e-06
finer,61.1,-9.494537384008743e-08,-9.574383194610443e-08,-9.499166459201754e-08,-1.4466110845145107e-06,-1.4460167326123217e-06
finer,61.15,-9.285109873663168e-08,-9.363519240893729e-08,-9.288142741824887e-08,-1.5141559179797153e-06,-1.5141005081744178e-06
finer,61.2,-9.273898489090002e-08,-9.350374036331896e-08,-9.274839743150229e-08,-1.5784806372214366e-06,-1.5780986894908505e-06
finer,61.25,-9.4567389936559e-08,-9.532031149610822e-08,-9.456335304231703e-08,-1.6411200731828875e-06,-1.6409642918840712e-06
finer,61.300000000000004,-9.829091195028365e-08,-9.902709836844243e-08,-9.826843202464433e-08,-1.7002573392522682e-06,-1.6999343195887736e-06
finer,61.35,-1.0381706831798427e-07,-1.0453933321697238e-07,-1.0377881530354373e-07,-1.75765653658065e-06,-1.757549594859352e-06
finer,61.4,-1.1103368751987093e-07,-1.1174661276886484e-07,-1.1098405283785756e-07,-1.8122046348009114e-06,-1.8118951341770573e-06
finer,61.45,-1.1981746298489296e-07,-1.2051543281418853e-07,-1.1975059898968192e-07,-1.864245164618652e-06,-1.8640880393754357e-06
finer,61.5,-1.2999922256448116e-07,-1.3069173886715627e-07,-1.2992436390029254e-07,-1.9144135840244182e-06,-1.914310762949578e-06
finer,61.550000000000004,-1.4142007931711622e-07,-1.4210358291447949e-07,-1.4133337092983537e-07,-1.961443767076753e-06,-1.961048240189015e-06
finer,61.6,-1.5388811433257912e-07,-1.5456469251470357e-07,-1.5379132610368757e-07,-2.007041304712642e-06,-2.0072185264348647e-06
finer,61.65,-1.672004183999674e-07,-1.678775190544189e-07,-1.671006667021674e-07,-2.049657934899909e-06,-2.049116840073768e-06
finer,61.7,-1.8116630016181108e-07,-1.8183684396257457e-07,-1.810561676684798e-07,-2.0904644779461938e-06,-2.090679718618399e-06
finer,61.75,-1.9555822867323363e-07,-1.9623350859959239e-07,-1.954486713675264e-07,-2.1290939013535976e-06,-2.1287104550293526e-06
finer,61.800000000000004,-2.101802223955029e-07,-2.108576794024152e-07,-2.1006835265980638e-07,-2.165212458423275e-06,-2.1652006396085723e-06
finer,61.85,-2.2482354703783582e-07,-2.2550261355270578e-07,-2.2470848425322983e-07,-2.199904839846402e-06,-2.19982856282265e-06
finer,61.9,-2.3927773808770275e-07,-2.399679314803122e-07,-2.3916870868616986e-07,-2.2317825589670613e-06,-2.2315203375924793e-06
finer,61.95,-2.533671508970786e-07,-2.540626462015349e-07,-2.5325806723314863e-07,-2.262359504757592e-06,-2.2625223868415484e-06
finer,62.0,-2.669027225524904e-07,-2.676083360491083e-07,-2.667981719122632e-07,-2.2905195513011395e-06,-2.29010389393006e-06
finer,62.050000000000004,-2.797213626913517e-07,-2.804415038234589e-07,-2.7962556387066805e-07,-2.31689009397333e-06,-2.317199537488131e-06
finer,62.1,-2.916867931683991e-07,-2.9241592391848944e-07,-2.915940598233986e-07,-2.3416358775601215e-06,-2.3411578023626162e-06
finer,62.15,-3.0265952192320275e-07,-3.034046200631769e-07,-3.025767288307576e-07,-2.364011693023851e-06,-2.3643327427055254e-06
finer,62.2,-3.125395545783052e-07,-3.1330110102848943e-07,-3.124671271657949e-07,-2.385327705677669e-06,-2.3850027267248946e-06
finer,62.25,-3.212479715356425e-07,-3.2202063412671856e-07,-3.2118057100181374e-07,-2.4041881173686975e-06,-2.4042229495435037e-06
finer,62.300000000000004,-3.287067884215848e-07,-3.2950072828036904e-07,-3.2865461846104024e-07,-2.421900080498609e-06,-2.422038900755992e-06
finer,62.35,-3.348944012124397e-07,-3.3570128010715375e-07,-3.34849214948892e-07,-2.4377333237228937e-06,-2.437268237655577e-06
finer,62.4,-3.397818552692512e-07,-3.4060445786146574e-07,-3.397465762718567e-07,-2.451813963410259e-06,-2.452415741138164e-06
finer,62.45,-3.4337065577185234e-07,-3.442138848388644e-07,-3.433503711575075e-07,-2.4648272261624435e-06,-2.4641300404079234e-06
finer,62.5,-3.456998554082761e-07,-3.4655370493127856e-07,-3.4568478624777387e-07,-2.475598661098615e-06,-2.4761643257428134e-06
finer,62.550000000000004,-3.4679398940140925e-07,-3.476671773888205e-07,-3.4679312013595153e-07,-2.485659615585113e-06,-2.48532549787575e-06
finer,62.6,-3.467278038961418e-07,-3.4761493780170794e-07,-3.4673604374951985e-07,-2.493677339518443e-06,-2.4936898542128215e-06
finer,62.65,-3.4557394615399007e-07,-3.464731036212944e-07,-3.455897055387312e-07,-2.5005880928072726e-06,-2.5008966659462054e-06
finer,62.7,-3.434171031788406e-07,-3.4433106168593374e-07,-3.434435184803965e-07,-2.5062685601570026e-06,-2.505756530149681e-06
finer,62.75,-3.403641891042737e-07,-3.412891397522987e-07,-3.403978313736359e-07,-2.5101388469437866e-06,-2.5107805170962404e-06
finer,62.800000000000004,-3.365213519035866e-07,-3.37456184508578e-07,-3.365615067540077e-07,-2.5134898011195853e-06,-2.5129259333580295e-06
finer,62.85,-3.320007924990302e-07,-3.3294704071297694e-07,-3.320493997875385e-07,-2.514817493574751e-06,-2.5152984074580683e-06
finer,62.9,-3.2692780721666395e-07,-3.2788007256094084e-07,-3.2697987977566017e-07,-2.5155793327160356e-06,-2.515356643513463e-06
finer,62.95,-3.2141364026789057e-07,-3.223747190457717e-07,-3.214723856205109e-07,-2.514916292193168e-06,-2.5149982348029324e-06
finer,63.0,-3.155829891863415e-07,-3.165491445328666e-07,-3.156450764728421e-07,-2.5129977063353876e-06,-2.5132002548455424e-06
finer,63.050000000000004,-3.0954868761261226e-07,-3.105180671851664e-07,-3.0961266060420797e-07,-2.5105361876225904e-06,-2.510250004039887e-06
finer,63.1,-3.0341537664387094e-07,-3.04390726807067e-07,-3.03484363512421e-07,-2.5062821922839354e-06,-2.506794023718865e-06
finer,63.15,-2.972940386965305e-07,-2.9826913967578283e-07,-2.973621831344155e-07,-2.5018130872120048e-06,-2.5013467201000894e-06
finer,63.2,-2.9126961634971584e-07,-2.9224654456003214e-07,-2.913393364929573e-07,-2.4958045444279306e-06,-2.496357401760743e-06
finer,63.25,-2.854277058218784e-07,-2.864061601635857e-07,-2.854990175098478e-07,-2.4891013717159334e-06,-2.4887943258746698e-06
finer,63.300000000000004,-2.798447455957148e-07,-2.8082024565584584e-07,-2.799134581451587e-07,-2.481699716646864e-06,-2.4819239072543825e-06
finer,63.35,-2.7457384443193807e-07,-2.755493920720075e-07,-2.746432204555741e-07,-2.4729105064939865e-06,-2.473073818241115e-06
finer,63.4,-2.696684005924163e-07,-2.706422147554333e-07,-2.6973688945719167e-07,-2.464041843044112e-06,-2.463784404034115e-06
finer,63.45,-2.651663732198039e-07,-2.661352444833399e-07,-2.6523096495121827e-07,-2.453669404801551e-06,-2.454223233114018e-06
finer,63.5,-2.610840422306144e-07,-2.620531443886598e-07,-2.611500789954446e-07,-2.443067268443549e-06,-2.4426379088018437e-06
finer,63.550000000000004,-2.5744651789202097e-07,-2.5840920998887696e-07,-2.5750749633675315e-07,-2.431579455695355e-06,-2.4320676076940748e-06
finer,63.6,-2.5424483641142534e-07,-2.5520603315102214e-07,-2.5430577901465356e-07,-2.4192049925988095e-06,-2.4190593339353175e-06
finer,63.65,-2.514796208948291e-07,-2.5243645569360225e-07,-2.5153774030207926e-07,-2.4067027919953135e-06,-2.406813338554934e-06
finer,63.7,-2.4913227315475085e-07,-2.5008464905585436e-07,-2.491875246995582e-07,-2.3928999847357205e-06,-2.39311848178012e-06
finer,63.75,-2.471779859955391e-07,-2.481273267894329e-07,-2.47231820869593e-07,-2.3791723455526077e-06,-2.3790446462548912e-06
finer,63.800000000000004,-2.45589749298691e-07,-2.4653510087931003e-07,-2.456412180437118e-07,-2.364428510208553e-06,-2.3647439363959647e-06
finer,63.85,-2.443326335059047e-07,-2.4527385235607663e-07,-2.443815768372665e-07,-2.3493026027874544e-06,-2.349199685424469e-06
finer,63.9,-2.4336716128975797e-07,-2.4430613592756937e-07,-2.434154340451085e-07,-2.3338849932298503e-06,-2.3341381438870364e-06
finer,63.95,-2.4265767311931005e-07,-2.435925961529454e-07,-2.4270341867767705e-07,-2.3175076212409778e-06,-2.3174545403623735e-06
finer,64.0,-2.4216098695704577e-07,-2.430932791476203e-07,-2.4220556372462207e-07,-2.3013320680915153e-06,-2.3015798238448555e-06
finer,64.05,-2.418391657121566e-07,-2.4276889094248837e-07,-2.418825643957337e-07,-2.2841237806703556e-06,-2.2840714864970487e-06
finer,64.1,-2.4165451938759315e-07,-2.425819443179139e-07,-2.416969246723602e-07,-2.2669599865432835e-06,-2.267165447498849e-06
finer,64.15,-2.4157288062731337e-07,-2.4249771532427976e-07,-2.4161391375405966e-07,-2.2493060945464676e-06,-2.249390130023174e-06
finer,64.2,-2.415613378996214e-07,-2.4248508921313077e-07,-2.416024116586561e-07,-2.2311108467542548e-06,-2.2310948678860746e-06
finer,64.25,-2.4159581680866427e-07,-2.4251719586151056e-07,-2.4163554432545364e-07,-2.2130881560538707e-06,-2.213432106351896e-06
finer,64.3,-2.4165129925267564e-07,-2.425718385271632e-07,-2.4169111220457333e-07,-2.194149314585629e-06,-2.1939258111424362e-06
finer,64.35,-2.41712563238308e-07,-2.4263176900129147e-07,-2.417518649843045e-07,-2.1755494289727923e-06,-2.1759775240316665e-06
finer,64.4,-2.417664223272099e-07,-2.426847282175842e-07,-2.4180554194389227e-07,-2.156299040705816e-06,-2.156151210948521e-06
finer,64.45,-2.4180571475838675e-07,-2.4272330115094884e-07,-2.4184472665167416e-07,-2.1369329703687314e-06,-2.137155477795008e-06
finer,64.5,-2.4182773946344496e-07,-2.4274462649641823e-07,-2.418665562581503e-07,-2.117603739473358e-06,-2.1177254416721265e-06
finer,64.55,-2.418333983063342e-07,-2.4274990165396585e-07,-2.418722263616695e-07,-2.0975922484035946e-06,-2.0975608464978336e-06
finer,64.6,-2.4182761846100904e-07,-2.4274376525403605e-07,-2.4186637335887156e-07,-2.078062225021572e-06,-2.0783723211142518e-06
finer,64.65,-2.418175882637656e-07,-2.427335891675005e-07,-2.418563662205064e-07,-2.057808712591425e-06,-2.057665886281473e-06
finer,64.7,-2.4181268540338464e-07,-2.427286278996833e-07,-2.41851455927932e-07,-2.037809181821221e-06,-2.0381736492009834e-06
finer,64.75,-2.418231673807508e-07,-2.4273915519771207e-07,-2.4186191198110807e-07,-2.017665050126644e-06,-2.017502406331861e-06
finer,64.8,-2.418593126177309e-07,-2.4277557071356817e-07,-2.418981290392394e-07,-1.9971495112001103e-06,-1.997497027104141e-06
finer,64.85,-2.4193088612398665e-07,-2.428474655731467e-07,-2.4196969267102663e-07,-1.9771174543994778e-06,-1.9770373508837243e-06
finer,64.9,-2.42045729309709e-07,-2.429627871610315e-07,-2.4208454414335967e-07,-1.956397615612653e-06,-1.956555339682835e-06
finer,64.95,-2.4220917137096407e-07,-2.431270323894611e-07,-2.422481738752775e-07,-1.9362005323854208e-06,-1.93642791477707e-06
finer,65.0,-2.4242385174406356e-07,-2.4334251622098124e-07,-2.424628902216343e-07,-1.9156890298193795e-06,-1.915461157447145e-06
time,0.0,0.0,0.0,0.0,0.0,0.0
time,0.05,0.0,0.0,0.0,0.0,0.0
time,0.1,0.0,0.0,0.0,0.0,0.0
time,0.15,0.0,0.0,0.0,0.0,0.0
time,0.2,0.0,0.0,0.0,0.0,0.0
time,0.25,0.0,0.0,0.0,0.0,0.0
time,0.3,0.0,0.0,0.0,0.0,0.0
time,0.35000000000000003,0.0,0.0,0.0,0.0,0.0
time,0.4,0.0,0.0,0.0,0.0,0.0
time,0.45,0.0,0.0,0.0,0.0,0.0
time,0.5,0.0,0.0,0.0,0.0,0.0
time,0.55,0.0,0.0,0.0,0.0,0.0
time,0.6,0.0,0.0,0.0,0.0,0.0
time,0.65,0.0,0.0,0.0,0.0,0.0
time,0.7000000000000001,0.0,0.0,0.0,0.0,0.0
time,0.75,0.0,0.0,0.0,0.0,0.0
time,0.8,0.0,0.0,0.0,0.0,-6.556e-321
time,0.85,0.0,0.0,0.0,0.0,-3.94493491783e-313
time,0.9,0.0,9.155e-321,9.155e-321,0.0,-7.266919160243114e-306
time,0.9500000000000001,0.0,6.5827166364e-314,6.5827166364e-314,0.0,-4.799067024787215e-299
time,1.0,0.0,1.9083046184294447e-307,1.9083046184294447e-307,0.0,-1.2894360547738384e-292
time,1.05,0.0,2.474926947871129e-301,2.474926947871129e-301,0.0,-1.5628938725781602e-286
time,1.1,0.0,1.5652238971415581e-295,1.5652238971415581e-295,0.0,-9.309200466172294e-281
time,1.1500000000000001,0.0,5.189211853855858e-290,5.189211853855858e-290,0.0,-2.927834674422588e-275
time,1.2,0.0,9.589441858650714e-285,9.589441858650714e-285,0.0,-5.167896761142301e-270
time,1.25,0.0,1.0411011518202102e-279,1.0411011518202102e-279,0.0,-5.394030674759559e-265
time,1.3,0.0,6.94926553064439e-275,6.94926553064439e-275,0.0,-3.48313769311926e-260
time,1.35,0.0,2.9670061874203243e-270,2.9670061874203243e-270,0.0,-1.4473844089117716e-255
time,1.4000000000000001,0.0,8.388761395296224e-266,8.388761395296224e-266,0.0,-4.006383691806211e-251
time,1.45,0.0,1.6194352305726123e-261,1.6194352305726123e-261,0.0,-7.61581283472399e-247
time,1.5,0.0,2.1932880279546856e-257,2.1932880279546856e-257,0.0,-1.021473379572943e-242
time,1.55,0.0,2.134954449784021e-253,2.134954449784021e-253,0.0,-9.90306511929431e-239
time,1.6,0.0,1.526271537890583e-249,1.526271537890583e-249,0.0,-7.091559139037383e-235
time,1.6500000000000001,0.0,8.170670996562953e-246,8.170670996562953e-246,0.0,-3.824747505873298e-231
time,1.7,0.0,3.3332239509356375e-242,3.3332239509356375e-242,0.0,-1.5812391672878397e-227
time,1.75,0.0,1.0527315793718396e-238,1.0527315793718396e-238,0.0,-5.091665378090842e-224
time,1.8,0.0,2.6111679044232962e-235,2.6111679044232962e-235,0.0,-1.2956856790116904e-220
time,1.85,0.0,5.1529502577081975e-232,5.1529502577081975e-232,0.0,-2.6404463885539565e-217
time,1.9000000000000001,0.0,8.186562100095447e-229,8.186562100095447e-229,0.0,-4.361811624516671e-214
time,1.95,0.0,1.0583263870756706e-225,1.0583263870756706e-225,0.0,-5.906226619020245e-211
time,2.0,0.0,1.1241455513703081e-222,1.1241455513703081e-222,5e-323,-6.623131003823987e-208
time,2.05,0.0,9.897232637057253e-220,9.897232637057253e-220,8.95543e-319,-6.209235270903991e-205
time,2.1,0.0,7.279528762602103e-217,7.279528762602103e-217,7.638196733e-315,-4.909488683418562e-202
time,2.15,0.0,4.504113218636392e-214,4.504113218636392e-214,5.223000979208e-311,-3.300507895095416e-199
time,2.2,0.0,2.3585331138534908e-211,2.3585331138534908e-211,2.893938000706353e-307,-1.9008278575998017e-196
time,2.25,0.0,1.05041066912746e-208,1.05041066912746e-208,1.3121143223141998e-303,-9.444203774160992e-194
time,2.3000000000000003,0.0,3.993712290763828e-206,3.993712290763828e-206,4.9129121418675915e-300,-4.074594699472061e-191
time,2.35,0.0,1.2989664373271117e-203,1.2989664373271117e-203,1.5321072470357403e-296,-1.5358452366637505e-188
time,2.4,0.0,3.613098741647033e-201,3.613098741647033e-201,4.0111757462671637e-293,-5.086627993325606e-186
time,2.45,0.0,8.557489296895607e-199,8.557489296895607e-199,8.881980640848709e-290,-1.4881622170229234e-183
time,2.5,0.0,1.7053202803574378e-196,1.7053202803574378e-196,1.6750211963707117e-286,-3.8652945650245793e-181
time,2.5500000000000003,0.0,2.7760720397090365e-194,2.7760720397090365e-194,2.707889789525187e-283,-8.955069456217579e-179
time,2.6,0.0,3.3957347689581842e-192,3.3957347689581842e-192,3.775691677032546e-280,-1.858787540179951e-176
time,2.65,0.0,2.09715656196332e-190,2.09715656196332e-190,4.566805547960346e-277,-3.471149354652148e-174
time,2.7,0.0,-3.260115552188919e-188,-3.260115552188919e-188,4.817571632992328e-274,-5.854697796894621e-172
time,2.75,0.0,-1.4731536145792125e-185,-1.4731536145792125e-185,4.455102813367102e-271,-8.952257010310811e-170
time,2.8000000000000003,0.0,-3.302779886900366e-183,-3.302779886900366e-183,3.629031394485497e-268,-1.2453119543066544e-167
time,2.85,0.0,-5.641089522636409e-181,-5.641089522636409e-181,2.615780975015185e-265,-1.581174758044071e-165
time,2.9,0.0,-8.058791988841097e-179,-8.058791988841097e-179,1.6755485473425022e-262,-1.8382304091326495e-163
time,2.95,0.0,-9.997841743160904e-177,-9.997841743160904e-177,9.576918157322323e-260,-1.9625904579601784e-161
time,3.0,0.0,-1.0984854885266417e-174,-1.0984854885266417e-174,4.903245011479774e-257,-1.929720041976974e-159
time,3.0500000000000003,0.0,-1.0817671055162554e-172,-1.0817671055162554e-172,2.2569430316727762e-254,-1.7520940737147872e-157
time,3.1,0.0,-9.625665628757718e-171,-9.625665628757718e-171,9.372316074251476e-252,-1.472736619703292e-155
time,3.15,0.0,-7.784078813977602e-169,-7.784078813977602e-169,3.5228819382647957e-249,-1.1488136236297981e-153
time,3.2,0.0,-5.745720449002432e-167,-5.745720449002432e-167,1.2023747503624178e-246,-8.335522501376527e-152
time,3.25,0.0,-3.8838120027527032e-165,-3.8838120027527032e-165,3.737427000641722e-244,-5.638058840324537e-150
time,3.3000000000000003,0.0,-2.4098084061666786e-163,-2.4098084061666786e-163,1.0610506327996828e-241,-3.56246353154816e-148
time,3.35,0.0,-1.3746607824049518e-161,-1.3746607824049518e-161,2.7587485786713488e-239,-2.106998755293267e-146
time,3.4,0.0,-7.214297092199497e-160,-7.214297092199497e-160,6.586111485554472e-237,-1.1686947562356278e-144
time,3.45,0.0,-3.4818291623987843e-158,-3.4818291623987843e-158,1.447320627731851e-234,-6.090515851760448e-143
time,3.5,0.0,-1.5424716068403936e-156,-1.5424716068403936e-156,2.934603166523297e-232,-2.987320606223996e-141
time,3.5500000000000003,0.0,-6.245905306482673e-155,-6.245905306482673e-155,5.502606365296518e-230,-1.3813711042876218e-139
time,3.6,0.0,-2.2927131053952156e-153,-2.2927131053952156e-153,9.562363358643813e-228,-6.031633093819491e-138
time,3.65,0.0,-7.505137540684234e-152,-7.505137540684234e-152,1.543274852910127e-225,-2.4907014495435858e-136
time,3.7,0.0,-2.1136425344766028e-150,-2.1136425344766028e-150,2.3177602130413832e-223,-9.741131069534988e-135
time,3.75,0.0,-4.6379581595757905e-149,-4.6379581595757905e-149,3.245423415945433e-221,-3.613356739637094e-133
time,3.8000000000000003,0.0,-4.683866068946436e-148,-4.683866068946436e-148,4.2447170914897786e-219,-1.2729585071208426e-131
time,3.85,0.0,2.401121265634454e-146,2.401121265634454e-146,5.194763416180864e-217,-4.264661298736147e-130
time,3.9,0.0,2.0338023663357318e-144,2.0338023663357318e-144,5.958781488302077e-215,-1.3603936772151993e-128
time,3.95,0.0,9.984090728146983e-143,9.984090728146983e-143,6.416974453189296e-213,-4.136912812604313e-127
time,4.0,0.0,3.966544362479632e-141,3.966544362479632e-141,6.497761513974356e-211,-1.2006651508061353e-125
time,4.05,0.0,1.3821420714953901e-139,1.3821420714953901e-139,6.196002562550673e-209,-3.329541341380261e-124
time,4.1,0.0,4.3643313585974686e-138,4.3643313585974686e-138,5.571897663957679e-207,-8.831391505194427e-123
time,4.15,0.0,1.2699256530139147e-136,1.2699256530139147e-136,4.731998067637875e-205,-2.242870854112919e-121
time,4.2,0.0,3.438776531810336e-135,3.438776531810336e-135,3.800318281072097e-203,-5.4593600514635645e-120
time,4.25,0.0,8.720253798695264e-134,8.720253798695264e-134,2.889964237666964e-201,-1.2748468450410656e-118
time,4.3,0.0,2.0797047075842824e-132,2.0797047075842824e-132,2.0835558762820792e-199,-2.8586093882080744e-117
time,4.3500000000000005,0.0,4.678442169938868e-131,4.678442169938868e-131,1.4258769872000037e-197,-6.160554507259894e-116
time,4.4,0.0,9.94727087571548e-130,9.94727087571548e-130,9.27318783243018e-196,-1.277106825757676e-114
time,4.45,0.0,2.0015427461030413e-128,2.0015427461030413e-128,5.737658090588577e-194,-2.5488162137635092e-113
time,4.5,0.0,3.813726867465961e-127,3.813726867465961e-127,3.3811999345734693e-192,-4.901205352542402e-112
time,4.55,0.0,6.880566909369683e-126,6.880566909369683e-126,1.8997382726008421e-190,-9.087781585815347e-111
time,4.6000000000000005,0.0,1.1743601965122134e-124,1.1743601965122134e-124,1.018695688487881e-188,-1.6260347039138488e-109
time,4.65,0.0,1.8924414315697765e-123,1.8924414315697765e-123,5.218546185152687e-187,-2.8095343138913235e-108
time,4.7,0.0,2.86900139642615e-122,2.86900139642615e-122,2.556358331874123e-185,-4.6911237649374566e-107
time,4.75,0.0,4.066517159640765e-121,4.066517159640765e-121,1.1985622628831261e-183,-7.574484502953988e-106
time,4.8,0.0,5.329563712318181e-120,5.329563712318181e-120,5.3833548141812426e-182,-1.1834479006164217e-104
time,4.8500000000000005,0.0,6.322723848365846e-119,6.322723848365846e-119,2.318321538448886e-180,-1.7903680155770207e-103
time,4.9,0.0,6.474593915996456e-118,6.474593915996456e-118,9.580445020739482e-179,-2.6242257143577747e-102
time,4.95,0.0,4.950162829550438e-117,4.950162829550438e-117,3.8022526572541007e-177,-3.7289460249044944e-101
time,5.0,0.0,6.779992839442432e-117,6.779992839442432e-117,1.450376518638049e-175,-5.139837890235336e-100
time,5.05,0.0,-7.5444917322641545e-115,-7.5444917322641545e-115,5.3215236099544585e-174,-6.87600067016851e-99
time,5.1000000000000005,0.0,-2.0857530811269628e-113,-2.0857530811269628e-113,1.8794369098549692e-172,-8.932704849296772e-98
time,5.15,0.0,-4.006953765263505e-112,-4.006953765263505e-112,6.393926443351396e-171,-1.1275116080360006e-96
time,5.2,0.0,-6.535211111031114e-111,-6.535211111031114e-111,2.096805453729933e-169,-1.3834823679565311e-95
time,5.25,0.0,-9.596498886176946e-110,-9.596498886176946e-110,6.632740266451931e-168,-1.6510411531828884e-94
time,5.3,0.0,-1.3008962726940384e-108,-1.3008962726940384e-108,2.0251514496017134e-166,-1.917276100015952e-93
time,5.3500000000000005,0.0,-1.6484295216639755e-107,-1.6484295216639755e-107,5.972125054003723e-165,-2.1674979952239185e-92
time,5.4,0.0,-1.9651278036682113e-106,-1.9651278036682113e-106,1.702066621793282e-163,-2.386596634052595e-91
time,5.45,0.0,-2.210079506472465e-105,-2.210079506472465e-105,4.690967117416487e-162,-2.560583895133262e-90
time,5.5,0.0,-2.3446096230561255e-104,-2.3446096230561255e-104,1.2509531771449125e-160,-2.6780992276827304e-89
time,5.55,0.0,-2.3387455057441134e-103,-2.3387455057441134e-103,3.2296855621914054e-159,-2.7316483622498443e-88
time,5.6000000000000005,0.0,-2.176808308193145e-102,-2.176808308193145e-102,8.077201576553181e-158,-2.7183864099122187e-87
time,5.65,0.0,-1.860910522391407e-101,-1.860910522391407e-101,1.9578417391794855e-156,-2.6403336856066024e-86
time,5.7,0.0,-1.4115490186024274e-100,-1.4115490186024274e-100,4.601913675833417e-155,-2.5040094713700573e-85
time,5.75,0.0,-8.651049850011534e-100,-8.651049850011534e-100,1.0494597491276072e-153,-2.319564404611076e-84
time,5.8,0.0,-2.687318036553381e-99,-2.687318036553381e-99,2.3231429224089675e-152,-2.0995666540573066e-83
time,5.8500000000000005,0.0,3.263471184094019e-98,3.263471184094019e-98,4.9943579572434755e-151,-1.8576372263422695e-82
time,5.9,0.0,8.71829235480502e-97,8.71829235480502e-97,1.0432354606149566e-149,-1.6071312283915923e-81
time,5.95,0.0,1.328346083141953e-95,1.328346083141953e-95,2.1182833498150435e-148,-1.3600292068865447e-80
time,6.0,0.0,1.669545089682566e-94,1.669545089682566e-94,4.182922649364349e-147,-1.1261469465306628e-79
time,6.05,0.0,1.883770721814614e-93,1.883770721814614e-93,8.036368036665242e-146,-9.127075249331776e-79
time,6.1000000000000005,0.0,1.9733953596801455e-92,1.9733953596801455e-92,1.5028284266925714e-144,-7.242594905507038e-78
time,6.15,0.0,1.9522797898471953e-91,1.9522797898471953e-91,2.7365878851542194e-143,-5.62879689429711e-77
time,6.2,0.0,1.8421005915779998e-90,1.8421005915779998e-90,4.854407119839186e-142,-4.285734674164906e-76
time,6.25,0.0,1.6683421963676187e-89,1.6683421963676187e-89,8.391930567203711e-141,-3.1977873765928833e-75
time,6.3,0.0,1.4566423816189233e-88,1.4566423816189233e-88,1.4143418657917357e-139,-2.3388999840285205e-74
time,6.3500000000000005,0.0,1.2299625389281003e-87,1.2299625389281003e-87,2.3247575105976012e-138,-1.6773806376781612e-73
time,6.4,0.0,1.0067998534934913e-86,1.0067998534934913e-86,3.728135531159924e-137,-1.179849802157203e-72
time,6.45,0.0,8.004293661554216e-86,8.004293661554216e-86,5.8351596726248676e-136,-8.141629313046126e-72
time,6.5,0.0,6.189994208625822e-85,6.189994208625822e-85,8.916890000259288e-135,-5.513115057004188e-71
time,6.55,0.0,4.662185081727238e-84,4.662185081727238e-84,1.33083046457852e-133,-3.6643156352011626e-70
time,6.6000000000000005,0.0,3.423580591256926e-83,3.423580591256926e-83,1.9405566695646054e-132,-2.391140817169194e-69
time,6.65,0.0,2.453343254953021e-82,2.453343254953021e-82,2.765454230087792e-131,-1.532278630002027e-68
time,6.7,0.0,1.7169878947962615e-81,1.7169878947962615e-81,3.85285100387907e-130,-9.644774282080285e-68
time,6.75,0.0,1.1743881458578303e-80,1.1743881458578303e-80,5.249397452143096e-129,-5.964405645795599e-67
time,6.8,0.0,7.855314534602772e-80,7.855314534602772e-80,6.996503628211103e-128,-3.6245976677466237e-66
time,6.8500000000000005,0.0,5.141246890781891e-79,5.141246890781891e-79,9.124875455506287e-127,-2.1650328212274983e-65
time,6.9,0.0,3.2941982906044457e-78,3.2941982906044457e-78,1.1648610953910312e-125,-1.2713746531632205e-64
time,6.95,0.0,2.067341995493225e-77,2.067341995493225e-77,1.4559514784707829e-124,-7.341372010607987e-64
time,7.0,0.0,1.2712922330988902e-76,1.2712922330988902e-76,1.7822424121520068e-123,-4.1693054472697303e-63
time,7.05,0.0,7.663454355854024e-76,7.663454355854024e-76,2.137236952408681e-122,-2.3292664834452407e-62
time,7.1000000000000005,0.0,4.530162466519939e-75,4.530162466519939e-75,2.511429331277232e-121,-1.2803475308703053e-61
time,7.15,0.0,2.6270397744701753e-74,2.6270397744701753e-74,2.8925808956437538e-120,-6.925834988753302e-61
time,7.2,0.0,1.4949538641434946e-73,1.4949538641434946e-73,3.2663129273116326e-119,-3.687504080101903e-60
time,7.25,0.0,8.350909446874927e-73,8.350909446874927e-73,3.6169866300095836e-118,-1.9328035027923768e-59
time,7.3,0.0,4.580511651589978e-72,4.580511651589978e-72,3.9287978478619055e-117,-9.975041442822858e-59
time,7.3500000000000005,0.0,2.4676943942979326e-71,2.4676943942979326e-71,4.1869785490822647e-116,-5.06977647674442e-58
time,7.4,0.0,1.3061197831098682e-70,1.3061197831098682e-70,4.378975408849177e-115,-2.5379534326775256e-57
time,7.45,0.0,6.793610759406448e-70,6.793610759406448e-70,4.4954723978874925e-114,-1.2516164000892642e-56
time,7.5,0.0,3.473371538065011e-69,3.473371538065011e-69,4.531140370272942e-113,-6.081658845136104e-56
time,7.55,0.0,1.745971678734772e-68,1.745971678734772e-68,4.485029961037748e-112,-2.912091397714379e-55
time,7.6000000000000005,0.0,8.630915179835942e-68,8.630915179835942e-68,4.3605692713639825e-111,-1.374318896395945e-54
time,7.65,0.0,4.1966690172024433e-67,4.1966690172024433e-67,4.1651774459018747e-110,-6.393454516945093e-54
time,7.7,0.0,2.0075749991378784e-66,2.0075749991378784e-66,3.909551408671641e-109,-2.932336074795679e-53
time,7.75,0.0,9.450302272507841e-66,9.450302272507841e-66,3.606718785244112e-108,-1.3261271839910536e-52
time,7.8,0.0,4.378355935249288e-65,4.378355935249288e-65,3.2709706812250166e-107,-5.9144137099327636e-52
time,7.8500000000000005,0.0,1.99686891518723e-64,1.99686891518723e-64,2.916791700129353e-106,-2.6016795656208117e-51
time,7.9,0.0,8.966854754772416e-64,8.966854754772416e-64,2.5578925165951245e-105,-1.128939585010895e-50
time,7.95,0.0,3.965146053202406e-63,3.965146053202406e-63,2.20642605102339e-104,-4.833039358043627e-50
time,8.0,0.0,1.726953631504634e-62,1.726953631504634e-62,1.8724368919307782e-103,-2.041547135661668e-49
time,8.05,0.0,7.409284265354663e-62,7.409284265354663e-62,1.5635605614564914e-102,-8.510272191523092e-49
time,8.1,0.0,3.131954203222503e-61,3.131954203222503e-61,1.2849594015149837e-101,-3.501279520813146e-48
time,8.15,0.0,1.3045643588084153e-60,1.3045643588084153e-60,1.0394588353130618e-100,-1.421878846695241e-47
time,8.2,0.0,5.355400946697278e-60,5.355400946697278e-60,8.278334152214196e-100,-5.7003685794861545e-47
time,8.25,0.0,2.1669973126314787e-59,2.1669973126314787e-59,6.491866218687038e-99,-2.2563100254418417e-46
time,8.3,0.0,8.64423113601858e-59,8.64423113601858e-59,5.013706902498535e-98,-8.818606795021877e-46
time,8.35,0.0,3.399820356026782e-58,3.399820356026782e-58,3.814007854698462e-97,-3.4037321598604915e-45
time,8.4,0.0,1.318576987874704e-57,1.318576987874704e-57,2.8582925402210647e-96,-1.2975161194654974e-44
time,8.45,0.0,5.0434957839047115e-57,5.0434957839047115e-57,2.1105815724642728e-95,-4.88561127139013e-44
time,8.5,0.0,1.902784767549822e-56,1.902784767549822e-56,1.5358000038135915e-94,-1.8172706234083314e-43
time,8.55,0.0,7.081629570587398e-56,7.081629570587398e-56,1.101462498428039e-93,-6.678203809740822e-43
time,8.6,0.0,2.6002466651741846e-55,2.6002466651741846e-55,7.787025279813115e-93,-2.424839288191243e-42
time,8.65,0.0,9.420730291136956e-55,9.420730291136956e-55,5.42754466840488e-92,-8.700263530261477e-42
time,8.700000000000001,0.0,3.368160675416816e-54,3.368160675416816e-54,3.730157634430007e-91,-3.084963452993773e-41
time,8.75,0.0,1.1884678967083602e-53,1.1884678967083602e-53,2.5281557280926307e-90,-1.0811275137775374e-40
time,8.8,0.0,4.139190989136545e-53,4.139190989136545e-53,1.6900250335373884e-89,-3.745012975013937e-40
time,8.85,0.0,1.423057712424968e-52,1.423057712424968e-52,1.1144328329545851e-88,-1.2823855226131139e-39
time,8.9,0.0,4.83006576714148e-52,4.83006576714148e-52,7.25009736272083e-88,-4.341214754194479e-39
time,8.950000000000001,0.0,1.6186400817505736e-51,1.6186400817505736e-51,4.653928245859208e-87,-1.4530113039070504e-38
time,9.0,0.0,5.356193774449041e-51,5.356193774449041e-51,2.9480657739364354e-86,-4.808710439613225e-38
time,9.05,0.0,1.750297387675808e-50,1.750297387675808e-50,1.843109202571293e-85,-1.5737154712170506e-37
time,9.1,0.0,5.648805422553785e-50,5.648805422553785e-50,1.1374051903848354e-84,-5.0932735847666555e-37
time,9.15,0.0,1.800648812506437e-49,1.800648812506437e-49,6.9291902399729705e-84,-1.63032978708401e-36
time,9.200000000000001,0.0,5.669780684328146e-49,5.669780684328146e-49,4.167781106308544e-83,-5.161730015838162e-36
time,9.25,0.0,1.7636170871216138e-48,1.7636170871216138e-48,2.4753326236187273e-82,-1.6165509830048467e-35
time,9.3,0.0,5.419732009676336e-48,5.419732009676336e-48,1.4518398742874519e-81,-5.008296306223676e-35
time,9.35,0.0,1.6455843924129644e-47,1.6455843924129644e-47,8.410266502006119e-81,-1.5350713444060964e-34
time,9.4,0.0,4.937002131878567e-47,4.937002131878567e-47,4.812328223100231e-80,-4.655172518301345e-34
time,9.450000000000001,0.0,1.4636519033945149e-46,1.4636519033945149e-46,2.72021302014823e-79,-1.3968239456023457e-33
time,9.5,0.0,4.288176057230802e-46,4.288176057230802e-46,1.5191467532703846e-78,-4.147396342538463e-33
time,9.55,0.0,1.241638235267321e-45,1.241638235267321e-45,8.38285302402907e-78,-1.21861351698747e-32
time,9.6,0.0,3.553291147075101e-45,3.553291147075101e-45,4.571141674980933e-77,-3.543569362964047e-32
time,9.65,0.0,1.005086468882193e-44,1.005086468882193e-44,2.463444996201655e-76,-1.019829604520404e-31
time,9.700000000000001,0.0,2.810182748420506e-44,2.810182748420506e-44,1.312170682804065e-75,-2.905043102696982e-31
time,9.75,0.0,7.766824818161129e-44,7.766824818161129e-44,6.908921471925777e-75,-8.191090565000508e-31
time,9.8,0.0,2.1220081706472247e-43,2.1220081706472247e-43,3.596210745795693e-74,-2.2862319502241945e-30
time,9.85,0.0,5.7313797505906905e-43,5.7313797505906905e-43,1.850703120390442e-73,-6.317028644948931e-30
time,9.9,0.0,1.530350100318814e-42,1.530350100318814e-42,9.417296366967541e-73,-1.7279983744750447e-29
time,9.950000000000001,0.0,4.039701698419537e-42,4.039701698419537e-42,4.738643356246275e-72,-4.679883375983187e-29
time,10.0,0.0,1.0542368546589679e-41,1.0542368546589679e-41,2.3580874489872604e-71,-1.2549042865596273e-28
time,10.05,0.0,2.7199229254765685e-41,2.7199229254765685e-41,1.1606012621933315e-70,-3.3319008445705576e-28
time,10.1,0.0,6.937430392358054e-41,6.937430392358054e-41,5.650175544293193e-70,-8.75993376061955e-28
time,10.15,0.0,1.7492536979141307e-40,1.7492536979141307e-40,2.721037447663893e-69,-2.280644711204752e-27
time,10.200000000000001,0.0,4.3601469899493736e-40,4.3601469899493736e-40,1.2963971568723152e-68,-5.880072149020236e-27
time,10.25,0.0,1.0742820346281276e-39,1.0742820346281276e-39,6.110957991584163e-68,-1.5013965622477535e-26
time,10.3,0.0,2.6161978129389965e-39,2.6161978129389965e-39,2.8502589856013473e-67,-3.7967748042206466e-26
time,10.35,0.0,6.296720293015512e-39,6.296720293015512e-39,1.3155237467673006e-66,-9.50953378045082e-26
time,10.4,0.0,1.4975969557020058e-38,1.4975969557020058e-38,6.008794998769886e-66,-2.359099569587622e-25
time,10.450000000000001,0.0,3.5192019627635217e-38,3.5192019627635217e-38,2.71634445221112e-65,-5.7968633246531995e-25
time,10.5,0.0,8.16918284433737e-38,8.16918284433737e-38,1.2154159740536168e-64,-1.4109644432268026e-24
time,10.55,0.0,1.8728215387698615e-37,1.8728215387698615e-37,5.3832064996481055e-64,-3.40197535897277e-24
time,10.6,0.0,4.239101810068643e-37,4.239101810068643e-37,2.3602932854571685e-63,-8.12556559461469e-24
time,10.65,0.0,9.470239570009583e-37,9.470239570009583e-37,1.0245473866363423e-62,-1.9226402403053943e-23
time,10.700000000000001,0.0,2.0872557545779064e-36,2.0872557545779064e-36,4.403227118752865e-62,-4.5069058056123775e-23
time,10.75,0.0,4.53624259365502e-36,4.53624259365502e-36,1.8737618633570713e-61,-1.0466666461219167e-22
time,10.8,0.0,9.715194349029205e-36,9.715194349029205e-36,7.895739295777588e-61,-2.4082443267947363e-22
time,10.85,0.0,2.0488342192932878e-35,2.0488342192932878e-35,3.2948575684180926e-60,-5.489934388056058e-22
time,10.9,0.0,4.2505542735061163e-35,4.2505542735061163e-35,1.3616823348429867e-59,-1.2399945522885614e-21
time,10.950000000000001,0.0,8.664465578810762e-35,8.664465578810762e-35,5.573649848836152e-59,-2.7750406980112524e-21
time,11.0,0.0,1.7326877282207137e-34,1.7326877282207137e-34,2.259733539421992e-58,-6.1535566582118636e-21
time,11.05,0.0,3.39231135508623e-34,3.39231135508623e-34,9.075215668999667e-58,-1.3520725396038542e-20
time,11.1,0.0,6.484477378681245e-34,6.484477378681245e-34,3.610496356272606e-57,-2.943742073130143e-20
time,11.15,0.0,1.2055742362465956e-33,1.2055742362465956e-33,1.4230321951141521e-56,-6.350879520666519e-20
time,11.200000000000001,0.0,2.1678253913646833e-33,2.1678253913646833e-33,5.5568362143723965e-56,-1.357719560872445e-19
time,11.25,0.0,3.737686921829299e-33,3.737686921829299e-33,2.1499694995019724e-55,-2.876308189417021e-19
time,11.3,0.0,6.089620954322144e-33,6.089620954322144e-33,8.242428629344837e-55,-6.038322262949669e-19
time,11.35,0.0,9.118045365570703e-33,9.118045365570703e-33,3.131282418878154e-54,-1.2561988275054283e-18
time,11.4,0.0,1.1757246149794901e-32,1.1757246149794901e-32,1.178851183759515e-53,-2.5898028835053336e-18
time,11.450000000000001,0.0,1.0357577627718876e-32,1.0357577627718876e-32,4.3983580974984615e-53,-5.291095027006103e-18
time,11.5,0.0,-4.8830820364108856e-33,-4.8830820364108856e-33,1.6264540945108963e-52,-1.0712689340862778e-17
time,11.55,0.0,-5.724823069604443e-32,-5.724823069604443e-32,5.9612459812067216e-52,-2.1494551884304567e-17
time,11.6,0.0,-1.976184026867811e-31,-1.976184026867811e-31,2.1657099313657575e-51,-4.274027382092922e-17
time,11.65,0.0,-5.298212900547415e-31,-5.298212900547415e-31,7.799291985053659e-51,-8.422219228967107e-17
time,11.700000000000001,0.0,-1.2522959053720252e-30,-1.2522959053720252e-30,2.784357415014449e-50,-1.6447377112293531e-16
time,11.75,0.0,-2.7178310020629365e-30,-2.7178310020629365e-30,9.85445481624738e-50,-3.1830784969660975e-16
time,11.8,0.0,-5.497539017373734e-30,-5.497539017373734e-30,3.4578057028206414e-49,-6.104885645320178e-16
time,11.85,0.0,-1.0387528233210563e-29,-1.0387528233210563e-29,1.2029598431102546e-48,-1.160339961034405e-15
time,11.9,0.0,-1.8172945931162296e-29,-1.8172945931162296e-29,4.1495985536208374e-48,-2.1855848258096456e-15
time,11.950000000000001,0.0,-2.867171562236894e-29,-2.867171562236894e-29,1.419341673891723e-47,-4.07963261085433e-15
time,12.0,0.0,-3.7933836362799503e-29,-3.7933836362799503e-29,4.814097846334562e-47,-7.546416160586597e-15
time,12.05,0.0,-3.1114664250642706e-29,-3.1114664250642706e-29,1.6192384096369564e-46,-1.3833151541063934e-14
time,12.1,0.0,3.418692782072395e-29,3.418692782072395e-29,5.4012604066201096e-46,-2.5127864849390123e-14
time,12.15,0.0,2.646004528166559e-28,2.646004528166559e-28,1.7868498313390428e-45,-4.523102855041692e-14
time,12.200000000000001,0.0,9.079278070534199e-28,9.079278070534199e-28,5.862859424352556e-45,-8.067798598848876e-14
time,12.25,0.0,2.508137629030773e-27,2.508137629030773e-27,1.9080025155153563e-44,-1.4259408671515038e-13
time,12.3,0.0,6.206337529164754e-27,6.206337529164754e-27,6.159077649510098e-44,-2.49726647852461e-13
time,12.35,0.0,1.4305407108402918e-26,1.4305407108402918e-26,1.9721439928624866e-43,-4.3334419186669205e-13
time,12.4,0.0,3.129426693829872e-26,3.129426693829872e-26,6.264211238809464e-43,-7.450618996095632e-13
time,12.450000000000001,0.0,6.564407223216905e-26,6.564407223216905e-26,1.9738644506335726e-42,-1.269194739725458e-12
time,12.5,0.0,1.3284875825111657e-25,1.3284875825111657e-25,6.170344948207212e-42,-2.1420252286895446e-12
time,12.55,0.0,2.6037858186437645e-25,2.6037858186437645e-25,1.9136410772120825e-41,-3.5814900439056014e-12
time,12.6,0.0,4.954057453606243e-25,4.954057453606243e-25,5.888272426815644e-41,-5.932348979945416e-12
time,12.65,0.0,9.162292426541413e-25,9.162292426541413e-25,1.797665290996542e-40,-9.734031572184904e-12
time,12.700000000000001,0.0,1.6480011788752655e-24,1.6480011788752655e-24,5.445530258623447e-40,-1.582120632393506e-11
time,12.75,0.0,2.8820583805898157e-24,2.8820583805898157e-24,1.6368109332370916e-39,-2.547083171851019e-11
time,12.8,0.0,4.894684748133583e-24,4.894684748133583e-24,4.88202699225377e-39,-4.06141519263884e-11
time,12.85,0.0,8.05298479958943e-24,8.05298479958943e-24,1.444977870127239e-38,-6.413785805044021e-11
time,12.9,0.0,1.2777597240569176e-23,1.2777597240569176e-23,4.244214726934217e-38,-1.0030539606724066e-10
time,12.950000000000001,0.0,1.9393561916724535e-23,1.9393561916724535e-23,1.2371550585962104e-37,-1.553369192970946e-10
time,13.0,0.0,2.771975409520864e-23,2.771975409520864e-23,3.5789595852850978e-37,-2.381941163974836e-10
time,13.05,0.0,3.607901152921621e-23,3.607901152921621e-23,1.02756735272704e-36,-3.616231435078912e-10
time,13.1,0.0,3.906590678178251e-23,3.906590678178251e-23,2.9281907006080903e-36,-5.435136599863138e-10
time,13.15,0.0,2.2714270578331304e-23,2.2714270578331304e-23,8.282061003582876e-36,-8.086323635616908e-10
time,13.200000000000001,0.0,-4.565864691282977e-23,-4.565864691282977e-23,2.3251003302631144e-35,-1.190782562346309e-09
time,13.25,0.0,-2.38258090406242e-22,-2.38258090406242e-22,6.479225827700424e-35,-1.735423602868697e-09
time,13.3,0.0,-7.083887492403843e-22,-7.083887492403843e-22,1.792240853480026e-34,-2.5027512138789304e-09
time,13.35,0.0,-1.7714035225166855e-21,-1.7714035225166855e-21,4.921244064521057e-34,-3.57118762278989e-09
time,13.4,0.0,-4.057951050369467e-21,-4.057951050369467e-21,1.341442008612235e-33,-5.041154658747503e-09
time,13.450000000000001,0.0,-8.795408136469926e-21,-8.795408136469926e-21,3.629947248368429e-33,-7.038901333342808e-09
time,13.5,0.0,-1.830795333466355e-20,-1.830795333466355e-20,9.75153173629745e-33,-9.72002959305877e-09
time,13.55,0.0,-3.687391077797764e-20,-3.687391077797764e-20,2.600769929847149e-32,-1.3272212301514432e-08
time,13.6,0.0,-7.213943227437542e-20,-7.213943227437542e-20,6.886520130141623e-32,-1.7916436232781677e-08
time,13.65,0.0,-1.3735178483321674e-19,-1.3735178483321674e-19,1.8104163998109958e-31,-2.3905947728361086e-08
time,13.700000000000001,0.0,-2.547225386905432e-19,-2.547225386905432e-19,4.72552033977337e-31,-3.1521956191330577e-08
time,13.75,0.0,-4.602218103806169e-19,-4.602218103806169e-19,1.2246861619343312e-30,-4.106509606650849e-08
time,13.8,0.0,-8.09978921614677e-19,-8.09978921614677e-19,3.1514851547821602e-30,-5.284170393815816e-08
time,13.85,0.0,-1.3881438144891219e-18,-1.3881438144891219e-18,8.05252417640859e-30,-6.714417985513909e-08
time,13.9,0.0,-2.315467153212139e-18,-2.315467153212139e-18,2.0430826169600729e-29,-8.422511385385315e-08
time,13.950000000000001,0.0,-3.756939213612774e-18,-3.756939213612773e-18,5.147395178413061e-29,-1.0426550028488269e-07
time,14.0,0.0,-5.925633519229565e-18,-5.925633519229563e-18,1.287796163284957e-28,-1.273382400436948e-07
time,14.05,0.0,-9.078637286648748e-18,-9.078637286648747e-18,3.199446756924893e-28,-1.5336921289324085e-07
time,14.1,0.0,-1.3500044639988547e-17,-1.3500044639988544e-17,7.893701083435334e-28,-1.820994079766894e-07
time,14.15,0.0,-1.9466094736185715e-17,-1.946609473618571e-17,1.9340787402723555e-27,-2.130527918255659e-07
time,14.200000000000001,0.0,-2.7189434634507746e-17,-2.7189434634507734e-17,4.706138892712855e-27,-2.4551557272666456e-07
time,14.25,0.0,-3.674382469433031e-17,-3.6743824694330286e-17,1.1372649327567292e-26,-2.785330436155439e-07
time,14.3,0.0,-4.7977494201862824e-17,-4.797749420186278e-17,2.7294418862028783e-26,-3.1092998577815465e-07
time,14.35,0.0,-6.043190368321758e-17,-6.043190368321753e-17,6.505940774085892e-26,-3.413594445470175e-07
time,14.4,0.0,-7.329065334200416e-17,-7.329065334200408e-17,1.5402064470522907e-25,-3.68382372320911e-07
time,14.450000000000001,0.0,-8.538723956076441e-17,-8.538723956076433e-17,3.6215013463191633e-25,-3.905771387026025e-07
time,14.5,0.0,-9.529641318802075e-17,-9.529641318802064e-17,8.457603635829804e-25,-4.066733986227899e-07
time,14.55,0.0,-1.0151925903270662e-16,-1.0151925903270649e-16,1.961836567898185e-24,-4.1569970097680847e-07
time,14.6,0.0,-1.027471089354778e-16,-1.027471089354777e-16,4.520045182039874e-24,-4.1712918757246975e-07
time,14.65,0.0,-9.815901052393687e-17,-9.815901052393678e-17,1.034414476909844e-23,-4.1100367472646215e-07
time,14.700000000000001,0.0,-8.768145151769341e-17,-8.768145151769335e-17,2.3513942595274458e-23,-3.980143537487587e-07
time,14.75,0.0,-7.21295547965768e-17,-7.212955479657675e-17,5.309361906870394e-23,-3.7951828210788295e-07
time,14.8,0.0,-5.316579640166263e-17,-5.3165796401662615e-17,1.1908360035346547e-22,-3.574745044342481e-07
time,14.85,0.0,-3.305702261252082e-17,-3.305702261252082e-17,2.653144165544175e-22,-3.3429229453589686e-07
time,14.9,0.0,-1.427246935296197e-17,-1.4272469352961973e-17,5.871854658427552e-22,-3.125961977823583e-07
time,14.950000000000001,0.0,9.773635594485287e-19,9.77363559448528e-19,1.2909260533735372e-21,-2.949269948327855e-07
time,15.0,0.0,1.1134465918640105e-17,1.1134465918640108e-17,2.8193233866147446e-21,-2.834122936961116e-07
time,15.05,0.0,1.5514013299199233e-17,1.5514013299199242e-17,6.116619915275782e-21,-2.7945244779667796e-07
time,15.1,0.0,1.431134590533973e-17,1.4311345905339743e-17,1.3182766302767084e-20,-2.834739233721098e-07
time,15.15,0.0,8.436819759879328e-18,8.43681975987934e-18,2.8225083023016924e-20,-2.9480047851056664e-07
time,15.200000000000001,0.0,-7.211101791328188e-19,-7.211101791328048e-19,6.003471426585788e-20,-3.116809688206909e-07
time,15.25,0.0,-1.1502163934115731e-17,-1.1502163934115717e-17,1.2685655461193483e-19,-3.314913205260921e-07
time,15.3,0.0,-2.2105813937448496e-17,-2.2105813937448483e-17,2.662999517956894e-19,-3.510993623526233e-07
time,15.35,0.0,-3.0688624865753784e-17,-3.068862486575377e-17,5.553684590332893e-19,-3.673490883219589e-07
time,15.4,0.0,-3.552128673119316e-17,-3.5521286731193145e-17,1.1506607101508653e-18,-3.77591558628595e-07
time,15.450000000000001,0.0,-3.5275996991650843e-17,-3.527599699165083e-17,2.3684982770740543e-18,-3.8016981279057693e-07
time,15.5,0.0,-2.941519168140309e-17,-2.941519168140308e-17,4.8435312733791365e-18,-3.747609984556047e-07
time,15.55,0.0,-1.8532840662258042e-17,-1.8532840662258026e-17,9.840511673825409e-18,-3.6249429408308204e-07
time,15.6,0.0,-4.443482634361867e-18,-4.443482634361851e-18,1.9862908523739073e-17,-3.4579832055638067e-07
time,15.65,0.0,1.0121055706218989e-17,1.0121055706219006e-17,3.983276024904012e-17,-3.279822379648917e-07
time,15.700000000000001,0.0,2.21774157101736e-17,2.2177415710173615e-17,7.936205872869651e-17,-3.1261177690189784e-07
time,15.75,0.0,2.930390641025189e-17,2.9303906410251893e-17,1.5709513301783178e-16,-3.027929909749555e-07
time,15.8,0.0,3.029733535636431e-17,3.029733535636431e-17,3.089526235988646e-16,-3.005095873850526e-07
time,15.85,0.0,2.543573906421773e-17,2.5435739064217726e-17,6.036736454682838e-16,-3.061635553231008e-07
time,15.9,0.0,1.6291356934682194e-17,1.6291356934682185e-17,1.1719127585271788e-15,-3.184381103850158e-07
time,15.950000000000001,0.0,5.224226382932426e-18,5.224226382932414e-18,2.260332843979332e-15,-3.345391304326119e-07
time,16.0,0.0,-5.229008563442091e-18,-5.229008563442105e-18,4.331462979274991e-15,-3.5078726902889555e-07
time,16.05,0.0,-1.2898205012661679e-17,-1.2898205012661694e-17,8.246747647626991e-15,-3.6344598249789864e-07
time,16.1,0.0,-1.6381647584610755e-17,-1.638164758461077e-17,1.559973479580263e-14,-3.6960255454124545e-07
time,16.15,0.0,-1.5296421119486973e-17,-1.5296421119486988e-17,2.931827357482216e-14,-3.6788989523084187e-07
time,16.2,0.0,-1.0355342008269352e-17,-1.0355342008269367e-17,5.4745222342246435e-14,-3.5885899683806693e-07
time,16.25,0.0,-3.2129886271274078e-18,-3.212988627127423e-18,1.0156414537452409e-13,-3.4488586168582625e-07
time,16.3,0.0,3.9534845675308296e-18,3.953484567530814e-18,1.8720627793948265e-13,-3.2960873150169e-07
time,16.35,0.0,9.055217637029286e-18,9.055217637029268e-18,3.4283515172116844e-13,-3.1701538603712064e-07
time,16.4,0.0,1.0696421703774747e-17,1.0696421703774727e-17,6.237837992812493e-13,-3.104032314896104e-07
time,16.45,0.0,8.54152866597365e-18,8.54152866597363e-18,1.1276263670934523e-12,-3.1148576524638715e-07
time,16.5,0.0,3.3151272414166294e-18,3.3151272414166094e-18,2.025242435583801e-12,-3.198978496202867e-07
time,16.55,0.0,-3.521827003722871e-18,-3.52182700372289e-18,3.6138278674428357e-12,-3.3325771308942743e-07
time,16.6,0.0,-1.0251804515201297e-17,-1.0251804515201314e-17,6.406697716087048e-12,-3.477958475045117e-07
time,16.65,0.0,-1.5362305102818626e-17,-1.536230510281864e-17,1.1284302075960673e-11,-3.5939826524967287e-07
time,16.7,0.0,-1.7890221267762118e-17,-1.7890221267762134e-17,1.9746309208670544e-11,-3.6478094603822967e-07
time,16.75,0.0,-1.7615983098433823e-17,-1.7615983098433845e-17,3.43292777676645e-11,-3.624560481147115e-07
time,16.8,0.0,-1.508520632270853e-17,-1.5085206322708557e-17,5.929353258812387e-11,-3.5319239239154717e-07
time,16.85,0.0,-1.1429661130755055e-17,-1.1429661130755098e-17,1.0174428058375443e-10,-3.398084708788891e-07
time,16.9,0.0,-8.001547205809749e-18,-8.001547205809821e-18,1.7344766985666533e-10,-3.263313762727562e-07
time,16.95,0.0,-5.927059104588907e-18,-5.927059104589038e-18,2.937501828540156e-10,-3.1675288067315333e-07
time,17.0,0.0,-5.751699593493672e-18,-5.7516995934939135e-18,4.942357054012178e-10,-3.1375138380241787e-07
time,17.05,0.0,-7.317939605561173e-18,-7.317939605561629e-18,8.260971453052698e-10,-3.1777629009545714e-07
time,17.1,0.0,-9.89880706175092e-18,-9.898807061751802e-18,1.3717139076613628e-09,-3.267917191884004e-07
time,17.150000000000002,0.0,-1.2498680388207778e-17,-1.2498680388209497e-17,2.2626918063259414e-09,-3.367720847391352e-07
time,17.2,0.0,-1.419978758999582e-17,-1.4199787589999202e-17,3.70774937001191e-09,-3.427926812428563e-07
time,17.25,0.0,-1.44709626918091e-17,-1.4470962691815782e-17,6.035478833637618e-09,-3.4034374835461064e-07
time,17.3,0.0,-1.3402190914854857e-17,-1.3402190914868056e-17,9.759384002900092e-09,-3.2639070123242113e-07
time,17.35,0.0,-1.1854222298075431e-17,-1.1854222298101452e-17,1.567598843687199e-08,-2.997484968918473e-07
time,17.400000000000002,0.0,-1.1551128423454447e-17,-1.155112842350553e-17,2.501159968818652e-08,-2.6052680819210785e-07
time,17.45,0.0,-1.5238094482731948e-17,-1.5238094482831625e-17,3.964001186188644e-08,-2.086754700370065e-07
time,17.5,0.0,-2.7165008879434132e-17,-2.716500887962712e-17,6.240267773675655e-08,-1.4192204530947513e-07
time,17.55,0.0,-5.4289091763910155e-17,-5.428909176428037e-17,9.757550188534245e-08,-5.3546494836023895e-08
time,17.6,0.0,-1.0871085379443302e-16,-1.0871085379513576e-16,1.515434089912443e-07,6.95860395235773e-08
time,17.650000000000002,-1.4135798584282297e-16,-2.120465529668662e-16,-2.120465529681842e-16,2.337664445571326e-07,2.485241919461606e-07
time,17.7,-1.4135798584282297e-16,-4.028169126546606e-16,-4.028169126570995e-16,3.5815079049120925e-07,5.133923967382469e-07
time,17.75,-7.067899292141149e-16,-7.486009381211808e-16,-7.486009381256253e-16,5.449763249784395e-07,9.047131518857058e-07
time,17.8,-1.1308638867425838e-15,-1.3657948722810684e-15,-1.3657948722890264e-15,8.235809364645707e-07,1.4756570420430574e-06
time,17.85,-2.5444437451708133e-15,-2.4516125346461635e-15,-2.4516125346601192e-15,1.2360624228697673e-06,2.2960739399527405e-06
time,17.900000000000002,-4.806171518655981e-15,-4.335993258299408e-15,-4.335993258323267e-15,1.8423329860617992e-06,3.4590385142986384e-06
time,17.95,-7.491973249669617e-15,-7.566082008440379e-15,-7.566082008479857e-15,2.726950122032487e-06,5.0903752520652055e-06
time,18.0,-1.1167280881583015e-14,-1.3043717292895426e-14,-1.3043717292957844e-14,4.0082513262969774e-06,7.361334115941965e-06
time,18.05,-1.6397526357767466e-14,-2.2247654807927376e-14,-2.224765480801936e-14,5.850437376621555e-06,1.0504408238279529e-05
time,18.1,-2.4454931550808374e-14,-3.758767702966222e-14,-3.7587677029781205e-14,8.47937699604346e-06,1.483232407300357e-05
time,18.150000000000002,-3.760122423419091e-14,-6.295760376786235e-14,-6.295760376797121e-14,1.2203038798178344e-05,2.076051474450323e-05
time,18.2,-5.809813218140024e-14,-1.0457809702992559e-13,-1.0457809702988268e-13,1.7437585564734555e-05,2.8833832716289383e-05
time,18.25,-9.159997482614929e-14,-1.7224583413237225e-13,-1.7224583413174513e-13,2.4740277976256502e-05,3.9758714158858327e-05
time,18.3,-1.4672958930485025e-13,-2.811270647551663e-13,-2.8112706475274477e-13,3.485041203107925e-05,5.444229548910883e-05
time,18.35,-2.3606783635751437e-13,-4.542374535959164e-13,-4.542374535884621e-13,4.873953352134919e-05,7.403996474121805e-05
time,18.400000000000002,-3.784153281012371e-13,-7.257110547229639e-13,-7.25711054702064e-13,6.767210596512566e-05,0.0001000124631770276
time,18.45,-6.016195877470546e-13,-1.1448367262889854e-12,-1.1448367262333634e-12,9.327762277890784e-05,0.00013419300340614682
time,18.5,-9.489361589628705e-13,-1.7805675629000282e-12,-1.7805675627574573e-12,0.00012763481480797983,0.00017886408936924555
time,18.55,-1.4834107034345842e-12,-2.7257076652666053e-12,-2.7257076649134347e-12,0.00017336807497298152,0.00023684297882026257
time,18.6,-2.2909888765546317e-12,-4.0991651504784e-12,-4.099165149634662e-12,0.00023375547074860922,0.00031157413104354104
time,18.650000000000002,-3.4809404013795157e-12,-6.043466556354432e-12,-6.0434665544206304e-12,0.0003128467193095776,0.00040722653127432516
time,18.7,-5.179356601281033e-12,-8.713159531939595e-12,-8.713159527720615e-12,0.000415588251537552,0.0005287933616046903
time,18.75,-7.513176947546041e-12,-1.2247932272644425e-11,-1.2247932263977175e-11,0.0005479510042685684,0.0006821909105613645
time,18.8,-1.0576969932703386e-11,-1.672263867935447e-11,-1.6722638662851467e-11,0.0007170548998276768,0.0008743527128813033
time,18.85,-1.4368473828979584e-11,-2.206570829153235e-11,-2.2065708263140556e-11,0.0009312821796841422,0.0011133136292990223
time,18.900000000000002,-1.868568807460524e-11,-2.7938947220025932e-11,-2.7938947177933858e-11,0.001200369978640238,0.0014082770205963522
time,18.95,-2.2974772081048175e-11,-3.3577479748197776e-11,-3.3577479700082e-11,0.0015354709247568969,0.0017696566076106552
time,19.0,-2.613581936046538e-11,-3.760123035115428e-11,-3.760123032408757e-11,0.0019491693361403787,0.0022090833969129107
time,19.05,-2.6312658200754754e-11,-3.783214313449243e-11,-3.783214316510793e-11,0.0024554399974744856,0.0027393675317814855
time,19.1,-2.073523751134033e-11,-3.1187593079627176e-11,-3.1187593087433266e-11,0.003069536788929094,0.0033744053232546973
time,19.150000000000002,-5.735458917586699e-12,-1.3772663410718265e-11,-1.377266263593917e-11,0.003807799847943026,0.00412902307765134
time,19.2,2.2864795568062458e-11,1.86374658113178e-11,1.8637470703455344e-11,0.004687372665548232,0.0050187515597848896
time,19.25,6.868485581512678e-11,6.945220129461502e-11,6.945222171743268e-11,0.005725824665158615,0.006059527829740625
time,19.3,1.326418524357545e-10,1.390986931594774e-10,1.3909876300042577e-10,0.006940680371149617,0.007267324598161276
time,19.35,2.092233894140189e-10,2.2140047178727794e-10,2.2140068208549266e-10,0.0083488630744471,0.008657711080358723
time,19.400000000000002,2.8063970558958653e-10,2.9802845060402256e-10,2.9802902742241456e-10,0.009966068582306942,0.010245353600544693
time,19.45,3.0833965106340275e-10,3.3057437947848123e-10,3.3057584811071455e-10,0.01180609264156544,0.012043468921783158
time,19.5,2.2153764899273058e-10,2.499151632738941e-10,2.4991867485430686e-10,0.013880143208095361,0.014063248359255534
time,19.55,-9.728595844869099e-11,-5.7221628123473806e-11,-5.7213682188624924e-11,0.016196175021084516,0.01631327585274131
time,19.6,-8.294798967305629e-10,-7.641987848333358e-10,-7.641816780260105e-10,0.0187582879892786,0.01879896774193902
time,19.650000000000002,-2.2388410674292994e-09,-2.1221082375160555e-09,-2.1220730595948245e-09,0.02156623181481323,0.02152206522063816
time,19.7,-4.690006353050066e-09,-4.4776839929842145e-09,-4.477614693787226e-09,0.024615056354101977,0.024480211526152023
time,19.75,-8.664184347271226e-09,-8.289424014153362e-09,-8.28929293319528e-09,0.027894940048110023,0.027666644211493223
time,19.8,-1.4769322386718105e-08,-1.4139291233741162e-08,-1.4139052725473601e-08,0.031391217397928696,0.031070028072795675
time,19.85,-2.374162614931079e-08,-2.273699990420714e-08,-2.2736581805982868e-08,0.03508461151136122,0.03467444663405363
time,19.900000000000002,-3.643562840761077e-08,-3.491385197729708e-08,-3.491314497362622e-08,0.03895166037857436,0.03845956011018005
time,19.95,-5.380072162415922e-08,-5.1603461902339554e-08,-5.1602307340745363e-08,0.042965307463886465,0.042400926349196774
time,20.0,-7.684321153104137e-08,-7.380753308590143e-08,-7.38057104753215e-08,0.04709561054176899,0.04647046939398404
time,20.05,-1.0657433159972894e-07,-1.0254608349312916e-07,-1.0254329967712791e-07,0.051310509744064155,0.05063706900682741
time,20.1,-1.4394605407600474e-07,-1.3879303449475494e-07,-1.3878891717853914e-07,0.05557658867036984,0.05486723472538451
time,20.150000000000002,-1.8977765111372563e-07,-1.8339967493929625e-07,-1.8339377364834414e-07,0.0598597628027949,0.059125820695596444
time,20.2,-2.4467665473975456e-07,-2.370099479822679e-07,-2.3700174542042813e-07,0.06412583818356142,0.06337673357246977
time,20.25,-3.0895793675768067e-07,-2.9997254506424065e-07,-2.99961481055712e-07,0.06834090007273426,0.0675835860512605
time,20.3,-3.825642912869293e-07,-3.72255259413568e-07,-3.722407681107167e-07,0.07247151456423293,0.07171025373266346
time,20.35,-4.649912795278605e-07,-4.533669002402639e-07,-4.5334845917030025e-07,0.07648475315260038,0.07572130322012237
time,20.400000000000002,-5.552187197657828e-07,-5.422913982033896e-07,-5.422685852786265e-07,0.08034807731384681,0.07958227406725742
time,20.45,-6.516512720650595e-07,-6.374377835726487e-07,-6.374103357750047e-07,0.08402914311947392,0.0832598150533759
time,20.5,-7.520715068523768e-07,-7.366088173283331e-07,-7.365766828035773e-07,0.08749560073729751,0.0867216940832182
time,20.55,-8.536104679643404e-07,-8.369905217518234e-07,-8.369538958763955e-07,0.09071496726268971,0.08993671810356718
time,20.6,-9.527428170006611e-07,-9.351648967727307e-07,-9.351242326687804e-07,0.09365464210206541,0.09287461210646135
time,20.650000000000002,-1.045315436264443e-06,-1.027148726492398e-06,-1.0271047116703215e-06,0.09628211257589302,0.09550591236577811
time,20.7,-1.1266191359930928e-06,-1.1084623433340018e-06,-1.1084158367924752e-06,0.09856536622668009,0.09780192730656599
time,20.75,-1.191512022561454e-06,-1.1742330815653517e-06,-1.1741850098980475e-06,0.10047349022133656,0.09973480979872978
time,20.8,-1.2345996954224063e-06,-1.219338355957307e-06,-1.2192895728464159e-06,0.10197740330777536,0.10127776834060084
time,20.85,-1.2504718125233342e-06,-1.238592301582759e-06,-1.238543422345142e-06,0.10305063847183975,0.10240542366671475
time,20.900000000000002,-1.23398738493019e-06,-1.2269773326890143e-06,-1.226928563742124e-06,0.10367008035125855,0.10309429454885771
time,20.95,-1.1805937519706962e-06,-1.1799177520667474e-06,-1.1798687432028878e-06,0.10381656416679627,0.10332337505290244
time,21.0,-1.0866582135716005e-06,-1.0935869932063264e-06,-1.0935367466887605e-06,0.10347526302009108,0.10307474835610546
time,21.05,-9.497883302089206e-07,-9.652339478887219e-07,-9.651808204240257e-07,0.102635825067442,0.10233417217691107
time,21.1,-7.691178790873816e-07,-7.935082040396526e-07,-7.934500334036059e-07,0.10129226531912251,0.10109156997145005
time,21.150000000000002,-5.455403274923018e-07,-5.787601276759267e-07,-5.786945035587579e-07,0.09944266041168254,0.09934137123201499
time,21.2,-2.818792276847389e-07,-3.2329066873274006e-07,-3.232153469672354e-07,0.09708872973480591,0.09708266289080711
time,21.25,1.70071060964133e-08,-3.152818562348478e-08,-3.1441618025683344e-08,0.09423540500554942,0.09431913965886582
time,21.3,3.4418330106333293e-07,2.8988464867324516e-07,2.8998272642203384e-07,0.09089048797913044,0.0910588701628479
time,21.35,6.906517003332344e-07,6.32102649819222e-07,6.322106573573226e-07,0.08706447196765071,0.08731392294587384
time,21.400000000000002,1.045421663398212e-06,9.841885838198093e-07,9.843026672253653e-07,0.08277056147980882,0.08309991658732048
time,21.45,1.3956371812876989e-06,1.3333146752015244e-06,1.333428522297514e-06,0.0780248740627274,0.07843556716502018
time,21.5,1.726774033357494e-06,1.665042953550575e-06,1.665147957978842e-06,0.07284676035988909,0.07334230183727088
time,21.55,2.022922676849053e-06,1.963671430093057e-06,1.963757285669025e-06,0.06725914371723536,0.0678439899032304
time,21.6,2.267172510762898e-06,2.212635732781633e-06,2.2126915027563685e-06,0.06128876811899456,0.06196681541160507
time,21.650000000000002,2.442105406062489e-06,2.3949603883599096e-06,2.394976046289918e-06,0.05496625679402418,0.05573928339817477
time,21.7,2.530392201317697e-06,2.493758175609001e-06,2.4937265588307165e-06,0.04832592139324442,0.04919232132367552
time,21.75,2.5154684255413273e-06,2.4927775912443027e-06,2.4926966480918616e-06,0.04140531509108714,0.04235941420559879
time,21.8,2.382249635470302e-06,2.3769958698251795e-06,2.376871022216516e-06,0.03424457981562346,0.035276700863149275
time,21.85,2.1178374003197863e-06,2.133247849732853e-06,2.133094239778421e-06,0.02688568405395644,0.027982961975127413
time,21.900000000000002,1.712167472534687e-06,1.7508704456330458e-06,1.7507147968249073e-06,0.019371671278554558,0.020519447981860176
time,21.95,1.1585622303477045e-06,1.222331054490212e-06,1.2222128646271036e-06,0.011746033188156018,0.012929523282089374
time,22.0,4.541668109866324e-07,5.437991030482276e-07,5.437709066145872e-07,0.004052287183680067,0.005258137474641588
time,22.05,-3.997334600733718e-07,-2.843837677579136e-07,-2.8425726987895786e-07,-0.0036662180198312813,-0.0024488320803193312
time,22.1,-1.3975042324758236e-06,-1.2573756686557158e-06,-1.257019715587588e-06,-0.011366306930121587,-0.010145296299853663
time,22.150000000000002,-2.529049442658324e-06,-2.365678041812135e-06,-2.365011131014631e-06,-0.01900488259574679,-0.017785646699566313
time,22.2,-3.779790999296415e-06,-3.5951633915017897e-06,-3.594101645338289e-06,-0.026538851308414668,-0.025325346374917592
time,22.25,-5.130752729026188e-06,-4.927281033695426e-06,-4.925743320346356e-06,-0.033925180458357976,-0.03272136345794736
time,22.3,-6.5587757517332404e-06,-6.3394190307016326e-06,-6.337332444440032e-06,-0.04112116604539123,-0.03993242495664265
time,22.35,-8.03689921047644e-06,-7.80539182636821e-06,-7.802697073715964e-06,-0.04808492618699112,-0.04691910824145001
time,22.400000000000002,-9.534932683405921e-06,-9.296023485924211e-06,-9.292679712854715e-06,-0.05477607035185447,-0.053643822948193094
time,22.45,-1.1020224226086569e-05,-1.0779804861308184e-05,-1.0775793488976017e-05,-0.06115643992981779,-0.06007075908176508
time,22.5,-1.2458596183416154e-05,-1.2223615539314607e-05,-1.2218942744052046e-05,-0.06719079016930636,-0.06616588174472694
time,22.55,-1.381538980761232e-05,-1.3593512473527038e-05,-1.3588210043569693e-05,-0.07284729474009534,-0.07189703770713372
time,22.6,-1.505654035015415e-05,-1.4855591372496444e-05,-1.4849715794470757e-05,-0.07809779987769433,-0.07723420744953959
time,22.650000000000002,-1.614960437274553e-05,-1.5976921071372013e-05,-1.5970550841448855e-05,-0.08291782250910446,-0.08214989597206215
time,22.7,-1.706468140194826e-05,-1.6926535656331493e-05,-1.6919766969829086e-05,-0.08728635621669724,-0.08661961643848816
time,22.75,-1.7775205847717525e-05,-1.7676448100178882e-05,-1.7669389238690897e-05,-0.09118559935923123,-0.0906223922543132
time,22.8,-1.8258619692130574e-05,-1.8202629136785552e-05,-1.8195394024438505e-05,-0.0946007352829725,-0.09414119248362578
time,22.85,-1.8496958162945545e-05,-1.8485882973846688e-05,-1.8478584488411733e-05,-0.09751986978086023,-0.09716322530361454
time,22.900000000000002,-1.8477380353596363e-05,-1.8512552235371464e-05,-1.8505295910089018e-05,-0.09993417273640699,-0.0996800422456994
time,22.95,-1.8192654094089118e-05,-1.8274999602115452e-05,-1.8267878323318664e-05,-0.10183819695505344,-0.10168744562440987
time,23.0,-1.764156830920973e-05,-1.7771840053715222e-05,-1.776493024639101e-05,-0.10323028082294214,-0.10318523325118087
time,23.05,-1.6829212150222538e-05,-1.7007928887267477e-05,-1.7001288502047602e-05,-0.10411290418370499,-0.10417684800108112
time,23.1,-1.576704433944385e-05,-1.5994138528641086e-05,-1.5987806929563788e-05,-0.10449287141560903,-0.1046690164976474
time,23.150000000000002,-1.4472688236219234e-05,-1.4746974067650557e-05,-1.4740973705647207e-05,-0.10438124153241929,-0.10467145645128012
time,23.2,-1.2969427164600496e-05,-1.3288079139863723e-05,-1.32824187129814e-05,-0.1037929980137379,-0.10419670667771479
time,23.25,-1.1285428558449026e-05,-1.1643670731105556e-05,-1.163834939828905e-05,-0.1027465274105412,-0.10326009367995899
time,23.3,-9.452775511089603e-06,-9.843919083336913e-06,-9.838931220637597e-06,-0.10126303019475105,-0.1018798042999256
time,23.35,-7.5064121604866466e-06,-7.922265876601968e-06,-7.917605840133592e-06,-0.0993660011858994,-0.10007699743571931
time,23.400000000000002,-5.483104712571733e-06,-5.914659484413282e-06,-5.910325866982257e-06,-0.09708088486860146,-0.09787586967002566
time,23.45,-3.420485294413769e-06,-3.8586867762409244e-06,-3.854685709258722e-06,-0.09443494327795011,-0.09530359559638321
time,23.5,-1.3561955283802893e-06,-1.7925977603231133e-06,-1.788944916280911e-06,-0.09145729369043178,-0.09239009265097729
time,23.55,6.728986229838071e-07,2.457526385008968e-07,2.4903154911423627e-07,-0.08817900792632537,-0.08916760454672368
time,23.6,2.6314711959832307e-06,2.2199916560097817e-06,2.222861935381441e-06,-0.08463313784342498,-0.0856701444127485
time,23.650000000000002,4.486520392518524e-06,4.096269803561135e-06,4.098690234536648e-06,-0.08085455281801533,-0.08193287481977159
time,23.7,6.208176643682506e-06,5.844177154230976e-06,5.846103597987762e-06,-0.07687953790347951,-0.07799151639960336
time,23.75,7.770491701136003e-06,7.437470772875647e-06,7.4388604897089515e-06,-0.07274518408499696,-0.07388186542370197
time,23.8,9.15212960568585e-06,8.854578620304748e-06,8.855394842885723e-06,-0.06848867513268876,-0.06963946682970873
time,23.85,1.0336871127498122e-05,1.0078879956274412e-05,1.0079096240521736e-05,-0.06414661238222948,-0.06529944278306646
time,23.900000000000002,1.1313866142122592e-05,1.1098791751127687e-05,1.1098395678649968e-05,-0.059754505413213296,-0.06089643160058952
time,23.95,1.2077614978589217e-05,1.190770677736623e-05,1.1906702670821679e-05,-0.05534649728884131,-0.056464561006466296
time,24.0,1.26277121283329e-05,1.2503828893316476e-05,1.2502239315784773e-05,-0.05095530908921967,-0.052037372215325055
time,24.05,1.2968423874034249e-05,1.2889937322365098e-05,1.288780325058828e-05,-0.04661231082118836,-0.047647629358735746
time,24.1,1.3108182325849995e-05,1.3073091562446234e-05,1.307047124252319e-05,-0.0423475835540186,-0.043326986968271496
time,24.150000000000002,1.3059060646853504e-05,1.3064270505301858e-05,1.3061237111741438e-05,-0.0381898471206961,-0.03910553536232468
time,24.2,1.283625858573419e-05,1.2877930369958224e-05,1.2874568688393459e-05,-0.03416618589996542,-0.035011285890280436
time,24.25,1.2457590824217143e-05,1.2531469252862766e-05,1.252787168484544e-05,-0.030301590355380326,-0.031069682373361142
time,24.3,1.1942949215097337e-05,1.2044599928257637e-05,1.204086216400851e-05,-0.026618411693703672,-0.027303224073390666
time,24.35,1.1313711638692214e-05,1.1438651690147059e-05,1.1434868404587725e-05,-0.023135870305050633,-0.02373125891669852
time,24.400000000000002,1.0592092056633886e-05,1.0735839520589783e-05,1.0732100417691022e-05,-0.01986974827256004,-0.02036996113951244
time,24.45,9.800456692329906e-06,9.958548551362429e-06,9.954935017643043e-06,-0.016832335607876347,-0.017232458493401062
time,24.5,8.960655514274149e-06,9.12868045580722e-06,9.125262998155441e-06,-0.014032612225249147,-0.014329036037947444
time,24.55,8.093425689797176e-06,8.267096773109885e-06,8.263933324450852e-06,-0.011476567315165278,-0.01166732877979538
time,24.6,7.217911811821549e-06,7.393176369272369e-06,7.390311461890717e-06,-0.009167516656459953,-0.00925242924046942
time,24.650000000000002,6.351322649725297e-06,6.524486149213017e-06,6.521950888652088e-06,-0.007106293243066173,-0.007086874422137428
time,24.7,5.508716874383519e-06,5.676551105064239e-06,5.674363830340407e-06,-0.005291251859656677,-0.005170527232220429
time,24.75,4.702891392992901e-06,4.862704740129727e-06,4.860872226888491e-06,-0.0037181178938367563,-0.003500413422577474
time,24.8,3.944341062893898e-06,4.094003509289868e-06,4.0925225581128156e-06,-0.0023797883838069826,-0.002070600882500877
time,24.85,3.2412664345957676e-06,3.379196087738689e-06,3.3780553373400193e-06,-0.0012662270810274569,-0.0008722047037619391
time,24.900000000000002,2.599620275799584e-06,2.72474576140487e-06,2.7239275746651086e-06,-0.0003645707578971882,0.00010643030604205148
time,24.95,2.023195863878913e-06,2.1349084364000373e-06,2.1343907255566683e-06,0.00034050941113757035,0.0008793674615502938
time,25.0,1.5137647163370244e-06,1.611868110282634e-06,1.6116259949378861e-06,0.0008662399563568875,0.0014625847150339707
time,25.05,1.0712674622544313e-06,1.1559268735403005e-06,1.1559340985949278e-06,0.00123109249635177,0.001873432742795913
time,25.1,6.940520539604648e-07,7.657399771494394e-07,7.65970052938358e-07,0.0014541916844286464,0.002130134643861362
time,25.150000000000002,3.7914383966398775e-07,4.385809509522787e-07,4.390080099656998e-07,0.0015548928193371535,0.0022513950004547376
time,25.2,1.2252663627985391e-07,1.7061914199463586e-07,1.7121853188175228e-07,0.0015525576060167023,0.002256142334340933
time,25.25,-8.05852209075865e-08,-4.2807075451153215e-08,-4.205842613548763e-08,0.0014664658948239993,0.0021633790654333024
time,25.3,-2.3549804521657564e-07,-2.069345318397543e-07,-2.0605793019307083e-07,0.0013157396566421539,0.001992074124615288
time,25.35,-3.4781969397260764e-07,-3.2734514538900723e-07,-3.2636008622065315e-07,0.0011191500681793753,0.0017610187513061304
time,25.400000000000002,-4.232702932752609e-07,-4.0976500381696283e-07,-4.086892131512574e-07,0.000894732530480538,0.0014885807937644316
time,25.45,-4.6751973144409294e-07,-4.598927959640318e-07,-4.587423275289784e-07,0.000659225125210747,0.0011923321256674748
time,25.5,-4.860488189012419e-07,-4.832559515511727e-07,-4.820453050601097e-07,0.0004274344914410993,0.0008885743134709182
time,25.55,-4.840327749824593e-07,-4.850924170174749e-07,-4.838346552069207e-07,0.0002116808630030765,0.0005918321301407796
time,25.6,-4.662474606616444e-07,-4.702563712552526e-07,-4.689632210303503e-07,2.1459852254179452e-05,0.0003144074164673062
time,25.650000000000002,-4.369994496033969e-07,-4.431467714209602e-07,-4.4182870234591125e-07,-0.00013661178176238887,6.607878477975496e-05
time,25.7,-4.0008028217435314e-07,-4.076579753038466e-07,-4.0632425527443135e-07,-0.00025859523720800625,-0.0001460023771864132
time,25.75,-3.5874380123460083e-07,-3.6715161113296847e-07,-3.658103437502041e-07,-0.00034288241248463675,-0.0003172204288673567
time,25.8,-3.1570396165432996e-07,-3.244483836435515e-07,-3.2310653431800503e-07,-0.000389839997781419,-0.0004452590683581265
time,25.85,-2.731496630072876e-07,-2.8183779688220873e-07,-2.8050121525530904e-07,-0.00040154870202743087,-0.0005298010855282677
time,25.900000000000002,-2.3277294031117826e-07,-2.411030763993012e-07,-2.3977652185645733e-07,-0.00038166127133782237,-0.0005722458683210063
time,25.95,-1.9580715697642717e-07,-2.0355808846795468e-07,-2.0224526404040035e-07,-0.00033531460550840955,-0.0005754968294565269
time,26.0,-1.6307228148632943e-07,-1.7009289171808548e-07,-1.687964900778214e-07,-0.00026897693041524917,-0.0005438230303709074
time,26.05,-1.3502474916482845e-07,-1.4122472256417216e-07,-1.3994648635929466e-07,-0.00019011771056450977,-0.0004827516682867223
time,26.1,-1.1180978526954378e-07,-1.1715163783264782e-07,-1.1589243526205412e-07,-0.00010665492958128868,-0.0003989197532141273
time,26.150000000000002,-9.33144676697807e-08,-9.780660883313805e-08,-9.656652397917274e-08,-2.623258968158711e-05,-0.00029981608895221723
time,26.2,-7.922026452098058e-08,-8.291047260763425e-08,-8.168890856927755e-08,4.453339058493768e-05,-0.00019337851380856155
time,26.25,-6.905417673585083e-08,-7.20227039414311e-08,-7.08184953612812e-08,0.00010066953082028703,-8.746406190314412e-05
time,26.3,-6.223780051409134e-08,-6.458939830779472e-08,-6.340092874089096e-08,0.0001391831639806663,1.0738451711832784e-05
time,26.35,-5.8133592680296826e-08,-5.9988096361085e-08,-5.881341538585964e-08,0.0001590772663504812,9.525261071003346e-05
time,26.400000000000002,-5.6087370245116535e-08,-5.756911969034113e-08,-5.640605486023153e-08,0.0001610973515225946,0.0001617157852832995
time,26.45,-5.54659274615828e-08,-5.6692968999883675e-08,-5.553922859399515e-08,0.0001473384335983101,0.0002075717960343889
time,26.5,-5.56887574052821e-08,-5.6763164193976245e-08,-5.5616427959636654e-08,0.00012085132273372218,0.0002320427007487939
time,26.55,-5.6253310384697424e-08,-5.7253815759729045e-08,-5.611181208629323e-08,8.533650885140407e-05,0.00023592206530303727
time,26.6,-5.675381660517111e-08,-5.7731314678569096e-08,-5.659188361527214e-08,4.492920060474308e-05,0.00022126818468341125
time,26.650000000000002,-5.689413249994229e-08,-5.786983182665731e-08,-5.673097395083895e-08,4.00520880023148e-06,0.00019108174621004475
time,26.7,-5.649509304170659e-08,-5.746073277376623e-08,-5.6320644206803e-08,-3.308697126294599e-05,0.00014902839087667082
time,26.75,-5.549649640873728e-08,-5.641636786881634e-08,-5.5273461908032746e-08,-6.242351192662777e-05,9.92239449284148e-05
time,26.8,-5.395341312787498e-08,-5.4768827472217784e-08,-5.362174353191476e-08,-8.100372179370934e-05,4.605700729572809e-05
time,26.85,-5.202645075004264e-08,-5.266410134645081e-08,-5.1511702258422184e-08,-8.723463181733787e-05,-6.001914755651577e-06
time,26.900000000000002,-4.996619457674384e-08,-5.035175157699097e-08,-4.9193110750218866e-08,-8.124297723872478e-05,-5.2652631458905066e-05
time,26.95,-4.809313228162935e-08,-4.816993117835799e-08,-4.7004311540277694e-08,-6.488172763443314e-05,-9.009612975841456e-05
time,27.0,-4.677546834005102e-08,-4.652560781929988e-08,-4.535243473168586e-08,-4.138766124957388e-05,-0.00011541500842720104
time,27.05,-4.64076138670721e-08,-4.587031819379377e-08,-4.4689148584896e-08,-1.4762434515750351e-05,-0.0001269314256606661
time,27.1,-4.739148919667977e-08,-4.66726026580469e-08,-4.5483092449406116e-08,1.0958331445930261e-05,-0.0001244495199943038
time,27.150000000000002,-5.012124704153915e-08,-4.938915798253542e-08,-4.8191029589151825e-08,3.2355343398780695e-05,-0.00010930127165231753
time,27.2,-5.497037329406916e-08,-5.4437305083063294e-08,-5.323031642978635e-08,4.704909743660763e-05,-8.41582323733778e-05
time,27.25,-6.227921303233983e-08,-6.217128554823724e-08,-6.095520175742556e-08,5.38471568127352e-05,-5.263248027055994e-05
time,27.3,-7.234133682505369e-08,-7.286410592075738e-08,-7.163867462611755e-08,5.266672808790667e-05,-1.8747129688562944e-05
time,27.35,-8.538851126777504e-08,-8.669537768691417e-08,-8.546030880298948e-08,4.4342936862661156e-05,1.3610853404878388e-05
time,27.400000000000002,-1.0157550950191915e-07,-1.0374431631882996e-07,-1.0249926698935486e-07,3.0427543296061682e-05,4.1146431064100344e-05
time,27.45,-1.2096655752835372e-07,-1.239862588487125e-07,-1.2273082413691034e-07,1.302393280388921e-05,6.144913803900862e-05
time,27.5,-1.4352439875361402e-07,-1.4729103377115617e-07,-1.4602474338481517e-07,-5.369218632064535e-06,7.310656529448371e-05
time,27.55,-1.6910129938126382e-07,-1.7342221523292116e-07,-1.7214453619095807e-07,-2.2075845343686457e-05,7.567459813064273e-05
time,27.6,-1.9743003175141025e-07,-2.0203731250468975e-07,-2.0074765721192266e-07,-3.457642220613843e-05,6.956892538592209e-05
time,27.650000000000002,-2.281132142522756e-07,-2.3268971221903546e-07,-2.3138745103856615e-07,-4.094355212792225e-05,5.59387311876545e-05
time,27.7,-2.606116727517908e-07,-2.648332457743305e-07,-2.635177229967084e-07,-4.027936867990886e-05,3.655309100395239e-05
time,27.75,-2.9423575839010503e-07,-2.9782951151371287e-07,-2.965000636879071e-07,-3.300178864154279e-05,1.3690461133421315e-05
time,27.8,-3.2814587286586116e-07,-3.30956920540043e-07,-3.29612896418609e-07,-2.0841599403460513e-05,-1.000731315731888e-05
time,27.85,-3.6136805993931805e-07,-3.6341955624482697e-07,-3.620603379648468e-07,-6.498055302281484e-06,-3.17574758912219e-05
time,27.900000000000002,-3.9282686324801205e-07,-3.9435401912383347e-07,-3.929790445073694e-07,6.976579063132321e-06,-4.894933297009456e-05
time,27.95,-4.2139203041984723e-07,-4.228337430290732e-07,-4.2144252889623334e-07,1.6887811775070042e-05,-5.951628446727968e-05
time,28.0,-4.4593058822421633e-07,-4.4787245736161485e-07,-4.4646462348591467e-07,2.1490279427140042e-05,-6.229176435309705e-05
time,28.05,-4.6535389301215636e-07,-4.684306145678402e-07,-4.6700590749880894e-07,2.029082168782902e-05,-5.725260888832e-05
time,28.1,-4.786515376909808e-07,-4.83429605264303e-07,-4.819879209269962e-07,1.4004278291863063e-05,-4.556666835123739e-05
time,28.150000000000002,-4.849094469600474e-07,-4.917776865283944e-07,-4.90319090503962e-07,4.22662406418792e-06,-2.940778657471376e-05
time,28.2,-4.83315461799347e-07,-4.924087517207604e-07,-4.909334965121751e-07,-7.026952782214388e-06,-1.1565510093303353e-05
time,28.25,-4.7315930328185884e-07,-4.843312230936161e-07,-4.828397623965644e-07,-1.776077769870362e-05,5.063651812035158e-06
time,28.3,-4.538336061831433e-07,-4.666808522089233e-07,-4.6517385299124404e-07,-2.631203692369647e-05,1.7983300482588017e-05
time,28.35,-4.24839449188464e-07,-4.387694406676043e-07,-4.372477944072592e-07,-3.1521328093944196e-05,2.548700412863168e-05
time,28.400000000000002,-3.8579586545807516e-07,-4.001221883857256e-07,-3.9858702289898086e-07,-3.280785950178505e-05,2.6855327726056416e-05
time,28.45,-3.364507653587879e-07,-3.5049930475068823e-07,-3.4895199760463896e-07,-3.0209240197386136e-05,2.2344234122466085e-05
time,28.5,-2.766916234104159e-07,-2.8990154336422296e-07,-2.883437370482837e-07,-2.4406842308895504e-05,1.3006485859047051e-05
time,28.55,-2.065571318381279e-07,-2.185628871954289e-07,-2.1699650528699072e-07,-1.669987445351731e-05,4.226809536157981e-07
time,28.6,-1.2625320399274155e-07,-1.3693542394711916e-07,-1.3536268672039093e-07,-8.859157624960277e-06,-1.3578801057935843e-05
time,28.650000000000002,-3.617588763208013e-08,-4.567105523785062e-08,-4.409449271403348e-08,-2.8149484444641557e-06,-2.715951491669877e-05
time,28.7,6.306053650403332e-08,5.439734826064439e-08,5.597488789393808e-08,-2.0816684909988358e-07,-3.865173697464733e-05
time,28.75,1.7059789086873033e-07,1.6227509469120455e-07,1.6385044312460436e-07,-1.9235014514777966e-06,-4.669961593231029e-05
time,28.8,2.853224342680935e-07,2.768261882020125e-07,2.783958629282925e-07,-7.774267501150464e-06,-5.0387690048173255e-05
time,28.85,4.0587776925884367e-07,3.96795830705988e-07,3.983560497700447e-07,-1.6485281311617476e-05,-4.936791972225351e-05
time,28.900000000000002,5.307063335443446e-07,5.208336358671955e-07,5.22380341966724e-07,-2.602101126749921e-05,-4.396508334010129e-05
time,28.95,6.581137252087768e-07,6.475142160064878e-07,6.490431101489227e-07,-3.4171694298834756e-05,-3.5212559716543405e-05
time,29.0,7.863415925489574e-07,7.75351097813439e-07,7.768576825373968e-07,-3.9201556177627926e-05,-2.4764742844209155e-05
time,29.05,9.1363171815179e-07,9.028015552372057e-07,9.042811873049948e-07,-4.033313936065689e-05,-1.4657385313926355e-05
time,29.1,1.0382678249531459e-06,1.0282637015858036e-06,1.0297116539684398e-06,-3.790605093748318e-05,-6.936851665361591e-06
time,29.150000000000002,1.1585908584497132e-06,1.1500716037016955e-06,1.151483136487788e-06,-3.3178078120732756e-05,-3.2341912079356244e-06
time,29.2,1.2729936852090966e-06,1.2664971826916933e-06,1.2678676221385363e-06,-2.7871858595430855e-05,-4.395755828031926e-06
time,29.25,1.3799078928610987e-06,1.375767523364526e-06,1.3770923476299225e-06,-2.3651073355415225e-05,-1.028051939706238e-05
time,29.3,1.4777961590282117e-06,1.4761024649971689e-06,1.4773773942310403e-06,-2.170592068828272e-05,-1.979186090942229e-05
time,29.35,1.565159210944694e-06,1.565771129080299e-06,1.5669922167321299e-06,-2.2551083626191195e-05,-3.11420300564858e-05
time,29.400000000000002,1.640559610916699e-06,1.6431596775379944e-06,1.644323399216621e-06,-2.6036856078720665e-05,-4.227624435145003e-05
time,29.45,1.7026589187713203e-06,1.7068385832652255e-06,1.707941919464163e-06,-3.1498736531323706e-05,-5.133688673410017e-05
time,29.5,1.7502622153813955e-06,1.7556175842682532e-06,1.7566580937560478e-06,-3.7953764565540735e-05,-5.704307147651391e-05
time,29.55,1.7823641169516224e-06,1.788580207325962e-06,1.7895560888120055e-06,-4.428734595577422e-05,-5.8896777420945206e-05
time,29.6,1.7981916240166619e-06,1.8050956698125273e-06,1.806005810339928e-06,-4.942654033043831e-05,-5.7187742777893445e-05
time,29.650000000000002,1.7972396421585361e-06,1.8048117314060426e-06,1.8056557405426388e-06,-5.2523270111197825e-05,-5.28308557859351e-05
time,29.7,1.7792945053890517e-06,1.7876356357264473e-06,1.788413864941215e-06,-5.3153082085527744e-05,-4.710955203903622e-05
time,29.75,1.74444065333562e-06,1.7537107936926975e-06,1.754424340432865e-06,-5.148549332086096e-05,-4.14056813956056e-05
time,29.8,1.6930474021127938e-06,1.7033948474942148e-06,1.7040455436407748e-06,-4.833984288166879e-05,-3.69741856110568e-05
time,29.85,1.6257372614741836e-06,1.6372416962913508e-06,1.6378320810486093e-06,-4.504575042514712e-05,-3.478515455364779e-05
time,29.900000000000002,1.5433430657415241e-06,1.5559875543921838e-06,1.5565208322853957e-06,-4.309311012420861e-05,-3.542544014390277e-05
time,29.95,1.4468654739607982e-06,1.4605400675604762e-06,1.461020052930241e-06,-4.365773693182032e-05,-3.9040535063481104e-05
time,30.0,1.3374424080229815e-06,1.3519698172267114e-06,1.3524008671993948e-06,-4.7172328438913946e-05,-4.530687448568387e-05
time,30.05,1.2163369707969927e-06,1.2315042610351435e-06,1.231891199256505e-06,-5.312651967895105e-05,-5.3445285893586434e-05
time,30.1,1.0849421228172971e-06,1.1005241853658247e-06,1.1008722188081712e-06,-6.02047557961854e-05,-6.230182603731196e-05
time,30.150000000000002,9.447926697238222e-07,9.60561525705685e-07,9.608761567447293e-07,-6.673353122172842e-05,-7.051878380442293e-05
time,30.2,7.97571623088604e-07,8.132953395152093e-07,8.135822754137543e-07,-7.127315860546571e-05,-7.679222342124164e-05
time,30.25,6.451001965111298e-07,6.605409851505687e-07,6.608060471834467e-07,-7.312075006914368e-05,-8.017213044982731e-05
time,30.3,4.893073947094115e-07,5.042275051903306e-07,5.044765398295143e-07,-7.2526305440719e-05,-8.032572370214843e-05
time,30.35,3.321828525378847e-07,3.463605043578297e-07,3.465992990027818e-07,-7.054742972626534e-05,-7.76737092745964e-05
time,30.400000000000002,1.757217421260063e-07,1.8897194868239262e-07,1.892061541591708e-07,-6.862118155008855e-05,-7.33343261049366e-05
time,30.45,2.1871409955883255e-08,3.4062729284667215e-08,3.429779068545863e-08,-6.80416379273712e-05,-6.886672751259909e-05
time,30.5,-1.275133157266798e-07,-1.1645337676571608e-07,-1.1621228021984718e-07,-6.95507409669969e-05,-6.587410704295508e-05
time,30.55,-2.7070326318208555e-07,-2.607958489129344e-07,-2.6054385512493644e-07,-7.317721792205146e-05,-6.55808043900423e-05
time,30.6,-4.0611672362527206e-07,-3.9734823082410544e-07,-3.970808377933416e-07,-7.833808916607052e-05,-6.851319713067838e-05
time,30.650000000000002,-5.323315667359635e-07,-5.246728601923711e-07,-5.243859613113413e-07,-8.411222128408217e-05,-7.438296066028183e-05
time,30.7,-6.480896824093011e-07,-6.415131597682346e-07,-6.412030717231059e-07,-8.955218873355416e-05,-8.22039368089897e-05
time,30.75,-7.522964325695742e-07,-7.467895563218167e-07,-7.464530395271277e-07,-9.392698447997426e-05,-9.059620542993107e-05
time,30.8,-8.440191211113817e-07,-8.395949683848327e-07,-8.392292398007794e-07,-9.685334880392601e-05,-9.817292694826018e-05
time,30.85,-9.224895527618908e-07,-9.191937156040977e-07,-9.187964540845962e-07,-9.833170307521378e-05,-0.00010388820891510805
time,30.900000000000002,-9.871148093655316e-07,-9.850249579688025e-07,-9.845943028515353e-07,-9.87220804304389e-05,-0.0001072510992986379
time,30.95,-1.0374966294984219e-06,-1.036709615541332e-06,-1.0362441597446422e-06,-9.867654538646787e-05,-0.00010836704262396084
time,31.0,-1.0734542646411005e-06,-1.0740587211608711e-06,-1.0735575003296722e-06,-9.901619478589805e-05,-0.00010782841952213478
time,31.05,-1.095041391530667e-06,-1.0970811072077965e-06,-1.0965435863304148e-06,-0.00010053729733926376,-0.00010651626428874151
time,31.1,-1.1025475870900082e-06,-1.10598859822749e-06,-1.1054146566951458e-06,-0.0001037662041980282,-0.00010538397470252535
time,31.150000000000002,-1.0964800095636956e-06,-1.101196987701666e-06,-1.100586903193675e-06,-0.00010873737862727677,-0.00010527473932080465
time,31.2,-1.0775291932780032e-06,-1.083321013560912e-06,-1.0826754446105298e-06,-0.00011490217625135873,-0.00010679336724005414
time,31.25,-1.04652982717144e-06,-1.0531617201776202e-06,-1.0524816869209164e-06,-0.00012125202563113008,-0.00011022858883510767
time,31.3,-1.00442888083067e-06,-1.0116854425255567e-06,-1.0109723049715598e-06,-0.00012665465547111263,-0.00011551486526504564
time,31.35,-9.522683330890852e-07,-9.599952359355878e-07,-9.592506690764587e-07,-0.00013029271594990958,-0.00012223213032946364
time,31.400000000000002,-8.911806194515153e-07,-8.992974457239786e-07,-8.985234108920242e-07,-0.00013202052283521482,-0.00012965602339049778
time,31.45,-8.223871421810551e-07,-8.308674812240267e-07,-8.300661932982644e-07,-0.00013246570973132193,-0.0001368753658803943
time,31.5,-7.471882991894601e-07,-7.560190268324401e-07,-7.551929172197493e-07,-0.00013280506142415905,-0.00014297915662178913
time,31.55,-6.669386646847083e-07,-6.760796532410306e-07,-6.752313289940988e-07,-0.00013429344254048756,-0.0001472851633522942
time,31.6,-5.830099759959862e-07,-5.923734738089829e-07,-5.915056737181978e-07,-0.00013774690718145217,-0.00014955032478791518
time,31.650000000000002,-4.967518801573171e-07,-5.062089999517329e-07,-5.053245488287428e-07,-0.00014321060343975184,-0.00015008810049930678
time,31.7,-4.0946155353195923e-07,-4.188686871425549e-07,-4.1797044966938427e-07,-0.00014995988493721763,-0.00014973285072082202
time,31.75,-3.2236782363528793e-07,-3.3159652771679e-07,-3.306873631101783e-07,-0.00015682827613400382,-0.0001496365395740991
time,31.8,-2.3662689871004357e-07,-2.4558151291077915e-07,-2.4466423130617336e-07,-0.00016270604327572278,-0.00015094384587207172
time,31.85,-1.5332072514653583e-07,-1.6193723696362779e-07,-1.610145580134086e-07,-0.0001669824481486642,-0.00015444376750399315
time,31.900000000000002,-7.344901319594653e-08,-8.168027579240201e-08,-8.075478968016849e-08,-0.00016974506001063284,-0.00016031539647114163
time,31.95,2.088172396490953e-09,-5.711175548399566e-09,-4.785306566098055e-09,-0.0001716744113051043,-0.00016806085778752147
time,32.0,7.25127294248645e-08,6.519862191607369e-08,6.612264889340182e-08,-0.00017371400963593368,-0.0001766557788430556
time,32.05,1.3718682492989788e-07,1.3041255592069725e-07,1.3133274540234732e-07,-0.00017668351946422054,-0.00018487014560271826
time,32.1,1.956197999711272e-07,1.894285187201945e-07,1.9034313004756828e-07,-0.00018100083573057755,-0.00019165059591081245
time,32.15,2.474624550889652e-07,2.418750363859005e-07,2.427826035651075e-07,-0.00018660132210764305,-0.0001964341263501334
time,32.2,2.9249406233296205e-07,2.8750703128928794e-07,2.884063762205025e-07,-0.0001930409808866845,-0.00019929123593644848
time,32.25,3.306101213985036e-07,3.262027465603703e-07,3.2709298501006024e-07,-0.00019969982769638725,-0.00020086160592462578
time,32.3,3.618161752149308e-07,3.579613309889182e-07,3.588418711283281e-07,-0.00020598976875003375,-0.00020212033048213316
time,32.35,3.862271110716574e-07,3.828990334169859e-07,3.8376956725416507e-07,-0.00021150661580839766,-0.00020406738832978442
time,32.4,4.0406645495910503e-07,4.012418144906062e-07,4.021023029433986e-07,-0.0002161124713115068,-0.00020744779674058806
time,32.45,4.1565955189403403e-07,4.1331347260183674e-07,4.1416412522219557e-07,-0.00021995939847674575,-0.00021258346968129887
time,32.5,4.2141833827187643e-07,4.195202768168395e-07,4.203615272639689e-07,-0.00022346005589222374,-0.00021934648277829803
time,32.55,4.218208460896528e-07,4.203344544873082e-07,4.2116693279514577e-07,-0.00022719523299990246,-0.0002272519368065766
time,32.6,4.173916975229375e-07,4.162789249745008e-07,4.17103427541062e-07,-0.0002317505207818486,-0.00023561768946457664
time,32.65,4.086885871443888e-07,4.0791445770205095e-07,4.0873191582039217e-07,-0.00023750731657682799,-0.00024373548102968976
time,32.7,3.9629508086523374e-07,3.958287651709662e-07,3.966402128693118e-07,-0.0002444603335130635,-0.0002510161366031933
time,32.75,3.808153511984438e-07,3.8062594303252293e-07,3.814324849915356e-07,-0.0002521577248675285,-0.00025709464529285276
time,32.8,3.6286506108222757e-07,3.6291475297366923e-07,3.6371753330021757e-07,-0.00025982968949518463,-0.0002618945250285447
time,32.85,3.4305545545230403e-07,3.4329537058860023e-07,3.440955431977793e-07,-0.0002666877031318504,-0.0002656501869263305
time,32.9,3.2197288271049377e-07,3.223456336211662e-07,3.231443348864389e-07,-0.00027227868449687724,-0.0002688776760522292
time,32.95,3.0015987282744967e-07,3.006086508493953e-07,3.014069750382037e-07,-0.0002767248918376613,-0.0002722809690837469
time,33.0,2.781038634778543e-07,2.7858340439659566e-07,2.793823822563271e-07,-0.0002807129444064844,-0.0002765928000965219
time,33.05,2.562357010803378e-07,2.567188875351974e-07,2.5751946827088703e-07,-0.0002852094664523687,-0.00028237533463548243
time,33.1,2.3493474212447114e-07,2.3541104396034035e-07,2.3621408076276246e-07,-0.0002910218834994311,-0.0002898350074310788
time,33.15,2.1453419876435878e-07,2.1500104417324998e-07,2.1580728339354825e-07,-0.000298413852870294,-0.00029871993402928466
time,33.2,1.9532127254329309e-07,1.957736094762408e-07,1.965836834652171e-07,-0.0003069702699155429,-0.0003083541762972228
time,33.25,1.7753089138683376e-07,1.779549915194599e-07,1.7876941503218876e-07,-0.0003157874155673141,-0.00031782019495598974
time,33.3,1.6133663866085619e-07,1.6171126354267253e-07,1.6253043345901432e-07,-0.0003238995352029596,-0.0003262435820191616
time,33.35,1.4684475422134834e-07,1.471481708271219e-07,1.4797236879208677e-07,-0.0003307315310397416,-0.0003330868268428191
time,33.4,1.3409560849548703e-07,1.3431361486667402e-07,1.3514301235672964e-07,-0.0003363547099756265,-0.00033834434121556993
time,33.45,1.2307298659143224e-07,1.2320303958908881e-07,1.24037704889805e-07,-0.00034142567131228757,-0.0003425596021900801
time,33.5,1.1371754614401117e-07,1.1376700924266027e-07,1.1460691587491164e-07,-0.00034685108348453213,-0.0003466488135156327
time,33.55,1.0593933428164871e-07,1.0591963411726702e-07,1.0676467033876337e-07,-0.00035335562143018034,-0.00035158947321162773
time,33.6,9.962584248711671e-08,9.954651051009234e-08,1.0039648960054732e-07,-0.0003611671984851313,-0.00035808609519637517
time,33.65,9.46454438583178e-08,9.451143677586929e-08,9.536610785474963e-08,-0.0003699592857787273,-0.00036633580775841546
time,33.7,9.084890337700601e-08,9.066199223372759e-08,9.152105135385019e-08,-0.0003790516290612924,-0.0003759783151641784
time,33.75,8.80723337042709e-08,8.7834676446785e-08,8.869777767564908e-08,-0.0003877457914304009,-0.0003862431869806258
time,33.8,8.61434239788256e-08,8.586040936521247e-08,8.672717554050893e-08,-0.0003956237448501502,-0.0003962323058236614
time,33.85,8.489030889975461e-08,8.457078564415451e-08,8.544081849474512e-08,-0.0004026811512114458,-0.00040522744891602526
time,33.9,8.415072504868886e-08,8.380482563506589e-08,8.467771499973245e-08,-0.0004092659208991988,-0.00041291089549573947
time,33.95,8.377909490390808e-08,8.341544412647015e-08,8.429077606791696e-08,-0.0004158866970548467,-0.00041942887154909826
time,34.0,8.365054451701455e-08,8.32747381686677e-08,8.41521018495e-08,-0.0004229979606967769,-0.00042529309202231434
time,34.05,8.366248728780647e-08,8.327751047757855e-08,8.41565037215453e-08,-0.00043084934918985294,-0.0004311755895859122
time,34.1,8.373519787770041e-08,8.334299064180357e-08,8.422322414104311e-08,-0.0004394335610139302,-0.0004376824644994597
time,34.15,8.381244634165589e-08,8.341518305014071e-08,8.429628320139633e-08,-0.0004485192133979048,-0.00044518473589078754
time,34.2,8.3862239974885e-08,8.346242442837418e-08,8.434403479761e-08,-0.00045773620013805726,-0.000453748526992293
time,34.25,8.387693837825293e-08,8.347654157715605e-08,8.435832301191828e-08,-0.00046668762203087036,-0.00046316302275051035
time,34.300000000000004,8.38719702104825e-08,8.347162767955776e-08,8.435325711682591e-08,-0.00047507212832426435,-0.000473033391309485
time,34.35,8.388299556794629e-08,8.348215403700303e-08,8.436332209090797e-08,-0.00048279543421831305,-0.0004828972422533015
time,34.4,8.396205680671222e-08,8.356008393649012e-08,8.444049139086751e-08,-0.0004900327849523089,-0.0004923335855462719
time,34.45,8.41734562609603e-08,8.377086859635192e-08,8.465022196593995e-08,-0.0004971973638270115,-0.0005010498845517857
time,34.5,8.458971792804318e-08,8.418853627894984e-08,8.50665426357867e-08,-0.0005047949835138707,-0.0005089429422985733
time,34.550000000000004,8.528740666469679e-08,8.489033552084583e-08,8.576669680787337e-08,-0.0005132022996007152,-0.0005161284287264016
time,34.6,8.634233332416058e-08,8.595143365247092e-08,8.68258407262267e-08,-0.0005224644113971542,-0.0005229275170494138
time,34.65,8.782401239226859e-08,8.744001150169443e-08,8.831213816268291e-08,-0.0005322252730004217,-0.0005297984284700931
time,34.7,8.978989656063886e-08,8.941285541945762e-08,9.028235270256043e-08,-0.0005418552845740424,-0.0005372136118291121
time,34.75,9.228033420460245e-08,9.191137123189509e-08,9.277786223674124e-08,-0.0005507397455370064,-0.0005455078608992254
time,34.800000000000004,9.531497860764707e-08,9.49579071706027e-08,9.582098270801704e-08,-0.0005585930306081111,-0.0005547466479708141
time,34.85,9.889060002251215e-08,9.855235286167588e-08,9.941156817387461e-08,-0.0005656288678283713,-0.0005646712807469761
time,34.9,1.0297947843088993e-07,1.0266909869157533e-07,1.0352397147248021e-07,-0.0005724781840994855,-0.0005747581567179745
time,34.95,1.0752742820693114e-07,1.0725452293321691e-07,1.0810453283779224e-07,-0.0005798779300913472,-0.000584386797297729
time,35.0,1.1245120165376115e-07,1.1222520404846771e-07,1.1306979384368516e-07,-0.0005882855566301687,-0.0005930626271078319
time,35.050000000000004,1.1763614133005102e-07,1.1746705718880905e-07,1.1830563566599219e-07,-0.0005976262499065071,-0.0006006089712989927
time,35.1,1.2293561235634645e-07,1.2283559050331394e-07,1.236675372364806e-07,-0.0006073168807667217,-0.0006072463012183641
time,35.15,1.281733865588569e-07,1.2815745542313272e-07,1.2898212740965708e-07,-0.0006165620377267064,-0.000613517800601664
time,35.2,1.3314881221371385e-07,1.332333846081711e-07,1.3405012475832463e-07,-0.0006247660755808734,-0.0006200832434322535
time,35.25,1.376431607378193e-07,1.3784244860566875e-07,1.386505959584728e-07,-0.0006318383270996324,-0.0006274606469693905
time,35.300000000000004,1.414250392861235e-07,1.4174735386172665e-07,1.4254625531062557e-07,-0.0006382266148596048,-0.0006358206646259318
time,35.35,1.442537132297243e-07,1.447003420765724e-07,1.4548936531044767e-07,-0.0006446647726452326,-0.0006449192128889664
time,35.4,1.4588106339853916e-07,1.4644922636602873e-07,1.472277736844256e-07,-0.0006517768826912994,-0.0006541966108062277
time,35.45,1.4605447232866004e-07,1.4674324137338595e-07,1.4751076402019003e-07,-0.0006597551094656511,-0.0006630012609140449
time,35.5,1.4452293460264944e-07,1.453386309037381e-07,1.4609464356627423e-07,-0.0006682795170178302,-0.0006708437114761525
time,35.550000000000004,1.4104694879867372e-07,1.4200413142029905e-07,1.42748226540242e-07,-0.0006767089038535252,-0.0006775759642298205
time,35.6,1.3541025331320373e-07,1.3652662952640953e-07,1.372584910518464e-07,-0.0006844240363164844,-0.0006834255685459977
time,35.65,1.2742996201131577e-07,1.287172373895094e-07,1.2943665356743524e-07,-0.0006911317489571835,-0.0006888780635353866
time,35.7,1.1696233050165001e-07,1.1841786924757084e-07,1.1912474403169396e-07,-0.0006969754643717513,-0.0006944653917278742
time,35.75,1.0390396785706517e-07,1.0550817101005417e-07,1.0620253366290232e-07,-0.0007024149403458075,-0.0007005535717819948
time,35.800000000000004,8.819119569753072e-08,8.99124039888671e-08,9.059441650343498e-08,-0.00070796290520888,-0.0007072158610693867
time,35.85,6.980136960457855e-08,7.160565843410898e-08,7.227562048532513e-08,-0.0007139292272626192,-0.0007142338605718397
time,35.9,4.875837257534871e-08,5.061864122723115e-08,5.127699246919031e-08,-0.0007202978916766041,-0.0007212110412217131
time,35.95,2.5141130144940736e-08,2.7040344549800113e-08,2.768766417760546e-08,-0.0007267750660401484,-0.0007277383735185816
time,36.0,-9.088962267569193e-10,1.0182389282970473e-09,1.6552425057108772e-09,-0.0007329552214708476,-0.0007335388591533672
time,36.050000000000004,-2.9185511886534905e-08,-2.724378756419698e-08,-2.6616253953913632e-08,-0.0007385064681089488,-0.0007385385345546803
time,36.1,-5.9422430901402085e-08,-5.7488906353545765e-08,-5.686987453957419e-08,-0.0007432903706896948,-0.0007428514726276226
time,36.15,-9.130231279190451e-08,-8.941107323973724e-08,-8.87994638533347e-08,-0.0007473828342083669,-0.0007467037663430201
time,36.2,-1.24465353139641e-07,-1.2265805272599823e-07,-1.220526883832757e-07,-0.0007510131963056471,-0.0007503394219876978
time,36.25,-1.5851360150829885e-07,-1.5683357259661326e-07,-1.5623319315479657e-07,-0.0007544624812462498,-0.0007539453349447079
time,36.300000000000004,-1.9301100696092505e-07,-1.9149944566047512e-07,-1.9090272526078192e-07,-0.0007579584455260431,-0.0007576119775945856
time,36.35,-2.2748317944764636e-07,-2.2617918395678656e-07,-2.2558474950156644e-07,-0.0007615921648538923,-0.0007613260408477413
time,36.4,-2.6142196584638693e-07,-2.6036454230257186e-07,-2.5977099296890167e-07,-0.0007652744928722286,-0.0007649823634596504
time,36.45,-2.9429715864483575e-07,-2.935254893490271e-07,-2.9293141672918755e-07,-0.0007687507266763291,-0.0007684064734207119
time,36.5,-3.255728210915155e-07,-3.2512273129817015e-07,-3.245267397804525e-07,-0.000771684448257848,-0.0007713880734264722
time,36.550000000000004,-3.547223503027541e-07,-3.5462082470341783e-07,-3.5402155175145497e-07,-0.0007737956076837101,-0.000773729265869212
time,36.6,-3.8123725672446944e-07,-3.814997373649958e-07,-3.808958733998295e-07,-0.0007750007093874527,-0.0007753039960516226
time,36.65,-4.046293891068665e-07,-4.0526360840740694e-07,-4.0465391602766127e-07,-0.0007754803523980912,-0.0007761112594817451
time,36.7,-4.244316486449817e-07,-4.2544698083944786e-07,-4.248303131286532e-07,-0.0007756178381133875,-0.0007762950903223131
time,36.75,-4.402040292054183e-07,-4.4162010976040544e-07,-4.409954274376188e-07,-0.0007758153334774452,-0.0007761095468145539
time,36.800000000000004,-4.5154826031738354e-07,-4.533953315842554e-07,-4.5276171876942014e-07,-0.0007762708431439554,-0.0007758287614305936
time,36.85,-4.58127645069706e-07,-4.604356610835869e-07,-4.597923394785148e-07,-0.0007768405427043437,-0.0007756313755468385
time,36.9,-4.596835987124633e-07,-4.62465181101182e-07,-4.618115224216784e-07,-0.0007770807567133615,-0.0007755091622990391
time,36.95,-4.5604104429130165e-07,-4.5927928705036964e-07,-4.5861482356700695e-07,-0.0007764682225551946,-0.0007752474093644754
time,37.0,-4.47101490629585e-07,-4.507523141824331e-07,-4.5007674722485413e-07,-0.0007746880314684298,-0.0007744967275651087
time,37.050000000000004,-4.328308571650746e-07,-4.368408716647081e-07,-4.3615407792390465e-07,-0.0007718245856402599,-0.0007729135426992589
time,37.1,-4.132531097306902e-07,-4.175829545864419e-07,-4.168849900366946e-07,-0.0007683335776217836,-0.000770310208550128
time,37.15,-3.884569651637787e-07,-3.930946570287605e-07,-3.923857583142706e-07,-0.000764795584153131,-0.0007667450596623803
time,37.2,-3.5861343128771355e-07,-3.63567060438866e-07,-3.628476436384583e-07,-0.0007615842464052611,-0.0007625057665815878
time,37.25,-3.2399292677755984e-07,-3.292651303088596e-07,-3.285357870821905e-07,-0.0007586417803281256,-0.0007579872357078567
time,37.300000000000004,-2.849689264998137e-07,-2.9052856313911036e-07,-2.897900543234913e-07,-0.0007554995480445174,-0.0007535158129611844
time,37.35,-2.420022560747429e-07,-2.477725248995885e-07,-2.470257716284833e-07,-0.0007515395174824433,-0.0007491997434699984
time,37.4,-1.956121245152119e-07,-2.0148529806154491e-07,-2.007313704130895e-07,-0.0007463476674267394,-0.0007448765803714707
time,37.45,-1.4634861087374971e-07,-1.5222065636032543e-07,-1.5146075946514407e-07,-0.0007399520086173088,-0.00074018439888051
time,37.5,-9.478047239898652e-08,-1.0058499966804475e-07,-9.982045718502142e-08,-0.0007328040265019672,-0.0007347254880215537
time,37.550000000000004,-4.150191614860779e-08,-4.722173073047923e-08,-4.645396569201213e-08,-0.0007255145821611168,-0.0007282467520531233
time,37.6,1.2851082362044214e-08,7.2033678359152556e-09,7.972854607638975e-09,-0.0007185013369696521,-0.0007207524549644374
time,37.65,6.759143200451453e-08,6.2012718848851e-08,6.278237232020619e-08,-0.0007117556186509969,-0.0007124970014748206
time,37.7,1.219912559134089e-07,1.1652288835576255e-07,1.1729112425876084e-07,-0.0007048621758734583,-0.0007038628529379452
time,37.75,1.7531220316201413e-07,1.7004809157493272e-07,1.7081332216788798e-07,-0.0006972525783135366,-0.0006951833190844031
time,37.800000000000004,2.2684329312226777e-07,2.2190509069214576e-07,2.2266575080243334e-07,-0.0006885362123841398,-0.0006865949840670615
time,37.85,2.7592908669775687e-07,2.7142271181117875e-07,2.7217728481630576e-07,-0.0006787138007316415,-0.0006779879265503984
time,37.9,3.219773284191485e-07,3.179566582972288e-07,3.1870370178676157e-07,-0.0006681566640456179,-0.0006690726603384842
time,37.95,3.644482380113304e-07,3.609071864887619e-07,3.616453572950021e-07,-0.0006573780053224299,-0.0006595260814894509
time,38.0,4.0283866670764156e-07,3.9973529553605987e-07,4.00463373647874e-07,-0.0006467412588934547,-0.0006491429841491148
time,38.050000000000004,4.3667638949711977e-07,4.339734734040718e-07,4.3469038408848037e-07,-0.000636275958540753,-0.0006379217079612198
time,38.1,4.6553197212741347e-07,4.632295368067204e-07,4.639343701773845e-07,-0.000625695583553123,-0.0006260491978137178
time,38.15,4.890436846016385e-07,4.871853036437851e-07,4.878773309997234e-07,-0.0006145879145237678,-0.0006138017189763788
time,38.2,5.06942679014668e-07,5.055939522155663e-07,5.062726386994291e-07,-0.0006026539908274577,-0.0006014162134992761
time,38.25,5.190660431149782e-07,5.182798082624024e-07,5.189448216547505e-07,-0.0005898588917581122,-0.0005889954682357296
time,38.300000000000004,5.253532737056162e-07,5.25142107048386e-07,5.257933227126126e-07,-0.0005764239966604858,-0.00057648668842237
time,38.35,5.258312415261112e-07,5.261613247477655e-07,5.267988268145303e-07,-0.000562687132321152,-0.0005637329442368424
time,38.4,5.20597887587818e-07,5.214046585122167e-07,5.220287373682457e-07,-0.0005489240612375315,-0.0005505624375363224
time,38.45,5.098130595011279e-07,5.110272412564411e-07,5.116383873609059e-07,-0.0005352289520254681,-0.00053686831502584
time,38.5,4.936984775495512e-07,4.952675805684007e-07,4.958664746403347e-07,-0.0005215022856189646,-0.0005226447833865007
time,38.550000000000004,4.725426813710743e-07,4.744383136429945e-07,4.7502581337483616e-07,-0.0005075307784211021,-0.0005079728492432308
time,38.6,4.46704561080646e-07,4.4891515673716253e-07,4.494922803599957e-07,-0.0004931037791465568,-0.0004929743268478563
time,38.65,4.166111297510363e-07,4.1912696617622163e-07,4.1969487336391364e-07,-0.0004781089029030393,-0.00047776302156611676
time,38.7,3.827490232744322e-07,3.8554827392055434e-07,3.861082446143238e-07,-0.0004625744528281549,-0.00046241490679082013
time,38.75,3.456518742671415e-07,3.486935880629912e-07,3.492469998077661e-07,-0.0004466545258276049,-0.0004469625269290918
time,38.800000000000004,3.0588608297473865e-07,3.091114446004903e-07,3.096597489362586e-07,-0.00043056986711342534,-0.00043140459324585444
time,38.85,2.6403656329820377e-07,2.673763736234506e-07,2.679210720152892e-07,-0.00041452441679977963,-0.00041571784665605117
time,38.9,2.206933855951246e-07,2.2407834666946338e-07,2.2462096642494126e-07,-0.0003986227036992986,-0.0003998646301832256
time,38.95,1.7644059413215238e-07,1.7981090474640407e-07,1.8035297536523215e-07,-0.00038281954824969516,-0.00038379920005316185
time,39.0,1.318487498858167e-07,1.3515995640360178e-07,1.3570298681120878e-07,-0.0003669323549304188,-0.00036748018490989826
time,39.050000000000004,8.747173924463718e-08,9.069471749485609e-08,9.12401745986772e-08,-0.00035072615873931346,-0.0003508919719063719
time,39.1,4.3846027073526185e-08,4.696085042023329e-08,4.751013937460517e-08,-0.0003340432959391498,-0.0003340675353340335
time,39.15,1.488248539142069e-09,4.47454004163157e-09,5.0289865153936415e-09,-0.00031691308069398203,-0.0003170975089029861
time,39.2,-3.911275839162489e-08,-3.628407736857483e-08,-3.572324273710336e-08,-0.000299571139674255,-0.00030011242937157107
time,39.25,-7.751015038231862e-08,-7.487880845760302e-08,-7.431046333038572e-08,-0.0002823585712100944,-0.0002832381348655216
time,39.300000000000004,-1.1331553731992486e-07,-1.1092576099341685e-07,-1.1034890229915036e-07,-0.0002655423243667054,-0.0002665416737211428
time,39.35,-1.4621090331653328e-07,-1.4410018227250487e-07,-1.4351393485845029e-07,-0.0002491571671169565,-0.0002499959229569846
time,39.4,-1.7595061342730455e-07,-1.741398842560921e-07,-1.73543507203665e-07,-0.00023297230495220963,-0.00023348690857841466
time,39.45,-2.0235338451687438e-07,-2.0084469979778853e-07,-2.002375903739637e-07,-0.00021661975346991472,-0.00021686817119437372
time,39.5,-2.2528996562817145e-07,-2.2407321736807652e-07,-2.234549126119477e-07,-0.00019982111404458553,-0.0002000405754579666
time,39.550000000000004,-2.446746825131361e-07,-2.4373918890820964e-07,-2.4310936492283406e-07,-0.00018257803015835539,-0.00018301812683668947
time,39.6,-2.6046621227448285e-07,-2.5980974185899915e-07,-2.5916821097401677e-07,-0.0001652013442785246,-0.00016594232266539856
time,39.65,-2.726764832644891e-07,-2.723059523591759e-07,-2.7165265840963475e-07,-0.00014814730864001212,-0.00014903098199993243
time,39.7,-2.8138074768963427e-07,-2.813043703969583e-07,-2.8063938239011975e-07,-0.000131751780670222,-0.00013248175738465794
time,39.75,-2.8672053486163997e-07,-2.8693691802604557e-07,-2.862604224294399e-07,-0.00011602585821285251,-0.00011637747924631492
time,39.800000000000004,-2.8889524435533615e-07,-2.893869448984648e-07,-2.886992367054798e-07,-0.00010064681211544332,-0.00010064410865819165
time,39.85,-2.8814492973684907e-07,-2.8888095122219584e-07,-2.881824238869218e-07,-8.515922677763984e-05,-8.508798326231787e-05
time,39.9,-2.8473188470693374e-07,-2.8567759342911325e-07,-2.849687277549081e-07,-6.926635520515157e-05,-6.949815496701236e-05
time,39.95,-2.7892882726965315e-07,-2.800568583819906e-07,-2.7933821050818465e-07,-5.302892617282478e-05,-5.3763341637655245e-05
time,40.0,-2.7101679406382104e-07,-2.7231200123320727e-07,-2.7158418995898154e-07,-3.6842330405787674e-05,-3.794189925091325e-05
time,40.050000000000004,-2.6128959709757984e-07,-2.627451719239535e-07,-2.6200886568249506e-07,-2.1202183732010734e-05,-2.2245165636516484e-05
time,40.1,-2.500578009966901e-07,-2.516655748346716e-07,-2.509214786412093e-07,-6.404191293027949e-06,-6.9393736747531106e-06
time,40.15,-2.376460960077217e-07,-2.393876929460315e-07,-2.386365355862522e-07,7.631770455162299e-06,7.784522834867999e-06
time,40.2,-2.2438251408002983e-07,-2.2622726692627218e-07,-2.2546978856319458e-07,2.13014899249859e-05,2.1904749193833906e-05
time,40.25,-2.1058324645264355e-07,-2.1249419977269133e-07,-2.117311400824061e-07,3.505886747888425e-05,3.557555116496882e-05
time,40.300000000000004,-1.9653933677891047e-07,-1.984834753250671e-07,-1.977155622592468e-07,4.91253330981396e-05,4.90418618003739e-05
time,40.35,-1.8251011533077031e-07,-1.844664513582538e-07,-1.8369439067043985e-07,6.33500446926114e-05,6.250606492608648e-05
time,40.4,-1.687240341417354e-07,-1.706848499617546e-07,-1.6990931568879308e-07,7.73061408500422e-05,7.601724072200083e-05
time,40.45,-1.553835280253076e-07,-1.5734851698601023e-07,-1.565701431016995e-07,9.055691391415218e-05,8.944156340441402e-05
time,40.5,-1.4266894828500847e-07,-1.4463631379350364e-07,-1.4385568722443397e-07,0.00010291995976873627,0.0001025291339024337
time,40.550000000000004,-1.3073819235645642e-07,-1.3269828742697747e-07,-1.3191594254859315e-07,0.00011456402301025514,0.00011504105211083884
time,40.6,-1.1972203955926573e-07,-1.2165714587687356e-07,-1.2087356052213903e-07,0.00012588473724583677,0.0001268689079705005
time,40.65,-1.0971812019993862e-07,-1.116080031932777e-07,-1.1082359613996344e-07,0.00013724667554225586,0.00013808396863214213
time,40.7,-1.0078724139509718e-07,-1.0261674596920052e-07,-1.0183187584035574e-07,0.0001487586817378578,0.00014889182821600108
time,40.75,-9.29543364317163e-08,-9.471841391546437e-08,-9.393337942376488e-08,0.0001602196190224376,0.00015951881321064806
time,40.800000000000004,-8.621364355829302e-08,-8.791715276248782e-08,-8.71321942315281e-08,0.00017125729510022666,0.0001700916605962994
time,40.85,-8.05357179063763e-08,-8.218858457609909e-08,-8.140388666060028e-08,0.00018156196823493201,0.00018057356239739865
time,40.9,-7.587341376052781e-08,-7.748432164045599e-08,-7.670001713609285e-08,0.0001910646308257381,0.00019078786081113498
time,40.95,-7.216524209320179e-08,-7.373746700790645e-08,-7.295364159786542e-08,0.0001999562449461638,0.00020051354957263437
time,41.0,-6.93363923002666e-08,-7.086774001478475e-08,-7.008443775948184e-08,0.0002085504821248329,0.00020959981059593031
time,41.050000000000004,-6.729912461077347e-08,-6.878536234512606e-08,-6.800259169666558e-08,0.00021708740886431575,0.0002180391577214914
time,41.1,-6.595438835317847e-08,-6.739368034051287e-08,-6.66114204589364e-08,0.00022560107361419305,0.00022596313907222425
time,41.15,-6.519554306296177e-08,-6.659118285833453e-08,-6.58093900183689e-08,0.00023392179159993548,0.00023356669774447764
time,41.2,-6.491366845400785e-08,-6.62737538852499e-08,-6.549236778171862e-08,0.00024179536108436618,0.00024100422266614235
time,41.25,-6.500303666895352e-08,-6.633765278584352e-08,-6.555660256575244e-08,0.00024903529299266603,0.00024831287055040183
time,41.300000000000004,-6.536532644346175e-08,-6.668311426481722e-08,-6.590232413119075e-08,0.000255617261335296,0.00025540149348256855
time,41.35,-6.591192611052712e-08,-6.7217978996607e-08,-6.643737324470593e-08,0.000261672171290195,0.00026210703179646377
time,41.4,-6.656471389655762e-08,-6.786065654550432e-08,-6.708016390982159e-08,0.000267398114254545,0.00026828475724936443
time,41.45,-6.725624677564374e-08,-6.854199018475931e-08,-6.77615473986466e-08,0.00027295154078508756,0.0002738830009471011
time,41.5,-6.793021846943264e-08,-6.92060311152846e-08,-6.842558561538689e-08,0.00027837651476174174,0.0002789642883355295
time,41.550000000000004,-6.854242690118321e-08,-6.981006797613974e-08,-6.902957971917695e-08,0.00028359896836406236,0.00028366562733435856
time,41.6,-6.906185982509737e-08,-7.032432937473193e-08,-6.954377177054195e-08,0.0002884761859966516,0.00028812343512277396
time,41.65,-6.947120428050101e-08,-7.073159785664375e-08,-6.995095785445153e-08,0.0002928704793058385,0.00029240550942583455
time,41.7,-6.976631056236175e-08,-7.102670232806503e-08,-7.024597971999765e-08,0.00029671410166057975,0.0002964853830085361
time,41.75,-6.995460675011965e-08,-7.121567766542706e-08,-7.043488369233264e-08,0.00030004177690886935,0.0003002687727661358
time,41.800000000000004,-7.005289974285949e-08,-7.131439169376261e-08,-7.053354705542416e-08,0.0003029793412336781,0.00030365297583047986
time,41.85,-7.008507621302898e-08,-7.134660483083687e-08,-7.056573721789998e-08,0.00030569025409980615,0.00030658411139375207
time,41.9,-7.00800116391122e-08,-7.134162069729334e-08,-7.056076197620016e-08,0.0003082979836067149,0.00030908186825026645
time,41.95,-7.006964840245408e-08,-7.133178290335063e-08,-7.0550966096659e-08,0.0003108184261565773,0.00031122245258679616
time,42.0,-7.00869602322643e-08,-7.13500294352889e-08,-7.056928564531445e-08,0.00031314145065813344,0.00031309440298326447
time,42.050000000000004,-7.016357456429526e-08,-7.142758396045471e-08,-7.06469393825773e-08,0.0003150830207712135,0.0003147549703296456
time,42.1,-7.032706016380999e-08,-7.159174621160262e-08,-7.08112193755469e-08,0.0003164907613091746,0.0003162105735168538
time,42.15,-7.059820739793426e-08,-7.18637217785807e-08,-7.108332114418063e-08,0.00031734667832892616,0.0003174278397998632
time,42.2,-7.098874784862915e-08,-7.225651094514458e-08,-7.147623296627668e-08,0.00031780000545964925,0.0003183634335665876
time,42.25,-7.149986270322436e-08,-7.277298988299793e-08,-7.199281764043505e-08,0.0003180968351569774,0.0003189922738339785
time,42.300000000000004,-7.212147257189737e-08,-7.340437679236882e-08,-7.262427928187573e-08,0.0003184374259247062,0.00031931865525234486
time,42.35,-7.283195024824614e-08,-7.412923275419677e-08,-7.334916489795426e-08,0.0003188465716522448,0.00031936821839738264
time,42.4,-7.359778597357875e-08,-7.49130280771734e-08,-7.413293150355704e-08,0.0003191459529924941,0.0003191709338992941
time,42.45,-7.437291570376455e-08,-7.570819004257081e-08,-7.49279946530216e-08,0.0003190590293361723,0.0003187485734625861
time,42.5,-7.50979566452468e-08,-7.645451430391407e-08,-7.567414061972485e-08,0.0003183914675701454,0.00031811370355260194
time,42.550000000000004,-7.570003197114022e-08,-7.707988810426109e-08,-7.62992503639691e-08,0.00031717192173230847,0.00031727694431868853
time,42.6,-7.609394522337731e-08,-7.750138369744973e-08,-7.672039365818287e-08,0.000315653971398208,0.00031625303928827376
time,42.65,-7.618497750453232e-08,-7.762684398469998e-08,-7.684541536631685e-08,0.00031416677897153794,0.00031505845869035193
time,42.7,-7.587277369156792e-08,-7.735703836756503e-08,-7.657509186334842e-08,0.00031290511995213854,0.00031370159677352404
time,42.75,-7.505512969899198e-08,-7.658833157933509e-08,-7.580580033902741e-08,0.0003117977391126,0.0003121743167245383
time,42.800000000000004,-7.363061269048311e-08,-7.521566968648393e-08,-7.443250515714978e-08,0.00031054828752818145,0.0003104543583056206
time,42.85,-7.149978636991201e-08,-7.31356457630986e-08,-7.235182375390827e-08,0.0003088301398526153,0.0003085208248545995
time,42.9,-6.856597883792045e-08,-7.024950150031266e-08,-6.94650283228192e-08,0.0003065097962306264,0.000306374569656097
time,42.95,-6.473715473708592e-08,-6.646609080652275e-08,-6.568100933467874e-08,0.0003037480653405168,0.0003040494549602496
time,43.0,-5.992995639402078e-08,-6.170495177397845e-08,-6.091934726747747e-08,0.0003009056854488799,0.0003016041128399317
time,43.050000000000004,-5.407559957824585e-08,-5.589959766849567e-08,-5.511360320620076e-08,0.00029831125303303094,0.000299095580443973
time,43.1,-4.712583485116938e-08,-4.900094138950513e-08,-4.821474276339879e-08,0.0002960453447887686,0.0002965487959517195
time,43.15,-3.905683547612964e-08,-4.098052926571871e-08,-4.0194369187995016e-08,0.00029388778145123705,0.0002939409266702865
time,43.2,-2.986989007252558e-08,-3.183315318987437e-08,-3.104733466692525e-08,0.00029146685481297685,0.0002912126658747868
time,43.25,-1.9589731198992202e-08,-2.157854592445723e-08,-2.0793434654284326e-08,0.0002885122436916967,0.0002883031488366453
time,43.300000000000004,-8.262801173630248e-09,-1.0262196990663422e-08,-9.478222648477506e-09,0.00028504131912371165,0.0002851900069717848
time,43.35,4.0423210248765525e-09,2.0443429177318813e-09,2.8266866241990762e-09,0.0002813522672674442,0.0002819108475492877
time,43.4,1.7231786133431316e-08,1.5243208001834144e-08,1.602336459990698e-08,0.00027782818304394863,0.00027855127701053884
time,43.45,3.118232659578744e-08,2.9209805210354232e-08,2.9987158113235e-08,0.0002746847729962611,0.0002752033169881811
time,43.5,4.573899370391124e-08,4.379251143952168e-08,4.4566388007147524e-08,0.00027183230291479737,0.0002719161659838877
time,43.550000000000004,6.071695001724239e-08,5.881314275951116e-08,5.958281976597902e-08,0.00026894391630500117,0.00026866776308736223
time,43.6,7.590722941790114e-08,7.406886938659302e-08,7.48335798649279e-08,0.00026568173709254274,0.00026537566043402527
time,43.65,9.108411769384501e-08,8.933579271618715e-08,9.009473412665652e-08,0.000261926056016404,0.0002619439307967365
time,43.7,1.0601102681132861e-07,1.0437370542325536e-07,1.0512604906239699e-07,0.00025785348419648705,0.00025832127369835423
time,43.75,1.2044303370432929e-07,1.1893105551572012e-07,1.1967595704616446e-07,0.0002538151333211192,0.00025453699280347705
time,43.800000000000004,1.3412675927211126e-07,1.3274919298711076e-07,1.3348580392512338e-07,0.0002501018806375629,0.00025069215584311094
time,43.85,1.4680025642370083e-07,1.4556562311459798e-07,1.4629310307030673e-07,0.00024675729055230743,0.0002469081249387697
time,43.9,1.5819581744748533e-07,1.5711685579983867e-07,1.5783438523256875e-07,0.0002435615489152051,0.00024325998815991103
time,43.95,1.6804689207104002e-07,1.6714196473571628e-07,1.678487579676307e-07,0.00024019057937094444,0.00023973314649227857
time,44.0,1.7609784851276677e-07,1.753877609042689e-07,1.760830791269547e-07,0.00023643704397495428,0.00023622998618811418
time,44.050000000000004,1.821135615113577e-07,1.8161560158193677e-07,1.8229876558621451e-07,0.00023234358683476558,0.0002326254846898233
time,44.1,1.858859950844798e-07,1.856088133943794e-07,1.8627921574867795e-07,0.0002281644373057732,0.00022884150376567853
time,44.15,1.8723667459723158e-07,1.871791707268713e-07,1.878362871249653e-07,0.00022419008855438773,0.00022489681309685564
time,44.2,1.8601634806840877e-07,1.8617122426281534e-07,1.8681462376361196e-07,0.0002205586356591466,0.00022090215471306948
time,44.25,1.821046039385108e-07,1.8246435265097938e-07,1.8309370654781507e-07,0.00021717855719658304,0.0002170008989028034
time,44.300000000000004,1.7541203950124339e-07,1.7597357264585873e-07,1.765886617324038e-07,0.00021380592495878623,0.00021328823027738292
time,44.35,1.6588576368719168e-07,1.6665066441410477e-07,1.6725138445468118e-07,0.00021021446111902902,0.00020975589692502693
time,44.4,1.5351673015069368e-07,1.544866991352497e-07,1.550730643924946e-07,0.00020634081547117716,0.0002062960728219816
time,44.45,1.3834581962125514e-07,1.3951585448734177e-07,1.4008799920469028e-07,0.00020231328162384905,0.00020276384184551404
time,44.5,1.2046575728326948e-07,1.2181919215662758e-07,1.223773699361348e-07,0.000198355865489678,0.00019906294904583762
time,44.550000000000004,1.00017906776899e-07,1.01526597721125e-07,1.0207117878087084e-07,0.0001946407525889371,0.00019520470430107122
time,44.6,7.71856224147165e-08,7.88156618688157e-08,7.934712821068182e-08,0.0001911878656111505,0.00019130468786013858
time,44.65,5.218765963783737e-08,5.390759784108867e-08,5.442653640878158e-08,0.00018786954549257967,0.00018751806490144578
time,44.7,2.527490059953546e-08,2.7061581185423185e-08,2.756867514149356e-08,0.0001845053917836033,0.00018395067645673218
time,44.75,-3.268759802901665e-09,-1.43059464230743e-09,-9.345763465456292e-10,0.00018097793987487928,0.0001805979296763005
time,44.800000000000004,-3.3123737738784716e-08,-3.124823667935083e-08,-3.07624512283798e-08,0.00017729629391641558,0.0001773477125281429
time,44.85,-6.393455349593143e-08,-6.20438783803304e-08,-6.156742227026131e-08,0.00017357688260391996,0.0001740461671115297
time,44.9,-9.531546940257391e-08,-9.34451663085934e-08,-9.297708950986967e-08,0.00016996465759564448,0.0001705881713411267
time,44.95,-1.2686198505876737e-07,-1.250583691873247e-07,-1.2459769001885842e-07,0.00016654894403249525,0.0001669796762313755
time,45.0,-1.5816444841413097e-07,-1.564747392392227e-07,-1.5602045967683702e-07,0.00016332165303700795,0.0001633353668052831
time,45.050000000000004,-1.888185597970598e-07,-1.8727952132234382e-07,-1.8683064246865747e-07,0.0001601934424378682,0.00015981289268363858
time,45.1,-2.184295973876378e-07,-2.1706199410343725e-07,-2.166175315516148e-07,0.00015704994673349963,0.00015652197209518163
time,45.15,-2.466115798129294e-07,-2.4542438006978105e-07,-2.4498337889678225e-07,0.00015381385064741008,0.00015346132045300322
time,45.2,-2.729863224410663e-07,-2.719881289433448e-07,-2.7154967807160336e-07,0.000150482548457127,0.00015052009611924496
time,45.25,-2.9718760461467e-07,-2.963975910722031e-07,-2.959608367494797e-07,0.00014712696520826555,0.00014754296281790404
time,45.300000000000004,-3.1887203781823523e-07,-3.1832255674951443e-07,-3.1788671492269484e-07,0.000143854678951201,0.00014442087930581948
time,45.35,-3.377332218322643e-07,-3.374616529047602e-07,-3.370260203053054e-07,0.00014075435587438415,0.00014115482727400868
time,45.4,-3.535129583795682e-07,-3.535478288846028e-07,-3.5311179269119684e-07,0.00013784685153214507,0.00013785546737282904
time,45.45,-3.6600492926005786e-07,-3.6635558267904786e-07,-3.6591862866037376e-07,0.00013506854718084468,0.00013467896466370805
time,45.5,-3.7505125739366494e-07,-3.7570815372974667e-07,-3.752698727855437e-07,0.00013230079044305987,0.0001317363299574048
time,45.550000000000004,-3.8053707528109346e-07,-3.814825290073508e-07,-3.8104262202189894e-07,0.000129436062967723,0.00012902905616397404
time,45.6,-3.823891939770255e-07,-3.836110145486954e-07,-3.831692954656842e-07,0.00012644663575961555,0.00012644858917524248
time,45.65,-3.8058124965166937e-07,-3.8207974678914197e-07,-3.816361438322311e-07,0.0001234120367260556,0.0001238400245396286
time,45.7,-3.751422851513644e-07,-3.7692584458302875e-07,-3.764803995914991e-07,0.0001204799793727076,0.0001210929030251087
time,45.75,-3.6616248291305466e-07,-3.682351275313447e-07,-3.677879934429678e-07,0.00011777621203692614,0.00011820598944349813
time,45.800000000000004,-3.537913759376203e-07,-3.561413585960255e-07,-3.5569279516283293e-07,0.00011531738672166915,0.00011528796754744002
time,45.85,-3.3822895467627205e-07,-3.4082647045137694e-07,-3.403768382954324e-07,0.00011298805522485776,0.00011249348637364787
time,45.9,-3.1971482317674123e-07,-3.225201686844528e-07,-3.220699217883035e-07,0.00011060660033690358,0.00010993207480705823
time,45.95,-2.9852127423826933e-07,-3.014973102002341e-07,-3.0104698690275716e-07,0.00010804462035180748,0.00010760362819330877
time,46.0,-2.7495241695011954e-07,-2.7807246368101665e-07,-2.7762267624553266e-07,0.00010532115170226103,0.00010539867508372736
time,46.050000000000004,-2.49346228078667e-07,-2.5259238679912014e-07,-2.5214380965577786e-07,0.00010260183795143337,0.00010316336150271916
time,46.1,-2.2207379156143524e-07,-2.254279781129817e-07,-2.249813349440426e-07,0.00010009417256807827,0.00010079063070714489
time,46.15,-1.9353202083255287e-07,-1.9696713925735846e-07,-1.9652318916313353e-07,9.790428808037998e-05,9.828338624305988e-05
time,46.2,-1.6413109379410805e-07,-1.6760909062577316e-07,-1.67168613649594e-07,9.595477735116469e-05,9.57520570955531e-05
time,46.25,-1.3428177470111425e-07,-1.377596386960284e-07,-1.3732342098612288e-07,9.402741470693904e-05,9.334815463703609e-05
time,46.300000000000004,-1.0438759141057367e-07,-1.0782632883241087e-07,-1.0739514768972941e-07,9.190920060665786e-05,9.11736913193879e-05
time,46.35,-7.484276590056448e-08,-7.821260216437824e-08,-7.778721119655077e-08,8.954365154955166e-05,8.922068739838194e-05
time,46.4,-4.6032232364063025e-08,-4.931080414384113e-08,-4.8891918740818714e-08,8.707877970624557e-05,8.737675271110594e-05
time,46.45,-1.8328637027052345e-08,-2.1494675782806506e-08,-2.1082959154200112e-08,8.477127444398211e-05,8.549292081847704e-05
time,46.5,7.915979920796826e-09,4.887654186427887e-09,5.291604135415996e-09,8.28082511248162e-05,8.347260684961696e-05
time,46.550000000000004,3.238138949094781e-08,2.9519329884899823e-08,2.9914992539541324e-08,8.11708932728543e-05,8.132824970591894e-05
time,46.6,5.4788121856501865e-08,5.211879694455406e-08,5.250573954143925e-08,7.964002406102814e-05,7.917212989209425e-05
time,46.65,7.490039924768842e-08,7.244251050417966e-08,7.282039702893376e-08,7.794536642825948e-05,7.714771150176225e-05
time,46.7,9.252369328586974e-08,9.028694359667032e-08,9.065554185127e-08,7.595637382189618e-05,7.53434037672943e-05
time,46.75,1.0750131316719459e-07,1.054904205730274e-07,1.0584960731347001e-07,7.377870793813757e-05,7.374053871423032e-05
time,46.800000000000004,1.1971458264279655e-07,1.1793491114398795e-07,1.1828467523621712e-07,7.168413838907845e-05,7.222605570722164e-05
time,46.85,1.2908759417057386e-07,1.27547494132859e-07,1.278879376981867e-07,6.991983733087026e-05,7.066118787522337e-05
time,46.9,1.3559320871354053e-07,1.3430098074337217e-07,1.346323182768826e-07,6.853133482163149e-05,6.896417827603479e-05
time,46.95,1.3925531520587204e-07,1.382132795945075e-07,1.38535835060777e-07,6.732664526217884e-05,6.71574974836963e-05
time,47.0,1.401447781021672e-07,1.393454113223821e-07,1.3965961327647962e-07,6.600980009845373e-05,6.535216136324539e-05
time,47.050000000000004,1.383709191452214e-07,1.377984376952057e-07,1.3810481254299808e-07,6.43903722467267e-05,6.367972277551165e-05
time,47.1,1.3407334743987652e-07,1.337097599246425e-07,1.340089235097028e-07,6.25195022146521e-05,6.221338838147728e-05
time,47.15,1.2741812017012574e-07,1.2724918207812484e-07,1.275418298414836e-07,6.065417608428366e-05,6.092531662345098e-05
time,47.2,1.18598336302654e-07,1.1861490196071784e-07,1.189017979487523e-07,5.907428066103573e-05,5.970473371172091e-05
time,47.25,1.0783546422104095e-07,1.0802935173663963e-07,1.0831131673073403e-07,5.788300471239019e-05,5.842495656296927e-05
time,47.300000000000004,9.537693524741002e-08,9.573471219641944e-08,9.601261121943477e-08,5.6933542354872024e-05,5.701865158765193e-05
time,47.35,8.148830449396557e-08,8.19880055536003e-08,8.226273499216189e-08,5.593439355720836e-05,5.551651943879604e-05
time,47.4,6.64423561203079e-08,6.705585009858389e-08,6.73283246797683e-08,5.46572200663549e-05,5.402704931050754e-05
time,47.45,5.050972451378865e-08,5.120910639079574e-08,5.1480246265657194e-08,5.309797625146125e-05,5.2670300492912924e-05
time,47.5,3.3954251527823735e-08,3.471767565380124e-08,3.4988393853968934e-08,5.1476594990537586e-05,5.1505772060687296e-05
time,47.550000000000004,1.7032720728879962e-08,1.784563653430246e-08,1.8116827063848537e-08,5.0077286951703964e-05,5.04973992544826e-05
time,47.6,-4.518932091423365e-12,8.468023238408592e-10,1.119329117384721e-09,4.9045604615181105e-05,4.953609466999349e-05
time,47.65,-1.6915731728932557e-08,-1.6039280199982195e-08,-1.5764593275142948e-08,4.8287660053871864e-05,4.850571359878874e-05
time,47.7,-3.347388882033265e-08,-3.25908697295331e-08,-3.231324770789038e-08,4.754137934206815e-05,4.7352503589492863e-05
time,47.75,-4.947448873903679e-08,-4.860706292767063e-08,-4.832578734316543e-08,4.656543612702969e-05,4.611634081610277e-05
time,47.800000000000004,-6.474140113098064e-08,-6.391027299597918e-08,-6.36246881949723e-08,4.5308735587102006e-05,4.4905302857184804e-05
time,47.85,-7.912839907585701e-08,-7.834813441542866e-08,-7.805765254781588e-08,4.3940562866824685e-05,4.382935602644191e-05
time,47.9,-9.251692619637148e-08,-9.179484441147162e-08,-9.149894907287442e-08,4.27239984825725e-05,4.29335215755014e-05
time,47.95,-1.0481293532824695e-07,-1.0415195237286797e-07,-1.0385020089287513e-07,4.1827218252032764e-05,4.2170987104299007e-05
time,48.0,-1.159455823724346e-07,-1.1534857827014865e-07,-1.150406026782357e-07,4.1208364213082744e-05,4.1432190840416724e-05
time,48.050000000000004,-1.2586853470463065e-07,-1.2534101473565403e-07,-1.2502652147934178e-07,4.0652698390851494e-05,4.061178405910987e-05
time,48.1,-1.34562273048718e-07,-1.3411168419066632e-07,-1.337904527165334e-07,3.992984471071285e-05,3.9672382319588886e-05
time,48.15,-1.4203486046420914e-07,-1.416674888200018e-07,-1.4133936914797142e-07,3.895524337984207e-05,3.866621316169431e-05
time,48.2,-1.4831969249254345e-07,-1.480376712910384e-07,-1.477025807156229e-07,3.784200703501482e-05,3.7701787672005234e-05
time,48.25,-1.5347077014604065e-07,-1.532713458940859e-07,-1.5292926494076454e-07,3.681197342746619e-05,3.687652666222373e-05
time,48.300000000000004,-1.5755750019574958e-07,-1.5743483613296548e-07,-1.5708580389362413e-07,3.603544741915652e-05,3.6217009490491843e-05
time,48.35,-1.6066087285151097e-07,-1.6060888516771878e-07,-1.6025299414208364e-07,3.55155845013388e-05,3.5663440051830255e-05
time,48.4,-1.628715172415042e-07,-1.6288574146289809e-07,-1.625231320422022e-07,3.5095576166754134e-05,3.510732378023756e-05
time,48.45,-1.6428862369896323e-07,-1.6436610894903183e-07,-1.6399696368756677e-07,3.457623856803754e-05,3.445846680419461e-05
time,48.5,-1.6501824124659514e-07,-1.651559962097035e-07,-1.6478053403249827e-07,3.385533425690716e-05,3.3699653984372784e-05
time,48.550000000000004,-1.651701349258388e-07,-1.6536356893111083e-07,-1.649820394183279e-07,3.299073199641637e-05,3.289556719996818e-05
time,48.6,-1.648535987733243e-07,-1.6509615528993175e-07,-1.6470883316233738e-07,3.214924236766298e-05,3.2151248846952584e-05
time,48.65,-1.6417342768370825e-07,-1.644575450004317e-07,-1.6406472491068558e-07,3.148485191774657e-05,3.154658957526513e-05
time,48.7,-1.6322707272156689e-07,-1.6354566594780994e-07,-1.6314765766465754e-07,3.1035260274849176e-05,3.108758711609571e-05
time,48.75,-1.6210322754153737e-07,-1.6245065310911978e-07,-1.6204777716832372e-07,3.0705667029583476e-05,3.070397769324832e-05
time,48.800000000000004,-1.6088125164773576e-07,-1.6125328167918173e-07,-1.6084586556480654e-07,3.0343135970706364e-05,3.029368909509982e-05
time,48.85,-1.5963064510748156e-07,-1.6002373764732519e-07,-1.5961211255600174e-07,2.9843075055254606e-05,2.9785787661936424e-05
time,48.9,-1.5841014894907576e-07,-1.5882073235964865e-07,-1.58405230585238e-07,2.921347043496107e-05,2.9182904642167572e-05
time,48.95,-1.5726671211764037e-07,-1.5769100171293507e-07,-1.5727195466874318e-07,2.8558565614296254e-05,2.855764842064725e-05
time,49.0,-1.5623487571973207e-07,-1.5666923694383266e-07,-1.5624697381637334e-07,2.8001420886428352e-05,2.8006309028240967e-05
time,49.050000000000004,-1.55336994107232e-07,-1.5577846438552858e-07,-1.553533113914736e-07,2.7602736227547772e-05,2.7589190834413484e-05
time,49.1,-1.5458430071655917e-07,-1.5503084207285237e-07,-1.5460312227215917e-07,2.7328652059380093e-05,2.7294336073845836e-05
time,49.15,-1.5397843756207712e-07,-1.5442879968349733e-07,-1.5399883328741933e-07,2.708187611925452e-05,2.7046212494847657e-05
time,49.2,-1.5351307237145203e-07,-1.5396643568903772e-07,-1.5353454079038664e-07,2.6768435295672105e-05,2.675300634856238e-05
time,49.25,-1.5317541959758037e-07,-1.5363110176958828e-07,-1.5319759541225576e-07,2.635425575270728e-05,2.6362809592654248e-05
time,49.300000000000004,-1.529477625613805e-07,-1.5340513045538425e-07,-1.5297032994987236e-07,2.5878957084792043e-05,2.5894266501614796e-05
time,49.35,-1.5280915992539773e-07,-1.5326767443815477e-07,-1.52831898820598e-07,2.542477178995125e-05,2.5423540610748903e-05
time,49.4,-1.5273736024636454e-07,-1.5319661497255235e-07,-1.5276018649844997e-07,2.506460434244781e-05,2.503640875660517e-05
time,49.45,-1.5271082226353436e-07,-1.5317047188154885e-07,-1.52733717443936e-07,2.4820850366726348e-05,2.477533990166764e-05
time,49.5,-1.527105972216209e-07,-1.531702295513244e-07,-1.5273348191686946e-07,2.4655858693333053e-05,2.4613947426988418e-05
time,49.550000000000004,-1.5272196466541043e-07,-1.531809968979838e-07,-1.527445956625794e-07,2.4495809682405665e-05,2.4474008703291986e-05
time,49.6,-1.5273579682704114e-07,-1.531934423703699e-07,-1.5275773454665538e-07,2.4273214051760423e-05,2.427405065575951e-05
time,49.65,-1.5274970475655223e-07,-1.5320497093155873e-07,-1.5277031109339348e-07,2.3965404307996013e-05,2.3979328238585403e-05
time,49.7,-1.5276895262533655e-07,-1.5322062174440966e-07,-1.5278737166756302e-07,2.3608718619001353e-05,2.36224743889217e-05
time,49.75,-1.5280705991116004e-07,-1.5325365969280554e-07,-1.5282218744776304e-07,2.3279400493437288e-05,2.3282372700821782e-05
time,49.800000000000004,-1.5288600721538937e-07,-1.53325823379579e-07,-1.5289650185202103e-07,2.3049201470827576e-05,2.3034618938208306e-05
time,49.85,-1.5303602139885327e-07,-1.534671941856801e-07,-1.5304039902257072e-07,2.2939418550932016e-05,2.290441674100425e-05
time,49.9,-1.5329503050544918e-07,-1.5371567283966177e-07,-1.5329177984251534e-07,2.2902084628161136e-05,2.285112430893027e-05
time,49.95,-1.5370783483891432e-07,-1.5411608294562166e-07,-1.5369546495527612e-07,2.2844584515658816e-05,2.2793918322422307e-05
time,50.0,-1.5432497949153052e-07,-1.5471894684321017e-07,-1.5430197018055497e-07,2.268754022495995e-05,2.2662394562439406e-05
time,50.050000000000004,-1.5520124859885908e-07,-1.55578984787717e-07,-1.5516600533168285e-07,2.2420771949892144e-05,2.244035865475688e-05
time,50.1,-1.5639375135261247e-07,-1.5675337592240253e-07,-1.5634473492075036e-07,2.211750502614077e-05,2.217536602285602e-05
time,50.15,-1.5795974791483198e-07,-1.5829980491146893e-07,-1.578958246326531e-07,2.1890859213752442e-05,2.1948134120659844e-05
time,50.2,-1.5995444932219616e-07,-1.6027431908282165e-07,-1.5987529842896132e-07,2.18166203524469e-05,2.182125279802342e-05
time,50.25,-1.6242897175324968e-07,-1.6272904319750518e-07,-1.623352534083627e-07,2.1874677318192487e-05,2.179966736491228e-05
time,50.300000000000004,-1.6542837391412785e-07,-1.657098314192192e-07,-1.6532151200285866e-07,2.1954525790563832e-05,2.182787887880788e-05
time,50.35,-1.6898955136999952e-07,-1.6925395835422674e-07,-1.6887131337939228e-07,2.1927842920165164e-05,2.1825431801443185e-05
time,50.4,-1.731388334593078e-07,-1.7338794815299261e-07,-1.7301114303027558e-07,2.1741038480016676e-05,2.1737919685089663e-05
time,50.45,-1.7788947221050945e-07,-1.7812561411172565e-07,-1.777547729766374e-07,2.1460547357565798e-05,2.1570983237815367e-05
time,50.5,-1.8323952140685542e-07,-1.8346634857987892e-07,-1.8310155237413968e-07,2.1232572629093712e-05,2.1385823226908692e-05
time,50.550000000000004,-1.891705604064945e-07,-1.893936857452357e-07,-1.890349710760762e-07,2.118013375680139e-05,2.1259460793456578e-05
time,50.6,-1.9564731134504792e-07,-1.958741677763667e-07,-1.9552152661860867e-07,2.1309793649242295e-05,2.1235440528669423e-05
time,50.65,-2.026176527059756e-07,-2.0285656831276268e-07,-2.0250994860334954e-07,2.1499066961271972e-05,2.129649520621338e-05
time,50.7,-2.1001242877001164e-07,-2.1027154426131007e-07,-2.0993085141761656e-07,2.1579775497743924e-05,2.137628740168704e-05
time,50.75,-2.1774486326223875e-07,-2.180317790342506e-07,-2.1769687840356652e-07,2.1460887317417785e-05,2.14021704254107e-05
time,50.800000000000004,-2.2571013075467538e-07,-2.2603264725489753e-07,-2.2570336747366337e-07,2.1200566378568767e-05,2.134124501854389e-05
time,50.85,-2.3378600352041875e-07,-2.3415339000614605e-07,-2.3382952721789274e-07,2.0969991752410114e-05,2.12203453807273e-05
time,50.9,-2.418351194811698e-07,-2.422587623725165e-07,-2.419400852284546e-07,2.0930280773221484e-05,2.1107719517822276e-05
time,50.95,-2.497084952358975e-07,-2.502011101230515e-07,-2.4988736547238323e-07,2.111103428540989e-05,2.1068780141716424e-05
time,51.0,-2.5724913238577335e-07,-2.57822840558865e-07,-2.575137597264459e-07,2.138241483417511e-05,2.112453789985489e-05
time,51.050000000000004,-2.642946739334417e-07,-2.649592566151272e-07,-2.646545621574583e-07,2.1546140222454335e-05,2.1239025566541073e-05
time,51.1,-2.7067905590972593e-07,-2.7144171452449733e-07,-2.711411273456867e-07,2.148165350524942e-05,2.1343066937689656e-05
time,51.15,-2.7623422232871315e-07,-2.7710105015990665e-07,-2.768042968547565e-07,2.123912870586887e-05,2.1378563967490405e-05
time,51.2,-2.8079328708318115e-07,-2.81771209840467e-07,-2.814780301149954e-07,2.1007010706615913e-05,2.1334855285239194e-05
time,51.25,-2.841956324444321e-07,-2.852930203110303e-07,-2.850031743181339e-07,2.0974310309554625e-05,2.1254349619534577e-05
time,51.300000000000004,-2.8629293600137655e-07,-2.8751802768636246e-07,-2.8723130311208747e-07,2.1188407097116476e-05,2.1204531750967652e-05
time,51.35,-2.869542878196213e-07,-2.8831231337748414e-07,-2.8802853212259133e-07,2.1515726179171662e-05,2.1234693718655024e-05
time,51.4,-2.8606907244808476e-07,-2.875601621057516e-07,-2.872791864226927e-07,2.173781081004212e-05,2.1344970567054095e-05
time,51.45,-2.83547903012567e-07,-2.8516744107268457e-07,-2.848891790313526e-07,2.1713561472378103e-05,2.148695753375952e-05
time,51.5,-2.793233466649335e-07,-2.810645782466079e-07,-2.807889884075903e-07,2.1486556018843676e-05,2.1594954890138057e-05
time,51.550000000000004,-2.733522615133371e-07,-2.7520909786800574e-07,-2.749361930409463e-07,2.125523735316449e-05,2.1627643884999475e-05
time,51.6,-2.6562004075438454e-07,-2.6758773753522315e-07,-2.673175875000957e-07,2.1225934239272187e-05,2.159376127894157e-05
time,51.65,-2.5614522716322687e-07,-2.5821817680788784e-07,-2.579509098872066e-07,2.1457761914703246e-05,2.1545787707354345e-05
time,51.7,-2.449821174730901e-07,-2.471503345150584e-07,-2.4688613790839336e-07,2.1816382840729498e-05,2.1546011475334304e-05
time,51.75,-2.3222004201497972e-07,-2.3446709013249153e-07,-2.342062089561034e-07,2.20729212628666e-05,2.1626708921790513e-05
time,51.800000000000004,-2.1798008690870483e-07,-2.2028424230878837e-07,-2.20026977313282e-07,2.2074974491386212e-05,2.1769720545403414e-05
time,51.85,-2.0241159290828473e-07,-2.047495931870038e-07,-2.044962971477979e-07,2.186136212350425e-05,2.191826622947993e-05
time,51.9,-1.8569053826659103e-07,-1.880412115883433e-07,-1.8779228437833853e-07,2.1633653811729702e-05,2.2013330523745317e-05
time,51.95,-1.680199469772106e-07,-1.7036507389126533e-07,-1.7012095625998394e-07,2.1605143364879034e-05,2.2031333061181292e-05
time,52.0,-1.496304655150279e-07,-1.519523001958467e-07,-1.517134663026971e-07,2.1840636060577774e-05,2.1998989846286336e-05
time,52.050000000000004,-1.3077856080462145e-07,-1.3305607521682114e-07,-1.3282302400025652e-07,2.2207758085566245e-05,2.1975841227790025e-05
time,52.1,-1.1174122155752253e-07,-1.1394816320168486e-07,-1.1372140870546715e-07,2.2476523808202006e-05,2.2015655758256722e-05
time,52.15,-9.280829044963098e-08,-9.491483829218658e-08,-9.469489910576953e-08,2.2492011059066688e-05,2.2131565015274817e-05
time,52.2,-7.427507731830718e-08,-7.625213879455624e-08,-7.603952679075988e-08,2.228995172214851e-05,2.228748864484379e-05
time,52.25,-5.6437318902028745e-08,-5.8260567870384824e-08,-5.805577644065587e-08,2.206850404986659e-05,2.2421489491359715e-05
time,52.300000000000004,-3.9588624218870346e-08,-4.123955665490807e-08,-4.1043048656087476e-08,2.2038304577455594e-05,2.2485974533800658e-05
time,52.35,-2.401850912506862e-08,-2.5482041457218994e-08,-2.529423709900267e-08,2.2264477478564173e-05,2.2478587079331225e-05
time,52.4,-1.000866955308337e-08,-1.1269361249921555e-08,-1.1090626169329048e-08,2.2619425739495522e-05,2.2443570745682658e-05
time,52.45,2.173453669349928e-09,1.1335373378396922e-09,1.3029035547005721e-09,2.288067760203866e-05,2.2442627944357505e-05
time,52.5,1.2282700560224356e-08,1.1482736470463407e-08,1.1642511054748954e-08,2.2898515079124118e-05,2.251432950905361e-05
time,52.550000000000004,2.0103423292385305e-08,1.955993708518821e-08,1.9709983883945396e-08,2.2706588110043276e-05,2.2648748049690378e-05
time,52.6,2.545397515772892e-08,2.517694070752942e-08,2.531721877871639e-08,2.2493414605511472e-05,2.279403553408296e-05
time,52.65,2.8188298300099078e-08,2.817977816657905e-08,2.8310348960567905e-08,2.2458520381878804e-05,2.2890602832733425e-05
time,52.7,2.819611256955647e-08,2.8452171037806873e-08,2.8573203982839678e-08,2.2663191795988626e-05,2.2910297488360032e-05
time,52.75,2.5403739356720097e-08,2.5918095017203432e-08,2.6029871354223736e-08,2.298773435375303e-05,2.2874670731265052e-05
time,52.800000000000004,1.9776569703200096e-08,2.0543391306462975e-08,2.0646306050229166e-08,2.3224890593027866e-05,2.2840323204864458e-05
time,52.85,1.1322566587054958e-08,1.2336537015736446e-08,1.2431098958032268e-08,2.3236323545486663e-05,2.2861186170852125e-05
time,52.9,9.504288992933708e-11,1.3487553367108264e-09,1.435585054973825e-09,2.3053598150822124e-05,2.2952852469987277e-05
time,52.95,-1.3806970506750836e-08,-1.2326400491492668e-08,-1.2246574604044249e-08,2.284972459491833e-05,2.308256310853872e-05
time,53.0,-3.024124202479023e-08,-2.855397972113345e-08,-2.8480327336299353e-08,2.280620956226819e-05,2.3191258711908845e-05
time,53.050000000000004,-4.9026810259600344e-08,-4.715920280681642e-08,-4.709079934143316e-08,2.2977939172628136e-05,2.323277881061651e-05
time,53.1,-6.994866745298648e-08,-6.792984585420191e-08,-6.786568180317585e-08,2.3256644670026864e-05,2.3204075274742663e-05
time,53.15,-9.276130814402432e-08,-9.06195645432401e-08,-9.05585562920207e-08,2.3456807713399942e-05,2.3146564542648728e-05
time,53.2,-1.1719096205980427e-07,-1.1495211847815142e-07,-1.14893120395843e-07,2.3455743219845474e-05,2.3118110258744366e-05
time,53.25,-1.42937606487718e-07,-1.4062626122117772e-07,-1.4056807880893744e-07,2.328175176695146e-05,2.3154564663715436e-05
time,53.300000000000004,-1.6967834642761585e-07,-1.6732094538144973e-07,-1.672623492241199e-07,2.3086974133216995e-05,2.3246410253586854e-05
time,53.35,-1.9707317012355838e-07,-1.9470054155440386e-07,-1.9464028180229168e-07,2.3029845293855154e-05,2.3345662994481795e-05
time,53.4,-2.2477271244439897e-07,-2.2241997304838619e-07,-2.223567941478053e-07,2.315808726028726e-05,2.3397988253742854e-05
time,53.45,-2.5242642594079737e-07,-2.501299005515736e-07,-2.500625559507117e-07,2.3378709826990005e-05,2.3378464968927204e-05
time,53.5,-2.7968930270016256e-07,-2.7748218446186573e-07,-2.774094510396142e-07,2.3533018844841537e-05,2.3307421982893695e-05
time,53.550000000000004,-3.0622621742940976e-07,-3.041357178421103e-07,-3.040564098329507e-07,2.351612668074147e-05,2.323629205350576e-05
time,53.6,-3.3171463417767334e-07,-3.29762431172676e-07,-3.296754133813324e-07,2.3350731141547423e-05,2.321328624990414e-05
time,53.65,-3.558474968244013e-07,-3.5405302196898475e-07,-3.5395722208073564e-07,2.3163478546669646e-05,2.3251740183246815e-05
time,53.7,-3.7833794534719504e-07,-3.7672194880507297e-07,-3.7661636860630835e-07,2.3086767216278764e-05,2.3321828506094665e-05
time,53.75,-3.9892593589900235e-07,-3.9751148266565227e-07,-3.973952080048233e-07,2.3162210275454485e-05,2.3370700859869423e-05
time,53.800000000000004,-4.1738509610499863e-07,-4.1619496332520806e-07,-4.1606717267482496e-07,2.331606533713411e-05,2.3357427498450766e-05
time,53.85,-4.335274967427573e-07,-4.325796137132218e-07,-4.3243958523770127e-07,2.3419850197078142e-05,2.3279671934602043e-05
time,53.9,-4.4720503535421487e-07,-4.465091715075661e-07,-4.4635628858806444e-07,2.338642826636252e-05,2.3174737590741995e-05
time,53.95,-4.5830818155218904e-07,-4.578662746466675e-07,-4.5770002984807377e-07,2.3229592561577515e-05,2.3094600577351088e-05
time,54.0,-4.667643779788425e-07,-4.6657422917072417e-07,-4.6639422665069623e-07,2.30469009010998e-05,2.3071551510138705e-05
time,54.050000000000004,-4.725381539575037e-07,-4.725977294526176e-07,-4.724036858142579e-07,2.2943969185144815e-05,2.3097057959666925e-05
time,54.1,-4.7563322041801697e-07,-4.75942343750944e-07,-4.757340873452393e-07,2.2959013404310158e-05,2.3127631343915892e-05
time,54.15,-4.7609472992822023e-07,-4.766529516510574e-07,-4.764304203562499e-07,2.3041291504376754e-05,2.31136962449216e-05
time,54.2,-4.7400917095817156e-07,-4.748115619316725e-07,-4.7457479947514513e-07,2.3094003562746363e-05,2.3032366951586724e-05
time,54.25,-4.695006767404228e-07,-4.7053489083621456e-07,-4.702840417669086e-07,2.3045622069453163e-05,2.290250075129651e-05
time,54.300000000000004,-4.627248083458024e-07,-4.639717983719441e-07,-4.637071018198943e-07,2.289712187259912e-05,2.2772086846722076e-05
time,54.35,-4.538624333171962e-07,-4.553003846002989e-07,-4.550221669656603e-07,2.2714728869545268e-05,2.2686300444051154e-05
time,54.4,-4.4311581796938705e-07,-4.44724454498818e-07,-4.4443312120277726e-07,2.2578756984354882e-05,2.26573926937085e-05
time,54.45,-4.307070029030812e-07,-4.3246922564931153e-07,-4.321652520712524e-07,2.2528059105974728e-05,2.265646783389247e-05
time,54.5,-4.1687648159045704e-07,-4.1877644777470673e-07,-4.1846036950896507e-07,2.253801655177844e-05,2.2632735410925698e-05
time,54.550000000000004,-4.0187978742795447e-07,-4.0389931766916415e-07,-4.0357172026166616e-07,2.2542920094288847e-05,2.2547505459703836e-05
time,54.6,-3.859811874738109e-07,-3.8809757155936967e-07,-3.87759079915767e-07,2.2482877105289416e-05,2.240021249576357e-05
time,54.65,-3.6944587835637857e-07,-3.716329427384144e-07,-3.7128421041301337e-07,2.2341992700841043e-05,2.222891289437376e-05
time,54.7,-3.525332310586971e-07,-3.5476493417021417e-07,-3.544066327397744e-07,2.215456450176329e-05,2.2084740116048316e-05
time,54.75,-3.3549281480106784e-07,-3.377467331599976e-07,-3.373795418638836e-07,2.197917192155813e-05,2.1997392306767122e-05
time,54.800000000000004,-3.185628324908665e-07,-3.2082115170753253e-07,-3.204457475110413e-07,2.1860179453236234e-05,2.1954963106543888e-05
time,54.85,-3.019689813771772e-07,-3.0421665085210364e-07,-3.038336990764185e-07,2.1801145792615854e-05,2.1911906443614017e-05
time,54.9,-2.8592178308115594e-07,-2.8814367067239456e-07,-2.877538163345123e-07,2.1764769128558507e-05,2.181990703561262e-05
time,54.95,-2.706120714491225e-07,-2.7279153257147486e-07,-2.723953925807278e-07,2.1697408502231464e-05,2.1660765841251716e-05
time,55.0,-2.56206123618096e-07,-2.5832608587024414e-07,-2.5792424222092944e-07,2.1562654369462145e-05,2.1458868487585485e-05
time,55.050000000000004,-2.428424981203676e-07,-2.4488810304053796e-07,-2.4448109711510186e-07,2.1364147310221957e-05,2.1264615309103892e-05
time,55.1,-2.3063157518733064e-07,-2.3259229050626735e-07,-2.3218061856398315e-07,2.1144088142918745e-05,2.112003623564101e-05
time,55.15,-2.196570421391957e-07,-2.215267492659068e-07,-2.2111085914943974e-07,2.0957477847470908e-05,2.10300947144323e-05
time,55.2,-2.0997754783885702e-07,-2.1175279581441818e-07,-2.1133308487224908e-07,2.0836631305935386e-05,2.09593728333878e-05
time,55.25,-2.0162720705718597e-07,-2.033051763834603e-07,-2.0288199058375416e-07,2.0767997479238838e-05,2.0856438406660718e-05
time,55.300000000000004,-1.9461504691515846e-07,-1.9619278941106315e-07,-1.9576642360764418e-07,2.0697956491924142e-05,2.068915572110054e-05
time,55.35,-1.889247043777653e-07,-1.9040001581565444e-07,-1.8997071511080776e-07,2.0566902282571462e-05,2.0466663732977034e-05
time,55.4,-1.8451570356477218e-07,-1.858886523787711e-07,-1.8545661450483287e-07,2.035105150398685e-05,2.0232948416742553e-05
time,55.45,-1.8132658202393465e-07,-1.826003166015063e-07,-1.8216569521442284e-07,2.0082913589944786e-05,2.0036531001330355e-05
time,55.5,-1.7927893752741677e-07,-1.8045912160906121e-07,-1.8002203035871948e-07,1.9832853967788416e-05,1.98972240456695e-05
time,55.550000000000004,-1.7828107454239398e-07,-1.793744470561535e-07,-1.7893496427786885e-07,1.9660736400451128e-05,1.979282231700594e-05
time,55.6,-1.7823056507232458e-07,-1.7924373049665206e-07,-1.7880190435976423e-07,1.957041791076435e-05,1.9674731703289594e-05
time,55.65,-1.7901608517990176e-07,-1.799553007041587e-07,-1.7951115465588027e-07,1.9501883919460777e-05,1.9501562788639495e-05
time,55.7,-1.8051948390253452e-07,-1.8139130264315132e-07,-1.809448409935484e-07,1.937111470130107e-05,1.9267458644210928e-05
time,55.75,-1.8261874272313915e-07,-1.8343070827896752e-07,-1.8298192178102435e-07,1.9132025299181487e-05,1.9005773420092956e-05
time,55.800000000000004,-1.8519164578888373e-07,-1.8595231390263332e-07,-1.8550118518750818e-07,1.8814855366689083e-05,1.8765854205411013e-05
time,55.85,-1.8811935570279796e-07,-1.8883756366808084e-07,-1.8838407240141847e-07,1.8509025761238654e-05,1.8579157112663624e-05
time,55.9,-1.9128911402673475e-07,-1.9197305391429578e-07,-1.915171815485419e-07,1.8298796572488238e-05,1.843803165137072e-05
time,55.95,-1.9459590874017118e-07,-1.9525265055176664e-07,-1.94794384564982e-07,1.8197863036548702e-05,1.830151793750594e-05
time,56.0,-1.9794355138806063e-07,-1.9857923684532644e-07,-1.9811857437939817e-07,1.813392355168522e-05,1.8123821292178423e-05
time,56.050000000000004,-2.0124577910769044e-07,-2.0186614692752653e-07,-2.0140309776511896e-07,1.7999172472417907e-05,1.788569714254412e-05
time,56.1,-2.0442762184312096e-07,-2.0503831668242945e-07,-2.045729055280739e-07,1.7731970891462838e-05,1.760728959461835e-05
time,56.15,-2.07426735633708e-07,-2.0803312913806953e-07,-2.0756539719089476e-07,1.736774679327996e-05,1.7333940050225496e-05
time,56.2,-2.1019420552746246e-07,-2.1080089479877337e-07,-2.1033090062168747e-07,1.7017067716019668e-05,1.7105024644888594e-05
time,56.25,-2.1269450430451844e-07,-2.133049177091652e-07,-2.128327374137759e-07,1.67835286291639e-05,1.6927276893289604e-05
time,56.300000000000004,-2.1490475063042356e-07,-2.155211473806451e-07,-2.1504687416182533e-07,1.6682477049863548e-05,1.6770682774290797e-05
time,56.35,-2.1681364887124503e-07,-2.1743747089900864e-07,-2.169612139694101e-07,1.6624643467871907e-05,1.6589436252096066e-05
time,56.4,-2.1842045378768153e-07,-2.1905272635927274e-07,-2.1857460935123766e-07,1.6481108221717876e-05,1.6353389691111507e-05
time,56.45,-2.1973401495507877e-07,-2.2037550978669258e-07,-2.198956687038774e-07,1.6182594394622804e-05,1.606849861547835e-05
time,56.5,-2.2077169056866626e-07,-2.2142281953241263e-07,-2.2094140034309725e-07,1.577647182836898e-05,1.5772488727051312e-05
time,56.550000000000004,-2.215579372562907e-07,-2.2221856027563908e-07,-2.217357162433e-07,1.5394530804215573e-05,1.550893949841674e-05
time,56.6,-2.221225391455691e-07,-2.2279192860267062e-07,-2.2230781744861317e-07,1.5152986452974559e-05,1.529759777508267e-05
time,56.65,-2.22498701227376e-07,-2.2317572076412153e-07,-2.2269050175456372e-07,1.5060756743969366e-05,1.512114533778537e-05
time,56.7,-2.227212309267134e-07,-2.234046251903297e-07,-2.2291845623814784e-07,1.5008727401652334e-05,1.4937323700974873e-05
time,56.75,-2.2282497129079566e-07,-2.2351357233890967e-07,-2.230266072080371e-07,1.4851555006971082e-05,1.470802643512906e-05
time,56.800000000000004,-2.228434337746106e-07,-2.2353620702627637e-07,-2.230485927226537e-07,1.452078242021386e-05,1.4425450368500812e-05
time,56.85,-2.228075503326204e-07,-2.2350352948876173e-07,-2.2301540391405003e-07,1.4081058795148142e-05,1.411744828827861e-05
time,56.9,-2.227444905351359e-07,-2.2344273249514106e-07,-2.2295422242795295e-07,1.3683251196468871e-05,1.3828439506474421e-05
time,56.95,-2.2267662060810917e-07,-2.233762518173135e-07,-2.2288747127303553e-07,1.344829986365346e-05,1.3588948460110107e-05
time,57.0,-2.2262072313705138e-07,-2.2332104746277066e-07,-2.228320964692171e-07,1.3371480155298527e-05,1.3394663214688379e-05
time,57.050000000000004,-2.2258756846961984e-07,-2.232881370303184e-07,-2.2279910084364296e-07,1.3323183409958815e-05,1.3209445353231886e-05
time,57.1,-2.225818038909572e-07,-2.2328240163965218e-07,-2.2279335041281135e-07,1.3148078948101546e-05,1.2990313198487184e-05
time,57.15,-2.2260209950513256e-07,-2.2330267424809582e-07,-2.2281366315153795e-07,1.2786783593996926e-05,1.2717254703420293e-05
time,57.2,-2.2264149258319529e-07,-2.2334210238083693e-07,-2.2285317216127635e-07,1.2324546099912875e-05,1.240726553519725e-05
time,57.25,-2.2268795186425434e-07,-2.233887605821441e-07,-2.228999385308371e-07,1.1926987754433583e-05,1.2102771569733784e-05
time,57.300000000000004,-2.227251906466128e-07,-2.234264799491292e-07,-2.229377812375341e-07,1.1711357715255424e-05,1.1842297253823789e-05
time,57.35,-2.2273375354796323e-07,-2.2343586400362639e-07,-2.229472933330829e-07,1.1653672540971475e-05,1.1633672437607128e-05
time,57.4,-2.2269227798405307e-07,-2.2339546511370802e-07,-2.2290701861705692e-07,1.1605596958727992e-05,1.1448497546860804e-05
time,57.45,-2.2257882463004756e-07,-2.2328309427247406e-07,-2.2279476159849157e-07,1.1409485081170551e-05,1.1241911872282584e-05
time,57.5,-2.223721909189342e-07,-2.2307722518032654e-07,-2.2258899168546737e-07,1.1022287848254674e-05,1.0984022811900559e-05
time,57.550000000000004,-2.2205321888560763e-07,-2.2275843680393632e-07,-2.222702857701194e-07,1.05507451804086e-05,1.068103009412582e-05
time,57.6,-2.2160616747019638e-07,-2.2231082864775677e-07,-2.218227434409847e-07,1.0169048673740055e-05,1.0371109838608545e-05
time,57.65,-2.2102014023371972e-07,-2.2172334857725266e-07,-2.2123531466131373e-07,9.982604369636131e-06,1.009776461463549e-05
time,57.7,-2.2029046840462126e-07,-2.209909919022605e-07,-2.205029986253607e-07,9.944753493064236e-06,9.879273804187258e-06
time,57.75,-2.1941984965870282e-07,-2.201158495712912e-07,-2.1962789165044252e-07,9.892533346047481e-06,9.695794520995896e-06
time,57.800000000000004,-2.184191080596563e-07,-2.1910798838771958e-07,-2.1862006702436682e-07,9.674181074882708e-06,9.503341032789128e-06
time,57.85,-2.173075983429034e-07,-2.1798613328836176e-07,-2.1749825685771886e-07,9.268503357113532e-06,9.264889542444141e-06
time,57.9,-2.1611342643405317e-07,-2.167781024212298e-07,-2.162902866871568e-07,8.802038433075261e-06,8.976644931798557e-06
time,57.95,-2.1487361342416598e-07,-2.155209396353361e-07,-2.1503320745366124e-07,8.450073172193848e-06,8.670822547644963e-06
time,58.0,-2.136341786882489e-07,-2.1426070867537123e-07,-2.1377308916280118e-07,8.299108821183235e-06,8.392904075787089e-06
time,58.050000000000004,-2.1244990127297575e-07,-2.1305195278865743e-07,-2.1256447995203177e-07,8.27898664523028e-06,8.169470587485225e-06
time,58.1,-2.1138351528703162e-07,-2.1195685971987108e-07,-2.114695705599848e-07,8.218171622291914e-06,7.98945807068644e-06
time,58.15,-2.1050430819532532e-07,-2.1104418155278669e-07,-2.1055711367583622e-07,7.978671536790433e-06,7.812157335960965e-06
time,58.2,-2.0988637363428422e-07,-2.1038793635862252e-07,-2.0990112514455297e-07,7.564330838801825e-06,7.596243237601535e-06
time,58.25,-2.0960688627899522e-07,-2.1006588429012628e-07,-2.095793596804186e-07,7.1173510400922835e-06,7.329150283775436e-06
time,58.300000000000004,-2.097445881818922e-07,-2.1015775713152517e-07,-2.0967154011048864e-07,6.8061233649533275e-06,7.0359068905482294e-06
time,58.35,-2.1037831525711165e-07,-2.107432470557437e-07,-2.1025734591078285e-07,6.693038219513797e-06,6.761230458776874e-06
time,58.4,-2.1158517263161139e-07,-2.118998161163189e-07,-2.114142225744775e-07,6.686317026511664e-06,6.537745077451191e-06
time,58.45,-2.1343813382113903e-07,-2.137004355301046e-07,-2.1321512087920157e-07,6.6132212266279345e-06,6.36299106505656e-06
time,58.5,-2.1600323222976925e-07,-2.1621136724720435e-07,-2.1572627855758992e-07,6.356238995604318e-06,6.201498592623229e-06
time,58.550000000000004,-2.193368940074269e-07,-2.1949005497870663e-07,-2.1900511154382877e-07,5.944728384441883e-06,6.010258317896715e-06
time,58.6,-2.2348391267266586e-07,-2.2358313155535768e-07,-2.2309822166534174e-07,5.530425153470768e-06,5.7693096161414775e-06
time,58.65,-2.2847614579203956e-07,-2.2852452250518477e-07,-2.2803950065896168e-07,5.2672150262407185e-06,5.4956994764060735e-06
time,58.7,-2.3433148872112373e-07,-2.3433365626379336e-07,-2.3384834091458658e-07,5.19062525774642e-06,5.231082984168654e-06
time,58.75,-2.4105258768141335e-07,-2.410138574310974e-07,-2.405280293494024e-07,5.19163558556703e-06,5.012032725091447e-06
time,58.800000000000004,-2.486251259361023e-07,-2.4855104724774737e-07,-2.480644485755335e-07,5.104138494548666e-06,4.844274053445542e-06
time,58.85,-2.570161195782059e-07,-2.5691286180659855e-07,-2.5642519586457787e-07,4.835849549880346e-06,4.699030072070717e-06
time,58.9,-2.6617296647403237e-07,-2.6604822720827694e-07,-2.6555915910231594e-07,4.439348148853349e-06,4.533792527152785e-06
time,58.95,-2.7602369392237384e-07,-2.758873520515164e-07,-2.7539651010351906e-07,4.0685034028311015e-06,4.322539378563783e-06
time,59.0,-2.864781794220722e-07,-2.863420685215297e-07,-2.858490465259005e-07,3.856376024529901e-06,4.073944066475276e-06
time,59.050000000000004,-2.974296038321135e-07,-2.973064913881864e-07,-2.9681085167096194e-07,3.81166663044826e-06,3.8248804270415265e-06
time,59.1,-3.0875553530466343e-07,-3.08658032094869e-07,-3.081593093325682e-07,3.8144619490249256e-06,3.6141166550710417e-06
time,59.15,-3.2031863098610915e-07,-3.2025884086625023e-07,-3.197565466069083e-07,3.7126283880438288e-06,3.4549864455717784e-06
time,59.2,-3.3196764292048616e-07,-3.319577179644916e-07,-3.3145134578239044e-07,3.44130469801929e-06,3.326300391284708e-06
time,59.25,-3.4353945643163476e-07,-3.435924560706252e-07,-3.430814872751739e-07,3.0715104813762867e-06,3.18767868051657e-06
time,59.300000000000004,-3.548623566235363e-07,-3.549925075135978e-07,-3.544764173189703e-07,2.7514979339865997e-06,3.008232088532581e-06
time,59.35,-3.6575993099158677e-07,-3.6598186000954894e-07,-3.654601240559255e-07,2.5892719971737306e-06,2.788262637563498e-06
time,59.4,-3.7605467744382717e-07,-3.7638205066734164e-07,-3.7585415177113783e-07,2.5695341482192303e-06,2.558786854989866e-06
time,59.45,-3.855708054507912e-07,-3.8601530341988516e-07,-3.8548073842383756e-07,2.5689922294555788e-06,2.3594279146290957e-06
time,59.5,-3.941364796794563e-07,-3.9470779005553476e-07,-3.941660766513735e-07,2.4553925202180697e-06,2.2104213894298227e-06
time,59.550000000000004,-4.015863192024337e-07,-4.022929788364119e-07,-4.017436622398934e-07,2.1906485752178695e-06,2.098485385072851e-06
time,59.6,-4.0776476521062265e-07,-4.086149810376936e-07,-4.080576404024194e-07,1.857562703636651e-06,1.9864120775919395e-06
time,59.65,-4.125301832219602e-07,-4.1353177987550106e-07,-4.129660343345272e-07,1.5916837415624523e-06,1.8394878008087362e-06
time,59.7,-4.1575887255933095e-07,-4.169182448979933e-07,-4.1634375912189636e-07,1.4743855889186736e-06,1.6500355512586464e-06
time,59.75,-4.173481004583758e-07,-4.186688750728151e-07,-4.1808536423465864e-07,1.4716282242041029e-06,1.4427663840899073e-06
time,59.800000000000004,-4.1721785603737997e-07,-4.1870023853375895e-07,-4.1810747258001557e-07,1.4644250513358647e-06,1.2572040490856043e-06
time,59.85,-4.153118448920613e-07,-4.169530709033974e-07,-4.163508780457145e-07,1.3440714275104021e-06,1.119640025996501e-06
time,59.9,-4.115985051767729e-07,-4.1339397528537196e-07,-4.127822446467231e-07,1.0958327897575378e-06,1.0244787829118682e-06
time,59.95,-4.060725122189039e-07,-4.080166651478343e-07,-4.0739534851243997e-07,8.066495635183103e-07,9.382103345530434e-07
time,60.0,-3.9875647142211846e-07,-4.008427160844394e-07,-4.002118287115734e-07,5.939139858551854e-07,8.232352702516317e-07
time,60.050000000000004,-3.897019954142074e-07,-3.9192182375851364e-07,-3.912814442286444e-07,5.136841978493059e-07,6.646575521372211e-07
time,60.1,-3.789895423335528e-07,-3.8133157518149283e-07,-3.8068184425435924e-07,5.201621204507761e-07,4.809706935696686e-07
time,60.15,-3.667269281776848e-07,-3.6917672377264154e-07,-3.685178422539873e-07,5.054607824375334e-07,3.109355991878252e-07
time,60.2,-3.5304712274956623e-07,-3.555879410913983e-07,-3.5492016672669754e-07,3.853286016299212e-07,1.858981207474666e-07
time,60.25,-3.3810599188784296e-07,-3.4072003147406216e-07,-3.400436749089596e-07,1.6263868200436287e-07,1.0727687522777003e-07
time,60.300000000000004,-3.220803438994794e-07,-3.247496441331809e-07,-3.2406506399768284e-07,-7.909939812774657e-08,4.540223938551485e-08
time,60.35,-3.051660336664525e-07,-3.0787256845216357e-07,-3.071801656388866e-07,-2.4368662697214143e-07,-3.930622418555386e-08
time,60.4,-2.875755850044297e-07,-2.9030071137206206e-07,-2.896009225914559e-07,-2.9633283878720143e-07,-1.6789638298427885e-07
time,60.45,-2.6953492359700017e-07,-2.722588206211677e-07,-2.7155211133182897e-07,-2.868602471425205e-07,-3.27621080321571e-07
time,60.5,-2.5127925952026354e-07,-2.5398096769937776e-07,-2.5326782452932877e-07,-3.0713159056298677e-07,-4.809805433784635e-07
time,60.550000000000004,-2.3304858075024053e-07,-2.3570678989597502e-07,-2.3498771268763297e-07,-4.1896520906087937e-07,-5.927244780264991e-07
time,60.6,-2.1508331573443604e-07,-2.176775321461036e-07,-2.1695302576966666e-07,-6.091431771752712e-07,-6.554012232907621e-07
time,60.65,-1.9762051842251678e-07,-2.001319979591325e-07,-1.9940256404503514e-07,-8.039839668140832e-07,-6.949139073327913e-07
time,60.7,-1.8089055257339553e-07,-1.833025581784586e-07,-1.8256868692157714e-07,-9.286333462978088e-07,-7.518977277589694e-07
time,60.75,-1.6511394003757877e-07,-1.6741134321067553e-07,-1.6667350540023792e-07,-9.633485695117104e-07,-8.522835066050246e-07
time,60.800000000000004,-1.5049801226919802e-07,-1.5266667703230898e-07,-1.519253164628615e-07,-9.546169324944982e-07,-9.884011186291333e-07
time,60.85,-1.3723322314430705e-07,-1.392597547303573e-07,-1.3851528114816992e-07,-9.759691763791015e-07,-1.124460570078343e-06
time,60.9,-1.2548936622118084e-07,-1.2736156342367612e-07,-1.2661434615580658e-07,-1.071470130991653e-06,-1.2225562498891764e-06
time,60.95,-1.1541222851407464e-07,-1.1712009459115257e-07,-1.1637045698929666e-07,-1.225277328745809e-06,-1.270318207917692e-06
time,61.0,-1.0712118627660076e-07,-1.086579468423884e-07,-1.0790616165270592e-07,-1.3777926859047923e-06,-1.2900143421865347e-06
time,61.050000000000004,-1.0070793786874353e-07,-1.0207042440539844e-07,-1.0131671015315675e-07,-1.4727137528600262e-06,-1.322373543474133e-06
time,61.1,-9.623607007055862e-08,-9.742419045708972e-08,-9.666870891446805e-08,-1.4978611869996872e-06,-1.396881540282224e-06
time,61.15,-9.374083982544301e-08,-9.475647153497543e-08,-9.399932632130448e-08,-1.4905222940993116e-06,-1.5102585273690412e-06
time,61.2,-9.322869814643863e-08,-9.407477454097827e-08,-9.331601088362302e-08,-1.5065909905783541e-06,-1.6288948270801723e-06
time,61.25,-9.467661951394751e-08,-9.535708674962117e-08,-9.459669240756797e-08,-1.5790391638107036e-06,-1.7134843593469054e-06
time,61.300000000000004,-9.803185987086004e-08,-9.855255867257197e-08,-9.779046599403207e-08,-1.6963977974338284e-06,-1.7478092596543184e-06
time,61.35,-1.0321287262230322e-07,-1.035826834343986e-07,-1.0281877248875836e-07,-1.8145778884014765e-06,-1.7505760591963203e-06
time,61.4,-1.1011168853869028e-07,-1.1034296882954002e-07,-1.0957707152813838e-07,-1.8904806995753032e-06,-1.7616516444651659e-06
time,61.45,-1.1859727837948795e-07,-1.1870506474497445e-07,-1.1793696984706078e-07,-1.911890046590379e-06,-1.8128460500215854e-06
time,61.5,-1.2851892852191843e-07,-1.2851928587187633e-07,-1.2774874475991949e-07,-1.9034641464438163e-06,-1.9047057794269938e-06
time,61.550000000000004,-1.3970888605159035e-07,-1.396174684201667e-07,-1.388442015181552e-07,-1.9070969468328984e-06,-2.0063033009395466e-06
time,61.6,-1.5198433947059653e-07,-1.5181610696742926e-07,-1.510398106638559e-07,-1.952287497149706e-06,-2.0780700774516916e-06
time,61.65,-1.651495469833487e-07,-1.6491971432230966e-07,-1.64140068246938e-07,-2.037090102916515e-06,-2.100819988304787e-06
time,61.7,-1.7899902327101053e-07,-1.7872433043386548e-07,-1.7794100492821188e-07,-2.1312419047456274e-06,-2.08966729817431e-06
time,61.75,-1.9332198435200427e-07,-1.9302109312109944e-07,-1.9223375674108044e-07,-2.197756407791467e-06,-2.082752081842147e-06
time,61.800000000000004,-2.079073369534792e-07,-2.0759979178835666e-07,-2.068081186849366e-07,-2.217889169396869e-06,-2.1132146277845543e-06
time,61.85,-2.2254800463111022e-07,-2.222523523598232e-07,-2.2145602939696958e-07,-2.2032815754756e-06,-2.1850589718591e-06
time,61.9,-2.370438878053216e-07,-2.3677622278660677e-07,-2.3597495627065878e-07,-2.1878739862977796e-06,-2.270521698825896e-06
time,61.95,-2.512037240323805e-07,-2.5097762069683964e-07,-2.5017114260400785e-07,-2.2050430525966703e-06,-2.3306695874047893e-06
time,62.0,-2.648468578063798e-07,-2.646745717428256e-07,-2.6386264534185953e-07,-2.264776635033547e-06,-2.3439520402966005e-06
time,62.050000000000004,-2.7780581723260397e-07,-2.776996401144296e-07,-2.7688206489241776e-07,-2.346050877044153e-06,-2.321779858988089e-06
time,62.1,-2.899297043574617e-07,-2.899022634757883e-07,-2.8907887929002657e-07,-2.410293806471596e-06,-2.2998987291053494e-06
time,62.15,-3.0108748937498773e-07,-3.011506551613783e-07,-3.0032134556048074e-07,-2.4279652333395254e-06,-2.3121118327524647e-06
time,62.2,-3.111700942435544e-07,-3.11333293199086e-07,-3.104979878798877e-07,-2.4004913844284244e-06,-2.3657020406576875e-06
time,62.25,-3.200908150635332e-07,-3.2036003654175107e-07,-3.1951871293082116e-07,-2.3613616785885075e-06,-2.4364408392697225e-06
time,62.300000000000004,-3.277846690034002e-07,-3.281628802483178e-07,-3.2731556421441977e-07,-2.3536544480960937e-06,-2.4865964263175967e-06
time,62.35,-3.342077389641138e-07,-3.346963119233936e-07,-3.338430776393371e-07,-2.3984641404726244e-06,-2.4925735129611598e-06
time,62.4,-3.393372182482381e-07,-3.3993720941498066e-07,-3.390781783966261e-07,-2.4772050923422136e-06,-2.4619686768043812e-06
time,62.45,-3.4317195620176835e-07,-3.4388425124718576e-07,-3.4301959060780147e-07,-2.5427201443967554e-06,-2.427756551099882e-06
time,62.5,-3.4573255490299325e-07,-3.465568787249936e-07,-3.456867986969553e-07,-2.553447515372835e-06,-2.4240820991143378e-06
time,62.550000000000004,-3.47060199283804e-07,-3.4799390403164077e-07,-3.4711865482335074e-07,-2.5062224448346954e-06,-2.4614453852936062e-06
time,62.6,-3.472141833649423e-07,-3.4825186323656205e-07,-3.4737173130652285e-07,-2.4417908455978467e-06,-2.519313969990089e-06
time,62.65,-3.462688569235059e-07,-3.474031690612575e-07,-3.4651847289973213e-07,-2.4161477469574435e-06,-2.5613596519878285e-06
time,62.7,-3.4431099171095656e-07,-3.455340657583835e-07,-3.446451512692845e-07,-2.45743633747923e-06,-2.562044112200461e-06
time,62.75,-3.4143794549559964e-07,-3.427423723283655e-07,-3.4184960790276963e-07,-2.5415950942638966e-06,-2.525145175551057e-06
time,62.800000000000004,-3.377562631839567e-07,-3.3913503401198905e-07,-3.382388053841652e-07,-2.607851159480314e-06,-2.4808295546294656e-06
time,62.85,-3.333798928829836e-07,-3.348255586649931e-07,-3.33926263644358e-07,-2.604801695791761e-06,-2.4635535397699006e-06
time,62.9,-3.2842755098721477e-07,-3.299314502903577e-07,-3.2902949346699133e-07,-2.532277590012191e-06,-2.4869765221630706e-06
time,62.95,-3.230194511549706e-07,-3.2457174076723944e-07,-3.2366752829061475e-07,-2.4448268937541942e-06,-2.5341441096813358e-06
time,63.0,-3.1727414410922625e-07,-3.1886467333469654e-07,-3.1795860786179943e-07,-2.4112494175935138e-06,-2.570009563412624e-06
time,63.050000000000004,-3.113061411271531e-07,-3.129255438756656e-07,-3.120180197754816e-07,-2.459995005387383e-06,-2.567092758810066e-06
time,63.1,-3.0522443995904303e-07,-3.0686469086977414e-07,-3.0595608975917734e-07,-2.5538582798193013e-06,-2.5255472952851777e-06
time,63.15,-2.9913147651748484e-07,-3.007856469434424e-07,-2.9987633361856804e-07,-2.6164149886749415e-06,-2.4730183007202353e-06
time,63.2,-2.931219323813961e-07,-2.947835008971604e-07,-2.9387381971605297e-07,-2.5918258419742704e-06,-2.4444179751829133e-06
time,63.25,-2.8728116911497177e-07,-2.889435373786375e-07,-2.880338091439264e-07,-2.4912192498268467e-06,-2.456395502577771e-06
time,63.300000000000004,-2.816835834261609e-07,-2.833402059852477e-07,-2.824307253667627e-07,-2.3870660137590362e-06,-2.495164526143202e-06
time,63.35,-2.7639143163365646e-07,-2.7803643192574115e-07,-2.771274654502957e-07,-2.357325435213028e-06,-2.526617978117276e-06
time,63.4,-2.7145446213613206e-07,-2.7308324193627026e-07,-2.7217502655591863e-07,-2.4223637334215263e-06,-2.52136830670964e-06
time,63.45,-2.6691026484918304e-07,-2.685196639343155e-07,-2.676124061679888e-07,-2.525820296373397e-06,-2.4763844562239365e-06
time,63.5,-2.6278491636317376e-07,-2.643728705527226e-07,-2.6346674618209913e-07,-2.5771689732295333e-06,-2.4173152690736575e-06
time,63.550000000000004,-2.5909354933320474e-07,-2.6065855999775586e-07,-2.597537142875321e-07,-2.5240232618137067e-06,-2.379704445549117e-06
time,63.6,-2.5584075563208805e-07,-2.573815810337578e-07,-2.564781294380292e-07,-2.3963721954400354e-06,-2.382830145897089e-06
time,63.65,-2.530210697946591e-07,-2.545368000024101e-07,-2.5363482931072935e-07,-2.285364732629844e-06,-2.4154272535077046e-06
time,63.7,-2.5061982847433037e-07,-2.521101814398474e-07,-2.5120975130772446e-07,-2.2713185279140855e-06,-2.443911190532943e-06
time,63.75,-2.48614494684703e-07,-2.500800273304017e-07,-2.4918117213029387e-07,-2.357864913613005e-06,-2.437164018728524e-06
time,63.800000000000004,-2.469762856781317e-07,-2.4841831005365774e-07,-2.4752104097569884e-07,-2.4663611184650643e-06,-2.3896342130793283e-06
time,63.85,-2.4567178668849085e-07,-2.470920450149295e-07,-2.4619635234328114e-07,-2.4973372342681426e-06,-2.325604680389865e-06
time,63.9,-2.446643435900515e-07,-2.4606467049016486e-07,-2.4517052598115444e-07,-2.4110208793097154e-06,-2.2813246449261824e-06
time,63.95,-2.439152486082663e-07,-2.452974177484463e-07,-2.444047770395728e-07,-2.2616560456004964e-06,-2.2781322547826146e-06
time,64.0,-2.4338487231452016e-07,-2.447506536805059e-07,-2.4385945866362544e-07,-2.156025835061719e-06,-2.3065136553840726e-06
time,64.05,-2.430338713887613e-07,-2.443851641651761e-07,-2.4349534526203587e-07,-2.167789369958407e-06,-2.333060374765953e-06
time,64.1,-2.4282446084137406e-07,-2.441633327382044e-07,-2.432748110221962e-07,-2.2764593018231193e-06,-2.325296489932496e-06
time,64.15,-2.4272159746223595e-07,-2.440501685936776e-07,-2.431628577089011e-07,-2.381691446124483e-06,-2.275952857643309e-06
time,64.2,-2.426939071291052e-07,-2.440141528057334e-07,-2.4312796064357287e-07,-2.383250464462457e-06,-2.208531969910983e-06
time,64.25,-2.427142819037526e-07,-2.4402789254724827e-07,-2.431427226513652e-07,-2.262898244344918e-06,-2.1598768254735875e-06
time,64.3,-2.427602255108793e-07,-2.440685871533183e-07,-2.4318433983536316e-07,-2.1011988281584086e-06,-2.1526619511800253e-06
time,64.35,-2.4281403879979384e-07,-2.441183111218346e-07,-2.432348842813643e-07,-2.0139080449109105e-06,-2.178375368189103e-06
time,64.4,-2.428629164332747e-07,-2.4416411245821917e-07,-2.4328140211071117e-07,-2.0581760413395826e-06,-2.2036179283439934e-06
time,64.45,-2.4289891635424524e-07,-2.441979208671166e-07,-2.4331582139352724e-07,-2.184698878441377e-06,-2.1951035782991746e-06
time,64.5,-2.4291873135126876e-07,-2.4421626629546797e-07,-2.4333467043564736e-07,-2.275968528014519e-06,-2.1446572141329376e-06
time,64.55,-2.429232248389227e-07,-2.442198221947332e-07,-2.4333862081521884e-07,-2.24104013476982e-06,-2.075415733448546e-06
time,64.6,-2.429167760876086e-07,-2.4421280096323886e-07,-2.4333188263726756e-07,-2.0903131796240826e-06,-2.0245056509116842e-06
time,64.65,-2.429065214138836e-07,-2.442022340087921e-07,-2.433214844523244e-07,-1.928734477010348e-06,-2.0151694852167807e-06
time,64.7,-2.4290154448191805e-07,-2.4419716570263746e-07,-2.4331646711437616e-07,-1.8715633933943824e-06,-2.039303348433293e-06
time,64.75,-2.429120422913787e-07,-2.442077856305778e-07,-2.4332701598621673e-07,-1.9503742453975046e-06,-2.063572287055174e-06
time,64.8,-2.4294843744927764e-07,-2.442445235611586e-07,-2.433635559125711e-07,-2.086091358228908e-06,-2.054517071920852e-06
time,64.85,-2.430204480344257e-07,-2.443171372475133e-07,-2.434358390765459e-07,-2.152130435154771e-06,-2.003739658690534e-06
time,64.9,-2.4313617668657133e-07,-2.444338292953622e-07,-2.435520619695348e-07,-2.0772332930899093e-06,-1.934188055707537e-06
time,64.95,-2.433013014732899e-07,-2.44600429698751e-07,-2.437180480724922e-07,-1.9043529907411581e-06,-1.8828243682203157e-06
time,65.0,-2.435183951099237e-07,-2.448196739041835e-07,-2.4393652610416144e-07,-1.7568423040384263e-06,-1.8727798810101863e-06
