grid,r,phi,Z,mode
base,0.1,0.7426140469967158,1.1102951245593682,0.11238693784406252
base,0.2,0.742611911394754,1.110294490189074,0.1123419113288597
base,0.30000000000000004,0.742608331513518,1.1102934268066582,0.1122668916155165
base,0.4,0.7426032763149143,1.1102919251987289,0.11216191541107458
base,0.5,0.7425967019008287,1.1102899723347976,0.11202703408353193
base,0.6000000000000001,0.742588551062495,1.110287551233819,0.11186231364007737
base,0.7000000000000001,0.7425787526926877,1.1102846407901255,0.11166783469924259
base,0.8,0.7425672210542897,1.110281215556858,0.11144369245707474
base,0.9,0.7425538548972267,1.1102772454845464,0.1111899966474566
base,1.0,0.742538536414085,1.1102726956119944,0.11090687149672708
base,1.1,0.7425211300229846,1.110267525706122,0.1105944556727782
base,1.2000000000000002,0.7425014809643844,1.110261689846861,0.11025290222883434
base,1.3,0.7424794136964808,1.110255135952614,0.1098823785421437
base,1.4000000000000001,0.7424547300716774,1.1102478052411615,0.10948306624784404
base,1.5,0.7424272072742375,1.1102396316202048,0.10905516116829293
base,1.6,0.742396595496669,1.110230541001009,0.10859887323818458
base,1.7000000000000002,0.7423626153295937,1.1102204505277988,0.10811442642581051
base,1.8,0.742324954836817,1.1102092677146964,0.10760205865085443
base,1.9000000000000001,0.742283266283991,1.1101968894810461,0.10706202169915044
base,2.0,0.7422371624856487,1.1101832010749495,0.1064945811348728
base,2.1,0.7421862127314397,1.1101680748737275,0.10590001621066622
base,2.2,0.7421299382480998,1.1101513690488256,0.1052786197762717
base,2.3000000000000003,0.7420678071490069,1.1101329260813873,0.10463069818624787
base,2.4000000000000004,0.7419992288180917,1.1101125711133286,0.10395657120743784
base,2.5,0.7419235476693637,1.1100901101172589,0.10325657192688478
base,2.6,0.741840036217357,1.1100653278669939,0.10253104666095328
base,2.7,0.7417478873873852,1.11003798568873,0.10178035486647301
base,2.8000000000000003,0.7416462059876181,1.1100078189711657,0.101004869054782
base,2.9000000000000004,0.7415339992576533,1.10997453441101,0.10020497470961195
base,3.0,0.7414101664004739,1.1099378069683956,0.09938107020982562
base,3.1,0.7412734869965044,1.1098972765047914,0.09853356675808632
base,3.2,0.7411226081899438,1.109852544074053,0.09766288831661517
base,3.3000000000000003,0.7409560305287776,1.1098031678353926,0.09676947155126515
base,3.4000000000000004,0.7407720923309749,1.109748658555282,0.09585376578522241
base,3.5,0.7405689524405359,1.1096884746637745,0.09491623296372347
base,3.6,0.7403445712285245,1.1096220168295097,0.09395734763125932
base,3.7,0.740096689686314,1.109548622016928,0.09297759692281898
base,3.8000000000000003,0.7398228064514061,1.109467556989127,0.09197748057080485
base,3.9000000000000004,0.7395201526008934,1.1093780112205698,0.09095751092933149
base,4.0,0.7391856640445901,1.1092790891858084,0.0899182130176925
base,4.1000000000000005,0.7388159513498991,1.1091698019938112,0.08886012458484756
base,4.2,0.7384072668346779,1.1090490583428518,0.0877837961968411
base,4.3,0.7379554687739672,1.1089156547786811,0.08668979134910718
base,4.4,0.7374559825830653,1.1087682652495108,0.0855786866056456
base,4.5,0.73690375886493,1.1086054299658525,0.08445107176705882
base,4.6000000000000005,0.7362932282465288,1.108425543592339,0.08330755006941767
base,4.7,0.7356182529792518,1.1082268428232493,0.08214873841586572
base,4.800000000000001,0.7348720753459018,1.1080073934246386,0.0809752676427671
base,4.9,0.7340472630047503,1.107765076864953,0.07978778282204527
base,5.0,0.7331356515136954,1.1074975767040822,0.078586943601129
base,5.1000000000000005,0.7321282844192532,1.1072023649693357,0.07737342458160994
base,5.2,0.7310153514707903,1.1068766888171926,0.07614791573729829
base,5.300000000000001,0.72978612573521,1.1065175578631214,0.07491112287182161
base,5.4,0.7284289006463203,1.1061217326593613,0.07366376811521956
base,5.5,0.7269309283310571,1.1056857149128505,0.0724065904581158
base,5.6000000000000005,0.7252783609154758,1.1052057401624478,0.07114034632096272
base,5.7,0.7234561969291621,1.1046777737750413,0.0698658101545187
base,5.800000000000001,0.7214482353971908,1.104097511271544,0.06858377506608533
base,5.9,0.7192370407299242,1.1034603841515878,0.0672950534640665
base,6.0,0.7168039220835495,1.1027615725428719,0.06600047771104771
base,6.1000000000000005,0.7141289314521714,1.101996026147404,0.06470090077280502
base,6.2,0.7111908853404236,1.1011584950782591,0.06339719684737535
base,6.300000000000001,0.7079674154181126,1.1002435722587605,0.062090261954527784
base,6.4,0.7044350540267761,1.0992457490683414,0.06078101446164278
base,6.5,0.7005693607296452,1.0981594858386288,0.059470395517137606
base,6.6000000000000005,0.6963450961943606,1.0969792985987867,0.05815936935721291
base,6.7,0.6917364494817227,1.095699863108316,0.056848923445928345
base,6.800000000000001,0.6867173241838108,1.0943161366668346,0.05554006840260817
base,6.9,0.681261687707899,1.092823497427723,0.0542338376645804
base,7.0,0.6753439862425425,1.0912178999507935,0.05293128682761974
base,7.1000000000000005,0.6689396254940689,1.089496044511229,0.05163349260167548
base,7.2,0.6620255141096704,1.0876555562664347,0.05034155131612136
base,7.300000000000001,0.6545806628313403,1.0856951688305434,0.049056576907590126
base,7.4,0.6465868279578095,1.0836149052177084,0.047779698325270514
base,7.5,0.6380291828328223,1.0814162476292637,0.0465120562942041
base,7.6000000000000005,0.628896996139538,1.0791022863506667,0.04525479938744817
base,7.7,0.6191842911798731,1.0766778372887844,0.04400907937363289
base,7.800000000000001,0.6088904565554787,1.0741495176168678,0.04277604582782166
base,7.9,0.5980207762865151,1.0715257697740652,0.041556840020628934
base,8.0,0.5865868469263333,1.0688168257973956,0.04035258813264259
base,8.1,0.5746068510750205,1.0660346066604702,0.039164393877052395
base,8.200000000000001,0.562105661099078,1.0631925548479264,0.03799333065102865
base,8.3,0.5491147538080526,1.0603054025699357,0.03684043337323427
base,8.4,0.5356719259995151,1.057388882460806,0.03570669019786521
base,8.5,0.5218208115345983,1.0544593918701253,0.03459303432163795
base,8.6,0.5076102120647487,1.0515336254784837,0.03350033611624983
base,8.700000000000001,0.49309326465615316,1.0486281935298527,0.03242939582273589
base,8.8,0.47832647928801875,1.0457592441576142,0.03138093703453057
base,8.9,0.46336868659537295,1.0429421079434242,0.030355601172848298
base,9.0,0.4482799406045085,1.0401909810296763,0.029353943122479038
base,9.1,0.4331204222375515,1.037518660031847,0.0283764281507213
base,9.200000000000001,0.41794938709442897,1.0349363380345218,0.02742343018035065
base,9.3,0.40282419586542856,1.0324534665549259,0.026495231433169324
base,9.4,0.38779945837170854,1.0300776839826782,0.02559202340778438
base,9.5,0.37292631352216765,1.0278148070634467,0.024713909107409494
base,9.600000000000001,0.3582518582970531,1.0256688787946584,0.023860906393523052
base,9.700000000000001,0.3438187300294059,1.0236422638238067,0.023032952311024184
base,9.8,0.3296648384030698,1.0217357811358645,0.022229908210950382
base,9.9,0.3158232371627684,1.019948863426394,0.021451565487729314
base,10.0,0.302322120764626,1.0182797329407243,0.02069765174840427
base,10.100000000000001,0.28918492811673363,1.016725584529976,0.019967837239801098
base,10.200000000000001,0.2764305340468674,1.0152827680306873,0.01926174137437173
base,10.3,0.2640735089610698,1.0139469636270024,0.01857893921453955
base,10.4,0.2521244280389865,1.0127133454427972,0.017918967796957768
base,10.5,0.24059021295171426,1.0115767301136303,0.017281332200567358
base,10.600000000000001,0.22947449120483124,1.0105317084227432,0.016665511284396656
base,10.700000000000001,0.21877796056036028,1.00957275920539,0.01607096304169736
base,10.8,0.20849874838194116,1.0086943456153672,0.015497129535591856
base,10.9,0.19863275803323066,1.0078909945127776,0.014943441397529449
base,11.0,0.1891739965434877,1.0071573601936472,0.01440932188335924
base,11.100000000000001,0.1801148795799457,1.0064882739692196,0.013894190492752465
base,11.200000000000001,0.17144651130982108,1.0058787812480616,0.013397466166200451
base,11.3,0.16315893799562683,1.0053241678095721,0.012918570080113405
base,11.4,0.1552413751623566,1.00481997691246,0.01245692806493088
base,11.5,0.14768240893074572,1.0043620187815177,0.012011972673924134
base,11.600000000000001,0.14047017265903494,1.0039463738813719,0.011583144931814322
base,11.700000000000001,0.13359250040977616,1.0035693912331471,0.011169895792719774
base,11.8,0.12703705899048295,1.0032276828713902,0.010771687336523322
base,11.9,0.1207914604369693,1.0029181153828992,0.010387993731727252
base,12.0,0.11484335684214868,1.0026377993221547,0.010018301991416229
base,12.100000000000001,0.10918051940318159,1.0023840771634298,0.009662112547223546
base,12.200000000000001,0.10379090348464788,1.002154510329232,0.00931893966430965
base,12.3,0.09866270138982658,1.0019468657291075,0.008988311718405473
base,12.4,0.09378438440797399,1.0017591021517565,0.008669771354015343
base,12.5,0.08914473557175029,1.0015893567760314,0.008362875540966349
base,12.600000000000001,0.0847328744224207,1.001435932001577,0.008067195544667905
base,12.700000000000001,0.0805382749460387,1.0012972827462567,0.007782316823731245
base,12.8,0.07655077771489685,1.001172004313751,0.0075078388670069005
base,12.9,0.07276059714731865,1.0010588208994469,0.007243374980636627
base,13.0,0.06915832468667854,1.0009565747746936,0.006988552034385229
base,13.100000000000001,0.06573492859801428,1.0008642161675572,0.006743010175315705
base,13.200000000000001,0.06248175098788475,1.0007807938413025,0.0065064025157922185
base,13.3,0.05939050257002627,1.000705446359104,0.006278394801832819
base,13.4,0.056453255625436925,1.0006373940141422,0.006058665066979572
base,13.5,0.05366243554018979,1.000575931397621,0.00584690327609896
base,13.600000000000001,0.05101081124687378,1.0005204205728129,0.00564281096286144
base,13.700000000000001,0.04849148484538452,1.000470284820502,0.0054461008640671075
base,13.8,0.046097880635128576,1.00042500291981,0.005256496553476461
base,13.9,0.043823733752879776,1.0003841039280086,0.005073732077363014
base,14.0,0.04166307857788366,1.0003471624233173,0.004897551593621151
base,14.100000000000001,0.03961023703774176,1.0003137941756373,0.00472770901593107
base,14.200000000000001,0.03765980692456454,1.000283652211519,0.004563967664196999
base,14.3,0.03580665031035674,1.0002564232412896,0.004406099922229394
base,14.4,0.0340458821331368,1.0002318244180446,0.004253886903431812
base,14.5,0.032372859010489,1.0002096004001026,0.0041071181250737845
base,14.600000000000001,0.030783168324742954,1.0001895206904219,0.003965591191578651
base,14.700000000000001,0.029272617613453684,1.0001713772283887,0.0038291114871263003
base,14.8,0.02783722429003876,1.0001549822112348,0.0036974918777619385
base,14.9,0.026473205712073847,1.0001401661241347,0.0035705524231108106
base,15.0,0.02517696960864269,1.000126775959735,0.003448120097722656
base,15.100000000000001,0.023945104873098495,1.0001146736094768,0.0033300285220066524
base,15.200000000000001,0.02277437272346214,1.0001037344105894,0.003216117702665681
base,15.3,0.02166169822932071,1.0000938458340356,0.003106233782496554
base,15.4,0.02060416220138015,1.0000849063000041,0.0030002287993887654
base,15.5,0.019598993437666076,1.0000768241087539,0.002897960454327313
base,15.600000000000001,0.018643561318670322,1.0000695164757285,0.002799291888184103
base,15.700000000000001,0.017735368742433,1.000062908660886,0.0027040914670664307
base,15.8,0.016872045389567,1.0000569331831255,0.002612232575979325
base,15.9,0.01605134130751961,1.0000515291115541,0.002523593420550448
base,16.0,0.015271120802878442,1.0000466414261153,0.0024380568365611494
base,16.1,0.014529356630226418,1.0000422204408177,0.0023555101070247145
base,16.2,0.013824124465900364,1.0000382212834498,0.00227584478655241
base,16.3,0.013153597654981319,1.0000346034262537,0.0021989565327491635
base,16.400000000000002,0.012516042219918531,1.00003133026257,0.002124744944383456
base,16.5,0.011909812119342991,1.0000283687249436,0.0020531134060797667
base,16.6,0.011333344745843653,1.0000256889406256,0.00198396893928674
base,16.7,0.010785156651746066,1.0000232639208004,0.0019172220592796746
base,16.8,0.010263839492237038,1.0000210692802245,0.0018527866379619722
base,16.900000000000002,0.00976805617551082,1.0000190829842897,0.0017905797722366768
base,17.0,0.009296537209963306,1.0000172851208193,0.0017305216577259567
base,17.1,0.00884807723882505,1.0000156576941648,0.001672535467623374
base,17.2,0.008421531752995167,1.0000141844394133,0.0016165472364708725
base,17.3,0.008015813973212434,1.0000128506547306,0.0015624857486595477
base,17.400000000000002,0.0076298918930733485,1.00001164305006,0.0015102824314604255
base,17.5,0.007262785474776523,1.0000105496105705,0.0014598712523985421
base,17.6,0.00691356398983637,1.0000095594734084,0.0014111886207906499
base,17.7,0.006581343497364747,1.000008662816446,0.0013641732932737536
base,17.8,0.006265284452865541,1.0000078507578551,0.00131876628315842
base,17.900000000000002,0.005964589440823292,1.0000071152654395,0.0012749107734474152
base,18.0,0.005678501024691841,1.0000064490747775,0.001232552033366615
base,18.1,0.005406299708202332,1.000005845615307,0.0011916373382613703
base,18.2,0.005147302002211304,1.0000052989435804,0.0011521158927175587
base,18.3,0.004900858591598912,1.000004803682987,0.0011139387567723632
base,18.400000000000002,0.004666352597004537,1.0000043549693118,0.0010770587750854816
base,18.5,0.004443197926452233,1.0000039484015628,0.001041430508946896
base,18.6,0.004230837712171787,1.0000035799975493,0.0010070101710025641
base,18.7,0.00402874282816288,1.0000032461537551,0.0009737555625844398
base,18.8,0.0038364104842802454,1.0000029436090807,0.0009416260135360645
base,18.900000000000002,0.003653362892837048,1.0000026694120854,0.0009105823244296281
base,19.0,0.003479146003932469,1.0000024208913834,0.0008805867110748459
base,19.1,0.0033133283059078767,1.0000021956288925,0.0008516027512242989
base,19.200000000000003,0.0031554996875245303,1.0000019914356555,0.000823595333383962
base,19.3,0.003005270358634789,1.0000018063299856,0.000796530607641592
base,19.400000000000002,0.0028622698262886965,1.0000016385177117,0.0007703759384293998
base,19.5,0.002726145923379076,1.0000014863743192,0.0007450998591410398
base,19.6,0.0025965638870811027,1.000001348428804,0.0007206720285263843
base,19.700000000000003,0.0024732054844872962,1.0000012233490736,0.0006970631887908651
base,19.8,0.0023557681829762343,1.0000011099287465,0.0006742451253293014
base,19.900000000000002,0.00224396436298346,1.0000010070752126,0.0006521906280271587
base,20.0,0.0021375205709663636,1.0000009137988382,0.0006308734540650628
fine,0.05,0.7426154720625691,1.1102955478693424,0.112392212679476
fine,0.1,0.7426149407326085,1.110295390039859,0.11238095558801822
fine,0.15000000000000002,0.7426140539047861,1.11029512661138,0.11236219529877213
fine,0.2,0.7426128096588303,1.1102947570138764,0.1123359341063418
fine,0.25,0.7426112052994727,1.110294280447267,0.1123021752228302
fine,0.30000000000000004,0.7426092373495382,1.1102936958793725,0.11226092277749752
fine,0.35000000000000003,0.7426069015410266,1.1102930020432729,0.11221218181632164
fine,0.4,0.7426041928041646,1.110292197434065,0.11215595830146197
fine,0.45,0.7426011052543939,1.1102912803050096,0.11209225911062695
fine,0.5,0.7425976321772662,1.1102902486630564,0.11202109203634608
fine,0.55,0.7425937660111948,1.1102891002637378,0.11194246578514627
fine,0.6000000000000001,0.7425894983280252,1.1102878326054135,0.11185638997663438
fine,0.65,0.7425848198113629,1.110286442922855,0.11176287514248619
fine,0.7000000000000001,0.742579720232605,1.1102849281801468,0.11166193272534244
fine,0.75,0.7425741884246069,1.1102832850628928,0.11155357507761408
fine,0.8,0.7425682122529123,1.1102815099696972,0.11143781546019645
fine,0.8500000000000001,0.7425617785844694,1.1102795990029062,0.1113146680410949
fine,0.9,0.7425548732537448,1.110277547958577,0.1111841478939623
fine,0.9500000000000001,0.742547481026145,1.1102753523156546,0.11104627099655025
fine,1.0,0.7425395855586439,1.1102730072243205,0.11090105422907559
fine,1.05,0.7425311693575083,1.1102705074934858,0.11074851537250374
fine,1.1,0.7425222137330081,1.1102678475773935,0.11058867310675051
fine,1.1500000000000001,0.7425126987509831,1.1102650215612937,0.11042154700880463
fine,1.2000000000000002,0.7425026031811398,1.1102620231461537,0.11024715755077234
fine,1.25,0.7424919044419315,1.1102588456323612,0.11006552609784692
fine,1.3,0.7424805785418741,1.1102554819023753,0.10987667490620448
fine,1.35,0.7424686000171397,1.1102519244022822,0.10968062712082954
fine,1.4000000000000001,0.7424559418652518,1.1102481651222036,0.1094774067732713
fine,1.4500000000000002,0.7424425754747084,1.1102441955755036,0.10926703877933468
fine,1.5,0.7424284705503373,1.1102400067767426,0.10904954893670787
fine,1.55,0.7424135950341828,1.110235589218316,0.10882496392252967
fine,1.6,0.7423979150217078,1.1102309328457158,0.10859331129089943
fine,1.6500000000000001,0.7423813946730871,1.1102260270313515,0.10835461947033277
fine,1.7000000000000002,0.7423639961193474,1.1102208605468573,0.10810891776116645
fine,1.75,0.7423456793631064,1.1102154215338145,0.10785623633291573
fine,1.8,0.7423264021736362,1.110209697472811,0.1075966062215877
fine,1.85,0.7423061199759773,1.110203675150758,0.10733005932695448
fine,1.9000000000000001,0.7422847857337972,1.1101973406263739,0.10705662840979005
fine,1.9500000000000002,0.7422623498256852,1.1101906791937495,0.10677634708907498
fine,2.0,0.7422387599145498,1.1101836753438978,0.10648924983917304
fine,2.0500000000000003,0.7422139608097734,1.1101763127241864,0.10619537198698428
fine,2.1,0.7421878943217552,1.1101685740955523,0.1058947497090792
fine,2.15,0.742160499108457,1.110160441287383,0.10558742002881852
fine,2.2,0.7421317105135493,1.1101518951499534,0.10527342081346394
fine,2.25,0.7421014603957284,1.1101429155042946,0.1049527907712849
fine,2.3000000000000003,0.742069676948759,1.110133481089367,0.1046255694486665
fine,2.35,0.7420362845117712,1.110123569506407,0.10429179722722451
fine,2.4000000000000004,0.7420012033693193,1.1101131571603036,0.10395151532093302
fine,2.45,0.7419643495406855,1.1101022191978664,0.10360476577327113
fine,2.5,0.7419256345578837,1.1100907294428237,0.10325159145439436
fine,2.5500000000000003,0.7418849652317984,1.1100786603273973,0.10289203605833781
fine,2.6,0.74184224340586,1.110065982820288,0.10252614410025766
fine,2.6500000000000004,0.7417973656966358,1.1100526663508936,0.10215396091371778
fine,2.7,0.7417502232206825,1.1100386787295864,0.10177553264802892
fine,2.75,0.7417007013069811,1.1100239860638534,0.10139090626564783
fine,2.8000000000000003,0.7416486791942397,1.110008552670112,0.10100012953964432
fine,2.85,0.7415940297123228,1.1099923409809924,0.1006032510512439
fine,2.9000000000000004,0.741536618947031,1.109975311447879,0.10020032018745471
fine,2.95,0.7414763058874233,1.1099574224384918,0.09979138713878691
fine,3.0,0.7414129420548384,1.1099386301292822,0.09937650289707378
fine,3.0500000000000003,0.7413463711127436,1.1099188883924067,0.09895571925340357
fine,3.1,0.741276428456497,1.109898148677044,0.09852908879617163
fine,3.1500000000000004,0.74120294078208,1.1098763598848007,0.09809666490926222
fine,3.2,0.7411257256328221,1.1098534682389554,0.09765850177037087
fine,3.25,0.7410445909230978,1.1098294171472762,0.09721465434947667
fine,3.3000000000000003,0.7409593344379541,1.1098041470581472,0.09676517840747606
fine,3.35,0.7408697433075767,1.1097775953097269,0.0963101304949889
fine,3.4000000000000004,0.740775593455483,1.1097496959718647,0.09584956795134782
fine,3.45,0.7406766490192892,1.1097203796804886,0.0953835489037828
fine,3.5,0.7405726617428705,1.109689573464184,0.09491213226681319
fine,3.5500000000000003,0.740463370338704,1.1096572005626706,0.09443537774185909
fine,3.6,0.7403484998191558,1.109623180236895,0.09395334581708459
fine,3.6500000000000004,0.7402277607954493,1.109587427570449,0.09346609776748663
fine,3.7,0.7401008487430306,1.109549853262031,0.09297369565524158
fine,3.75,0.7399674432320308,1.1095103634086698,0.09247620233032389
fine,3.8000000000000003,0.73982720712151,1.1094688592794428,0.09197368143141049
fine,3.85,0.7396797857161628,1.1094252370794218,0.09146619738708486
fine,3.9000000000000004,0.7395248058841631,1.1093793877036018,0.09095381541735514
fine,3.95,0.7393618751348356,1.10933119648058,0.09043660153550123
fine,4.0,0.7391905806548495,1.1092805429057706,0.08991462255026537
fine,4.05,0.7390104883016677,1.1092273003639739,0.08938794606840134
fine,4.1000000000000005,0.7388211415530063,1.1091713358411375,0.08885664049759784
fine,4.15,0.7386220604111208,1.109112509625194,0.08832077504979094
fine,4.2,0.738412740260791,1.1090506749958902,0.08778041974488143
fine,4.25,0.7381926506799612,1.1089856779035814,0.0872356454148727
fine,4.3,0.7379612342020863,1.1089173566370132,0.08668652370844432
fine,4.3500000000000005,0.7377179050293566,1.1088455414801806,0.08613312709597756
fine,4.4,0.7374620476961139,1.1087700543584291,0.08557552887504787
fine,4.45,0.7371930156819357,1.1086907084740454,0.08501380317639949
fine,4.5,0.7369101299740657,1.108607307931679,0.08444802497041824
fine,4.55,0.7366126775790887,1.1085196473540468,0.08387827007411609
fine,4.6000000000000005,0.7362999099840133,1.1084275114884932,0.08330461515864288
fine,4.65,0.7359710415672238,1.108330674805109,0.08272713775733868
fine,4.7,0.7356252479601012,1.1082289010872721,0.08214591627434012
fine,4.75,0.7352616643605067,1.1081219430156364,0.08156102999375336
fine,4.800000000000001,0.7348793837997513,1.1080095417467803,0.08097255908940527
fine,4.8500000000000005,0.7344774553651694,1.107891426487939,0.0803805846351836
fine,4.9,0.7340548823809664,1.1077673140694668,0.07978518861597522
fine,4.95,0.7336106205506224,1.107636908516934,0.07918645393921075
fine,5.0,0.7331435760648202,1.1074999006250226,0.078584464447022
fine,5.050000000000001,0.7326526036796197,1.1073559675357052,0.07797930492901628
fine,5.1000000000000005,0.7321365047704447,1.1072047723234966,0.07737106113567074
fine,5.15,0.7315940253683563,1.107045963590935,0.07675981979234595
fine,5.2,0.7310238541861124,1.1068791750778237,0.07614566861391663
fine,5.25,0.7304246206426038,1.1067040252881784,0.07552869632001391
fine,5.300000000000001,0.7297948928954657,1.106520117139261,0.07490899265086946
fine,5.3500000000000005,0.7291331758929661,1.1063270376375527,0.0742866483837493
fine,5.4,0.7284379094576803,1.1061243575870152,0.07366175534995963
fine,5.45,0.7277074664159815,1.1059116313355133,0.07303440645240328
fine,5.5,0.7269401507890002,1.1056883965658268,0.07240469568365972
fine,5.550000000000001,0.7261341960624417,1.1054541741382498,0.0717727181445557
fine,5.6000000000000005,0.725287763554496,1.1052084679923766,0.07113857006318754
fine,5.65,0.724398940903015,1.104950765116282,0.07050234881434903
fine,5.7,0.7234657406951867,1.104680535591927,0.06986415293931061
fine,5.75,0.7224860992650565,1.1043972327262475,0.06922408216588895
fine,5.800000000000001,0.7214578756864687,1.1041002932780064,0.06858223742873412
fine,5.8500000000000005,0.7203788509912679,1.1037891377910998,0.06793872088975364
fine,5.9,0.7192467276449163,1.103463171045584,0.0672936359585809
fine,5.95,0.7180591293140182,1.1031217826382411,0.06664708731298402
fine,6.0,0.7168136009625679,1.1027643477049847,0.06599918091909793
fine,6.050000000000001,0.7155076093160104,1.1023902277978226,0.06535002405134922
fine,6.1000000000000005,0.7141385437344019,1.1019987719294184,0.06469972531192811
fine,6.15,0.7127037175380121,1.1015893177985006,0.06404839464964601
fine,6.2,0.7112003698305837,1.1011611932094318,0.06339614337800055
fine,6.25,0.7096256678670865,1.1007137176991617,0.06274308419225162
fine,6.300000000000001,0.7079767100141117,1.1002462043844812,0.06208933118529302
fine,6.3500000000000005,0.7062505293519623,1.0997579620419855,0.06143499986208418
fine,6.4,0.7044440979679374,1.0992482974323723,0.06078020715238557
fine,6.45,0.7025543319901836,1.0987165178796345,0.06012507142151954
fine,6.5,0.7005780974107025,1.09816193411432,0.05946971247885527
fine,6.550000000000001,0.6985122167445619,1.0975838633882804,0.058814251583694056
fine,6.6000000000000005,0.6963534765699596,1.0969816328662139,0.05815881144820688
fine,6.65,0.6940986359904247,1.0963545832967536,0.05750351623705264
fine,6.7,0.6917444360560152,1.095702072962891,0.05684849156328217
fine,6.75,0.6892876101747826,1.0950234819080926,0.056193864480109525
fine,6.800000000000001,0.686724895538933,1.0943182164305918,0.05553976346810986
fine,6.8500000000000005,0.6840530455819533,1.0935857138339893,0.05488631841738284
fine,6.9,0.6812688434734125,1.0928254474175203,0.054233660604200595
fine,6.95,0.6783691166471683,1.0920369316841319,0.05358192266164354
fine,7.0,0.6753507523462899,1.09121972773894,0.05293123854371347
fine,7.050000000000001,0.6722107141541617,1.0903734488447296,0.052281743482403754
fine,7.1000000000000005,0.6689460594660241,1.0894977660950242,0.05163357393720183
fine,7.15,0.6655539578387384,1.0885924141589618,0.050986867536499045
fine,7.2,0.6620317101389606,1.0876571970459032,0.05034176301039
fine,7.25,0.6583767683913989,1.0866919938315003,0.0496984001143573
fine,7.300000000000001,0.65458675620963,1.0856967642810091,0.04905691954335881
fine,7.3500000000000005,0.6506594896723988,1.0846715543001493,0.04841746283586601
fine,7.4,0.6465929984887534,1.0836165011389354,0.047780172267440815
fine,7.45,0.6423855472762176,1.0825318382698732,0.04714519073348967
fine,7.5,0.6380356567579013,1.0814178998588972,0.04651266162089397
fine,7.550000000000001,0.633542124667529,1.0802751247456495,0.04588272866828852
fine,7.6000000000000005,0.6289040461363276,1.079104059849329,0.04525553581484308
fine,7.65,0.6241208333231217,1.0779053629175896,0.0446312270374972
fine,7.7,0.6191922340393694,1.076679804538933,0.04400994617670457
fine,7.75,0.6141183491147617,1.0754282693438881,0.04339183675085962
fine,7.800000000000001,0.6088996482469061,1.0741517563270413,0.04277704175970525
fine,7.8500000000000005,0.6035369840809178,1.072851378230698,0.042165703477155016
fine,7.9,0.5980316042718369,1.0715283599415895,0.04155796323410415
fine,7.95,0.5923851612948903,1.0701840358644747,0.040953961191950224
fine,8.0,0.5865997197858694,1.068819846250572,0.0403538361076921
fine,8.05,0.5806777612162759,1.0674373324742292,0.03975772509162473
fine,8.1,0.5746221857352514,1.0660381312678315,0.03916576335879277
fine,8.15,0.5684363110423213,1.0646239679422804,0.03857808397550569
fine,8.200000000000001,0.5621238681911966,1.0631966486380469,0.03799481760234747
fine,8.25,0.5556889942646425,1.0617580516693699,0.037416092235233026
fine,8.3,0.5491362219029966,1.0603101180411794,0.03684203294616598
fine,8.35,0.542470465713414,1.0588548412342655,0.03627276162543786
fine,8.4,0.535697005632327,1.0573942563686882,0.03570839672707287
fine,8.450000000000001,0.5288214673589381,1.055930428867932,0.03514905301936297
fine,8.5,0.5218498000216751,1.0544654427565325,0.034594841342354125
fine,8.55,0.5147882512814194,1.0530013887314764,0.034045868374133675
fine,8.6,0.5076433401138922,1.0515403521523978,0.033502236407731624
fine,8.65,0.500421827547941,1.0500844010972843,0.03296404314038324
fine,8.700000000000001,0.49313068566575385,1.0486355746290352,0.03243138147680928
fine,8.75,0.4857770651945785,1.0471958714138117,0.03190433934805327
fine,8.8,0.4783682620367968,1.0457672388248211,0.031382999547274915
fine,8.85,0.4709116830958956,1.0443515626552418,0.03086743958373787
fine,8.9,0.4634148117598268,1.0429506575516792,0.030357731556050233
fine,8.950000000000001,0.45588517340053786,1.0415662582652876,0.029853942045523045
fine,9.0,0.4483303012393067,1.0402000118018655,0.02935613203030687
fine,9.05,0.440757702912369,1.0388534705353176,0.02886435682075506
fine,9.1,0.4331748280507412,1.0375280863313578,0.028378666016247944
fine,9.15,0.42558903716281393,1.0362252057106343,0.02789910348349854
fine,9.200000000000001,0.41800757207901973,1.0349460660630794,0.027425707356151734
fine,9.25,0.41043752818550705,1.0336917929086058,0.02695851005528891
fine,9.3,0.402885828639181,1.032463398183656,0.026497538330261482
fine,9.35,0.39535920072057734,1.0312617795188828,0.026042813319102853
fine,9.4,0.3878641544446821,1.0300877204606176,0.025594350627611246
fine,9.450000000000001,0.38040696351380887,1.0289418915779593,0.0251521604260577
fine,9.5,0.37299364866171697,1.0278248523883962,0.02471624756235489
fine,9.55,0.36562996340495424,1.0267370540279017,0.024286611690425276
fine,9.600000000000001,0.35832138218647064,1.0256788425864045,0.023863247412430812
fine,9.65,0.3510730908683031,1.0246504630263649,0.02344614443347069
fine,9.700000000000001,0.343889979504915,1.0236520636007782,0.023035287727319307
fine,9.75,0.33677663730678586,1.0226837006871332,0.02263065771176082
fine,9.8,0.329737349685213,1.0217453439554858,0.022232230432079367
fine,9.850000000000001,0.3227760972540332,1.020836881791709,0.021839977751283702
fine,9.9,0.3158965566520205,1.0199581269009206,0.021453867545679076
fine,9.950000000000001,0.30910210304096325,1.0191088220208693,0.021073863904446998
fine,10.0,0.302395814128655,1.0182886456805065,0.02069992733195209
fine,10.05,0.29578047556303705,1.0174972179448594,0.020332014951563483
fine,10.100000000000001,0.28925858754322864,1.0167341060935007,0.01997008070985381
fine,10.15,0.2828323724948949,1.0159988301862182,0.019614075580120054
fine,10.200000000000001,0.27650378366103123,1.0152908684757733,0.019263947764255804
fine,10.25,0.27027451446449435,1.0146096626338037,0.018919642892091994
fine,10.3,0.2641460085051848,1.0139546227618443,0.018581104217411683
fine,10.350000000000001,0.2581194700624182,1.0133251321650607,0.018248272809932707
fine,10.4,0.25219587498143314,1.01272055187153,0.017921087742638606
fine,10.450000000000001,0.2463759818319583,1.0121402248847322,0.01759948627392251
fine,10.5,0.24066034323605762,1.0115834801612995,0.017283404024089753
fine,10.55,0.2350493172719214,1.0110496363099992,0.01697277514584196
fine,10.600000000000001,0.2295430788696965,1.010538005011396,0.01666753248843838
fine,10.65,0.22414163112471044,1.0100478941606492,0.016367607755298046
fine,10.700000000000001,0.21884481646243545,1.0095786107384954,0.01607293165486943
fine,10.75,0.21365232759815117,1.0091294634176216,0.015783434044652288
fine,10.8,0.2085637182424426,1.0086997649134226,0.015499044068308954
fine,10.850000000000001,0.2035784135113462,1.0082888340895593,0.015219690285850124
fine,10.9,0.19869572000710428,1.0078959978298283,0.014945300796922566
fine,10.950000000000001,0.19391483554207853,1.0075205926886623,0.014675803357264037
fine,11.0,0.18923485848440363,1.0071619663331224,0.014411125488423639
fine,11.05,0.18465479670942636,1.00681947878956,0.014151194580874438
fine,11.100000000000001,0.18017357614589372,1.00649250350824,0.01389593799066973
fine,11.15,0.17579004891023223,1.0061804282591724,0.01364528312981466
fine,11.200000000000001,0.1715030010261336,1.005882655872194,0.013399157550542093
fine,11.25,0.1673111597300476,1.0055986048340426,0.013157489023695219
fine,11.3,0.16321320036611484,1.00532770975475,0.012920205611429859
fine,11.350000000000001,0.15920775287658634,1.0050694217152025,0.012687235734457675
fine,11.4,0.15529340789589408,1.0048232085071842,0.012458508234056705
fine,11.450000000000001,0.15146872245830667,1.0045885547766302,0.012233952429079037
fine,11.5,0.14773222533054395,1.0043649620802229,0.012013498168186943
fine,11.55,0.14408242198187532,1.0041519488648327,0.011797075877548207
fine,11.600000000000001,0.14051779920511842,1.00394905037869,0.011584616604219998
fine,11.65,0.13703682940260925,1.003755818522544,0.011376052055447191
fine,11.700000000000001,0.1336379745516717,1.0035718216484546,0.011171314634097308
fine,11.75,0.13031968986438647,1.00339664431327,0.010970337470449027
fine,11.8,0.12708042715658013,1.0032298869932599,0.010773054450545522
fine,11.850000000000001,0.12391863794094038,1.0030711657658276,0.0105794002413177
fine,11.9,0.12083277625903575,1.0029201119636932,0.010389310312675357
fine,11.950000000000001,0.11782130126679505,1.0027763718064402,0.010202720956757323
fine,12.0,0.11488267958769893,1.00263960601385,0.010019569304524153
fine,12.05,0.11201538744756838,1.0025094894050057,0.009839793339869353
fine,12.100000000000001,0.1092179126044154,1.002385710486733,0.009663331911417435
fine,12.15,0.1064887560863613,1.002267971034564,0.009490124742169426
fine,12.200000000000001,0.10382643375013714,1.0021559856690543,0.009320112437148717
fine,12.25,0.10122947767216885,1.002049481429956,0.009153236489192638
fine,12.3,0.09869643738372262,1.0019481973504478,0.00898943928302757
fine,12.350000000000001,0.09622588096105265,1.0018518840333461,0.008828664097758189
fine,12.4,0.09381639598095627,1.0017603032309712,0.008670855107894188
fine,12.450000000000001,0.09146659035160816,1.0016732274301097,0.008515957383031044
fine,12.5,0.08917509302801854,1.001590439443311,0.008363916886294535
fine,12.55,0.08694055462094191,1.0015117320075595,0.008214680471652368
fine,12.600000000000001,0.08476164790755893,1.001436907391201,0.00806819588019002
fine,12.65,0.08263706825176265,1.0013657770098492,0.007924411735441875
fine,12.700000000000001,0.08056553394140664,1.0012981610518528,0.007783277537863123
fine,12.75,0.07854578644941503,1.0012338881137914,0.007644743658522382
fine,12.8,0.07657659062521625,1.0011727948463565,0.00750876133208977
fine,12.850000000000001,0.07465673482254213,1.0011147256108728,0.007375282649190324
fine,12.9,0.07278503096923346,1.0010595321466385,0.007244260548187848
fine,12.950000000000001,0.07096031458431164,1.001007073249181,0.0071156488064598854
fine,13.0,0.06918144474721441,1.0009572144594623,0.0069894020312203245
fine,13.05,0.06744730402374975,1.0009098277640145,0.0068654756499420995
fine,13.100000000000001,0.0657567983529984,1.0008647913059274,0.006743825900428749
fine,13.15,0.06410885689908886,1.0008219891065815,0.006624409820580041
fine,13.200000000000001,0.06250243187148011,1.0007813107979697,0.006507185237893508
fine,13.25,0.060936498317116505,1.0007426513654303,0.006392110758740692
fine,13.3,0.05941005388756379,1.0007059109005847,0.006279145757453817
fine,13.350000000000001,0.05792211858399657,1.0006709943642518,0.0061682503652559905
fine,13.4,0.05647173448268366,1.0006378113590966,0.006059385459065346
fine,13.450000000000001,0.05505796544340809,1.0006062759117536,0.005952512650201154
fine,13.5,0.053679896803063364,1.0005763062641575,0.005847594273017664
fine,13.55,0.05233663505648451,1.000547824673807,0.0057445933734893
fine,13.600000000000001,0.05102730752640274,1.0005207572226789,0.005643473697768876
fine,13.65,0.04975106202425364,1.0004950336345082,0.0055441996807386205
fine,13.700000000000001,0.04850706650342175,1.0004705871001536,0.005446736434572113
fine,13.75,0.04729450870636745,1.0004473541107552,0.0053510497373236016
fine,13.8,0.046112595806954246,1.0004252742984112,0.005257106021559673
fine,13.850000000000001,0.04496055404917763,1.0004042902840817,0.005164872363046897
fine,13.9,0.043837628383386416,1.000384347532456,0.005074316469507728
fine,13.950000000000001,0.04274308210098671,1.0003653942134982,0.004985406669455774
fine,14.0,0.0416761964685249,1.0003473810704167,0.004898111901120423
fine,14.05,0.04063627036195971,1.000330261293786,0.004812401701469794
fine,14.100000000000001,0.03962261990185293,1.0003139904015774,0.004728246195340004
fine,14.15,0.03863457809013534,1.0002985261248405,0.004645616084677883
fine,14.200000000000001,0.037671494449035746,1.0002838282988047,0.00456448263790342
fine,14.25,0.036732734662698975,1.00026985875916,0.004484817679397513
fine,14.3,0.03581768022196055,1.0002565812432964,0.004406593579119841
fine,14.350000000000001,0.034925728072693146,1.0002439612962815,0.004329783242361072
fine,14.4,0.034056290268091184,1.000231966181365,0.004254360099633032
fine,14.450000000000001,0.03320879362521496,1.0002205647948084,0.004180298096699865
fine,14.5,0.03238267938607532,1.0002097275848443,0.004107571684752781
fine,14.55,0.0315774028835019,1.0001994264745735,0.0040361558107304685
fine,14.600000000000001,0.030792433212003773,1.0001896347886232,0.0039660259077868455
fine,14.65,0.030027252903800265,1.0001803271833898,0.003897157885907465
fine,14.700000000000001,0.029281357610170606,1.0001714795806989,0.0038295281226754744
fine,14.75,0.028554255788245532,1.000163069104724,0.003763113454187763
fine,14.8,0.027845468393339706,1.0001550740220089,0.003697891166121593
fine,14.850000000000001,0.027154528576902655,1.0001474736844467,0.0036338389849517694
fine,14.9,0.026480981390146013,1.000140248475077,0.0035709350693181397
fine,14.950000000000001,0.025824383493387337,1.0001333797565628,0.0035091580015430015
fine,15.0,0.02518430287113455,1.000126849822221,0.003448486779297787
fine,15.05,0.02456031855292059,1.0001206418494841,0.003388900807418222
fine,15.100000000000001,0.023952020339884895,1.0001147398556725,0.003330379889866982
fine,15.15,0.023359008537086393,1.0001091286559671,0.0032729042218427222
fine,15.200000000000001,0.02278089369152237,1.000103793823477,0.003216454382034239
fine,15.25,0.022217296335818034,1.0000987216512947,0.0031610113250183708
fine,15.3,0.02166784673754319,1.0000938991164483,0.0031065563738001886
fine,15.350000000000001,0.02113218465410518,1.000089313845651,0.003053071212493884
fine,15.4,0.020609959093160362,1.0000849540827643,0.003000537879142723
fine,15.450000000000001,0.020100828078480897,1.000080808657888,0.0029489387586763205
fine,15.5,0.019604458421208365,1.0000768669579978,0.002898256576003478
fine,15.55,0.019120525496421376,1.000073118899052,0.002848474389238727
fine,15.600000000000001,0.018648713024940533,1.0000695548994973,0.0027995755830606973
fine,15.65,0.018188712860290796,1.0000661658551029,0.0027515438622004026
fine,15.700000000000001,0.017740224780738677,1.0000629431150543,0.00270436324505747
fine,15.75,0.017302956286319223,1.0000598784592492,0.002658018057442358
fine,15.8,0.01687662240076598,1.0000569640767316,0.0026124929264425435
fine,15.850000000000001,0.016460945478255596,1.0000541925452076,0.0025677727744106878
fine,15.9,0.01605565501487755,1.0000515568115913,0.0025238428130727433
fine,15.950000000000001,0.01566048746473862,1.0000490501735266,0.0024806885377539768
fine,16.0,0.015275186060611253,1.0000466662618372,0.002438295721720896
fine,16.05,0.014899500639034455,1.0000443990238586,0.0023966504106370298
fine,16.1,0.014533187469775978,1.0000422427076063,0.002355738917130555
fine,16.150000000000002,0.014176009089564548,1.0000401918467414,0.0023155478154717564
fine,16.2,0.013827734140001192,1.0000382412462894,0.002276063936358308
fine,16.25,0.013488137209559253,1.0000363859690768,0.002237274361806398
fine,16.3,0.013156998679583212,1.0000346213228508,0.002199166420145711
fine,16.35,0.012834104574197255,1.0000329428480443,0.0021617276811163218
fine,16.400000000000002,0.012519246414035297,1.000031346306155,0.002124945951065546
fine,16.45,0.012212221073705216,1.0000298276687105,0.002088809268242845
fine,16.5,0.011912830642901037,1.0000283831067853,0.00205330589819088
fine,16.55,0.011620882291078,1.0000270089810446,0.0020184243292308344
fine,16.6,0.011336188135606502,1.0000257018322891,0.001984153268040172
fine,16.650000000000002,0.011058565113322382,1.0000244583724731,0.001950481635320978
fine,16.7,0.010787834855392048,1.0000232754761735,0.0019173985615571103
fine,16.75,0.010523823565412533,1.000022150172487,0.0018848933828583597
fine,16.8,0.01026636190066777,1.000021079637335,0.001852955636889891
fine,16.85,0.010015284856463883,1.0000200611861512,0.0018215750588852296
fine,16.900000000000002,0.009770431653467637,1.000019092266939,0.0017907415777411028
fine,16.95,0.009531645627973727,1.0000181704536755,0.001760445312192473
fine,17.0,0.009298774125027923,1.0000172934400458,0.0017306765670661135
fine,17.05,0.009071668394334695,1.0000164590334915,0.0017014258296111301
fine,17.1,0.008850183488879232,1.0000156651495573,0.0016726837659048277
fine,17.150000000000002,0.008634178166195388,1.0000149098065212,0.0016444412173323801
fine,17.2,0.008423514792212485,1.0000141911202909,0.0016166891971387688
fine,17.25,0.00821805924761529,1.0000135072995595,0.0015894188870514885
fine,17.3,0.008017680836653109,1.0000128566411997,0.0015626216339725567
fine,17.35,0.007822252198335163,1.0000122375258909,0.0015362889467383733
fine,17.400000000000002,0.007631649219950976,1.0000116484139632,0.001510412492946014
fine,17.45,0.007445750952855879,1.0000110878414503,0.001484984095844576
fine,17.5,0.00726443953046308,1.0000105544163385,0.0014599957312901996
fine,17.55,0.0070876000883852005,1.0000100468150026,0.0014354395247634427
fine,17.6,0.006915120686669452,1.0000095637788222,0.0014113077484476865
fine,17.650000000000002,0.006746892234072006,1.0000091041109636,0.0013875928183672984
fine,17.7,0.0065828084143184475,1.0000086666733239,0.0013642872915842835
fine,17.75,0.0064227656142984094,1.0000082503836272,0.0013413838634522021
fine,17.8,0.006266662854143862,1.0000078542126656,0.0013188753649261385
fine,17.85,0.006114401719141679,1.0000074771816767,0.00129675475992754
fine,17.900000000000002,0.005965886293432414,1.0000071183598533,0.001275015142762766
fine,17.95,0.005821023095448346,1.0000067768619756,0.0012536497355942172
fine,18.0,0.005679721015045085,1.0000064518461618,0.0012326518859629247
fine,18.05,0.005541891252282161,1.0000061425117304,0.0012120150643615227
fine,18.1,0.005407447257809147,1.0000058480971692,0.0011917328618565272
fine,18.150000000000002,0.005276304674814983,1.0000055678782043,0.0011717989877588868
fine,18.2,0.005148381282499236,1.000005301165966,0.0011522072673417836
fine,18.25,0.005023596941025119,1.000005047305245,0.001132951639604676
fine,18.3,0.0049018735379150954,1.0000048056728363,0.0011140261550826203
fine,18.35,0.004783134935850934,1.000004575675963,0.001095424973699902
fine,18.400000000000002,0.004667306921841034,1.0000043567507806,0.001077142362667044
fine,18.45,0.00455431715771887,1.0000041483609545,0.0010591726944202784
fine,18.5,0.004444095131937268,1.0000039499963083,0.001041510444602577
fine,18.55,0.0043365721126242315,1.0000037611715376,0.001024150190085372
fine,18.6,0.004231681101866849,1.0000035814249897,0.0010070866070301032
fine,18.650000000000002,0.004129356791190781,1.0000034103175017,0.0009903144689887486
fine,18.7,0.004029535518203604,1.0000032474312985,0.0009738286450425232
fine,18.75,0.003932155224371176,1.0000030923689418,0.0009576240979779375
fine,18.8,0.0038371554138969914,1.000002944752334,0.000941695882499429
fine,18.85,0.0037444771136752636,1.000002804221771,0.0009260391434777981
fine,18.900000000000002,0.0036540628342892805,1.0000026704350393,0.0009106491142336953
fine,18.95,0.0035658565320273276,1.0000025430665613,0.0008955211148554199
fine,19.0,0.0034798035718891793,1.0000024218065797,0.0008806505505503144
fine,19.05,0.003395850691556937,1.0000023063603838,0.0008660329100290478
fine,19.1,0.0033139459663046192,1.0000021964475736,0.0008516637639220945
fine,19.150000000000002,0.003234038774821644,1.0000020918013595,0.0008375387632277407
fine,19.200000000000003,0.0031560797659260014,1.0000019921678978,0.0008236536377909513
fine,19.25,0.003080020826143519,1.000001897305658,0.0008100041948124572
fine,19.3,0.00300581504813031,1.0000018069848207,0.0007965863173874294
fine,19.35,0.0029334166999160716,1.0000017209867071,0.0007833959630731217
fine,19.400000000000002,0.002862781194946498,1.000001639103234,0.000770429162484878
fine,19.450000000000003,0.002793865062903676,1.000001561136398,0.0007576820179199131
fine,19.5,0.0027266259212838733,1.000001486897783,0.0007451507020082895
fine,19.55,0.0026610224477126923,1.0000014162080935,0.0007328314563905226
fine,19.6,0.0025970143529781085,1.0000013488967099,0.0007207205904212633
fine,19.650000000000002,0.002534562354762407,1.000001284801266,0.0007088144798985147
fine,19.700000000000003,0.0024736281520545667,1.0000012237672469,0.0006971095658178547
fine,19.75,0.002414174400225124,1.0000011656476069,0.0006856023531511459
fine,19.8,0.0023561646867460285,1.0000011103024062,0.0006742894096492244
fine,19.85,0.002299563507538477,1.000001057598465,0.0006631673646680762
fine,19.900000000000002,0.0022443362439321653,1.000001007409035,0.0006522329080180114
fine,19.950000000000003,0.002190449140219839,1.0000009596134871,0.0006414827888353632
fine,20.0,0.0021378692817914627,1.0000009140970132,0.0006309138144762506
finer,0.025,0.7426158277372217,1.1102956535211679,0.11239353136592843
finer,0.07500000000000001,0.74261547386519,1.110295548404804,0.11238602665679875
finer,0.125,0.7426147653549716,1.1102953379446439,0.11237101815642256
finer,0.17500000000000002,0.7426137006722915,1.1102950216852392,0.11234850770046803
finer,0.225,0.7426122775108216,1.110294598941962,0.11231849804219297
finer,0.275,0.7426104927862663,1.1102940687992522,0.11228099285215129
finer,0.325,0.7426083426284519,1.1102934301082752,0.11223599671780211
finer,0.375,0.742605822371397,1.1102926814839797,0.11218351514302231
finer,0.42500000000000004,0.7426029265413393,1.1102918213015522,0.11212355454752194
finer,0.47500000000000003,0.7425996488426807,1.1102908476922546,0.11205612226616404
finer,0.525,0.742595982141819,1.1102897585386344,0.11198122654818866
finer,0.5750000000000001,0.7425919184488154,1.1102885514690986,0.11189887655634234
finer,0.625,0.7425874488968534,1.1102872238518273,0.11180908236591391
finer,0.675,0.742582563719426,1.110285772788023,0.11171185496367664
finer,0.7250000000000001,0.7425772522251971,1.1102841951044649,0.11160720624673903
finer,0.775,0.7425715027704601,1.1102824873453558,0.11149514902130434
finer,0.8250000000000001,0.7425653027291227,1.1102806457634387,0.11137569700134041
finer,0.875,0.7425586384601354,1.110278666310354,0.11124886480716127
finer,0.925,0.7425514952722726,1.1102765446262175,0.1111146679639212
finer,0.9750000000000001,0.7425438573861727,1.1102742760283872,0.1109731229000236
finer,1.0250000000000001,0.7425357078935301,1.1102718554993891,0.11082424694544586
finer,1.075,0.7425270287133295,1.110269277673969,0.11066805832998163
finer,1.125,0.7425178005450032,1.1102665368252378,0.1105045761814029
finer,1.175,0.7425080028183807,1.110263626849868,0.11033382052354362
finer,1.225,0.742497613640298,1.1102605412523074,0.1101558122743063
finer,1.2750000000000001,0.7424866097377165,1.1102572731279616,0.10997057324359487
finer,1.3250000000000002,0.7424749663971992,1.1102538151453045,0.10977812613117496
finer,1.375,0.7424626574005783,1.1102501595268657,0.10957849452446476
finer,1.425,0.7424496549566395,1.1102462980290466,0.1093717028962584
finer,1.475,0.7424359296286359,1.1102422219207073,0.10915777660238526
finer,1.5250000000000001,0.7424214502574356,1.1102379219604708,0.10893674187930719
finer,1.5750000000000002,0.7424061838800948,1.1102333883726812,0.1087086258416567
finer,1.625,0.7423900956436332,1.1102286108219526,0.10847345647972
finer,1.675,0.7423731487137822,1.110223578386243,0.10823126265686685
finer,1.725,0.7423553041784544,1.110218279528377,0.10798207410693143
finer,1.7750000000000001,0.7423365209456795,1.1102127020659471,0.10772592143154762
finer,1.8250000000000002,0.7423167556357251,1.1102068331395099,0.10746283609744194
finer,1.875,0.7422959624671193,1.1102006591789975,0.1071928504336885
finer,1.925,0.7422740931362635,1.1101941658682524,0.10691599762892932
finer,1.975,0.7422510966903167,1.1101873381075955,0.106632311728565
finer,2.025,0.7422269193930111,1.110180159974328,0.10634182763191913
finer,2.075,0.7422015045830397,1.1101726146810655,0.10604458108938168
finer,2.125,0.7421747925246445,1.1101646845317998,0.1057406086995359
finer,2.1750000000000003,0.7421467202500039,1.1101563508755676,0.1054299479062732
finer,2.225,0.7421172213930104,1.1101475940576164,0.1051126369959018
finer,2.275,0.7420862260139942,1.1101383933679385,0.10478871509425368
finer,2.325,0.7420536604149413,1.1101287269870426,0.1044582221637957
finer,2.375,0.7420194469447196,1.1101185719288296,0.10412119900075098
finer,2.4250000000000003,0.7419835037938087,1.1101079039804274,0.10377768723223557
finer,2.475,0.7419457447780056,1.1100966976388378,0.1034277293134174
finer,2.5250000000000004,0.7419060791105465,1.110084926044237,0.10307136852470318
finer,2.575,0.7418644111620682,1.1100725609097684,0.10270864896896066
finer,2.625,0.7418206402077939,1.1100595724476603,0.10233961556878224
finer,2.6750000000000003,0.7417746601613103,1.1100459292914855,0.10196431406379776
finer,2.725,0.7417263592942676,1.1100315984143858,0.10158279100804349
finer,2.7750000000000004,0.7416756199413039,1.1100165450430635,0.10119509376739477
finer,2.825,0.7416223181894698,1.1100007325673447,0.10080127051707102
finer,2.875,0.7415663235513889,1.1099841224451046,0.10040137023922
finer,2.9250000000000003,0.7415074986213679,1.1099666741023435,0.09999544272059088
finer,2.975,0.7414456987136271,1.1099483448281877,0.09958353855030452
finer,3.0250000000000004,0.7413807714817924,1.1099290896645875,0.09916570911772958
finer,3.075,0.7413125565187607,1.1099088612904762,0.09874200661047448
finer,3.125,0.7412408849360035,1.109887609900142,0.09831248401250431
finer,3.1750000000000003,0.7411655789213534,1.1098652830755649,0.09787719510239265
finer,3.225,0.7410864512742704,1.1098418256524583,0.09743619445171912
finer,3.2750000000000004,0.7410033049175597,1.1098171795797491,0.09698953742362228
finer,3.325,0.7409159323844706,1.10979128377223,0.09653728017151968
finer,3.375,0.7408241152800775,1.1097640739561019,0.09607947963800545
finer,3.4250000000000003,0.740727623715808,1.1097354825071335,0.09561619355393755
finer,3.475,0.7406262157159534,1.1097054382811469,0.09514748043772617
finer,3.5250000000000004,0.7405196365949602,1.1096738664365464,0.0946733995948356
finer,3.575,0.7404076183042845,1.1096406882486045,0.094194011117512
finer,3.625,0.740289878747552,1.109605820915213,0.09370937588474945
finer,3.6750000000000003,0.7401661210627524,1.109569177353816,0.09321955556250829
finer,3.725,0.7400360328701758,1.1095306659892457,0.09272461260419813
finer,3.7750000000000004,0.7398992854847788,1.1094901905321772,0.09222461025144
finer,3.825,0.7397555330916671,1.1094476497479473,0.0917196125351211
finer,3.875,0.7396044118833673,1.1094029372154683,0.09120968427675656
finer,3.9250000000000003,0.7394455391575732,1.1093559410760068,0.09069489109017294
finer,3.975,0.7392785123740552,1.1093065437715992,0.09017529938352783
finer,4.025,0.7391029081694455,1.1092546217729065,0.08965097636168097
finer,4.075,0.7389182813286438,1.1092000452963353,0.08912199002893131
finer,4.125,0.7387241637116249,1.109142678010288,0.08858840919213647
finer,4.175,0.7385200631344938,1.1090823767304354,0.08805030346422886
finer,4.2250000000000005,0.7383054622036991,1.1090189911039636,0.08750774326814481
finer,4.275,0.738079817102406,1.1089523632827842,0.08696079984118185
finer,4.325,0.7378425563281421,1.1088823275857695,0.08640954523980018
finer,4.375,0.7375930793809504,1.1088087101501345,0.08585405234488351
finer,4.425,0.7373307554014508,1.1087313285721747,0.08529439486747467
finer,4.4750000000000005,0.7370549217583761,1.108649991537649,0.08473064735500169
finer,4.525,0.7367648825853763,1.1085644984422087,0.08416288519800895
finer,4.575,0.7364599072671132,1.108474639002377,0.08359118463740785
finer,4.625,0.7361392288749581,1.1083801928577235,0.0830156227722618
finer,4.675,0.7358020425529213,1.1082809291650102,0.08243627756811862
finer,4.7250000000000005,0.7354475038548056,1.108176606185253,0.08185322786590345
finer,4.775,0.7350747270339885,1.1080669708648185,0.08126655339138439
finer,4.825,0.7346827832877022,1.107951758411873,0.08067633476522171
finer,4.875,0.7342706989582028,1.1078306918697136,0.08008265351361117
finer,4.925000000000001,0.7338374536937996,1.1077034816887599,0.0794855920795298
finer,4.9750000000000005,0.7333819785733671,1.1075698252992374,0.07888523383459121
finer,5.025,0.7329031541986823,1.1074294066868755,0.07828166309151632
finer,5.075,0.7323998087597265,1.1072818959742567,0.07767496511722263
finer,5.125,0.7318707160789695,1.1071269490107887,0.0770652261465336
finer,5.175000000000001,0.7313145936416191,1.1069642069746413,0.07645253339650629
finer,5.2250000000000005,0.7307301006198798,1.106793295990388,0.07583697508137378
finer,5.275,0.7301158359004082,1.1066138267665104,0.07521864042809438
finer,5.325,0.7294703361254167,1.1064253942573856,0.07459761969249717
finer,5.375,0.7287920737592269,1.1062275773548549,0.07397400417600844
finer,5.425000000000001,0.7280794551935404,1.1060199386149845,0.07334788624294011
finer,5.4750000000000005,0.7273308189062667,1.1058020240261721,0.07271935933831511
finer,5.525,0.7265444336904285,1.105573362825309,0.07208851800620028
finer,5.575,0.7257184969714565,1.105333467369302,0.07145545790851068
finer,5.625,0.7248511332330788,1.1050818330698557,0.07082027584424407
finer,5.675000000000001,0.7239403925740097,1.1048179384000423,0.07018306976909064
finer,5.7250000000000005,0.722984249419728,1.1045412449818015,0.0695439388153664
finer,5.775,0.7219806014158158,1.1042511977641487,0.06890298331220221
finer,5.825,0.7209272685315626,1.103947225302476,0.06826030480590767
finer,5.875,0.7198219924048487,1.1036287401499372,0.0676160060804267
finer,5.925000000000001,0.7186624359616328,1.1032951393724617,0.06697019117778578
finer,5.9750000000000005,0.7174461833457144,1.1029458051994665,0.06632296541842417
finer,6.025,0.7161707401967334,1.1025801058227873,0.06567443542128217
finer,6.075,0.714833534316615,1.1021973963567167,0.06502470912350954
finer,6.125,0.7134319167667886,1.1017970199723068,0.06437389579964038
finer,6.175000000000001,0.7119631634404846,1.1013783092192364,0.06372210608006434
finer,6.2250000000000005,0.7104244771561588,1.1009405875485203,0.06306945196860739
finer,6.275,0.7088129903195601,1.1004831710491514,0.062416046859015466
finer,6.325,0.7071257682030775,1.1000053704113584,0.061762005550116246
finer,6.375,0.7053598128916729,1.0995064931285152,0.06110744425941243
finer,6.425000000000001,0.7035120679448749,1.0989858459488149,0.0604524806348393
finer,6.4750000000000005,0.7015794238238514,1.0984427375866015,0.05979723376439699
finer,6.525,0.6995587241314238,1.097876481701677,0.059141824183344446
finer,6.575,0.6974467727109145,1.097286400152974,0.05848637387861935
finer,6.625,0.6952403416468431,1.0966718265306439,0.05783100629012402
finer,6.675000000000001,0.6929361802065916,1.0960321099678605,0.0571758463084939
finer,6.7250000000000005,0.6905310247571509,1.095366619230432,0.05652102026894199
finer,6.775,0.6880216096848504,1.0946747470786664,0.05586665594074941
finer,6.825,0.6854046793384677,1.0939559148918137,0.055212882511951236
finer,6.875,0.6826770010072559,1.0932095775408521,0.05455983056874632
finer,6.925000000000001,0.6798353789351506,1.09243522849038,0.053907632069142356
finer,6.9750000000000005,0.6768766693607174,1.0916324051049715,0.05325642031033232
finer,7.025,0.6737977965592624,1.0908006941296233,0.05260632988928677
finer,7.075,0.6705957698489879,1.0899397373078714,0.05195749665603956
finer,7.125,0.667267701507238,1.0890492370949505,0.05131005765914185
finer,7.175000000000001,0.6638108255258199,1.088128962417054,0.0506641510827629
finer,7.2250000000000005,0.6602225171163281,1.087178754421484,0.050019916174926585
finer,7.275,0.6565003128575212,1.0861985321564047,0.04937749316639014
finer,7.325,0.6526419313574219,1.085188298113189,0.04873702317969759
finer,7.375,0.648645294283219,1.0841481435591527,0.048098648127976026
finer,7.425000000000001,0.6445085475926832,1.083078253584006,0.04746251060308771
finer,7.4750000000000005,0.640230082782056,1.0819789117798237,0.046828753752806616
finer,7.525,0.6358085579477505,1.0808505044719197,0.04619752114675492
finer,7.575,0.6312429184431962,1.0796935244169368,0.04556895663091282
finer,7.625,0.626532416898337,1.0785085738848943,0.04494320417060416
finer,7.675000000000001,0.6216766323581647,1.0772963670440379,0.04432040768196116
finer,7.7250000000000005,0.6166754882888006,1.076057731571246,0.04370071085198274
finer,7.775,0.61152926919552,1.0747936094165613,0.04308425694742226
finer,7.825,0.6062386355972068,1.0735050566581525,0.04247118861287098
finer,7.875,0.6008046371064271,1.072193242393717,0.04186164765854135
finer,7.925000000000001,0.5952287233739042,1.0708594466258656,0.04125577483839742
finer,7.9750000000000005,0.5895127526708689,1.069505057112317,0.04065370961942797
finer,8.025,0.5836589979025789,1.0681315651665284,0.040055589943005225
finer,8.075000000000001,0.5776701498712008,1.0667405604104432,0.03946155197942001
finer,8.125,0.5715493176359516,1.0653337244980243,0.03887172987682639
finer,8.175,0.565300025852539,1.0639128238457762,0.038286255505964074
finer,8.225,0.5589262090119642,1.0624797014240972,0.037705258202151724
finer,8.275,0.5524322025399443,1.0610362676806269,0.03712886450615473
finer,8.325000000000001,0.5458227307617917,1.059584490683252,0.03655719790562559
finer,8.375,0.5391028917825681,1.0581263855856655,0.0359903785788892
finer,8.425,0.5322781393777423,1.0566640035318862,0.035428523142898044
finer,8.475,0.5253542620343369,1.0551994201275285,0.034871744407210636
finer,8.525,0.5183373593255738,1.0537347236145218,0.0343201511358488
finer,8.575000000000001,0.5112338158422904,1.0522720028921337,0.03377384781886586
finer,8.625,0.5040502729408841,1.050813335530356,0.03323293445540601
finer,8.675,0.4967935985993871,1.0493607759218657,0.03269750634995701
finer,8.725,0.4894708556997018,1.0479163437158796,0.03216765392339443
finer,8.775,0.4820892690744451,1.0464820126713466,0.03164346254028684
finer,8.825000000000001,0.4746561916708359,1.0450597000582922,0.031125012353780665
finer,8.875,0.4671790701913726,1.0436512567249752,0.030612378169213104
finer,8.925,0.4596654105716575,1.042258457935202,0.030105629327414944
finer,8.975,0.45212274364977934,1.0408829950650809,0.02960482960846568
finer,9.025,0.44455859136949655,1.0395264682320862,0.02911003715645533
finer,9.075000000000001,0.4369804338415759,1.0381903799120744,0.028621304425594095
finer,9.125,0.42939567756465524,1.036876129582242,0.02813867814779676
finer,9.175,0.4218116250796691,1.0355850094104702,0.02766219932165802
finer,9.225,0.41423544630103243,1.0343182009944432,0.02719190322253031
finer,9.275,0.4066741517342655,1.0330767731377568,0.026727819433221195
finer,9.325000000000001,0.39913456775449346,1.0318616806353134,0.02626997189464671
finer,9.375,0.3916233140840945,1.030673764026842,0.025818378975610984
finer,9.425,0.38414678357157805,1.0295137502656777,0.025373053560735024
finer,9.475,0.3767111243382817,1.0283822542400425,0.02493400315542934
finer,9.525,0.36932222432540035,1.0272797810761323,0.024501230006697062
finer,9.575000000000001,0.3619856982417742,1.026206729146317,0.024074731238467324
finer,9.625,0.3547068768832623,1.0251633937016555,0.023654499000093095
finer,9.675,0.3474907987677901,1.0241499710456554,0.023240520626602337
finer,9.725000000000001,0.34034220400655124,1.0231665631656073,0.022832778809266523
finer,9.775,0.3332655303115338,1.0222131827387655,0.022431251775043924
finer,9.825000000000001,0.3262649110225986,1.0212897584329168,0.022035913473466253
finer,9.875,0.31934417502373724,1.0203961404243183,0.02164673376956458
finer,9.925,0.31250684840779136,1.0195321060603542,0.021263678641470714
finer,9.975000000000001,0.3057561577416602,1.0186973655993885,0.020886710381384177
finer,10.025,0.2990950347796502,1.0178915679659681,0.02051578779865783
finer,10.075000000000001,0.2925261224708765,1.0171143064655692,0.020150866423827553
finer,10.125,0.2860517821072466,1.0163651244093463,0.01979189871248943
finer,10.175,0.27967410146123034,1.0156435206056293,0.019438834248011523
finer,10.225000000000001,0.2733949037670756,1.0149489546811616,0.019091619942153498
finer,10.275,0.2672157574050464,1.0142808522011104,0.01875020023275564
finer,10.325000000000001,0.26113798615537287,1.0136386095626568,0.018414517277746772
finer,10.375,0.2551626798966339,1.0130215986424065,0.018084511144808604
finer,10.425,0.24929070563198855,1.012429171182899,0.017760119996118904
finer,10.475000000000001,0.24352271873581796,1.0118606629080968,0.017441280267679018
finer,10.525,0.23785917432271442,1.0113153973618967,0.017127926842810007
finer,10.575000000000001,0.23230033865019803,1.0107926894673993,0.01681999321947687
finer,10.625,0.22684630047588775,1.0102918488079193,0.016517411671170542
finer,10.675,0.22149698229898396,1.0098121826335114,0.01622011340114305
finer,10.725000000000001,0.2162521514247232,1.0093529985991643,0.015928028689851523
finer,10.775,0.21111143079886474,1.0089136072427887,0.015641087035522205
finer,10.825000000000001,0.20607430956719477,1.0084933242127192,0.01535921728779571
finer,10.875,0.2011401533224502,1.0080914722557157,0.015082347774459878
finer,10.925,0.19630821400793017,1.0077073829773966,0.014810406421316653
finer,10.975000000000001,0.19157763945337664,1.0073403983877056,0.014543320865264903
finer,11.025,0.18694748252445198,1.0069898722444461,0.014281018560711721
finer,11.075000000000001,0.18241670987233133,1.0066551712081293,0.01402342687945141
finer,11.125,0.17798421027457859,1.006335675821413,0.01377047320417379
finer,11.175,0.1736488025625963,1.0060307813262848,0.013522085015782151
finer,11.225000000000001,0.16940924313457167,1.0057398983318857,0.013278189974716637
finer,11.275,0.16526423305599736,1.0054624533455174,0.013038715996490804
finer,11.325000000000001,0.16121242475256778,1.0051978891789204,0.012803591321658548
finer,11.375,0.15725242830256783,1.0049456652414108,0.012572744580435155
finer,11.425,0.1533828173378125,1.004705257730897,0.012346104852200645
finer,11.475000000000001,0.14960213456380078,1.004476159733209,0.012123601720116103
finer,11.525,0.14590889691104084,1.0042578812395593,0.011905165321083945
finer,11.575000000000001,0.1423016003305251,1.0040499490913257,0.01169072639128217
finer,11.625,0.13877872424710574,1.0038519068607308,0.011480216307500323
finer,11.675,0.13533873568507593,1.003663314675367,0.01127356712450116
finer,11.725000000000001,0.1319800930806264,1.0034837489939141,0.011070711608627598
finer,11.775,0.1287012497960424,1.0033128023398126,0.010871583267869078
finer,11.825000000000001,0.1255006573505585,1.0031500829990845,0.010676116378595476
finer,11.875,0.12237676838271763,1.0029952146879595,0.01048424600916014
finer,11.925,0.11932803935890338,1.002847836195448,0.010295908040566565
finer,11.975000000000001,0.11635293304245337,1.0027076010055163,0.010111039184386066
finer,12.025,0.11344992073742366,1.0025741769030656,0.009929576998106168
finer,12.075000000000001,0.11061748432068191,1.0024472455674873,0.009751459898081904
finer,12.125,0.10785411807556616,1.0023265021571717,0.009576627170254415
finer,12.175,0.10515833033987054,1.0022116548879738,0.009405018978793644
finer,12.225000000000001,0.10252864498041812,1.0021024246083041,0.009236576372814255
finer,12.275,0.09996360270596027,1.001998544373191,0.00907124129130636
finer,12.325000000000001,0.09746176222961285,1.0018997590193803,0.008908956566415204
finer,12.375,0.09502170129150284,1.0018058247432664,0.008749665925196905
finer,12.425,0.09264201755176478,1.0017165086832123,0.00859331398997002
finer,12.475000000000001,0.09032132936349524,1.0016315885075977,0.00843984627737621
finer,12.525,0.08805827643475153,1.0015508520097318,0.008289209196256449
finer,12.575000000000001,0.0858515203881694,1.001474096710592,0.008141350044443052
finer,12.625,0.08369974522627661,1.0014011294701888,0.007996217004561556
finer,12.675,0.08160165771009668,1.001331766108207,0.007853759138930763
finer,12.725000000000001,0.07955598765817196,1.0012658310344535,0.007713926383643649
finer,12.775,0.07756148817268622,1.0012031568895123,0.007576669541906464
finer,12.825000000000001,0.07561693579893887,1.0011435841959242,0.007441940276708307
finer,12.875,0.07372113062401178,1.0010869610200965,0.00730969110288869
finer,12.925,0.0718728963200789,1.0010331426450874,0.007179875378666
finer,12.975000000000001,0.07007108013743735,1.0009819912543254,0.007052447296685384
finer,13.025,0.06831455285198577,1.0009333756262733,0.0069273618746405995
finer,13.075000000000001,0.06660220867154198,1.0008871708399856,0.006804574945520391
finer,13.125,0.06493296510507682,1.0008432579914674,0.006684043147526419
finer,13.175,0.06330576279864351,1.0008015239207035,0.006565723913706223
finer,13.225000000000001,0.0617195653415024,1.0007618609491888,0.006449575461341574
finer,13.275,0.06017335904567688,1.000724166627768,0.006335556781129423
finer,13.325000000000001,0.05866615270193077,1.0006883434945693,0.006223627626189904
finer,13.375,0.057196977314924576,1.0006542988427929,0.006113748500933102
finer,13.425,0.055764885820092445,1.0006219444981055,0.006005880649813826
finer,13.475000000000001,0.05436895278457858,1.0005911966053784,0.005899986046001265
finer,13.525,0.05300827409438305,1.000561975424493,0.005796027379988245
finer,13.575000000000001,0.051681966629690455,1.0005342051349424,0.005693968048162673
finer,13.625,0.050389167930190555,1.0005078136489394,0.005593772141361959
finer,13.675,0.049129035852047274,1.0004827324327503,0.005495404433429305
finer,13.725000000000001,0.04790074821802998,1.0004588963359695,0.0053988303697891805
finer,13.775,0.04670350246218915,1.000436243428447,0.005304016056057692
finer,13.825000000000001,0.04553651527033569,1.0004147148445932,0.005210928246702123
finer,13.875,0.04439902221747001,1.0003942546347735,0.005119534333762621
finer,13.925,0.04329027740320093,1.0003748096235292,0.005029802335647717
finer,13.975000000000001,0.04220955308609795,1.0003563292743456,0.004941700886014223
finer,14.025,0.04115613931782953,1.0003387655607097,0.004855199222740982
finer,14.075000000000001,0.0401293435778574,1.0003220728431979,0.004770267177004956
finer,14.125,0.03912849040937983,1.0003062077523435,0.004686875162467213
finer,14.175,0.03815292105714568,1.0002911290770387,0.004604994164575507
finer,14.225000000000001,0.03720199310769641,1.000276797658237,0.004524595729989387
finer,14.275,0.036275080132532396,1.0002631762877243,0.004445651956133036
finer,14.325000000000001,0.03537157133464509,1.0002502296117364,0.004368135480880344
finer,14.375,0.03449087119880553,1.0002379240392105,0.004292019472376134
finer,14.425,0.033632399145953056,1.0002262276544625,0.004217277618996874
finer,14.475000000000001,0.03279558919198542,1.00021511013409,0.00414388411945368
finer,14.525,0.031979889611212065,1.0002045426679091,0.0040718136730399585
finer,14.575000000000001,0.03118476260469652,1.0001944978837423,0.004001041470025546
finer,14.625,0.03040968397368127,1.000184949775876,0.00393154318219887
finer,14.675,0.02965414279825807,1.0001758736370199,0.003863294953558177
finer,14.725000000000001,0.028917641121419577,1.0001672459936055,0.003796273391152679
finer,14.775,0.028199693638603356,1.0001590445442623,0.0037304555560740095
finer,14.825000000000001,0.02749982739281631,1.0001512481013268,0.003665818954598203
finer,14.875,0.02681758147540742,1.000143836535238,0.0036023415294781144
finer,14.925,0.02615250673253761,1.0001367907216792,0.003540001651385946
finer,14.975000000000001,0.02550416547737898,1.0001300924913394,0.0034787781105053857
finer,15.025,0.024872131208060116,1.0001237245821661,0.003418650108272605
finer,15.075000000000001,0.02425598833136056,1.0001176705939863,0.00335959724926525
finer,15.125,0.023655331892145054,1.0001119149453854,0.003301599533238375
finer,15.175,0.02306976730851709,1.0001064428327338,0.0032446373473061147
finer,15.225000000000001,0.022498910112661245,1.0001012401912515,0.0031886914582678074
finer,15.275,0.021942385697334966,1.0000962936580182,0.0031337430050771215
finer,15.325000000000001,0.02139982906796252,1.0000915905368275,0.0030797734914526772
finer,15.375,0.0208708846002768,1.0000871187647997,0.0030267647786285487
finer,15.425,0.020355205803448528,1.00008286688066,0.0029746990782429654
finer,15.475000000000001,0.019852455088636936,1.0000788239946092,0.002923558945363447
finer,15.525,0.019362303542891215,1.0000749797596975,0.0028733272716465726
finer,15.575000000000001,0.018884430708328057,1.0000713243446355,0.0028239872786305193
finer,15.625,0.018418524366506938,1.000067848407968,0.0027755225111584644
finer,15.675,0.017964280327921817,1.00006454307354,0.0027279168309309217
finer,15.725000000000001,0.01752140222652552,1.0000613999071968,0.002681154410185041
finer,15.775,0.017089601319200773,1.0000584108946498,0.0026352197254988904
finer,15.825000000000001,0.016668596290090352,1.0000555684204564,0.0025900975517186993
finer,15.875,0.01625811305969742,1.0000528652480525,0.0025457729560070716
finer,15.925,0.01585788459866604,1.000050294500789,0.0025022312920101176
finer,15.975000000000001,0.015467650746151258,1.000047849643921,0.002459458194141504
finer,16.025000000000002,0.015087158032687663,1.0000455244675006,0.002417439571981367
finer,16.075,0.01471615950746508,1.0000433130701298,0.0023761616047880962
finer,16.125,0.01435441456992012,1.000041209843529,0.002335610736120927
finer,16.175,0.014001688805552586,1.0000392094578816,0.0022957736685713867
finer,16.225,0.013657753825875899,1.0000373068479136,0.002256637358601556
finer,16.275000000000002,0.013322387112411519,1.0000354971996746,0.002218189011487185
finer,16.325,0.012995371864637785,1.00003377593798,0.002180416076363688
finer,16.375,0.012676496851804562,1.0000321387144868,0.0021433062413730762
finer,16.425,0.012365556268525894,1.000030581396366,0.0021068474289098974
finer,16.475,0.01206234959406389,1.000029100055546,0.002071027790964262
finer,16.525000000000002,0.011766681455218168,1.0000276909584938,0.002035835704560092
finer,16.575,0.01147836149273636,1.0000263505565117,0.0020012597672867116
finer,16.625,0.011197204231162342,1.000025075476519,0.0019672887929219466
finer,16.675,0.010923028952040205,1.0000238625122975,0.0019339118071449253
finer,16.725,0.010655659570393258,1.000022708616176,0.0019011180433367806
finer,16.775000000000002,0.010394924514398707,1.000021610891132,0.001868896938467499
finer,16.825,0.010140656608180086,1.000020566583289,0.0018372381290671803
finer,16.875,0.009892692957640883,1.0000195730747907,0.0018061314472799974
finer,16.925,0.009650874839264306,1.0000186278770327,0.001775566916999177
finer,16.975,0.009415047591805472,1.000017728624231,0.0017455347500813497
finer,17.025000000000002,0.009185060510803889,1.0000168730673173,0.0017160253426386366
finer,17.075,0.008960766745845465,1.0000160590681346,0.0016870292714068853
finer,17.125,0.00874202320050477,1.0000152845939276,0.0016585372901884799
finer,17.175,0.008528690434899813,1.000014547712107,0.0016305403263681794
finer,17.225,0.008320632570792873,1.0000138465852757,0.0016030294775004833
finer,17.275000000000002,0.008117717199172621,1.0000131794665053,0.0015759960079670212
finer,17.325,0.007919815290253979,1.0000125446948462,0.001549431345702524
finer,17.375,0.007726801105833712,1.000011940691066,0.0015233270789879352
finer,17.425,0.007538552113941193,1.000011365953595,0.0014976749533092625
finer,17.475,0.007354948905725051,1.0000108190546813,0.0014724668682807964
finer,17.525000000000002,0.007175875114517925,1.0000102986367319,0.0014476948746313374
finer,17.575,0.007001217337022818,1.00000980340884,0.0014233511712521203
finer,17.625,0.006830865056565967,1.0000093321434842,0.001399428102305125
finer,17.675,0.0066647105683624,1.000008883673392,0.0013759181543905135
finer,17.725,0.0065026489067416746,1.0000084568885608,0.0013528139537719451
finer,17.775000000000002,0.006344577774282622,1.0000080507334268,0.0013301082636585442
finer,17.825,0.006190397472807093,1.0000076642041742,0.0013077939815423318
finer,17.875,0.006040010836184011,1.0000072963461804,0.0012858641365899445
finer,17.925,0.005893323164896222,1.0000069462515853,0.0012643118870875013
finer,17.975,0.005750242162323813,1.0000066130569851,0.0012431305179374853
finer,18.025000000000002,0.005610677872698743,1.0000062959412381,0.0012223134382065503
finer,18.075,0.005474542620686791,1.0000059941233812,0.0012018541787231667
finer,18.125,0.00534175095255391,1.0000057068606478,0.0011817463897240623
finer,18.175,0.0052122195788752105,1.0000054334465878,0.0011619838385484177
finer,18.225,0.005085867318745819,1.0000051732092767,0.0011425604073788081
finer,18.275000000000002,0.00496261504545396,1.000004925509618,0.0011234700910279095
finer,18.325,0.004842385633577597,1.0000046897397248,0.0011047069947699925
finer,18.375,0.0047251039074669675,1.0000044653213873,0.001086265332216264
finer,18.425,0.004610696591076365,1.000004251704611,0.0010681394232331229
finer,18.475,0.00449909225910942,1.0000040483662311,0.0010503236919024318
finer,18.525000000000002,0.004390221289443114,1.000003854808594,0.0010328126645229108
finer,18.575,0.004284015816796644,1.0000036705583037,0.0010156009676517879
finer,18.625,0.004180409687612149,1.0000034951650312,0.0009986833261858544
finer,18.675,0.004079338416115192,1.0000033282003826,0.0009820545614810977
finer,18.725,0.003980739141523709,1.0000031692568225,0.0009657095895100939
finer,18.775000000000002,0.003884550586374997,1.0000030179466517,0.0009496434190563695
finer,18.825,0.0037907130159410838,1.0000028739010338,0.0009338511499449502
finer,18.875,0.0036991681987036335,1.0000027367690725,0.0009183279713083353
finer,18.925,0.003609859367860301,1.0000026062169312,0.0009030691598871578
finer,18.975,0.0035227311838351713,1.0000024819269988,0.0008880700783647922
finer,19.025000000000002,0.003437729697766698,1.000002363597095,0.000873326173735209
finer,19.075,0.0033548023159472003,1.0000022509397157,0.000858832975703368
finer,19.125,0.0032738977651887136,1.0000021436813153,0.0008445860951174721
finer,19.175,0.00319496605909066,1.0000020415616238,0.0008305812224324179
finer,19.225,0.003117958465185423,1.0000019443329982,0.0008168141262037857
finer,19.275000000000002,0.003042827472938589,1.000001851759806,0.0008032806516117305
finer,19.325000000000003,0.0029695267625812257,1.0000017636178387,0.0007899767190141517
finer,19.375,0.0028980111747521605,1.0000016796937539,0.0007768983225285299
finer,19.425,0.0028282366809288277,1.0000015997845446,0.00076404152864183
finer,19.475,0.002760160354625829,1.0000015236970365,0.0007514024748478926
finer,19.525000000000002,0.0026937403433408835,1.0000014512474074,0.0007389773683117348
finer,19.575000000000003,0.0026289358412284274,1.0000013822607314,0.000726762484560203
finer,19.625,0.002565707062481618,1.0000013165705461,0.000714754166198433
finer,19.675,0.0025040152154040276,1.0000012540184398,0.0007029488216515795
finer,19.725,0.002443822477152822,1.00000119445366,0.000691342923931289
finer,19.775000000000002,0.0023850919691356886,1.0000011377327402,0.0006799330094264112
finer,19.825000000000003,0.00232778773304426,1.000001083719146,0.0006687156767174386
finer,19.875,0.0022718747075072586,1.0000010322829374,0.0006576875854141909
finer,19.925,0.0022173187053470063,1.0000009833004482,0.0006468454550162582
finer,19.975,0.002164086391423415,1.000000936653982,0.0006361860637957424
finest,0.0125,0.7426159166190324,1.1102956799231851,0.11239386103261009
finest,0.0625,0.7426156512921941,1.1102956011088259,0.11238823248989131
finest,0.1125,0.7426150316377245,1.1102954170428596,0.11237509989283402
finest,0.1625,0.7426140563137724,1.110295127326959,0.11235446484765536
finest,0.21250000000000002,0.7426127232076609,1.1102947313339797,0.11232632987820901
finest,0.2625,0.7426110294304693,1.1102942282063561,0.11229069842571637
finest,0.3125,0.7426089713096238,1.1102936168539075,0.11224757484839983
finest,0.36250000000000004,0.7426065443794744,1.1102928959510447,0.1121969644210193
finest,0.41250000000000003,0.7426037433698367,1.1102920639333789,0.11213887333431206
finest,0.4625,0.7426005621924601,1.1102911189937115,0.11207330869433674
finest,0.5125000000000001,0.742596993925393,1.110290059077406,0.11200027852172033
finest,0.5625,0.7425930307951956,1.1102888818771188,0.11191979175081222
finest,0.6125,0.7425886641569556,1.1102875848268823,0.11183185822874266
finest,0.6625000000000001,0.7425838844720515,1.1102861650955202,0.11173648871438839
finest,0.7125,0.7425786812836,1.110284619579378,0.11163369487724664
finest,0.7625000000000001,0.7425730431895228,1.1102829448943499,0.11152348929621696
finest,0.8125,0.7425669578131585,1.1102811373671777,0.11140588545829334
finest,0.8625,0.7425604117713384,1.1102791930260039,0.111280897757168
finest,0.9125000000000001,0.7425533906398386,1.110277107590144,0.11114854149174687
finest,0.9625,0.7425458789161153,1.1102748764590613,0.11100883286458017
finest,1.0125,0.7425378599792196,1.1102724947005038,0.11086178898020754
finest,1.0625,0.7425293160467821,1.1102699570377803,0.11070742784342139
finest,1.1125,0.7425202281289521,1.1102672578361341,0.1105457683574485
finest,1.1625,0.7425105759791624,1.1102643910881815,0.1103768303220531
finest,1.2125000000000001,0.7425003380415861,1.1102613503983738,0.11020063443156283
finest,1.2625000000000002,0.7424894913951441,1.110258128966444,0.11001720227281957
finest,1.3125,0.7424780116939065,1.1102547195697874,0.1098265563230582
finest,1.3625,0.7424658731037295,1.1102511145447367,0.10962871994771378
finest,1.4125,0.7424530482349518,1.1102473057666744,0.1094237173981623
finest,1.4625000000000001,0.7424395080709701,1.1102432846289327,0.10921157380939553
finest,1.5125000000000002,0.7424252218924975,1.110239042020425,0.1089923151976335
finest,1.5625,0.7424101571973003,1.1102345683019441,0.10876596845787732
finest,1.6125,0.7423942796151941,1.1102298532810726,0.1085325613614055
finest,1.6625,0.7423775528180715,1.1102248861856296,0.10829212255321713
finest,1.7125000000000001,0.742359938424715,1.1102196556355892,0.10804468154942479
finest,1.7625000000000002,0.7423413959001407,1.110214149613394,0.10779026873460067
finest,1.8125,0.7423218824491994,1.1102083554325846,0.10752891535908021
finest,1.8625,0.7423013529041508,1.1102022597046666,0.10726065353622559
finest,1.9125,0.7422797596059076,1.1101958483041208,0.10698551623965528
finest,1.9625000000000001,0.7422570522786318,1.1101891063314726,0.10670353730044095
finest,2.0125,0.742233177897349,1.1101820180743196,0.10641475140427857
finest,2.0625,0.7422080805482262,1.1101745669662164,0.10611919408863671
finest,2.1125000000000003,0.7421817012811435,1.1101667355433145,0.105816901739887
finest,2.1625,0.7421539779541694,1.1101585053986396,0.10550791159042187
finest,2.2125,0.7421248450695264,1.1101498571338937,0.10519226171576411
finest,2.2625,0.742094233600619,1.110140770308658,0.10486999103167396
finest,2.3125,0.742062070809669,1.1101312233868668,0.10454113929125895
finest,2.3625000000000003,0.7420282800554818,1.1101211936804194,0.10420574708209213
finest,2.4125,0.7419927805908457,1.110110657289787,0.10386385582334452
finest,2.4625000000000004,0.7419554873490392,1.11009958904147,0.1035155077629378
finest,2.5125,0.7419163107188982,1.1100879624221482,0.10316074597472412
finest,2.5625,0.7418751563078672,1.1100757495093645,0.10279961435569893
finest,2.6125000000000003,0.7418319246924312,1.1100629208985753,0.10243215762325356
finest,2.6625,0.7417865111553008,1.1100494456263907,0.1020584213124756
finest,2.7125000000000004,0.7417388054086859,1.1100352910898208,0.10167845177350274
finest,2.7625,0.7416886913029744,1.1100204229613437,0.10129229616893945
finest,2.8125,0.741636046520091,1.11000480509959,0.10090000247134315
finest,2.8625000000000003,0.7415807422507878,1.1099883994554458,0.10050161946078795
finest,2.9125,0.741522642855082,1.109971165973357,0.10009719672251545
finest,2.9625000000000004,0.7414616055050217,1.1099530624876168,0.09968678464467948
finest,3.0125,0.7413974798089346,1.1099340446134078,0.09927043441619546
finest,3.0625,0.7413301074162693,1.1099140656323634,0.09884819802470296
finest,3.1125000000000003,0.7412593216021136,1.109893076372405,0.09842012825465037
finest,3.1625,0.7411849468304362,1.1098710250816073,0.09798627868551261
finest,3.2125000000000004,0.7411067982950603,1.109847857295831,0.09754670369015135
finest,3.2625,0.7410246814373477,1.1098235156998646,0.09710145843332865
finest,3.3125,0.7409383914395333,1.1097979399818005,0.09665059887038412
finest,3.3625000000000003,0.7408477126926192,1.109771066680377,0.09619418174608782
finest,3.4125,0.7407524182377003,1.1097428290250002,0.09573226459367956
finest,3.4625000000000004,0.7406522691795628,1.109713156768167,0.09526490573410581
finest,3.5125,0.7405470140713691,1.109681976010004,0.09479216427546784
finest,3.5625,0.7404363882692075,1.1096492090146297,0.09431410011269198
finest,3.6125000000000003,0.7403201132552631,1.109614774018057,0.09383077392743563
finest,3.6625,0.7401978959283424,1.109578585027349,0.09334224718824179
finest,3.7125000000000004,0.7400694278604593,1.1095405516107415,0.09284858215095483
finest,3.7625,0.7399343845181825,1.1095005786784604,0.09234984185941268
finest,3.8125,0.7397924244474211,1.1094585662539587,0.09184609014642711
finest,3.8625000000000003,0.739643188420334,1.1094144092353195,0.09133739163506847
finest,3.9125,0.739486298543036,1.109367997146576,0.09082381174026784
finest,3.9625000000000004,0.7393213573227927,1.1093192138787233,0.09030541667075194
finest,4.0125,0.7391479466934087,1.1092679374202163,0.08978227343132562
finest,4.0625,0.7389656269975439,1.1092140395767747,0.0892544498255167
finest,4.1125,0.7387739359247294,1.1091573856803432,0.08872201445859944
finest,4.1625000000000005,0.7385723874039128,1.1090978342871032,0.08818503674101034
finest,4.2125,0.7383604704494232,1.1090352368644587,0.08764358689217391
finest,4.2625,0.7381376479593347,1.1089694374669876,0.08709773594475205
finest,4.3125,0.7379033554653119,1.1089002724013932,0.08654755574933397
finest,4.3625,0.7376569998331406,1.108827569880566,0.08599311897958174
finest,4.4125000000000005,0.7373979579132967,1.10875114966694,0.08543449913784697
finest,4.4625,0.7371255751410826,1.1086708227054143,0.0848717705612737
finest,4.5125,0.7368391640860591,1.1085863907462086,0.08430500842840269
finest,4.5625,0.7365380029507383,1.1084976459581324,0.0837342887662925
finest,4.6125,0.7362213340187752,1.108404370532877,0.08315968845817033
finest,4.6625000000000005,0.7358883620532013,1.1083063362810688,0.08258128525162754
finest,4.7125,0.7355382526456012,1.108203304220989,0.08199915776737259
finest,4.7625,0.735170130517527,1.1080950241610314,0.08141338550855352
finest,4.8125,0.7347830777759023,1.1079812342771655,0.08082404887066166
finest,4.862500000000001,0.7343761321246697,1.107861660686878,0.08023122915202674
finest,4.9125000000000005,0.733948285035504,1.1077360170213115,0.07963500856491244
finest,4.9625,0.733498479881046,1.107604003997561,0.07903547024722023
finest,5.0125,0.733025610034813,1.107465308993382,0.07843269827480709
finest,5.0625,0.7325285169427213,1.1073196056268606,0.0778267776744212
finest,5.112500000000001,0.7320059881720119,1.1071665533439368,0.0772177944372575
finest,5.1625000000000005,0.7314567554443168,1.1070057970170253,0.07660583553313248
finest,5.2125,0.730879492660633,1.1068369665583728,0.07599098892527462
finest,5.2625,0.7302728139271055,1.1066596765522025,0.07537334358572405
finest,5.3125,0.7296352715917429,1.1064735259101512,0.07475298951133137
finest,5.362500000000001,0.7289653543035236,1.1062780975549724,0.0741300177403417
finest,5.4125000000000005,0.7282614851067888,1.1060729581379891,0.07350452036954554
finest,5.4625,0.7275220195853559,1.105857657796311,0.07287659057197336
finest,5.5125,0.7267452440724542,1.1056317299563863,0.07224632261510582
finest,5.5625,0.7259293739443317,1.105394691191042,0.07161381187956438
finest,5.612500000000001,0.725072552017263,1.1051460411377654,0.07097915487824068
finest,5.6625000000000005,0.7241728470696583,1.104885262486595,0.07034244927581967
finest,5.7125,0.7232282525130331,1.1046118210466112,0.0697037939086486
finest,5.7625,0.7222366852377641,1.1043251659006466,0.06906328880485327
finest,5.8125,0.7211959846617759,1.1040247296584538,0.06842103520467101
finest,5.862500000000001,0.720103912012589,1.103709928819167,0.06777713558089232
finest,5.9125000000000005,0.7189581498754846,1.1033801642544758,0.0671316936593194
finest,5.9625,0.7177563020428658,1.10303482182445,0.0664848144391353
finest,6.0125,0.7164958937022189,1.1026732731384283,0.06583660421306396
finest,6.0625,0.7151743720023244,1.1022948764737839,0.06518717058718476
finest,6.112500000000001,0.713789107039532,1.1018989778656585,0.06453662250025348
finest,6.1625000000000005,0.7123373933079266,1.1014849123809463,0.06388507024236321
finest,6.2125,0.710816451659017,1.1010520055898232,0.0632326254727625
finest,6.2625,0.7092234318181291,1.100599575247977,0.06257940123662904
finest,6.3125,0.7075554155058842,1.100126933202341,0.06192551198057933
finest,6.362500000000001,0.705809420213945,1.099633387532549,0.061271073566672676
finest,6.4125000000000005,0.7039824036845035,1.0991182449394823,0.06061620328464721
finest,6.4625,0.7020712691426937,1.0985808133911266,0.05996101986210463
finest,6.5125,0.700072871330141,1.0980204050344855,0.05930564347233652
finest,6.5625,0.6979840233860947,1.097436339380448,0.058650195739461376
finest,6.612500000000001,0.695801504619952,1.0968279467662778,0.05799479974051956
finest,6.6625000000000005,0.6935220692153451,1.0961945720977468,0.05733958000414761
finest,6.7125,0.6911424559012396,1.0955355788698393,0.056684662505431346
finest,6.7625,0.6886593986195921,1.0948503534614196,0.056030174656514255
finest,6.8125,0.6860696382119345,1.0941383096952508,0.055376245292514725
finest,6.862500000000001,0.6833699351387313,1.0933988936503027,0.054723004652285745
finest,6.9125000000000005,0.6805570832354503,1.0926315887083886,0.054070584353533215
finest,6.9625,0.6776279244979235,1.0918359208118726,0.05341911736179198
finest,7.0125,0.6745793648768095,1.09101146390352,0.05276873795274686
finest,7.0625,0.671408391046764,1.090157845513601,0.05211958166737786
finest,7.112500000000001,0.6681120881004058,1.089274752453177,0.05147178525940431
finest,7.1625000000000005,0.6646876581004035,1.0883619365661998,0.0508254866345055
finest,7.2125,0.6611324394051771,1.087419220486768,0.050180824780803615
finest,7.2625,0.6574439266650266,1.0864465033417459,0.049537939690110215
finest,7.3125,0.6536197913662136,1.0854437663331225,0.04889697226946187
finest,7.362500000000001,0.6496579027809625,1.0844110781291516,0.048258064242503874
finest,7.4125000000000005,0.6455563491618913,1.0833485999886459,0.04762135804032278
finest,7.4625,0.6413134590004483,1.082256590539024,0.04698699668138172
finest,7.5125,0.6369278221509812,1.0811354101259985,0.04635512364027678
finest,7.5625,0.6323983106056307,1.0799855246513712,0.04572588270510767
finest,7.612500000000001,0.6277240986908231,1.0788075088154412,0.0450994178233419
finest,7.6625000000000005,0.6229046824443025,1.0776020486822075,0.04447587293615011
finest,7.7125,0.6179398979229233,1.0763699434889986,0.043855391801298535
finest,7.7625,0.6128299381863317,1.0751121066274927,0.043238117804803446
finest,7.8125,0.6075753687006823,1.073829565730354,0.04262419376168074
finest,7.862500000000001,0.6021771409100536,1.0725234618069213,0.04201376170626011
finest,7.9125000000000005,0.5966366037315936,1.071195047382474,0.041406962672675074
finest,7.9625,0.5909555127438232,1.069845683608463,0.04080393646628683
finest,8.012500000000001,0.5851360368560827,1.0684768363255286,0.0402048214269487
finest,8.0625,0.5791807622707353,1.067090071076902,0.03960975418516463
finest,8.1125,0.5730926935782776,1.0656870470865611,0.03901886941234023
finest,8.1625,0.5668752518585757,1.0642695102339448,0.03843229956646123
finest,8.2125,0.5605322696985389,1.062839285074679,0.03785017463466214
finest,8.262500000000001,0.5540679830770104,1.0613982659742052,0.03727262187426209
finest,8.3125,0.5474870201106923,1.059948407437937,0.03669976555394387
finest,8.3625,0.540794386699625,1.0584917137371648,0.03613172669683104
finest,8.4125,0.5339954491561288,1.0570302279438912,0.03556862282727655
finest,8.4625,0.5270959139460925,1.0555660204997332,0.03501056772321104
finest,8.512500000000001,0.5201018047150465,1.0541011774535698,0.03445767117590723
finest,8.5625,0.5130194368124693,1.0526377885094766,0.033910038759000644
finest,8.6125,0.5058553895652743,1.051177935030447,0.033367771608561
finest,8.6625,0.49861647658449015,1.0497236781443062,0.03283096621593811
finest,8.7125,0.4913097144169686,1.0482770470960967,0.03229971423500845
finest,8.762500000000001,0.48394228987591825,1.0468400279860695,0.03177410230532491
finest,8.8125,0.47652152639966816,1.0454145530244539,0.031254211892527715
finest,8.8625,0.46905484979706075,1.0440024904236287,0.030740119147208627
finest,8.9125,0.461549753740151,1.0426056350355188,0.030231894783237772
finest,8.9625,0.454013765360561,1.041225699827375,0.02972960397636614
finest,9.012500000000001,0.446454411295198,1.0398643082729884,0.02923330628371044
finest,9.0625,0.4388791845105414,1.0385229877193276,0.028743055584514864
finest,9.1125,0.431295512212946,1.0372031637710055,0.028258900042370073
finest,9.1625,0.42371072512610575,1.035906155717378,0.027780882088858223
finest,9.2125,0.4161320283867964,1.034633173009862,0.027309038428385463
finest,9.262500000000001,0.4085664742771108,1.0333853127806458,0.026843400063767595
finest,9.3125,0.40102093697651686,1.0321635583787048,0.026383992341948666
finest,9.3625,0.3935020894810842,1.0309687788851958,0.025930835019063556
finest,9.4125,0.38601638280097733,1.02980172955815,0.0254839423439032
finest,9.4625,0.37857002751159624,1.0286630531460261,0.02504332315870743
finest,9.512500000000001,0.37116897769927665,1.0275532820012652,0.02460898101609782
finest,9.5625,0.36381891730983124,1.0264728409184996,0.024180914310870768
finest,9.6125,0.3565252488779693,1.0254220506174996,0.023759116425299653
finest,9.662500000000001,0.3492930845881544,1.0244011317882216,0.023343575886545374
finest,9.7125,0.3421272395930505,1.023410209614312,0.022934276534743663
finest,9.762500000000001,0.33503222749457084,1.0224493186919947,0.02253119770032752
finest,9.8125,0.32801225787475397,1.0215184082632187,0.022134314389149305
finest,9.8625,0.32107123574926,1.0206173476851115,0.021743597473990326
finest,9.912500000000001,0.3142127628051344,1.019745932061927,0.02135901389108379
finest,9.9625,0.30744014027646643,1.0189038879706427,0.020980526840326173
finest,10.012500000000001,0.30075637330649707,1.0180908792168955,0.020608095987914632
finest,10.0625,0.2941641766423468,1.017306512563934,0.02024167767021663
finest,10.1125,0.28766598150858147,1.016550343383459,0.01988122509775565
finest,10.162500000000001,0.2812639435080199,1.0158218811835364,0.01952668855827893
finest,10.2125,0.27495995140221274,1.0151205949750215,0.01917801561795868
finest,10.262500000000001,0.2687556366295972,1.014445918444036,0.018835151319866385
finest,10.3125,0.26265238342616665,1.0137972549038892,0.018498038378947503
finest,10.3625,0.25665133942130886,1.0131739820053505,0.018166617372812475
finest,10.412500000000001,0.2507534265900199,1.0125754561893272,0.017840826927745156
finest,10.4625,0.24495935245174166,1.0120010168707154,0.01752060389941386
finest,10.512500000000001,0.23926962141540734,1.0114499903464544,0.017205883547849722
finest,10.5625,0.23368454617971418,1.0109216934246439,0.016896599706333365
finest,10.6125,0.22820425910702463,1.0104154367749172,0.01659268494390234
finest,10.662500000000001,0.22282872349848867,1.0099305280031932,0.016294070721258738
finest,10.7125,0.2175577447068727,1.0094662744563883,0.016000687539917922
finest,10.762500000000001,0.21239098103208442,1.0090219857647542,0.015712465084495798
finest,10.8125,0.20732795435243354,1.008596976131193,0.015429332358083948
finest,10.8625,0.20236806045221042,1.008190566378238,0.015151217810707943
finest,10.912500000000001,0.19751057901317481,1.0078020857644239,0.014878049460905629
finest,10.9625,0.19275468324399475,1.0074308735824986,0.014609755010498573
finest,11.012500000000001,0.18809944912756627,1.0070762805524187,0.014346261952662146
finest,11.0625,0.18354386427147315,1.006737670022341,0.014087497673426739
finest,11.1125,0.17908683635162784,1.006414418990887,0.013833389546766618
finest,11.162500000000001,0.1747272011433906,1.0061059189638806,0.013583865023452244
finest,11.2125,0.17046373013821373,1.0058115766585267,0.013338851713858247
finest,11.262500000000001,0.16629513774713153,1.0055308145676676,0.013098277464931814
finest,11.3125,0.16222008809524693,1.005263071396326,0.012862070431536827
finest,11.3625,0.1582372014137779,1.0050078023822528,0.012630159142395726
finest,11.412500000000001,0.15434506003826282,1.004764479511643,0.012402472560856474
finest,11.4625,0.1505422140232086,1.0045325916406018,0.012178940140714866
finest,11.512500000000001,0.14682718638483633,1.0043116445323375,0.011959491877322953
finest,11.5625,0.1431984779846652,1.004101160819425,0.011744058354214161
finest,11.6125,0.13965457206750867,1.0039006798998718,0.011532570785473376
finest,11.662500000000001,0.13619393846806388,1.0037097577750886,0.011324961054077102
finest,11.7125,0.1328150375006857,1.0035279668372616,0.011121161746424295
finest,11.762500000000001,0.1295163235471718,1.0033548956130351,0.010921106183273483
finest,11.8125,0.12629624835747338,1.0031901484698345,0.010724728447295934
finest,11.8625,0.12315326407820293,1.003033345290623,0.010531963407447931
finest,11.912500000000001,0.12008582602366025,1.002884121122357,0.010342746740358625
finest,11.9625,0.1170923952038544,1.0027421258029152,0.010157014948922531
finest,12.012500000000001,0.11417144062368136,1.0026070235708173,0.009974705378278357
finest,12.0625,0.11132144136703713,1.002478492661607,0.009795756229348147
finest,12.1125,0.10854088847921553,1.0023562248943716,0.009620106570103234
finest,12.162500000000001,0.10582828666047422,1.0022399252514984,0.009447696344715617
finest,12.2125,0.10318215578315515,1.0021293114544119,0.00927846638074578
finest,12.262500000000001,0.10060103224423084,1.002024113537721,0.00911235839451041
finest,12.3125,0.09808347016461962,1.0019240734239068,0.008949314994766098
finest,12.3625,0.09562804244607759,1.0018289445004138,0.0087892796848377
finest,12.412500000000001,0.09323334169594058,1.0017384912007583,0.008632196863313187
finest,12.4625,0.09089798102945673,1.0016524885910463,0.008478011823419637
finest,12.512500000000001,0.08862059475892568,1.0015707219630852,0.008326670751188623
finest,12.5625,0.08639983897834655,1.0014929864350968,0.008178120722512781
finest,12.6125,0.08423439205177469,1.0014190865608663,0.00803230969918912
finest,12.662500000000001,0.08212295501310203,1.0013488359480167,0.007889186524038853
finest,12.7125,0.08006425188450422,1.001282056885965,0.00774870091518772
finest,12.762500000000001,0.07805702992034667,1.0012185799839972,0.007610803459585496
finest,12.8125,0.07610005978290742,1.0011582438197923,0.007475445605838352
finest,12.8625,0.07419213565585853,1.0011008945986355,0.007342579656422548
finest,12.912500000000001,0.07233207530105379,1.0010463858234715,0.0072121587593436355
finest,12.9625,0.07051872006379216,1.000994577975887,0.007084136899300731
finest,13.012500000000001,0.06875093483136996,1.0009453382080375,0.00695846888841137
finest,13.0625,0.06702760794939638,1.0008985400454835,0.006835110356548534
finest,13.1125,0.06534765110002629,1.0008540631008582,0.006714017741337668
finest,13.162500000000001,0.0637099991459633,1.0008117927982356,0.006595148277858154
finest,13.2125,0.062113609943801405,1.00077162010805,0.006478459988090227
finest,13.262500000000001,0.06055746413000615,1.0007334412923714,0.006363911670145412
finest,13.3125,0.059040564882585696,1.000697157660331,0.006251462887315573
finest,13.3625,0.0575619376612667,1.000662675333464,0.006141073956973009
finest,13.412500000000001,0.056120629928769455,1.0006299050207204,0.006032705939351352
finest,13.4625,0.05471571085557117,1.000598761802886,0.005926320626234835
finest,13.512500000000001,0.0533462710103535,1.0005691649261421,0.005821880529581081
finest,13.5625,0.05201142203815117,1.000541037604486,0.005719348870100591
finest,13.6125,0.05071029632805094,1.0005143068307358,0.005618689565814135
finest,13.662500000000001,0.049442046672135156,1.000488903195826,0.005519867220607398
finest,13.7125,0.04820584591721812,1.000464760716119,0.005422847112800579
finest,13.762500000000001,0.047000886610790236,1.0004418166684401,0.005327595183749066
finest,13.8125,0.04582638064245903,1.0004200114325574,0.005234078026489801
finest,13.8625,0.044681558882060816,1.0003992883408261,0.005142262874446643
finest,13.912500000000001,0.0435656708155092,1.000379593534721,0.005052117590206716
finest,13.9625,0.04247798417934747,1.0003608758279883,0.004963610654378598
finest,14.012500000000001,0.04141778459487982,1.0003430865761496,0.004876711154541997
finest,14.0625,0.04038437520267165,1.0003261795521021,0.004791388774297775
finest,14.1125,0.03937707629813056,1.0003101108275578,0.004707613782425997
finest,14.162500000000001,0.038395224968807595,1.0002948386600812,0.004625357022158974
finest,14.2125,0.03743817473399132,1.0002803233854827,0.0045445899005754084
finest,14.262500000000001,0.036505295187106206,1.0002665273153395,0.004465284378120987
finest,14.3125,0.03559597164137024,1.0002534146394186,0.004387412958260145
finest,14.3625,0.03470960477911452,1.0002409513327846,0.004310948677263025
finest,14.412500000000001,0.033845610305120385,1.0002291050673853,0.004235865094131166
finest,14.4625,0.03300341860428541,1.000217845127914,0.004162136280664757
finest,14.512500000000001,0.03218247440388979,1.0002071423317513,0.004089736811674024
finest,14.5625,0.03138223644069792,1.000196968952804,0.004018641755336644
finest,14.6125,0.030602177133096164,1.000187298649057,0.0039488266637028435
finest,14.662500000000001,0.02984178225843746,1.000178106393672,0.0038802675633493092
finest,14.7125,0.02910055063573517,1.0001693684094606,0.0038129409461828416
finest,14.762500000000001,0.028377993813823176,1.0001610621065795,0.0037468237603942227
finest,14.8125,0.027673635765076067,1.0001531660232916,0.0036818934015625956
finest,14.8625,0.026987012584761945,1.00014565976965,0.0036181277039102977
finest,14.912500000000001,0.026317672196081617,1.0001385239739642,0.003555504931707915
finest,14.9625,0.025665174060930142,1.0001317402319156,0.003494003770829069
finest,15.012500000000001,0.025029088896401448,1.0001252910581968,0.003433603320454274
finest,15.0625,0.024408998397042275,1.0001191598405494,0.003374283084923016
finest,15.1125,0.023804494962849154,1.0001133307960872,0.0033160229657330288
finest,15.162500000000001,0.02321518143299058,1.0001077889297934,0.003258803253685652
finest,15.2125,0.022640670825226354,1.0001025199950833,0.003202604621175928
finest,15.262500000000001,0.022080586080986855,1.0000975104563359,0.0031474081146261
finest,15.3125,0.02153455981606689,1.0000927474532944,0.0030931951470609745
finest,15.3625,0.021002234076881492,1.000088218767244,0.0030399474908235783
finest,15.412500000000001,0.02048326010222476,1.000083912788883,0.0029876472704294466
finest,15.4625,0.019977298090466975,1.000079818487799,0.002936276955557774
finest,15.512500000000001,0.01948401697212064,1.000075925383474,0.002885819354177656
finest,15.5625,0.01900309418770159,1.0000722235177413,0.002836257605807583
finest,15.6125,0.018534215470807643,1.0000687034286238,0.002787575174906262
finest,15.662500000000001,0.018077074636334418,1.0000653561254815,0.0027397558443928633
finest,15.7125,0.01763137337374483,1.000062173065409,0.002692783709294717
finest,15.762500000000001,0.017196821045307037,1.0000591461308128,0.002646643170520491
finest,15.8125,0.01677313448921356,1.0000562676081186,0.00260131892875684
finest,15.8625,0.016360037827492884,1.0000535301675435,0.0025567959784865233
finest,15.912500000000001,0.015957262278623954,1.0000509268438857,0.0025130596021259574
finest,15.9625,0.015564545974762941,1.00004845101828,0.0024700953642801714
finest,16.0125,0.015181633783491338,1.0000460964008673,0.0024278891061131538
finest,16.0625,0.014808277133994104,1.0000438570143355,0.0023864269398315464
finest,16.1125,0.014444233847576551,1.0000417271782887,0.0023456952432797024
finest,16.1625,0.014089267972428836,1.0000397014943998,0.0023056806546440383
finest,16.212500000000002,0.013743149622547204,1.0000377748323095,0.002266370067264744
finest,16.2625,0.013405654820721789,1.0000359423162344,0.002227750624552823
finest,16.3125,0.013076565345501168,1.000034199312247,0.002189809715010502
finest,16.3625,0.01275566858204493,1.000032541416195,0.002152534967353055
finest,16.4125,0.012442757376776126,1.0000309644422274,0.0021159142457301437
finest,16.462500000000002,0.01213762989574665,1.0000294644118972,0.0020799356450446962
finest,16.5125,0.01184008948662957,1.0000280375438102,0.0020445874863674854
finest,16.5625,0.011549944544253584,1.0000266802437952,0.0020098583124455
finest,16.6125,0.011267008379596032,1.0000253890955653,0.001975736883302311
finest,16.6625,0.010991099092152054,1.0000241608518508,0.001942212171928565
finest,16.712500000000002,0.010722039445598937,1.0000229924259747,0.0019092733600608307
finest,16.7625,0.01045965674667591,1.0000218808838517,0.0018769098340470376
finest,16.8125,0.01020378272720112,1.0000208234363888,0.001845111180796749
finest,16.8625,0.00995425342914889,1.0000198174322663,0.0018138671838145654
finest,16.9125,0.009710909092711797,1.0000188603510813,0.0017831678193149661
finest,16.962500000000002,0.009473594047273562,1.0000179497968344,0.0017530032524169287
finest,17.0125,0.009242156605220191,1.000017083491743,0.0017233638334166964
finest,17.0625,0.009016448958518258,1.0000162592703643,0.0016942400941370793
finest,17.1125,0.008796327077990721,1.0000154750740127,0.001665622744351735
finest,17.1625,0.008581650615222087,1.0000147289454564,0.0016375026682828495
finest,17.212500000000002,0.0083722828070262,1.0000140190238802,0.001609870921170729
finest,17.2625,0.008168090382411435,1.000013343540099,0.0015827187259137814
finest,17.3125,0.007968943471979436,1.0000127008120119,0.0015560374697774415
finest,17.3625,0.007774715519695054,1.0000120892402824,0.0015298187011705928
finest,17.4125,0.007585283196966494,1.0000115073042357,0.0015040541264880842
finest,17.462500000000002,0.007400526318976114,1.0000109535579595,0.0014787356070179456
finest,17.5125,0.007220327763203707,1.0000104266266017,0.0014538551559119604
finest,17.5625,0.007044573390085441,1.0000099252028496,0.0014294049352182483
finest,17.6125,0.0068731519657530245,1.0000094480435888,0.0014053772529745716
finest,17.6625,0.006705955086798937,1.0000089939667252,0.0013817645603610748
finest,17.712500000000002,0.006542877107014921,1.0000085618481676,0.0013585594489112158
finest,17.7625,0.006383815066052189,1.0000081506189595,0.0013357546477796513
finest,17.8125,0.006228668619953085,1.0000077592625554,0.0013133430210658858
finest,17.8625,0.006077339973505164,1.0000073868122308,0.001291317565192494
finest,17.9125,0.005929733814369877,1.0000070323486219,0.0012696714063367793
finest,17.962500000000002,0.005785757248939246,1.0000066949973887,0.0012483977979147304
finest,18.0125,0.005645319739875093,1.000006373926993,0.0012274901181161654
finest,18.0625,0.005508333045286506,1.0000060683465875,0.0012069418674899915
finest,18.1125,0.005374711159502412,1.0000057775040097,0.0011867466665785248
finest,18.1625,0.0052443702553971305,1.000005500683875,0.0011668982535998065
finest,18.212500000000002,0.005117228628227967,1.0000052372057666,0.0011473904821769315
finest,18.2625,0.004993206640944871,1.0000049864225118,0.0011282173191133798
finest,18.3125,0.004872226670933273,1.0000047477185465,0.0011093728422133765
finest,18.3625,0.004754213058152178,1.0000045205083605,0.0010908512381463341
finest,18.4125,0.0046390920546306195,1.0000043042350182,0.001072646800354446
finest,18.462500000000002,0.004526791775286494,1.0000040983687553,0.0010547539270025087
finest,18.5125,0.004417242150032782,1.0000039024056424,0.0010371671189691
finest,18.5625,0.004310374877137027,1.0000037158663162,0.0010198809778782204
finest,18.6125,0.004206123377800895,1.0000035382947738,0.001002890204170558
finest,18.6625,0.004104422751927458,1.0000033692572252,0.000986189595213527
finest,18.712500000000002,0.004005209735044728,1.0000032083410044,0.0009697740434492781
finest,18.7625,0.0039084226563547925,1.0000030551535322,0.0009536385345798674
finest,18.8125,0.003814001397878699,1.0000029093213325,0.0009377781457888096
finest,18.8625,0.003721887354668059,1.0000027704890961,0.0009221880439982564
finest,18.9125,0.003632023396055067,1.0000026383187899,0.0009068634841610243
finest,18.962500000000002,0.003544353827913415,1.0000025124888114,0.000891799807586771
finest,19.0125,0.0034588243559033147,1.000002392693185,0.0008769924403015802
finest,19.0625,0.003375382049674513,1.0000022786407963,0.00086243689144027
finest,19.1125,0.0032939753080019514,1.000002170054666,0.0008481287516707245
finest,19.1625,0.0032145538248293175,1.0000020666712586,0.0008340636916495938
finest,19.212500000000002,0.003137068556196458,1.0000019682398253,0.0008202374605086896
finest,19.262500000000003,0.0030614716880272338,1.0000018745217794,0.0008066458843714429
finest,19.3125,0.0029877166047550304,1.000001785290102,0.0007932848648987954
finest,19.3625,0.0029157578587637504,1.0000017003287782,0.0007801503778639118
finest,19.4125,0.002845551140622704,1.0000016194322587,0.0007672384717551055
finest,19.462500000000002,0.002777053250094388,1.0000015424049509,0.0007545452664063937
finest,19.512500000000003,0.0027102220678947107,1.0000014690607315,0.0007420669516551136
finest,19.5625,0.002645016528185773,1.0000013992224868,0.0007297997860260232
finest,19.6125,0.0025813965917818324,1.0000013327216728,0.0007177400954413407
finest,19.6625,0.002519323220049615,1.0000012693978975,0.0007058842719561987
finest,19.712500000000002,0.002458758349484633,1.0000012090985242,0.0006942287725189635
finest,19.762500000000003,0.0023996648669456543,1.0000011516782947,0.0006827701177559191
finest,19.8125,0.002342006585529964,1.0000010969989694,0.0006715048907798108
finest,19.8625,0.0022857482210725134,1.000001044928986,0.0006604297360217478
finest,19.9125,0.0022308553692524957,1.0000009953431357,0.0006495413580859917
finest,19.962500000000002,0.002177294483291354,1.0000009481222534,0.0006388365206271511
time,0.0125,0.7426159166190324,1.1102956799231851,0.11239386103261009
time,0.0625,0.7426156512921941,1.1102956011088259,0.11238823248989131
time,0.1125,0.7426150316377245,1.1102954170428596,0.11237509989283402
time,0.1625,0.7426140563137724,1.110295127326959,0.11235446484765536
time,0.21250000000000002,0.7426127232076609,1.1102947313339797,0.11232632987820901
time,0.2625,0.7426110294304693,1.1102942282063561,0.11229069842571637
time,0.3125,0.7426089713096238,1.1102936168539075,0.11224757484839983
time,0.36250000000000004,0.7426065443794744,1.1102928959510447,0.1121969644210193
time,0.41250000000000003,0.7426037433698367,1.1102920639333789,0.11213887333431206
time,0.4625,0.7426005621924601,1.1102911189937115,0.11207330869433674
time,0.5125000000000001,0.742596993925393,1.110290059077406,0.11200027852172033
time,0.5625,0.7425930307951956,1.1102888818771188,0.11191979175081222
time,0.6125,0.7425886641569556,1.1102875848268823,0.11183185822874266
time,0.6625000000000001,0.7425838844720515,1.1102861650955202,0.11173648871438839
time,0.7125,0.7425786812836,1.110284619579378,0.11163369487724664
time,0.7625000000000001,0.7425730431895228,1.1102829448943499,0.11152348929621696
time,0.8125,0.7425669578131585,1.1102811373671777,0.11140588545829334
time,0.8625,0.7425604117713384,1.1102791930260039,0.111280897757168
time,0.9125000000000001,0.7425533906398386,1.110277107590144,0.11114854149174687
time,0.9625,0.7425458789161153,1.1102748764590613,0.11100883286458017
time,1.0125,0.7425378599792196,1.1102724947005038,0.11086178898020754
time,1.0625,0.7425293160467821,1.1102699570377803,0.11070742784342139
time,1.1125,0.7425202281289521,1.1102672578361341,0.1105457683574485
time,1.1625,0.7425105759791624,1.1102643910881815,0.1103768303220531
time,1.2125000000000001,0.7425003380415861,1.1102613503983738,0.11020063443156283
time,1.2625000000000002,0.7424894913951441,1.110258128966444,0.11001720227281957
time,1.3125,0.7424780116939065,1.1102547195697874,0.1098265563230582
time,1.3625,0.7424658731037295,1.1102511145447367,0.10962871994771378
time,1.4125,0.7424530482349518,1.1102473057666744,0.1094237173981623
time,1.4625000000000001,0.7424395080709701,1.1102432846289327,0.10921157380939553
time,1.5125000000000002,0.7424252218924975,1.110239042020425,0.1089923151976335
time,1.5625,0.7424101571973003,1.1102345683019441,0.10876596845787732
time,1.6125,0.7423942796151941,1.1102298532810726,0.1085325613614055
time,1.6625,0.7423775528180715,1.1102248861856296,0.10829212255321713
time,1.7125000000000001,0.742359938424715,1.1102196556355892,0.10804468154942479
time,1.7625000000000002,0.7423413959001407,1.110214149613394,0.10779026873460067
time,1.8125,0.7423218824491994,1.1102083554325846,0.10752891535908021
time,1.8625,0.7423013529041508,1.1102022597046666,0.10726065353622559
time,1.9125,0.7422797596059076,1.1101958483041208,0.10698551623965528
time,1.9625000000000001,0.7422570522786318,1.1101891063314726,0.10670353730044095
time,2.0125,0.742233177897349,1.1101820180743196,0.10641475140427857
time,2.0625,0.7422080805482262,1.1101745669662164,0.10611919408863671
time,2.1125000000000003,0.7421817012811435,1.1101667355433145,0.105816901739887
time,2.1625,0.7421539779541694,1.1101585053986396,0.10550791159042187
time,2.2125,0.7421248450695264,1.1101498571338937,0.10519226171576411
time,2.2625,0.742094233600619,1.110140770308658,0.10486999103167396
time,2.3125,0.742062070809669,1.1101312233868668,0.10454113929125895
time,2.3625000000000003,0.7420282800554818,1.1101211936804194,0.10420574708209213
time,2.4125,0.7419927805908457,1.110110657289787,0.10386385582334452
time,2.4625000000000004,0.7419554873490392,1.11009958904147,0.1035155077629378
time,2.5125,0.7419163107188982,1.1100879624221482,0.10316074597472412
time,2.5625,0.7418751563078672,1.1100757495093645,0.10279961435569893
time,2.6125000000000003,0.7418319246924312,1.1100629208985753,0.10243215762325356
time,2.6625,0.7417865111553008,1.1100494456263907,0.1020584213124756
time,2.7125000000000004,0.7417388054086859,1.1100352910898208,0.10167845177350274
time,2.7625,0.7416886913029744,1.1100204229613437,0.10129229616893945
time,2.8125,0.741636046520091,1.11000480509959,0.10090000247134315
time,2.8625000000000003,0.7415807422507878,1.1099883994554458,0.10050161946078795
time,2.9125,0.741522642855082,1.109971165973357,0.10009719672251545
time,2.9625000000000004,0.7414616055050217,1.1099530624876168,0.09968678464467948
time,3.0125,0.7413974798089346,1.1099340446134078,0.09927043441619546
time,3.0625,0.7413301074162693,1.1099140656323634,0.09884819802470296
time,3.1125000000000003,0.7412593216021136,1.109893076372405,0.09842012825465037
time,3.1625,0.7411849468304362,1.1098710250816073,0.09798627868551261
time,3.2125000000000004,0.7411067982950603,1.109847857295831,0.09754670369015135
time,3.2625,0.7410246814373477,1.1098235156998646,0.09710145843332865
time,3.3125,0.7409383914395333,1.1097979399818005,0.09665059887038412
time,3.3625000000000003,0.7408477126926192,1.109771066680377,0.09619418174608782
time,3.4125,0.7407524182377003,1.1097428290250002,0.09573226459367956
time,3.4625000000000004,0.7406522691795628,1.109713156768167,0.09526490573410581
time,3.5125,0.7405470140713691,1.109681976010004,0.09479216427546784
time,3.5625,0.7404363882692075,1.1096492090146297,0.09431410011269198
time,3.6125000000000003,0.7403201132552631,1.109614774018057,0.09383077392743563
time,3.6625,0.7401978959283424,1.109578585027349,0.09334224718824179
time,3.7125000000000004,0.7400694278604593,1.1095405516107415,0.09284858215095483
time,3.7625,0.7399343845181825,1.1095005786784604,0.09234984185941268
time,3.8125,0.7397924244474211,1.1094585662539587,0.09184609014642711
time,3.8625000000000003,0.739643188420334,1.1094144092353195,0.09133739163506847
time,3.9125,0.739486298543036,1.109367997146576,0.09082381174026784
time,3.9625000000000004,0.7393213573227927,1.1093192138787233,0.09030541667075194
time,4.0125,0.7391479466934087,1.1092679374202163,0.08978227343132562
time,4.0625,0.7389656269975439,1.1092140395767747,0.0892544498255167
time,4.1125,0.7387739359247294,1.1091573856803432,0.08872201445859944
time,4.1625000000000005,0.7385723874039128,1.1090978342871032,0.08818503674101034
time,4.2125,0.7383604704494232,1.1090352368644587,0.08764358689217391
time,4.2625,0.7381376479593347,1.1089694374669876,0.08709773594475205
time,4.3125,0.7379033554653119,1.1089002724013932,0.08654755574933397
time,4.3625,0.7376569998331406,1.108827569880566,0.08599311897958174
time,4.4125000000000005,0.7373979579132967,1.10875114966694,0.08543449913784697
time,4.4625,0.7371255751410826,1.1086708227054143,0.0848717705612737
time,4.5125,0.7368391640860591,1.1085863907462086,0.08430500842840269
time,4.5625,0.7365380029507383,1.1084976459581324,0.0837342887662925
time,4.6125,0.7362213340187752,1.108404370532877,0.08315968845817033
time,4.6625000000000005,0.7358883620532013,1.1083063362810688,0.08258128525162754
time,4.7125,0.7355382526456012,1.108203304220989,0.08199915776737259
time,4.7625,0.735170130517527,1.1080950241610314,0.08141338550855352
time,4.8125,0.7347830777759023,1.1079812342771655,0.08082404887066166
time,4.862500000000001,0.7343761321246697,1.107861660686878,0.08023122915202674
time,4.9125000000000005,0.733948285035504,1.1077360170213115,0.07963500856491244
time,4.9625,0.733498479881046,1.107604003997561,0.07903547024722023
time,5.0125,0.733025610034813,1.107465308993382,0.07843269827480709
time,5.0625,0.7325285169427213,1.1073196056268606,0.0778267776744212
time,5.112500000000001,0.7320059881720119,1.1071665533439368,0.0772177944372575
time,5.1625000000000005,0.7314567554443168,1.1070057970170253,0.07660583553313248
time,5.2125,0.730879492660633,1.1068369665583728,0.07599098892527462
time,5.2625,0.7302728139271055,1.1066596765522025,0.07537334358572405
time,5.3125,0.7296352715917429,1.1064735259101512,0.07475298951133137
time,5.362500000000001,0.7289653543035236,1.1062780975549724,0.0741300177403417
time,5.4125000000000005,0.7282614851067888,1.1060729581379891,0.07350452036954554
time,5.4625,0.7275220195853559,1.105857657796311,0.07287659057197336
time,5.5125,0.7267452440724542,1.1056317299563863,0.07224632261510582
time,5.5625,0.7259293739443317,1.105394691191042,0.07161381187956438
time,5.612500000000001,0.725072552017263,1.1051460411377654,0.07097915487824068
time,5.6625000000000005,0.7241728470696583,1.104885262486595,0.07034244927581967
time,5.7125,0.7232282525130331,1.1046118210466112,0.0697037939086486
time,5.7625,0.7222366852377641,1.1043251659006466,0.06906328880485327
time,5.8125,0.7211959846617759,1.1040247296584538,0.06842103520467101
time,5.862500000000001,0.720103912012589,1.103709928819167,0.06777713558089232
time,5.9125000000000005,0.7189581498754846,1.1033801642544758,0.0671316936593194
time,5.9625,0.7177563020428658,1.10303482182445,0.0664848144391353
time,6.0125,0.7164958937022189,1.1026732731384283,0.06583660421306396
time,6.0625,0.7151743720023244,1.1022948764737839,0.06518717058718476
time,6.112500000000001,0.713789107039532,1.1018989778656585,0.06453662250025348
time,6.1625000000000005,0.7123373933079266,1.1014849123809463,0.06388507024236321
time,6.2125,0.710816451659017,1.1010520055898232,0.0632326254727625
time,6.2625,0.7092234318181291,1.100599575247977,0.06257940123662904
time,6.3125,0.7075554155058842,1.100126933202341,0.06192551198057933
time,6.362500000000001,0.705809420213945,1.099633387532549,0.061271073566672676
time,6.4125000000000005,0.7039824036845035,1.0991182449394823,0.06061620328464721
time,6.4625,0.7020712691426937,1.0985808133911266,0.05996101986210463
time,6.5125,0.700072871330141,1.0980204050344855,0.05930564347233652
time,6.5625,0.6979840233860947,1.097436339380448,0.058650195739461376
time,6.612500000000001,0.695801504619952,1.0968279467662778,0.05799479974051956
time,6.6625000000000005,0.6935220692153451,1.0961945720977468,0.05733958000414761
time,6.7125,0.6911424559012396,1.0955355788698393,0.056684662505431346
time,6.7625,0.6886593986195921,1.0948503534614196,0.056030174656514255
time,6.8125,0.6860696382119345,1.0941383096952508,0.055376245292514725
time,6.862500000000001,0.6833699351387313,1.0933988936503027,0.054723004652285745
time,6.9125000000000005,0.6805570832354503,1.0926315887083886,0.054070584353533215
time,6.9625,0.6776279244979235,1.0918359208118726,0.05341911736179198
time,7.0125,0.6745793648768095,1.09101146390352,0.05276873795274686
time,7.0625,0.671408391046764,1.090157845513601,0.05211958166737786
time,7.112500000000001,0.6681120881004058,1.089274752453177,0.05147178525940431
time,7.1625000000000005,0.6646876581004035,1.0883619365661998,0.0508254866345055
time,7.2125,0.6611324394051771,1.087419220486768,0.050180824780803615
time,7.2625,0.6574439266650266,1.0864465033417459,0.049537939690110215
time,7.3125,0.6536197913662136,1.0854437663331225,0.04889697226946187
time,7.362500000000001,0.6496579027809625,1.0844110781291516,0.048258064242503874
time,7.4125000000000005,0.6455563491618913,1.0833485999886459,0.04762135804032278
time,7.4625,0.6413134590004483,1.082256590539024,0.04698699668138172
time,7.5125,0.6369278221509812,1.0811354101259985,0.04635512364027678
time,7.5625,0.6323983106056307,1.0799855246513712,0.04572588270510767
time,7.612500000000001,0.6277240986908231,1.0788075088154412,0.0450994178233419
time,7.6625000000000005,0.6229046824443025,1.0776020486822075,0.04447587293615011
time,7.7125,0.6179398979229233,1.0763699434889986,0.043855391801298535
time,7.7625,0.6128299381863317,1.0751121066274927,0.043238117804803446
time,7.8125,0.6075753687006823,1.073829565730354,0.04262419376168074
time,7.862500000000001,0.6021771409100536,1.0725234618069213,0.04201376170626011
time,7.9125000000000005,0.5966366037315936,1.071195047382474,0.041406962672675074
time,7.9625,0.5909555127438232,1.069845683608463,0.04080393646628683
time,8.012500000000001,0.5851360368560827,1.0684768363255286,0.0402048214269487
time,8.0625,0.5791807622707353,1.067090071076902,0.03960975418516463
time,8.1125,0.5730926935782776,1.0656870470865611,0.03901886941234023
time,8.1625,0.5668752518585757,1.0642695102339448,0.03843229956646123
time,8.2125,0.5605322696985389,1.062839285074679,0.03785017463466214
time,8.262500000000001,0.5540679830770104,1.0613982659742052,0.03727262187426209
time,8.3125,0.5474870201106923,1.059948407437937,0.03669976555394387
time,8.3625,0.540794386699625,1.0584917137371648,0.03613172669683104
time,8.4125,0.5339954491561288,1.0570302279438912,0.03556862282727655
time,8.4625,0.5270959139460925,1.0555660204997332,0.03501056772321104
time,8.512500000000001,0.5201018047150465,1.0541011774535698,0.03445767117590723
time,8.5625,0.5130194368124693,1.0526377885094766,0.033910038759000644
time,8.6125,0.5058553895652743,1.051177935030447,0.033367771608561
time,8.6625,0.49861647658449015,1.0497236781443062,0.03283096621593811
time,8.7125,0.4913097144169686,1.0482770470960967,0.03229971423500845
time,8.762500000000001,0.48394228987591825,1.0468400279860695,0.03177410230532491
time,8.8125,0.47652152639966816,1.0454145530244539,0.031254211892527715
time,8.8625,0.46905484979706075,1.0440024904236287,0.030740119147208627
time,8.9125,0.461549753740151,1.0426056350355188,0.030231894783237772
time,8.9625,0.454013765360561,1.041225699827375,0.02972960397636614
time,9.012500000000001,0.446454411295198,1.0398643082729884,0.02923330628371044
time,9.0625,0.4388791845105414,1.0385229877193276,0.028743055584514864
time,9.1125,0.431295512212946,1.0372031637710055,0.028258900042370073
time,9.1625,0.42371072512610575,1.035906155717378,0.027780882088858223
time,9.2125,0.4161320283867964,1.034633173009862,0.027309038428385463
time,9.262500000000001,0.4085664742771108,1.0333853127806458,0.026843400063767595
time,9.3125,0.40102093697651686,1.0321635583787048,0.026383992341948666
time,9.3625,0.3935020894810842,1.0309687788851958,0.025930835019063556
time,9.4125,0.38601638280097733,1.02980172955815,0.0254839423439032
time,9.4625,0.37857002751159624,1.0286630531460261,0.02504332315870743
time,9.512500000000001,0.37116897769927665,1.0275532820012652,0.02460898101609782
time,9.5625,0.36381891730983124,1.0264728409184996,0.024180914310870768
time,9.6125,0.3565252488779693,1.0254220506174996,0.023759116425299653
time,9.662500000000001,0.3492930845881544,1.0244011317882216,0.023343575886545374
time,9.7125,0.3421272395930505,1.023410209614312,0.022934276534743663
time,9.762500000000001,0.33503222749457084,1.0224493186919947,0.02253119770032752
time,9.8125,0.32801225787475397,1.0215184082632187,0.022134314389149305
time,9.8625,0.32107123574926,1.0206173476851115,0.021743597473990326
time,9.912500000000001,0.3142127628051344,1.019745932061927,0.02135901389108379
time,9.9625,0.30744014027646643,1.0189038879706427,0.020980526840326173
time,10.012500000000001,0.30075637330649707,1.0180908792168955,0.020608095987914632
time,10.0625,0.2941641766423468,1.017306512563934,0.02024167767021663
time,10.1125,0.28766598150858147,1.016550343383459,0.01988122509775565
time,10.162500000000001,0.2812639435080199,1.0158218811835364,0.01952668855827893
time,10.2125,0.27495995140221274,1.0151205949750215,0.01917801561795868
time,10.262500000000001,0.2687556366295972,1.014445918444036,0.018835151319866385
time,10.3125,0.26265238342616665,1.0137972549038892,0.018498038378947503
time,10.3625,0.25665133942130886,1.0131739820053505,0.018166617372812475
time,10.412500000000001,0.2507534265900199,1.0125754561893272,0.017840826927745156
time,10.4625,0.24495935245174166,1.0120010168707154,0.01752060389941386
time,10.512500000000001,0.23926962141540734,1.0114499903464544,0.017205883547849722
time,10.5625,0.23368454617971418,1.0109216934246439,0.016896599706333365
time,10.6125,0.22820425910702463,1.0104154367749172,0.01659268494390234
time,10.662500000000001,0.22282872349848867,1.0099305280031932,0.016294070721258738
time,10.7125,0.2175577447068727,1.0094662744563883,0.016000687539917922
time,10.762500000000001,0.21239098103208442,1.0090219857647542,0.015712465084495798
time,10.8125,0.20732795435243354,1.008596976131193,0.015429332358083948
time,10.8625,0.20236806045221042,1.008190566378238,0.015151217810707943
time,10.912500000000001,0.19751057901317481,1.0078020857644239,0.014878049460905629
time,10.9625,0.19275468324399475,1.0074308735824986,0.014609755010498573
time,11.012500000000001,0.18809944912756627,1.0070762805524187,0.014346261952662146
time,11.0625,0.18354386427147315,1.006737670022341,0.014087497673426739
time,11.1125,0.17908683635162784,1.006414418990887,0.013833389546766618
time,11.162500000000001,0.1747272011433906,1.0061059189638806,0.013583865023452244
time,11.2125,0.17046373013821373,1.0058115766585267,0.013338851713858247
time,11.262500000000001,0.16629513774713153,1.0055308145676676,0.013098277464931814
time,11.3125,0.16222008809524693,1.005263071396326,0.012862070431536827
time,11.3625,0.1582372014137779,1.0050078023822528,0.012630159142395726
time,11.412500000000001,0.15434506003826282,1.004764479511643,0.012402472560856474
time,11.4625,0.1505422140232086,1.0045325916406018,0.012178940140714866
time,11.512500000000001,0.14682718638483633,1.0043116445323375,0.011959491877322953
time,11.5625,0.1431984779846652,1.004101160819425,0.011744058354214161
time,11.6125,0.13965457206750867,1.0039006798998718,0.011532570785473376
time,11.662500000000001,0.13619393846806388,1.0037097577750886,0.011324961054077102
time,11.7125,0.1328150375006857,1.0035279668372616,0.011121161746424295
time,11.762500000000001,0.1295163235471718,1.0033548956130351,0.010921106183273483
time,11.8125,0.12629624835747338,1.0031901484698345,0.010724728447295934
time,11.8625,0.12315326407820293,1.003033345290623,0.010531963407447931
time,11.912500000000001,0.12008582602366025,1.002884121122357,0.010342746740358625
time,11.9625,0.1170923952038544,1.0027421258029152,0.010157014948922531
time,12.012500000000001,0.11417144062368136,1.0026070235708173,0.009974705378278357
time,12.0625,0.11132144136703713,1.002478492661607,0.009795756229348147
time,12.1125,0.10854088847921553,1.0023562248943716,0.009620106570103234
time,12.162500000000001,0.10582828666047422,1.0022399252514984,0.009447696344715617
time,12.2125,0.10318215578315515,1.0021293114544119,0.00927846638074578
time,12.262500000000001,0.10060103224423084,1.002024113537721,0.00911235839451041
time,12.3125,0.09808347016461962,1.0019240734239068,0.008949314994766098
time,12.3625,0.09562804244607759,1.0018289445004138,0.0087892796848377
time,12.412500000000001,0.09323334169594058,1.0017384912007583,0.008632196863313187
time,12.4625,0.09089798102945673,1.0016524885910463,0.008478011823419637
time,12.512500000000001,0.08862059475892568,1.0015707219630852,0.008326670751188623
time,12.5625,0.08639983897834655,1.0014929864350968,0.008178120722512781
time,12.6125,0.08423439205177469,1.0014190865608663,0.00803230969918912
time,12.662500000000001,0.08212295501310203,1.0013488359480167,0.007889186524038853
time,12.7125,0.08006425188450422,1.001282056885965,0.00774870091518772
time,12.762500000000001,0.07805702992034667,1.0012185799839972,0.007610803459585496
time,12.8125,0.07610005978290742,1.0011582438197923,0.007475445605838352
time,12.8625,0.07419213565585853,1.0011008945986355,0.007342579656422548
time,12.912500000000001,0.07233207530105379,1.0010463858234715,0.0072121587593436355
time,12.9625,0.07051872006379216,1.000994577975887,0.007084136899300731
time,13.012500000000001,0.06875093483136996,1.0009453382080375,0.00695846888841137
time,13.0625,0.06702760794939638,1.0008985400454835,0.006835110356548534
time,13.1125,0.06534765110002629,1.0008540631008582,0.006714017741337668
time,13.162500000000001,0.0637099991459633,1.0008117927982356,0.006595148277858154
time,13.2125,0.062113609943801405,1.00077162010805,0.006478459988090227
time,13.262500000000001,0.06055746413000615,1.0007334412923714,0.006363911670145412
time,13.3125,0.059040564882585696,1.000697157660331,0.006251462887315573
time,13.3625,0.0575619376612667,1.000662675333464,0.006141073956973009
time,13.412500000000001,0.056120629928769455,1.0006299050207204,0.006032705939351352
time,13.4625,0.05471571085557117,1.000598761802886,0.005926320626234835
time,13.512500000000001,0.0533462710103535,1.0005691649261421,0.005821880529581081
time,13.5625,0.05201142203815117,1.000541037604486,0.005719348870100591
time,13.6125,0.05071029632805094,1.0005143068307358,0.005618689565814135
time,13.662500000000001,0.049442046672135156,1.000488903195826,0.005519867220607398
time,13.7125,0.04820584591721812,1.000464760716119,0.005422847112800579
time,13.762500000000001,0.047000886610790236,1.0004418166684401,0.005327595183749066
time,13.8125,0.04582638064245903,1.0004200114325574,0.005234078026489801
time,13.8625,0.044681558882060816,1.0003992883408261,0.005142262874446643
time,13.912500000000001,0.0435656708155092,1.000379593534721,0.005052117590206716
time,13.9625,0.04247798417934747,1.0003608758279883,0.004963610654378598
time,14.012500000000001,0.04141778459487982,1.0003430865761496,0.004876711154541997
time,14.0625,0.04038437520267165,1.0003261795521021,0.004791388774297775
time,14.1125,0.03937707629813056,1.0003101108275578,0.004707613782425997
time,14.162500000000001,0.038395224968807595,1.0002948386600812,0.004625357022158974
time,14.2125,0.03743817473399132,1.0002803233854827,0.0045445899005754084
time,14.262500000000001,0.036505295187106206,1.0002665273153395,0.004465284378120987
time,14.3125,0.03559597164137024,1.0002534146394186,0.004387412958260145
time,14.3625,0.03470960477911452,1.0002409513327846,0.004310948677263025
time,14.412500000000001,0.033845610305120385,1.0002291050673853,0.004235865094131166
time,14.4625,0.03300341860428541,1.000217845127914,0.004162136280664757
time,14.512500000000001,0.03218247440388979,1.0002071423317513,0.004089736811674024
time,14.5625,0.03138223644069792,1.000196968952804,0.004018641755336644
time,14.6125,0.030602177133096164,1.000187298649057,0.0039488266637028435
time,14.662500000000001,0.02984178225843746,1.000178106393672,0.0038802675633493092
time,14.7125,0.02910055063573517,1.0001693684094606,0.0038129409461828416
time,14.762500000000001,0.028377993813823176,1.0001610621065795,0.0037468237603942227
time,14.8125,0.027673635765076067,1.0001531660232916,0.0036818934015625956
time,14.8625,0.026987012584761945,1.00014565976965,0.0036181277039102977
time,14.912500000000001,0.026317672196081617,1.0001385239739642,0.003555504931707915
time,14.9625,0.025665174060930142,1.0001317402319156,0.003494003770829069
time,15.012500000000001,0.025029088896401448,1.0001252910581968,0.003433603320454274
time,15.0625,0.024408998397042275,1.0001191598405494,0.003374283084923016
time,15.1125,0.023804494962849154,1.0001133307960872,0.0033160229657330288
time,15.162500000000001,0.02321518143299058,1.0001077889297934,0.003258803253685652
time,15.2125,0.022640670825226354,1.0001025199950833,0.003202604621175928
time,15.262500000000001,0.022080586080986855,1.0000975104563359,0.0031474081146261
time,15.3125,0.02153455981606689,1.0000927474532944,0.0030931951470609745
time,15.3625,0.021002234076881492,1.000088218767244,0.0030399474908235783
time,15.412500000000001,0.02048326010222476,1.000083912788883,0.0029876472704294466
time,15.4625,0.019977298090466975,1.000079818487799,0.002936276955557774
time,15.512500000000001,0.01948401697212064,1.000075925383474,0.002885819354177656
time,15.5625,0.01900309418770159,1.0000722235177413,0.002836257605807583
time,15.6125,0.018534215470807643,1.0000687034286238,0.002787575174906262
time,15.662500000000001,0.018077074636334418,1.0000653561254815,0.0027397558443928633
time,15.7125,0.01763137337374483,1.000062173065409,0.002692783709294717
time,15.762500000000001,0.017196821045307037,1.0000591461308128,0.002646643170520491
time,15.8125,0.01677313448921356,1.0000562676081186,0.00260131892875684
time,15.8625,0.016360037827492884,1.0000535301675435,0.0025567959784865233
time,15.912500000000001,0.015957262278623954,1.0000509268438857,0.0025130596021259574
time,15.9625,0.015564545974762941,1.00004845101828,0.0024700953642801714
time,16.0125,0.015181633783491338,1.0000460964008673,0.0024278891061131538
time,16.0625,0.014808277133994104,1.0000438570143355,0.0023864269398315464
time,16.1125,0.014444233847576551,1.0000417271782887,0.0023456952432797024
time,16.1625,0.014089267972428836,1.0000397014943998,0.0023056806546440383
time,16.212500000000002,0.013743149622547204,1.0000377748323095,0.002266370067264744
time,16.2625,0.013405654820721789,1.0000359423162344,0.002227750624552823
time,16.3125,0.013076565345501168,1.000034199312247,0.002189809715010502
time,16.3625,0.01275566858204493,1.000032541416195,0.002152534967353055
time,16.4125,0.012442757376776126,1.0000309644422274,0.0021159142457301437
time,16.462500000000002,0.01213762989574665,1.0000294644118972,0.0020799356450446962
time,16.5125,0.01184008948662957,1.0000280375438102,0.0020445874863674854
time,16.5625,0.011549944544253584,1.0000266802437952,0.0020098583124455
time,16.6125,0.011267008379596032,1.0000253890955653,0.001975736883302311
time,16.6625,0.010991099092152054,1.0000241608518508,0.001942212171928565
time,16.712500000000002,0.010722039445598937,1.0000229924259747,0.0019092733600608307
time,16.7625,0.01045965674667591,1.0000218808838517,0.0018769098340470376
time,16.8125,0.01020378272720112,1.0000208234363888,0.001845111180796749
time,16.8625,0.00995425342914889,1.0000198174322663,0.0018138671838145654
time,16.9125,0.009710909092711797,1.0000188603510813,0.0017831678193149661
time,16.962500000000002,0.009473594047273562,1.0000179497968344,0.0017530032524169287
time,17.0125,0.009242156605220191,1.000017083491743,0.0017233638334166964
time,17.0625,0.009016448958518258,1.0000162592703643,0.0016942400941370793
time,17.1125,0.008796327077990721,1.0000154750740127,0.001665622744351735
time,17.1625,0.008581650615222087,1.0000147289454564,0.0016375026682828495
time,17.212500000000002,0.0083722828070262,1.0000140190238802,0.001609870921170729
time,17.2625,0.008168090382411435,1.000013343540099,0.0015827187259137814
time,17.3125,0.007968943471979436,1.0000127008120119,0.0015560374697774415
time,17.3625,0.007774715519695054,1.0000120892402824,0.0015298187011705928
time,17.4125,0.007585283196966494,1.0000115073042357,0.0015040541264880842
time,17.462500000000002,0.007400526318976114,1.0000109535579595,0.0014787356070179456
time,17.5125,0.007220327763203707,1.0000104266266017,0.0014538551559119604
time,17.5625,0.007044573390085441,1.0000099252028496,0.0014294049352182483
time,17.6125,0.0068731519657530245,1.0000094480435888,0.0014053772529745716
time,17.6625,0.006705955086798937,1.0000089939667252,0.0013817645603610748
time,17.712500000000002,0.006542877107014921,1.0000085618481676,0.0013585594489112158
time,17.7625,0.006383815066052189,1.0000081506189595,0.0013357546477796513
time,17.8125,0.006228668619953085,1.0000077592625554,0.0013133430210658858
time,17.8625,0.006077339973505164,1.0000073868122308,0.001291317565192494
time,17.9125,0.005929733814369877,1.0000070323486219,0.0012696714063367793
time,17.962500000000002,0.005785757248939246,1.0000066949973887,0.0012483977979147304
time,18.0125,0.005645319739875093,1.000006373926993,0.0012274901181161654
time,18.0625,0.005508333045286506,1.0000060683465875,0.0012069418674899915
time,18.1125,0.005374711159502412,1.0000057775040097,0.0011867466665785248
time,18.1625,0.0052443702553971305,1.000005500683875,0.0011668982535998065
time,18.212500000000002,0.005117228628227967,1.0000052372057666,0.0011473904821769315
time,18.2625,0.004993206640944871,1.0000049864225118,0.0011282173191133798
time,18.3125,0.004872226670933273,1.0000047477185465,0.0011093728422133765
time,18.3625,0.004754213058152178,1.0000045205083605,0.0010908512381463341
time,18.4125,0.0046390920546306195,1.0000043042350182,0.001072646800354446
time,18.462500000000002,0.004526791775286494,1.0000040983687553,0.0010547539270025087
time,18.5125,0.004417242150032782,1.0000039024056424,0.0010371671189691
time,18.5625,0.004310374877137027,1.0000037158663162,0.0010198809778782204
time,18.6125,0.004206123377800895,1.0000035382947738,0.001002890204170558
time,18.6625,0.004104422751927458,1.0000033692572252,0.000986189595213527
time,18.712500000000002,0.004005209735044728,1.0000032083410044,0.0009697740434492781
time,18.7625,0.0039084226563547925,1.0000030551535322,0.0009536385345798674
time,18.8125,0.003814001397878699,1.0000029093213325,0.0009377781457888096
time,18.8625,0.003721887354668059,1.0000027704890961,0.0009221880439982564
time,18.9125,0.003632023396055067,1.0000026383187899,0.0009068634841610243
time,18.962500000000002,0.003544353827913415,1.0000025124888114,0.000891799807586771
time,19.0125,0.0034588243559033147,1.000002392693185,0.0008769924403015802
time,19.0625,0.003375382049674513,1.0000022786407963,0.00086243689144027
time,19.1125,0.0032939753080019514,1.000002170054666,0.0008481287516707245
time,19.1625,0.0032145538248293175,1.0000020666712586,0.0008340636916495938
time,19.212500000000002,0.003137068556196458,1.0000019682398253,0.0008202374605086896
time,19.262500000000003,0.0030614716880272338,1.0000018745217794,0.0008066458843714429
time,19.3125,0.0029877166047550304,1.000001785290102,0.0007932848648987954
time,19.3625,0.0029157578587637504,1.0000017003287782,0.0007801503778639118
time,19.4125,0.002845551140622704,1.0000016194322587,0.0007672384717551055
time,19.462500000000002,0.002777053250094388,1.0000015424049509,0.0007545452664063937
time,19.512500000000003,0.0027102220678947107,1.0000014690607315,0.0007420669516551136
time,19.5625,0.002645016528185773,1.0000013992224868,0.0007297997860260232
time,19.6125,0.0025813965917818324,1.0000013327216728,0.0007177400954413407
time,19.6625,0.002519323220049615,1.0000012693978975,0.0007058842719561987
time,19.712500000000002,0.002458758349484633,1.0000012090985242,0.0006942287725189635
time,19.762500000000003,0.0023996648669456543,1.0000011516782947,0.0006827701177559191
time,19.8125,0.002342006585529964,1.0000010969989694,0.0006715048907798108
time,19.8625,0.0022857482210725134,1.000001044928986,0.0006604297360217478
time,19.9125,0.0022308553692524957,1.0000009953431357,0.0006495413580859917
time,19.962500000000002,0.002177294483291354,1.0000009481222534,0.0006388365206271511
inverse,0.0125,0.7426159166190324,1.1102956799231851,0.11239386103261009
inverse,0.0625,0.7426156512921941,1.1102956011088259,0.11238823248989131
inverse,0.1125,0.7426150316377245,1.1102954170428596,0.11237509989283402
inverse,0.1625,0.7426140563137724,1.110295127326959,0.11235446484765536
inverse,0.21250000000000002,0.7426127232076609,1.1102947313339797,0.11232632987820901
inverse,0.2625,0.7426110294304693,1.1102942282063561,0.11229069842571637
inverse,0.3125,0.7426089713096238,1.1102936168539075,0.11224757484839983
inverse,0.36250000000000004,0.7426065443794744,1.1102928959510447,0.1121969644210193
inverse,0.41250000000000003,0.7426037433698367,1.1102920639333789,0.11213887333431206
inverse,0.4625,0.7426005621924601,1.1102911189937115,0.11207330869433674
inverse,0.5125000000000001,0.742596993925393,1.110290059077406,0.11200027852172033
inverse,0.5625,0.7425930307951956,1.1102888818771188,0.11191979175081222
inverse,0.6125,0.7425886641569556,1.1102875848268823,0.11183185822874266
inverse,0.6625000000000001,0.7425838844720515,1.1102861650955202,0.11173648871438839
inverse,0.7125,0.7425786812836,1.110284619579378,0.11163369487724664
inverse,0.7625000000000001,0.7425730431895228,1.1102829448943499,0.11152348929621696
inverse,0.8125,0.7425669578131585,1.1102811373671777,0.11140588545829334
inverse,0.8625,0.7425604117713384,1.1102791930260039,0.111280897757168
inverse,0.9125000000000001,0.7425533906398386,1.110277107590144,0.11114854149174687
inverse,0.9625,0.7425458789161153,1.1102748764590613,0.11100883286458017
inverse,1.0125,0.7425378599792196,1.1102724947005038,0.11086178898020754
inverse,1.0625,0.7425293160467821,1.1102699570377803,0.11070742784342139
inverse,1.1125,0.7425202281289521,1.1102672578361341,0.1105457683574485
inverse,1.1625,0.7425105759791624,1.1102643910881815,0.1103768303220531
inverse,1.2125000000000001,0.7425003380415861,1.1102613503983738,0.11020063443156283
inverse,1.2625000000000002,0.7424894913951441,1.110258128966444,0.11001720227281957
inverse,1.3125,0.7424780116939065,1.1102547195697874,0.1098265563230582
inverse,1.3625,0.7424658731037295,1.1102511145447367,0.10962871994771378
inverse,1.4125,0.7424530482349518,1.1102473057666744,0.1094237173981623
inverse,1.4625000000000001,0.7424395080709701,1.1102432846289327,0.10921157380939553
inverse,1.5125000000000002,0.7424252218924975,1.110239042020425,0.1089923151976335
inverse,1.5625,0.7424101571973003,1.1102345683019441,0.10876596845787732
inverse,1.6125,0.7423942796151941,1.1102298532810726,0.1085325613614055
inverse,1.6625,0.7423775528180715,1.1102248861856296,0.10829212255321713
inverse,1.7125000000000001,0.742359938424715,1.1102196556355892,0.10804468154942479
inverse,1.7625000000000002,0.7423413959001407,1.110214149613394,0.10779026873460067
inverse,1.8125,0.7423218824491994,1.1102083554325846,0.10752891535908021
inverse,1.8625,0.7423013529041508,1.1102022597046666,0.10726065353622559
inverse,1.9125,0.7422797596059076,1.1101958483041208,0.10698551623965528
inverse,1.9625000000000001,0.7422570522786318,1.1101891063314726,0.10670353730044095
inverse,2.0125,0.742233177897349,1.1101820180743196,0.10641475140427857
inverse,2.0625,0.7422080805482262,1.1101745669662164,0.10611919408863671
inverse,2.1125000000000003,0.7421817012811435,1.1101667355433145,0.105816901739887
inverse,2.1625,0.7421539779541694,1.1101585053986396,0.10550791159042187
inverse,2.2125,0.7421248450695264,1.1101498571338937,0.10519226171576411
inverse,2.2625,0.742094233600619,1.110140770308658,0.10486999103167396
inverse,2.3125,0.742062070809669,1.1101312233868668,0.10454113929125895
inverse,2.3625000000000003,0.7420282800554818,1.1101211936804194,0.10420574708209213
inverse,2.4125,0.7419927805908457,1.110110657289787,0.10386385582334452
inverse,2.4625000000000004,0.7419554873490392,1.11009958904147,0.1035155077629378
inverse,2.5125,0.7419163107188982,1.1100879624221482,0.10316074597472412
inverse,2.5625,0.7418751563078672,1.1100757495093645,0.10279961435569893
inverse,2.6125000000000003,0.7418319246924312,1.1100629208985753,0.10243215762325356
inverse,2.6625,0.7417865111553008,1.1100494456263907,0.1020584213124756
inverse,2.7125000000000004,0.7417388054086859,1.1100352910898208,0.10167845177350274
inverse,2.7625,0.7416886913029744,1.1100204229613437,0.10129229616893945
inverse,2.8125,0.741636046520091,1.11000480509959,0.10090000247134315
inverse,2.8625000000000003,0.7415807422507878,1.1099883994554458,0.10050161946078795
inverse,2.9125,0.741522642855082,1.109971165973357,0.10009719672251545
inverse,2.9625000000000004,0.7414616055050217,1.1099530624876168,0.09968678464467948
inverse,3.0125,0.7413974798089346,1.1099340446134078,0.09927043441619546
inverse,3.0625,0.7413301074162693,1.1099140656323634,0.09884819802470296
inverse,3.1125000000000003,0.7412593216021136,1.109893076372405,0.09842012825465037
inverse,3.1625,0.7411849468304362,1.1098710250816073,0.09798627868551261
inverse,3.2125000000000004,0.7411067982950603,1.109847857295831,0.09754670369015135
inverse,3.2625,0.7410246814373477,1.1098235156998646,0.09710145843332865
inverse,3.3125,0.7409383914395333,1.1097979399818005,0.09665059887038412
inverse,3.3625000000000003,0.7408477126926192,1.109771066680377,0.09619418174608782
inverse,3.4125,0.7407524182377003,1.1097428290250002,0.09573226459367956
inverse,3.4625000000000004,0.7406522691795628,1.109713156768167,0.09526490573410581
inverse,3.5125,0.7405470140713691,1.109681976010004,0.09479216427546784
inverse,3.5625,0.7404363882692075,1.1096492090146297,0.09431410011269198
inverse,3.6125000000000003,0.7403201132552631,1.109614774018057,0.09383077392743563
inverse,3.6625,0.7401978959283424,1.109578585027349,0.09334224718824179
inverse,3.7125000000000004,0.7400694278604593,1.1095405516107415,0.09284858215095483
inverse,3.7625,0.7399343845181825,1.1095005786784604,0.09234984185941268
inverse,3.8125,0.7397924244474211,1.1094585662539587,0.09184609014642711
inverse,3.8625000000000003,0.739643188420334,1.1094144092353195,0.09133739163506847
inverse,3.9125,0.739486298543036,1.109367997146576,0.09082381174026784
inverse,3.9625000000000004,0.7393213573227927,1.1093192138787233,0.09030541667075194
inverse,4.0125,0.7391479466934087,1.1092679374202163,0.08978227343132562
inverse,4.0625,0.7389656269975439,1.1092140395767747,0.0892544498255167
inverse,4.1125,0.7387739359247294,1.1091573856803432,0.08872201445859944
inverse,4.1625000000000005,0.7385723874039128,1.1090978342871032,0.08818503674101034
inverse,4.2125,0.7383604704494232,1.1090352368644587,0.08764358689217391
inverse,4.2625,0.7381376479593347,1.1089694374669876,0.08709773594475205
inverse,4.3125,0.7379033554653119,1.1089002724013932,0.08654755574933397
inverse,4.3625,0.7376569998331406,1.108827569880566,0.08599311897958174
inverse,4.4125000000000005,0.7373979579132967,1.10875114966694,0.08543449913784697
inverse,4.4625,0.7371255751410826,1.1086708227054143,0.0848717705612737
inverse,4.5125,0.7368391640860591,1.1085863907462086,0.08430500842840269
inverse,4.5625,0.7365380029507383,1.1084976459581324,0.0837342887662925
inverse,4.6125,0.7362213340187752,1.108404370532877,0.08315968845817033
inverse,4.6625000000000005,0.7358883620532013,1.1083063362810688,0.08258128525162754
inverse,4.7125,0.7355382526456012,1.108203304220989,0.08199915776737259
inverse,4.7625,0.735170130517527,1.1080950241610314,0.08141338550855352
inverse,4.8125,0.7347830777759023,1.1079812342771655,0.08082404887066166
inverse,4.862500000000001,0.7343761321246697,1.107861660686878,0.08023122915202674
inverse,4.9125000000000005,0.733948285035504,1.1077360170213115,0.07963500856491244
inverse,4.9625,0.733498479881046,1.107604003997561,0.07903547024722023
inverse,5.0125,0.733025610034813,1.107465308993382,0.07843269827480709
inverse,5.0625,0.7325285169427213,1.1073196056268606,0.0778267776744212
inverse,5.112500000000001,0.7320059881720119,1.1071665533439368,0.0772177944372575
inverse,5.1625000000000005,0.7314567554443168,1.1070057970170253,0.07660583553313248
inverse,5.2125,0.730879492660633,1.1068369665583728,0.07599098892527462
inverse,5.2625,0.7302728139271055,1.1066596765522025,0.07537334358572405
inverse,5.3125,0.7296352715917429,1.1064735259101512,0.07475298951133137
inverse,5.362500000000001,0.7289653543035236,1.1062780975549724,0.0741300177403417
inverse,5.4125000000000005,0.7282614851067888,1.1060729581379891,0.07350452036954554
inverse,5.4625,0.7275220195853559,1.105857657796311,0.07287659057197336
inverse,5.5125,0.7267452440724542,1.1056317299563863,0.07224632261510582
inverse,5.5625,0.7259293739443317,1.105394691191042,0.07161381187956438
inverse,5.612500000000001,0.725072552017263,1.1051460411377654,0.07097915487824068
inverse,5.6625000000000005,0.7241728470696583,1.104885262486595,0.07034244927581967
inverse,5.7125,0.7232282525130331,1.1046118210466112,0.0697037939086486
inverse,5.7625,0.7222366852377641,1.1043251659006466,0.06906328880485327
inverse,5.8125,0.7211959846617759,1.1040247296584538,0.06842103520467101
inverse,5.862500000000001,0.720103912012589,1.103709928819167,0.06777713558089232
inverse,5.9125000000000005,0.7189581498754846,1.1033801642544758,0.0671316936593194
inverse,5.9625,0.7177563020428658,1.10303482182445,0.0664848144391353
inverse,6.0125,0.7164958937022189,1.1026732731384283,0.06583660421306396
inverse,6.0625,0.7151743720023244,1.1022948764737839,0.06518717058718476
inverse,6.112500000000001,0.713789107039532,1.1018989778656585,0.06453662250025348
inverse,6.1625000000000005,0.7123373933079266,1.1014849123809463,0.06388507024236321
inverse,6.2125,0.710816451659017,1.1010520055898232,0.0632326254727625
inverse,6.2625,0.7092234318181291,1.100599575247977,0.06257940123662904
inverse,6.3125,0.7075554155058842,1.100126933202341,0.06192551198057933
inverse,6.362500000000001,0.705809420213945,1.099633387532549,0.061271073566672676
inverse,6.4125000000000005,0.7039824036845035,1.0991182449394823,0.06061620328464721
inverse,6.4625,0.7020712691426937,1.0985808133911266,0.05996101986210463
inverse,6.5125,0.700072871330141,1.0980204050344855,0.05930564347233652
inverse,6.5625,0.6979840233860947,1.097436339380448,0.058650195739461376
inverse,6.612500000000001,0.695801504619952,1.0968279467662778,0.05799479974051956
inverse,6.6625000000000005,0.6935220692153451,1.0961945720977468,0.05733958000414761
inverse,6.7125,0.6911424559012396,1.0955355788698393,0.056684662505431346
inverse,6.7625,0.6886593986195921,1.0948503534614196,0.056030174656514255
inverse,6.8125,0.6860696382119345,1.0941383096952508,0.055376245292514725
inverse,6.862500000000001,0.6833699351387313,1.0933988936503027,0.054723004652285745
inverse,6.9125000000000005,0.6805570832354503,1.0926315887083886,0.054070584353533215
inverse,6.9625,0.6776279244979235,1.0918359208118726,0.05341911736179198
inverse,7.0125,0.6745793648768095,1.09101146390352,0.05276873795274686
inverse,7.0625,0.671408391046764,1.090157845513601,0.05211958166737786
inverse,7.112500000000001,0.6681120881004058,1.089274752453177,0.05147178525940431
inverse,7.1625000000000005,0.6646876581004035,1.0883619365661998,0.0508254866345055
inverse,7.2125,0.6611324394051771,1.087419220486768,0.050180824780803615
inverse,7.2625,0.6574439266650266,1.0864465033417459,0.049537939690110215
inverse,7.3125,0.6536197913662136,1.0854437663331225,0.04889697226946187
inverse,7.362500000000001,0.6496579027809625,1.0844110781291516,0.048258064242503874
inverse,7.4125000000000005,0.6455563491618913,1.0833485999886459,0.04762135804032278
inverse,7.4625,0.6413134590004483,1.082256590539024,0.04698699668138172
inverse,7.5125,0.6369278221509812,1.0811354101259985,0.04635512364027678
inverse,7.5625,0.6323983106056307,1.0799855246513712,0.04572588270510767
inverse,7.612500000000001,0.6277240986908231,1.0788075088154412,0.0450994178233419
inverse,7.6625000000000005,0.6229046824443025,1.0776020486822075,0.04447587293615011
inverse,7.7125,0.6179398979229233,1.0763699434889986,0.043855391801298535
inverse,7.7625,0.6128299381863317,1.0751121066274927,0.043238117804803446
inverse,7.8125,0.6075753687006823,1.073829565730354,0.04262419376168074
inverse,7.862500000000001,0.6021771409100536,1.0725234618069213,0.04201376170626011
inverse,7.9125000000000005,0.5966366037315936,1.071195047382474,0.041406962672675074
inverse,7.9625,0.5909555127438232,1.069845683608463,0.04080393646628683
inverse,8.012500000000001,0.5851360368560827,1.0684768363255286,0.0402048214269487
inverse,8.0625,0.5791807622707353,1.067090071076902,0.03960975418516463
inverse,8.1125,0.5730926935782776,1.0656870470865611,0.03901886941234023
inverse,8.1625,0.5668752518585757,1.0642695102339448,0.03843229956646123
inverse,8.2125,0.5605322696985389,1.062839285074679,0.03785017463466214
inverse,8.262500000000001,0.5540679830770104,1.0613982659742052,0.03727262187426209
inverse,8.3125,0.5474870201106923,1.059948407437937,0.03669976555394387
inverse,8.3625,0.540794386699625,1.0584917137371648,0.03613172669683104
inverse,8.4125,0.5339954491561288,1.0570302279438912,0.03556862282727655
inverse,8.4625,0.5270959139460925,1.0555660204997332,0.03501056772321104
inverse,8.512500000000001,0.5201018047150465,1.0541011774535698,0.03445767117590723
inverse,8.5625,0.5130194368124693,1.0526377885094766,0.033910038759000644
inverse,8.6125,0.5058553895652743,1.051177935030447,0.033367771608561
inverse,8.6625,0.49861647658449015,1.0497236781443062,0.03283096621593811
inverse,8.7125,0.4913097144169686,1.0482770470960967,0.03229971423500845
inverse,8.762500000000001,0.48394228987591825,1.0468400279860695,0.03177410230532491
inverse,8.8125,0.47652152639966816,1.0454145530244539,0.031254211892527715
inverse,8.8625,0.46905484979706075,1.0440024904236287,0.030740119147208627
inverse,8.9125,0.461549753740151,1.0426056350355188,0.030231894783237772
inverse,8.9625,0.454013765360561,1.041225699827375,0.02972960397636614
inverse,9.012500000000001,0.446454411295198,1.0398643082729884,0.02923330628371044
inverse,9.0625,0.4388791845105414,1.0385229877193276,0.028743055584514864
inverse,9.1125,0.431295512212946,1.0372031637710055,0.028258900042370073
inverse,9.1625,0.42371072512610575,1.035906155717378,0.027780882088858223
inverse,9.2125,0.4161320283867964,1.034633173009862,0.027309038428385463
inverse,9.262500000000001,0.4085664742771108,1.0333853127806458,0.026843400063767595
inverse,9.3125,0.40102093697651686,1.0321635583787048,0.026383992341948666
inverse,9.3625,0.3935020894810842,1.0309687788851958,0.025930835019063556
inverse,9.4125,0.38601638280097733,1.02980172955815,0.0254839423439032
inverse,9.4625,0.37857002751159624,1.0286630531460261,0.02504332315870743
inverse,9.512500000000001,0.37116897769927665,1.0275532820012652,0.02460898101609782
inverse,9.5625,0.36381891730983124,1.0264728409184996,0.024180914310870768
inverse,9.6125,0.3565252488779693,1.0254220506174996,0.023759116425299653
inverse,9.662500000000001,0.3492930845881544,1.0244011317882216,0.023343575886545374
inverse,9.7125,0.3421272395930505,1.023410209614312,0.022934276534743663
inverse,9.762500000000001,0.33503222749457084,1.0224493186919947,0.02253119770032752
inverse,9.8125,0.32801225787475397,1.0215184082632187,0.022134314389149305
inverse,9.8625,0.32107123574926,1.0206173476851115,0.021743597473990326
inverse,9.912500000000001,0.3142127628051344,1.019745932061927,0.02135901389108379
inverse,9.9625,0.30744014027646643,1.0189038879706427,0.020980526840326173
inverse,10.012500000000001,0.30075637330649707,1.0180908792168955,0.020608095987914632
inverse,10.0625,0.2941641766423468,1.017306512563934,0.02024167767021663
inverse,10.1125,0.28766598150858147,1.016550343383459,0.01988122509775565
inverse,10.162500000000001,0.2812639435080199,1.0158218811835364,0.01952668855827893
inverse,10.2125,0.27495995140221274,1.0151205949750215,0.01917801561795868
inverse,10.262500000000001,0.2687556366295972,1.014445918444036,0.018835151319866385
inverse,10.3125,0.26265238342616665,1.0137972549038892,0.018498038378947503
inverse,10.3625,0.25665133942130886,1.0131739820053505,0.018166617372812475
inverse,10.412500000000001,0.2507534265900199,1.0125754561893272,0.017840826927745156
inverse,10.4625,0.24495935245174166,1.0120010168707154,0.01752060389941386
inverse,10.512500000000001,0.23926962141540734,1.0114499903464544,0.017205883547849722
inverse,10.5625,0.23368454617971418,1.0109216934246439,0.016896599706333365
inverse,10.6125,0.22820425910702463,1.0104154367749172,0.01659268494390234
inverse,10.662500000000001,0.22282872349848867,1.0099305280031932,0.016294070721258738
inverse,10.7125,0.2175577447068727,1.0094662744563883,0.016000687539917922
inverse,10.762500000000001,0.21239098103208442,1.0090219857647542,0.015712465084495798
inverse,10.8125,0.20732795435243354,1.008596976131193,0.015429332358083948
inverse,10.8625,0.20236806045221042,1.008190566378238,0.015151217810707943
inverse,10.912500000000001,0.19751057901317481,1.0078020857644239,0.014878049460905629
inverse,10.9625,0.19275468324399475,1.0074308735824986,0.014609755010498573
inverse,11.012500000000001,0.18809944912756627,1.0070762805524187,0.014346261952662146
inverse,11.0625,0.18354386427147315,1.006737670022341,0.014087497673426739
inverse,11.1125,0.17908683635162784,1.006414418990887,0.013833389546766618
inverse,11.162500000000001,0.1747272011433906,1.0061059189638806,0.013583865023452244
inverse,11.2125,0.17046373013821373,1.0058115766585267,0.013338851713858247
inverse,11.262500000000001,0.16629513774713153,1.0055308145676676,0.013098277464931814
inverse,11.3125,0.16222008809524693,1.005263071396326,0.012862070431536827
inverse,11.3625,0.1582372014137779,1.0050078023822528,0.012630159142395726
inverse,11.412500000000001,0.15434506003826282,1.004764479511643,0.012402472560856474
inverse,11.4625,0.1505422140232086,1.0045325916406018,0.012178940140714866
inverse,11.512500000000001,0.14682718638483633,1.0043116445323375,0.011959491877322953
inverse,11.5625,0.1431984779846652,1.004101160819425,0.011744058354214161
inverse,11.6125,0.13965457206750867,1.0039006798998718,0.011532570785473376
inverse,11.662500000000001,0.13619393846806388,1.0037097577750886,0.011324961054077102
inverse,11.7125,0.1328150375006857,1.0035279668372616,0.011121161746424295
inverse,11.762500000000001,0.1295163235471718,1.0033548956130351,0.010921106183273483
inverse,11.8125,0.12629624835747338,1.0031901484698345,0.010724728447295934
inverse,11.8625,0.12315326407820293,1.003033345290623,0.010531963407447931
inverse,11.912500000000001,0.12008582602366025,1.002884121122357,0.010342746740358625
inverse,11.9625,0.1170923952038544,1.0027421258029152,0.010157014948922531
inverse,12.012500000000001,0.11417144062368136,1.0026070235708173,0.009974705378278357
inverse,12.0625,0.11132144136703713,1.002478492661607,0.009795756229348147
inverse,12.1125,0.10854088847921553,1.0023562248943716,0.009620106570103234
inverse,12.162500000000001,0.10582828666047422,1.0022399252514984,0.009447696344715617
inverse,12.2125,0.10318215578315515,1.0021293114544119,0.00927846638074578
inverse,12.262500000000001,0.10060103224423084,1.002024113537721,0.00911235839451041
inverse,12.3125,0.09808347016461962,1.0019240734239068,0.008949314994766098
inverse,12.3625,0.09562804244607759,1.0018289445004138,0.0087892796848377
inverse,12.412500000000001,0.09323334169594058,1.0017384912007583,0.008632196863313187
inverse,12.4625,0.09089798102945673,1.0016524885910463,0.008478011823419637
inverse,12.512500000000001,0.08862059475892568,1.0015707219630852,0.008326670751188623
inverse,12.5625,0.08639983897834655,1.0014929864350968,0.008178120722512781
inverse,12.6125,0.08423439205177469,1.0014190865608663,0.00803230969918912
inverse,12.662500000000001,0.08212295501310203,1.0013488359480167,0.007889186524038853
inverse,12.7125,0.08006425188450422,1.001282056885965,0.00774870091518772
inverse,12.762500000000001,0.07805702992034667,1.0012185799839972,0.007610803459585496
inverse,12.8125,0.07610005978290742,1.0011582438197923,0.007475445605838352
inverse,12.8625,0.07419213565585853,1.0011008945986355,0.007342579656422548
inverse,12.912500000000001,0.07233207530105379,1.0010463858234715,0.0072121587593436355
inverse,12.9625,0.07051872006379216,1.000994577975887,0.007084136899300731
inverse,13.012500000000001,0.06875093483136996,1.0009453382080375,0.00695846888841137
inverse,13.0625,0.06702760794939638,1.0008985400454835,0.006835110356548534
inverse,13.1125,0.06534765110002629,1.0008540631008582,0.006714017741337668
inverse,13.162500000000001,0.0637099991459633,1.0008117927982356,0.006595148277858154
inverse,13.2125,0.062113609943801405,1.00077162010805,0.006478459988090227
inverse,13.262500000000001,0.06055746413000615,1.0007334412923714,0.006363911670145412
inverse,13.3125,0.059040564882585696,1.000697157660331,0.006251462887315573
inverse,13.3625,0.0575619376612667,1.000662675333464,0.006141073956973009
inverse,13.412500000000001,0.056120629928769455,1.0006299050207204,0.006032705939351352
inverse,13.4625,0.05471571085557117,1.000598761802886,0.005926320626234835
inverse,13.512500000000001,0.0533462710103535,1.0005691649261421,0.005821880529581081
inverse,13.5625,0.05201142203815117,1.000541037604486,0.005719348870100591
inverse,13.6125,0.05071029632805094,1.0005143068307358,0.005618689565814135
inverse,13.662500000000001,0.049442046672135156,1.000488903195826,0.005519867220607398
inverse,13.7125,0.04820584591721812,1.000464760716119,0.005422847112800579
inverse,13.762500000000001,0.047000886610790236,1.0004418166684401,0.005327595183749066
inverse,13.8125,0.04582638064245903,1.0004200114325574,0.005234078026489801
inverse,13.8625,0.044681558882060816,1.0003992883408261,0.005142262874446643
inverse,13.912500000000001,0.0435656708155092,1.000379593534721,0.005052117590206716
inverse,13.9625,0.04247798417934747,1.0003608758279883,0.004963610654378598
inverse,14.012500000000001,0.04141778459487982,1.0003430865761496,0.004876711154541997
inverse,14.0625,0.04038437520267165,1.0003261795521021,0.004791388774297775
inverse,14.1125,0.03937707629813056,1.0003101108275578,0.004707613782425997
inverse,14.162500000000001,0.038395224968807595,1.0002948386600812,0.004625357022158974
inverse,14.2125,0.03743817473399132,1.0002803233854827,0.0045445899005754084
inverse,14.262500000000001,0.036505295187106206,1.0002665273153395,0.004465284378120987
inverse,14.3125,0.03559597164137024,1.0002534146394186,0.004387412958260145
inverse,14.3625,0.03470960477911452,1.0002409513327846,0.004310948677263025
inverse,14.412500000000001,0.033845610305120385,1.0002291050673853,0.004235865094131166
inverse,14.4625,0.03300341860428541,1.000217845127914,0.004162136280664757
inverse,14.512500000000001,0.03218247440388979,1.0002071423317513,0.004089736811674024
inverse,14.5625,0.03138223644069792,1.000196968952804,0.004018641755336644
inverse,14.6125,0.030602177133096164,1.000187298649057,0.0039488266637028435
inverse,14.662500000000001,0.02984178225843746,1.000178106393672,0.0038802675633493092
inverse,14.7125,0.02910055063573517,1.0001693684094606,0.0038129409461828416
inverse,14.762500000000001,0.028377993813823176,1.0001610621065795,0.0037468237603942227
inverse,14.8125,0.027673635765076067,1.0001531660232916,0.0036818934015625956
inverse,14.8625,0.026987012584761945,1.00014565976965,0.0036181277039102977
inverse,14.912500000000001,0.026317672196081617,1.0001385239739642,0.003555504931707915
inverse,14.9625,0.025665174060930142,1.0001317402319156,0.003494003770829069
inverse,15.012500000000001,0.025029088896401448,1.0001252910581968,0.003433603320454274
inverse,15.0625,0.024408998397042275,1.0001191598405494,0.003374283084923016
inverse,15.1125,0.023804494962849154,1.0001133307960872,0.0033160229657330288
inverse,15.162500000000001,0.02321518143299058,1.0001077889297934,0.003258803253685652
inverse,15.2125,0.022640670825226354,1.0001025199950833,0.003202604621175928
inverse,15.262500000000001,0.022080586080986855,1.0000975104563359,0.0031474081146261
inverse,15.3125,0.02153455981606689,1.0000927474532944,0.0030931951470609745
inverse,15.3625,0.021002234076881492,1.000088218767244,0.0030399474908235783
inverse,15.412500000000001,0.02048326010222476,1.000083912788883,0.0029876472704294466
inverse,15.4625,0.019977298090466975,1.000079818487799,0.002936276955557774
inverse,15.512500000000001,0.01948401697212064,1.000075925383474,0.002885819354177656
inverse,15.5625,0.01900309418770159,1.0000722235177413,0.002836257605807583
inverse,15.6125,0.018534215470807643,1.0000687034286238,0.002787575174906262
inverse,15.662500000000001,0.018077074636334418,1.0000653561254815,0.0027397558443928633
inverse,15.7125,0.01763137337374483,1.000062173065409,0.002692783709294717
inverse,15.762500000000001,0.017196821045307037,1.0000591461308128,0.002646643170520491
inverse,15.8125,0.01677313448921356,1.0000562676081186,0.00260131892875684
inverse,15.8625,0.016360037827492884,1.0000535301675435,0.0025567959784865233
inverse,15.912500000000001,0.015957262278623954,1.0000509268438857,0.0025130596021259574
inverse,15.9625,0.015564545974762941,1.00004845101828,0.0024700953642801714
inverse,16.0125,0.015181633783491338,1.0000460964008673,0.0024278891061131538
inverse,16.0625,0.014808277133994104,1.0000438570143355,0.0023864269398315464
inverse,16.1125,0.014444233847576551,1.0000417271782887,0.0023456952432797024
inverse,16.1625,0.014089267972428836,1.0000397014943998,0.0023056806546440383
inverse,16.212500000000002,0.013743149622547204,1.0000377748323095,0.002266370067264744
inverse,16.2625,0.013405654820721789,1.0000359423162344,0.002227750624552823
inverse,16.3125,0.013076565345501168,1.000034199312247,0.002189809715010502
inverse,16.3625,0.01275566858204493,1.000032541416195,0.002152534967353055
inverse,16.4125,0.012442757376776126,1.0000309644422274,0.0021159142457301437
inverse,16.462500000000002,0.01213762989574665,1.0000294644118972,0.0020799356450446962
inverse,16.5125,0.01184008948662957,1.0000280375438102,0.0020445874863674854
inverse,16.5625,0.011549944544253584,1.0000266802437952,0.0020098583124455
inverse,16.6125,0.011267008379596032,1.0000253890955653,0.001975736883302311
inverse,16.6625,0.010991099092152054,1.0000241608518508,0.001942212171928565
inverse,16.712500000000002,0.010722039445598937,1.0000229924259747,0.0019092733600608307
inverse,16.7625,0.01045965674667591,1.0000218808838517,0.0018769098340470376
inverse,16.8125,0.01020378272720112,1.0000208234363888,0.001845111180796749
inverse,16.8625,0.00995425342914889,1.0000198174322663,0.0018138671838145654
inverse,16.9125,0.009710909092711797,1.0000188603510813,0.0017831678193149661
inverse,16.962500000000002,0.009473594047273562,1.0000179497968344,0.0017530032524169287
inverse,17.0125,0.009242156605220191,1.000017083491743,0.0017233638334166964
inverse,17.0625,0.009016448958518258,1.0000162592703643,0.0016942400941370793
inverse,17.1125,0.008796327077990721,1.0000154750740127,0.001665622744351735
inverse,17.1625,0.008581650615222087,1.0000147289454564,0.0016375026682828495
inverse,17.212500000000002,0.0083722828070262,1.0000140190238802,0.001609870921170729
inverse,17.2625,0.008168090382411435,1.000013343540099,0.0015827187259137814
inverse,17.3125,0.007968943471979436,1.0000127008120119,0.0015560374697774415
inverse,17.3625,0.007774715519695054,1.0000120892402824,0.0015298187011705928
inverse,17.4125,0.007585283196966494,1.0000115073042357,0.0015040541264880842
inverse,17.462500000000002,0.007400526318976114,1.0000109535579595,0.0014787356070179456
inverse,17.5125,0.007220327763203707,1.0000104266266017,0.0014538551559119604
inverse,17.5625,0.007044573390085441,1.0000099252028496,0.0014294049352182483
inverse,17.6125,0.0068731519657530245,1.0000094480435888,0.0014053772529745716
inverse,17.6625,0.006705955086798937,1.0000089939667252,0.0013817645603610748
inverse,17.712500000000002,0.006542877107014921,1.0000085618481676,0.0013585594489112158
inverse,17.7625,0.006383815066052189,1.0000081506189595,0.0013357546477796513
inverse,17.8125,0.006228668619953085,1.0000077592625554,0.0013133430210658858
inverse,17.8625,0.006077339973505164,1.0000073868122308,0.001291317565192494
inverse,17.9125,0.005929733814369877,1.0000070323486219,0.0012696714063367793
inverse,17.962500000000002,0.005785757248939246,1.0000066949973887,0.0012483977979147304
inverse,18.0125,0.005645319739875093,1.000006373926993,0.0012274901181161654
inverse,18.0625,0.005508333045286506,1.0000060683465875,0.0012069418674899915
inverse,18.1125,0.005374711159502412,1.0000057775040097,0.0011867466665785248
inverse,18.1625,0.0052443702553971305,1.000005500683875,0.0011668982535998065
inverse,18.212500000000002,0.005117228628227967,1.0000052372057666,0.0011473904821769315
inverse,18.2625,0.004993206640944871,1.0000049864225118,0.0011282173191133798
inverse,18.3125,0.004872226670933273,1.0000047477185465,0.0011093728422133765
inverse,18.3625,0.004754213058152178,1.0000045205083605,0.0010908512381463341
inverse,18.4125,0.0046390920546306195,1.0000043042350182,0.001072646800354446
inverse,18.462500000000002,0.004526791775286494,1.0000040983687553,0.0010547539270025087
inverse,18.5125,0.004417242150032782,1.0000039024056424,0.0010371671189691
inverse,18.5625,0.004310374877137027,1.0000037158663162,0.0010198809778782204
inverse,18.6125,0.004206123377800895,1.0000035382947738,0.001002890204170558
inverse,18.6625,0.004104422751927458,1.0000033692572252,0.000986189595213527
inverse,18.712500000000002,0.004005209735044728,1.0000032083410044,0.0009697740434492781
inverse,18.7625,0.0039084226563547925,1.0000030551535322,0.0009536385345798674
inverse,18.8125,0.003814001397878699,1.0000029093213325,0.0009377781457888096
inverse,18.8625,0.003721887354668059,1.0000027704890961,0.0009221880439982564
inverse,18.9125,0.003632023396055067,1.0000026383187899,0.0009068634841610243
inverse,18.962500000000002,0.003544353827913415,1.0000025124888114,0.000891799807586771
inverse,19.0125,0.0034588243559033147,1.000002392693185,0.0008769924403015802
inverse,19.0625,0.003375382049674513,1.0000022786407963,0.00086243689144027
inverse,19.1125,0.0032939753080019514,1.000002170054666,0.0008481287516707245
inverse,19.1625,0.0032145538248293175,1.0000020666712586,0.0008340636916495938
inverse,19.212500000000002,0.003137068556196458,1.0000019682398253,0.0008202374605086896
inverse,19.262500000000003,0.0030614716880272338,1.0000018745217794,0.0008066458843714429
inverse,19.3125,0.0029877166047550304,1.000001785290102,0.0007932848648987954
inverse,19.3625,0.0029157578587637504,1.0000017003287782,0.0007801503778639118
inverse,19.4125,0.002845551140622704,1.0000016194322587,0.0007672384717551055
inverse,19.462500000000002,0.002777053250094388,1.0000015424049509,0.0007545452664063937
inverse,19.512500000000003,0.0027102220678947107,1.0000014690607315,0.0007420669516551136
inverse,19.5625,0.002645016528185773,1.0000013992224868,0.0007297997860260232
inverse,19.6125,0.0025813965917818324,1.0000013327216728,0.0007177400954413407
inverse,19.6625,0.002519323220049615,1.0000012693978975,0.0007058842719561987
inverse,19.712500000000002,0.002458758349484633,1.0000012090985242,0.0006942287725189635
inverse,19.762500000000003,0.0023996648669456543,1.0000011516782947,0.0006827701177559191
inverse,19.8125,0.002342006585529964,1.0000010969989694,0.0006715048907798108
inverse,19.8625,0.0022857482210725134,1.000001044928986,0.0006604297360217478
inverse,19.9125,0.0022308553692524957,1.0000009953431357,0.0006495413580859917
inverse,19.962500000000002,0.002177294483291354,1.0000009481222534,0.0006388365206271511
wide,0.025,0.7426158277372217,1.1102956535211679,0.11239353136592262
wide,0.07500000000000001,0.74261547386519,1.110295548404804,0.11238602665679295
wide,0.125,0.7426147653549716,1.1102953379446439,0.1123710181564168
wide,0.17500000000000002,0.7426137006722915,1.1102950216852392,0.11234850770046229
wide,0.225,0.7426122775108216,1.110294598941962,0.11231849804218724
wide,0.275,0.7426104927862663,1.1102940687992522,0.11228099285214552
wide,0.325,0.7426083426284519,1.1102934301082752,0.11223599671779634
wide,0.375,0.742605822371397,1.1102926814839797,0.11218351514301655
wide,0.42500000000000004,0.7426029265413393,1.1102918213015522,0.1121235545475162
wide,0.47500000000000003,0.7425996488426807,1.1102908476922546,0.11205612226615831
wide,0.525,0.742595982141819,1.1102897585386344,0.11198122654818292
wide,0.5750000000000001,0.7425919184488154,1.1102885514690986,0.11189887655633664
wide,0.625,0.7425874488968534,1.1102872238518273,0.11180908236590821
wide,0.675,0.742582563719426,1.110285772788023,0.11171185496367092
wide,0.7250000000000001,0.7425772522251971,1.1102841951044649,0.11160720624673333
wide,0.775,0.7425715027704601,1.1102824873453558,0.1114951490212986
wide,0.8250000000000001,0.7425653027291227,1.1102806457634387,0.11137569700133469
wide,0.875,0.7425586384601354,1.110278666310354,0.11124886480715555
wide,0.925,0.7425514952722726,1.1102765446262175,0.11111466796391548
wide,0.9750000000000001,0.7425438573861727,1.1102742760283872,0.11097312290001789
wide,1.0250000000000001,0.7425357078935301,1.1102718554993891,0.11082424694544014
wide,1.075,0.7425270287133295,1.110269277673969,0.11066805832997591
wide,1.125,0.7425178005450032,1.1102665368252378,0.11050457618139722
wide,1.175,0.7425080028183807,1.110263626849868,0.11033382052353793
wide,1.225,0.742497613640298,1.1102605412523074,0.11015581227430062
wide,1.2750000000000001,0.7424866097377165,1.1102572731279616,0.1099705732435892
wide,1.3250000000000002,0.7424749663971992,1.1102538151453045,0.10977812613116933
wide,1.375,0.7424626574005783,1.1102501595268657,0.10957849452445913
wide,1.425,0.7424496549566395,1.1102462980290466,0.10937170289625281
wide,1.475,0.7424359296286359,1.1102422219207073,0.1091577766023797
wide,1.5250000000000001,0.7424214502574356,1.1102379219604708,0.10893674187930161
wide,1.5750000000000002,0.7424061838800948,1.1102333883726812,0.10870862584165115
wide,1.625,0.7423900956436332,1.1102286108219526,0.10847345647971446
wide,1.675,0.7423731487137822,1.110223578386243,0.10823126265686132
wide,1.725,0.7423553041784544,1.110218279528377,0.10798207410692595
wide,1.7750000000000001,0.7423365209456795,1.1102127020659471,0.10772592143154215
wide,1.8250000000000002,0.7423167556357251,1.1102068331395099,0.10746283609743651
wide,1.875,0.7422959624671193,1.1102006591789975,0.10719285043368305
wide,1.925,0.7422740931362635,1.1101941658682524,0.10691599762892391
wide,1.975,0.7422510966903167,1.1101873381075955,0.1066323117285596
wide,2.025,0.7422269193930111,1.110180159974328,0.10634182763191372
wide,2.075,0.7422015045830397,1.1101726146810655,0.10604458108937627
wide,2.125,0.7421747925246445,1.1101646845317998,0.1057406086995305
wide,2.1750000000000003,0.7421467202500039,1.1101563508755676,0.10542994790626786
wide,2.225,0.7421172213930104,1.1101475940576164,0.10511263699589647
wide,2.275,0.7420862260139942,1.1101383933679385,0.10478871509424836
wide,2.325,0.7420536604149413,1.1101287269870426,0.1044582221637904
wide,2.375,0.7420194469447196,1.1101185719288296,0.10412119900074568
wide,2.4250000000000003,0.7419835037938087,1.1101079039804274,0.10377768723223028
wide,2.475,0.7419457447780056,1.1100966976388378,0.1034277293134121
wide,2.5250000000000004,0.7419060791105465,1.110084926044237,0.10307136852469795
wide,2.575,0.7418644111620682,1.1100725609097684,0.10270864896895547
wide,2.625,0.7418206402077939,1.1100595724476603,0.10233961556877706
wide,2.6750000000000003,0.7417746601613103,1.1100459292914855,0.1019643140637926
wide,2.725,0.7417263592942676,1.1100315984143858,0.10158279100803834
wide,2.7750000000000004,0.7416756199413039,1.1100165450430635,0.10119509376738965
wide,2.825,0.7416223181894698,1.1100007325673447,0.1008012705170659
wide,2.875,0.7415663235513889,1.1099841224451046,0.10040137023921492
wide,2.9250000000000003,0.7415074986213679,1.1099666741023435,0.09999544272058582
wide,2.975,0.7414456987136271,1.1099483448281877,0.09958353855029944
wide,3.0250000000000004,0.7413807714817924,1.1099290896645875,0.09916570911772454
wide,3.075,0.7413125565187607,1.1099088612904762,0.09874200661046946
wide,3.125,0.7412408849360035,1.109887609900142,0.09831248401249928
wide,3.1750000000000003,0.7411655789213534,1.1098652830755649,0.09787719510238763
wide,3.225,0.7410864512742704,1.1098418256524583,0.09743619445171411
wide,3.2750000000000004,0.7410033049175597,1.1098171795797491,0.09698953742361734
wide,3.325,0.7409159323844706,1.10979128377223,0.09653728017151472
wide,3.375,0.7408241152800775,1.1097640739561019,0.09607947963800051
wide,3.4250000000000003,0.740727623715808,1.1097354825071335,0.09561619355393262
wide,3.475,0.7406262157159534,1.1097054382811469,0.09514748043772128
wide,3.5250000000000004,0.7405196365949602,1.1096738664365464,0.09467339959483075
wide,3.575,0.7404076183042845,1.1096406882486045,0.09419401111750715
wide,3.625,0.740289878747552,1.109605820915213,0.0937093758847446
wide,3.6750000000000003,0.7401661210627524,1.109569177353816,0.09321955556250347
wide,3.725,0.7400360328701758,1.1095306659892457,0.09272461260419336
wide,3.7750000000000004,0.7398992854847788,1.1094901905321772,0.09222461025143525
wide,3.825,0.7397555330916671,1.1094476497479473,0.09171961253511635
wide,3.875,0.7396044118833673,1.1094029372154683,0.09120968427675182
wide,3.9250000000000003,0.7394455391575732,1.1093559410760068,0.09069489109016819
wide,3.975,0.7392785123740552,1.1093065437715992,0.09017529938352312
wide,4.025,0.7391029081694455,1.1092546217729065,0.08965097636167625
wide,4.075,0.7389182813286438,1.1092000452963353,0.08912199002892664
wide,4.125,0.7387241637116249,1.109142678010288,0.08858840919213185
wide,4.175,0.7385200631344938,1.1090823767304354,0.08805030346422427
wide,4.2250000000000005,0.7383054622036991,1.1090189911039636,0.08750774326814025
wide,4.275,0.738079817102406,1.1089523632827842,0.0869607998411773
wide,4.325,0.7378425563281421,1.1088823275857695,0.08640954523979569
wide,4.375,0.7375930793809504,1.1088087101501345,0.08585405234487903
wide,4.425,0.7373307554014508,1.1087313285721747,0.08529439486747022
wide,4.4750000000000005,0.7370549217583761,1.108649991537649,0.08473064735499723
wide,4.525,0.7367648825853763,1.1085644984422087,0.08416288519800452
wide,4.575,0.7364599072671132,1.108474639002377,0.08359118463740343
wide,4.625,0.7361392288749581,1.1083801928577235,0.08301562277225742
wide,4.675,0.7358020425529213,1.1082809291650102,0.08243627756811428
wide,4.7250000000000005,0.7354475038548056,1.108176606185253,0.08185322786589913
wide,4.775,0.7350747270339885,1.1080669708648185,0.08126655339138009
wide,4.825,0.7346827832877022,1.107951758411873,0.08067633476521743
wide,4.875,0.7342706989582028,1.1078306918697136,0.08008265351360694
wide,4.925000000000001,0.7338374536937996,1.1077034816887599,0.07948559207952559
wide,4.9750000000000005,0.7333819785733671,1.1075698252992374,0.07888523383458704
wide,5.025,0.7329031541986823,1.1074294066868755,0.07828166309151216
wide,5.075,0.7323998087597265,1.1072818959742567,0.07767496511721853
wide,5.125,0.7318707160789695,1.1071269490107887,0.07706522614652953
wide,5.175000000000001,0.7313145936416191,1.1069642069746413,0.07645253339650222
wide,5.2250000000000005,0.7307301006198798,1.106793295990388,0.07583697508136975
wide,5.275,0.7301158359004082,1.1066138267665104,0.07521864042809037
wide,5.325,0.7294703361254167,1.1064253942573856,0.07459761969249319
wide,5.375,0.7287920737592269,1.1062275773548549,0.0739740041760045
wide,5.425000000000001,0.7280794551935404,1.1060199386149845,0.07334788624293623
wide,5.4750000000000005,0.7273308189062667,1.1058020240261721,0.07271935933831128
wide,5.525,0.7265444336904285,1.105573362825309,0.07208851800619646
wide,5.575,0.7257184969714565,1.105333467369302,0.07145545790850692
wide,5.625,0.7248511332330788,1.1050818330698557,0.0708202758442404
wide,5.675000000000001,0.7239403925740097,1.1048179384000423,0.0701830697690872
wide,5.7250000000000005,0.722984249419728,1.1045412449818015,0.06954393881536318
wide,5.775,0.7219806014158158,1.1042511977641487,0.0689029833121992
wide,5.825,0.7209272685315626,1.103947225302476,0.06826030480590486
wide,5.875,0.7198219924048487,1.1036287401499372,0.06761600608042406
wide,5.925000000000001,0.7186624359616328,1.1032951393724617,0.06697019117778334
wide,5.9750000000000005,0.7174461833457144,1.1029458051994665,0.06632296541842195
wide,6.025,0.7161707401967334,1.1025801058227873,0.06567443542128017
wide,6.075,0.714833534316615,1.1021973963567167,0.0650247091235078
wide,6.125,0.7134319167667886,1.1017970199723068,0.0643738957996389
wide,6.175000000000001,0.7119631634404846,1.1013783092192364,0.0637221060800631
wide,6.2250000000000005,0.7104244771561588,1.1009405875485203,0.06306945196860637
wide,6.275,0.7088129903195601,1.1004831710491514,0.0624160468590147
wide,6.325,0.7071257682030775,1.1000053704113584,0.061762005550115705
wide,6.375,0.7053598128916729,1.0995064931285152,0.06110744425941208
wide,6.425000000000001,0.7035120679448749,1.0989858459488149,0.060452480634839156
wide,6.4750000000000005,0.7015794238238514,1.0984427375866015,0.05979723376439703
wide,6.525,0.6995587241314238,1.097876481701677,0.059141824183344696
wide,6.575,0.6974467727109145,1.097286400152974,0.058486373878619775
wide,6.625,0.6952403416468431,1.0966718265306439,0.057831006290124616
wide,6.675000000000001,0.6929361802065916,1.0960321099678605,0.057175846308494635
wide,6.7250000000000005,0.6905310247571509,1.095366619230432,0.056521020268942894
wide,6.775,0.6880216096848504,1.0946747470786664,0.055866655940750486
wide,6.825,0.6854046793384677,1.0939559148918137,0.05521288251195249
wide,6.875,0.6826770010072559,1.0932095775408521,0.05455983056874777
wide,6.925000000000001,0.6798353789351506,1.09243522849038,0.053907632069144014
wide,6.9750000000000005,0.6768766693607174,1.0916324051049715,0.05325642031033418
wide,7.025,0.6737977965592624,1.0908006941296233,0.05260632988928883
wide,7.075,0.6705957698489879,1.0899397373078714,0.05195749665604183
wide,7.125,0.667267701507238,1.0890492370949505,0.05131005765914431
wide,7.175000000000001,0.6638108255258199,1.088128962417054,0.050664151082765535
wide,7.2250000000000005,0.6602225171163281,1.087178754421484,0.05001991617492937
wide,7.275,0.6565003128575212,1.0861985321564047,0.04937749316639304
wide,7.325,0.6526419313574219,1.085188298113189,0.048737023179700585
wide,7.375,0.648645294283219,1.0841481435591527,0.04809864812797912
wide,7.425000000000001,0.6445085475926832,1.083078253584006,0.047462510603090924
wide,7.4750000000000005,0.640230082782056,1.0819789117798237,0.04682875375280992
wide,7.525,0.6358085579477505,1.0808505044719197,0.046197521146758305
wide,7.575,0.6312429184431962,1.0796935244169368,0.04556895663091629
wide,7.625,0.626532416898337,1.0785085738848943,0.044943204170607716
wide,7.675000000000001,0.6216766323581647,1.0772963670440379,0.04432040768196479
wide,7.7250000000000005,0.6166754882888006,1.076057731571246,0.04370071085198643
wide,7.775,0.61152926919552,1.0747936094165613,0.043084256947426
wide,7.825,0.6062386355972068,1.0735050566581525,0.042471188612874786
wide,7.875,0.6008046371064271,1.072193242393717,0.041861647658545185
wide,7.925000000000001,0.5952287233739042,1.0708594466258656,0.04125577483840127
wide,7.9750000000000005,0.5895127526708689,1.069505057112317,0.04065370961943185
wide,8.025,0.5836589979025789,1.0681315651665284,0.040055589943009125
wide,8.075000000000001,0.5776701498712008,1.0667405604104432,0.03946155197942393
wide,8.125,0.5715493176359516,1.0653337244980243,0.038871729876830304
wide,8.175,0.565300025852539,1.0639128238457762,0.038286255505967995
wide,8.225,0.5589262090119642,1.0624797014240972,0.037705258202155645
wide,8.275,0.5524322025399443,1.0610362676806269,0.03712886450615865
wide,8.325000000000001,0.5458227307617917,1.059584490683252,0.03655719790562952
wide,8.375,0.5391028917825681,1.0581263855856655,0.03599037857889314
wide,8.425,0.5322781393777423,1.0566640035318862,0.03542852314290197
wide,8.475,0.5253542620343369,1.0551994201275285,0.03487174440721455
wide,8.525,0.5183373593255738,1.0537347236145218,0.034320151135852704
wide,8.575000000000001,0.5112338158422904,1.0522720028921337,0.03377384781886973
wide,8.625,0.5040502729408841,1.050813335530356,0.03323293445540986
wide,8.675,0.4967935985993871,1.0493607759218657,0.032697506349960825
wide,8.725,0.4894708556997018,1.0479163437158796,0.032167653923398196
wide,8.775,0.4820892690744451,1.0464820126713466,0.03164346254029054
wide,8.825000000000001,0.4746561916708359,1.0450597000582922,0.031125012353784273
wide,8.875,0.4671790701913726,1.0436512567249752,0.030612378169216643
wide,8.925,0.4596654105716575,1.042258457935202,0.030105629327418407
wide,8.975,0.45212274364977934,1.0408829950650809,0.02960482960846906
wide,9.025,0.44455859136949655,1.0395264682320862,0.029110037156458626
wide,9.075000000000001,0.4369804338415759,1.0381903799120744,0.028621304425597315
wide,9.125,0.42939567756465524,1.036876129582242,0.028138678147799898
wide,9.175,0.4218116250796691,1.0355850094104702,0.027662199321661102
wide,9.225,0.41423544630103243,1.0343182009944432,0.027191903222533318
wide,9.275,0.4066741517342655,1.0330767731377568,0.026727819433224134
wide,9.325000000000001,0.39913456775449346,1.0318616806353134,0.02626997189464961
wide,9.375,0.3916233140840945,1.030673764026842,0.025818378975613846
wide,9.425,0.38414678357157805,1.0295137502656777,0.025373053560737824
wide,9.475,0.3767111243382817,1.0283822542400425,0.024934003155432077
wide,9.525,0.36932222432540035,1.0272797810761323,0.02450123000669973
wide,9.575000000000001,0.3619856982417742,1.026206729146317,0.024074731238469923
wide,9.625,0.3547068768832623,1.0251633937016555,0.023654499000095624
wide,9.675,0.3474907987677901,1.0241499710456554,0.0232405206266048
wide,9.725000000000001,0.34034220400655124,1.0231665631656073,0.022832778809268938
wide,9.775,0.3332655303115338,1.0222131827387655,0.022431251775046287
wide,9.825000000000001,0.3262649110225986,1.0212897584329168,0.022035913473468557
wide,9.875,0.31934417502373724,1.0203961404243183,0.02164673376956681
wide,9.925,0.31250684840779136,1.0195321060603542,0.021263678641472876
wide,9.975000000000001,0.3057561577416602,1.0186973655993885,0.020886710381386273
wide,10.025,0.2990950347796502,1.0178915679659681,0.020515787798659868
wide,10.075000000000001,0.2925261224708765,1.0171143064655692,0.02015086642382953
wide,10.125,0.2860517821072466,1.0163651244093463,0.01979189871249134
wide,10.175,0.27967410146123034,1.0156435206056293,0.019438834248013355
wide,10.225000000000001,0.2733949037670756,1.0149489546811616,0.019091619942155268
wide,10.275,0.2672157574050464,1.0142808522011104,0.01875020023275734
wide,10.325000000000001,0.26113798615537287,1.0136386095626568,0.018414517277748396
wide,10.375,0.2551626798966339,1.0130215986424065,0.018084511144810148
wide,10.425,0.24929070563198855,1.012429171182899,0.017760119996120368
wide,10.475000000000001,0.24352271873581796,1.0118606629080968,0.017441280267680402
wide,10.525,0.23785917432271442,1.0113153973618967,0.01712792684281132
wide,10.575000000000001,0.23230033865019803,1.0107926894673993,0.016819993219478108
wide,10.625,0.22684630047588775,1.0102918488079193,0.0165174116711717
wide,10.675,0.22149698229898396,1.0098121826335114,0.016220113401144133
wide,10.725000000000001,0.2162521514247232,1.0093529985991643,0.015928028689852526
wide,10.775,0.21111143079886474,1.0089136072427887,0.01564108703552313
wide,10.825000000000001,0.20607430956719477,1.0084933242127192,0.015359217287796559
wide,10.875,0.2011401533224502,1.0080914722557157,0.015082347774460651
wide,10.925,0.19630821400793017,1.0077073829773966,0.01481040642131736
wide,10.975000000000001,0.19157763945337664,1.0073403983877056,0.014543320865265552
wide,11.025,0.18694748252445198,1.0069898722444461,0.01428101856071233
wide,11.075000000000001,0.18241670987233133,1.0066551712081293,0.01402342687945199
wide,11.125,0.17798421027457859,1.006335675821413,0.013770473204174337
wide,11.175,0.1736488025625963,1.0060307813262848,0.013522085015782653
wide,11.225000000000001,0.16940924313457167,1.0057398983318857,0.01327818997471709
wide,11.275,0.16526423305599736,1.0054624533455174,0.013038715996491212
wide,11.325000000000001,0.16121242475256778,1.0051978891789204,0.01280359132165892
wide,11.375,0.15725242830256783,1.0049456652414108,0.012572744580435486
wide,11.425,0.1533828173378125,1.004705257730897,0.012346104852200937
wide,11.475000000000001,0.14960213456380078,1.004476159733209,0.012123601720116364
wide,11.525,0.14590889691104084,1.0042578812395593,0.011905165321084177
wide,11.575000000000001,0.1423016003305251,1.0040499490913257,0.011690726391282371
wide,11.625,0.13877872424710574,1.0038519068607308,0.011480216307500499
wide,11.675,0.13533873568507593,1.003663314675367,0.011273567124501307
wide,11.725000000000001,0.1319800930806264,1.0034837489939141,0.011070711608627722
wide,11.775,0.1287012497960424,1.0033128023398126,0.010871583267869186
wide,11.825000000000001,0.1255006573505585,1.0031500829990845,0.01067611637859556
wide,11.875,0.12237676838271763,1.0029952146879595,0.010484246009160198
wide,11.925,0.11932803935890338,1.002847836195448,0.010295908040566602
wide,11.975000000000001,0.11635293304245337,1.0027076010055163,0.01011103918438608
wide,12.025,0.11344992073742366,1.0025741769030656,0.00992957699810616
wide,12.075000000000001,0.11061748432068191,1.0024472455674873,0.009751459898081875
wide,12.125,0.10785411807556616,1.0023265021571717,0.009576627170254365
wide,12.175,0.10515833033987054,1.0022116548879738,0.009405018978793575
wide,12.225000000000001,0.10252864498041812,1.0021024246083041,0.009236576372814168
wide,12.275,0.09996360270596027,1.001998544373191,0.00907124129130625
wide,12.325000000000001,0.09746176222961285,1.0018997590193803,0.008908956566415074
wide,12.375,0.09502170129150284,1.0018058247432664,0.008749665925196754
wide,12.425,0.09264201755176478,1.0017165086832123,0.008593313989969847
wide,12.475000000000001,0.09032132936349524,1.0016315885075977,0.008439846277376019
wide,12.525,0.08805827643475153,1.0015508520097318,0.00828920919625624
wide,12.575000000000001,0.0858515203881694,1.001474096710592,0.008141350044442823
wide,12.625,0.08369974522627661,1.0014011294701888,0.007996217004561306
wide,12.675,0.08160165771009668,1.001331766108207,0.007853759138930497
wide,12.725000000000001,0.07955598765817196,1.0012658310344535,0.007713926383643372
wide,12.775,0.07756148817268622,1.0012031568895123,0.007576669541906172
wide,12.825000000000001,0.07561693579893887,1.0011435841959242,0.007441940276707998
wide,12.875,0.07372113062401178,1.0010869610200965,0.00730969110288837
wide,12.925,0.0718728963200789,1.0010331426450874,0.00717987537866567
wide,12.975000000000001,0.07007108013743735,1.0009819912543254,0.007052447296685046
wide,13.025,0.06831455285198577,1.0009333756262733,0.006927361874640257
wide,13.075000000000001,0.06660220867154198,1.0008871708399856,0.006804574945520037
wide,13.125,0.06493296510507682,1.0008432579914674,0.0066840431475260545
wide,13.175,0.06330576279864351,1.0008015239207035,0.006565723913705847
wide,13.225000000000001,0.0617195653415024,1.0007618609491888,0.00644957546134119
wide,13.275,0.06017335904567688,1.000724166627768,0.006335556781129035
wide,13.325000000000001,0.05866615270193077,1.0006883434945693,0.0062236276261895115
wide,13.375,0.057196977314924576,1.0006542988427929,0.006113748500932708
wide,13.425,0.055764885820092445,1.0006219444981055,0.00600588064981343
wide,13.475000000000001,0.05436895278457858,1.0005911966053784,0.005899986046000873
wide,13.525,0.05300827409438305,1.000561975424493,0.005796027379987853
wide,13.575000000000001,0.051681966629690455,1.0005342051349424,0.005693968048162284
wide,13.625,0.050389167930190555,1.0005078136489394,0.0055937721413615695
wide,13.675,0.049129035852047274,1.0004827324327503,0.005495404433428914
wide,13.725000000000001,0.04790074821802998,1.0004588963359695,0.00539883036978879
wide,13.775,0.04670350246218915,1.000436243428447,0.005304016056057303
wide,13.825000000000001,0.04553651527033569,1.0004147148445932,0.0052109282467017355
wide,13.875,0.04439902221747001,1.0003942546347735,0.005119534333762236
wide,13.925,0.04329027740320093,1.0003748096235292,0.005029802335647332
wide,13.975000000000001,0.04220955308609795,1.0003563292743456,0.004941700886013841
wide,14.025,0.04115613931782953,1.0003387655607097,0.0048551992227406
wide,14.075000000000001,0.0401293435778574,1.0003220728431979,0.004770267177004575
wide,14.125,0.03912849040937983,1.0003062077523435,0.004686875162466835
wide,14.175,0.03815292105714568,1.0002911290770387,0.004604994164575128
wide,14.225000000000001,0.03720199310769641,1.000276797658237,0.004524595729989009
wide,14.275,0.036275080132532396,1.0002631762877243,0.00444565195613266
wide,14.325000000000001,0.03537157133464509,1.0002502296117364,0.004368135480879969
wide,14.375,0.03449087119880553,1.0002379240392105,0.004292019472375762
wide,14.425,0.033632399145953056,1.0002262276544625,0.004217277618996502
wide,14.475000000000001,0.03279558919198542,1.00021511013409,0.004143884119453307
wide,14.525,0.031979889611212065,1.0002045426679091,0.004071813673039585
wide,14.575000000000001,0.03118476260469652,1.0001944978837423,0.004001041470025174
wide,14.625,0.03040968397368127,1.000184949775876,0.003931543182198497
wide,14.675,0.02965414279825807,1.0001758736370199,0.003863294953557803
wide,14.725000000000001,0.028917641121419577,1.0001672459936055,0.0037962733911523034
wide,14.775,0.028199693638603356,1.0001590445442623,0.003730455556073632
wide,14.825000000000001,0.02749982739281631,1.0001512481013268,0.0036658189545978243
wide,14.875,0.02681758147540742,1.000143836535238,0.0036023415294777353
wide,14.925,0.02615250673253761,1.0001367907216792,0.0035400016513855667
wide,14.975000000000001,0.02550416547737898,1.0001300924913394,0.0034787781105050063
wide,15.025,0.024872131208060116,1.0001237245821661,0.0034186501082722255
wide,15.075000000000001,0.02425598833136056,1.0001176705939863,0.003359597249264872
wide,15.125,0.023655331892145054,1.0001119149453854,0.003301599533237998
wide,15.175,0.02306976730851709,1.0001064428327338,0.0032446373473057405
wide,15.225000000000001,0.022498910112661245,1.0001012401912515,0.0031886914582674344
wide,15.275,0.021942385697334966,1.0000962936580182,0.00313374300507675
wide,15.325000000000001,0.02139982906796252,1.0000915905368275,0.003079773491452307
wide,15.375,0.0208708846002768,1.0000871187647997,0.0030267647786281805
wide,15.425,0.020355205803448528,1.00008286688066,0.0029746990782426024
wide,15.475000000000001,0.019852455088636936,1.0000788239946092,0.0029235589453630896
wide,15.525,0.019362303542891215,1.0000749797596975,0.0028733272716462213
wide,15.575000000000001,0.018884430708328057,1.0000713243446355,0.0028239872786301723
wide,15.625,0.018418524366506938,1.000067848407968,0.002775522511158122
wide,15.675,0.017964280327921817,1.00006454307354,0.0027279168309305817
wide,15.725000000000001,0.01752140222652552,1.0000613999071968,0.0026811544101847055
wide,15.775,0.017089601319200773,1.0000584108946498,0.0026352197254985595
wide,15.825000000000001,0.016668596290090352,1.0000555684204564,0.002590097551718374
wide,15.875,0.01625811305969742,1.0000528652480525,0.002545772956006752
wide,15.925,0.01585788459866604,1.000050294500789,0.0025022312920098045
wide,15.975000000000001,0.015467650746151258,1.000047849643921,0.0024594581941411965
wide,16.025000000000002,0.015087158032687663,1.0000455244675006,0.002417439571981066
wide,16.075,0.01471615950746508,1.0000433130701298,0.0023761616047878
wide,16.125,0.01435441456992012,1.000041209843529,0.0023356107361206337
wide,16.175,0.014001688805552586,1.0000392094578816,0.002295773668571096
wide,16.225,0.013657753825875899,1.0000373068479136,0.0022566373586012677
wide,16.275000000000002,0.013322387112411519,1.0000354971996746,0.002218189011486899
wide,16.325,0.012995371864637785,1.00003377593798,0.0021804160763634057
wide,16.375,0.012676496851804562,1.0000321387144868,0.0021433062413727983
wide,16.425,0.012365556268525894,1.000030581396366,0.0021068474289096238
wide,16.475,0.01206234959406389,1.000029100055546,0.0020710277909639922
wide,16.525000000000002,0.011766681455218168,1.0000276909584938,0.0020358357045598264
wide,16.575,0.01147836149273636,1.0000263505565117,0.002001259767286451
wide,16.625,0.011197204231162342,1.000025075476519,0.0019672887929216916
wide,16.675,0.010923028952040205,1.0000238625122975,0.0019339118071446757
wide,16.725,0.010655659570393258,1.000022708616176,0.0019011180433365364
wide,16.775000000000002,0.010394924514398707,1.000021610891132,0.0018688969384672606
wide,16.825,0.010140656608180086,1.000020566583289,0.0018372381290669487
wide,16.875,0.009892692957640883,1.0000195730747907,0.0018061314472797713
wide,16.925,0.009650874839264306,1.0000186278770327,0.0017755669169989567
wide,16.975,0.009415047591805472,1.000017728624231,0.0017455347500811352
wide,17.025000000000002,0.009185060510803889,1.0000168730673173,0.0017160253426384273
wide,17.075,0.008960766745845465,1.0000160590681346,0.001687029271406682
wide,17.125,0.00874202320050477,1.0000152845939276,0.0016585372901882808
wide,17.175,0.008528690434899813,1.000014547712107,0.001630540326367986
wide,17.225,0.008320632570792873,1.0000138465852757,0.0016030294775002943
wide,17.275000000000002,0.008117717199172621,1.0000131794665053,0.0015759960079668382
wide,17.325,0.007919815290253979,1.0000125446948462,0.0015494313457023476
wide,17.375,0.007726801105833712,1.000011940691066,0.0015233270789877637
wide,17.425,0.007538552113941193,1.000011365953595,0.0014976749533090977
wide,17.475,0.007354948905725051,1.0000108190546813,0.0014724668682806377
wide,17.525000000000002,0.007175875114517925,1.0000102986367319,0.0014476948746311856
wide,17.575,0.007001217337022818,1.00000980340884,0.001423351171251976
wide,17.625,0.006830865056565967,1.0000093321434842,0.0013994281023049877
wide,17.675,0.0066647105683624,1.000008883673392,0.0013759181543903838
wide,17.725,0.0065026489067416746,1.0000084568885608,0.0013528139537718235
wide,17.775000000000002,0.006344577774282622,1.0000080507334268,0.0013301082636584301
wide,17.825,0.006190397472807093,1.0000076642041742,0.0013077939815422253
wide,17.875,0.006040010836184011,1.0000072963461804,0.0012858641365898454
wide,17.925,0.005893323164896222,1.0000069462515853,0.0012643118870874096
wide,17.975,0.005750242162323813,1.0000066130569851,0.001243130517937402
wide,18.025000000000002,0.005610677872698743,1.0000062959412381,0.0012223134382064753
wide,18.075,0.005474542620686791,1.0000059941233812,0.0012018541787231004
wide,18.125,0.00534175095255391,1.0000057068606478,0.001181746389724005
wide,18.175,0.0052122195788752105,1.0000054334465878,0.0011619838385483684
wide,18.225,0.005085867318745819,1.0000051732092767,0.0011425604073787665
wide,18.275000000000002,0.00496261504545396,1.000004925509618,0.0011234700910278746
wide,18.325,0.004842385633577597,1.0000046897397248,0.0011047069947699639
wide,18.375,0.0047251039074669675,1.0000044653213873,0.001086265332216241
wide,18.425,0.004610696591076365,1.000004251704611,0.0010681394232331057
wide,18.475,0.00449909225910942,1.0000040483662311,0.0010503236919024203
wide,18.525000000000002,0.004390221289443114,1.000003854808594,0.0010328126645229056
wide,18.575,0.004284015816796644,1.0000036705583037,0.0010156009676517892
wide,18.625,0.004180409687612149,1.0000034951650312,0.0009986833261858617
wide,18.675,0.004079338416115192,1.0000033282003826,0.0009820545614811107
wide,18.725,0.003980739141523709,1.0000031692568225,0.0009657095895101127
wide,18.775000000000002,0.003884550586374997,1.0000030179466517,0.0009496434190563942
wide,18.825,0.0037907130159410838,1.0000028739010338,0.0009338511499449807
wide,18.875,0.0036991681987036335,1.0000027367690725,0.0009183279713083713
wide,18.925,0.003609859367860301,1.0000026062169312,0.0009030691598871988
wide,18.975,0.0035227311838351713,1.0000024819269988,0.0008880700783648383
wide,19.025000000000002,0.003437729697766698,1.000002363597095,0.0008733261737352606
wide,19.075,0.0033548023159472003,1.0000022509397157,0.0008588329757034245
wide,19.125,0.0032738977651887136,1.0000021436813153,0.000844586095117533
wide,19.175,0.00319496605909066,1.0000020415616238,0.0008305812224324826
wide,19.225,0.003117958465185423,1.0000019443329982,0.0008168141262038539
wide,19.275000000000002,0.003042827472938589,1.000001851759806,0.0008032806516118019
wide,19.325000000000003,0.0029695267625812257,1.0000017636178387,0.000789976719014226
wide,19.375,0.0028980111747521605,1.0000016796937539,0.0007768983225286066
wide,19.425,0.0028282366809288277,1.0000015997845446,0.0007640415286419089
wide,19.475,0.002760160354625829,1.0000015236970365,0.0007514024748479735
wide,19.525000000000002,0.0026937403433408835,1.0000014512474074,0.0007389773683118171
wide,19.575000000000003,0.0026289358412284274,1.0000013822607314,0.0007267624845602861
wide,19.625,0.002565707062481618,1.0000013165705461,0.0007147541661985169
wide,19.675,0.0025040152154040276,1.0000012540184398,0.0007029488216516632
wide,19.725,0.002443822477152822,1.00000119445366,0.0006913429239313726
wide,19.775000000000002,0.0023850919691356886,1.0000011377327402,0.0006799330094264943
wide,19.825000000000003,0.00232778773304426,1.000001083719146,0.0006687156767175212
wide,19.875,0.0022718747075072586,1.0000010322829374,0.0006576875854142729
wide,19.925,0.0022173187053470063,1.0000009833004482,0.0006468454550163397
wide,19.975,0.002164086391423415,1.000000936653982,0.0006361860637958227
frozen,0.0125,0.7426156380034064,1.1102955971614412,0.11239573064007906
frozen,0.0625,0.7426153724900846,1.1102955182917174,0.11239010191267597
frozen,0.1125,0.742614752422415,1.110295334103081,0.11237696885816677
frozen,0.1625,0.7426137764498568,1.1102950441946235,0.11235633309267275
frozen,0.21250000000000002,0.742612442458447,1.11029464793882,0.11232819714077635
frozen,0.2625,0.7426107475580525,1.1102941444777459,0.11229256444404309
frozen,0.3125,0.7426086880746647,1.110293532720795,0.11224943936100695
frozen,0.36250000000000004,0.7426062595409292,1.110292811341874,0.11219882716676745
frozen,0.41250000000000003,0.7426034566846674,1.1102919787760033,0.1121407340524457
frozen,0.4625,0.7426002734153422,1.1102910332153082,0.11207516712453389
frozen,0.5125000000000001,0.7425967028084194,1.110289972604387,0.11200213440414568
frozen,0.5625,0.7425927370875762,1.1102887946350437,0.11192164482617023
frozen,0.6125,0.7425883676047172,1.1102874967403678,0.11183370823833179
frozen,0.6625000000000001,0.7425835848177336,1.1102860760881512,0.11173833540015557
frozen,0.7125,0.7425783782659486,1.1102845295736172,0.11163553798184138
frozen,0.7625000000000001,0.7425727365431841,1.1102828538114466,0.11152532856304585
frozen,0.8125,0.7425666472683672,1.1102810451270768,0.11140772063157467
frozen,0.8625,0.7425600970536061,1.1102790995472522,0.11128272858198594
frozen,0.9125000000000001,0.7425530714696394,1.1102770127897992,0.111150367714106
frozen,0.9625,0.7425455550085677,1.1102747802525963,0.1110106542314594
frozen,1.0125,0.7425375310437674,1.1102723970017148,0.11086360523961447
frozen,1.0625,0.7425289817868732,1.11026985775869,0.11070923874444608
frozen,1.1125,0.742519888241713,1.1102671568868971,0.11054757365031748
frozen,1.1625,0.7425102301550723,1.1102642883769878,0.11037862975818316
frozen,1.2125000000000001,0.7424999859641487,1.110261245831352,0.11020242776361448
frozen,1.2625000000000002,0.7424891327405554,1.1102580224475644,0.11001898925475048
frozen,1.3125,0.7424776461307232,1.1102546110007638,0.10982833671017615
frozen,1.3625,0.7424655002925341,1.1102510038249287,0.10963049349673007
frozen,1.4125,0.7424526678280168,1.110247192792988,0.1094254838672444
frozen,1.4625000000000001,0.7424391197119213,1.1102431692957224,0.10921333295821983
frozen,1.5125000000000002,0.7424248252159765,1.1102389242193946,0.10899406678743746
frozen,1.5625,0.7424097518286252,1.110234447922048,0.10876771225151194
frozen,1.6125,0.7423938651700227,1.1102297302084172,0.1085342971233872
frozen,1.6625,0.7423771289020632,1.1102247603033741,0.10829385004977947
frozen,1.7125000000000001,0.7423595046331944,1.1102195268238484,0.1080464005485696
frozen,1.7625000000000002,0.7423409518177636,1.1102140177491406,0.10779197900614931
frozen,1.8125,0.7423214276496208,1.1102082203895542,0.10753061667472415
frozen,1.8625,0.7423008869496966,1.1102021213532614,0.10726234566957701
frozen,1.9125,0.742279282047251,1.1101957065113166,0.1069871989662968
frozen,1.9625000000000001,0.7422565626544748,1.1101889609607272,0.10670521039797552
frozen,2.0125,0.74223267573411,1.1101818689854832,0.10641641465237882
frozen,2.0625,0.7422075653597362,1.1101744140154455,0.10612084726909356
frozen,2.1125000000000003,0.7421811725683517,1.1101665785829866,0.10581854463665835
frozen,2.1625,0.7421534352048577,1.1101583442772742,0.1055095439896802
frozen,2.2125,0.7421242877580385,1.1101496916960751,0.10519388340594404
frozen,2.2625,0.7420936611876022,1.1101406003949639,0.10487160180351918
frozen,2.3125,0.7420614827418317,1.1101310488338012,0.10454273893786845
frozen,2.3625000000000003,0.7420276757653705,1.1101210143203515,0.10420733539896583
frozen,2.4125,0.7419921594966407,1.1101104729508977,0.1038654326084283
frozen,2.4625000000000004,0.7419548488543748,1.1100993995477035,0.10351707281666808
frozen,2.5125,0.7419156542127066,1.1100877675931737,0.10316229910007141
frozen,2.5625,0.7418744811642517,1.1100755491605456,0.10280115535821065
frozen,2.6125000000000003,0.7418312302705716,1.11006271484095,0.1024336863110963
frozen,2.6625,0.7417857967993913,1.1100492336666616,0.10205993749647614
frozen,2.7125000000000004,0.7417380704479134,1.1100350730303588,0.1016799552671888
frozen,2.7625,0.7416879350515375,1.1100201986002027,0.10129378678857885
frozen,2.8125,0.7416352682772652,1.1100045742305382,0.1009014800359823
frozen,2.8625000000000003,0.7415799413010427,1.1099881618680116,0.10050308379228926
frozen,2.9125,0.7415218184682506,1.1099709214528923,0.10009864764559337
frozen,2.9625000000000004,0.7414607569365325,1.109952810815379,0.09968822198693565
frozen,3.0125,0.7413966063001076,1.1099337855666633,0.09927185800815246
frozen,3.0625,0.7413292081946831,1.1099137989845111,0.09884960769983647
frozen,3.1125000000000003,0.741258395882049,1.1098928018931258,0.09842152384942043
frozen,3.1625,0.741183993813403,1.1098707425370373,0.097987660039393
frozen,3.2125000000000004,0.7411058171704138,1.1098475664487655,0.09754807064565763
frozen,3.2625,0.7410236713830007,1.1098232163099884,0.09710281083604427
frozen,3.3125,0.7409373516227739,1.109797631805954,0.0966519365689852
frozen,3.3625000000000003,0.740846642271038,1.1097707494728544,0.09619550459236571
frozen,3.4125,0.7407513163602387,1.1097425025378853,0.09573357244256134
frozen,3.4625000000000004,0.7406511349876882,1.1097128207517102,0.09526619844367301
frozen,3.5125,0.7405458467003877,1.1096816302130388,0.09479344170697278
frozen,3.5625,0.7404351868497222,1.1096488531850366,0.0943153621305721
frozen,3.6125000000000003,0.7403188769147877,1.1096144079032746,0.09383202039932502
frozen,3.6625,0.740196623793079,1.1095782083749346,0.09334347798498045
frozen,3.7125000000000004,0.740068119057254,1.1095401641689884,0.0928497971465953
frozen,3.7625,0.7399330381766624,1.1095001801970692,0.09235104093122339
frozen,3.8125,0.7397910397023304,1.109458156484771,0.09184727317489332
frozen,3.8625000000000003,0.739641764414075,1.1094139879331133,0.09133855850388979
frozen,3.9125,0.7394848344284277,1.1093675640699279,0.09082496233635251
frozen,3.9625000000000004,0.7393198522660575,1.109318768790941,0.0903065508842078
frozen,4.0125,0.7391463998773968,1.1092674800903433,0.08978339115544745
frozen,4.0625,0.7389640376252082,1.10921356978067,0.08925555095676986
frozen,4.1125,0.7387723032228589,1.1091569032018416,0.08872309889659953
frozen,4.1625000000000005,0.7385707106271343,1.109097338919254,0.0881861043884989
frozen,4.2125,0.738358748884482,1.1090347284108515,0.08764463765498974
frozen,4.2625,0.7381358809296622,1.1089689157431617,0.08709876973179832
frozen,4.3125,0.7379015423358859,1.1088997372363358,0.08654857247254046
frozen,4.3625,0.737655140015647,1.1088270211183007,0.08599411855386241
frozen,4.4125000000000005,0.7373960508715957,1.108750587168205,0.08543548148105246
frozen,4.4625,0.7371236203969824,1.108670246349431,0.08487273559413866
frozen,4.5125,0.7368371612253981,1.1085858004325406,0.0843059560744882
frozen,4.5625,0.7365359516297763,1.108497041608636,0.08373521895192229
frozen,4.6125,0.7362192339708853,1.1084037520937353,0.08316060111236205
frozen,4.6625000000000005,0.7358862130958593,1.1083057037249129,0.08258218030601783
frozen,4.7125,0.7355360546876566,1.1082026575490966,0.08200003515613627
frozen,4.7625,0.7351678835667436,1.108094363405601,0.08141424516831665
frozen,4.8125,0.7347807819467468,1.1079805595036545,0.08082489074040847
frozen,4.862500000000001,0.7343737876463214,1.1078609719964008,0.08023205317300017
frozen,4.9125000000000005,0.7339458922600546,1.1077353145530815,0.07963581468050837
frozen,4.9625,0.7334960392918494,1.107603287931366,0.07903625840287522
frozen,5.0125,0.733023122254941,1.1074645795520763,0.07843346841787956
frozen,5.0625,0.7325259827434678,1.1073188630788566,0.07782752975406625
frozen,5.112500000000001,0.7320034084813832,1.1071657980056726,0.0772185284042953
frozen,5.1625000000000005,0.7314541313554332,1.1070050292553864,0.0766065513399102
frozen,5.2125,0.7308768254399575,1.106836186793038,0.07599168652552216
frozen,5.2625,0.7302701050224017,1.106658885257886,0.07537402293440372
frozen,5.3125,0.729632522639655,1.1064727236187013,0.07475365056448185
frozen,5.362500000000001,0.7289625671366525,1.1062772848572917,0.07413066045491638
frozen,5.4125000000000005,0.7282586617601294,1.1060721356857308,0.07350514470324591
frozen,5.4625,0.7275191623019428,1.1058568263033042,0.0728771964830777
frozen,5.5125,0.726742355308046,1.1056308901997371,0.07224691006229368
frozen,5.5625,0.7259264563709513,1.1053938440118574,0.0716143808217381
frozen,5.612500000000001,0.7250696085253934,1.1051451874414335,0.07097970527434562
frozen,5.6625000000000005,0.7241698807688702,1.10488440324256,0.07034298108466257
frozen,5.7125,0.7232252667308174,1.1046109572875724,0.06970430708870475
frozen,5.7625,0.7222336835163125,1.1043242987211082,0.06906378331408855
frozen,5.8125,0.721192970752442,1.1040238602125465,0.0684215110003605
frozen,5.862500000000001,0.7201008898677531,1.103709058317666,0.06777759261944122
frozen,5.9125000000000005,0.7189551236375217,1.1033792939609288,0.0671321318960895
frozen,5.9625,0.7177532760299165,1.1030339530503355,0.06648523382827835
frozen,6.0125,0.7164928723904483,1.1026724072372631,0.06583700470736298
frozen,6.0625,0.7151713600043524,1.102294014834095,0.06518755213790679
frozen,6.112500000000001,0.7137861090787193,1.1018981219027475,0.06453698505701554
frozen,6.1625000000000005,0.7123344141882046,1.1014840635273706,0.06388541375301411
frozen,6.2125,0.7108134962299653,1.1010511652845334,0.06323294988328343
frozen,6.2625,0.7092205049350178,1.1005987449240564,0.06257970649105643
frozen,6.3125,0.7075525219844314,1.1001261142733059,0.06192579802095252
frozen,6.362500000000001,0.7058065647795728,1.0996325813771883,0.06127134033301019
frozen,6.4125000000000005,0.7039795909159238,1.0991174528852303,0.06061645071495573
frozen,6.4625,0.7020685034097136,1.098580036695991,0.05996124789242417
frozen,6.5125,0.7000701567256465,1.0980196448675743,0.05930585203682568
frozen,6.5625,0.6979813636522559,1.0974355968011726,0.05865038477052745
frozen,6.612500000000001,0.6957989030687894,1.0968272227023461,0.057994969168997074
frozen,6.6625000000000005,0.6935195286439012,1.096193867322092,0.057339729759530444
frozen,6.7125,0.6911399785017339,1.0955348939766754,0.05668479251616242
frozen,6.7625,0.6886569858850649,1.0948496888416606,0.05603028485033708
frozen,6.8125,0.6860672908380349,1.0941376655115682,0.05537633559689089
frozen,6.862500000000001,0.6833676529224704,1.0933982698121532,0.05472307499488314
frozen,6.9125000000000005,0.6805548649719002,1.0926309848473843,0.05407063466278791
frozen,6.9625,0.6776257678760261,1.0918353362579147,0.05341914756754755
frozen,7.0125,0.674577266375626,1.0910108976621624,0.05276874798697414
frozen,7.0625,0.6714063458336803,1.0901572962451471,0.052119571464976915
frozen,7.112500000000001,0.668110089932974,1.0892742184540494,0.05147175475909073
frozen,7.1625000000000005,0.6646856992336571,1.0883614157531472,0.05082543577978143
frozen,7.2125,0.6611305105063986,1.0874187103844903,0.050180753521013054
frozen,7.2625,0.6574420167380631,1.0864460010745223,0.049537847981577364
frozen,7.3125,0.653617887687516,1.085443268621018,0.04889686007670992
frozen,7.362500000000001,0.649655990849575,1.0844105812893488,0.04825793153954978
frozen,7.4125000000000005,0.6455544126656195,1.0833480999424105,0.04762120481204242
frozen,7.4625,0.6413114798003784,1.0822560828247503,0.04698682292493842
frozen,7.5125,0.6369257802864249,1.0811348899186943,0.04635492936660417
frozen,7.5625,0.6323961843213968,1.0799849867888525,0.04572566794043621
frozen,7.612500000000001,0.6277218644884845,1.0788069478313798,0.04509918261075676
frozen,7.6625000000000005,0.622902315158835,1.0776014588460474,0.04447561733716629
frozen,7.7125,0.6179373708257211,1.076369318852601,0.043855115897437395
frozen,7.7625,0.6128272231151908,1.0751114410782152,0.043237821699153606
frozen,7.8125,0.6075724362168535,1.0738288530500966,0.042623877580424595
frozen,7.862500000000001,0.6021739604819485,1.072522695736503,0.042013425600146106
frozen,7.9125000000000005,0.5966331439441592,1.0711942216905384,0.041406606818415105
frozen,7.9625,0.5909517415320193,1.0698447921639453,0.04080356106785763
frozen,8.012500000000001,0.5851319217603035,1.0684758731725812,0.040204426716775626
frozen,8.0625,0.5791762707114345,1.067089030511041,0.039609340425166895
frozen,8.1125,0.5730877931465101,1.0656859237307075,0.039018436894816516
frozen,8.1625,0.5668699106186611,1.0642682991129617,0.038431848614796676
frozen,8.2125,0.5605264564986141,1.0628379816869786,0.03784970560383795
frozen,8.262500000000001,0.5540616678628932,1.061396866359002,0.03727213515115255
frozen,8.3125,0.5474801742382129,1.0599469082367807,0.03669926155738639
frozen,8.3625,0.5407869832404486,1.0584901122484611,0.03613120587745847
frozen,8.4125,0.5339874631920621,1.0570285221692588,0.0355680856671045
frozen,8.4625,0.5270873228469721,1.0555642091811976,0.03501001473497504
frozen,8.512500000000001,0.5200925883955314,1.0540992601007928,0.03445710290214983
frozen,8.5625,0.5130095779634071,1.0526357654164387,0.03390945577091078
frozen,8.6125,0.5058448738557659,1.0511758072812312,0.03336717450457282
frozen,8.6625,0.4986052928313423,1.0497214476078858,0.03283035562010001
frozen,8.7125,0.4912978547188518,1.0482747164102693,0.0322990907951356
frozen,8.762500000000001,0.4839297497102635,1.0468376005309277,0.03177346669095334
frozen,8.8125,0.4765083046810679,1.045412032886005,0.0312535647926902
frozen,8.8625,0.4690409488967073,1.0439998823483847,0.030739461268055216
frozen,8.9125,0.461535179466606,1.0426029443770544,0.030231226845526517
frozen,8.9625,0.45399852690287235,1.0412229324859956,0.029728926712850393
frozen,9.012500000000001,0.44643852113007476,1.0398614706297615,0.029232620436451074
frozen,9.0625,0.43886265827591137,1.0385200865658,0.028742361902145578
frozen,9.1125,0.43127836855075735,1.0372002062359607,0.02825819927734448
frozen,9.1625,0.4236929854976947,1.03590314919199,0.027780174994706842
frozen,9.2125,0.41611371686447485,1.0346301250725536,0.027308325757009422
frozen,9.262500000000001,0.408547617315893,1.0333822311228986,0.02684268256279488
frozen,9.3125,0.40100156317003677,1.0321604507329627,0.026383270752176557
frozen,9.3625,0.39348222930580196,1.0309656529558928,0.025930110072008877
frozen,9.4125,0.38599606835273154,1.0297985929567532,0.025483214759479667
frozen,9.4625,0.378549292238417,1.0286599133308414,0.025042593643046385
frozen,9.512500000000001,0.3711478561341748,1.0275501462225989,0.024608250259526555
frozen,9.5625,0.3637974448070071,1.0264697161696215,0.02418018298605916
frozen,9.6125,0.3565034613555652,1.0254189435916998,0.023758385185583562
frozen,9.662500000000001,0.3492710182803265,1.0243980488421152,0.023342845364432225
frozen,9.7125,0.3421049308137514,1.0234071567374163,0.022933547340603266
frozen,9.762500000000001,0.3350097124150456,1.0224463014824823,0.02253047042126842
frozen,9.8125,0.32798957231636605,1.0215154319096544,0.022133589588079174
frozen,9.8625,0.3210484149928702,1.0206144169538869,0.02174287568885637
frozen,9.912500000000001,0.31418984141790224,1.0197430512900414,0.021358295634287656
frozen,9.9625,0.3074171519565894,1.0189010610634202,0.020979812598306533
frozen,10.012500000000001,0.30073335074609175,1.0180881096501944,0.020607386220888556
frozen,10.0625,0.29414115140839703,1.0173038033903714,0.0202409728120708
frozen,10.1125,0.28764298394161975,1.0165476972421679,0.019880525556076827
frozen,10.162500000000001,0.2812410026380048,1.015819300312966,0.01952599471451312
frozen,10.2125,0.27493709488087914,1.0151180812283076,0.0191773278276877
frozen,10.262500000000001,0.26873289067841283,1.014443473306475,0.01883446991319038
frozen,10.3125,0.26262977279892047,1.0137948795120826,0.01849736366096238
frozen,10.3625,0.256628887380268,1.013171677167607,0.018165949624170685
frozen,10.412500000000001,0.2507311548945464,1.0125732224069506,0.017840166405289275
frozen,10.4625,0.24493728135822418,1.0119988543598315,0.01751995083687218
frozen,10.512500000000001,0.23924776968735834,1.011447899060075,0.017205238156583806
frozen,10.5625,0.23366293110689845,1.0109196730746934,0.016895962176128317
frozen,10.6125,0.22818289653250376,1.0104134868539927,0.016592055443790586
frozen,10.662500000000001,0.22280762785251695,1.0099286478058531,0.016293449400369288
frozen,10.7125,0.21753692904662267,1.009464463099807,0.016000074528343223
frozen,10.762500000000001,0.2123704570862405,1.0090202422086036,0.015711860494169394
frozen,10.8125,0.207307732569761,1.0085952991966431,0.015428736283662722
frozen,10.8625,0.20234815005326579,1.0081889547659957,0.015150630330453054
frozen,10.912500000000001,0.19749098804440282,1.007800538071751,0.014877470637557287
frozen,10.9625,0.19273541863351998,1.0074293883191676,0.014609184892140229
frozen,11.012500000000001,0.18808051674205908,1.007074856155592,0.014345700573570054
frozen,11.0625,0.18352526897353946,1.006736304870362,0.014086945054901885
frozen,11.1125,0.17906858205723136,1.0064131114159975,0.013832845697945963
frozen,11.162500000000001,0.17470929087888568,1.0061046672638807,0.013583329942097135
frozen,11.2125,0.1704461660966175,1.0058103791074071,0.013338325387117947
frozen,11.262500000000001,0.16627792134332225,1.0055296694252511,0.01309775987008077
frozen,11.3125,0.16220322001982682,1.0052619769169602,0.012861561536684498
frozen,11.3625,0.15822068168537953,1.0050067568225973,0.012629658907168034
frozen,11.412500000000001,0.15432888805412645,1.0047634811376047,0.012401980937048614
frozen,11.4625,0.15052638860789044,1.0045316387334666,0.01217845707291485
frozen,11.512500000000001,0.14681170583694322,1.0043107353941507,0.011959017303506032
frozen,11.5625,0.14318334012154335,1.0041002937776724,0.011743592206308287
frozen,11.6125,0.13963977426783594,1.0038998533115144,0.011532112989895928
frozen,11.662500000000001,0.13617947771232397,1.0037089700300004,0.011324511532243366
frozen,11.7125,0.13280091040951764,1.0035272163611193,0.01112072041522829
frozen,11.762500000000001,0.1295025264176074,1.0033541808697086,0.010920672955541775
frozen,11.8125,0.12628277719709197,1.003189467963322,0.010724303232215215
frozen,11.8625,0.12314011463723981,1.0030326975665744,0.010531546110967155
frozen,11.912500000000001,0.12007299382512153,1.0028835047692255,0.01034233726556665
frozen,11.9625,0.1170798755716939,1.0027415394527768,0.010156613196402101
frozen,12.012500000000001,0.11415922870910426,1.0026064658998914,0.009974311246437346
frozen,12.0625,0.11130953217300063,1.0024779623905145,0.009795369614729193
frozen,12.1125,0.10852927688319763,1.002355720788158,0.009619727367672493
frozen,12.162500000000001,0.10581696743558779,1.0022394461194528,0.009447324448131766
frozen,12.2125,0.10317112361768296,1.002128856149707,0.009278101682610135
frozen,12.262500000000001,0.10059028175965909,1.0020236809568974,0.009112000786599109
frozen,12.3125,0.09807299593224827,1.0019236625062253,0.008948964368245339
frozen,12.3625,0.09561783900228266,1.0018285542270933,0.008788935930462857
frozen,12.412500000000001,0.09322340355616554,1.0017381205941192,0.008631859871612734
frozen,12.4625,0.0908883027010057,1.001652136713574,0.008477681484864701
frozen,12.512500000000001,0.08861117075263002,1.0015703879164304,0.008326346956348993
frozen,12.5625,0.08639066381917586,1.0014926693590236,0.008177803362200232
frozen,12.6125,0.08422546028845733,1.0014187856321606,0.00803199866458868
frozen,12.662500000000001,0.08211426122682147,1.0013485503793653,0.00788888170682886
frozen,12.7125,0.08005579069673205,1.0012817859248158,0.0077484022076493115
frozen,12.762500000000001,0.0780487959998709,1.001218322911406,0.007610510754702242
frozen,12.8125,0.07609204785211367,1.0011579999492657,0.007475158797386627
frozen,12.8625,0.07418434049631567,1.0011006632749746,0.00734229863905325
frozen,12.912500000000001,0.07232449175845627,1.0010461664216237,0.007211883428655856
frozen,12.9625,0.0705113430523058,1.000994369899808,0.007083867151907888
frozen,13.012500000000001,0.06874375933742644,1.0009451408895684,0.006958204622000307
frozen,13.0625,0.06702062903497964,1.000898352943249,0.006834851469932142
frozen,13.1125,0.06534086390548975,1.000853885699183,0.006713764134501399
frozen,13.162500000000001,0.0637033988924165,1.0008116246060892,0.0065948998520009095
frozen,13.2125,0.062107191935100524,1.0007714606580127,0.00647821664566001
frozen,13.262500000000001,0.060551223754381205,1.0007332901396306,0.006363673314870138
frozen,13.3125,0.059034497613936185,1.000697014381706,0.006251229424229426
frozen,13.3625,0.05755603906015279,1.0006625395264588,0.006140845292438585
frozen,13.412500000000001,0.05611489564312708,1.0006297763026077,0.0060324819810780505
frozen,13.4625,0.054710136621174986,1.0005986398098214,0.005926101283293673
frozen,13.512500000000001,0.0533408526510507,1.0005690493123083,0.005821665712416245
frozen,13.5625,0.05200615546588866,1.0005409280412685,0.005719138490538046
frozen,13.6125,0.05070517754271445,1.0005142030059277,0.005618483537067414
frozen,13.662500000000001,0.04943707176122001,1.0004888048128648,0.0055196654572809084
frozen,13.7125,0.04820101105534806,1.0004646674933515,0.005422649530890601
frozen,13.762500000000001,0.046996188059099935,1.0004417283384173,0.005327401700642608
frozen,13.8125,0.04582181474785571,1.0004199277413575,0.005233888560961565
frozen,13.8625,0.04467712207637734,1.0003992090474054,0.005142077346654202
frozen,13.912500000000001,0.04356135961456208,1.000379518410294,0.005051935921684106
frozen,13.9625,0.04247379518191049,1.0003608046554309,0.004963432768028443
frozen,14.012500000000001,0.0414137144815838,1.0003430191494325,0.004876536974626331
frozen,14.0625,0.04038042073484063,1.0003261156757446,0.004791218226427699
frozen,14.1125,0.0393732343165622,1.0003100503161093,0.004707446793550241
frozen,14.162500000000001,0.03839149239250682,1.0002947813376248,0.004625193520551526
frozen,14.2125,0.03743454855886419,1.000280269085161,0.004544429815822285
frozen,14.262500000000001,0.03650177248462049,1.0002664758789037,0.004465127641106235
frozen,14.3125,0.035592549557189615,1.0002533659167963,0.0043872595011512
frozen,14.3625,0.03470628053171104,1.0002409051816692,0.004310798433495455
frozen,14.412500000000001,0.03384238118437124,1.0002290613528457,0.00423571799839291
frozen,14.4625,0.03300028197005805,1.0002178037220206,0.004161992268879932
frozen,14.512500000000001,0.0321794276846196,1.000207103113222,0.004089595820986318
frozen,14.5625,0.031379277131962736,1.0001969318066648,0.004018503724092421
frozen,14.6125,0.0305993027961903,1.0001872634663227,0.003948691531433941
frozen,14.662500000000001,0.02983899051894906,1.000178073071038,0.003880135270755657
frozen,14.7125,0.029097839182129256,1.0001693368490139,0.0038128114351148865
frozen,14.762500000000001,0.028375360396032754,1.000161032215521,0.0037466969738352215
frozen,14.8125,0.027671078193103993,1.0001531377136739,0.0036817692836108255
frozen,14.8625,0.02698452872729491,1.0001456329581269,0.0036180061997611855
frozen,14.912500000000001,0.02631525997911851,1.0001384985815538,0.0035553859876361576
frozen,14.9625,0.025662831466426082,1.0001317161837748,0.003493887334170759
frozen,15.012500000000001,0.02502681396092868,1.000125268283407,0.0034334893395890323
frozen,15.0625,0.024406789210469546,1.0001191382719128,0.0033741715092562093
frozen,15.1125,0.023802349667040052,1.0001133103699344,0.0033159137456780373
frozen,15.162500000000001,0.02321309822052217,1.0001077695857992,0.00325869634064624
frozen,15.2125,0.02263864793812862,1.0001025016760934,0.0032024999675287365
frozen,15.262500000000001,0.0220786218095034,1.0000974931082014,0.0031473056737032503
frozen,15.3125,0.021532652497437903,1.0000927310247152,0.003093094873132843
frozen,15.3625,0.021000382094148784,1.00008820320962,0.0030398493390817014
frozen,15.412500000000001,0.02048146188305969,1.0000838980561735,0.0029875511969696075
frozen,15.4625,0.019975552106021255,1.0000798045363881,0.002936182917363268
frozen,15.512500000000001,0.01948232173590008,1.0000759121720442,0.0028857273091027385
frozen,15.5625,0.01900144825446326,1.0000722110071534,0.0028361675125611256
frozen,15.6125,0.018532617435480004,1.000068691581802,0.0027874869930355896
frozen,15.662500000000001,0.0180755231329608,1.000065344907306,0.002739669534267823
frozen,15.7125,0.017629867074450026,1.0000621624426125,0.0026926992320919505
frozen,15.762500000000001,0.01719535865928677,1.0000591360718842,0.0026465604882079264
frozen,15.8125,0.016771714761746992,1.00005625808321,0.002601238004078419
frozen,15.8625,0.016358659538977628,1.0000535211483825,0.0025567167749471304
frozen,15.912500000000001,0.015955924243633644,1.0000509183036936,0.0025129820839765904
frozen,15.9625,0.015563247041127031,1.0000484429316927,0.002470019496503341
frozen,16.0125,0.015180372831396711,1.00004608874386,0.002427814854408509
frozen,16.0625,0.014807053075108472,1.0000438497641537,0.0023863542706017457
frozen,16.1125,0.01444304562419314,1.0000417203133805,0.002345624123616498
frozen,16.1625,0.01408811455663209,1.0000396949943522,0.0023056110523146066
frozen,16.212500000000002,0.013742030015399214,1.0000377686777888,0.0022663019506982416
frozen,16.2625,0.013404568051469093,1.0000359364889293,0.0022276839628271763
frozen,16.3125,0.013075510470801395,1.0000341937948145,0.0021897444778394147
frozen,16.3625,0.012754644685213245,1.000032536192209,0.002152471125073277
frozen,16.4125,0.01244176356705084,1.0000309594961316,0.0021158517692889283
frozen,16.462500000000002,0.012136665307573737,1.0000294597289576,0.0020798745059875047
frozen,16.5125,0.011839153278965743,1.0000280331100726,0.0020445276568259126
frozen,16.5625,0.011549035899887348,1.0000266760460435,0.002009799765125414
frozen,16.6125,0.011266126504486672,1.000025385121283,0.0019756795914722233
frozen,16.6625,0.010990243214785889,1.0000241570891841,0.001942156109408208
frozen,16.712500000000002,0.01072120881636259,1.000022988863697,0.0019092185012099569
frozen,16.7625,0.01045885063724626,1.0000218775113305,0.0018768561537544325
frozen,16.8125,0.010203000429951328,1.0000208202435548,0.001845058654469439
frozen,16.8625,0.009953494256570489,1.000019814409583,0.0018138157873672537
frozen,16.9125,0.009710172376852165,1.0000188574895177,0.0017831175291596565
frozen,16.962500000000002,0.00947287913918858,1.0000179470878372,0.0017529540454527563
frozen,17.0125,0.009241462874441702,1.000017080927212,0.0017233156870199585
frozen,17.0625,0.00901577579253583,1.0000162568426283,0.0016941929861514543
frozen,17.1125,0.008795673881747635,1.0000154727758068,0.0016655766530786994
frozen,17.1625,0.008581016810624944,1.0000147267699009,0.0016374575724722854
frozen,17.212500000000002,0.008371667832467969,1.0000140169644594,0.0016098268000117116
frozen,17.2625,0.008167493692307558,1.0000133415906427,0.0015826755590255574
frozen,17.3125,0.007968364536316556,1.0000126989666767,0.001555995237200574
frozen,17.3625,0.007774153823592283,1.0000120874935345,0.001529777383358304
frozen,17.4125,0.0075847382402486644,1.0000115056508345,0.0015040137042977534
frozen,17.462500000000002,0.007399997615758844,1.0000109519929425,0.0014786960617027888
frozen,17.5125,0.007219814841489952,1.000010425145269,0.0014538164691128741
frozen,17.5625,0.007044075791373127,1.000009923800751,0.0014293670889558119
frozen,17.6125,0.006872669244653658,1.0000094467165093,0.0014053402296412233
frozen,17.6625,0.006705486810666754,1.0000089927106737,0.0013817283427134408
frozen,17.712500000000002,0.006542422855586354,1.0000085606593643,0.001358524020062594
frozen,17.7625,0.0063833744310954075,1.0000081494938255,0.001335719991192655
frozen,17.8125,0.006228241204927216,1.0000077581977014,0.0013133091205452232
frozen,17.8625,0.006076925393229121,1.000007385804447,0.001291284404877914
frozen,17.9125,0.005929331694700387,1.0000070313948692,0.0012696389706961493
frozen,17.962500000000002,0.0057853672264578946,1.000006694094789,0.0012483660717372582
frozen,18.0125,0.005644941461584156,1.000006373072821,0.0012274590865057667
frozen,18.0625,0.005507966168313231,1.0000060675382623,0.001206911515858783
frozen,18.1125,0.005374355350811674,1.0000057767390873,0.001186716980640456
frozen,18.1625,0.005244025191512112,1.0000054999600418,0.0011668692193644258
frozen,18.212500000000002,0.0051168939949586874,1.0000052365208312,0.001147362085943279
frozen,18.2625,0.004992882133124382,1.0000049857743991,0.0011281895474640063
frozen,18.3125,0.004871911992161186,1.000004747105292,0.0011093456820084793
frozen,18.3625,0.004753907920545516,1.0000045199281034,0.0010908246765180258
frozen,18.4125,0.0046387961785816145,1.0000043036859974,0.0010726208247011323
frozen,18.462500000000002,0.004526504889227244,1.0000040978493023,0.0010547285249833888
frozen,18.5125,0.004416963990206546,1.0000039019141782,0.00103714227849878
frozen,18.5625,0.004310105187375922,1.0000037154013453,0.001019856687121429
frozen,18.6125,0.004205861909309936,1.00000353785488,0.0010028664515369823
frozen,18.6625,0.004104169263074648,1.0000033688410679,0.000986166369352751
frozen,18.712500000000002,0.004004963991157098,1.000003207947314,0.0009697513332458268
frozen,18.7625,0.003908184429520214,1.000003054781107,0.0009536163291483588
frozen,18.8125,0.0038137704667532534,1.0000029089690345,0.0009377564344691994
frozen,18.8625,0.0037216635042889128,1.0000027701558478,0.0009221668163511837
frozen,18.9125,0.003631806417658604,1.0000026380035711,0.0009068427299632556
frozen,18.962500000000002,0.0035441435187585245,1.0000025121906564,0.0008917795168267356
frozen,19.0125,0.0034586205190997006,1.000002392411179,0.0008769726031750049
frozen,19.0625,0.003375184494015815,1.0000022783740736,0.0008624174983458926
frozen,19.1125,0.003293783847803646,1.0000021698024073,0.0008481097932061109
frozen,19.1625,0.0032143682797711823,1.0000020664326876,0.00083404515860703
frozen,19.212500000000002,0.0031368887511695046,1.0000019680142074,0.0008202193438711635
frozen,19.262500000000003,0.003061297452984981,1.0000018743084191,0.000806628175308709
frozen,19.3125,0.0029875477745690067,1.0000017850883411,0.0007932675547635266
frozen,19.3625,0.0029155942730830537,1.000001700137993,0.000780133458187919
frozen,19.4125,0.00284539264373759,1.0000016192518595,0.0007672219342456478
frozen,19.462500000000002,0.0027768996908037,1.0000015422343786,0.0007545291029425607
frozen,19.512500000000003,0.0027100732993770795,1.0000014688994576,0.0007420511542842798
frozen,19.5625,0.002644872407874482,1.0000013990700107,0.0007297843469603801
frozen,19.6125,0.002581256981243197,1.0000013325775206,0.0007177250070544979
frozen,19.6625,0.002519187984864859,1.0000012692616207,0.0007058695267798583
frozen,19.712500000000002,0.002458627359135089,1.0000012089696981,0.0006942143632396602
frozen,19.762500000000003,0.002399537994701232,1.0000011515565177,0.0006827560372118321
frozen,19.8125,0.0023418837083408,1.0000010968838606,0.000671491131957639
frozen,19.8625,0.0022856292194636577,1.0000010448201857,0.0006604162920536477
frozen,19.9125,0.002230740127221633,1.000000995240303,0.0006495282222465837
frozen,19.962500000000002,0.002177182888209405,1.0000009480250658,0.0006388236863305848
